dimension,group_id,group_label,outcome,outcome_label,estimand,window_rule,t,is_reference,is_pre,result_status,n_obs_input,n_obs,n_cbo,sample_count_source,formula,error,coef,se,p_value,ci_low,ci_high,coefficient_status,power_status,treated_cbo,control_cbo
income_pnad,income_up_to_1sm,Até 1 salário mínimo,ln_admissoes,Admissões (log),ddd,strict_no_tail_binning,-12,False,True,estimated,12536,12536,340,pyfixest_retained_sample,ln_admissoes ~ group_tm12 + did_tm12 + ddd_tm12 + group_tm11 + did_tm11 + ddd_tm11 + group_tm10 + did_tm10 + ddd_tm10 + group_tm9 + did_tm9 + ddd_tm9 + group_tm8 + did_tm8 + ddd_tm8 + group_tm7 + did_tm7 + ddd_tm7 + group_tm6 + did_tm6 + ddd_tm6 + group_tm5 + did_tm5 + ddd_tm5 + group_tm4 + did_tm4 + ddd_tm4 + group_tm3 + did_tm3 + ddd_tm3 + group_tm2 + did_tm2 + ddd_tm2 + group_t0 + did_t0 + ddd_t0 + group_t1 + did_t1 + ddd_t1 + group_t2 + did_t2 + ddd_t2 + group_t3 + did_t3 + ddd_t3 + group_t4 + did_t4 + ddd_t4 + group_t5 + did_t5 + ddd_t5 + group_t6 + did_t6 + ddd_t6 + group_t7 + did_t7 + ddd_t7 + group_t8 + did_t8 + ddd_t8 + group_t9 + did_t9 + ddd_t9 + group_t10 + did_t10 + ddd_t10 + group_t11 + did_t11 + ddd_t11 + group_t12 + did_t12 + ddd_t12 + group_t13 + did_t13 + ddd_t13 + group_t14 + did_t14 + ddd_t14 + group_t15 + did_t15 + ddd_t15 + group_t16 + did_t16 + ddd_t16 + group_t17 + did_t17 + ddd_t17 + group_t18 + did_t18 + ddd_t18 + group_t19 + did_t19 + ddd_t19 + group_t20 + did_t20 + ddd_t20 + group_t21 + did_t21 + ddd_t21 + group_t22 + did_t22 + ddd_t22 + group_t23 + did_t23 + ddd_t23 + group_t24 + did_t24 + ddd_t24 + idade_media_adm + pct_mulher_adm + pct_superior_adm + pct_negra_adm | cbo_4d + periodo,,1.0131753823453855,0.4024673471653165,0.012282644426407252,0.22433938190136515,1.8020113827894058,estimated,thin,1,6
income_pnad,income_up_to_1sm,Até 1 salário mínimo,ln_admissoes,Admissões (log),ddd,strict_no_tail_binning,-11,False,True,estimated,12536,12536,340,pyfixest_retained_sample,ln_admissoes ~ group_tm12 + did_tm12 + ddd_tm12 + group_tm11 + did_tm11 + ddd_tm11 + group_tm10 + did_tm10 + ddd_tm10 + group_tm9 + did_tm9 + ddd_tm9 + group_tm8 + did_tm8 + ddd_tm8 + group_tm7 + did_tm7 + ddd_tm7 + group_tm6 + did_tm6 + ddd_tm6 + group_tm5 + did_tm5 + ddd_tm5 + group_tm4 + did_tm4 + ddd_tm4 + group_tm3 + did_tm3 + ddd_tm3 + group_tm2 + did_tm2 + ddd_tm2 + group_t0 + did_t0 + ddd_t0 + group_t1 + did_t1 + ddd_t1 + group_t2 + did_t2 + ddd_t2 + group_t3 + did_t3 + ddd_t3 + group_t4 + did_t4 + ddd_t4 + group_t5 + did_t5 + ddd_t5 + group_t6 + did_t6 + ddd_t6 + group_t7 + did_t7 + ddd_t7 + group_t8 + did_t8 + ddd_t8 + group_t9 + did_t9 + ddd_t9 + group_t10 + did_t10 + ddd_t10 + group_t11 + did_t11 + ddd_t11 + group_t12 + did_t12 + ddd_t12 + group_t13 + did_t13 + ddd_t13 + group_t14 + did_t14 + ddd_t14 + group_t15 + did_t15 + ddd_t15 + group_t16 + did_t16 + ddd_t16 + group_t17 + did_t17 + ddd_t17 + group_t18 + did_t18 + ddd_t18 + group_t19 + did_t19 + ddd_t19 + group_t20 + did_t20 + ddd_t20 + group_t21 + did_t21 + ddd_t21 + group_t22 + did_t22 + ddd_t22 + group_t23 + did_t23 + ddd_t23 + group_t24 + did_t24 + ddd_t24 + idade_media_adm + pct_mulher_adm + pct_superior_adm + pct_negra_adm | cbo_4d + periodo,,0.42901418915280465,0.18112188075348926,0.018413372964201535,0.0740153028759657,0.7840130754296436,estimated,thin,1,6
income_pnad,income_up_to_1sm,Até 1 salário mínimo,ln_admissoes,Admissões (log),ddd,strict_no_tail_binning,-10,False,True,estimated,12536,12536,340,pyfixest_retained_sample,ln_admissoes ~ group_tm12 + did_tm12 + ddd_tm12 + group_tm11 + did_tm11 + ddd_tm11 + group_tm10 + did_tm10 + ddd_tm10 + group_tm9 + did_tm9 + ddd_tm9 + group_tm8 + did_tm8 + ddd_tm8 + group_tm7 + did_tm7 + ddd_tm7 + group_tm6 + did_tm6 + ddd_tm6 + group_tm5 + did_tm5 + ddd_tm5 + group_tm4 + did_tm4 + ddd_tm4 + group_tm3 + did_tm3 + ddd_tm3 + group_tm2 + did_tm2 + ddd_tm2 + group_t0 + did_t0 + ddd_t0 + group_t1 + did_t1 + ddd_t1 + group_t2 + did_t2 + ddd_t2 + group_t3 + did_t3 + ddd_t3 + group_t4 + did_t4 + ddd_t4 + group_t5 + did_t5 + ddd_t5 + group_t6 + did_t6 + ddd_t6 + group_t7 + did_t7 + ddd_t7 + group_t8 + did_t8 + ddd_t8 + group_t9 + did_t9 + ddd_t9 + group_t10 + did_t10 + ddd_t10 + group_t11 + did_t11 + ddd_t11 + group_t12 + did_t12 + ddd_t12 + group_t13 + did_t13 + ddd_t13 + group_t14 + did_t14 + ddd_t14 + group_t15 + did_t15 + ddd_t15 + group_t16 + did_t16 + ddd_t16 + group_t17 + did_t17 + ddd_t17 + group_t18 + did_t18 + ddd_t18 + group_t19 + did_t19 + ddd_t19 + group_t20 + did_t20 + ddd_t20 + group_t21 + did_t21 + ddd_t21 + group_t22 + did_t22 + ddd_t22 + group_t23 + did_t23 + ddd_t23 + group_t24 + did_t24 + ddd_t24 + idade_media_adm + pct_mulher_adm + pct_superior_adm + pct_negra_adm | cbo_4d + periodo,,0.535256362121673,0.2719419785358713,0.04985105591044614,0.002250084191365298,1.0682626400519808,estimated,thin,1,6
income_pnad,income_up_to_1sm,Até 1 salário mínimo,ln_admissoes,Admissões (log),ddd,strict_no_tail_binning,-9,False,True,estimated,12536,12536,340,pyfixest_retained_sample,ln_admissoes ~ group_tm12 + did_tm12 + ddd_tm12 + group_tm11 + did_tm11 + ddd_tm11 + group_tm10 + did_tm10 + ddd_tm10 + group_tm9 + did_tm9 + ddd_tm9 + group_tm8 + did_tm8 + ddd_tm8 + group_tm7 + did_tm7 + ddd_tm7 + group_tm6 + did_tm6 + ddd_tm6 + group_tm5 + did_tm5 + ddd_tm5 + group_tm4 + did_tm4 + ddd_tm4 + group_tm3 + did_tm3 + ddd_tm3 + group_tm2 + did_tm2 + ddd_tm2 + group_t0 + did_t0 + ddd_t0 + group_t1 + did_t1 + ddd_t1 + group_t2 + did_t2 + ddd_t2 + group_t3 + did_t3 + ddd_t3 + group_t4 + did_t4 + ddd_t4 + group_t5 + did_t5 + ddd_t5 + group_t6 + did_t6 + ddd_t6 + group_t7 + did_t7 + ddd_t7 + group_t8 + did_t8 + ddd_t8 + group_t9 + did_t9 + ddd_t9 + group_t10 + did_t10 + ddd_t10 + group_t11 + did_t11 + ddd_t11 + group_t12 + did_t12 + ddd_t12 + group_t13 + did_t13 + ddd_t13 + group_t14 + did_t14 + ddd_t14 + group_t15 + did_t15 + ddd_t15 + group_t16 + did_t16 + ddd_t16 + group_t17 + did_t17 + ddd_t17 + group_t18 + did_t18 + ddd_t18 + group_t19 + did_t19 + ddd_t19 + group_t20 + did_t20 + ddd_t20 + group_t21 + did_t21 + ddd_t21 + group_t22 + did_t22 + ddd_t22 + group_t23 + did_t23 + ddd_t23 + group_t24 + did_t24 + ddd_t24 + idade_media_adm + pct_mulher_adm + pct_superior_adm + pct_negra_adm | cbo_4d + periodo,,0.4784881317231549,0.3340106337681974,0.15290691959544933,-0.17617271046251198,1.1331489739088219,estimated,thin,1,6
income_pnad,income_up_to_1sm,Até 1 salário mínimo,ln_admissoes,Admissões (log),ddd,strict_no_tail_binning,-8,False,True,estimated,12536,12536,340,pyfixest_retained_sample,ln_admissoes ~ group_tm12 + did_tm12 + ddd_tm12 + group_tm11 + did_tm11 + ddd_tm11 + group_tm10 + did_tm10 + ddd_tm10 + group_tm9 + did_tm9 + ddd_tm9 + group_tm8 + did_tm8 + ddd_tm8 + group_tm7 + did_tm7 + ddd_tm7 + group_tm6 + did_tm6 + ddd_tm6 + group_tm5 + did_tm5 + ddd_tm5 + group_tm4 + did_tm4 + ddd_tm4 + group_tm3 + did_tm3 + ddd_tm3 + group_tm2 + did_tm2 + ddd_tm2 + group_t0 + did_t0 + ddd_t0 + group_t1 + did_t1 + ddd_t1 + group_t2 + did_t2 + ddd_t2 + group_t3 + did_t3 + ddd_t3 + group_t4 + did_t4 + ddd_t4 + group_t5 + did_t5 + ddd_t5 + group_t6 + did_t6 + ddd_t6 + group_t7 + did_t7 + ddd_t7 + group_t8 + did_t8 + ddd_t8 + group_t9 + did_t9 + ddd_t9 + group_t10 + did_t10 + ddd_t10 + group_t11 + did_t11 + ddd_t11 + group_t12 + did_t12 + ddd_t12 + group_t13 + did_t13 + ddd_t13 + group_t14 + did_t14 + ddd_t14 + group_t15 + did_t15 + ddd_t15 + group_t16 + did_t16 + ddd_t16 + group_t17 + did_t17 + ddd_t17 + group_t18 + did_t18 + ddd_t18 + group_t19 + did_t19 + ddd_t19 + group_t20 + did_t20 + ddd_t20 + group_t21 + did_t21 + ddd_t21 + group_t22 + did_t22 + ddd_t22 + group_t23 + did_t23 + ddd_t23 + group_t24 + did_t24 + ddd_t24 + idade_media_adm + pct_mulher_adm + pct_superior_adm + pct_negra_adm | cbo_4d + periodo,,0.35945266640089957,0.2704798982337329,0.18476017055612282,-0.17068793413721695,0.8895932669390161,estimated,thin,1,6
income_pnad,income_up_to_1sm,Até 1 salário mínimo,ln_admissoes,Admissões (log),ddd,strict_no_tail_binning,-7,False,True,estimated,12536,12536,340,pyfixest_retained_sample,ln_admissoes ~ group_tm12 + did_tm12 + ddd_tm12 + group_tm11 + did_tm11 + ddd_tm11 + group_tm10 + did_tm10 + ddd_tm10 + group_tm9 + did_tm9 + ddd_tm9 + group_tm8 + did_tm8 + ddd_tm8 + group_tm7 + did_tm7 + ddd_tm7 + group_tm6 + did_tm6 + ddd_tm6 + group_tm5 + did_tm5 + ddd_tm5 + group_tm4 + did_tm4 + ddd_tm4 + group_tm3 + did_tm3 + ddd_tm3 + group_tm2 + did_tm2 + ddd_tm2 + group_t0 + did_t0 + ddd_t0 + group_t1 + did_t1 + ddd_t1 + group_t2 + did_t2 + ddd_t2 + group_t3 + did_t3 + ddd_t3 + group_t4 + did_t4 + ddd_t4 + group_t5 + did_t5 + ddd_t5 + group_t6 + did_t6 + ddd_t6 + group_t7 + did_t7 + ddd_t7 + group_t8 + did_t8 + ddd_t8 + group_t9 + did_t9 + ddd_t9 + group_t10 + did_t10 + ddd_t10 + group_t11 + did_t11 + ddd_t11 + group_t12 + did_t12 + ddd_t12 + group_t13 + did_t13 + ddd_t13 + group_t14 + did_t14 + ddd_t14 + group_t15 + did_t15 + ddd_t15 + group_t16 + did_t16 + ddd_t16 + group_t17 + did_t17 + ddd_t17 + group_t18 + did_t18 + ddd_t18 + group_t19 + did_t19 + ddd_t19 + group_t20 + did_t20 + ddd_t20 + group_t21 + did_t21 + ddd_t21 + group_t22 + did_t22 + ddd_t22 + group_t23 + did_t23 + ddd_t23 + group_t24 + did_t24 + ddd_t24 + idade_media_adm + pct_mulher_adm + pct_superior_adm + pct_negra_adm | cbo_4d + periodo,,-0.2729283318713691,0.28240992108874013,0.33451991836269945,-0.8264517772052997,0.2805951134625615,estimated,thin,1,6
income_pnad,income_up_to_1sm,Até 1 salário mínimo,ln_admissoes,Admissões (log),ddd,strict_no_tail_binning,-6,False,True,estimated,12536,12536,340,pyfixest_retained_sample,ln_admissoes ~ group_tm12 + did_tm12 + ddd_tm12 + group_tm11 + did_tm11 + ddd_tm11 + group_tm10 + did_tm10 + ddd_tm10 + group_tm9 + did_tm9 + ddd_tm9 + group_tm8 + did_tm8 + ddd_tm8 + group_tm7 + did_tm7 + ddd_tm7 + group_tm6 + did_tm6 + ddd_tm6 + group_tm5 + did_tm5 + ddd_tm5 + group_tm4 + did_tm4 + ddd_tm4 + group_tm3 + did_tm3 + ddd_tm3 + group_tm2 + did_tm2 + ddd_tm2 + group_t0 + did_t0 + ddd_t0 + group_t1 + did_t1 + ddd_t1 + group_t2 + did_t2 + ddd_t2 + group_t3 + did_t3 + ddd_t3 + group_t4 + did_t4 + ddd_t4 + group_t5 + did_t5 + ddd_t5 + group_t6 + did_t6 + ddd_t6 + group_t7 + did_t7 + ddd_t7 + group_t8 + did_t8 + ddd_t8 + group_t9 + did_t9 + ddd_t9 + group_t10 + did_t10 + ddd_t10 + group_t11 + did_t11 + ddd_t11 + group_t12 + did_t12 + ddd_t12 + group_t13 + did_t13 + ddd_t13 + group_t14 + did_t14 + ddd_t14 + group_t15 + did_t15 + ddd_t15 + group_t16 + did_t16 + ddd_t16 + group_t17 + did_t17 + ddd_t17 + group_t18 + did_t18 + ddd_t18 + group_t19 + did_t19 + ddd_t19 + group_t20 + did_t20 + ddd_t20 + group_t21 + did_t21 + ddd_t21 + group_t22 + did_t22 + ddd_t22 + group_t23 + did_t23 + ddd_t23 + group_t24 + did_t24 + ddd_t24 + idade_media_adm + pct_mulher_adm + pct_superior_adm + pct_negra_adm | cbo_4d + periodo,,-0.3297818563258832,0.3478678953008762,0.3438002200803405,-1.0116029311156005,0.3520392184638341,estimated,thin,1,6
income_pnad,income_up_to_1sm,Até 1 salário mínimo,ln_admissoes,Admissões (log),ddd,strict_no_tail_binning,-5,False,True,estimated,12536,12536,340,pyfixest_retained_sample,ln_admissoes ~ group_tm12 + did_tm12 + ddd_tm12 + group_tm11 + did_tm11 + ddd_tm11 + group_tm10 + did_tm10 + ddd_tm10 + group_tm9 + did_tm9 + ddd_tm9 + group_tm8 + did_tm8 + ddd_tm8 + group_tm7 + did_tm7 + ddd_tm7 + group_tm6 + did_tm6 + ddd_tm6 + group_tm5 + did_tm5 + ddd_tm5 + group_tm4 + did_tm4 + ddd_tm4 + group_tm3 + did_tm3 + ddd_tm3 + group_tm2 + did_tm2 + ddd_tm2 + group_t0 + did_t0 + ddd_t0 + group_t1 + did_t1 + ddd_t1 + group_t2 + did_t2 + ddd_t2 + group_t3 + did_t3 + ddd_t3 + group_t4 + did_t4 + ddd_t4 + group_t5 + did_t5 + ddd_t5 + group_t6 + did_t6 + ddd_t6 + group_t7 + did_t7 + ddd_t7 + group_t8 + did_t8 + ddd_t8 + group_t9 + did_t9 + ddd_t9 + group_t10 + did_t10 + ddd_t10 + group_t11 + did_t11 + ddd_t11 + group_t12 + did_t12 + ddd_t12 + group_t13 + did_t13 + ddd_t13 + group_t14 + did_t14 + ddd_t14 + group_t15 + did_t15 + ddd_t15 + group_t16 + did_t16 + ddd_t16 + group_t17 + did_t17 + ddd_t17 + group_t18 + did_t18 + ddd_t18 + group_t19 + did_t19 + ddd_t19 + group_t20 + did_t20 + ddd_t20 + group_t21 + did_t21 + ddd_t21 + group_t22 + did_t22 + ddd_t22 + group_t23 + did_t23 + ddd_t23 + group_t24 + did_t24 + ddd_t24 + idade_media_adm + pct_mulher_adm + pct_superior_adm + pct_negra_adm | cbo_4d + periodo,,-0.6641396040324449,0.36354687954881776,0.06860399353762814,-1.3766914879481278,0.04841227988323793,estimated,thin,1,6
income_pnad,income_up_to_1sm,Até 1 salário mínimo,ln_admissoes,Admissões (log),ddd,strict_no_tail_binning,-4,False,True,estimated,12536,12536,340,pyfixest_retained_sample,ln_admissoes ~ group_tm12 + did_tm12 + ddd_tm12 + group_tm11 + did_tm11 + ddd_tm11 + group_tm10 + did_tm10 + ddd_tm10 + group_tm9 + did_tm9 + ddd_tm9 + group_tm8 + did_tm8 + ddd_tm8 + group_tm7 + did_tm7 + ddd_tm7 + group_tm6 + did_tm6 + ddd_tm6 + group_tm5 + did_tm5 + ddd_tm5 + group_tm4 + did_tm4 + ddd_tm4 + group_tm3 + did_tm3 + ddd_tm3 + group_tm2 + did_tm2 + ddd_tm2 + group_t0 + did_t0 + ddd_t0 + group_t1 + did_t1 + ddd_t1 + group_t2 + did_t2 + ddd_t2 + group_t3 + did_t3 + ddd_t3 + group_t4 + did_t4 + ddd_t4 + group_t5 + did_t5 + ddd_t5 + group_t6 + did_t6 + ddd_t6 + group_t7 + did_t7 + ddd_t7 + group_t8 + did_t8 + ddd_t8 + group_t9 + did_t9 + ddd_t9 + group_t10 + did_t10 + ddd_t10 + group_t11 + did_t11 + ddd_t11 + group_t12 + did_t12 + ddd_t12 + group_t13 + did_t13 + ddd_t13 + group_t14 + did_t14 + ddd_t14 + group_t15 + did_t15 + ddd_t15 + group_t16 + did_t16 + ddd_t16 + group_t17 + did_t17 + ddd_t17 + group_t18 + did_t18 + ddd_t18 + group_t19 + did_t19 + ddd_t19 + group_t20 + did_t20 + ddd_t20 + group_t21 + did_t21 + ddd_t21 + group_t22 + did_t22 + ddd_t22 + group_t23 + did_t23 + ddd_t23 + group_t24 + did_t24 + ddd_t24 + idade_media_adm + pct_mulher_adm + pct_superior_adm + pct_negra_adm | cbo_4d + periodo,,-0.4106578313352457,0.5085377803995118,0.4199293421363528,-1.4073918809182888,0.5860762182477974,estimated,thin,1,6
income_pnad,income_up_to_1sm,Até 1 salário mínimo,ln_admissoes,Admissões (log),ddd,strict_no_tail_binning,-3,False,True,estimated,12536,12536,340,pyfixest_retained_sample,ln_admissoes ~ group_tm12 + did_tm12 + ddd_tm12 + group_tm11 + did_tm11 + ddd_tm11 + group_tm10 + did_tm10 + ddd_tm10 + group_tm9 + did_tm9 + ddd_tm9 + group_tm8 + did_tm8 + ddd_tm8 + group_tm7 + did_tm7 + ddd_tm7 + group_tm6 + did_tm6 + ddd_tm6 + group_tm5 + did_tm5 + ddd_tm5 + group_tm4 + did_tm4 + ddd_tm4 + group_tm3 + did_tm3 + ddd_tm3 + group_tm2 + did_tm2 + ddd_tm2 + group_t0 + did_t0 + ddd_t0 + group_t1 + did_t1 + ddd_t1 + group_t2 + did_t2 + ddd_t2 + group_t3 + did_t3 + ddd_t3 + group_t4 + did_t4 + ddd_t4 + group_t5 + did_t5 + ddd_t5 + group_t6 + did_t6 + ddd_t6 + group_t7 + did_t7 + ddd_t7 + group_t8 + did_t8 + ddd_t8 + group_t9 + did_t9 + ddd_t9 + group_t10 + did_t10 + ddd_t10 + group_t11 + did_t11 + ddd_t11 + group_t12 + did_t12 + ddd_t12 + group_t13 + did_t13 + ddd_t13 + group_t14 + did_t14 + ddd_t14 + group_t15 + did_t15 + ddd_t15 + group_t16 + did_t16 + ddd_t16 + group_t17 + did_t17 + ddd_t17 + group_t18 + did_t18 + ddd_t18 + group_t19 + did_t19 + ddd_t19 + group_t20 + did_t20 + ddd_t20 + group_t21 + did_t21 + ddd_t21 + group_t22 + did_t22 + ddd_t22 + group_t23 + did_t23 + ddd_t23 + group_t24 + did_t24 + ddd_t24 + idade_media_adm + pct_mulher_adm + pct_superior_adm + pct_negra_adm | cbo_4d + periodo,,-0.407751465944429,0.5515832836797995,0.4602738836165481,-1.488854701956836,0.6733517700679779,estimated,thin,1,6
income_pnad,income_up_to_1sm,Até 1 salário mínimo,ln_admissoes,Admissões (log),ddd,strict_no_tail_binning,-2,False,True,estimated,12536,12536,340,pyfixest_retained_sample,ln_admissoes ~ group_tm12 + did_tm12 + ddd_tm12 + group_tm11 + did_tm11 + ddd_tm11 + group_tm10 + did_tm10 + ddd_tm10 + group_tm9 + did_tm9 + ddd_tm9 + group_tm8 + did_tm8 + ddd_tm8 + group_tm7 + did_tm7 + ddd_tm7 + group_tm6 + did_tm6 + ddd_tm6 + group_tm5 + did_tm5 + ddd_tm5 + group_tm4 + did_tm4 + ddd_tm4 + group_tm3 + did_tm3 + ddd_tm3 + group_tm2 + did_tm2 + ddd_tm2 + group_t0 + did_t0 + ddd_t0 + group_t1 + did_t1 + ddd_t1 + group_t2 + did_t2 + ddd_t2 + group_t3 + did_t3 + ddd_t3 + group_t4 + did_t4 + ddd_t4 + group_t5 + did_t5 + ddd_t5 + group_t6 + did_t6 + ddd_t6 + group_t7 + did_t7 + ddd_t7 + group_t8 + did_t8 + ddd_t8 + group_t9 + did_t9 + ddd_t9 + group_t10 + did_t10 + ddd_t10 + group_t11 + did_t11 + ddd_t11 + group_t12 + did_t12 + ddd_t12 + group_t13 + did_t13 + ddd_t13 + group_t14 + did_t14 + ddd_t14 + group_t15 + did_t15 + ddd_t15 + group_t16 + did_t16 + ddd_t16 + group_t17 + did_t17 + ddd_t17 + group_t18 + did_t18 + ddd_t18 + group_t19 + did_t19 + ddd_t19 + group_t20 + did_t20 + ddd_t20 + group_t21 + did_t21 + ddd_t21 + group_t22 + did_t22 + ddd_t22 + group_t23 + did_t23 + ddd_t23 + group_t24 + did_t24 + ddd_t24 + idade_media_adm + pct_mulher_adm + pct_superior_adm + pct_negra_adm | cbo_4d + periodo,,-0.059240787069642385,0.398314716627068,0.8818562309757756,-0.8399376316586957,0.7214560575194109,estimated,thin,1,6
income_pnad,income_up_to_1sm,Até 1 salário mínimo,ln_admissoes,Admissões (log),ddd,strict_no_tail_binning,-1,True,False,estimated,12536,12536,340,pyfixest_retained_sample,ln_admissoes ~ group_tm12 + did_tm12 + ddd_tm12 + group_tm11 + did_tm11 + ddd_tm11 + group_tm10 + did_tm10 + ddd_tm10 + group_tm9 + did_tm9 + ddd_tm9 + group_tm8 + did_tm8 + ddd_tm8 + group_tm7 + did_tm7 + ddd_tm7 + group_tm6 + did_tm6 + ddd_tm6 + group_tm5 + did_tm5 + ddd_tm5 + group_tm4 + did_tm4 + ddd_tm4 + group_tm3 + did_tm3 + ddd_tm3 + group_tm2 + did_tm2 + ddd_tm2 + group_t0 + did_t0 + ddd_t0 + group_t1 + did_t1 + ddd_t1 + group_t2 + did_t2 + ddd_t2 + group_t3 + did_t3 + ddd_t3 + group_t4 + did_t4 + ddd_t4 + group_t5 + did_t5 + ddd_t5 + group_t6 + did_t6 + ddd_t6 + group_t7 + did_t7 + ddd_t7 + group_t8 + did_t8 + ddd_t8 + group_t9 + did_t9 + ddd_t9 + group_t10 + did_t10 + ddd_t10 + group_t11 + did_t11 + ddd_t11 + group_t12 + did_t12 + ddd_t12 + group_t13 + did_t13 + ddd_t13 + group_t14 + did_t14 + ddd_t14 + group_t15 + did_t15 + ddd_t15 + group_t16 + did_t16 + ddd_t16 + group_t17 + did_t17 + ddd_t17 + group_t18 + did_t18 + ddd_t18 + group_t19 + did_t19 + ddd_t19 + group_t20 + did_t20 + ddd_t20 + group_t21 + did_t21 + ddd_t21 + group_t22 + did_t22 + ddd_t22 + group_t23 + did_t23 + ddd_t23 + group_t24 + did_t24 + ddd_t24 + idade_media_adm + pct_mulher_adm + pct_superior_adm + pct_negra_adm | cbo_4d + periodo,,0.0,0.0,,0.0,0.0,reference,thin,1,6
income_pnad,income_up_to_1sm,Até 1 salário mínimo,ln_admissoes,Admissões (log),ddd,strict_no_tail_binning,0,False,False,estimated,12536,12536,340,pyfixest_retained_sample,ln_admissoes ~ group_tm12 + did_tm12 + ddd_tm12 + group_tm11 + did_tm11 + ddd_tm11 + group_tm10 + did_tm10 + ddd_tm10 + group_tm9 + did_tm9 + ddd_tm9 + group_tm8 + did_tm8 + ddd_tm8 + group_tm7 + did_tm7 + ddd_tm7 + group_tm6 + did_tm6 + ddd_tm6 + group_tm5 + did_tm5 + ddd_tm5 + group_tm4 + did_tm4 + ddd_tm4 + group_tm3 + did_tm3 + ddd_tm3 + group_tm2 + did_tm2 + ddd_tm2 + group_t0 + did_t0 + ddd_t0 + group_t1 + did_t1 + ddd_t1 + group_t2 + did_t2 + ddd_t2 + group_t3 + did_t3 + ddd_t3 + group_t4 + did_t4 + ddd_t4 + group_t5 + did_t5 + ddd_t5 + group_t6 + did_t6 + ddd_t6 + group_t7 + did_t7 + ddd_t7 + group_t8 + did_t8 + ddd_t8 + group_t9 + did_t9 + ddd_t9 + group_t10 + did_t10 + ddd_t10 + group_t11 + did_t11 + ddd_t11 + group_t12 + did_t12 + ddd_t12 + group_t13 + did_t13 + ddd_t13 + group_t14 + did_t14 + ddd_t14 + group_t15 + did_t15 + ddd_t15 + group_t16 + did_t16 + ddd_t16 + group_t17 + did_t17 + ddd_t17 + group_t18 + did_t18 + ddd_t18 + group_t19 + did_t19 + ddd_t19 + group_t20 + did_t20 + ddd_t20 + group_t21 + did_t21 + ddd_t21 + group_t22 + did_t22 + ddd_t22 + group_t23 + did_t23 + ddd_t23 + group_t24 + did_t24 + ddd_t24 + idade_media_adm + pct_mulher_adm + pct_superior_adm + pct_negra_adm | cbo_4d + periodo,,0.13313985445914855,0.21487882499391106,0.5359345144359433,-0.2880226425289171,0.5543023514472143,estimated,thin,1,6
income_pnad,income_up_to_1sm,Até 1 salário mínimo,ln_admissoes,Admissões (log),ddd,strict_no_tail_binning,1,False,False,estimated,12536,12536,340,pyfixest_retained_sample,ln_admissoes ~ group_tm12 + did_tm12 + ddd_tm12 + group_tm11 + did_tm11 + ddd_tm11 + group_tm10 + did_tm10 + ddd_tm10 + group_tm9 + did_tm9 + ddd_tm9 + group_tm8 + did_tm8 + ddd_tm8 + group_tm7 + did_tm7 + ddd_tm7 + group_tm6 + did_tm6 + ddd_tm6 + group_tm5 + did_tm5 + ddd_tm5 + group_tm4 + did_tm4 + ddd_tm4 + group_tm3 + did_tm3 + ddd_tm3 + group_tm2 + did_tm2 + ddd_tm2 + group_t0 + did_t0 + ddd_t0 + group_t1 + did_t1 + ddd_t1 + group_t2 + did_t2 + ddd_t2 + group_t3 + did_t3 + ddd_t3 + group_t4 + did_t4 + ddd_t4 + group_t5 + did_t5 + ddd_t5 + group_t6 + did_t6 + ddd_t6 + group_t7 + did_t7 + ddd_t7 + group_t8 + did_t8 + ddd_t8 + group_t9 + did_t9 + ddd_t9 + group_t10 + did_t10 + ddd_t10 + group_t11 + did_t11 + ddd_t11 + group_t12 + did_t12 + ddd_t12 + group_t13 + did_t13 + ddd_t13 + group_t14 + did_t14 + ddd_t14 + group_t15 + did_t15 + ddd_t15 + group_t16 + did_t16 + ddd_t16 + group_t17 + did_t17 + ddd_t17 + group_t18 + did_t18 + ddd_t18 + group_t19 + did_t19 + ddd_t19 + group_t20 + did_t20 + ddd_t20 + group_t21 + did_t21 + ddd_t21 + group_t22 + did_t22 + ddd_t22 + group_t23 + did_t23 + ddd_t23 + group_t24 + did_t24 + ddd_t24 + idade_media_adm + pct_mulher_adm + pct_superior_adm + pct_negra_adm | cbo_4d + periodo,,0.7181450548674789,0.43770862155553086,0.1017888156402682,-0.1397638433813615,1.5760539531163194,estimated,thin,1,6
income_pnad,income_up_to_1sm,Até 1 salário mínimo,ln_admissoes,Admissões (log),ddd,strict_no_tail_binning,2,False,False,estimated,12536,12536,340,pyfixest_retained_sample,ln_admissoes ~ group_tm12 + did_tm12 + ddd_tm12 + group_tm11 + did_tm11 + ddd_tm11 + group_tm10 + did_tm10 + ddd_tm10 + group_tm9 + did_tm9 + ddd_tm9 + group_tm8 + did_tm8 + ddd_tm8 + group_tm7 + did_tm7 + ddd_tm7 + group_tm6 + did_tm6 + ddd_tm6 + group_tm5 + did_tm5 + ddd_tm5 + group_tm4 + did_tm4 + ddd_tm4 + group_tm3 + did_tm3 + ddd_tm3 + group_tm2 + did_tm2 + ddd_tm2 + group_t0 + did_t0 + ddd_t0 + group_t1 + did_t1 + ddd_t1 + group_t2 + did_t2 + ddd_t2 + group_t3 + did_t3 + ddd_t3 + group_t4 + did_t4 + ddd_t4 + group_t5 + did_t5 + ddd_t5 + group_t6 + did_t6 + ddd_t6 + group_t7 + did_t7 + ddd_t7 + group_t8 + did_t8 + ddd_t8 + group_t9 + did_t9 + ddd_t9 + group_t10 + did_t10 + ddd_t10 + group_t11 + did_t11 + ddd_t11 + group_t12 + did_t12 + ddd_t12 + group_t13 + did_t13 + ddd_t13 + group_t14 + did_t14 + ddd_t14 + group_t15 + did_t15 + ddd_t15 + group_t16 + did_t16 + ddd_t16 + group_t17 + did_t17 + ddd_t17 + group_t18 + did_t18 + ddd_t18 + group_t19 + did_t19 + ddd_t19 + group_t20 + did_t20 + ddd_t20 + group_t21 + did_t21 + ddd_t21 + group_t22 + did_t22 + ddd_t22 + group_t23 + did_t23 + ddd_t23 + group_t24 + did_t24 + ddd_t24 + idade_media_adm + pct_mulher_adm + pct_superior_adm + pct_negra_adm | cbo_4d + periodo,,0.3190522595860564,0.3691913343574098,0.3880933913363833,-0.4045627557544668,1.0426672749265795,estimated,thin,1,6
income_pnad,income_up_to_1sm,Até 1 salário mínimo,ln_admissoes,Admissões (log),ddd,strict_no_tail_binning,3,False,False,estimated,12536,12536,340,pyfixest_retained_sample,ln_admissoes ~ group_tm12 + did_tm12 + ddd_tm12 + group_tm11 + did_tm11 + ddd_tm11 + group_tm10 + did_tm10 + ddd_tm10 + group_tm9 + did_tm9 + ddd_tm9 + group_tm8 + did_tm8 + ddd_tm8 + group_tm7 + did_tm7 + ddd_tm7 + group_tm6 + did_tm6 + ddd_tm6 + group_tm5 + did_tm5 + ddd_tm5 + group_tm4 + did_tm4 + ddd_tm4 + group_tm3 + did_tm3 + ddd_tm3 + group_tm2 + did_tm2 + ddd_tm2 + group_t0 + did_t0 + ddd_t0 + group_t1 + did_t1 + ddd_t1 + group_t2 + did_t2 + ddd_t2 + group_t3 + did_t3 + ddd_t3 + group_t4 + did_t4 + ddd_t4 + group_t5 + did_t5 + ddd_t5 + group_t6 + did_t6 + ddd_t6 + group_t7 + did_t7 + ddd_t7 + group_t8 + did_t8 + ddd_t8 + group_t9 + did_t9 + ddd_t9 + group_t10 + did_t10 + ddd_t10 + group_t11 + did_t11 + ddd_t11 + group_t12 + did_t12 + ddd_t12 + group_t13 + did_t13 + ddd_t13 + group_t14 + did_t14 + ddd_t14 + group_t15 + did_t15 + ddd_t15 + group_t16 + did_t16 + ddd_t16 + group_t17 + did_t17 + ddd_t17 + group_t18 + did_t18 + ddd_t18 + group_t19 + did_t19 + ddd_t19 + group_t20 + did_t20 + ddd_t20 + group_t21 + did_t21 + ddd_t21 + group_t22 + did_t22 + ddd_t22 + group_t23 + did_t23 + ddd_t23 + group_t24 + did_t24 + ddd_t24 + idade_media_adm + pct_mulher_adm + pct_superior_adm + pct_negra_adm | cbo_4d + periodo,,0.6699674678775593,0.5054925426891872,0.1859391374591528,-0.32079791579324757,1.6607328515483664,estimated,thin,1,6
income_pnad,income_up_to_1sm,Até 1 salário mínimo,ln_admissoes,Admissões (log),ddd,strict_no_tail_binning,4,False,False,estimated,12536,12536,340,pyfixest_retained_sample,ln_admissoes ~ group_tm12 + did_tm12 + ddd_tm12 + group_tm11 + did_tm11 + ddd_tm11 + group_tm10 + did_tm10 + ddd_tm10 + group_tm9 + did_tm9 + ddd_tm9 + group_tm8 + did_tm8 + ddd_tm8 + group_tm7 + did_tm7 + ddd_tm7 + group_tm6 + did_tm6 + ddd_tm6 + group_tm5 + did_tm5 + ddd_tm5 + group_tm4 + did_tm4 + ddd_tm4 + group_tm3 + did_tm3 + ddd_tm3 + group_tm2 + did_tm2 + ddd_tm2 + group_t0 + did_t0 + ddd_t0 + group_t1 + did_t1 + ddd_t1 + group_t2 + did_t2 + ddd_t2 + group_t3 + did_t3 + ddd_t3 + group_t4 + did_t4 + ddd_t4 + group_t5 + did_t5 + ddd_t5 + group_t6 + did_t6 + ddd_t6 + group_t7 + did_t7 + ddd_t7 + group_t8 + did_t8 + ddd_t8 + group_t9 + did_t9 + ddd_t9 + group_t10 + did_t10 + ddd_t10 + group_t11 + did_t11 + ddd_t11 + group_t12 + did_t12 + ddd_t12 + group_t13 + did_t13 + ddd_t13 + group_t14 + did_t14 + ddd_t14 + group_t15 + did_t15 + ddd_t15 + group_t16 + did_t16 + ddd_t16 + group_t17 + did_t17 + ddd_t17 + group_t18 + did_t18 + ddd_t18 + group_t19 + did_t19 + ddd_t19 + group_t20 + did_t20 + ddd_t20 + group_t21 + did_t21 + ddd_t21 + group_t22 + did_t22 + ddd_t22 + group_t23 + did_t23 + ddd_t23 + group_t24 + did_t24 + ddd_t24 + idade_media_adm + pct_mulher_adm + pct_superior_adm + pct_negra_adm | cbo_4d + periodo,,-0.057645159688491196,0.4315056407206972,0.8938054721660036,-0.9033962155010576,0.7881058961240753,estimated,thin,1,6
income_pnad,income_up_to_1sm,Até 1 salário mínimo,ln_admissoes,Admissões (log),ddd,strict_no_tail_binning,5,False,False,estimated,12536,12536,340,pyfixest_retained_sample,ln_admissoes ~ group_tm12 + did_tm12 + ddd_tm12 + group_tm11 + did_tm11 + ddd_tm11 + group_tm10 + did_tm10 + ddd_tm10 + group_tm9 + did_tm9 + ddd_tm9 + group_tm8 + did_tm8 + ddd_tm8 + group_tm7 + did_tm7 + ddd_tm7 + group_tm6 + did_tm6 + ddd_tm6 + group_tm5 + did_tm5 + ddd_tm5 + group_tm4 + did_tm4 + ddd_tm4 + group_tm3 + did_tm3 + ddd_tm3 + group_tm2 + did_tm2 + ddd_tm2 + group_t0 + did_t0 + ddd_t0 + group_t1 + did_t1 + ddd_t1 + group_t2 + did_t2 + ddd_t2 + group_t3 + did_t3 + ddd_t3 + group_t4 + did_t4 + ddd_t4 + group_t5 + did_t5 + ddd_t5 + group_t6 + did_t6 + ddd_t6 + group_t7 + did_t7 + ddd_t7 + group_t8 + did_t8 + ddd_t8 + group_t9 + did_t9 + ddd_t9 + group_t10 + did_t10 + ddd_t10 + group_t11 + did_t11 + ddd_t11 + group_t12 + did_t12 + ddd_t12 + group_t13 + did_t13 + ddd_t13 + group_t14 + did_t14 + ddd_t14 + group_t15 + did_t15 + ddd_t15 + group_t16 + did_t16 + ddd_t16 + group_t17 + did_t17 + ddd_t17 + group_t18 + did_t18 + ddd_t18 + group_t19 + did_t19 + ddd_t19 + group_t20 + did_t20 + ddd_t20 + group_t21 + did_t21 + ddd_t21 + group_t22 + did_t22 + ddd_t22 + group_t23 + did_t23 + ddd_t23 + group_t24 + did_t24 + ddd_t24 + idade_media_adm + pct_mulher_adm + pct_superior_adm + pct_negra_adm | cbo_4d + periodo,,-0.373964097716674,0.524489716081938,0.4763328056621696,-1.4019639412372724,0.6540357458039243,estimated,thin,1,6
income_pnad,income_up_to_1sm,Até 1 salário mínimo,ln_admissoes,Admissões (log),ddd,strict_no_tail_binning,6,False,False,estimated,12536,12536,340,pyfixest_retained_sample,ln_admissoes ~ group_tm12 + did_tm12 + ddd_tm12 + group_tm11 + did_tm11 + ddd_tm11 + group_tm10 + did_tm10 + ddd_tm10 + group_tm9 + did_tm9 + ddd_tm9 + group_tm8 + did_tm8 + ddd_tm8 + group_tm7 + did_tm7 + ddd_tm7 + group_tm6 + did_tm6 + ddd_tm6 + group_tm5 + did_tm5 + ddd_tm5 + group_tm4 + did_tm4 + ddd_tm4 + group_tm3 + did_tm3 + ddd_tm3 + group_tm2 + did_tm2 + ddd_tm2 + group_t0 + did_t0 + ddd_t0 + group_t1 + did_t1 + ddd_t1 + group_t2 + did_t2 + ddd_t2 + group_t3 + did_t3 + ddd_t3 + group_t4 + did_t4 + ddd_t4 + group_t5 + did_t5 + ddd_t5 + group_t6 + did_t6 + ddd_t6 + group_t7 + did_t7 + ddd_t7 + group_t8 + did_t8 + ddd_t8 + group_t9 + did_t9 + ddd_t9 + group_t10 + did_t10 + ddd_t10 + group_t11 + did_t11 + ddd_t11 + group_t12 + did_t12 + ddd_t12 + group_t13 + did_t13 + ddd_t13 + group_t14 + did_t14 + ddd_t14 + group_t15 + did_t15 + ddd_t15 + group_t16 + did_t16 + ddd_t16 + group_t17 + did_t17 + ddd_t17 + group_t18 + did_t18 + ddd_t18 + group_t19 + did_t19 + ddd_t19 + group_t20 + did_t20 + ddd_t20 + group_t21 + did_t21 + ddd_t21 + group_t22 + did_t22 + ddd_t22 + group_t23 + did_t23 + ddd_t23 + group_t24 + did_t24 + ddd_t24 + idade_media_adm + pct_mulher_adm + pct_superior_adm + pct_negra_adm | cbo_4d + periodo,,-0.3472456889457548,0.28894766892390417,0.23029546069955042,-0.9135831200366069,0.2190917421450973,estimated,thin,1,6
income_pnad,income_up_to_1sm,Até 1 salário mínimo,ln_admissoes,Admissões (log),ddd,strict_no_tail_binning,7,False,False,estimated,12536,12536,340,pyfixest_retained_sample,ln_admissoes ~ group_tm12 + did_tm12 + ddd_tm12 + group_tm11 + did_tm11 + ddd_tm11 + group_tm10 + did_tm10 + ddd_tm10 + group_tm9 + did_tm9 + ddd_tm9 + group_tm8 + did_tm8 + ddd_tm8 + group_tm7 + did_tm7 + ddd_tm7 + group_tm6 + did_tm6 + ddd_tm6 + group_tm5 + did_tm5 + ddd_tm5 + group_tm4 + did_tm4 + ddd_tm4 + group_tm3 + did_tm3 + ddd_tm3 + group_tm2 + did_tm2 + ddd_tm2 + group_t0 + did_t0 + ddd_t0 + group_t1 + did_t1 + ddd_t1 + group_t2 + did_t2 + ddd_t2 + group_t3 + did_t3 + ddd_t3 + group_t4 + did_t4 + ddd_t4 + group_t5 + did_t5 + ddd_t5 + group_t6 + did_t6 + ddd_t6 + group_t7 + did_t7 + ddd_t7 + group_t8 + did_t8 + ddd_t8 + group_t9 + did_t9 + ddd_t9 + group_t10 + did_t10 + ddd_t10 + group_t11 + did_t11 + ddd_t11 + group_t12 + did_t12 + ddd_t12 + group_t13 + did_t13 + ddd_t13 + group_t14 + did_t14 + ddd_t14 + group_t15 + did_t15 + ddd_t15 + group_t16 + did_t16 + ddd_t16 + group_t17 + did_t17 + ddd_t17 + group_t18 + did_t18 + ddd_t18 + group_t19 + did_t19 + ddd_t19 + group_t20 + did_t20 + ddd_t20 + group_t21 + did_t21 + ddd_t21 + group_t22 + did_t22 + ddd_t22 + group_t23 + did_t23 + ddd_t23 + group_t24 + did_t24 + ddd_t24 + idade_media_adm + pct_mulher_adm + pct_superior_adm + pct_negra_adm | cbo_4d + periodo,,-0.39100733295460444,0.31654582968097084,0.2175997970585355,-1.0114371591293074,0.22942249322009844,estimated,thin,1,6
income_pnad,income_up_to_1sm,Até 1 salário mínimo,ln_admissoes,Admissões (log),ddd,strict_no_tail_binning,8,False,False,estimated,12536,12536,340,pyfixest_retained_sample,ln_admissoes ~ group_tm12 + did_tm12 + ddd_tm12 + group_tm11 + did_tm11 + ddd_tm11 + group_tm10 + did_tm10 + ddd_tm10 + group_tm9 + did_tm9 + ddd_tm9 + group_tm8 + did_tm8 + ddd_tm8 + group_tm7 + did_tm7 + ddd_tm7 + group_tm6 + did_tm6 + ddd_tm6 + group_tm5 + did_tm5 + ddd_tm5 + group_tm4 + did_tm4 + ddd_tm4 + group_tm3 + did_tm3 + ddd_tm3 + group_tm2 + did_tm2 + ddd_tm2 + group_t0 + did_t0 + ddd_t0 + group_t1 + did_t1 + ddd_t1 + group_t2 + did_t2 + ddd_t2 + group_t3 + did_t3 + ddd_t3 + group_t4 + did_t4 + ddd_t4 + group_t5 + did_t5 + ddd_t5 + group_t6 + did_t6 + ddd_t6 + group_t7 + did_t7 + ddd_t7 + group_t8 + did_t8 + ddd_t8 + group_t9 + did_t9 + ddd_t9 + group_t10 + did_t10 + ddd_t10 + group_t11 + did_t11 + ddd_t11 + group_t12 + did_t12 + ddd_t12 + group_t13 + did_t13 + ddd_t13 + group_t14 + did_t14 + ddd_t14 + group_t15 + did_t15 + ddd_t15 + group_t16 + did_t16 + ddd_t16 + group_t17 + did_t17 + ddd_t17 + group_t18 + did_t18 + ddd_t18 + group_t19 + did_t19 + ddd_t19 + group_t20 + did_t20 + ddd_t20 + group_t21 + did_t21 + ddd_t21 + group_t22 + did_t22 + ddd_t22 + group_t23 + did_t23 + ddd_t23 + group_t24 + did_t24 + ddd_t24 + idade_media_adm + pct_mulher_adm + pct_superior_adm + pct_negra_adm | cbo_4d + periodo,,-0.1854631043798096,0.4184023556191931,0.6578568411244168,-1.005531721393428,0.6346055126338088,estimated,thin,1,6
income_pnad,income_up_to_1sm,Até 1 salário mínimo,ln_admissoes,Admissões (log),ddd,strict_no_tail_binning,9,False,False,estimated,12536,12536,340,pyfixest_retained_sample,ln_admissoes ~ group_tm12 + did_tm12 + ddd_tm12 + group_tm11 + did_tm11 + ddd_tm11 + group_tm10 + did_tm10 + ddd_tm10 + group_tm9 + did_tm9 + ddd_tm9 + group_tm8 + did_tm8 + ddd_tm8 + group_tm7 + did_tm7 + ddd_tm7 + group_tm6 + did_tm6 + ddd_tm6 + group_tm5 + did_tm5 + ddd_tm5 + group_tm4 + did_tm4 + ddd_tm4 + group_tm3 + did_tm3 + ddd_tm3 + group_tm2 + did_tm2 + ddd_tm2 + group_t0 + did_t0 + ddd_t0 + group_t1 + did_t1 + ddd_t1 + group_t2 + did_t2 + ddd_t2 + group_t3 + did_t3 + ddd_t3 + group_t4 + did_t4 + ddd_t4 + group_t5 + did_t5 + ddd_t5 + group_t6 + did_t6 + ddd_t6 + group_t7 + did_t7 + ddd_t7 + group_t8 + did_t8 + ddd_t8 + group_t9 + did_t9 + ddd_t9 + group_t10 + did_t10 + ddd_t10 + group_t11 + did_t11 + ddd_t11 + group_t12 + did_t12 + ddd_t12 + group_t13 + did_t13 + ddd_t13 + group_t14 + did_t14 + ddd_t14 + group_t15 + did_t15 + ddd_t15 + group_t16 + did_t16 + ddd_t16 + group_t17 + did_t17 + ddd_t17 + group_t18 + did_t18 + ddd_t18 + group_t19 + did_t19 + ddd_t19 + group_t20 + did_t20 + ddd_t20 + group_t21 + did_t21 + ddd_t21 + group_t22 + did_t22 + ddd_t22 + group_t23 + did_t23 + ddd_t23 + group_t24 + did_t24 + ddd_t24 + idade_media_adm + pct_mulher_adm + pct_superior_adm + pct_negra_adm | cbo_4d + periodo,,0.05134965270694736,0.5531076784157593,0.926086754627252,-1.0327413969879409,1.1354407024018354,estimated,thin,1,6
income_pnad,income_up_to_1sm,Até 1 salário mínimo,ln_admissoes,Admissões (log),ddd,strict_no_tail_binning,10,False,False,estimated,12536,12536,340,pyfixest_retained_sample,ln_admissoes ~ group_tm12 + did_tm12 + ddd_tm12 + group_tm11 + did_tm11 + ddd_tm11 + group_tm10 + did_tm10 + ddd_tm10 + group_tm9 + did_tm9 + ddd_tm9 + group_tm8 + did_tm8 + ddd_tm8 + group_tm7 + did_tm7 + ddd_tm7 + group_tm6 + did_tm6 + ddd_tm6 + group_tm5 + did_tm5 + ddd_tm5 + group_tm4 + did_tm4 + ddd_tm4 + group_tm3 + did_tm3 + ddd_tm3 + group_tm2 + did_tm2 + ddd_tm2 + group_t0 + did_t0 + ddd_t0 + group_t1 + did_t1 + ddd_t1 + group_t2 + did_t2 + ddd_t2 + group_t3 + did_t3 + ddd_t3 + group_t4 + did_t4 + ddd_t4 + group_t5 + did_t5 + ddd_t5 + group_t6 + did_t6 + ddd_t6 + group_t7 + did_t7 + ddd_t7 + group_t8 + did_t8 + ddd_t8 + group_t9 + did_t9 + ddd_t9 + group_t10 + did_t10 + ddd_t10 + group_t11 + did_t11 + ddd_t11 + group_t12 + did_t12 + ddd_t12 + group_t13 + did_t13 + ddd_t13 + group_t14 + did_t14 + ddd_t14 + group_t15 + did_t15 + ddd_t15 + group_t16 + did_t16 + ddd_t16 + group_t17 + did_t17 + ddd_t17 + group_t18 + did_t18 + ddd_t18 + group_t19 + did_t19 + ddd_t19 + group_t20 + did_t20 + ddd_t20 + group_t21 + did_t21 + ddd_t21 + group_t22 + did_t22 + ddd_t22 + group_t23 + did_t23 + ddd_t23 + group_t24 + did_t24 + ddd_t24 + idade_media_adm + pct_mulher_adm + pct_superior_adm + pct_negra_adm | cbo_4d + periodo,,0.2519070996200422,0.37440286918107873,0.501517870973041,-0.4819225239748721,0.9857367232149565,estimated,thin,1,6
income_pnad,income_up_to_1sm,Até 1 salário mínimo,ln_admissoes,Admissões (log),ddd,strict_no_tail_binning,11,False,False,estimated,12536,12536,340,pyfixest_retained_sample,ln_admissoes ~ group_tm12 + did_tm12 + ddd_tm12 + group_tm11 + did_tm11 + ddd_tm11 + group_tm10 + did_tm10 + ddd_tm10 + group_tm9 + did_tm9 + ddd_tm9 + group_tm8 + did_tm8 + ddd_tm8 + group_tm7 + did_tm7 + ddd_tm7 + group_tm6 + did_tm6 + ddd_tm6 + group_tm5 + did_tm5 + ddd_tm5 + group_tm4 + did_tm4 + ddd_tm4 + group_tm3 + did_tm3 + ddd_tm3 + group_tm2 + did_tm2 + ddd_tm2 + group_t0 + did_t0 + ddd_t0 + group_t1 + did_t1 + ddd_t1 + group_t2 + did_t2 + ddd_t2 + group_t3 + did_t3 + ddd_t3 + group_t4 + did_t4 + ddd_t4 + group_t5 + did_t5 + ddd_t5 + group_t6 + did_t6 + ddd_t6 + group_t7 + did_t7 + ddd_t7 + group_t8 + did_t8 + ddd_t8 + group_t9 + did_t9 + ddd_t9 + group_t10 + did_t10 + ddd_t10 + group_t11 + did_t11 + ddd_t11 + group_t12 + did_t12 + ddd_t12 + group_t13 + did_t13 + ddd_t13 + group_t14 + did_t14 + ddd_t14 + group_t15 + did_t15 + ddd_t15 + group_t16 + did_t16 + ddd_t16 + group_t17 + did_t17 + ddd_t17 + group_t18 + did_t18 + ddd_t18 + group_t19 + did_t19 + ddd_t19 + group_t20 + did_t20 + ddd_t20 + group_t21 + did_t21 + ddd_t21 + group_t22 + did_t22 + ddd_t22 + group_t23 + did_t23 + ddd_t23 + group_t24 + did_t24 + ddd_t24 + idade_media_adm + pct_mulher_adm + pct_superior_adm + pct_negra_adm | cbo_4d + periodo,,0.41853803722933225,0.271037619351229,0.12347129052010009,-0.11269569669907653,0.949771771157741,estimated,thin,1,6
income_pnad,income_up_to_1sm,Até 1 salário mínimo,ln_admissoes,Admissões (log),ddd,strict_no_tail_binning,12,False,False,estimated,12536,12536,340,pyfixest_retained_sample,ln_admissoes ~ group_tm12 + did_tm12 + ddd_tm12 + group_tm11 + did_tm11 + ddd_tm11 + group_tm10 + did_tm10 + ddd_tm10 + group_tm9 + did_tm9 + ddd_tm9 + group_tm8 + did_tm8 + ddd_tm8 + group_tm7 + did_tm7 + ddd_tm7 + group_tm6 + did_tm6 + ddd_tm6 + group_tm5 + did_tm5 + ddd_tm5 + group_tm4 + did_tm4 + ddd_tm4 + group_tm3 + did_tm3 + ddd_tm3 + group_tm2 + did_tm2 + ddd_tm2 + group_t0 + did_t0 + ddd_t0 + group_t1 + did_t1 + ddd_t1 + group_t2 + did_t2 + ddd_t2 + group_t3 + did_t3 + ddd_t3 + group_t4 + did_t4 + ddd_t4 + group_t5 + did_t5 + ddd_t5 + group_t6 + did_t6 + ddd_t6 + group_t7 + did_t7 + ddd_t7 + group_t8 + did_t8 + ddd_t8 + group_t9 + did_t9 + ddd_t9 + group_t10 + did_t10 + ddd_t10 + group_t11 + did_t11 + ddd_t11 + group_t12 + did_t12 + ddd_t12 + group_t13 + did_t13 + ddd_t13 + group_t14 + did_t14 + ddd_t14 + group_t15 + did_t15 + ddd_t15 + group_t16 + did_t16 + ddd_t16 + group_t17 + did_t17 + ddd_t17 + group_t18 + did_t18 + ddd_t18 + group_t19 + did_t19 + ddd_t19 + group_t20 + did_t20 + ddd_t20 + group_t21 + did_t21 + ddd_t21 + group_t22 + did_t22 + ddd_t22 + group_t23 + did_t23 + ddd_t23 + group_t24 + did_t24 + ddd_t24 + idade_media_adm + pct_mulher_adm + pct_superior_adm + pct_negra_adm | cbo_4d + periodo,,0.8916764044337108,0.4047992280130636,0.028284018268520006,0.0982699175281061,1.6850828913393154,estimated,thin,1,6
income_pnad,income_up_to_1sm,Até 1 salário mínimo,ln_admissoes,Admissões (log),ddd,strict_no_tail_binning,13,False,False,estimated,12536,12536,340,pyfixest_retained_sample,ln_admissoes ~ group_tm12 + did_tm12 + ddd_tm12 + group_tm11 + did_tm11 + ddd_tm11 + group_tm10 + did_tm10 + ddd_tm10 + group_tm9 + did_tm9 + ddd_tm9 + group_tm8 + did_tm8 + ddd_tm8 + group_tm7 + did_tm7 + ddd_tm7 + group_tm6 + did_tm6 + ddd_tm6 + group_tm5 + did_tm5 + ddd_tm5 + group_tm4 + did_tm4 + ddd_tm4 + group_tm3 + did_tm3 + ddd_tm3 + group_tm2 + did_tm2 + ddd_tm2 + group_t0 + did_t0 + ddd_t0 + group_t1 + did_t1 + ddd_t1 + group_t2 + did_t2 + ddd_t2 + group_t3 + did_t3 + ddd_t3 + group_t4 + did_t4 + ddd_t4 + group_t5 + did_t5 + ddd_t5 + group_t6 + did_t6 + ddd_t6 + group_t7 + did_t7 + ddd_t7 + group_t8 + did_t8 + ddd_t8 + group_t9 + did_t9 + ddd_t9 + group_t10 + did_t10 + ddd_t10 + group_t11 + did_t11 + ddd_t11 + group_t12 + did_t12 + ddd_t12 + group_t13 + did_t13 + ddd_t13 + group_t14 + did_t14 + ddd_t14 + group_t15 + did_t15 + ddd_t15 + group_t16 + did_t16 + ddd_t16 + group_t17 + did_t17 + ddd_t17 + group_t18 + did_t18 + ddd_t18 + group_t19 + did_t19 + ddd_t19 + group_t20 + did_t20 + ddd_t20 + group_t21 + did_t21 + ddd_t21 + group_t22 + did_t22 + ddd_t22 + group_t23 + did_t23 + ddd_t23 + group_t24 + did_t24 + ddd_t24 + idade_media_adm + pct_mulher_adm + pct_superior_adm + pct_negra_adm | cbo_4d + periodo,,0.5110081268169848,0.22107202732584239,0.021404384686535938,0.07770695325833377,0.9443093003756359,estimated,thin,1,6
income_pnad,income_up_to_1sm,Até 1 salário mínimo,ln_admissoes,Admissões (log),ddd,strict_no_tail_binning,14,False,False,estimated,12536,12536,340,pyfixest_retained_sample,ln_admissoes ~ group_tm12 + did_tm12 + ddd_tm12 + group_tm11 + did_tm11 + ddd_tm11 + group_tm10 + did_tm10 + ddd_tm10 + group_tm9 + did_tm9 + ddd_tm9 + group_tm8 + did_tm8 + ddd_tm8 + group_tm7 + did_tm7 + ddd_tm7 + group_tm6 + did_tm6 + ddd_tm6 + group_tm5 + did_tm5 + ddd_tm5 + group_tm4 + did_tm4 + ddd_tm4 + group_tm3 + did_tm3 + ddd_tm3 + group_tm2 + did_tm2 + ddd_tm2 + group_t0 + did_t0 + ddd_t0 + group_t1 + did_t1 + ddd_t1 + group_t2 + did_t2 + ddd_t2 + group_t3 + did_t3 + ddd_t3 + group_t4 + did_t4 + ddd_t4 + group_t5 + did_t5 + ddd_t5 + group_t6 + did_t6 + ddd_t6 + group_t7 + did_t7 + ddd_t7 + group_t8 + did_t8 + ddd_t8 + group_t9 + did_t9 + ddd_t9 + group_t10 + did_t10 + ddd_t10 + group_t11 + did_t11 + ddd_t11 + group_t12 + did_t12 + ddd_t12 + group_t13 + did_t13 + ddd_t13 + group_t14 + did_t14 + ddd_t14 + group_t15 + did_t15 + ddd_t15 + group_t16 + did_t16 + ddd_t16 + group_t17 + did_t17 + ddd_t17 + group_t18 + did_t18 + ddd_t18 + group_t19 + did_t19 + ddd_t19 + group_t20 + did_t20 + ddd_t20 + group_t21 + did_t21 + ddd_t21 + group_t22 + did_t22 + ddd_t22 + group_t23 + did_t23 + ddd_t23 + group_t24 + did_t24 + ddd_t24 + idade_media_adm + pct_mulher_adm + pct_superior_adm + pct_negra_adm | cbo_4d + periodo,,0.6361428848342787,0.2796105915850983,0.023523674699639896,0.08810612532748607,1.1841796443410715,estimated,thin,1,6
income_pnad,income_up_to_1sm,Até 1 salário mínimo,ln_admissoes,Admissões (log),ddd,strict_no_tail_binning,15,False,False,estimated,12536,12536,340,pyfixest_retained_sample,ln_admissoes ~ group_tm12 + did_tm12 + ddd_tm12 + group_tm11 + did_tm11 + ddd_tm11 + group_tm10 + did_tm10 + ddd_tm10 + group_tm9 + did_tm9 + ddd_tm9 + group_tm8 + did_tm8 + ddd_tm8 + group_tm7 + did_tm7 + ddd_tm7 + group_tm6 + did_tm6 + ddd_tm6 + group_tm5 + did_tm5 + ddd_tm5 + group_tm4 + did_tm4 + ddd_tm4 + group_tm3 + did_tm3 + ddd_tm3 + group_tm2 + did_tm2 + ddd_tm2 + group_t0 + did_t0 + ddd_t0 + group_t1 + did_t1 + ddd_t1 + group_t2 + did_t2 + ddd_t2 + group_t3 + did_t3 + ddd_t3 + group_t4 + did_t4 + ddd_t4 + group_t5 + did_t5 + ddd_t5 + group_t6 + did_t6 + ddd_t6 + group_t7 + did_t7 + ddd_t7 + group_t8 + did_t8 + ddd_t8 + group_t9 + did_t9 + ddd_t9 + group_t10 + did_t10 + ddd_t10 + group_t11 + did_t11 + ddd_t11 + group_t12 + did_t12 + ddd_t12 + group_t13 + did_t13 + ddd_t13 + group_t14 + did_t14 + ddd_t14 + group_t15 + did_t15 + ddd_t15 + group_t16 + did_t16 + ddd_t16 + group_t17 + did_t17 + ddd_t17 + group_t18 + did_t18 + ddd_t18 + group_t19 + did_t19 + ddd_t19 + group_t20 + did_t20 + ddd_t20 + group_t21 + did_t21 + ddd_t21 + group_t22 + did_t22 + ddd_t22 + group_t23 + did_t23 + ddd_t23 + group_t24 + did_t24 + ddd_t24 + idade_media_adm + pct_mulher_adm + pct_superior_adm + pct_negra_adm | cbo_4d + periodo,,0.4412204768505688,0.3777055525732495,0.24356315136606033,-0.29908240619300025,1.181523359894138,estimated,thin,1,6
income_pnad,income_up_to_1sm,Até 1 salário mínimo,ln_admissoes,Admissões (log),ddd,strict_no_tail_binning,16,False,False,estimated,12536,12536,340,pyfixest_retained_sample,ln_admissoes ~ group_tm12 + did_tm12 + ddd_tm12 + group_tm11 + did_tm11 + ddd_tm11 + group_tm10 + did_tm10 + ddd_tm10 + group_tm9 + did_tm9 + ddd_tm9 + group_tm8 + did_tm8 + ddd_tm8 + group_tm7 + did_tm7 + ddd_tm7 + group_tm6 + did_tm6 + ddd_tm6 + group_tm5 + did_tm5 + ddd_tm5 + group_tm4 + did_tm4 + ddd_tm4 + group_tm3 + did_tm3 + ddd_tm3 + group_tm2 + did_tm2 + ddd_tm2 + group_t0 + did_t0 + ddd_t0 + group_t1 + did_t1 + ddd_t1 + group_t2 + did_t2 + ddd_t2 + group_t3 + did_t3 + ddd_t3 + group_t4 + did_t4 + ddd_t4 + group_t5 + did_t5 + ddd_t5 + group_t6 + did_t6 + ddd_t6 + group_t7 + did_t7 + ddd_t7 + group_t8 + did_t8 + ddd_t8 + group_t9 + did_t9 + ddd_t9 + group_t10 + did_t10 + ddd_t10 + group_t11 + did_t11 + ddd_t11 + group_t12 + did_t12 + ddd_t12 + group_t13 + did_t13 + ddd_t13 + group_t14 + did_t14 + ddd_t14 + group_t15 + did_t15 + ddd_t15 + group_t16 + did_t16 + ddd_t16 + group_t17 + did_t17 + ddd_t17 + group_t18 + did_t18 + ddd_t18 + group_t19 + did_t19 + ddd_t19 + group_t20 + did_t20 + ddd_t20 + group_t21 + did_t21 + ddd_t21 + group_t22 + did_t22 + ddd_t22 + group_t23 + did_t23 + ddd_t23 + group_t24 + did_t24 + ddd_t24 + idade_media_adm + pct_mulher_adm + pct_superior_adm + pct_negra_adm | cbo_4d + periodo,,0.04389242383692431,0.44602811401693104,0.9216670362922847,-0.8303226796362606,0.9181075273101091,estimated,thin,1,6
income_pnad,income_up_to_1sm,Até 1 salário mínimo,ln_admissoes,Admissões (log),ddd,strict_no_tail_binning,17,False,False,estimated,12536,12536,340,pyfixest_retained_sample,ln_admissoes ~ group_tm12 + did_tm12 + ddd_tm12 + group_tm11 + did_tm11 + ddd_tm11 + group_tm10 + did_tm10 + ddd_tm10 + group_tm9 + did_tm9 + ddd_tm9 + group_tm8 + did_tm8 + ddd_tm8 + group_tm7 + did_tm7 + ddd_tm7 + group_tm6 + did_tm6 + ddd_tm6 + group_tm5 + did_tm5 + ddd_tm5 + group_tm4 + did_tm4 + ddd_tm4 + group_tm3 + did_tm3 + ddd_tm3 + group_tm2 + did_tm2 + ddd_tm2 + group_t0 + did_t0 + ddd_t0 + group_t1 + did_t1 + ddd_t1 + group_t2 + did_t2 + ddd_t2 + group_t3 + did_t3 + ddd_t3 + group_t4 + did_t4 + ddd_t4 + group_t5 + did_t5 + ddd_t5 + group_t6 + did_t6 + ddd_t6 + group_t7 + did_t7 + ddd_t7 + group_t8 + did_t8 + ddd_t8 + group_t9 + did_t9 + ddd_t9 + group_t10 + did_t10 + ddd_t10 + group_t11 + did_t11 + ddd_t11 + group_t12 + did_t12 + ddd_t12 + group_t13 + did_t13 + ddd_t13 + group_t14 + did_t14 + ddd_t14 + group_t15 + did_t15 + ddd_t15 + group_t16 + did_t16 + ddd_t16 + group_t17 + did_t17 + ddd_t17 + group_t18 + did_t18 + ddd_t18 + group_t19 + did_t19 + ddd_t19 + group_t20 + did_t20 + ddd_t20 + group_t21 + did_t21 + ddd_t21 + group_t22 + did_t22 + ddd_t22 + group_t23 + did_t23 + ddd_t23 + group_t24 + did_t24 + ddd_t24 + idade_media_adm + pct_mulher_adm + pct_superior_adm + pct_negra_adm | cbo_4d + periodo,,-0.2713996063068972,0.5144274674729299,0.5981387436646464,-1.2796774425538398,0.7368782299400455,estimated,thin,1,6
income_pnad,income_up_to_1sm,Até 1 salário mínimo,ln_admissoes,Admissões (log),ddd,strict_no_tail_binning,18,False,False,estimated,12536,12536,340,pyfixest_retained_sample,ln_admissoes ~ group_tm12 + did_tm12 + ddd_tm12 + group_tm11 + did_tm11 + ddd_tm11 + group_tm10 + did_tm10 + ddd_tm10 + group_tm9 + did_tm9 + ddd_tm9 + group_tm8 + did_tm8 + ddd_tm8 + group_tm7 + did_tm7 + ddd_tm7 + group_tm6 + did_tm6 + ddd_tm6 + group_tm5 + did_tm5 + ddd_tm5 + group_tm4 + did_tm4 + ddd_tm4 + group_tm3 + did_tm3 + ddd_tm3 + group_tm2 + did_tm2 + ddd_tm2 + group_t0 + did_t0 + ddd_t0 + group_t1 + did_t1 + ddd_t1 + group_t2 + did_t2 + ddd_t2 + group_t3 + did_t3 + ddd_t3 + group_t4 + did_t4 + ddd_t4 + group_t5 + did_t5 + ddd_t5 + group_t6 + did_t6 + ddd_t6 + group_t7 + did_t7 + ddd_t7 + group_t8 + did_t8 + ddd_t8 + group_t9 + did_t9 + ddd_t9 + group_t10 + did_t10 + ddd_t10 + group_t11 + did_t11 + ddd_t11 + group_t12 + did_t12 + ddd_t12 + group_t13 + did_t13 + ddd_t13 + group_t14 + did_t14 + ddd_t14 + group_t15 + did_t15 + ddd_t15 + group_t16 + did_t16 + ddd_t16 + group_t17 + did_t17 + ddd_t17 + group_t18 + did_t18 + ddd_t18 + group_t19 + did_t19 + ddd_t19 + group_t20 + did_t20 + ddd_t20 + group_t21 + did_t21 + ddd_t21 + group_t22 + did_t22 + ddd_t22 + group_t23 + did_t23 + ddd_t23 + group_t24 + did_t24 + ddd_t24 + idade_media_adm + pct_mulher_adm + pct_superior_adm + pct_negra_adm | cbo_4d + periodo,,-0.2790076880012904,0.26672447337298205,0.2962822716481506,-0.8017876558123352,0.24377227980975447,estimated,thin,1,6
income_pnad,income_up_to_1sm,Até 1 salário mínimo,ln_admissoes,Admissões (log),ddd,strict_no_tail_binning,19,False,False,estimated,12536,12536,340,pyfixest_retained_sample,ln_admissoes ~ group_tm12 + did_tm12 + ddd_tm12 + group_tm11 + did_tm11 + ddd_tm11 + group_tm10 + did_tm10 + ddd_tm10 + group_tm9 + did_tm9 + ddd_tm9 + group_tm8 + did_tm8 + ddd_tm8 + group_tm7 + did_tm7 + ddd_tm7 + group_tm6 + did_tm6 + ddd_tm6 + group_tm5 + did_tm5 + ddd_tm5 + group_tm4 + did_tm4 + ddd_tm4 + group_tm3 + did_tm3 + ddd_tm3 + group_tm2 + did_tm2 + ddd_tm2 + group_t0 + did_t0 + ddd_t0 + group_t1 + did_t1 + ddd_t1 + group_t2 + did_t2 + ddd_t2 + group_t3 + did_t3 + ddd_t3 + group_t4 + did_t4 + ddd_t4 + group_t5 + did_t5 + ddd_t5 + group_t6 + did_t6 + ddd_t6 + group_t7 + did_t7 + ddd_t7 + group_t8 + did_t8 + ddd_t8 + group_t9 + did_t9 + ddd_t9 + group_t10 + did_t10 + ddd_t10 + group_t11 + did_t11 + ddd_t11 + group_t12 + did_t12 + ddd_t12 + group_t13 + did_t13 + ddd_t13 + group_t14 + did_t14 + ddd_t14 + group_t15 + did_t15 + ddd_t15 + group_t16 + did_t16 + ddd_t16 + group_t17 + did_t17 + ddd_t17 + group_t18 + did_t18 + ddd_t18 + group_t19 + did_t19 + ddd_t19 + group_t20 + did_t20 + ddd_t20 + group_t21 + did_t21 + ddd_t21 + group_t22 + did_t22 + ddd_t22 + group_t23 + did_t23 + ddd_t23 + group_t24 + did_t24 + ddd_t24 + idade_media_adm + pct_mulher_adm + pct_superior_adm + pct_negra_adm | cbo_4d + periodo,,-0.22950475391980332,0.24234515759371575,0.3443051495501832,-0.7045012628034861,0.2454917549638795,estimated,thin,1,6
income_pnad,income_up_to_1sm,Até 1 salário mínimo,ln_admissoes,Admissões (log),ddd,strict_no_tail_binning,20,False,False,estimated,12536,12536,340,pyfixest_retained_sample,ln_admissoes ~ group_tm12 + did_tm12 + ddd_tm12 + group_tm11 + did_tm11 + ddd_tm11 + group_tm10 + did_tm10 + ddd_tm10 + group_tm9 + did_tm9 + ddd_tm9 + group_tm8 + did_tm8 + ddd_tm8 + group_tm7 + did_tm7 + ddd_tm7 + group_tm6 + did_tm6 + ddd_tm6 + group_tm5 + did_tm5 + ddd_tm5 + group_tm4 + did_tm4 + ddd_tm4 + group_tm3 + did_tm3 + ddd_tm3 + group_tm2 + did_tm2 + ddd_tm2 + group_t0 + did_t0 + ddd_t0 + group_t1 + did_t1 + ddd_t1 + group_t2 + did_t2 + ddd_t2 + group_t3 + did_t3 + ddd_t3 + group_t4 + did_t4 + ddd_t4 + group_t5 + did_t5 + ddd_t5 + group_t6 + did_t6 + ddd_t6 + group_t7 + did_t7 + ddd_t7 + group_t8 + did_t8 + ddd_t8 + group_t9 + did_t9 + ddd_t9 + group_t10 + did_t10 + ddd_t10 + group_t11 + did_t11 + ddd_t11 + group_t12 + did_t12 + ddd_t12 + group_t13 + did_t13 + ddd_t13 + group_t14 + did_t14 + ddd_t14 + group_t15 + did_t15 + ddd_t15 + group_t16 + did_t16 + ddd_t16 + group_t17 + did_t17 + ddd_t17 + group_t18 + did_t18 + ddd_t18 + group_t19 + did_t19 + ddd_t19 + group_t20 + did_t20 + ddd_t20 + group_t21 + did_t21 + ddd_t21 + group_t22 + did_t22 + ddd_t22 + group_t23 + did_t23 + ddd_t23 + group_t24 + did_t24 + ddd_t24 + idade_media_adm + pct_mulher_adm + pct_superior_adm + pct_negra_adm | cbo_4d + periodo,,-0.12332462079103637,0.36682795877125257,0.7369340896534764,-0.8423074199826913,0.5956581784006186,estimated,thin,1,6
income_pnad,income_up_to_1sm,Até 1 salário mínimo,ln_admissoes,Admissões (log),ddd,strict_no_tail_binning,21,False,False,estimated,12536,12536,340,pyfixest_retained_sample,ln_admissoes ~ group_tm12 + did_tm12 + ddd_tm12 + group_tm11 + did_tm11 + ddd_tm11 + group_tm10 + did_tm10 + ddd_tm10 + group_tm9 + did_tm9 + ddd_tm9 + group_tm8 + did_tm8 + ddd_tm8 + group_tm7 + did_tm7 + ddd_tm7 + group_tm6 + did_tm6 + ddd_tm6 + group_tm5 + did_tm5 + ddd_tm5 + group_tm4 + did_tm4 + ddd_tm4 + group_tm3 + did_tm3 + ddd_tm3 + group_tm2 + did_tm2 + ddd_tm2 + group_t0 + did_t0 + ddd_t0 + group_t1 + did_t1 + ddd_t1 + group_t2 + did_t2 + ddd_t2 + group_t3 + did_t3 + ddd_t3 + group_t4 + did_t4 + ddd_t4 + group_t5 + did_t5 + ddd_t5 + group_t6 + did_t6 + ddd_t6 + group_t7 + did_t7 + ddd_t7 + group_t8 + did_t8 + ddd_t8 + group_t9 + did_t9 + ddd_t9 + group_t10 + did_t10 + ddd_t10 + group_t11 + did_t11 + ddd_t11 + group_t12 + did_t12 + ddd_t12 + group_t13 + did_t13 + ddd_t13 + group_t14 + did_t14 + ddd_t14 + group_t15 + did_t15 + ddd_t15 + group_t16 + did_t16 + ddd_t16 + group_t17 + did_t17 + ddd_t17 + group_t18 + did_t18 + ddd_t18 + group_t19 + did_t19 + ddd_t19 + group_t20 + did_t20 + ddd_t20 + group_t21 + did_t21 + ddd_t21 + group_t22 + did_t22 + ddd_t22 + group_t23 + did_t23 + ddd_t23 + group_t24 + did_t24 + ddd_t24 + idade_media_adm + pct_mulher_adm + pct_superior_adm + pct_negra_adm | cbo_4d + periodo,,-0.05489844268491315,0.3754451205068944,0.8838328264734931,-0.7907708788784261,0.6809739935085998,estimated,thin,1,6
income_pnad,income_up_to_1sm,Até 1 salário mínimo,ln_admissoes,Admissões (log),ddd,strict_no_tail_binning,22,False,False,estimated,12536,12536,340,pyfixest_retained_sample,ln_admissoes ~ group_tm12 + did_tm12 + ddd_tm12 + group_tm11 + did_tm11 + ddd_tm11 + group_tm10 + did_tm10 + ddd_tm10 + group_tm9 + did_tm9 + ddd_tm9 + group_tm8 + did_tm8 + ddd_tm8 + group_tm7 + did_tm7 + ddd_tm7 + group_tm6 + did_tm6 + ddd_tm6 + group_tm5 + did_tm5 + ddd_tm5 + group_tm4 + did_tm4 + ddd_tm4 + group_tm3 + did_tm3 + ddd_tm3 + group_tm2 + did_tm2 + ddd_tm2 + group_t0 + did_t0 + ddd_t0 + group_t1 + did_t1 + ddd_t1 + group_t2 + did_t2 + ddd_t2 + group_t3 + did_t3 + ddd_t3 + group_t4 + did_t4 + ddd_t4 + group_t5 + did_t5 + ddd_t5 + group_t6 + did_t6 + ddd_t6 + group_t7 + did_t7 + ddd_t7 + group_t8 + did_t8 + ddd_t8 + group_t9 + did_t9 + ddd_t9 + group_t10 + did_t10 + ddd_t10 + group_t11 + did_t11 + ddd_t11 + group_t12 + did_t12 + ddd_t12 + group_t13 + did_t13 + ddd_t13 + group_t14 + did_t14 + ddd_t14 + group_t15 + did_t15 + ddd_t15 + group_t16 + did_t16 + ddd_t16 + group_t17 + did_t17 + ddd_t17 + group_t18 + did_t18 + ddd_t18 + group_t19 + did_t19 + ddd_t19 + group_t20 + did_t20 + ddd_t20 + group_t21 + did_t21 + ddd_t21 + group_t22 + did_t22 + ddd_t22 + group_t23 + did_t23 + ddd_t23 + group_t24 + did_t24 + ddd_t24 + idade_media_adm + pct_mulher_adm + pct_superior_adm + pct_negra_adm | cbo_4d + periodo,,-0.2104141322099151,0.31683369938473743,0.5070679038373145,-0.8314081830040004,0.4105799185841702,estimated,thin,1,6
income_pnad,income_up_to_1sm,Até 1 salário mínimo,ln_admissoes,Admissões (log),ddd,strict_no_tail_binning,23,False,False,estimated,12536,12536,340,pyfixest_retained_sample,ln_admissoes ~ group_tm12 + did_tm12 + ddd_tm12 + group_tm11 + did_tm11 + ddd_tm11 + group_tm10 + did_tm10 + ddd_tm10 + group_tm9 + did_tm9 + ddd_tm9 + group_tm8 + did_tm8 + ddd_tm8 + group_tm7 + did_tm7 + ddd_tm7 + group_tm6 + did_tm6 + ddd_tm6 + group_tm5 + did_tm5 + ddd_tm5 + group_tm4 + did_tm4 + ddd_tm4 + group_tm3 + did_tm3 + ddd_tm3 + group_tm2 + did_tm2 + ddd_tm2 + group_t0 + did_t0 + ddd_t0 + group_t1 + did_t1 + ddd_t1 + group_t2 + did_t2 + ddd_t2 + group_t3 + did_t3 + ddd_t3 + group_t4 + did_t4 + ddd_t4 + group_t5 + did_t5 + ddd_t5 + group_t6 + did_t6 + ddd_t6 + group_t7 + did_t7 + ddd_t7 + group_t8 + did_t8 + ddd_t8 + group_t9 + did_t9 + ddd_t9 + group_t10 + did_t10 + ddd_t10 + group_t11 + did_t11 + ddd_t11 + group_t12 + did_t12 + ddd_t12 + group_t13 + did_t13 + ddd_t13 + group_t14 + did_t14 + ddd_t14 + group_t15 + did_t15 + ddd_t15 + group_t16 + did_t16 + ddd_t16 + group_t17 + did_t17 + ddd_t17 + group_t18 + did_t18 + ddd_t18 + group_t19 + did_t19 + ddd_t19 + group_t20 + did_t20 + ddd_t20 + group_t21 + did_t21 + ddd_t21 + group_t22 + did_t22 + ddd_t22 + group_t23 + did_t23 + ddd_t23 + group_t24 + did_t24 + ddd_t24 + idade_media_adm + pct_mulher_adm + pct_superior_adm + pct_negra_adm | cbo_4d + periodo,,0.3257331673955812,0.22829437465513047,0.15455442814684606,-0.12172380692847451,0.773190141719637,estimated,thin,1,6
income_pnad,income_up_to_1sm,Até 1 salário mínimo,ln_admissoes,Admissões (log),ddd,strict_no_tail_binning,24,False,False,estimated,12536,12536,340,pyfixest_retained_sample,ln_admissoes ~ group_tm12 + did_tm12 + ddd_tm12 + group_tm11 + did_tm11 + ddd_tm11 + group_tm10 + did_tm10 + ddd_tm10 + group_tm9 + did_tm9 + ddd_tm9 + group_tm8 + did_tm8 + ddd_tm8 + group_tm7 + did_tm7 + ddd_tm7 + group_tm6 + did_tm6 + ddd_tm6 + group_tm5 + did_tm5 + ddd_tm5 + group_tm4 + did_tm4 + ddd_tm4 + group_tm3 + did_tm3 + ddd_tm3 + group_tm2 + did_tm2 + ddd_tm2 + group_t0 + did_t0 + ddd_t0 + group_t1 + did_t1 + ddd_t1 + group_t2 + did_t2 + ddd_t2 + group_t3 + did_t3 + ddd_t3 + group_t4 + did_t4 + ddd_t4 + group_t5 + did_t5 + ddd_t5 + group_t6 + did_t6 + ddd_t6 + group_t7 + did_t7 + ddd_t7 + group_t8 + did_t8 + ddd_t8 + group_t9 + did_t9 + ddd_t9 + group_t10 + did_t10 + ddd_t10 + group_t11 + did_t11 + ddd_t11 + group_t12 + did_t12 + ddd_t12 + group_t13 + did_t13 + ddd_t13 + group_t14 + did_t14 + ddd_t14 + group_t15 + did_t15 + ddd_t15 + group_t16 + did_t16 + ddd_t16 + group_t17 + did_t17 + ddd_t17 + group_t18 + did_t18 + ddd_t18 + group_t19 + did_t19 + ddd_t19 + group_t20 + did_t20 + ddd_t20 + group_t21 + did_t21 + ddd_t21 + group_t22 + did_t22 + ddd_t22 + group_t23 + did_t23 + ddd_t23 + group_t24 + did_t24 + ddd_t24 + idade_media_adm + pct_mulher_adm + pct_superior_adm + pct_negra_adm | cbo_4d + periodo,,0.3523708205886734,0.23151752034510648,0.12894004379494217,-0.10140351928773528,0.8061451604650821,estimated,thin,1,6
income_pnad,income_up_to_1sm,Até 1 salário mínimo,ln_salario_real_adm,Salário real de admissão (log),ddd,strict_no_tail_binning,-12,False,True,estimated,12536,12536,340,pyfixest_retained_sample,ln_salario_real_adm ~ group_tm12 + did_tm12 + ddd_tm12 + group_tm11 + did_tm11 + ddd_tm11 + group_tm10 + did_tm10 + ddd_tm10 + group_tm9 + did_tm9 + ddd_tm9 + group_tm8 + did_tm8 + ddd_tm8 + group_tm7 + did_tm7 + ddd_tm7 + group_tm6 + did_tm6 + ddd_tm6 + group_tm5 + did_tm5 + ddd_tm5 + group_tm4 + did_tm4 + ddd_tm4 + group_tm3 + did_tm3 + ddd_tm3 + group_tm2 + did_tm2 + ddd_tm2 + group_t0 + did_t0 + ddd_t0 + group_t1 + did_t1 + ddd_t1 + group_t2 + did_t2 + ddd_t2 + group_t3 + did_t3 + ddd_t3 + group_t4 + did_t4 + ddd_t4 + group_t5 + did_t5 + ddd_t5 + group_t6 + did_t6 + ddd_t6 + group_t7 + did_t7 + ddd_t7 + group_t8 + did_t8 + ddd_t8 + group_t9 + did_t9 + ddd_t9 + group_t10 + did_t10 + ddd_t10 + group_t11 + did_t11 + ddd_t11 + group_t12 + did_t12 + ddd_t12 + group_t13 + did_t13 + ddd_t13 + group_t14 + did_t14 + ddd_t14 + group_t15 + did_t15 + ddd_t15 + group_t16 + did_t16 + ddd_t16 + group_t17 + did_t17 + ddd_t17 + group_t18 + did_t18 + ddd_t18 + group_t19 + did_t19 + ddd_t19 + group_t20 + did_t20 + ddd_t20 + group_t21 + did_t21 + ddd_t21 + group_t22 + did_t22 + ddd_t22 + group_t23 + did_t23 + ddd_t23 + group_t24 + did_t24 + ddd_t24 + idade_media_adm + pct_mulher_adm + pct_superior_adm + pct_negra_adm | cbo_4d + periodo,,-0.10780573190530768,0.08955794405320504,0.22952455529344462,-0.2833393022495896,0.0677278384389742,estimated,thin,1,6
income_pnad,income_up_to_1sm,Até 1 salário mínimo,ln_salario_real_adm,Salário real de admissão (log),ddd,strict_no_tail_binning,-11,False,True,estimated,12536,12536,340,pyfixest_retained_sample,ln_salario_real_adm ~ group_tm12 + did_tm12 + ddd_tm12 + group_tm11 + did_tm11 + ddd_tm11 + group_tm10 + did_tm10 + ddd_tm10 + group_tm9 + did_tm9 + ddd_tm9 + group_tm8 + did_tm8 + ddd_tm8 + group_tm7 + did_tm7 + ddd_tm7 + group_tm6 + did_tm6 + ddd_tm6 + group_tm5 + did_tm5 + ddd_tm5 + group_tm4 + did_tm4 + ddd_tm4 + group_tm3 + did_tm3 + ddd_tm3 + group_tm2 + did_tm2 + ddd_tm2 + group_t0 + did_t0 + ddd_t0 + group_t1 + did_t1 + ddd_t1 + group_t2 + did_t2 + ddd_t2 + group_t3 + did_t3 + ddd_t3 + group_t4 + did_t4 + ddd_t4 + group_t5 + did_t5 + ddd_t5 + group_t6 + did_t6 + ddd_t6 + group_t7 + did_t7 + ddd_t7 + group_t8 + did_t8 + ddd_t8 + group_t9 + did_t9 + ddd_t9 + group_t10 + did_t10 + ddd_t10 + group_t11 + did_t11 + ddd_t11 + group_t12 + did_t12 + ddd_t12 + group_t13 + did_t13 + ddd_t13 + group_t14 + did_t14 + ddd_t14 + group_t15 + did_t15 + ddd_t15 + group_t16 + did_t16 + ddd_t16 + group_t17 + did_t17 + ddd_t17 + group_t18 + did_t18 + ddd_t18 + group_t19 + did_t19 + ddd_t19 + group_t20 + did_t20 + ddd_t20 + group_t21 + did_t21 + ddd_t21 + group_t22 + did_t22 + ddd_t22 + group_t23 + did_t23 + ddd_t23 + group_t24 + did_t24 + ddd_t24 + idade_media_adm + pct_mulher_adm + pct_superior_adm + pct_negra_adm | cbo_4d + periodo,,-0.163730401640143,0.12115169979306757,0.17745262779698523,-0.4011877332345554,0.07372692995426944,estimated,thin,1,6
income_pnad,income_up_to_1sm,Até 1 salário mínimo,ln_salario_real_adm,Salário real de admissão (log),ddd,strict_no_tail_binning,-10,False,True,estimated,12536,12536,340,pyfixest_retained_sample,ln_salario_real_adm ~ group_tm12 + did_tm12 + ddd_tm12 + group_tm11 + did_tm11 + ddd_tm11 + group_tm10 + did_tm10 + ddd_tm10 + group_tm9 + did_tm9 + ddd_tm9 + group_tm8 + did_tm8 + ddd_tm8 + group_tm7 + did_tm7 + ddd_tm7 + group_tm6 + did_tm6 + ddd_tm6 + group_tm5 + did_tm5 + ddd_tm5 + group_tm4 + did_tm4 + ddd_tm4 + group_tm3 + did_tm3 + ddd_tm3 + group_tm2 + did_tm2 + ddd_tm2 + group_t0 + did_t0 + ddd_t0 + group_t1 + did_t1 + ddd_t1 + group_t2 + did_t2 + ddd_t2 + group_t3 + did_t3 + ddd_t3 + group_t4 + did_t4 + ddd_t4 + group_t5 + did_t5 + ddd_t5 + group_t6 + did_t6 + ddd_t6 + group_t7 + did_t7 + ddd_t7 + group_t8 + did_t8 + ddd_t8 + group_t9 + did_t9 + ddd_t9 + group_t10 + did_t10 + ddd_t10 + group_t11 + did_t11 + ddd_t11 + group_t12 + did_t12 + ddd_t12 + group_t13 + did_t13 + ddd_t13 + group_t14 + did_t14 + ddd_t14 + group_t15 + did_t15 + ddd_t15 + group_t16 + did_t16 + ddd_t16 + group_t17 + did_t17 + ddd_t17 + group_t18 + did_t18 + ddd_t18 + group_t19 + did_t19 + ddd_t19 + group_t20 + did_t20 + ddd_t20 + group_t21 + did_t21 + ddd_t21 + group_t22 + did_t22 + ddd_t22 + group_t23 + did_t23 + ddd_t23 + group_t24 + did_t24 + ddd_t24 + idade_media_adm + pct_mulher_adm + pct_superior_adm + pct_negra_adm | cbo_4d + periodo,,-0.13159097201452385,0.1570294003760678,0.4026199486415849,-0.4393685967516167,0.176186652722569,estimated,thin,1,6
income_pnad,income_up_to_1sm,Até 1 salário mínimo,ln_salario_real_adm,Salário real de admissão (log),ddd,strict_no_tail_binning,-9,False,True,estimated,12536,12536,340,pyfixest_retained_sample,ln_salario_real_adm ~ group_tm12 + did_tm12 + ddd_tm12 + group_tm11 + did_tm11 + ddd_tm11 + group_tm10 + did_tm10 + ddd_tm10 + group_tm9 + did_tm9 + ddd_tm9 + group_tm8 + did_tm8 + ddd_tm8 + group_tm7 + did_tm7 + ddd_tm7 + group_tm6 + did_tm6 + ddd_tm6 + group_tm5 + did_tm5 + ddd_tm5 + group_tm4 + did_tm4 + ddd_tm4 + group_tm3 + did_tm3 + ddd_tm3 + group_tm2 + did_tm2 + ddd_tm2 + group_t0 + did_t0 + ddd_t0 + group_t1 + did_t1 + ddd_t1 + group_t2 + did_t2 + ddd_t2 + group_t3 + did_t3 + ddd_t3 + group_t4 + did_t4 + ddd_t4 + group_t5 + did_t5 + ddd_t5 + group_t6 + did_t6 + ddd_t6 + group_t7 + did_t7 + ddd_t7 + group_t8 + did_t8 + ddd_t8 + group_t9 + did_t9 + ddd_t9 + group_t10 + did_t10 + ddd_t10 + group_t11 + did_t11 + ddd_t11 + group_t12 + did_t12 + ddd_t12 + group_t13 + did_t13 + ddd_t13 + group_t14 + did_t14 + ddd_t14 + group_t15 + did_t15 + ddd_t15 + group_t16 + did_t16 + ddd_t16 + group_t17 + did_t17 + ddd_t17 + group_t18 + did_t18 + ddd_t18 + group_t19 + did_t19 + ddd_t19 + group_t20 + did_t20 + ddd_t20 + group_t21 + did_t21 + ddd_t21 + group_t22 + did_t22 + ddd_t22 + group_t23 + did_t23 + ddd_t23 + group_t24 + did_t24 + ddd_t24 + idade_media_adm + pct_mulher_adm + pct_superior_adm + pct_negra_adm | cbo_4d + periodo,,0.04889148745168153,0.09810104126858898,0.6185402040368086,-0.14338655343475287,0.24116952833811595,estimated,thin,1,6
income_pnad,income_up_to_1sm,Até 1 salário mínimo,ln_salario_real_adm,Salário real de admissão (log),ddd,strict_no_tail_binning,-8,False,True,estimated,12536,12536,340,pyfixest_retained_sample,ln_salario_real_adm ~ group_tm12 + did_tm12 + ddd_tm12 + group_tm11 + did_tm11 + ddd_tm11 + group_tm10 + did_tm10 + ddd_tm10 + group_tm9 + did_tm9 + ddd_tm9 + group_tm8 + did_tm8 + ddd_tm8 + group_tm7 + did_tm7 + ddd_tm7 + group_tm6 + did_tm6 + ddd_tm6 + group_tm5 + did_tm5 + ddd_tm5 + group_tm4 + did_tm4 + ddd_tm4 + group_tm3 + did_tm3 + ddd_tm3 + group_tm2 + did_tm2 + ddd_tm2 + group_t0 + did_t0 + ddd_t0 + group_t1 + did_t1 + ddd_t1 + group_t2 + did_t2 + ddd_t2 + group_t3 + did_t3 + ddd_t3 + group_t4 + did_t4 + ddd_t4 + group_t5 + did_t5 + ddd_t5 + group_t6 + did_t6 + ddd_t6 + group_t7 + did_t7 + ddd_t7 + group_t8 + did_t8 + ddd_t8 + group_t9 + did_t9 + ddd_t9 + group_t10 + did_t10 + ddd_t10 + group_t11 + did_t11 + ddd_t11 + group_t12 + did_t12 + ddd_t12 + group_t13 + did_t13 + ddd_t13 + group_t14 + did_t14 + ddd_t14 + group_t15 + did_t15 + ddd_t15 + group_t16 + did_t16 + ddd_t16 + group_t17 + did_t17 + ddd_t17 + group_t18 + did_t18 + ddd_t18 + group_t19 + did_t19 + ddd_t19 + group_t20 + did_t20 + ddd_t20 + group_t21 + did_t21 + ddd_t21 + group_t22 + did_t22 + ddd_t22 + group_t23 + did_t23 + ddd_t23 + group_t24 + did_t24 + ddd_t24 + idade_media_adm + pct_mulher_adm + pct_superior_adm + pct_negra_adm | cbo_4d + periodo,,0.0018724141274511744,0.121677248703046,0.9877313967183596,-0.23661499333051897,0.24035982158542132,estimated,thin,1,6
income_pnad,income_up_to_1sm,Até 1 salário mínimo,ln_salario_real_adm,Salário real de admissão (log),ddd,strict_no_tail_binning,-7,False,True,estimated,12536,12536,340,pyfixest_retained_sample,ln_salario_real_adm ~ group_tm12 + did_tm12 + ddd_tm12 + group_tm11 + did_tm11 + ddd_tm11 + group_tm10 + did_tm10 + ddd_tm10 + group_tm9 + did_tm9 + ddd_tm9 + group_tm8 + did_tm8 + ddd_tm8 + group_tm7 + did_tm7 + ddd_tm7 + group_tm6 + did_tm6 + ddd_tm6 + group_tm5 + did_tm5 + ddd_tm5 + group_tm4 + did_tm4 + ddd_tm4 + group_tm3 + did_tm3 + ddd_tm3 + group_tm2 + did_tm2 + ddd_tm2 + group_t0 + did_t0 + ddd_t0 + group_t1 + did_t1 + ddd_t1 + group_t2 + did_t2 + ddd_t2 + group_t3 + did_t3 + ddd_t3 + group_t4 + did_t4 + ddd_t4 + group_t5 + did_t5 + ddd_t5 + group_t6 + did_t6 + ddd_t6 + group_t7 + did_t7 + ddd_t7 + group_t8 + did_t8 + ddd_t8 + group_t9 + did_t9 + ddd_t9 + group_t10 + did_t10 + ddd_t10 + group_t11 + did_t11 + ddd_t11 + group_t12 + did_t12 + ddd_t12 + group_t13 + did_t13 + ddd_t13 + group_t14 + did_t14 + ddd_t14 + group_t15 + did_t15 + ddd_t15 + group_t16 + did_t16 + ddd_t16 + group_t17 + did_t17 + ddd_t17 + group_t18 + did_t18 + ddd_t18 + group_t19 + did_t19 + ddd_t19 + group_t20 + did_t20 + ddd_t20 + group_t21 + did_t21 + ddd_t21 + group_t22 + did_t22 + ddd_t22 + group_t23 + did_t23 + ddd_t23 + group_t24 + did_t24 + ddd_t24 + idade_media_adm + pct_mulher_adm + pct_superior_adm + pct_negra_adm | cbo_4d + periodo,,0.1338223264645548,0.09537927246446114,0.1615157797301816,-0.05312104756578903,0.3207657004948986,estimated,thin,1,6
income_pnad,income_up_to_1sm,Até 1 salário mínimo,ln_salario_real_adm,Salário real de admissão (log),ddd,strict_no_tail_binning,-6,False,True,estimated,12536,12536,340,pyfixest_retained_sample,ln_salario_real_adm ~ group_tm12 + did_tm12 + ddd_tm12 + group_tm11 + did_tm11 + ddd_tm11 + group_tm10 + did_tm10 + ddd_tm10 + group_tm9 + did_tm9 + ddd_tm9 + group_tm8 + did_tm8 + ddd_tm8 + group_tm7 + did_tm7 + ddd_tm7 + group_tm6 + did_tm6 + ddd_tm6 + group_tm5 + did_tm5 + ddd_tm5 + group_tm4 + did_tm4 + ddd_tm4 + group_tm3 + did_tm3 + ddd_tm3 + group_tm2 + did_tm2 + ddd_tm2 + group_t0 + did_t0 + ddd_t0 + group_t1 + did_t1 + ddd_t1 + group_t2 + did_t2 + ddd_t2 + group_t3 + did_t3 + ddd_t3 + group_t4 + did_t4 + ddd_t4 + group_t5 + did_t5 + ddd_t5 + group_t6 + did_t6 + ddd_t6 + group_t7 + did_t7 + ddd_t7 + group_t8 + did_t8 + ddd_t8 + group_t9 + did_t9 + ddd_t9 + group_t10 + did_t10 + ddd_t10 + group_t11 + did_t11 + ddd_t11 + group_t12 + did_t12 + ddd_t12 + group_t13 + did_t13 + ddd_t13 + group_t14 + did_t14 + ddd_t14 + group_t15 + did_t15 + ddd_t15 + group_t16 + did_t16 + ddd_t16 + group_t17 + did_t17 + ddd_t17 + group_t18 + did_t18 + ddd_t18 + group_t19 + did_t19 + ddd_t19 + group_t20 + did_t20 + ddd_t20 + group_t21 + did_t21 + ddd_t21 + group_t22 + did_t22 + ddd_t22 + group_t23 + did_t23 + ddd_t23 + group_t24 + did_t24 + ddd_t24 + idade_media_adm + pct_mulher_adm + pct_superior_adm + pct_negra_adm | cbo_4d + periodo,,0.1364721082231864,0.08967611322367602,0.12898302322671373,-0.03929307369521862,0.3122372901415914,estimated,thin,1,6
income_pnad,income_up_to_1sm,Até 1 salário mínimo,ln_salario_real_adm,Salário real de admissão (log),ddd,strict_no_tail_binning,-5,False,True,estimated,12536,12536,340,pyfixest_retained_sample,ln_salario_real_adm ~ group_tm12 + did_tm12 + ddd_tm12 + group_tm11 + did_tm11 + ddd_tm11 + group_tm10 + did_tm10 + ddd_tm10 + group_tm9 + did_tm9 + ddd_tm9 + group_tm8 + did_tm8 + ddd_tm8 + group_tm7 + did_tm7 + ddd_tm7 + group_tm6 + did_tm6 + ddd_tm6 + group_tm5 + did_tm5 + ddd_tm5 + group_tm4 + did_tm4 + ddd_tm4 + group_tm3 + did_tm3 + ddd_tm3 + group_tm2 + did_tm2 + ddd_tm2 + group_t0 + did_t0 + ddd_t0 + group_t1 + did_t1 + ddd_t1 + group_t2 + did_t2 + ddd_t2 + group_t3 + did_t3 + ddd_t3 + group_t4 + did_t4 + ddd_t4 + group_t5 + did_t5 + ddd_t5 + group_t6 + did_t6 + ddd_t6 + group_t7 + did_t7 + ddd_t7 + group_t8 + did_t8 + ddd_t8 + group_t9 + did_t9 + ddd_t9 + group_t10 + did_t10 + ddd_t10 + group_t11 + did_t11 + ddd_t11 + group_t12 + did_t12 + ddd_t12 + group_t13 + did_t13 + ddd_t13 + group_t14 + did_t14 + ddd_t14 + group_t15 + did_t15 + ddd_t15 + group_t16 + did_t16 + ddd_t16 + group_t17 + did_t17 + ddd_t17 + group_t18 + did_t18 + ddd_t18 + group_t19 + did_t19 + ddd_t19 + group_t20 + did_t20 + ddd_t20 + group_t21 + did_t21 + ddd_t21 + group_t22 + did_t22 + ddd_t22 + group_t23 + did_t23 + ddd_t23 + group_t24 + did_t24 + ddd_t24 + idade_media_adm + pct_mulher_adm + pct_superior_adm + pct_negra_adm | cbo_4d + periodo,,-0.2023978142031747,0.2197976453530255,0.35779032988434256,-0.6332011990951047,0.22840557068875528,estimated,thin,1,6
income_pnad,income_up_to_1sm,Até 1 salário mínimo,ln_salario_real_adm,Salário real de admissão (log),ddd,strict_no_tail_binning,-4,False,True,estimated,12536,12536,340,pyfixest_retained_sample,ln_salario_real_adm ~ group_tm12 + did_tm12 + ddd_tm12 + group_tm11 + did_tm11 + ddd_tm11 + group_tm10 + did_tm10 + ddd_tm10 + group_tm9 + did_tm9 + ddd_tm9 + group_tm8 + did_tm8 + ddd_tm8 + group_tm7 + did_tm7 + ddd_tm7 + group_tm6 + did_tm6 + ddd_tm6 + group_tm5 + did_tm5 + ddd_tm5 + group_tm4 + did_tm4 + ddd_tm4 + group_tm3 + did_tm3 + ddd_tm3 + group_tm2 + did_tm2 + ddd_tm2 + group_t0 + did_t0 + ddd_t0 + group_t1 + did_t1 + ddd_t1 + group_t2 + did_t2 + ddd_t2 + group_t3 + did_t3 + ddd_t3 + group_t4 + did_t4 + ddd_t4 + group_t5 + did_t5 + ddd_t5 + group_t6 + did_t6 + ddd_t6 + group_t7 + did_t7 + ddd_t7 + group_t8 + did_t8 + ddd_t8 + group_t9 + did_t9 + ddd_t9 + group_t10 + did_t10 + ddd_t10 + group_t11 + did_t11 + ddd_t11 + group_t12 + did_t12 + ddd_t12 + group_t13 + did_t13 + ddd_t13 + group_t14 + did_t14 + ddd_t14 + group_t15 + did_t15 + ddd_t15 + group_t16 + did_t16 + ddd_t16 + group_t17 + did_t17 + ddd_t17 + group_t18 + did_t18 + ddd_t18 + group_t19 + did_t19 + ddd_t19 + group_t20 + did_t20 + ddd_t20 + group_t21 + did_t21 + ddd_t21 + group_t22 + did_t22 + ddd_t22 + group_t23 + did_t23 + ddd_t23 + group_t24 + did_t24 + ddd_t24 + idade_media_adm + pct_mulher_adm + pct_superior_adm + pct_negra_adm | cbo_4d + periodo,,0.05988568370805401,0.06331794618824074,0.3449277041324883,-0.06421749082089784,0.18398885823700586,estimated,thin,1,6
income_pnad,income_up_to_1sm,Até 1 salário mínimo,ln_salario_real_adm,Salário real de admissão (log),ddd,strict_no_tail_binning,-3,False,True,estimated,12536,12536,340,pyfixest_retained_sample,ln_salario_real_adm ~ group_tm12 + did_tm12 + ddd_tm12 + group_tm11 + did_tm11 + ddd_tm11 + group_tm10 + did_tm10 + ddd_tm10 + group_tm9 + did_tm9 + ddd_tm9 + group_tm8 + did_tm8 + ddd_tm8 + group_tm7 + did_tm7 + ddd_tm7 + group_tm6 + did_tm6 + ddd_tm6 + group_tm5 + did_tm5 + ddd_tm5 + group_tm4 + did_tm4 + ddd_tm4 + group_tm3 + did_tm3 + ddd_tm3 + group_tm2 + did_tm2 + ddd_tm2 + group_t0 + did_t0 + ddd_t0 + group_t1 + did_t1 + ddd_t1 + group_t2 + did_t2 + ddd_t2 + group_t3 + did_t3 + ddd_t3 + group_t4 + did_t4 + ddd_t4 + group_t5 + did_t5 + ddd_t5 + group_t6 + did_t6 + ddd_t6 + group_t7 + did_t7 + ddd_t7 + group_t8 + did_t8 + ddd_t8 + group_t9 + did_t9 + ddd_t9 + group_t10 + did_t10 + ddd_t10 + group_t11 + did_t11 + ddd_t11 + group_t12 + did_t12 + ddd_t12 + group_t13 + did_t13 + ddd_t13 + group_t14 + did_t14 + ddd_t14 + group_t15 + did_t15 + ddd_t15 + group_t16 + did_t16 + ddd_t16 + group_t17 + did_t17 + ddd_t17 + group_t18 + did_t18 + ddd_t18 + group_t19 + did_t19 + ddd_t19 + group_t20 + did_t20 + ddd_t20 + group_t21 + did_t21 + ddd_t21 + group_t22 + did_t22 + ddd_t22 + group_t23 + did_t23 + ddd_t23 + group_t24 + did_t24 + ddd_t24 + idade_media_adm + pct_mulher_adm + pct_superior_adm + pct_negra_adm | cbo_4d + periodo,,0.010905983882434273,0.1728742424494477,0.9497350213219027,-0.3279275313184833,0.3497394990833518,estimated,thin,1,6
income_pnad,income_up_to_1sm,Até 1 salário mínimo,ln_salario_real_adm,Salário real de admissão (log),ddd,strict_no_tail_binning,-2,False,True,estimated,12536,12536,340,pyfixest_retained_sample,ln_salario_real_adm ~ group_tm12 + did_tm12 + ddd_tm12 + group_tm11 + did_tm11 + ddd_tm11 + group_tm10 + did_tm10 + ddd_tm10 + group_tm9 + did_tm9 + ddd_tm9 + group_tm8 + did_tm8 + ddd_tm8 + group_tm7 + did_tm7 + ddd_tm7 + group_tm6 + did_tm6 + ddd_tm6 + group_tm5 + did_tm5 + ddd_tm5 + group_tm4 + did_tm4 + ddd_tm4 + group_tm3 + did_tm3 + ddd_tm3 + group_tm2 + did_tm2 + ddd_tm2 + group_t0 + did_t0 + ddd_t0 + group_t1 + did_t1 + ddd_t1 + group_t2 + did_t2 + ddd_t2 + group_t3 + did_t3 + ddd_t3 + group_t4 + did_t4 + ddd_t4 + group_t5 + did_t5 + ddd_t5 + group_t6 + did_t6 + ddd_t6 + group_t7 + did_t7 + ddd_t7 + group_t8 + did_t8 + ddd_t8 + group_t9 + did_t9 + ddd_t9 + group_t10 + did_t10 + ddd_t10 + group_t11 + did_t11 + ddd_t11 + group_t12 + did_t12 + ddd_t12 + group_t13 + did_t13 + ddd_t13 + group_t14 + did_t14 + ddd_t14 + group_t15 + did_t15 + ddd_t15 + group_t16 + did_t16 + ddd_t16 + group_t17 + did_t17 + ddd_t17 + group_t18 + did_t18 + ddd_t18 + group_t19 + did_t19 + ddd_t19 + group_t20 + did_t20 + ddd_t20 + group_t21 + did_t21 + ddd_t21 + group_t22 + did_t22 + ddd_t22 + group_t23 + did_t23 + ddd_t23 + group_t24 + did_t24 + ddd_t24 + idade_media_adm + pct_mulher_adm + pct_superior_adm + pct_negra_adm | cbo_4d + periodo,,0.087049377198383,0.07926174270592456,0.2728738242408113,-0.06830363850522915,0.24240239290199517,estimated,thin,1,6
income_pnad,income_up_to_1sm,Até 1 salário mínimo,ln_salario_real_adm,Salário real de admissão (log),ddd,strict_no_tail_binning,-1,True,False,estimated,12536,12536,340,pyfixest_retained_sample,ln_salario_real_adm ~ group_tm12 + did_tm12 + ddd_tm12 + group_tm11 + did_tm11 + ddd_tm11 + group_tm10 + did_tm10 + ddd_tm10 + group_tm9 + did_tm9 + ddd_tm9 + group_tm8 + did_tm8 + ddd_tm8 + group_tm7 + did_tm7 + ddd_tm7 + group_tm6 + did_tm6 + ddd_tm6 + group_tm5 + did_tm5 + ddd_tm5 + group_tm4 + did_tm4 + ddd_tm4 + group_tm3 + did_tm3 + ddd_tm3 + group_tm2 + did_tm2 + ddd_tm2 + group_t0 + did_t0 + ddd_t0 + group_t1 + did_t1 + ddd_t1 + group_t2 + did_t2 + ddd_t2 + group_t3 + did_t3 + ddd_t3 + group_t4 + did_t4 + ddd_t4 + group_t5 + did_t5 + ddd_t5 + group_t6 + did_t6 + ddd_t6 + group_t7 + did_t7 + ddd_t7 + group_t8 + did_t8 + ddd_t8 + group_t9 + did_t9 + ddd_t9 + group_t10 + did_t10 + ddd_t10 + group_t11 + did_t11 + ddd_t11 + group_t12 + did_t12 + ddd_t12 + group_t13 + did_t13 + ddd_t13 + group_t14 + did_t14 + ddd_t14 + group_t15 + did_t15 + ddd_t15 + group_t16 + did_t16 + ddd_t16 + group_t17 + did_t17 + ddd_t17 + group_t18 + did_t18 + ddd_t18 + group_t19 + did_t19 + ddd_t19 + group_t20 + did_t20 + ddd_t20 + group_t21 + did_t21 + ddd_t21 + group_t22 + did_t22 + ddd_t22 + group_t23 + did_t23 + ddd_t23 + group_t24 + did_t24 + ddd_t24 + idade_media_adm + pct_mulher_adm + pct_superior_adm + pct_negra_adm | cbo_4d + periodo,,0.0,0.0,,0.0,0.0,reference,thin,1,6
income_pnad,income_up_to_1sm,Até 1 salário mínimo,ln_salario_real_adm,Salário real de admissão (log),ddd,strict_no_tail_binning,0,False,False,estimated,12536,12536,340,pyfixest_retained_sample,ln_salario_real_adm ~ group_tm12 + did_tm12 + ddd_tm12 + group_tm11 + did_tm11 + ddd_tm11 + group_tm10 + did_tm10 + ddd_tm10 + group_tm9 + did_tm9 + ddd_tm9 + group_tm8 + did_tm8 + ddd_tm8 + group_tm7 + did_tm7 + ddd_tm7 + group_tm6 + did_tm6 + ddd_tm6 + group_tm5 + did_tm5 + ddd_tm5 + group_tm4 + did_tm4 + ddd_tm4 + group_tm3 + did_tm3 + ddd_tm3 + group_tm2 + did_tm2 + ddd_tm2 + group_t0 + did_t0 + ddd_t0 + group_t1 + did_t1 + ddd_t1 + group_t2 + did_t2 + ddd_t2 + group_t3 + did_t3 + ddd_t3 + group_t4 + did_t4 + ddd_t4 + group_t5 + did_t5 + ddd_t5 + group_t6 + did_t6 + ddd_t6 + group_t7 + did_t7 + ddd_t7 + group_t8 + did_t8 + ddd_t8 + group_t9 + did_t9 + ddd_t9 + group_t10 + did_t10 + ddd_t10 + group_t11 + did_t11 + ddd_t11 + group_t12 + did_t12 + ddd_t12 + group_t13 + did_t13 + ddd_t13 + group_t14 + did_t14 + ddd_t14 + group_t15 + did_t15 + ddd_t15 + group_t16 + did_t16 + ddd_t16 + group_t17 + did_t17 + ddd_t17 + group_t18 + did_t18 + ddd_t18 + group_t19 + did_t19 + ddd_t19 + group_t20 + did_t20 + ddd_t20 + group_t21 + did_t21 + ddd_t21 + group_t22 + did_t22 + ddd_t22 + group_t23 + did_t23 + ddd_t23 + group_t24 + did_t24 + ddd_t24 + idade_media_adm + pct_mulher_adm + pct_superior_adm + pct_negra_adm | cbo_4d + periodo,,-0.02995533772063287,0.10673852301475437,0.7791560106675619,-0.23916284282955141,0.1792521673882857,estimated,thin,1,6
income_pnad,income_up_to_1sm,Até 1 salário mínimo,ln_salario_real_adm,Salário real de admissão (log),ddd,strict_no_tail_binning,1,False,False,estimated,12536,12536,340,pyfixest_retained_sample,ln_salario_real_adm ~ group_tm12 + did_tm12 + ddd_tm12 + group_tm11 + did_tm11 + ddd_tm11 + group_tm10 + did_tm10 + ddd_tm10 + group_tm9 + did_tm9 + ddd_tm9 + group_tm8 + did_tm8 + ddd_tm8 + group_tm7 + did_tm7 + ddd_tm7 + group_tm6 + did_tm6 + ddd_tm6 + group_tm5 + did_tm5 + ddd_tm5 + group_tm4 + did_tm4 + ddd_tm4 + group_tm3 + did_tm3 + ddd_tm3 + group_tm2 + did_tm2 + ddd_tm2 + group_t0 + did_t0 + ddd_t0 + group_t1 + did_t1 + ddd_t1 + group_t2 + did_t2 + ddd_t2 + group_t3 + did_t3 + ddd_t3 + group_t4 + did_t4 + ddd_t4 + group_t5 + did_t5 + ddd_t5 + group_t6 + did_t6 + ddd_t6 + group_t7 + did_t7 + ddd_t7 + group_t8 + did_t8 + ddd_t8 + group_t9 + did_t9 + ddd_t9 + group_t10 + did_t10 + ddd_t10 + group_t11 + did_t11 + ddd_t11 + group_t12 + did_t12 + ddd_t12 + group_t13 + did_t13 + ddd_t13 + group_t14 + did_t14 + ddd_t14 + group_t15 + did_t15 + ddd_t15 + group_t16 + did_t16 + ddd_t16 + group_t17 + did_t17 + ddd_t17 + group_t18 + did_t18 + ddd_t18 + group_t19 + did_t19 + ddd_t19 + group_t20 + did_t20 + ddd_t20 + group_t21 + did_t21 + ddd_t21 + group_t22 + did_t22 + ddd_t22 + group_t23 + did_t23 + ddd_t23 + group_t24 + did_t24 + ddd_t24 + idade_media_adm + pct_mulher_adm + pct_superior_adm + pct_negra_adm | cbo_4d + periodo,,-0.10369845513601575,0.12825211196765557,0.4193401487188533,-0.35507259459262064,0.14767568432058917,estimated,thin,1,6
income_pnad,income_up_to_1sm,Até 1 salário mínimo,ln_salario_real_adm,Salário real de admissão (log),ddd,strict_no_tail_binning,2,False,False,estimated,12536,12536,340,pyfixest_retained_sample,ln_salario_real_adm ~ group_tm12 + did_tm12 + ddd_tm12 + group_tm11 + did_tm11 + ddd_tm11 + group_tm10 + did_tm10 + ddd_tm10 + group_tm9 + did_tm9 + ddd_tm9 + group_tm8 + did_tm8 + ddd_tm8 + group_tm7 + did_tm7 + ddd_tm7 + group_tm6 + did_tm6 + ddd_tm6 + group_tm5 + did_tm5 + ddd_tm5 + group_tm4 + did_tm4 + ddd_tm4 + group_tm3 + did_tm3 + ddd_tm3 + group_tm2 + did_tm2 + ddd_tm2 + group_t0 + did_t0 + ddd_t0 + group_t1 + did_t1 + ddd_t1 + group_t2 + did_t2 + ddd_t2 + group_t3 + did_t3 + ddd_t3 + group_t4 + did_t4 + ddd_t4 + group_t5 + did_t5 + ddd_t5 + group_t6 + did_t6 + ddd_t6 + group_t7 + did_t7 + ddd_t7 + group_t8 + did_t8 + ddd_t8 + group_t9 + did_t9 + ddd_t9 + group_t10 + did_t10 + ddd_t10 + group_t11 + did_t11 + ddd_t11 + group_t12 + did_t12 + ddd_t12 + group_t13 + did_t13 + ddd_t13 + group_t14 + did_t14 + ddd_t14 + group_t15 + did_t15 + ddd_t15 + group_t16 + did_t16 + ddd_t16 + group_t17 + did_t17 + ddd_t17 + group_t18 + did_t18 + ddd_t18 + group_t19 + did_t19 + ddd_t19 + group_t20 + did_t20 + ddd_t20 + group_t21 + did_t21 + ddd_t21 + group_t22 + did_t22 + ddd_t22 + group_t23 + did_t23 + ddd_t23 + group_t24 + did_t24 + ddd_t24 + idade_media_adm + pct_mulher_adm + pct_superior_adm + pct_negra_adm | cbo_4d + periodo,,-0.2186046763862996,0.29628094778461506,0.46112878578515737,-0.799315334044145,0.36210598127154586,estimated,thin,1,6
income_pnad,income_up_to_1sm,Até 1 salário mínimo,ln_salario_real_adm,Salário real de admissão (log),ddd,strict_no_tail_binning,3,False,False,estimated,12536,12536,340,pyfixest_retained_sample,ln_salario_real_adm ~ group_tm12 + did_tm12 + ddd_tm12 + group_tm11 + did_tm11 + ddd_tm11 + group_tm10 + did_tm10 + ddd_tm10 + group_tm9 + did_tm9 + ddd_tm9 + group_tm8 + did_tm8 + ddd_tm8 + group_tm7 + did_tm7 + ddd_tm7 + group_tm6 + did_tm6 + ddd_tm6 + group_tm5 + did_tm5 + ddd_tm5 + group_tm4 + did_tm4 + ddd_tm4 + group_tm3 + did_tm3 + ddd_tm3 + group_tm2 + did_tm2 + ddd_tm2 + group_t0 + did_t0 + ddd_t0 + group_t1 + did_t1 + ddd_t1 + group_t2 + did_t2 + ddd_t2 + group_t3 + did_t3 + ddd_t3 + group_t4 + did_t4 + ddd_t4 + group_t5 + did_t5 + ddd_t5 + group_t6 + did_t6 + ddd_t6 + group_t7 + did_t7 + ddd_t7 + group_t8 + did_t8 + ddd_t8 + group_t9 + did_t9 + ddd_t9 + group_t10 + did_t10 + ddd_t10 + group_t11 + did_t11 + ddd_t11 + group_t12 + did_t12 + ddd_t12 + group_t13 + did_t13 + ddd_t13 + group_t14 + did_t14 + ddd_t14 + group_t15 + did_t15 + ddd_t15 + group_t16 + did_t16 + ddd_t16 + group_t17 + did_t17 + ddd_t17 + group_t18 + did_t18 + ddd_t18 + group_t19 + did_t19 + ddd_t19 + group_t20 + did_t20 + ddd_t20 + group_t21 + did_t21 + ddd_t21 + group_t22 + did_t22 + ddd_t22 + group_t23 + did_t23 + ddd_t23 + group_t24 + did_t24 + ddd_t24 + idade_media_adm + pct_mulher_adm + pct_superior_adm + pct_negra_adm | cbo_4d + periodo,,-0.026470454638983443,0.08371173988149426,0.7520380385828163,-0.1905454648067122,0.1376045555287453,estimated,thin,1,6
income_pnad,income_up_to_1sm,Até 1 salário mínimo,ln_salario_real_adm,Salário real de admissão (log),ddd,strict_no_tail_binning,4,False,False,estimated,12536,12536,340,pyfixest_retained_sample,ln_salario_real_adm ~ group_tm12 + did_tm12 + ddd_tm12 + group_tm11 + did_tm11 + ddd_tm11 + group_tm10 + did_tm10 + ddd_tm10 + group_tm9 + did_tm9 + ddd_tm9 + group_tm8 + did_tm8 + ddd_tm8 + group_tm7 + did_tm7 + ddd_tm7 + group_tm6 + did_tm6 + ddd_tm6 + group_tm5 + did_tm5 + ddd_tm5 + group_tm4 + did_tm4 + ddd_tm4 + group_tm3 + did_tm3 + ddd_tm3 + group_tm2 + did_tm2 + ddd_tm2 + group_t0 + did_t0 + ddd_t0 + group_t1 + did_t1 + ddd_t1 + group_t2 + did_t2 + ddd_t2 + group_t3 + did_t3 + ddd_t3 + group_t4 + did_t4 + ddd_t4 + group_t5 + did_t5 + ddd_t5 + group_t6 + did_t6 + ddd_t6 + group_t7 + did_t7 + ddd_t7 + group_t8 + did_t8 + ddd_t8 + group_t9 + did_t9 + ddd_t9 + group_t10 + did_t10 + ddd_t10 + group_t11 + did_t11 + ddd_t11 + group_t12 + did_t12 + ddd_t12 + group_t13 + did_t13 + ddd_t13 + group_t14 + did_t14 + ddd_t14 + group_t15 + did_t15 + ddd_t15 + group_t16 + did_t16 + ddd_t16 + group_t17 + did_t17 + ddd_t17 + group_t18 + did_t18 + ddd_t18 + group_t19 + did_t19 + ddd_t19 + group_t20 + did_t20 + ddd_t20 + group_t21 + did_t21 + ddd_t21 + group_t22 + did_t22 + ddd_t22 + group_t23 + did_t23 + ddd_t23 + group_t24 + did_t24 + ddd_t24 + idade_media_adm + pct_mulher_adm + pct_superior_adm + pct_negra_adm | cbo_4d + periodo,,0.09253710959126896,0.07857119080683062,0.2397229888452701,-0.061462424390119036,0.24653664357265695,estimated,thin,1,6
income_pnad,income_up_to_1sm,Até 1 salário mínimo,ln_salario_real_adm,Salário real de admissão (log),ddd,strict_no_tail_binning,5,False,False,estimated,12536,12536,340,pyfixest_retained_sample,ln_salario_real_adm ~ group_tm12 + did_tm12 + ddd_tm12 + group_tm11 + did_tm11 + ddd_tm11 + group_tm10 + did_tm10 + ddd_tm10 + group_tm9 + did_tm9 + ddd_tm9 + group_tm8 + did_tm8 + ddd_tm8 + group_tm7 + did_tm7 + ddd_tm7 + group_tm6 + did_tm6 + ddd_tm6 + group_tm5 + did_tm5 + ddd_tm5 + group_tm4 + did_tm4 + ddd_tm4 + group_tm3 + did_tm3 + ddd_tm3 + group_tm2 + did_tm2 + ddd_tm2 + group_t0 + did_t0 + ddd_t0 + group_t1 + did_t1 + ddd_t1 + group_t2 + did_t2 + ddd_t2 + group_t3 + did_t3 + ddd_t3 + group_t4 + did_t4 + ddd_t4 + group_t5 + did_t5 + ddd_t5 + group_t6 + did_t6 + ddd_t6 + group_t7 + did_t7 + ddd_t7 + group_t8 + did_t8 + ddd_t8 + group_t9 + did_t9 + ddd_t9 + group_t10 + did_t10 + ddd_t10 + group_t11 + did_t11 + ddd_t11 + group_t12 + did_t12 + ddd_t12 + group_t13 + did_t13 + ddd_t13 + group_t14 + did_t14 + ddd_t14 + group_t15 + did_t15 + ddd_t15 + group_t16 + did_t16 + ddd_t16 + group_t17 + did_t17 + ddd_t17 + group_t18 + did_t18 + ddd_t18 + group_t19 + did_t19 + ddd_t19 + group_t20 + did_t20 + ddd_t20 + group_t21 + did_t21 + ddd_t21 + group_t22 + did_t22 + ddd_t22 + group_t23 + did_t23 + ddd_t23 + group_t24 + did_t24 + ddd_t24 + idade_media_adm + pct_mulher_adm + pct_superior_adm + pct_negra_adm | cbo_4d + periodo,,0.022589449697102065,0.10993950982280465,0.8373269922389741,-0.19289198955559506,0.23807088894979916,estimated,thin,1,6
income_pnad,income_up_to_1sm,Até 1 salário mínimo,ln_salario_real_adm,Salário real de admissão (log),ddd,strict_no_tail_binning,6,False,False,estimated,12536,12536,340,pyfixest_retained_sample,ln_salario_real_adm ~ group_tm12 + did_tm12 + ddd_tm12 + group_tm11 + did_tm11 + ddd_tm11 + group_tm10 + did_tm10 + ddd_tm10 + group_tm9 + did_tm9 + ddd_tm9 + group_tm8 + did_tm8 + ddd_tm8 + group_tm7 + did_tm7 + ddd_tm7 + group_tm6 + did_tm6 + ddd_tm6 + group_tm5 + did_tm5 + ddd_tm5 + group_tm4 + did_tm4 + ddd_tm4 + group_tm3 + did_tm3 + ddd_tm3 + group_tm2 + did_tm2 + ddd_tm2 + group_t0 + did_t0 + ddd_t0 + group_t1 + did_t1 + ddd_t1 + group_t2 + did_t2 + ddd_t2 + group_t3 + did_t3 + ddd_t3 + group_t4 + did_t4 + ddd_t4 + group_t5 + did_t5 + ddd_t5 + group_t6 + did_t6 + ddd_t6 + group_t7 + did_t7 + ddd_t7 + group_t8 + did_t8 + ddd_t8 + group_t9 + did_t9 + ddd_t9 + group_t10 + did_t10 + ddd_t10 + group_t11 + did_t11 + ddd_t11 + group_t12 + did_t12 + ddd_t12 + group_t13 + did_t13 + ddd_t13 + group_t14 + did_t14 + ddd_t14 + group_t15 + did_t15 + ddd_t15 + group_t16 + did_t16 + ddd_t16 + group_t17 + did_t17 + ddd_t17 + group_t18 + did_t18 + ddd_t18 + group_t19 + did_t19 + ddd_t19 + group_t20 + did_t20 + ddd_t20 + group_t21 + did_t21 + ddd_t21 + group_t22 + did_t22 + ddd_t22 + group_t23 + did_t23 + ddd_t23 + group_t24 + did_t24 + ddd_t24 + idade_media_adm + pct_mulher_adm + pct_superior_adm + pct_negra_adm | cbo_4d + periodo,,0.12305757381928631,0.07078589579937021,0.0830398948036386,-0.015682781947479296,0.2617979295860519,estimated,thin,1,6
income_pnad,income_up_to_1sm,Até 1 salário mínimo,ln_salario_real_adm,Salário real de admissão (log),ddd,strict_no_tail_binning,7,False,False,estimated,12536,12536,340,pyfixest_retained_sample,ln_salario_real_adm ~ group_tm12 + did_tm12 + ddd_tm12 + group_tm11 + did_tm11 + ddd_tm11 + group_tm10 + did_tm10 + ddd_tm10 + group_tm9 + did_tm9 + ddd_tm9 + group_tm8 + did_tm8 + ddd_tm8 + group_tm7 + did_tm7 + ddd_tm7 + group_tm6 + did_tm6 + ddd_tm6 + group_tm5 + did_tm5 + ddd_tm5 + group_tm4 + did_tm4 + ddd_tm4 + group_tm3 + did_tm3 + ddd_tm3 + group_tm2 + did_tm2 + ddd_tm2 + group_t0 + did_t0 + ddd_t0 + group_t1 + did_t1 + ddd_t1 + group_t2 + did_t2 + ddd_t2 + group_t3 + did_t3 + ddd_t3 + group_t4 + did_t4 + ddd_t4 + group_t5 + did_t5 + ddd_t5 + group_t6 + did_t6 + ddd_t6 + group_t7 + did_t7 + ddd_t7 + group_t8 + did_t8 + ddd_t8 + group_t9 + did_t9 + ddd_t9 + group_t10 + did_t10 + ddd_t10 + group_t11 + did_t11 + ddd_t11 + group_t12 + did_t12 + ddd_t12 + group_t13 + did_t13 + ddd_t13 + group_t14 + did_t14 + ddd_t14 + group_t15 + did_t15 + ddd_t15 + group_t16 + did_t16 + ddd_t16 + group_t17 + did_t17 + ddd_t17 + group_t18 + did_t18 + ddd_t18 + group_t19 + did_t19 + ddd_t19 + group_t20 + did_t20 + ddd_t20 + group_t21 + did_t21 + ddd_t21 + group_t22 + did_t22 + ddd_t22 + group_t23 + did_t23 + ddd_t23 + group_t24 + did_t24 + ddd_t24 + idade_media_adm + pct_mulher_adm + pct_superior_adm + pct_negra_adm | cbo_4d + periodo,,0.1285090822870961,0.07561563592616716,0.09014157117416399,-0.01969756412819154,0.2767157287023837,estimated,thin,1,6
income_pnad,income_up_to_1sm,Até 1 salário mínimo,ln_salario_real_adm,Salário real de admissão (log),ddd,strict_no_tail_binning,8,False,False,estimated,12536,12536,340,pyfixest_retained_sample,ln_salario_real_adm ~ group_tm12 + did_tm12 + ddd_tm12 + group_tm11 + did_tm11 + ddd_tm11 + group_tm10 + did_tm10 + ddd_tm10 + group_tm9 + did_tm9 + ddd_tm9 + group_tm8 + did_tm8 + ddd_tm8 + group_tm7 + did_tm7 + ddd_tm7 + group_tm6 + did_tm6 + ddd_tm6 + group_tm5 + did_tm5 + ddd_tm5 + group_tm4 + did_tm4 + ddd_tm4 + group_tm3 + did_tm3 + ddd_tm3 + group_tm2 + did_tm2 + ddd_tm2 + group_t0 + did_t0 + ddd_t0 + group_t1 + did_t1 + ddd_t1 + group_t2 + did_t2 + ddd_t2 + group_t3 + did_t3 + ddd_t3 + group_t4 + did_t4 + ddd_t4 + group_t5 + did_t5 + ddd_t5 + group_t6 + did_t6 + ddd_t6 + group_t7 + did_t7 + ddd_t7 + group_t8 + did_t8 + ddd_t8 + group_t9 + did_t9 + ddd_t9 + group_t10 + did_t10 + ddd_t10 + group_t11 + did_t11 + ddd_t11 + group_t12 + did_t12 + ddd_t12 + group_t13 + did_t13 + ddd_t13 + group_t14 + did_t14 + ddd_t14 + group_t15 + did_t15 + ddd_t15 + group_t16 + did_t16 + ddd_t16 + group_t17 + did_t17 + ddd_t17 + group_t18 + did_t18 + ddd_t18 + group_t19 + did_t19 + ddd_t19 + group_t20 + did_t20 + ddd_t20 + group_t21 + did_t21 + ddd_t21 + group_t22 + did_t22 + ddd_t22 + group_t23 + did_t23 + ddd_t23 + group_t24 + did_t24 + ddd_t24 + idade_media_adm + pct_mulher_adm + pct_superior_adm + pct_negra_adm | cbo_4d + periodo,,0.10292018763929671,0.07223471039048035,0.15513428637896998,-0.038659844726044765,0.24450022000463817,estimated,thin,1,6
income_pnad,income_up_to_1sm,Até 1 salário mínimo,ln_salario_real_adm,Salário real de admissão (log),ddd,strict_no_tail_binning,9,False,False,estimated,12536,12536,340,pyfixest_retained_sample,ln_salario_real_adm ~ group_tm12 + did_tm12 + ddd_tm12 + group_tm11 + did_tm11 + ddd_tm11 + group_tm10 + did_tm10 + ddd_tm10 + group_tm9 + did_tm9 + ddd_tm9 + group_tm8 + did_tm8 + ddd_tm8 + group_tm7 + did_tm7 + ddd_tm7 + group_tm6 + did_tm6 + ddd_tm6 + group_tm5 + did_tm5 + ddd_tm5 + group_tm4 + did_tm4 + ddd_tm4 + group_tm3 + did_tm3 + ddd_tm3 + group_tm2 + did_tm2 + ddd_tm2 + group_t0 + did_t0 + ddd_t0 + group_t1 + did_t1 + ddd_t1 + group_t2 + did_t2 + ddd_t2 + group_t3 + did_t3 + ddd_t3 + group_t4 + did_t4 + ddd_t4 + group_t5 + did_t5 + ddd_t5 + group_t6 + did_t6 + ddd_t6 + group_t7 + did_t7 + ddd_t7 + group_t8 + did_t8 + ddd_t8 + group_t9 + did_t9 + ddd_t9 + group_t10 + did_t10 + ddd_t10 + group_t11 + did_t11 + ddd_t11 + group_t12 + did_t12 + ddd_t12 + group_t13 + did_t13 + ddd_t13 + group_t14 + did_t14 + ddd_t14 + group_t15 + did_t15 + ddd_t15 + group_t16 + did_t16 + ddd_t16 + group_t17 + did_t17 + ddd_t17 + group_t18 + did_t18 + ddd_t18 + group_t19 + did_t19 + ddd_t19 + group_t20 + did_t20 + ddd_t20 + group_t21 + did_t21 + ddd_t21 + group_t22 + did_t22 + ddd_t22 + group_t23 + did_t23 + ddd_t23 + group_t24 + did_t24 + ddd_t24 + idade_media_adm + pct_mulher_adm + pct_superior_adm + pct_negra_adm | cbo_4d + periodo,,-0.2551169667933057,0.36044058649782273,0.4795607567096345,-0.9615805163290383,0.45134658274242684,estimated,thin,1,6
income_pnad,income_up_to_1sm,Até 1 salário mínimo,ln_salario_real_adm,Salário real de admissão (log),ddd,strict_no_tail_binning,10,False,False,estimated,12536,12536,340,pyfixest_retained_sample,ln_salario_real_adm ~ group_tm12 + did_tm12 + ddd_tm12 + group_tm11 + did_tm11 + ddd_tm11 + group_tm10 + did_tm10 + ddd_tm10 + group_tm9 + did_tm9 + ddd_tm9 + group_tm8 + did_tm8 + ddd_tm8 + group_tm7 + did_tm7 + ddd_tm7 + group_tm6 + did_tm6 + ddd_tm6 + group_tm5 + did_tm5 + ddd_tm5 + group_tm4 + did_tm4 + ddd_tm4 + group_tm3 + did_tm3 + ddd_tm3 + group_tm2 + did_tm2 + ddd_tm2 + group_t0 + did_t0 + ddd_t0 + group_t1 + did_t1 + ddd_t1 + group_t2 + did_t2 + ddd_t2 + group_t3 + did_t3 + ddd_t3 + group_t4 + did_t4 + ddd_t4 + group_t5 + did_t5 + ddd_t5 + group_t6 + did_t6 + ddd_t6 + group_t7 + did_t7 + ddd_t7 + group_t8 + did_t8 + ddd_t8 + group_t9 + did_t9 + ddd_t9 + group_t10 + did_t10 + ddd_t10 + group_t11 + did_t11 + ddd_t11 + group_t12 + did_t12 + ddd_t12 + group_t13 + did_t13 + ddd_t13 + group_t14 + did_t14 + ddd_t14 + group_t15 + did_t15 + ddd_t15 + group_t16 + did_t16 + ddd_t16 + group_t17 + did_t17 + ddd_t17 + group_t18 + did_t18 + ddd_t18 + group_t19 + did_t19 + ddd_t19 + group_t20 + did_t20 + ddd_t20 + group_t21 + did_t21 + ddd_t21 + group_t22 + did_t22 + ddd_t22 + group_t23 + did_t23 + ddd_t23 + group_t24 + did_t24 + ddd_t24 + idade_media_adm + pct_mulher_adm + pct_superior_adm + pct_negra_adm | cbo_4d + periodo,,0.03167983926653624,0.07001557443047866,0.651220944697184,-0.10555068661720195,0.1689103651502744,estimated,thin,1,6
income_pnad,income_up_to_1sm,Até 1 salário mínimo,ln_salario_real_adm,Salário real de admissão (log),ddd,strict_no_tail_binning,11,False,False,estimated,12536,12536,340,pyfixest_retained_sample,ln_salario_real_adm ~ group_tm12 + did_tm12 + ddd_tm12 + group_tm11 + did_tm11 + ddd_tm11 + group_tm10 + did_tm10 + ddd_tm10 + group_tm9 + did_tm9 + ddd_tm9 + group_tm8 + did_tm8 + ddd_tm8 + group_tm7 + did_tm7 + ddd_tm7 + group_tm6 + did_tm6 + ddd_tm6 + group_tm5 + did_tm5 + ddd_tm5 + group_tm4 + did_tm4 + ddd_tm4 + group_tm3 + did_tm3 + ddd_tm3 + group_tm2 + did_tm2 + ddd_tm2 + group_t0 + did_t0 + ddd_t0 + group_t1 + did_t1 + ddd_t1 + group_t2 + did_t2 + ddd_t2 + group_t3 + did_t3 + ddd_t3 + group_t4 + did_t4 + ddd_t4 + group_t5 + did_t5 + ddd_t5 + group_t6 + did_t6 + ddd_t6 + group_t7 + did_t7 + ddd_t7 + group_t8 + did_t8 + ddd_t8 + group_t9 + did_t9 + ddd_t9 + group_t10 + did_t10 + ddd_t10 + group_t11 + did_t11 + ddd_t11 + group_t12 + did_t12 + ddd_t12 + group_t13 + did_t13 + ddd_t13 + group_t14 + did_t14 + ddd_t14 + group_t15 + did_t15 + ddd_t15 + group_t16 + did_t16 + ddd_t16 + group_t17 + did_t17 + ddd_t17 + group_t18 + did_t18 + ddd_t18 + group_t19 + did_t19 + ddd_t19 + group_t20 + did_t20 + ddd_t20 + group_t21 + did_t21 + ddd_t21 + group_t22 + did_t22 + ddd_t22 + group_t23 + did_t23 + ddd_t23 + group_t24 + did_t24 + ddd_t24 + idade_media_adm + pct_mulher_adm + pct_superior_adm + pct_negra_adm | cbo_4d + periodo,,0.06786861363246854,0.05688455215895134,0.2336669340958959,-0.04362510859907609,0.17936233586401318,estimated,thin,1,6
income_pnad,income_up_to_1sm,Até 1 salário mínimo,ln_salario_real_adm,Salário real de admissão (log),ddd,strict_no_tail_binning,12,False,False,estimated,12536,12536,340,pyfixest_retained_sample,ln_salario_real_adm ~ group_tm12 + did_tm12 + ddd_tm12 + group_tm11 + did_tm11 + ddd_tm11 + group_tm10 + did_tm10 + ddd_tm10 + group_tm9 + did_tm9 + ddd_tm9 + group_tm8 + did_tm8 + ddd_tm8 + group_tm7 + did_tm7 + ddd_tm7 + group_tm6 + did_tm6 + ddd_tm6 + group_tm5 + did_tm5 + ddd_tm5 + group_tm4 + did_tm4 + ddd_tm4 + group_tm3 + did_tm3 + ddd_tm3 + group_tm2 + did_tm2 + ddd_tm2 + group_t0 + did_t0 + ddd_t0 + group_t1 + did_t1 + ddd_t1 + group_t2 + did_t2 + ddd_t2 + group_t3 + did_t3 + ddd_t3 + group_t4 + did_t4 + ddd_t4 + group_t5 + did_t5 + ddd_t5 + group_t6 + did_t6 + ddd_t6 + group_t7 + did_t7 + ddd_t7 + group_t8 + did_t8 + ddd_t8 + group_t9 + did_t9 + ddd_t9 + group_t10 + did_t10 + ddd_t10 + group_t11 + did_t11 + ddd_t11 + group_t12 + did_t12 + ddd_t12 + group_t13 + did_t13 + ddd_t13 + group_t14 + did_t14 + ddd_t14 + group_t15 + did_t15 + ddd_t15 + group_t16 + did_t16 + ddd_t16 + group_t17 + did_t17 + ddd_t17 + group_t18 + did_t18 + ddd_t18 + group_t19 + did_t19 + ddd_t19 + group_t20 + did_t20 + ddd_t20 + group_t21 + did_t21 + ddd_t21 + group_t22 + did_t22 + ddd_t22 + group_t23 + did_t23 + ddd_t23 + group_t24 + did_t24 + ddd_t24 + idade_media_adm + pct_mulher_adm + pct_superior_adm + pct_negra_adm | cbo_4d + periodo,,-0.05714015250461737,0.12020503723324706,0.6348395834643803,-0.2927420254817816,0.17846172047254685,estimated,thin,1,6
income_pnad,income_up_to_1sm,Até 1 salário mínimo,ln_salario_real_adm,Salário real de admissão (log),ddd,strict_no_tail_binning,13,False,False,estimated,12536,12536,340,pyfixest_retained_sample,ln_salario_real_adm ~ group_tm12 + did_tm12 + ddd_tm12 + group_tm11 + did_tm11 + ddd_tm11 + group_tm10 + did_tm10 + ddd_tm10 + group_tm9 + did_tm9 + ddd_tm9 + group_tm8 + did_tm8 + ddd_tm8 + group_tm7 + did_tm7 + ddd_tm7 + group_tm6 + did_tm6 + ddd_tm6 + group_tm5 + did_tm5 + ddd_tm5 + group_tm4 + did_tm4 + ddd_tm4 + group_tm3 + did_tm3 + ddd_tm3 + group_tm2 + did_tm2 + ddd_tm2 + group_t0 + did_t0 + ddd_t0 + group_t1 + did_t1 + ddd_t1 + group_t2 + did_t2 + ddd_t2 + group_t3 + did_t3 + ddd_t3 + group_t4 + did_t4 + ddd_t4 + group_t5 + did_t5 + ddd_t5 + group_t6 + did_t6 + ddd_t6 + group_t7 + did_t7 + ddd_t7 + group_t8 + did_t8 + ddd_t8 + group_t9 + did_t9 + ddd_t9 + group_t10 + did_t10 + ddd_t10 + group_t11 + did_t11 + ddd_t11 + group_t12 + did_t12 + ddd_t12 + group_t13 + did_t13 + ddd_t13 + group_t14 + did_t14 + ddd_t14 + group_t15 + did_t15 + ddd_t15 + group_t16 + did_t16 + ddd_t16 + group_t17 + did_t17 + ddd_t17 + group_t18 + did_t18 + ddd_t18 + group_t19 + did_t19 + ddd_t19 + group_t20 + did_t20 + ddd_t20 + group_t21 + did_t21 + ddd_t21 + group_t22 + did_t22 + ddd_t22 + group_t23 + did_t23 + ddd_t23 + group_t24 + did_t24 + ddd_t24 + idade_media_adm + pct_mulher_adm + pct_superior_adm + pct_negra_adm | cbo_4d + periodo,,-0.1469532942836868,0.1256555823255565,0.24302676857764394,-0.3932382356417775,0.0993316470744039,estimated,thin,1,6
income_pnad,income_up_to_1sm,Até 1 salário mínimo,ln_salario_real_adm,Salário real de admissão (log),ddd,strict_no_tail_binning,14,False,False,estimated,12536,12536,340,pyfixest_retained_sample,ln_salario_real_adm ~ group_tm12 + did_tm12 + ddd_tm12 + group_tm11 + did_tm11 + ddd_tm11 + group_tm10 + did_tm10 + ddd_tm10 + group_tm9 + did_tm9 + ddd_tm9 + group_tm8 + did_tm8 + ddd_tm8 + group_tm7 + did_tm7 + ddd_tm7 + group_tm6 + did_tm6 + ddd_tm6 + group_tm5 + did_tm5 + ddd_tm5 + group_tm4 + did_tm4 + ddd_tm4 + group_tm3 + did_tm3 + ddd_tm3 + group_tm2 + did_tm2 + ddd_tm2 + group_t0 + did_t0 + ddd_t0 + group_t1 + did_t1 + ddd_t1 + group_t2 + did_t2 + ddd_t2 + group_t3 + did_t3 + ddd_t3 + group_t4 + did_t4 + ddd_t4 + group_t5 + did_t5 + ddd_t5 + group_t6 + did_t6 + ddd_t6 + group_t7 + did_t7 + ddd_t7 + group_t8 + did_t8 + ddd_t8 + group_t9 + did_t9 + ddd_t9 + group_t10 + did_t10 + ddd_t10 + group_t11 + did_t11 + ddd_t11 + group_t12 + did_t12 + ddd_t12 + group_t13 + did_t13 + ddd_t13 + group_t14 + did_t14 + ddd_t14 + group_t15 + did_t15 + ddd_t15 + group_t16 + did_t16 + ddd_t16 + group_t17 + did_t17 + ddd_t17 + group_t18 + did_t18 + ddd_t18 + group_t19 + did_t19 + ddd_t19 + group_t20 + did_t20 + ddd_t20 + group_t21 + did_t21 + ddd_t21 + group_t22 + did_t22 + ddd_t22 + group_t23 + did_t23 + ddd_t23 + group_t24 + did_t24 + ddd_t24 + idade_media_adm + pct_mulher_adm + pct_superior_adm + pct_negra_adm | cbo_4d + periodo,,-0.008800248978061654,0.09851687337032546,0.9288745268929122,-0.20189332078389954,0.18429282282777626,estimated,thin,1,6
income_pnad,income_up_to_1sm,Até 1 salário mínimo,ln_salario_real_adm,Salário real de admissão (log),ddd,strict_no_tail_binning,15,False,False,estimated,12536,12536,340,pyfixest_retained_sample,ln_salario_real_adm ~ group_tm12 + did_tm12 + ddd_tm12 + group_tm11 + did_tm11 + ddd_tm11 + group_tm10 + did_tm10 + ddd_tm10 + group_tm9 + did_tm9 + ddd_tm9 + group_tm8 + did_tm8 + ddd_tm8 + group_tm7 + did_tm7 + ddd_tm7 + group_tm6 + did_tm6 + ddd_tm6 + group_tm5 + did_tm5 + ddd_tm5 + group_tm4 + did_tm4 + ddd_tm4 + group_tm3 + did_tm3 + ddd_tm3 + group_tm2 + did_tm2 + ddd_tm2 + group_t0 + did_t0 + ddd_t0 + group_t1 + did_t1 + ddd_t1 + group_t2 + did_t2 + ddd_t2 + group_t3 + did_t3 + ddd_t3 + group_t4 + did_t4 + ddd_t4 + group_t5 + did_t5 + ddd_t5 + group_t6 + did_t6 + ddd_t6 + group_t7 + did_t7 + ddd_t7 + group_t8 + did_t8 + ddd_t8 + group_t9 + did_t9 + ddd_t9 + group_t10 + did_t10 + ddd_t10 + group_t11 + did_t11 + ddd_t11 + group_t12 + did_t12 + ddd_t12 + group_t13 + did_t13 + ddd_t13 + group_t14 + did_t14 + ddd_t14 + group_t15 + did_t15 + ddd_t15 + group_t16 + did_t16 + ddd_t16 + group_t17 + did_t17 + ddd_t17 + group_t18 + did_t18 + ddd_t18 + group_t19 + did_t19 + ddd_t19 + group_t20 + did_t20 + ddd_t20 + group_t21 + did_t21 + ddd_t21 + group_t22 + did_t22 + ddd_t22 + group_t23 + did_t23 + ddd_t23 + group_t24 + did_t24 + ddd_t24 + idade_media_adm + pct_mulher_adm + pct_superior_adm + pct_negra_adm | cbo_4d + periodo,,0.012623964920540574,0.09002978632517496,0.8885695479324751,-0.16383441627680234,0.1890823461178835,estimated,thin,1,6
income_pnad,income_up_to_1sm,Até 1 salário mínimo,ln_salario_real_adm,Salário real de admissão (log),ddd,strict_no_tail_binning,16,False,False,estimated,12536,12536,340,pyfixest_retained_sample,ln_salario_real_adm ~ group_tm12 + did_tm12 + ddd_tm12 + group_tm11 + did_tm11 + ddd_tm11 + group_tm10 + did_tm10 + ddd_tm10 + group_tm9 + did_tm9 + ddd_tm9 + group_tm8 + did_tm8 + ddd_tm8 + group_tm7 + did_tm7 + ddd_tm7 + group_tm6 + did_tm6 + ddd_tm6 + group_tm5 + did_tm5 + ddd_tm5 + group_tm4 + did_tm4 + ddd_tm4 + group_tm3 + did_tm3 + ddd_tm3 + group_tm2 + did_tm2 + ddd_tm2 + group_t0 + did_t0 + ddd_t0 + group_t1 + did_t1 + ddd_t1 + group_t2 + did_t2 + ddd_t2 + group_t3 + did_t3 + ddd_t3 + group_t4 + did_t4 + ddd_t4 + group_t5 + did_t5 + ddd_t5 + group_t6 + did_t6 + ddd_t6 + group_t7 + did_t7 + ddd_t7 + group_t8 + did_t8 + ddd_t8 + group_t9 + did_t9 + ddd_t9 + group_t10 + did_t10 + ddd_t10 + group_t11 + did_t11 + ddd_t11 + group_t12 + did_t12 + ddd_t12 + group_t13 + did_t13 + ddd_t13 + group_t14 + did_t14 + ddd_t14 + group_t15 + did_t15 + ddd_t15 + group_t16 + did_t16 + ddd_t16 + group_t17 + did_t17 + ddd_t17 + group_t18 + did_t18 + ddd_t18 + group_t19 + did_t19 + ddd_t19 + group_t20 + did_t20 + ddd_t20 + group_t21 + did_t21 + ddd_t21 + group_t22 + did_t22 + ddd_t22 + group_t23 + did_t23 + ddd_t23 + group_t24 + did_t24 + ddd_t24 + idade_media_adm + pct_mulher_adm + pct_superior_adm + pct_negra_adm | cbo_4d + periodo,,-0.05435082281644584,0.09809673813962616,0.5799076443763473,-0.24662042957011313,0.13791878393722143,estimated,thin,1,6
income_pnad,income_up_to_1sm,Até 1 salário mínimo,ln_salario_real_adm,Salário real de admissão (log),ddd,strict_no_tail_binning,17,False,False,estimated,12536,12536,340,pyfixest_retained_sample,ln_salario_real_adm ~ group_tm12 + did_tm12 + ddd_tm12 + group_tm11 + did_tm11 + ddd_tm11 + group_tm10 + did_tm10 + ddd_tm10 + group_tm9 + did_tm9 + ddd_tm9 + group_tm8 + did_tm8 + ddd_tm8 + group_tm7 + did_tm7 + ddd_tm7 + group_tm6 + did_tm6 + ddd_tm6 + group_tm5 + did_tm5 + ddd_tm5 + group_tm4 + did_tm4 + ddd_tm4 + group_tm3 + did_tm3 + ddd_tm3 + group_tm2 + did_tm2 + ddd_tm2 + group_t0 + did_t0 + ddd_t0 + group_t1 + did_t1 + ddd_t1 + group_t2 + did_t2 + ddd_t2 + group_t3 + did_t3 + ddd_t3 + group_t4 + did_t4 + ddd_t4 + group_t5 + did_t5 + ddd_t5 + group_t6 + did_t6 + ddd_t6 + group_t7 + did_t7 + ddd_t7 + group_t8 + did_t8 + ddd_t8 + group_t9 + did_t9 + ddd_t9 + group_t10 + did_t10 + ddd_t10 + group_t11 + did_t11 + ddd_t11 + group_t12 + did_t12 + ddd_t12 + group_t13 + did_t13 + ddd_t13 + group_t14 + did_t14 + ddd_t14 + group_t15 + did_t15 + ddd_t15 + group_t16 + did_t16 + ddd_t16 + group_t17 + did_t17 + ddd_t17 + group_t18 + did_t18 + ddd_t18 + group_t19 + did_t19 + ddd_t19 + group_t20 + did_t20 + ddd_t20 + group_t21 + did_t21 + ddd_t21 + group_t22 + did_t22 + ddd_t22 + group_t23 + did_t23 + ddd_t23 + group_t24 + did_t24 + ddd_t24 + idade_media_adm + pct_mulher_adm + pct_superior_adm + pct_negra_adm | cbo_4d + periodo,,0.13758378561248702,0.09976347498531969,0.1687731711249716,-0.05795262535873957,0.3331201965837136,estimated,thin,1,6
income_pnad,income_up_to_1sm,Até 1 salário mínimo,ln_salario_real_adm,Salário real de admissão (log),ddd,strict_no_tail_binning,18,False,False,estimated,12536,12536,340,pyfixest_retained_sample,ln_salario_real_adm ~ group_tm12 + did_tm12 + ddd_tm12 + group_tm11 + did_tm11 + ddd_tm11 + group_tm10 + did_tm10 + ddd_tm10 + group_tm9 + did_tm9 + ddd_tm9 + group_tm8 + did_tm8 + ddd_tm8 + group_tm7 + did_tm7 + ddd_tm7 + group_tm6 + did_tm6 + ddd_tm6 + group_tm5 + did_tm5 + ddd_tm5 + group_tm4 + did_tm4 + ddd_tm4 + group_tm3 + did_tm3 + ddd_tm3 + group_tm2 + did_tm2 + ddd_tm2 + group_t0 + did_t0 + ddd_t0 + group_t1 + did_t1 + ddd_t1 + group_t2 + did_t2 + ddd_t2 + group_t3 + did_t3 + ddd_t3 + group_t4 + did_t4 + ddd_t4 + group_t5 + did_t5 + ddd_t5 + group_t6 + did_t6 + ddd_t6 + group_t7 + did_t7 + ddd_t7 + group_t8 + did_t8 + ddd_t8 + group_t9 + did_t9 + ddd_t9 + group_t10 + did_t10 + ddd_t10 + group_t11 + did_t11 + ddd_t11 + group_t12 + did_t12 + ddd_t12 + group_t13 + did_t13 + ddd_t13 + group_t14 + did_t14 + ddd_t14 + group_t15 + did_t15 + ddd_t15 + group_t16 + did_t16 + ddd_t16 + group_t17 + did_t17 + ddd_t17 + group_t18 + did_t18 + ddd_t18 + group_t19 + did_t19 + ddd_t19 + group_t20 + did_t20 + ddd_t20 + group_t21 + did_t21 + ddd_t21 + group_t22 + did_t22 + ddd_t22 + group_t23 + did_t23 + ddd_t23 + group_t24 + did_t24 + ddd_t24 + idade_media_adm + pct_mulher_adm + pct_superior_adm + pct_negra_adm | cbo_4d + periodo,,-0.2108533659794171,0.37431722036642173,0.5736021401305273,-0.9445151178976037,0.5228083859387695,estimated,thin,1,6
income_pnad,income_up_to_1sm,Até 1 salário mínimo,ln_salario_real_adm,Salário real de admissão (log),ddd,strict_no_tail_binning,19,False,False,estimated,12536,12536,340,pyfixest_retained_sample,ln_salario_real_adm ~ group_tm12 + did_tm12 + ddd_tm12 + group_tm11 + did_tm11 + ddd_tm11 + group_tm10 + did_tm10 + ddd_tm10 + group_tm9 + did_tm9 + ddd_tm9 + group_tm8 + did_tm8 + ddd_tm8 + group_tm7 + did_tm7 + ddd_tm7 + group_tm6 + did_tm6 + ddd_tm6 + group_tm5 + did_tm5 + ddd_tm5 + group_tm4 + did_tm4 + ddd_tm4 + group_tm3 + did_tm3 + ddd_tm3 + group_tm2 + did_tm2 + ddd_tm2 + group_t0 + did_t0 + ddd_t0 + group_t1 + did_t1 + ddd_t1 + group_t2 + did_t2 + ddd_t2 + group_t3 + did_t3 + ddd_t3 + group_t4 + did_t4 + ddd_t4 + group_t5 + did_t5 + ddd_t5 + group_t6 + did_t6 + ddd_t6 + group_t7 + did_t7 + ddd_t7 + group_t8 + did_t8 + ddd_t8 + group_t9 + did_t9 + ddd_t9 + group_t10 + did_t10 + ddd_t10 + group_t11 + did_t11 + ddd_t11 + group_t12 + did_t12 + ddd_t12 + group_t13 + did_t13 + ddd_t13 + group_t14 + did_t14 + ddd_t14 + group_t15 + did_t15 + ddd_t15 + group_t16 + did_t16 + ddd_t16 + group_t17 + did_t17 + ddd_t17 + group_t18 + did_t18 + ddd_t18 + group_t19 + did_t19 + ddd_t19 + group_t20 + did_t20 + ddd_t20 + group_t21 + did_t21 + ddd_t21 + group_t22 + did_t22 + ddd_t22 + group_t23 + did_t23 + ddd_t23 + group_t24 + did_t24 + ddd_t24 + idade_media_adm + pct_mulher_adm + pct_superior_adm + pct_negra_adm | cbo_4d + periodo,,0.19617004917277958,0.07524993693146352,0.009539794225311926,0.04868017278711109,0.34365992555844804,estimated,thin,1,6
income_pnad,income_up_to_1sm,Até 1 salário mínimo,ln_salario_real_adm,Salário real de admissão (log),ddd,strict_no_tail_binning,20,False,False,estimated,12536,12536,340,pyfixest_retained_sample,ln_salario_real_adm ~ group_tm12 + did_tm12 + ddd_tm12 + group_tm11 + did_tm11 + ddd_tm11 + group_tm10 + did_tm10 + ddd_tm10 + group_tm9 + did_tm9 + ddd_tm9 + group_tm8 + did_tm8 + ddd_tm8 + group_tm7 + did_tm7 + ddd_tm7 + group_tm6 + did_tm6 + ddd_tm6 + group_tm5 + did_tm5 + ddd_tm5 + group_tm4 + did_tm4 + ddd_tm4 + group_tm3 + did_tm3 + ddd_tm3 + group_tm2 + did_tm2 + ddd_tm2 + group_t0 + did_t0 + ddd_t0 + group_t1 + did_t1 + ddd_t1 + group_t2 + did_t2 + ddd_t2 + group_t3 + did_t3 + ddd_t3 + group_t4 + did_t4 + ddd_t4 + group_t5 + did_t5 + ddd_t5 + group_t6 + did_t6 + ddd_t6 + group_t7 + did_t7 + ddd_t7 + group_t8 + did_t8 + ddd_t8 + group_t9 + did_t9 + ddd_t9 + group_t10 + did_t10 + ddd_t10 + group_t11 + did_t11 + ddd_t11 + group_t12 + did_t12 + ddd_t12 + group_t13 + did_t13 + ddd_t13 + group_t14 + did_t14 + ddd_t14 + group_t15 + did_t15 + ddd_t15 + group_t16 + did_t16 + ddd_t16 + group_t17 + did_t17 + ddd_t17 + group_t18 + did_t18 + ddd_t18 + group_t19 + did_t19 + ddd_t19 + group_t20 + did_t20 + ddd_t20 + group_t21 + did_t21 + ddd_t21 + group_t22 + did_t22 + ddd_t22 + group_t23 + did_t23 + ddd_t23 + group_t24 + did_t24 + ddd_t24 + idade_media_adm + pct_mulher_adm + pct_superior_adm + pct_negra_adm | cbo_4d + periodo,,0.03690835368990537,0.0983035191097235,0.7075583862649659,-0.1557665437651527,0.22958325114496342,estimated,thin,1,6
income_pnad,income_up_to_1sm,Até 1 salário mínimo,ln_salario_real_adm,Salário real de admissão (log),ddd,strict_no_tail_binning,21,False,False,estimated,12536,12536,340,pyfixest_retained_sample,ln_salario_real_adm ~ group_tm12 + did_tm12 + ddd_tm12 + group_tm11 + did_tm11 + ddd_tm11 + group_tm10 + did_tm10 + ddd_tm10 + group_tm9 + did_tm9 + ddd_tm9 + group_tm8 + did_tm8 + ddd_tm8 + group_tm7 + did_tm7 + ddd_tm7 + group_tm6 + did_tm6 + ddd_tm6 + group_tm5 + did_tm5 + ddd_tm5 + group_tm4 + did_tm4 + ddd_tm4 + group_tm3 + did_tm3 + ddd_tm3 + group_tm2 + did_tm2 + ddd_tm2 + group_t0 + did_t0 + ddd_t0 + group_t1 + did_t1 + ddd_t1 + group_t2 + did_t2 + ddd_t2 + group_t3 + did_t3 + ddd_t3 + group_t4 + did_t4 + ddd_t4 + group_t5 + did_t5 + ddd_t5 + group_t6 + did_t6 + ddd_t6 + group_t7 + did_t7 + ddd_t7 + group_t8 + did_t8 + ddd_t8 + group_t9 + did_t9 + ddd_t9 + group_t10 + did_t10 + ddd_t10 + group_t11 + did_t11 + ddd_t11 + group_t12 + did_t12 + ddd_t12 + group_t13 + did_t13 + ddd_t13 + group_t14 + did_t14 + ddd_t14 + group_t15 + did_t15 + ddd_t15 + group_t16 + did_t16 + ddd_t16 + group_t17 + did_t17 + ddd_t17 + group_t18 + did_t18 + ddd_t18 + group_t19 + did_t19 + ddd_t19 + group_t20 + did_t20 + ddd_t20 + group_t21 + did_t21 + ddd_t21 + group_t22 + did_t22 + ddd_t22 + group_t23 + did_t23 + ddd_t23 + group_t24 + did_t24 + ddd_t24 + idade_media_adm + pct_mulher_adm + pct_superior_adm + pct_negra_adm | cbo_4d + periodo,,0.010187583440093934,0.08711465848647534,0.9069732557327597,-0.16055714719339773,0.1809323140735856,estimated,thin,1,6
income_pnad,income_up_to_1sm,Até 1 salário mínimo,ln_salario_real_adm,Salário real de admissão (log),ddd,strict_no_tail_binning,22,False,False,estimated,12536,12536,340,pyfixest_retained_sample,ln_salario_real_adm ~ group_tm12 + did_tm12 + ddd_tm12 + group_tm11 + did_tm11 + ddd_tm11 + group_tm10 + did_tm10 + ddd_tm10 + group_tm9 + did_tm9 + ddd_tm9 + group_tm8 + did_tm8 + ddd_tm8 + group_tm7 + did_tm7 + ddd_tm7 + group_tm6 + did_tm6 + ddd_tm6 + group_tm5 + did_tm5 + ddd_tm5 + group_tm4 + did_tm4 + ddd_tm4 + group_tm3 + did_tm3 + ddd_tm3 + group_tm2 + did_tm2 + ddd_tm2 + group_t0 + did_t0 + ddd_t0 + group_t1 + did_t1 + ddd_t1 + group_t2 + did_t2 + ddd_t2 + group_t3 + did_t3 + ddd_t3 + group_t4 + did_t4 + ddd_t4 + group_t5 + did_t5 + ddd_t5 + group_t6 + did_t6 + ddd_t6 + group_t7 + did_t7 + ddd_t7 + group_t8 + did_t8 + ddd_t8 + group_t9 + did_t9 + ddd_t9 + group_t10 + did_t10 + ddd_t10 + group_t11 + did_t11 + ddd_t11 + group_t12 + did_t12 + ddd_t12 + group_t13 + did_t13 + ddd_t13 + group_t14 + did_t14 + ddd_t14 + group_t15 + did_t15 + ddd_t15 + group_t16 + did_t16 + ddd_t16 + group_t17 + did_t17 + ddd_t17 + group_t18 + did_t18 + ddd_t18 + group_t19 + did_t19 + ddd_t19 + group_t20 + did_t20 + ddd_t20 + group_t21 + did_t21 + ddd_t21 + group_t22 + did_t22 + ddd_t22 + group_t23 + did_t23 + ddd_t23 + group_t24 + did_t24 + ddd_t24 + idade_media_adm + pct_mulher_adm + pct_superior_adm + pct_negra_adm | cbo_4d + periodo,,0.10585484190753851,0.05992341831470352,0.07821154195087687,-0.011595057989280386,0.2233047418043574,estimated,thin,1,6
income_pnad,income_up_to_1sm,Até 1 salário mínimo,ln_salario_real_adm,Salário real de admissão (log),ddd,strict_no_tail_binning,23,False,False,estimated,12536,12536,340,pyfixest_retained_sample,ln_salario_real_adm ~ group_tm12 + did_tm12 + ddd_tm12 + group_tm11 + did_tm11 + ddd_tm11 + group_tm10 + did_tm10 + ddd_tm10 + group_tm9 + did_tm9 + ddd_tm9 + group_tm8 + did_tm8 + ddd_tm8 + group_tm7 + did_tm7 + ddd_tm7 + group_tm6 + did_tm6 + ddd_tm6 + group_tm5 + did_tm5 + ddd_tm5 + group_tm4 + did_tm4 + ddd_tm4 + group_tm3 + did_tm3 + ddd_tm3 + group_tm2 + did_tm2 + ddd_tm2 + group_t0 + did_t0 + ddd_t0 + group_t1 + did_t1 + ddd_t1 + group_t2 + did_t2 + ddd_t2 + group_t3 + did_t3 + ddd_t3 + group_t4 + did_t4 + ddd_t4 + group_t5 + did_t5 + ddd_t5 + group_t6 + did_t6 + ddd_t6 + group_t7 + did_t7 + ddd_t7 + group_t8 + did_t8 + ddd_t8 + group_t9 + did_t9 + ddd_t9 + group_t10 + did_t10 + ddd_t10 + group_t11 + did_t11 + ddd_t11 + group_t12 + did_t12 + ddd_t12 + group_t13 + did_t13 + ddd_t13 + group_t14 + did_t14 + ddd_t14 + group_t15 + did_t15 + ddd_t15 + group_t16 + did_t16 + ddd_t16 + group_t17 + did_t17 + ddd_t17 + group_t18 + did_t18 + ddd_t18 + group_t19 + did_t19 + ddd_t19 + group_t20 + did_t20 + ddd_t20 + group_t21 + did_t21 + ddd_t21 + group_t22 + did_t22 + ddd_t22 + group_t23 + did_t23 + ddd_t23 + group_t24 + did_t24 + ddd_t24 + idade_media_adm + pct_mulher_adm + pct_superior_adm + pct_negra_adm | cbo_4d + periodo,,0.060683350147241355,0.09699194988544758,0.5319632307523849,-0.1294208716282359,0.2507875719227186,estimated,thin,1,6
income_pnad,income_up_to_1sm,Até 1 salário mínimo,ln_salario_real_adm,Salário real de admissão (log),ddd,strict_no_tail_binning,24,False,False,estimated,12536,12536,340,pyfixest_retained_sample,ln_salario_real_adm ~ group_tm12 + did_tm12 + ddd_tm12 + group_tm11 + did_tm11 + ddd_tm11 + group_tm10 + did_tm10 + ddd_tm10 + group_tm9 + did_tm9 + ddd_tm9 + group_tm8 + did_tm8 + ddd_tm8 + group_tm7 + did_tm7 + ddd_tm7 + group_tm6 + did_tm6 + ddd_tm6 + group_tm5 + did_tm5 + ddd_tm5 + group_tm4 + did_tm4 + ddd_tm4 + group_tm3 + did_tm3 + ddd_tm3 + group_tm2 + did_tm2 + ddd_tm2 + group_t0 + did_t0 + ddd_t0 + group_t1 + did_t1 + ddd_t1 + group_t2 + did_t2 + ddd_t2 + group_t3 + did_t3 + ddd_t3 + group_t4 + did_t4 + ddd_t4 + group_t5 + did_t5 + ddd_t5 + group_t6 + did_t6 + ddd_t6 + group_t7 + did_t7 + ddd_t7 + group_t8 + did_t8 + ddd_t8 + group_t9 + did_t9 + ddd_t9 + group_t10 + did_t10 + ddd_t10 + group_t11 + did_t11 + ddd_t11 + group_t12 + did_t12 + ddd_t12 + group_t13 + did_t13 + ddd_t13 + group_t14 + did_t14 + ddd_t14 + group_t15 + did_t15 + ddd_t15 + group_t16 + did_t16 + ddd_t16 + group_t17 + did_t17 + ddd_t17 + group_t18 + did_t18 + ddd_t18 + group_t19 + did_t19 + ddd_t19 + group_t20 + did_t20 + ddd_t20 + group_t21 + did_t21 + ddd_t21 + group_t22 + did_t22 + ddd_t22 + group_t23 + did_t23 + ddd_t23 + group_t24 + did_t24 + ddd_t24 + idade_media_adm + pct_mulher_adm + pct_superior_adm + pct_negra_adm | cbo_4d + periodo,,-0.029779479120272248,0.10847269330056357,0.7838412423464023,-0.24238595798937684,0.18282699974883232,estimated,thin,1,6
income_pnad,income_1_2sm,Mais de 1 até 2 salários mínimos,ln_admissoes,Admissões (log),ddd,strict_no_tail_binning,-12,False,True,estimated,12536,12536,340,pyfixest_retained_sample,ln_admissoes ~ group_tm12 + did_tm12 + ddd_tm12 + group_tm11 + did_tm11 + ddd_tm11 + group_tm10 + did_tm10 + ddd_tm10 + group_tm9 + did_tm9 + ddd_tm9 + group_tm8 + did_tm8 + ddd_tm8 + group_tm7 + did_tm7 + ddd_tm7 + group_tm6 + did_tm6 + ddd_tm6 + group_tm5 + did_tm5 + ddd_tm5 + group_tm4 + did_tm4 + ddd_tm4 + group_tm3 + did_tm3 + ddd_tm3 + group_tm2 + did_tm2 + ddd_tm2 + group_t0 + did_t0 + ddd_t0 + group_t1 + did_t1 + ddd_t1 + group_t2 + did_t2 + ddd_t2 + group_t3 + did_t3 + ddd_t3 + group_t4 + did_t4 + ddd_t4 + group_t5 + did_t5 + ddd_t5 + group_t6 + did_t6 + ddd_t6 + group_t7 + did_t7 + ddd_t7 + group_t8 + did_t8 + ddd_t8 + group_t9 + did_t9 + ddd_t9 + group_t10 + did_t10 + ddd_t10 + group_t11 + did_t11 + ddd_t11 + group_t12 + did_t12 + ddd_t12 + group_t13 + did_t13 + ddd_t13 + group_t14 + did_t14 + ddd_t14 + group_t15 + did_t15 + ddd_t15 + group_t16 + did_t16 + ddd_t16 + group_t17 + did_t17 + ddd_t17 + group_t18 + did_t18 + ddd_t18 + group_t19 + did_t19 + ddd_t19 + group_t20 + did_t20 + ddd_t20 + group_t21 + did_t21 + ddd_t21 + group_t22 + did_t22 + ddd_t22 + group_t23 + did_t23 + ddd_t23 + group_t24 + did_t24 + ddd_t24 + idade_media_adm + pct_mulher_adm + pct_superior_adm + pct_negra_adm | cbo_4d + periodo,,-0.3577110388099981,0.1090812266885723,0.0011485947053355705,-0.5715102431195997,-0.1439118345003964,estimated,adequate,43,220
income_pnad,income_1_2sm,Mais de 1 até 2 salários mínimos,ln_admissoes,Admissões (log),ddd,strict_no_tail_binning,-11,False,True,estimated,12536,12536,340,pyfixest_retained_sample,ln_admissoes ~ group_tm12 + did_tm12 + ddd_tm12 + group_tm11 + did_tm11 + ddd_tm11 + group_tm10 + did_tm10 + ddd_tm10 + group_tm9 + did_tm9 + ddd_tm9 + group_tm8 + did_tm8 + ddd_tm8 + group_tm7 + did_tm7 + ddd_tm7 + group_tm6 + did_tm6 + ddd_tm6 + group_tm5 + did_tm5 + ddd_tm5 + group_tm4 + did_tm4 + ddd_tm4 + group_tm3 + did_tm3 + ddd_tm3 + group_tm2 + did_tm2 + ddd_tm2 + group_t0 + did_t0 + ddd_t0 + group_t1 + did_t1 + ddd_t1 + group_t2 + did_t2 + ddd_t2 + group_t3 + did_t3 + ddd_t3 + group_t4 + did_t4 + ddd_t4 + group_t5 + did_t5 + ddd_t5 + group_t6 + did_t6 + ddd_t6 + group_t7 + did_t7 + ddd_t7 + group_t8 + did_t8 + ddd_t8 + group_t9 + did_t9 + ddd_t9 + group_t10 + did_t10 + ddd_t10 + group_t11 + did_t11 + ddd_t11 + group_t12 + did_t12 + ddd_t12 + group_t13 + did_t13 + ddd_t13 + group_t14 + did_t14 + ddd_t14 + group_t15 + did_t15 + ddd_t15 + group_t16 + did_t16 + ddd_t16 + group_t17 + did_t17 + ddd_t17 + group_t18 + did_t18 + ddd_t18 + group_t19 + did_t19 + ddd_t19 + group_t20 + did_t20 + ddd_t20 + group_t21 + did_t21 + ddd_t21 + group_t22 + did_t22 + ddd_t22 + group_t23 + did_t23 + ddd_t23 + group_t24 + did_t24 + ddd_t24 + idade_media_adm + pct_mulher_adm + pct_superior_adm + pct_negra_adm | cbo_4d + periodo,,-0.3962614491690631,0.09113755838814928,1.8196030945771824e-05,-0.5748910636098357,-0.21763183472829048,estimated,adequate,43,220
income_pnad,income_1_2sm,Mais de 1 até 2 salários mínimos,ln_admissoes,Admissões (log),ddd,strict_no_tail_binning,-10,False,True,estimated,12536,12536,340,pyfixest_retained_sample,ln_admissoes ~ group_tm12 + did_tm12 + ddd_tm12 + group_tm11 + did_tm11 + ddd_tm11 + group_tm10 + did_tm10 + ddd_tm10 + group_tm9 + did_tm9 + ddd_tm9 + group_tm8 + did_tm8 + ddd_tm8 + group_tm7 + did_tm7 + ddd_tm7 + group_tm6 + did_tm6 + ddd_tm6 + group_tm5 + did_tm5 + ddd_tm5 + group_tm4 + did_tm4 + ddd_tm4 + group_tm3 + did_tm3 + ddd_tm3 + group_tm2 + did_tm2 + ddd_tm2 + group_t0 + did_t0 + ddd_t0 + group_t1 + did_t1 + ddd_t1 + group_t2 + did_t2 + ddd_t2 + group_t3 + did_t3 + ddd_t3 + group_t4 + did_t4 + ddd_t4 + group_t5 + did_t5 + ddd_t5 + group_t6 + did_t6 + ddd_t6 + group_t7 + did_t7 + ddd_t7 + group_t8 + did_t8 + ddd_t8 + group_t9 + did_t9 + ddd_t9 + group_t10 + did_t10 + ddd_t10 + group_t11 + did_t11 + ddd_t11 + group_t12 + did_t12 + ddd_t12 + group_t13 + did_t13 + ddd_t13 + group_t14 + did_t14 + ddd_t14 + group_t15 + did_t15 + ddd_t15 + group_t16 + did_t16 + ddd_t16 + group_t17 + did_t17 + ddd_t17 + group_t18 + did_t18 + ddd_t18 + group_t19 + did_t19 + ddd_t19 + group_t20 + did_t20 + ddd_t20 + group_t21 + did_t21 + ddd_t21 + group_t22 + did_t22 + ddd_t22 + group_t23 + did_t23 + ddd_t23 + group_t24 + did_t24 + ddd_t24 + idade_media_adm + pct_mulher_adm + pct_superior_adm + pct_negra_adm | cbo_4d + periodo,,-0.351063975352605,0.10691515949665394,0.0011318819929493351,-0.5606176879660467,-0.14151026273916326,estimated,adequate,43,220
income_pnad,income_1_2sm,Mais de 1 até 2 salários mínimos,ln_admissoes,Admissões (log),ddd,strict_no_tail_binning,-9,False,True,estimated,12536,12536,340,pyfixest_retained_sample,ln_admissoes ~ group_tm12 + did_tm12 + ddd_tm12 + group_tm11 + did_tm11 + ddd_tm11 + group_tm10 + did_tm10 + ddd_tm10 + group_tm9 + did_tm9 + ddd_tm9 + group_tm8 + did_tm8 + ddd_tm8 + group_tm7 + did_tm7 + ddd_tm7 + group_tm6 + did_tm6 + ddd_tm6 + group_tm5 + did_tm5 + ddd_tm5 + group_tm4 + did_tm4 + ddd_tm4 + group_tm3 + did_tm3 + ddd_tm3 + group_tm2 + did_tm2 + ddd_tm2 + group_t0 + did_t0 + ddd_t0 + group_t1 + did_t1 + ddd_t1 + group_t2 + did_t2 + ddd_t2 + group_t3 + did_t3 + ddd_t3 + group_t4 + did_t4 + ddd_t4 + group_t5 + did_t5 + ddd_t5 + group_t6 + did_t6 + ddd_t6 + group_t7 + did_t7 + ddd_t7 + group_t8 + did_t8 + ddd_t8 + group_t9 + did_t9 + ddd_t9 + group_t10 + did_t10 + ddd_t10 + group_t11 + did_t11 + ddd_t11 + group_t12 + did_t12 + ddd_t12 + group_t13 + did_t13 + ddd_t13 + group_t14 + did_t14 + ddd_t14 + group_t15 + did_t15 + ddd_t15 + group_t16 + did_t16 + ddd_t16 + group_t17 + did_t17 + ddd_t17 + group_t18 + did_t18 + ddd_t18 + group_t19 + did_t19 + ddd_t19 + group_t20 + did_t20 + ddd_t20 + group_t21 + did_t21 + ddd_t21 + group_t22 + did_t22 + ddd_t22 + group_t23 + did_t23 + ddd_t23 + group_t24 + did_t24 + ddd_t24 + idade_media_adm + pct_mulher_adm + pct_superior_adm + pct_negra_adm | cbo_4d + periodo,,-0.32045647912788056,0.0962403183859365,0.0009648832359352433,-0.5090875031643161,-0.13182545509144503,estimated,adequate,43,220
income_pnad,income_1_2sm,Mais de 1 até 2 salários mínimos,ln_admissoes,Admissões (log),ddd,strict_no_tail_binning,-8,False,True,estimated,12536,12536,340,pyfixest_retained_sample,ln_admissoes ~ group_tm12 + did_tm12 + ddd_tm12 + group_tm11 + did_tm11 + ddd_tm11 + group_tm10 + did_tm10 + ddd_tm10 + group_tm9 + did_tm9 + ddd_tm9 + group_tm8 + did_tm8 + ddd_tm8 + group_tm7 + did_tm7 + ddd_tm7 + group_tm6 + did_tm6 + ddd_tm6 + group_tm5 + did_tm5 + ddd_tm5 + group_tm4 + did_tm4 + ddd_tm4 + group_tm3 + did_tm3 + ddd_tm3 + group_tm2 + did_tm2 + ddd_tm2 + group_t0 + did_t0 + ddd_t0 + group_t1 + did_t1 + ddd_t1 + group_t2 + did_t2 + ddd_t2 + group_t3 + did_t3 + ddd_t3 + group_t4 + did_t4 + ddd_t4 + group_t5 + did_t5 + ddd_t5 + group_t6 + did_t6 + ddd_t6 + group_t7 + did_t7 + ddd_t7 + group_t8 + did_t8 + ddd_t8 + group_t9 + did_t9 + ddd_t9 + group_t10 + did_t10 + ddd_t10 + group_t11 + did_t11 + ddd_t11 + group_t12 + did_t12 + ddd_t12 + group_t13 + did_t13 + ddd_t13 + group_t14 + did_t14 + ddd_t14 + group_t15 + did_t15 + ddd_t15 + group_t16 + did_t16 + ddd_t16 + group_t17 + did_t17 + ddd_t17 + group_t18 + did_t18 + ddd_t18 + group_t19 + did_t19 + ddd_t19 + group_t20 + did_t20 + ddd_t20 + group_t21 + did_t21 + ddd_t21 + group_t22 + did_t22 + ddd_t22 + group_t23 + did_t23 + ddd_t23 + group_t24 + did_t24 + ddd_t24 + idade_media_adm + pct_mulher_adm + pct_superior_adm + pct_negra_adm | cbo_4d + periodo,,-0.29543752675169516,0.08638766138489912,0.0007028807851896524,-0.4647573430660974,-0.1261177104372929,estimated,adequate,43,220
income_pnad,income_1_2sm,Mais de 1 até 2 salários mínimos,ln_admissoes,Admissões (log),ddd,strict_no_tail_binning,-7,False,True,estimated,12536,12536,340,pyfixest_retained_sample,ln_admissoes ~ group_tm12 + did_tm12 + ddd_tm12 + group_tm11 + did_tm11 + ddd_tm11 + group_tm10 + did_tm10 + ddd_tm10 + group_tm9 + did_tm9 + ddd_tm9 + group_tm8 + did_tm8 + ddd_tm8 + group_tm7 + did_tm7 + ddd_tm7 + group_tm6 + did_tm6 + ddd_tm6 + group_tm5 + did_tm5 + ddd_tm5 + group_tm4 + did_tm4 + ddd_tm4 + group_tm3 + did_tm3 + ddd_tm3 + group_tm2 + did_tm2 + ddd_tm2 + group_t0 + did_t0 + ddd_t0 + group_t1 + did_t1 + ddd_t1 + group_t2 + did_t2 + ddd_t2 + group_t3 + did_t3 + ddd_t3 + group_t4 + did_t4 + ddd_t4 + group_t5 + did_t5 + ddd_t5 + group_t6 + did_t6 + ddd_t6 + group_t7 + did_t7 + ddd_t7 + group_t8 + did_t8 + ddd_t8 + group_t9 + did_t9 + ddd_t9 + group_t10 + did_t10 + ddd_t10 + group_t11 + did_t11 + ddd_t11 + group_t12 + did_t12 + ddd_t12 + group_t13 + did_t13 + ddd_t13 + group_t14 + did_t14 + ddd_t14 + group_t15 + did_t15 + ddd_t15 + group_t16 + did_t16 + ddd_t16 + group_t17 + did_t17 + ddd_t17 + group_t18 + did_t18 + ddd_t18 + group_t19 + did_t19 + ddd_t19 + group_t20 + did_t20 + ddd_t20 + group_t21 + did_t21 + ddd_t21 + group_t22 + did_t22 + ddd_t22 + group_t23 + did_t23 + ddd_t23 + group_t24 + did_t24 + ddd_t24 + idade_media_adm + pct_mulher_adm + pct_superior_adm + pct_negra_adm | cbo_4d + periodo,,-0.2251905784451783,0.09042013395154007,0.013234857040713255,-0.40241404099019684,-0.047967115900159785,estimated,adequate,43,220
income_pnad,income_1_2sm,Mais de 1 até 2 salários mínimos,ln_admissoes,Admissões (log),ddd,strict_no_tail_binning,-6,False,True,estimated,12536,12536,340,pyfixest_retained_sample,ln_admissoes ~ group_tm12 + did_tm12 + ddd_tm12 + group_tm11 + did_tm11 + ddd_tm11 + group_tm10 + did_tm10 + ddd_tm10 + group_tm9 + did_tm9 + ddd_tm9 + group_tm8 + did_tm8 + ddd_tm8 + group_tm7 + did_tm7 + ddd_tm7 + group_tm6 + did_tm6 + ddd_tm6 + group_tm5 + did_tm5 + ddd_tm5 + group_tm4 + did_tm4 + ddd_tm4 + group_tm3 + did_tm3 + ddd_tm3 + group_tm2 + did_tm2 + ddd_tm2 + group_t0 + did_t0 + ddd_t0 + group_t1 + did_t1 + ddd_t1 + group_t2 + did_t2 + ddd_t2 + group_t3 + did_t3 + ddd_t3 + group_t4 + did_t4 + ddd_t4 + group_t5 + did_t5 + ddd_t5 + group_t6 + did_t6 + ddd_t6 + group_t7 + did_t7 + ddd_t7 + group_t8 + did_t8 + ddd_t8 + group_t9 + did_t9 + ddd_t9 + group_t10 + did_t10 + ddd_t10 + group_t11 + did_t11 + ddd_t11 + group_t12 + did_t12 + ddd_t12 + group_t13 + did_t13 + ddd_t13 + group_t14 + did_t14 + ddd_t14 + group_t15 + did_t15 + ddd_t15 + group_t16 + did_t16 + ddd_t16 + group_t17 + did_t17 + ddd_t17 + group_t18 + did_t18 + ddd_t18 + group_t19 + did_t19 + ddd_t19 + group_t20 + did_t20 + ddd_t20 + group_t21 + did_t21 + ddd_t21 + group_t22 + did_t22 + ddd_t22 + group_t23 + did_t23 + ddd_t23 + group_t24 + did_t24 + ddd_t24 + idade_media_adm + pct_mulher_adm + pct_superior_adm + pct_negra_adm | cbo_4d + periodo,,-0.24329458710932816,0.09966515893643442,0.015152904455852045,-0.43863829862473963,-0.0479508755939167,estimated,adequate,43,220
income_pnad,income_1_2sm,Mais de 1 até 2 salários mínimos,ln_admissoes,Admissões (log),ddd,strict_no_tail_binning,-5,False,True,estimated,12536,12536,340,pyfixest_retained_sample,ln_admissoes ~ group_tm12 + did_tm12 + ddd_tm12 + group_tm11 + did_tm11 + ddd_tm11 + group_tm10 + did_tm10 + ddd_tm10 + group_tm9 + did_tm9 + ddd_tm9 + group_tm8 + did_tm8 + ddd_tm8 + group_tm7 + did_tm7 + ddd_tm7 + group_tm6 + did_tm6 + ddd_tm6 + group_tm5 + did_tm5 + ddd_tm5 + group_tm4 + did_tm4 + ddd_tm4 + group_tm3 + did_tm3 + ddd_tm3 + group_tm2 + did_tm2 + ddd_tm2 + group_t0 + did_t0 + ddd_t0 + group_t1 + did_t1 + ddd_t1 + group_t2 + did_t2 + ddd_t2 + group_t3 + did_t3 + ddd_t3 + group_t4 + did_t4 + ddd_t4 + group_t5 + did_t5 + ddd_t5 + group_t6 + did_t6 + ddd_t6 + group_t7 + did_t7 + ddd_t7 + group_t8 + did_t8 + ddd_t8 + group_t9 + did_t9 + ddd_t9 + group_t10 + did_t10 + ddd_t10 + group_t11 + did_t11 + ddd_t11 + group_t12 + did_t12 + ddd_t12 + group_t13 + did_t13 + ddd_t13 + group_t14 + did_t14 + ddd_t14 + group_t15 + did_t15 + ddd_t15 + group_t16 + did_t16 + ddd_t16 + group_t17 + did_t17 + ddd_t17 + group_t18 + did_t18 + ddd_t18 + group_t19 + did_t19 + ddd_t19 + group_t20 + did_t20 + ddd_t20 + group_t21 + did_t21 + ddd_t21 + group_t22 + did_t22 + ddd_t22 + group_t23 + did_t23 + ddd_t23 + group_t24 + did_t24 + ddd_t24 + idade_media_adm + pct_mulher_adm + pct_superior_adm + pct_negra_adm | cbo_4d + periodo,,-0.20791443191399017,0.094958904430837,0.029240306561616247,-0.3940338845984307,-0.02179497922954965,estimated,adequate,43,220
income_pnad,income_1_2sm,Mais de 1 até 2 salários mínimos,ln_admissoes,Admissões (log),ddd,strict_no_tail_binning,-4,False,True,estimated,12536,12536,340,pyfixest_retained_sample,ln_admissoes ~ group_tm12 + did_tm12 + ddd_tm12 + group_tm11 + did_tm11 + ddd_tm11 + group_tm10 + did_tm10 + ddd_tm10 + group_tm9 + did_tm9 + ddd_tm9 + group_tm8 + did_tm8 + ddd_tm8 + group_tm7 + did_tm7 + ddd_tm7 + group_tm6 + did_tm6 + ddd_tm6 + group_tm5 + did_tm5 + ddd_tm5 + group_tm4 + did_tm4 + ddd_tm4 + group_tm3 + did_tm3 + ddd_tm3 + group_tm2 + did_tm2 + ddd_tm2 + group_t0 + did_t0 + ddd_t0 + group_t1 + did_t1 + ddd_t1 + group_t2 + did_t2 + ddd_t2 + group_t3 + did_t3 + ddd_t3 + group_t4 + did_t4 + ddd_t4 + group_t5 + did_t5 + ddd_t5 + group_t6 + did_t6 + ddd_t6 + group_t7 + did_t7 + ddd_t7 + group_t8 + did_t8 + ddd_t8 + group_t9 + did_t9 + ddd_t9 + group_t10 + did_t10 + ddd_t10 + group_t11 + did_t11 + ddd_t11 + group_t12 + did_t12 + ddd_t12 + group_t13 + did_t13 + ddd_t13 + group_t14 + did_t14 + ddd_t14 + group_t15 + did_t15 + ddd_t15 + group_t16 + did_t16 + ddd_t16 + group_t17 + did_t17 + ddd_t17 + group_t18 + did_t18 + ddd_t18 + group_t19 + did_t19 + ddd_t19 + group_t20 + did_t20 + ddd_t20 + group_t21 + did_t21 + ddd_t21 + group_t22 + did_t22 + ddd_t22 + group_t23 + did_t23 + ddd_t23 + group_t24 + did_t24 + ddd_t24 + idade_media_adm + pct_mulher_adm + pct_superior_adm + pct_negra_adm | cbo_4d + periodo,,-0.2585719244271567,0.11798900707115394,0.02909618251634405,-0.4898303782866184,-0.02731347056769501,estimated,adequate,43,220
income_pnad,income_1_2sm,Mais de 1 até 2 salários mínimos,ln_admissoes,Admissões (log),ddd,strict_no_tail_binning,-3,False,True,estimated,12536,12536,340,pyfixest_retained_sample,ln_admissoes ~ group_tm12 + did_tm12 + ddd_tm12 + group_tm11 + did_tm11 + ddd_tm11 + group_tm10 + did_tm10 + ddd_tm10 + group_tm9 + did_tm9 + ddd_tm9 + group_tm8 + did_tm8 + ddd_tm8 + group_tm7 + did_tm7 + ddd_tm7 + group_tm6 + did_tm6 + ddd_tm6 + group_tm5 + did_tm5 + ddd_tm5 + group_tm4 + did_tm4 + ddd_tm4 + group_tm3 + did_tm3 + ddd_tm3 + group_tm2 + did_tm2 + ddd_tm2 + group_t0 + did_t0 + ddd_t0 + group_t1 + did_t1 + ddd_t1 + group_t2 + did_t2 + ddd_t2 + group_t3 + did_t3 + ddd_t3 + group_t4 + did_t4 + ddd_t4 + group_t5 + did_t5 + ddd_t5 + group_t6 + did_t6 + ddd_t6 + group_t7 + did_t7 + ddd_t7 + group_t8 + did_t8 + ddd_t8 + group_t9 + did_t9 + ddd_t9 + group_t10 + did_t10 + ddd_t10 + group_t11 + did_t11 + ddd_t11 + group_t12 + did_t12 + ddd_t12 + group_t13 + did_t13 + ddd_t13 + group_t14 + did_t14 + ddd_t14 + group_t15 + did_t15 + ddd_t15 + group_t16 + did_t16 + ddd_t16 + group_t17 + did_t17 + ddd_t17 + group_t18 + did_t18 + ddd_t18 + group_t19 + did_t19 + ddd_t19 + group_t20 + did_t20 + ddd_t20 + group_t21 + did_t21 + ddd_t21 + group_t22 + did_t22 + ddd_t22 + group_t23 + did_t23 + ddd_t23 + group_t24 + did_t24 + ddd_t24 + idade_media_adm + pct_mulher_adm + pct_superior_adm + pct_negra_adm | cbo_4d + periodo,,-0.05515529145236361,0.10416503024710395,0.5968058307879427,-0.25931875073668736,0.14900816783196014,estimated,adequate,43,220
income_pnad,income_1_2sm,Mais de 1 até 2 salários mínimos,ln_admissoes,Admissões (log),ddd,strict_no_tail_binning,-2,False,True,estimated,12536,12536,340,pyfixest_retained_sample,ln_admissoes ~ group_tm12 + did_tm12 + ddd_tm12 + group_tm11 + did_tm11 + ddd_tm11 + group_tm10 + did_tm10 + ddd_tm10 + group_tm9 + did_tm9 + ddd_tm9 + group_tm8 + did_tm8 + ddd_tm8 + group_tm7 + did_tm7 + ddd_tm7 + group_tm6 + did_tm6 + ddd_tm6 + group_tm5 + did_tm5 + ddd_tm5 + group_tm4 + did_tm4 + ddd_tm4 + group_tm3 + did_tm3 + ddd_tm3 + group_tm2 + did_tm2 + ddd_tm2 + group_t0 + did_t0 + ddd_t0 + group_t1 + did_t1 + ddd_t1 + group_t2 + did_t2 + ddd_t2 + group_t3 + did_t3 + ddd_t3 + group_t4 + did_t4 + ddd_t4 + group_t5 + did_t5 + ddd_t5 + group_t6 + did_t6 + ddd_t6 + group_t7 + did_t7 + ddd_t7 + group_t8 + did_t8 + ddd_t8 + group_t9 + did_t9 + ddd_t9 + group_t10 + did_t10 + ddd_t10 + group_t11 + did_t11 + ddd_t11 + group_t12 + did_t12 + ddd_t12 + group_t13 + did_t13 + ddd_t13 + group_t14 + did_t14 + ddd_t14 + group_t15 + did_t15 + ddd_t15 + group_t16 + did_t16 + ddd_t16 + group_t17 + did_t17 + ddd_t17 + group_t18 + did_t18 + ddd_t18 + group_t19 + did_t19 + ddd_t19 + group_t20 + did_t20 + ddd_t20 + group_t21 + did_t21 + ddd_t21 + group_t22 + did_t22 + ddd_t22 + group_t23 + did_t23 + ddd_t23 + group_t24 + did_t24 + ddd_t24 + idade_media_adm + pct_mulher_adm + pct_superior_adm + pct_negra_adm | cbo_4d + periodo,,-0.15244511972174843,0.093343348151867,0.1033626225783022,-0.33539808209940775,0.03050784265591089,estimated,adequate,43,220
income_pnad,income_1_2sm,Mais de 1 até 2 salários mínimos,ln_admissoes,Admissões (log),ddd,strict_no_tail_binning,-1,True,False,estimated,12536,12536,340,pyfixest_retained_sample,ln_admissoes ~ group_tm12 + did_tm12 + ddd_tm12 + group_tm11 + did_tm11 + ddd_tm11 + group_tm10 + did_tm10 + ddd_tm10 + group_tm9 + did_tm9 + ddd_tm9 + group_tm8 + did_tm8 + ddd_tm8 + group_tm7 + did_tm7 + ddd_tm7 + group_tm6 + did_tm6 + ddd_tm6 + group_tm5 + did_tm5 + ddd_tm5 + group_tm4 + did_tm4 + ddd_tm4 + group_tm3 + did_tm3 + ddd_tm3 + group_tm2 + did_tm2 + ddd_tm2 + group_t0 + did_t0 + ddd_t0 + group_t1 + did_t1 + ddd_t1 + group_t2 + did_t2 + ddd_t2 + group_t3 + did_t3 + ddd_t3 + group_t4 + did_t4 + ddd_t4 + group_t5 + did_t5 + ddd_t5 + group_t6 + did_t6 + ddd_t6 + group_t7 + did_t7 + ddd_t7 + group_t8 + did_t8 + ddd_t8 + group_t9 + did_t9 + ddd_t9 + group_t10 + did_t10 + ddd_t10 + group_t11 + did_t11 + ddd_t11 + group_t12 + did_t12 + ddd_t12 + group_t13 + did_t13 + ddd_t13 + group_t14 + did_t14 + ddd_t14 + group_t15 + did_t15 + ddd_t15 + group_t16 + did_t16 + ddd_t16 + group_t17 + did_t17 + ddd_t17 + group_t18 + did_t18 + ddd_t18 + group_t19 + did_t19 + ddd_t19 + group_t20 + did_t20 + ddd_t20 + group_t21 + did_t21 + ddd_t21 + group_t22 + did_t22 + ddd_t22 + group_t23 + did_t23 + ddd_t23 + group_t24 + did_t24 + ddd_t24 + idade_media_adm + pct_mulher_adm + pct_superior_adm + pct_negra_adm | cbo_4d + periodo,,0.0,0.0,,0.0,0.0,reference,adequate,43,220
income_pnad,income_1_2sm,Mais de 1 até 2 salários mínimos,ln_admissoes,Admissões (log),ddd,strict_no_tail_binning,0,False,False,estimated,12536,12536,340,pyfixest_retained_sample,ln_admissoes ~ group_tm12 + did_tm12 + ddd_tm12 + group_tm11 + did_tm11 + ddd_tm11 + group_tm10 + did_tm10 + ddd_tm10 + group_tm9 + did_tm9 + ddd_tm9 + group_tm8 + did_tm8 + ddd_tm8 + group_tm7 + did_tm7 + ddd_tm7 + group_tm6 + did_tm6 + ddd_tm6 + group_tm5 + did_tm5 + ddd_tm5 + group_tm4 + did_tm4 + ddd_tm4 + group_tm3 + did_tm3 + ddd_tm3 + group_tm2 + did_tm2 + ddd_tm2 + group_t0 + did_t0 + ddd_t0 + group_t1 + did_t1 + ddd_t1 + group_t2 + did_t2 + ddd_t2 + group_t3 + did_t3 + ddd_t3 + group_t4 + did_t4 + ddd_t4 + group_t5 + did_t5 + ddd_t5 + group_t6 + did_t6 + ddd_t6 + group_t7 + did_t7 + ddd_t7 + group_t8 + did_t8 + ddd_t8 + group_t9 + did_t9 + ddd_t9 + group_t10 + did_t10 + ddd_t10 + group_t11 + did_t11 + ddd_t11 + group_t12 + did_t12 + ddd_t12 + group_t13 + did_t13 + ddd_t13 + group_t14 + did_t14 + ddd_t14 + group_t15 + did_t15 + ddd_t15 + group_t16 + did_t16 + ddd_t16 + group_t17 + did_t17 + ddd_t17 + group_t18 + did_t18 + ddd_t18 + group_t19 + did_t19 + ddd_t19 + group_t20 + did_t20 + ddd_t20 + group_t21 + did_t21 + ddd_t21 + group_t22 + did_t22 + ddd_t22 + group_t23 + did_t23 + ddd_t23 + group_t24 + did_t24 + ddd_t24 + idade_media_adm + pct_mulher_adm + pct_superior_adm + pct_negra_adm | cbo_4d + periodo,,0.0838748656675564,0.08690738187820932,0.33517951107151056,-0.08646360281373384,0.25421333414884667,estimated,adequate,43,220
income_pnad,income_1_2sm,Mais de 1 até 2 salários mínimos,ln_admissoes,Admissões (log),ddd,strict_no_tail_binning,1,False,False,estimated,12536,12536,340,pyfixest_retained_sample,ln_admissoes ~ group_tm12 + did_tm12 + ddd_tm12 + group_tm11 + did_tm11 + ddd_tm11 + group_tm10 + did_tm10 + ddd_tm10 + group_tm9 + did_tm9 + ddd_tm9 + group_tm8 + did_tm8 + ddd_tm8 + group_tm7 + did_tm7 + ddd_tm7 + group_tm6 + did_tm6 + ddd_tm6 + group_tm5 + did_tm5 + ddd_tm5 + group_tm4 + did_tm4 + ddd_tm4 + group_tm3 + did_tm3 + ddd_tm3 + group_tm2 + did_tm2 + ddd_tm2 + group_t0 + did_t0 + ddd_t0 + group_t1 + did_t1 + ddd_t1 + group_t2 + did_t2 + ddd_t2 + group_t3 + did_t3 + ddd_t3 + group_t4 + did_t4 + ddd_t4 + group_t5 + did_t5 + ddd_t5 + group_t6 + did_t6 + ddd_t6 + group_t7 + did_t7 + ddd_t7 + group_t8 + did_t8 + ddd_t8 + group_t9 + did_t9 + ddd_t9 + group_t10 + did_t10 + ddd_t10 + group_t11 + did_t11 + ddd_t11 + group_t12 + did_t12 + ddd_t12 + group_t13 + did_t13 + ddd_t13 + group_t14 + did_t14 + ddd_t14 + group_t15 + did_t15 + ddd_t15 + group_t16 + did_t16 + ddd_t16 + group_t17 + did_t17 + ddd_t17 + group_t18 + did_t18 + ddd_t18 + group_t19 + did_t19 + ddd_t19 + group_t20 + did_t20 + ddd_t20 + group_t21 + did_t21 + ddd_t21 + group_t22 + did_t22 + ddd_t22 + group_t23 + did_t23 + ddd_t23 + group_t24 + did_t24 + ddd_t24 + idade_media_adm + pct_mulher_adm + pct_superior_adm + pct_negra_adm | cbo_4d + periodo,,-0.32533465950485574,0.09095651822003784,0.00039840648187539074,-0.5036094352161299,-0.1470598837935816,estimated,adequate,43,220
income_pnad,income_1_2sm,Mais de 1 até 2 salários mínimos,ln_admissoes,Admissões (log),ddd,strict_no_tail_binning,2,False,False,estimated,12536,12536,340,pyfixest_retained_sample,ln_admissoes ~ group_tm12 + did_tm12 + ddd_tm12 + group_tm11 + did_tm11 + ddd_tm11 + group_tm10 + did_tm10 + ddd_tm10 + group_tm9 + did_tm9 + ddd_tm9 + group_tm8 + did_tm8 + ddd_tm8 + group_tm7 + did_tm7 + ddd_tm7 + group_tm6 + did_tm6 + ddd_tm6 + group_tm5 + did_tm5 + ddd_tm5 + group_tm4 + did_tm4 + ddd_tm4 + group_tm3 + did_tm3 + ddd_tm3 + group_tm2 + did_tm2 + ddd_tm2 + group_t0 + did_t0 + ddd_t0 + group_t1 + did_t1 + ddd_t1 + group_t2 + did_t2 + ddd_t2 + group_t3 + did_t3 + ddd_t3 + group_t4 + did_t4 + ddd_t4 + group_t5 + did_t5 + ddd_t5 + group_t6 + did_t6 + ddd_t6 + group_t7 + did_t7 + ddd_t7 + group_t8 + did_t8 + ddd_t8 + group_t9 + did_t9 + ddd_t9 + group_t10 + did_t10 + ddd_t10 + group_t11 + did_t11 + ddd_t11 + group_t12 + did_t12 + ddd_t12 + group_t13 + did_t13 + ddd_t13 + group_t14 + did_t14 + ddd_t14 + group_t15 + did_t15 + ddd_t15 + group_t16 + did_t16 + ddd_t16 + group_t17 + did_t17 + ddd_t17 + group_t18 + did_t18 + ddd_t18 + group_t19 + did_t19 + ddd_t19 + group_t20 + did_t20 + ddd_t20 + group_t21 + did_t21 + ddd_t21 + group_t22 + did_t22 + ddd_t22 + group_t23 + did_t23 + ddd_t23 + group_t24 + did_t24 + ddd_t24 + idade_media_adm + pct_mulher_adm + pct_superior_adm + pct_negra_adm | cbo_4d + periodo,,-0.24984844064600814,0.09615292032455107,0.009773399623376644,-0.4383081644821282,-0.061388716809888055,estimated,adequate,43,220
income_pnad,income_1_2sm,Mais de 1 até 2 salários mínimos,ln_admissoes,Admissões (log),ddd,strict_no_tail_binning,3,False,False,estimated,12536,12536,340,pyfixest_retained_sample,ln_admissoes ~ group_tm12 + did_tm12 + ddd_tm12 + group_tm11 + did_tm11 + ddd_tm11 + group_tm10 + did_tm10 + ddd_tm10 + group_tm9 + did_tm9 + ddd_tm9 + group_tm8 + did_tm8 + ddd_tm8 + group_tm7 + did_tm7 + ddd_tm7 + group_tm6 + did_tm6 + ddd_tm6 + group_tm5 + did_tm5 + ddd_tm5 + group_tm4 + did_tm4 + ddd_tm4 + group_tm3 + did_tm3 + ddd_tm3 + group_tm2 + did_tm2 + ddd_tm2 + group_t0 + did_t0 + ddd_t0 + group_t1 + did_t1 + ddd_t1 + group_t2 + did_t2 + ddd_t2 + group_t3 + did_t3 + ddd_t3 + group_t4 + did_t4 + ddd_t4 + group_t5 + did_t5 + ddd_t5 + group_t6 + did_t6 + ddd_t6 + group_t7 + did_t7 + ddd_t7 + group_t8 + did_t8 + ddd_t8 + group_t9 + did_t9 + ddd_t9 + group_t10 + did_t10 + ddd_t10 + group_t11 + did_t11 + ddd_t11 + group_t12 + did_t12 + ddd_t12 + group_t13 + did_t13 + ddd_t13 + group_t14 + did_t14 + ddd_t14 + group_t15 + did_t15 + ddd_t15 + group_t16 + did_t16 + ddd_t16 + group_t17 + did_t17 + ddd_t17 + group_t18 + did_t18 + ddd_t18 + group_t19 + did_t19 + ddd_t19 + group_t20 + did_t20 + ddd_t20 + group_t21 + did_t21 + ddd_t21 + group_t22 + did_t22 + ddd_t22 + group_t23 + did_t23 + ddd_t23 + group_t24 + did_t24 + ddd_t24 + idade_media_adm + pct_mulher_adm + pct_superior_adm + pct_negra_adm | cbo_4d + periodo,,-0.18673339034013642,0.09999109082057712,0.06269452001692244,-0.38271592834846757,0.009249147668194735,estimated,adequate,43,220
income_pnad,income_1_2sm,Mais de 1 até 2 salários mínimos,ln_admissoes,Admissões (log),ddd,strict_no_tail_binning,4,False,False,estimated,12536,12536,340,pyfixest_retained_sample,ln_admissoes ~ group_tm12 + did_tm12 + ddd_tm12 + group_tm11 + did_tm11 + ddd_tm11 + group_tm10 + did_tm10 + ddd_tm10 + group_tm9 + did_tm9 + ddd_tm9 + group_tm8 + did_tm8 + ddd_tm8 + group_tm7 + did_tm7 + ddd_tm7 + group_tm6 + did_tm6 + ddd_tm6 + group_tm5 + did_tm5 + ddd_tm5 + group_tm4 + did_tm4 + ddd_tm4 + group_tm3 + did_tm3 + ddd_tm3 + group_tm2 + did_tm2 + ddd_tm2 + group_t0 + did_t0 + ddd_t0 + group_t1 + did_t1 + ddd_t1 + group_t2 + did_t2 + ddd_t2 + group_t3 + did_t3 + ddd_t3 + group_t4 + did_t4 + ddd_t4 + group_t5 + did_t5 + ddd_t5 + group_t6 + did_t6 + ddd_t6 + group_t7 + did_t7 + ddd_t7 + group_t8 + did_t8 + ddd_t8 + group_t9 + did_t9 + ddd_t9 + group_t10 + did_t10 + ddd_t10 + group_t11 + did_t11 + ddd_t11 + group_t12 + did_t12 + ddd_t12 + group_t13 + did_t13 + ddd_t13 + group_t14 + did_t14 + ddd_t14 + group_t15 + did_t15 + ddd_t15 + group_t16 + did_t16 + ddd_t16 + group_t17 + did_t17 + ddd_t17 + group_t18 + did_t18 + ddd_t18 + group_t19 + did_t19 + ddd_t19 + group_t20 + did_t20 + ddd_t20 + group_t21 + did_t21 + ddd_t21 + group_t22 + did_t22 + ddd_t22 + group_t23 + did_t23 + ddd_t23 + group_t24 + did_t24 + ddd_t24 + idade_media_adm + pct_mulher_adm + pct_superior_adm + pct_negra_adm | cbo_4d + periodo,,-0.15259428096425473,0.09813401928264616,0.12088911648097134,-0.3449369587582412,0.03974839682973175,estimated,adequate,43,220
income_pnad,income_1_2sm,Mais de 1 até 2 salários mínimos,ln_admissoes,Admissões (log),ddd,strict_no_tail_binning,5,False,False,estimated,12536,12536,340,pyfixest_retained_sample,ln_admissoes ~ group_tm12 + did_tm12 + ddd_tm12 + group_tm11 + did_tm11 + ddd_tm11 + group_tm10 + did_tm10 + ddd_tm10 + group_tm9 + did_tm9 + ddd_tm9 + group_tm8 + did_tm8 + ddd_tm8 + group_tm7 + did_tm7 + ddd_tm7 + group_tm6 + did_tm6 + ddd_tm6 + group_tm5 + did_tm5 + ddd_tm5 + group_tm4 + did_tm4 + ddd_tm4 + group_tm3 + did_tm3 + ddd_tm3 + group_tm2 + did_tm2 + ddd_tm2 + group_t0 + did_t0 + ddd_t0 + group_t1 + did_t1 + ddd_t1 + group_t2 + did_t2 + ddd_t2 + group_t3 + did_t3 + ddd_t3 + group_t4 + did_t4 + ddd_t4 + group_t5 + did_t5 + ddd_t5 + group_t6 + did_t6 + ddd_t6 + group_t7 + did_t7 + ddd_t7 + group_t8 + did_t8 + ddd_t8 + group_t9 + did_t9 + ddd_t9 + group_t10 + did_t10 + ddd_t10 + group_t11 + did_t11 + ddd_t11 + group_t12 + did_t12 + ddd_t12 + group_t13 + did_t13 + ddd_t13 + group_t14 + did_t14 + ddd_t14 + group_t15 + did_t15 + ddd_t15 + group_t16 + did_t16 + ddd_t16 + group_t17 + did_t17 + ddd_t17 + group_t18 + did_t18 + ddd_t18 + group_t19 + did_t19 + ddd_t19 + group_t20 + did_t20 + ddd_t20 + group_t21 + did_t21 + ddd_t21 + group_t22 + did_t22 + ddd_t22 + group_t23 + did_t23 + ddd_t23 + group_t24 + did_t24 + ddd_t24 + idade_media_adm + pct_mulher_adm + pct_superior_adm + pct_negra_adm | cbo_4d + periodo,,-0.11718885192808506,0.11741985216425657,0.31897535046878156,-0.3473317621700279,0.11295405831385782,estimated,adequate,43,220
income_pnad,income_1_2sm,Mais de 1 até 2 salários mínimos,ln_admissoes,Admissões (log),ddd,strict_no_tail_binning,6,False,False,estimated,12536,12536,340,pyfixest_retained_sample,ln_admissoes ~ group_tm12 + did_tm12 + ddd_tm12 + group_tm11 + did_tm11 + ddd_tm11 + group_tm10 + did_tm10 + ddd_tm10 + group_tm9 + did_tm9 + ddd_tm9 + group_tm8 + did_tm8 + ddd_tm8 + group_tm7 + did_tm7 + ddd_tm7 + group_tm6 + did_tm6 + ddd_tm6 + group_tm5 + did_tm5 + ddd_tm5 + group_tm4 + did_tm4 + ddd_tm4 + group_tm3 + did_tm3 + ddd_tm3 + group_tm2 + did_tm2 + ddd_tm2 + group_t0 + did_t0 + ddd_t0 + group_t1 + did_t1 + ddd_t1 + group_t2 + did_t2 + ddd_t2 + group_t3 + did_t3 + ddd_t3 + group_t4 + did_t4 + ddd_t4 + group_t5 + did_t5 + ddd_t5 + group_t6 + did_t6 + ddd_t6 + group_t7 + did_t7 + ddd_t7 + group_t8 + did_t8 + ddd_t8 + group_t9 + did_t9 + ddd_t9 + group_t10 + did_t10 + ddd_t10 + group_t11 + did_t11 + ddd_t11 + group_t12 + did_t12 + ddd_t12 + group_t13 + did_t13 + ddd_t13 + group_t14 + did_t14 + ddd_t14 + group_t15 + did_t15 + ddd_t15 + group_t16 + did_t16 + ddd_t16 + group_t17 + did_t17 + ddd_t17 + group_t18 + did_t18 + ddd_t18 + group_t19 + did_t19 + ddd_t19 + group_t20 + did_t20 + ddd_t20 + group_t21 + did_t21 + ddd_t21 + group_t22 + did_t22 + ddd_t22 + group_t23 + did_t23 + ddd_t23 + group_t24 + did_t24 + ddd_t24 + idade_media_adm + pct_mulher_adm + pct_superior_adm + pct_negra_adm | cbo_4d + periodo,,-0.10176325961413271,0.08975127849598433,0.25766438230740185,-0.277675765466262,0.07414924623799657,estimated,adequate,43,220
income_pnad,income_1_2sm,Mais de 1 até 2 salários mínimos,ln_admissoes,Admissões (log),ddd,strict_no_tail_binning,7,False,False,estimated,12536,12536,340,pyfixest_retained_sample,ln_admissoes ~ group_tm12 + did_tm12 + ddd_tm12 + group_tm11 + did_tm11 + ddd_tm11 + group_tm10 + did_tm10 + ddd_tm10 + group_tm9 + did_tm9 + ddd_tm9 + group_tm8 + did_tm8 + ddd_tm8 + group_tm7 + did_tm7 + ddd_tm7 + group_tm6 + did_tm6 + ddd_tm6 + group_tm5 + did_tm5 + ddd_tm5 + group_tm4 + did_tm4 + ddd_tm4 + group_tm3 + did_tm3 + ddd_tm3 + group_tm2 + did_tm2 + ddd_tm2 + group_t0 + did_t0 + ddd_t0 + group_t1 + did_t1 + ddd_t1 + group_t2 + did_t2 + ddd_t2 + group_t3 + did_t3 + ddd_t3 + group_t4 + did_t4 + ddd_t4 + group_t5 + did_t5 + ddd_t5 + group_t6 + did_t6 + ddd_t6 + group_t7 + did_t7 + ddd_t7 + group_t8 + did_t8 + ddd_t8 + group_t9 + did_t9 + ddd_t9 + group_t10 + did_t10 + ddd_t10 + group_t11 + did_t11 + ddd_t11 + group_t12 + did_t12 + ddd_t12 + group_t13 + did_t13 + ddd_t13 + group_t14 + did_t14 + ddd_t14 + group_t15 + did_t15 + ddd_t15 + group_t16 + did_t16 + ddd_t16 + group_t17 + did_t17 + ddd_t17 + group_t18 + did_t18 + ddd_t18 + group_t19 + did_t19 + ddd_t19 + group_t20 + did_t20 + ddd_t20 + group_t21 + did_t21 + ddd_t21 + group_t22 + did_t22 + ddd_t22 + group_t23 + did_t23 + ddd_t23 + group_t24 + did_t24 + ddd_t24 + idade_media_adm + pct_mulher_adm + pct_superior_adm + pct_negra_adm | cbo_4d + periodo,,-0.14966520481971443,0.09415923889056012,0.11288186021638014,-0.3342173130452123,0.034886903405783404,estimated,adequate,43,220
income_pnad,income_1_2sm,Mais de 1 até 2 salários mínimos,ln_admissoes,Admissões (log),ddd,strict_no_tail_binning,8,False,False,estimated,12536,12536,340,pyfixest_retained_sample,ln_admissoes ~ group_tm12 + did_tm12 + ddd_tm12 + group_tm11 + did_tm11 + ddd_tm11 + group_tm10 + did_tm10 + ddd_tm10 + group_tm9 + did_tm9 + ddd_tm9 + group_tm8 + did_tm8 + ddd_tm8 + group_tm7 + did_tm7 + ddd_tm7 + group_tm6 + did_tm6 + ddd_tm6 + group_tm5 + did_tm5 + ddd_tm5 + group_tm4 + did_tm4 + ddd_tm4 + group_tm3 + did_tm3 + ddd_tm3 + group_tm2 + did_tm2 + ddd_tm2 + group_t0 + did_t0 + ddd_t0 + group_t1 + did_t1 + ddd_t1 + group_t2 + did_t2 + ddd_t2 + group_t3 + did_t3 + ddd_t3 + group_t4 + did_t4 + ddd_t4 + group_t5 + did_t5 + ddd_t5 + group_t6 + did_t6 + ddd_t6 + group_t7 + did_t7 + ddd_t7 + group_t8 + did_t8 + ddd_t8 + group_t9 + did_t9 + ddd_t9 + group_t10 + did_t10 + ddd_t10 + group_t11 + did_t11 + ddd_t11 + group_t12 + did_t12 + ddd_t12 + group_t13 + did_t13 + ddd_t13 + group_t14 + did_t14 + ddd_t14 + group_t15 + did_t15 + ddd_t15 + group_t16 + did_t16 + ddd_t16 + group_t17 + did_t17 + ddd_t17 + group_t18 + did_t18 + ddd_t18 + group_t19 + did_t19 + ddd_t19 + group_t20 + did_t20 + ddd_t20 + group_t21 + did_t21 + ddd_t21 + group_t22 + did_t22 + ddd_t22 + group_t23 + did_t23 + ddd_t23 + group_t24 + did_t24 + ddd_t24 + idade_media_adm + pct_mulher_adm + pct_superior_adm + pct_negra_adm | cbo_4d + periodo,,-0.06889254215058677,0.09934951803349987,0.48851074849046006,-0.26361759749624647,0.12583251319507296,estimated,adequate,43,220
income_pnad,income_1_2sm,Mais de 1 até 2 salários mínimos,ln_admissoes,Admissões (log),ddd,strict_no_tail_binning,9,False,False,estimated,12536,12536,340,pyfixest_retained_sample,ln_admissoes ~ group_tm12 + did_tm12 + ddd_tm12 + group_tm11 + did_tm11 + ddd_tm11 + group_tm10 + did_tm10 + ddd_tm10 + group_tm9 + did_tm9 + ddd_tm9 + group_tm8 + did_tm8 + ddd_tm8 + group_tm7 + did_tm7 + ddd_tm7 + group_tm6 + did_tm6 + ddd_tm6 + group_tm5 + did_tm5 + ddd_tm5 + group_tm4 + did_tm4 + ddd_tm4 + group_tm3 + did_tm3 + ddd_tm3 + group_tm2 + did_tm2 + ddd_tm2 + group_t0 + did_t0 + ddd_t0 + group_t1 + did_t1 + ddd_t1 + group_t2 + did_t2 + ddd_t2 + group_t3 + did_t3 + ddd_t3 + group_t4 + did_t4 + ddd_t4 + group_t5 + did_t5 + ddd_t5 + group_t6 + did_t6 + ddd_t6 + group_t7 + did_t7 + ddd_t7 + group_t8 + did_t8 + ddd_t8 + group_t9 + did_t9 + ddd_t9 + group_t10 + did_t10 + ddd_t10 + group_t11 + did_t11 + ddd_t11 + group_t12 + did_t12 + ddd_t12 + group_t13 + did_t13 + ddd_t13 + group_t14 + did_t14 + ddd_t14 + group_t15 + did_t15 + ddd_t15 + group_t16 + did_t16 + ddd_t16 + group_t17 + did_t17 + ddd_t17 + group_t18 + did_t18 + ddd_t18 + group_t19 + did_t19 + ddd_t19 + group_t20 + did_t20 + ddd_t20 + group_t21 + did_t21 + ddd_t21 + group_t22 + did_t22 + ddd_t22 + group_t23 + did_t23 + ddd_t23 + group_t24 + did_t24 + ddd_t24 + idade_media_adm + pct_mulher_adm + pct_superior_adm + pct_negra_adm | cbo_4d + periodo,,-0.038268330304924734,0.10338757916286456,0.7115060690661426,-0.24090798546413927,0.1643713248542898,estimated,adequate,43,220
income_pnad,income_1_2sm,Mais de 1 até 2 salários mínimos,ln_admissoes,Admissões (log),ddd,strict_no_tail_binning,10,False,False,estimated,12536,12536,340,pyfixest_retained_sample,ln_admissoes ~ group_tm12 + did_tm12 + ddd_tm12 + group_tm11 + did_tm11 + ddd_tm11 + group_tm10 + did_tm10 + ddd_tm10 + group_tm9 + did_tm9 + ddd_tm9 + group_tm8 + did_tm8 + ddd_tm8 + group_tm7 + did_tm7 + ddd_tm7 + group_tm6 + did_tm6 + ddd_tm6 + group_tm5 + did_tm5 + ddd_tm5 + group_tm4 + did_tm4 + ddd_tm4 + group_tm3 + did_tm3 + ddd_tm3 + group_tm2 + did_tm2 + ddd_tm2 + group_t0 + did_t0 + ddd_t0 + group_t1 + did_t1 + ddd_t1 + group_t2 + did_t2 + ddd_t2 + group_t3 + did_t3 + ddd_t3 + group_t4 + did_t4 + ddd_t4 + group_t5 + did_t5 + ddd_t5 + group_t6 + did_t6 + ddd_t6 + group_t7 + did_t7 + ddd_t7 + group_t8 + did_t8 + ddd_t8 + group_t9 + did_t9 + ddd_t9 + group_t10 + did_t10 + ddd_t10 + group_t11 + did_t11 + ddd_t11 + group_t12 + did_t12 + ddd_t12 + group_t13 + did_t13 + ddd_t13 + group_t14 + did_t14 + ddd_t14 + group_t15 + did_t15 + ddd_t15 + group_t16 + did_t16 + ddd_t16 + group_t17 + did_t17 + ddd_t17 + group_t18 + did_t18 + ddd_t18 + group_t19 + did_t19 + ddd_t19 + group_t20 + did_t20 + ddd_t20 + group_t21 + did_t21 + ddd_t21 + group_t22 + did_t22 + ddd_t22 + group_t23 + did_t23 + ddd_t23 + group_t24 + did_t24 + ddd_t24 + idade_media_adm + pct_mulher_adm + pct_superior_adm + pct_negra_adm | cbo_4d + periodo,,-0.12756217143837256,0.09417317593400358,0.17646341768527485,-0.3121415962690196,0.05701725339227445,estimated,adequate,43,220
income_pnad,income_1_2sm,Mais de 1 até 2 salários mínimos,ln_admissoes,Admissões (log),ddd,strict_no_tail_binning,11,False,False,estimated,12536,12536,340,pyfixest_retained_sample,ln_admissoes ~ group_tm12 + did_tm12 + ddd_tm12 + group_tm11 + did_tm11 + ddd_tm11 + group_tm10 + did_tm10 + ddd_tm10 + group_tm9 + did_tm9 + ddd_tm9 + group_tm8 + did_tm8 + ddd_tm8 + group_tm7 + did_tm7 + ddd_tm7 + group_tm6 + did_tm6 + ddd_tm6 + group_tm5 + did_tm5 + ddd_tm5 + group_tm4 + did_tm4 + ddd_tm4 + group_tm3 + did_tm3 + ddd_tm3 + group_tm2 + did_tm2 + ddd_tm2 + group_t0 + did_t0 + ddd_t0 + group_t1 + did_t1 + ddd_t1 + group_t2 + did_t2 + ddd_t2 + group_t3 + did_t3 + ddd_t3 + group_t4 + did_t4 + ddd_t4 + group_t5 + did_t5 + ddd_t5 + group_t6 + did_t6 + ddd_t6 + group_t7 + did_t7 + ddd_t7 + group_t8 + did_t8 + ddd_t8 + group_t9 + did_t9 + ddd_t9 + group_t10 + did_t10 + ddd_t10 + group_t11 + did_t11 + ddd_t11 + group_t12 + did_t12 + ddd_t12 + group_t13 + did_t13 + ddd_t13 + group_t14 + did_t14 + ddd_t14 + group_t15 + did_t15 + ddd_t15 + group_t16 + did_t16 + ddd_t16 + group_t17 + did_t17 + ddd_t17 + group_t18 + did_t18 + ddd_t18 + group_t19 + did_t19 + ddd_t19 + group_t20 + did_t20 + ddd_t20 + group_t21 + did_t21 + ddd_t21 + group_t22 + did_t22 + ddd_t22 + group_t23 + did_t23 + ddd_t23 + group_t24 + did_t24 + ddd_t24 + idade_media_adm + pct_mulher_adm + pct_superior_adm + pct_negra_adm | cbo_4d + periodo,,-0.17184193126910252,0.08796773323876904,0.05158671005376192,-0.34425868841708984,0.0005748258788847993,estimated,adequate,43,220
income_pnad,income_1_2sm,Mais de 1 até 2 salários mínimos,ln_admissoes,Admissões (log),ddd,strict_no_tail_binning,12,False,False,estimated,12536,12536,340,pyfixest_retained_sample,ln_admissoes ~ group_tm12 + did_tm12 + ddd_tm12 + group_tm11 + did_tm11 + ddd_tm11 + group_tm10 + did_tm10 + ddd_tm10 + group_tm9 + did_tm9 + ddd_tm9 + group_tm8 + did_tm8 + ddd_tm8 + group_tm7 + did_tm7 + ddd_tm7 + group_tm6 + did_tm6 + ddd_tm6 + group_tm5 + did_tm5 + ddd_tm5 + group_tm4 + did_tm4 + ddd_tm4 + group_tm3 + did_tm3 + ddd_tm3 + group_tm2 + did_tm2 + ddd_tm2 + group_t0 + did_t0 + ddd_t0 + group_t1 + did_t1 + ddd_t1 + group_t2 + did_t2 + ddd_t2 + group_t3 + did_t3 + ddd_t3 + group_t4 + did_t4 + ddd_t4 + group_t5 + did_t5 + ddd_t5 + group_t6 + did_t6 + ddd_t6 + group_t7 + did_t7 + ddd_t7 + group_t8 + did_t8 + ddd_t8 + group_t9 + did_t9 + ddd_t9 + group_t10 + did_t10 + ddd_t10 + group_t11 + did_t11 + ddd_t11 + group_t12 + did_t12 + ddd_t12 + group_t13 + did_t13 + ddd_t13 + group_t14 + did_t14 + ddd_t14 + group_t15 + did_t15 + ddd_t15 + group_t16 + did_t16 + ddd_t16 + group_t17 + did_t17 + ddd_t17 + group_t18 + did_t18 + ddd_t18 + group_t19 + did_t19 + ddd_t19 + group_t20 + did_t20 + ddd_t20 + group_t21 + did_t21 + ddd_t21 + group_t22 + did_t22 + ddd_t22 + group_t23 + did_t23 + ddd_t23 + group_t24 + did_t24 + ddd_t24 + idade_media_adm + pct_mulher_adm + pct_superior_adm + pct_negra_adm | cbo_4d + periodo,,-0.08968932847207749,0.12388678212037103,0.4695883274099304,-0.3325074214280047,0.1531287644838497,estimated,adequate,43,220
income_pnad,income_1_2sm,Mais de 1 até 2 salários mínimos,ln_admissoes,Admissões (log),ddd,strict_no_tail_binning,13,False,False,estimated,12536,12536,340,pyfixest_retained_sample,ln_admissoes ~ group_tm12 + did_tm12 + ddd_tm12 + group_tm11 + did_tm11 + ddd_tm11 + group_tm10 + did_tm10 + ddd_tm10 + group_tm9 + did_tm9 + ddd_tm9 + group_tm8 + did_tm8 + ddd_tm8 + group_tm7 + did_tm7 + ddd_tm7 + group_tm6 + did_tm6 + ddd_tm6 + group_tm5 + did_tm5 + ddd_tm5 + group_tm4 + did_tm4 + ddd_tm4 + group_tm3 + did_tm3 + ddd_tm3 + group_tm2 + did_tm2 + ddd_tm2 + group_t0 + did_t0 + ddd_t0 + group_t1 + did_t1 + ddd_t1 + group_t2 + did_t2 + ddd_t2 + group_t3 + did_t3 + ddd_t3 + group_t4 + did_t4 + ddd_t4 + group_t5 + did_t5 + ddd_t5 + group_t6 + did_t6 + ddd_t6 + group_t7 + did_t7 + ddd_t7 + group_t8 + did_t8 + ddd_t8 + group_t9 + did_t9 + ddd_t9 + group_t10 + did_t10 + ddd_t10 + group_t11 + did_t11 + ddd_t11 + group_t12 + did_t12 + ddd_t12 + group_t13 + did_t13 + ddd_t13 + group_t14 + did_t14 + ddd_t14 + group_t15 + did_t15 + ddd_t15 + group_t16 + did_t16 + ddd_t16 + group_t17 + did_t17 + ddd_t17 + group_t18 + did_t18 + ddd_t18 + group_t19 + did_t19 + ddd_t19 + group_t20 + did_t20 + ddd_t20 + group_t21 + did_t21 + ddd_t21 + group_t22 + did_t22 + ddd_t22 + group_t23 + did_t23 + ddd_t23 + group_t24 + did_t24 + ddd_t24 + idade_media_adm + pct_mulher_adm + pct_superior_adm + pct_negra_adm | cbo_4d + periodo,,-0.23636928876529356,0.08489657983965218,0.005667140319695951,-0.40276658525101183,-0.06997199227957529,estimated,adequate,43,220
income_pnad,income_1_2sm,Mais de 1 até 2 salários mínimos,ln_admissoes,Admissões (log),ddd,strict_no_tail_binning,14,False,False,estimated,12536,12536,340,pyfixest_retained_sample,ln_admissoes ~ group_tm12 + did_tm12 + ddd_tm12 + group_tm11 + did_tm11 + ddd_tm11 + group_tm10 + did_tm10 + ddd_tm10 + group_tm9 + did_tm9 + ddd_tm9 + group_tm8 + did_tm8 + ddd_tm8 + group_tm7 + did_tm7 + ddd_tm7 + group_tm6 + did_tm6 + ddd_tm6 + group_tm5 + did_tm5 + ddd_tm5 + group_tm4 + did_tm4 + ddd_tm4 + group_tm3 + did_tm3 + ddd_tm3 + group_tm2 + did_tm2 + ddd_tm2 + group_t0 + did_t0 + ddd_t0 + group_t1 + did_t1 + ddd_t1 + group_t2 + did_t2 + ddd_t2 + group_t3 + did_t3 + ddd_t3 + group_t4 + did_t4 + ddd_t4 + group_t5 + did_t5 + ddd_t5 + group_t6 + did_t6 + ddd_t6 + group_t7 + did_t7 + ddd_t7 + group_t8 + did_t8 + ddd_t8 + group_t9 + did_t9 + ddd_t9 + group_t10 + did_t10 + ddd_t10 + group_t11 + did_t11 + ddd_t11 + group_t12 + did_t12 + ddd_t12 + group_t13 + did_t13 + ddd_t13 + group_t14 + did_t14 + ddd_t14 + group_t15 + did_t15 + ddd_t15 + group_t16 + did_t16 + ddd_t16 + group_t17 + did_t17 + ddd_t17 + group_t18 + did_t18 + ddd_t18 + group_t19 + did_t19 + ddd_t19 + group_t20 + did_t20 + ddd_t20 + group_t21 + did_t21 + ddd_t21 + group_t22 + did_t22 + ddd_t22 + group_t23 + did_t23 + ddd_t23 + group_t24 + did_t24 + ddd_t24 + idade_media_adm + pct_mulher_adm + pct_superior_adm + pct_negra_adm | cbo_4d + periodo,,-0.16952645662388402,0.09068429260452597,0.062427227746765235,-0.3472676701287549,0.008214756880986884,estimated,adequate,43,220
income_pnad,income_1_2sm,Mais de 1 até 2 salários mínimos,ln_admissoes,Admissões (log),ddd,strict_no_tail_binning,15,False,False,estimated,12536,12536,340,pyfixest_retained_sample,ln_admissoes ~ group_tm12 + did_tm12 + ddd_tm12 + group_tm11 + did_tm11 + ddd_tm11 + group_tm10 + did_tm10 + ddd_tm10 + group_tm9 + did_tm9 + ddd_tm9 + group_tm8 + did_tm8 + ddd_tm8 + group_tm7 + did_tm7 + ddd_tm7 + group_tm6 + did_tm6 + ddd_tm6 + group_tm5 + did_tm5 + ddd_tm5 + group_tm4 + did_tm4 + ddd_tm4 + group_tm3 + did_tm3 + ddd_tm3 + group_tm2 + did_tm2 + ddd_tm2 + group_t0 + did_t0 + ddd_t0 + group_t1 + did_t1 + ddd_t1 + group_t2 + did_t2 + ddd_t2 + group_t3 + did_t3 + ddd_t3 + group_t4 + did_t4 + ddd_t4 + group_t5 + did_t5 + ddd_t5 + group_t6 + did_t6 + ddd_t6 + group_t7 + did_t7 + ddd_t7 + group_t8 + did_t8 + ddd_t8 + group_t9 + did_t9 + ddd_t9 + group_t10 + did_t10 + ddd_t10 + group_t11 + did_t11 + ddd_t11 + group_t12 + did_t12 + ddd_t12 + group_t13 + did_t13 + ddd_t13 + group_t14 + did_t14 + ddd_t14 + group_t15 + did_t15 + ddd_t15 + group_t16 + did_t16 + ddd_t16 + group_t17 + did_t17 + ddd_t17 + group_t18 + did_t18 + ddd_t18 + group_t19 + did_t19 + ddd_t19 + group_t20 + did_t20 + ddd_t20 + group_t21 + did_t21 + ddd_t21 + group_t22 + did_t22 + ddd_t22 + group_t23 + did_t23 + ddd_t23 + group_t24 + did_t24 + ddd_t24 + idade_media_adm + pct_mulher_adm + pct_superior_adm + pct_negra_adm | cbo_4d + periodo,,-0.16741810061295986,0.10702121900488851,0.11866957034517833,-0.37717968986254136,0.0423434886366216,estimated,adequate,43,220
income_pnad,income_1_2sm,Mais de 1 até 2 salários mínimos,ln_admissoes,Admissões (log),ddd,strict_no_tail_binning,16,False,False,estimated,12536,12536,340,pyfixest_retained_sample,ln_admissoes ~ group_tm12 + did_tm12 + ddd_tm12 + group_tm11 + did_tm11 + ddd_tm11 + group_tm10 + did_tm10 + ddd_tm10 + group_tm9 + did_tm9 + ddd_tm9 + group_tm8 + did_tm8 + ddd_tm8 + group_tm7 + did_tm7 + ddd_tm7 + group_tm6 + did_tm6 + ddd_tm6 + group_tm5 + did_tm5 + ddd_tm5 + group_tm4 + did_tm4 + ddd_tm4 + group_tm3 + did_tm3 + ddd_tm3 + group_tm2 + did_tm2 + ddd_tm2 + group_t0 + did_t0 + ddd_t0 + group_t1 + did_t1 + ddd_t1 + group_t2 + did_t2 + ddd_t2 + group_t3 + did_t3 + ddd_t3 + group_t4 + did_t4 + ddd_t4 + group_t5 + did_t5 + ddd_t5 + group_t6 + did_t6 + ddd_t6 + group_t7 + did_t7 + ddd_t7 + group_t8 + did_t8 + ddd_t8 + group_t9 + did_t9 + ddd_t9 + group_t10 + did_t10 + ddd_t10 + group_t11 + did_t11 + ddd_t11 + group_t12 + did_t12 + ddd_t12 + group_t13 + did_t13 + ddd_t13 + group_t14 + did_t14 + ddd_t14 + group_t15 + did_t15 + ddd_t15 + group_t16 + did_t16 + ddd_t16 + group_t17 + did_t17 + ddd_t17 + group_t18 + did_t18 + ddd_t18 + group_t19 + did_t19 + ddd_t19 + group_t20 + did_t20 + ddd_t20 + group_t21 + did_t21 + ddd_t21 + group_t22 + did_t22 + ddd_t22 + group_t23 + did_t23 + ddd_t23 + group_t24 + did_t24 + ddd_t24 + idade_media_adm + pct_mulher_adm + pct_superior_adm + pct_negra_adm | cbo_4d + periodo,,-0.15541507029377116,0.10077353917237387,0.12395281928820645,-0.35293120707162395,0.04210106648408163,estimated,adequate,43,220
income_pnad,income_1_2sm,Mais de 1 até 2 salários mínimos,ln_admissoes,Admissões (log),ddd,strict_no_tail_binning,17,False,False,estimated,12536,12536,340,pyfixest_retained_sample,ln_admissoes ~ group_tm12 + did_tm12 + ddd_tm12 + group_tm11 + did_tm11 + ddd_tm11 + group_tm10 + did_tm10 + ddd_tm10 + group_tm9 + did_tm9 + ddd_tm9 + group_tm8 + did_tm8 + ddd_tm8 + group_tm7 + did_tm7 + ddd_tm7 + group_tm6 + did_tm6 + ddd_tm6 + group_tm5 + did_tm5 + ddd_tm5 + group_tm4 + did_tm4 + ddd_tm4 + group_tm3 + did_tm3 + ddd_tm3 + group_tm2 + did_tm2 + ddd_tm2 + group_t0 + did_t0 + ddd_t0 + group_t1 + did_t1 + ddd_t1 + group_t2 + did_t2 + ddd_t2 + group_t3 + did_t3 + ddd_t3 + group_t4 + did_t4 + ddd_t4 + group_t5 + did_t5 + ddd_t5 + group_t6 + did_t6 + ddd_t6 + group_t7 + did_t7 + ddd_t7 + group_t8 + did_t8 + ddd_t8 + group_t9 + did_t9 + ddd_t9 + group_t10 + did_t10 + ddd_t10 + group_t11 + did_t11 + ddd_t11 + group_t12 + did_t12 + ddd_t12 + group_t13 + did_t13 + ddd_t13 + group_t14 + did_t14 + ddd_t14 + group_t15 + did_t15 + ddd_t15 + group_t16 + did_t16 + ddd_t16 + group_t17 + did_t17 + ddd_t17 + group_t18 + did_t18 + ddd_t18 + group_t19 + did_t19 + ddd_t19 + group_t20 + did_t20 + ddd_t20 + group_t21 + did_t21 + ddd_t21 + group_t22 + did_t22 + ddd_t22 + group_t23 + did_t23 + ddd_t23 + group_t24 + did_t24 + ddd_t24 + idade_media_adm + pct_mulher_adm + pct_superior_adm + pct_negra_adm | cbo_4d + periodo,,-0.040364516389980266,0.10735837241405295,0.7071675245046252,-0.25078692632152405,0.17005789354156353,estimated,adequate,43,220
income_pnad,income_1_2sm,Mais de 1 até 2 salários mínimos,ln_admissoes,Admissões (log),ddd,strict_no_tail_binning,18,False,False,estimated,12536,12536,340,pyfixest_retained_sample,ln_admissoes ~ group_tm12 + did_tm12 + ddd_tm12 + group_tm11 + did_tm11 + ddd_tm11 + group_tm10 + did_tm10 + ddd_tm10 + group_tm9 + did_tm9 + ddd_tm9 + group_tm8 + did_tm8 + ddd_tm8 + group_tm7 + did_tm7 + ddd_tm7 + group_tm6 + did_tm6 + ddd_tm6 + group_tm5 + did_tm5 + ddd_tm5 + group_tm4 + did_tm4 + ddd_tm4 + group_tm3 + did_tm3 + ddd_tm3 + group_tm2 + did_tm2 + ddd_tm2 + group_t0 + did_t0 + ddd_t0 + group_t1 + did_t1 + ddd_t1 + group_t2 + did_t2 + ddd_t2 + group_t3 + did_t3 + ddd_t3 + group_t4 + did_t4 + ddd_t4 + group_t5 + did_t5 + ddd_t5 + group_t6 + did_t6 + ddd_t6 + group_t7 + did_t7 + ddd_t7 + group_t8 + did_t8 + ddd_t8 + group_t9 + did_t9 + ddd_t9 + group_t10 + did_t10 + ddd_t10 + group_t11 + did_t11 + ddd_t11 + group_t12 + did_t12 + ddd_t12 + group_t13 + did_t13 + ddd_t13 + group_t14 + did_t14 + ddd_t14 + group_t15 + did_t15 + ddd_t15 + group_t16 + did_t16 + ddd_t16 + group_t17 + did_t17 + ddd_t17 + group_t18 + did_t18 + ddd_t18 + group_t19 + did_t19 + ddd_t19 + group_t20 + did_t20 + ddd_t20 + group_t21 + did_t21 + ddd_t21 + group_t22 + did_t22 + ddd_t22 + group_t23 + did_t23 + ddd_t23 + group_t24 + did_t24 + ddd_t24 + idade_media_adm + pct_mulher_adm + pct_superior_adm + pct_negra_adm | cbo_4d + periodo,,-0.14404975166915834,0.08455902492785301,0.08938335272870801,-0.30978544052775026,0.02168593718943357,estimated,adequate,43,220
income_pnad,income_1_2sm,Mais de 1 até 2 salários mínimos,ln_admissoes,Admissões (log),ddd,strict_no_tail_binning,19,False,False,estimated,12536,12536,340,pyfixest_retained_sample,ln_admissoes ~ group_tm12 + did_tm12 + ddd_tm12 + group_tm11 + did_tm11 + ddd_tm11 + group_tm10 + did_tm10 + ddd_tm10 + group_tm9 + did_tm9 + ddd_tm9 + group_tm8 + did_tm8 + ddd_tm8 + group_tm7 + did_tm7 + ddd_tm7 + group_tm6 + did_tm6 + ddd_tm6 + group_tm5 + did_tm5 + ddd_tm5 + group_tm4 + did_tm4 + ddd_tm4 + group_tm3 + did_tm3 + ddd_tm3 + group_tm2 + did_tm2 + ddd_tm2 + group_t0 + did_t0 + ddd_t0 + group_t1 + did_t1 + ddd_t1 + group_t2 + did_t2 + ddd_t2 + group_t3 + did_t3 + ddd_t3 + group_t4 + did_t4 + ddd_t4 + group_t5 + did_t5 + ddd_t5 + group_t6 + did_t6 + ddd_t6 + group_t7 + did_t7 + ddd_t7 + group_t8 + did_t8 + ddd_t8 + group_t9 + did_t9 + ddd_t9 + group_t10 + did_t10 + ddd_t10 + group_t11 + did_t11 + ddd_t11 + group_t12 + did_t12 + ddd_t12 + group_t13 + did_t13 + ddd_t13 + group_t14 + did_t14 + ddd_t14 + group_t15 + did_t15 + ddd_t15 + group_t16 + did_t16 + ddd_t16 + group_t17 + did_t17 + ddd_t17 + group_t18 + did_t18 + ddd_t18 + group_t19 + did_t19 + ddd_t19 + group_t20 + did_t20 + ddd_t20 + group_t21 + did_t21 + ddd_t21 + group_t22 + did_t22 + ddd_t22 + group_t23 + did_t23 + ddd_t23 + group_t24 + did_t24 + ddd_t24 + idade_media_adm + pct_mulher_adm + pct_superior_adm + pct_negra_adm | cbo_4d + periodo,,-0.19349134752930605,0.08010273590647445,0.016240254808067345,-0.35049270990599596,-0.036489985152616145,estimated,adequate,43,220
income_pnad,income_1_2sm,Mais de 1 até 2 salários mínimos,ln_admissoes,Admissões (log),ddd,strict_no_tail_binning,20,False,False,estimated,12536,12536,340,pyfixest_retained_sample,ln_admissoes ~ group_tm12 + did_tm12 + ddd_tm12 + group_tm11 + did_tm11 + ddd_tm11 + group_tm10 + did_tm10 + ddd_tm10 + group_tm9 + did_tm9 + ddd_tm9 + group_tm8 + did_tm8 + ddd_tm8 + group_tm7 + did_tm7 + ddd_tm7 + group_tm6 + did_tm6 + ddd_tm6 + group_tm5 + did_tm5 + ddd_tm5 + group_tm4 + did_tm4 + ddd_tm4 + group_tm3 + did_tm3 + ddd_tm3 + group_tm2 + did_tm2 + ddd_tm2 + group_t0 + did_t0 + ddd_t0 + group_t1 + did_t1 + ddd_t1 + group_t2 + did_t2 + ddd_t2 + group_t3 + did_t3 + ddd_t3 + group_t4 + did_t4 + ddd_t4 + group_t5 + did_t5 + ddd_t5 + group_t6 + did_t6 + ddd_t6 + group_t7 + did_t7 + ddd_t7 + group_t8 + did_t8 + ddd_t8 + group_t9 + did_t9 + ddd_t9 + group_t10 + did_t10 + ddd_t10 + group_t11 + did_t11 + ddd_t11 + group_t12 + did_t12 + ddd_t12 + group_t13 + did_t13 + ddd_t13 + group_t14 + did_t14 + ddd_t14 + group_t15 + did_t15 + ddd_t15 + group_t16 + did_t16 + ddd_t16 + group_t17 + did_t17 + ddd_t17 + group_t18 + did_t18 + ddd_t18 + group_t19 + did_t19 + ddd_t19 + group_t20 + did_t20 + ddd_t20 + group_t21 + did_t21 + ddd_t21 + group_t22 + did_t22 + ddd_t22 + group_t23 + did_t23 + ddd_t23 + group_t24 + did_t24 + ddd_t24 + idade_media_adm + pct_mulher_adm + pct_superior_adm + pct_negra_adm | cbo_4d + periodo,,-0.18473326833143275,0.09405905415299579,0.05034529193186055,-0.3690890144713045,-0.0003775221915610083,estimated,adequate,43,220
income_pnad,income_1_2sm,Mais de 1 até 2 salários mínimos,ln_admissoes,Admissões (log),ddd,strict_no_tail_binning,21,False,False,estimated,12536,12536,340,pyfixest_retained_sample,ln_admissoes ~ group_tm12 + did_tm12 + ddd_tm12 + group_tm11 + did_tm11 + ddd_tm11 + group_tm10 + did_tm10 + ddd_tm10 + group_tm9 + did_tm9 + ddd_tm9 + group_tm8 + did_tm8 + ddd_tm8 + group_tm7 + did_tm7 + ddd_tm7 + group_tm6 + did_tm6 + ddd_tm6 + group_tm5 + did_tm5 + ddd_tm5 + group_tm4 + did_tm4 + ddd_tm4 + group_tm3 + did_tm3 + ddd_tm3 + group_tm2 + did_tm2 + ddd_tm2 + group_t0 + did_t0 + ddd_t0 + group_t1 + did_t1 + ddd_t1 + group_t2 + did_t2 + ddd_t2 + group_t3 + did_t3 + ddd_t3 + group_t4 + did_t4 + ddd_t4 + group_t5 + did_t5 + ddd_t5 + group_t6 + did_t6 + ddd_t6 + group_t7 + did_t7 + ddd_t7 + group_t8 + did_t8 + ddd_t8 + group_t9 + did_t9 + ddd_t9 + group_t10 + did_t10 + ddd_t10 + group_t11 + did_t11 + ddd_t11 + group_t12 + did_t12 + ddd_t12 + group_t13 + did_t13 + ddd_t13 + group_t14 + did_t14 + ddd_t14 + group_t15 + did_t15 + ddd_t15 + group_t16 + did_t16 + ddd_t16 + group_t17 + did_t17 + ddd_t17 + group_t18 + did_t18 + ddd_t18 + group_t19 + did_t19 + ddd_t19 + group_t20 + did_t20 + ddd_t20 + group_t21 + did_t21 + ddd_t21 + group_t22 + did_t22 + ddd_t22 + group_t23 + did_t23 + ddd_t23 + group_t24 + did_t24 + ddd_t24 + idade_media_adm + pct_mulher_adm + pct_superior_adm + pct_negra_adm | cbo_4d + periodo,,-0.14617781842084296,0.09125051620148787,0.11010032144106963,-0.3250288301757592,0.03267319333407326,estimated,adequate,43,220
income_pnad,income_1_2sm,Mais de 1 até 2 salários mínimos,ln_admissoes,Admissões (log),ddd,strict_no_tail_binning,22,False,False,estimated,12536,12536,340,pyfixest_retained_sample,ln_admissoes ~ group_tm12 + did_tm12 + ddd_tm12 + group_tm11 + did_tm11 + ddd_tm11 + group_tm10 + did_tm10 + ddd_tm10 + group_tm9 + did_tm9 + ddd_tm9 + group_tm8 + did_tm8 + ddd_tm8 + group_tm7 + did_tm7 + ddd_tm7 + group_tm6 + did_tm6 + ddd_tm6 + group_tm5 + did_tm5 + ddd_tm5 + group_tm4 + did_tm4 + ddd_tm4 + group_tm3 + did_tm3 + ddd_tm3 + group_tm2 + did_tm2 + ddd_tm2 + group_t0 + did_t0 + ddd_t0 + group_t1 + did_t1 + ddd_t1 + group_t2 + did_t2 + ddd_t2 + group_t3 + did_t3 + ddd_t3 + group_t4 + did_t4 + ddd_t4 + group_t5 + did_t5 + ddd_t5 + group_t6 + did_t6 + ddd_t6 + group_t7 + did_t7 + ddd_t7 + group_t8 + did_t8 + ddd_t8 + group_t9 + did_t9 + ddd_t9 + group_t10 + did_t10 + ddd_t10 + group_t11 + did_t11 + ddd_t11 + group_t12 + did_t12 + ddd_t12 + group_t13 + did_t13 + ddd_t13 + group_t14 + did_t14 + ddd_t14 + group_t15 + did_t15 + ddd_t15 + group_t16 + did_t16 + ddd_t16 + group_t17 + did_t17 + ddd_t17 + group_t18 + did_t18 + ddd_t18 + group_t19 + did_t19 + ddd_t19 + group_t20 + did_t20 + ddd_t20 + group_t21 + did_t21 + ddd_t21 + group_t22 + did_t22 + ddd_t22 + group_t23 + did_t23 + ddd_t23 + group_t24 + did_t24 + ddd_t24 + idade_media_adm + pct_mulher_adm + pct_superior_adm + pct_negra_adm | cbo_4d + periodo,,-0.26890609612820787,0.10904630475873361,0.014158331550635062,-0.48263685345532575,-0.05517533880108999,estimated,adequate,43,220
income_pnad,income_1_2sm,Mais de 1 até 2 salários mínimos,ln_admissoes,Admissões (log),ddd,strict_no_tail_binning,23,False,False,estimated,12536,12536,340,pyfixest_retained_sample,ln_admissoes ~ group_tm12 + did_tm12 + ddd_tm12 + group_tm11 + did_tm11 + ddd_tm11 + group_tm10 + did_tm10 + ddd_tm10 + group_tm9 + did_tm9 + ddd_tm9 + group_tm8 + did_tm8 + ddd_tm8 + group_tm7 + did_tm7 + ddd_tm7 + group_tm6 + did_tm6 + ddd_tm6 + group_tm5 + did_tm5 + ddd_tm5 + group_tm4 + did_tm4 + ddd_tm4 + group_tm3 + did_tm3 + ddd_tm3 + group_tm2 + did_tm2 + ddd_tm2 + group_t0 + did_t0 + ddd_t0 + group_t1 + did_t1 + ddd_t1 + group_t2 + did_t2 + ddd_t2 + group_t3 + did_t3 + ddd_t3 + group_t4 + did_t4 + ddd_t4 + group_t5 + did_t5 + ddd_t5 + group_t6 + did_t6 + ddd_t6 + group_t7 + did_t7 + ddd_t7 + group_t8 + did_t8 + ddd_t8 + group_t9 + did_t9 + ddd_t9 + group_t10 + did_t10 + ddd_t10 + group_t11 + did_t11 + ddd_t11 + group_t12 + did_t12 + ddd_t12 + group_t13 + did_t13 + ddd_t13 + group_t14 + did_t14 + ddd_t14 + group_t15 + did_t15 + ddd_t15 + group_t16 + did_t16 + ddd_t16 + group_t17 + did_t17 + ddd_t17 + group_t18 + did_t18 + ddd_t18 + group_t19 + did_t19 + ddd_t19 + group_t20 + did_t20 + ddd_t20 + group_t21 + did_t21 + ddd_t21 + group_t22 + did_t22 + ddd_t22 + group_t23 + did_t23 + ddd_t23 + group_t24 + did_t24 + ddd_t24 + idade_media_adm + pct_mulher_adm + pct_superior_adm + pct_negra_adm | cbo_4d + periodo,,-0.221320159570454,0.08428389963465059,0.009034165268858363,-0.3865166028543692,-0.05612371628653884,estimated,adequate,43,220
income_pnad,income_1_2sm,Mais de 1 até 2 salários mínimos,ln_admissoes,Admissões (log),ddd,strict_no_tail_binning,24,False,False,estimated,12536,12536,340,pyfixest_retained_sample,ln_admissoes ~ group_tm12 + did_tm12 + ddd_tm12 + group_tm11 + did_tm11 + ddd_tm11 + group_tm10 + did_tm10 + ddd_tm10 + group_tm9 + did_tm9 + ddd_tm9 + group_tm8 + did_tm8 + ddd_tm8 + group_tm7 + did_tm7 + ddd_tm7 + group_tm6 + did_tm6 + ddd_tm6 + group_tm5 + did_tm5 + ddd_tm5 + group_tm4 + did_tm4 + ddd_tm4 + group_tm3 + did_tm3 + ddd_tm3 + group_tm2 + did_tm2 + ddd_tm2 + group_t0 + did_t0 + ddd_t0 + group_t1 + did_t1 + ddd_t1 + group_t2 + did_t2 + ddd_t2 + group_t3 + did_t3 + ddd_t3 + group_t4 + did_t4 + ddd_t4 + group_t5 + did_t5 + ddd_t5 + group_t6 + did_t6 + ddd_t6 + group_t7 + did_t7 + ddd_t7 + group_t8 + did_t8 + ddd_t8 + group_t9 + did_t9 + ddd_t9 + group_t10 + did_t10 + ddd_t10 + group_t11 + did_t11 + ddd_t11 + group_t12 + did_t12 + ddd_t12 + group_t13 + did_t13 + ddd_t13 + group_t14 + did_t14 + ddd_t14 + group_t15 + did_t15 + ddd_t15 + group_t16 + did_t16 + ddd_t16 + group_t17 + did_t17 + ddd_t17 + group_t18 + did_t18 + ddd_t18 + group_t19 + did_t19 + ddd_t19 + group_t20 + did_t20 + ddd_t20 + group_t21 + did_t21 + ddd_t21 + group_t22 + did_t22 + ddd_t22 + group_t23 + did_t23 + ddd_t23 + group_t24 + did_t24 + ddd_t24 + idade_media_adm + pct_mulher_adm + pct_superior_adm + pct_negra_adm | cbo_4d + periodo,,-0.13673447173698297,0.11858195627654317,0.24968996561662005,-0.3691551060390076,0.09568616256504162,estimated,adequate,43,220
income_pnad,income_1_2sm,Mais de 1 até 2 salários mínimos,ln_salario_real_adm,Salário real de admissão (log),ddd,strict_no_tail_binning,-12,False,True,estimated,12536,12536,340,pyfixest_retained_sample,ln_salario_real_adm ~ group_tm12 + did_tm12 + ddd_tm12 + group_tm11 + did_tm11 + ddd_tm11 + group_tm10 + did_tm10 + ddd_tm10 + group_tm9 + did_tm9 + ddd_tm9 + group_tm8 + did_tm8 + ddd_tm8 + group_tm7 + did_tm7 + ddd_tm7 + group_tm6 + did_tm6 + ddd_tm6 + group_tm5 + did_tm5 + ddd_tm5 + group_tm4 + did_tm4 + ddd_tm4 + group_tm3 + did_tm3 + ddd_tm3 + group_tm2 + did_tm2 + ddd_tm2 + group_t0 + did_t0 + ddd_t0 + group_t1 + did_t1 + ddd_t1 + group_t2 + did_t2 + ddd_t2 + group_t3 + did_t3 + ddd_t3 + group_t4 + did_t4 + ddd_t4 + group_t5 + did_t5 + ddd_t5 + group_t6 + did_t6 + ddd_t6 + group_t7 + did_t7 + ddd_t7 + group_t8 + did_t8 + ddd_t8 + group_t9 + did_t9 + ddd_t9 + group_t10 + did_t10 + ddd_t10 + group_t11 + did_t11 + ddd_t11 + group_t12 + did_t12 + ddd_t12 + group_t13 + did_t13 + ddd_t13 + group_t14 + did_t14 + ddd_t14 + group_t15 + did_t15 + ddd_t15 + group_t16 + did_t16 + ddd_t16 + group_t17 + did_t17 + ddd_t17 + group_t18 + did_t18 + ddd_t18 + group_t19 + did_t19 + ddd_t19 + group_t20 + did_t20 + ddd_t20 + group_t21 + did_t21 + ddd_t21 + group_t22 + did_t22 + ddd_t22 + group_t23 + did_t23 + ddd_t23 + group_t24 + did_t24 + ddd_t24 + idade_media_adm + pct_mulher_adm + pct_superior_adm + pct_negra_adm | cbo_4d + periodo,,-0.13325198061742538,0.07452168048008291,0.07465338430296153,-0.27931447435838785,0.01281051312353712,estimated,adequate,43,220
income_pnad,income_1_2sm,Mais de 1 até 2 salários mínimos,ln_salario_real_adm,Salário real de admissão (log),ddd,strict_no_tail_binning,-11,False,True,estimated,12536,12536,340,pyfixest_retained_sample,ln_salario_real_adm ~ group_tm12 + did_tm12 + ddd_tm12 + group_tm11 + did_tm11 + ddd_tm11 + group_tm10 + did_tm10 + ddd_tm10 + group_tm9 + did_tm9 + ddd_tm9 + group_tm8 + did_tm8 + ddd_tm8 + group_tm7 + did_tm7 + ddd_tm7 + group_tm6 + did_tm6 + ddd_tm6 + group_tm5 + did_tm5 + ddd_tm5 + group_tm4 + did_tm4 + ddd_tm4 + group_tm3 + did_tm3 + ddd_tm3 + group_tm2 + did_tm2 + ddd_tm2 + group_t0 + did_t0 + ddd_t0 + group_t1 + did_t1 + ddd_t1 + group_t2 + did_t2 + ddd_t2 + group_t3 + did_t3 + ddd_t3 + group_t4 + did_t4 + ddd_t4 + group_t5 + did_t5 + ddd_t5 + group_t6 + did_t6 + ddd_t6 + group_t7 + did_t7 + ddd_t7 + group_t8 + did_t8 + ddd_t8 + group_t9 + did_t9 + ddd_t9 + group_t10 + did_t10 + ddd_t10 + group_t11 + did_t11 + ddd_t11 + group_t12 + did_t12 + ddd_t12 + group_t13 + did_t13 + ddd_t13 + group_t14 + did_t14 + ddd_t14 + group_t15 + did_t15 + ddd_t15 + group_t16 + did_t16 + ddd_t16 + group_t17 + did_t17 + ddd_t17 + group_t18 + did_t18 + ddd_t18 + group_t19 + did_t19 + ddd_t19 + group_t20 + did_t20 + ddd_t20 + group_t21 + did_t21 + ddd_t21 + group_t22 + did_t22 + ddd_t22 + group_t23 + did_t23 + ddd_t23 + group_t24 + did_t24 + ddd_t24 + idade_media_adm + pct_mulher_adm + pct_superior_adm + pct_negra_adm | cbo_4d + periodo,,-0.16779584579819526,0.08830106422569022,0.05824592377589566,-0.3408659316805481,0.005274240084157555,estimated,adequate,43,220
income_pnad,income_1_2sm,Mais de 1 até 2 salários mínimos,ln_salario_real_adm,Salário real de admissão (log),ddd,strict_no_tail_binning,-10,False,True,estimated,12536,12536,340,pyfixest_retained_sample,ln_salario_real_adm ~ group_tm12 + did_tm12 + ddd_tm12 + group_tm11 + did_tm11 + ddd_tm11 + group_tm10 + did_tm10 + ddd_tm10 + group_tm9 + did_tm9 + ddd_tm9 + group_tm8 + did_tm8 + ddd_tm8 + group_tm7 + did_tm7 + ddd_tm7 + group_tm6 + did_tm6 + ddd_tm6 + group_tm5 + did_tm5 + ddd_tm5 + group_tm4 + did_tm4 + ddd_tm4 + group_tm3 + did_tm3 + ddd_tm3 + group_tm2 + did_tm2 + ddd_tm2 + group_t0 + did_t0 + ddd_t0 + group_t1 + did_t1 + ddd_t1 + group_t2 + did_t2 + ddd_t2 + group_t3 + did_t3 + ddd_t3 + group_t4 + did_t4 + ddd_t4 + group_t5 + did_t5 + ddd_t5 + group_t6 + did_t6 + ddd_t6 + group_t7 + did_t7 + ddd_t7 + group_t8 + did_t8 + ddd_t8 + group_t9 + did_t9 + ddd_t9 + group_t10 + did_t10 + ddd_t10 + group_t11 + did_t11 + ddd_t11 + group_t12 + did_t12 + ddd_t12 + group_t13 + did_t13 + ddd_t13 + group_t14 + did_t14 + ddd_t14 + group_t15 + did_t15 + ddd_t15 + group_t16 + did_t16 + ddd_t16 + group_t17 + did_t17 + ddd_t17 + group_t18 + did_t18 + ddd_t18 + group_t19 + did_t19 + ddd_t19 + group_t20 + did_t20 + ddd_t20 + group_t21 + did_t21 + ddd_t21 + group_t22 + did_t22 + ddd_t22 + group_t23 + did_t23 + ddd_t23 + group_t24 + did_t24 + ddd_t24 + idade_media_adm + pct_mulher_adm + pct_superior_adm + pct_negra_adm | cbo_4d + periodo,,-0.00430434338400136,0.09781777447408153,0.9649273672540544,-0.19602718135320116,0.18741849458519846,estimated,adequate,43,220
income_pnad,income_1_2sm,Mais de 1 até 2 salários mínimos,ln_salario_real_adm,Salário real de admissão (log),ddd,strict_no_tail_binning,-9,False,True,estimated,12536,12536,340,pyfixest_retained_sample,ln_salario_real_adm ~ group_tm12 + did_tm12 + ddd_tm12 + group_tm11 + did_tm11 + ddd_tm11 + group_tm10 + did_tm10 + ddd_tm10 + group_tm9 + did_tm9 + ddd_tm9 + group_tm8 + did_tm8 + ddd_tm8 + group_tm7 + did_tm7 + ddd_tm7 + group_tm6 + did_tm6 + ddd_tm6 + group_tm5 + did_tm5 + ddd_tm5 + group_tm4 + did_tm4 + ddd_tm4 + group_tm3 + did_tm3 + ddd_tm3 + group_tm2 + did_tm2 + ddd_tm2 + group_t0 + did_t0 + ddd_t0 + group_t1 + did_t1 + ddd_t1 + group_t2 + did_t2 + ddd_t2 + group_t3 + did_t3 + ddd_t3 + group_t4 + did_t4 + ddd_t4 + group_t5 + did_t5 + ddd_t5 + group_t6 + did_t6 + ddd_t6 + group_t7 + did_t7 + ddd_t7 + group_t8 + did_t8 + ddd_t8 + group_t9 + did_t9 + ddd_t9 + group_t10 + did_t10 + ddd_t10 + group_t11 + did_t11 + ddd_t11 + group_t12 + did_t12 + ddd_t12 + group_t13 + did_t13 + ddd_t13 + group_t14 + did_t14 + ddd_t14 + group_t15 + did_t15 + ddd_t15 + group_t16 + did_t16 + ddd_t16 + group_t17 + did_t17 + ddd_t17 + group_t18 + did_t18 + ddd_t18 + group_t19 + did_t19 + ddd_t19 + group_t20 + did_t20 + ddd_t20 + group_t21 + did_t21 + ddd_t21 + group_t22 + did_t22 + ddd_t22 + group_t23 + did_t23 + ddd_t23 + group_t24 + did_t24 + ddd_t24 + idade_media_adm + pct_mulher_adm + pct_superior_adm + pct_negra_adm | cbo_4d + periodo,,-0.21894728280531237,0.08742811742378585,0.012738083714668225,-0.3903063929559326,-0.04758817265469209,estimated,adequate,43,220
income_pnad,income_1_2sm,Mais de 1 até 2 salários mínimos,ln_salario_real_adm,Salário real de admissão (log),ddd,strict_no_tail_binning,-8,False,True,estimated,12536,12536,340,pyfixest_retained_sample,ln_salario_real_adm ~ group_tm12 + did_tm12 + ddd_tm12 + group_tm11 + did_tm11 + ddd_tm11 + group_tm10 + did_tm10 + ddd_tm10 + group_tm9 + did_tm9 + ddd_tm9 + group_tm8 + did_tm8 + ddd_tm8 + group_tm7 + did_tm7 + ddd_tm7 + group_tm6 + did_tm6 + ddd_tm6 + group_tm5 + did_tm5 + ddd_tm5 + group_tm4 + did_tm4 + ddd_tm4 + group_tm3 + did_tm3 + ddd_tm3 + group_tm2 + did_tm2 + ddd_tm2 + group_t0 + did_t0 + ddd_t0 + group_t1 + did_t1 + ddd_t1 + group_t2 + did_t2 + ddd_t2 + group_t3 + did_t3 + ddd_t3 + group_t4 + did_t4 + ddd_t4 + group_t5 + did_t5 + ddd_t5 + group_t6 + did_t6 + ddd_t6 + group_t7 + did_t7 + ddd_t7 + group_t8 + did_t8 + ddd_t8 + group_t9 + did_t9 + ddd_t9 + group_t10 + did_t10 + ddd_t10 + group_t11 + did_t11 + ddd_t11 + group_t12 + did_t12 + ddd_t12 + group_t13 + did_t13 + ddd_t13 + group_t14 + did_t14 + ddd_t14 + group_t15 + did_t15 + ddd_t15 + group_t16 + did_t16 + ddd_t16 + group_t17 + did_t17 + ddd_t17 + group_t18 + did_t18 + ddd_t18 + group_t19 + did_t19 + ddd_t19 + group_t20 + did_t20 + ddd_t20 + group_t21 + did_t21 + ddd_t21 + group_t22 + did_t22 + ddd_t22 + group_t23 + did_t23 + ddd_t23 + group_t24 + did_t24 + ddd_t24 + idade_media_adm + pct_mulher_adm + pct_superior_adm + pct_negra_adm | cbo_4d + periodo,,-0.11316823407706016,0.07741029613914449,0.14468746124578247,-0.26489241450978335,0.03855594635566305,estimated,adequate,43,220
income_pnad,income_1_2sm,Mais de 1 até 2 salários mínimos,ln_salario_real_adm,Salário real de admissão (log),ddd,strict_no_tail_binning,-7,False,True,estimated,12536,12536,340,pyfixest_retained_sample,ln_salario_real_adm ~ group_tm12 + did_tm12 + ddd_tm12 + group_tm11 + did_tm11 + ddd_tm11 + group_tm10 + did_tm10 + ddd_tm10 + group_tm9 + did_tm9 + ddd_tm9 + group_tm8 + did_tm8 + ddd_tm8 + group_tm7 + did_tm7 + ddd_tm7 + group_tm6 + did_tm6 + ddd_tm6 + group_tm5 + did_tm5 + ddd_tm5 + group_tm4 + did_tm4 + ddd_tm4 + group_tm3 + did_tm3 + ddd_tm3 + group_tm2 + did_tm2 + ddd_tm2 + group_t0 + did_t0 + ddd_t0 + group_t1 + did_t1 + ddd_t1 + group_t2 + did_t2 + ddd_t2 + group_t3 + did_t3 + ddd_t3 + group_t4 + did_t4 + ddd_t4 + group_t5 + did_t5 + ddd_t5 + group_t6 + did_t6 + ddd_t6 + group_t7 + did_t7 + ddd_t7 + group_t8 + did_t8 + ddd_t8 + group_t9 + did_t9 + ddd_t9 + group_t10 + did_t10 + ddd_t10 + group_t11 + did_t11 + ddd_t11 + group_t12 + did_t12 + ddd_t12 + group_t13 + did_t13 + ddd_t13 + group_t14 + did_t14 + ddd_t14 + group_t15 + did_t15 + ddd_t15 + group_t16 + did_t16 + ddd_t16 + group_t17 + did_t17 + ddd_t17 + group_t18 + did_t18 + ddd_t18 + group_t19 + did_t19 + ddd_t19 + group_t20 + did_t20 + ddd_t20 + group_t21 + did_t21 + ddd_t21 + group_t22 + did_t22 + ddd_t22 + group_t23 + did_t23 + ddd_t23 + group_t24 + did_t24 + ddd_t24 + idade_media_adm + pct_mulher_adm + pct_superior_adm + pct_negra_adm | cbo_4d + periodo,,-0.1874994184557591,0.09441403284926915,0.04784650961423664,-0.37255092284032665,-0.002447914071191576,estimated,adequate,43,220
income_pnad,income_1_2sm,Mais de 1 até 2 salários mínimos,ln_salario_real_adm,Salário real de admissão (log),ddd,strict_no_tail_binning,-6,False,True,estimated,12536,12536,340,pyfixest_retained_sample,ln_salario_real_adm ~ group_tm12 + did_tm12 + ddd_tm12 + group_tm11 + did_tm11 + ddd_tm11 + group_tm10 + did_tm10 + ddd_tm10 + group_tm9 + did_tm9 + ddd_tm9 + group_tm8 + did_tm8 + ddd_tm8 + group_tm7 + did_tm7 + ddd_tm7 + group_tm6 + did_tm6 + ddd_tm6 + group_tm5 + did_tm5 + ddd_tm5 + group_tm4 + did_tm4 + ddd_tm4 + group_tm3 + did_tm3 + ddd_tm3 + group_tm2 + did_tm2 + ddd_tm2 + group_t0 + did_t0 + ddd_t0 + group_t1 + did_t1 + ddd_t1 + group_t2 + did_t2 + ddd_t2 + group_t3 + did_t3 + ddd_t3 + group_t4 + did_t4 + ddd_t4 + group_t5 + did_t5 + ddd_t5 + group_t6 + did_t6 + ddd_t6 + group_t7 + did_t7 + ddd_t7 + group_t8 + did_t8 + ddd_t8 + group_t9 + did_t9 + ddd_t9 + group_t10 + did_t10 + ddd_t10 + group_t11 + did_t11 + ddd_t11 + group_t12 + did_t12 + ddd_t12 + group_t13 + did_t13 + ddd_t13 + group_t14 + did_t14 + ddd_t14 + group_t15 + did_t15 + ddd_t15 + group_t16 + did_t16 + ddd_t16 + group_t17 + did_t17 + ddd_t17 + group_t18 + did_t18 + ddd_t18 + group_t19 + did_t19 + ddd_t19 + group_t20 + did_t20 + ddd_t20 + group_t21 + did_t21 + ddd_t21 + group_t22 + did_t22 + ddd_t22 + group_t23 + did_t23 + ddd_t23 + group_t24 + did_t24 + ddd_t24 + idade_media_adm + pct_mulher_adm + pct_superior_adm + pct_negra_adm | cbo_4d + periodo,,-0.15598589612854608,0.08509450653449747,0.06766595416297028,-0.3227711289361611,0.01079933667906896,estimated,adequate,43,220
income_pnad,income_1_2sm,Mais de 1 até 2 salários mínimos,ln_salario_real_adm,Salário real de admissão (log),ddd,strict_no_tail_binning,-5,False,True,estimated,12536,12536,340,pyfixest_retained_sample,ln_salario_real_adm ~ group_tm12 + did_tm12 + ddd_tm12 + group_tm11 + did_tm11 + ddd_tm11 + group_tm10 + did_tm10 + ddd_tm10 + group_tm9 + did_tm9 + ddd_tm9 + group_tm8 + did_tm8 + ddd_tm8 + group_tm7 + did_tm7 + ddd_tm7 + group_tm6 + did_tm6 + ddd_tm6 + group_tm5 + did_tm5 + ddd_tm5 + group_tm4 + did_tm4 + ddd_tm4 + group_tm3 + did_tm3 + ddd_tm3 + group_tm2 + did_tm2 + ddd_tm2 + group_t0 + did_t0 + ddd_t0 + group_t1 + did_t1 + ddd_t1 + group_t2 + did_t2 + ddd_t2 + group_t3 + did_t3 + ddd_t3 + group_t4 + did_t4 + ddd_t4 + group_t5 + did_t5 + ddd_t5 + group_t6 + did_t6 + ddd_t6 + group_t7 + did_t7 + ddd_t7 + group_t8 + did_t8 + ddd_t8 + group_t9 + did_t9 + ddd_t9 + group_t10 + did_t10 + ddd_t10 + group_t11 + did_t11 + ddd_t11 + group_t12 + did_t12 + ddd_t12 + group_t13 + did_t13 + ddd_t13 + group_t14 + did_t14 + ddd_t14 + group_t15 + did_t15 + ddd_t15 + group_t16 + did_t16 + ddd_t16 + group_t17 + did_t17 + ddd_t17 + group_t18 + did_t18 + ddd_t18 + group_t19 + did_t19 + ddd_t19 + group_t20 + did_t20 + ddd_t20 + group_t21 + did_t21 + ddd_t21 + group_t22 + did_t22 + ddd_t22 + group_t23 + did_t23 + ddd_t23 + group_t24 + did_t24 + ddd_t24 + idade_media_adm + pct_mulher_adm + pct_superior_adm + pct_negra_adm | cbo_4d + periodo,,-0.1498542156572245,0.09301544104566534,0.10809551196685296,-0.33216448010672855,0.032456048792279535,estimated,adequate,43,220
income_pnad,income_1_2sm,Mais de 1 até 2 salários mínimos,ln_salario_real_adm,Salário real de admissão (log),ddd,strict_no_tail_binning,-4,False,True,estimated,12536,12536,340,pyfixest_retained_sample,ln_salario_real_adm ~ group_tm12 + did_tm12 + ddd_tm12 + group_tm11 + did_tm11 + ddd_tm11 + group_tm10 + did_tm10 + ddd_tm10 + group_tm9 + did_tm9 + ddd_tm9 + group_tm8 + did_tm8 + ddd_tm8 + group_tm7 + did_tm7 + ddd_tm7 + group_tm6 + did_tm6 + ddd_tm6 + group_tm5 + did_tm5 + ddd_tm5 + group_tm4 + did_tm4 + ddd_tm4 + group_tm3 + did_tm3 + ddd_tm3 + group_tm2 + did_tm2 + ddd_tm2 + group_t0 + did_t0 + ddd_t0 + group_t1 + did_t1 + ddd_t1 + group_t2 + did_t2 + ddd_t2 + group_t3 + did_t3 + ddd_t3 + group_t4 + did_t4 + ddd_t4 + group_t5 + did_t5 + ddd_t5 + group_t6 + did_t6 + ddd_t6 + group_t7 + did_t7 + ddd_t7 + group_t8 + did_t8 + ddd_t8 + group_t9 + did_t9 + ddd_t9 + group_t10 + did_t10 + ddd_t10 + group_t11 + did_t11 + ddd_t11 + group_t12 + did_t12 + ddd_t12 + group_t13 + did_t13 + ddd_t13 + group_t14 + did_t14 + ddd_t14 + group_t15 + did_t15 + ddd_t15 + group_t16 + did_t16 + ddd_t16 + group_t17 + did_t17 + ddd_t17 + group_t18 + did_t18 + ddd_t18 + group_t19 + did_t19 + ddd_t19 + group_t20 + did_t20 + ddd_t20 + group_t21 + did_t21 + ddd_t21 + group_t22 + did_t22 + ddd_t22 + group_t23 + did_t23 + ddd_t23 + group_t24 + did_t24 + ddd_t24 + idade_media_adm + pct_mulher_adm + pct_superior_adm + pct_negra_adm | cbo_4d + periodo,,-0.10076239435618836,0.1040540145485204,0.33355185387188024,-0.3047082628712883,0.1031834741589116,estimated,adequate,43,220
income_pnad,income_1_2sm,Mais de 1 até 2 salários mínimos,ln_salario_real_adm,Salário real de admissão (log),ddd,strict_no_tail_binning,-3,False,True,estimated,12536,12536,340,pyfixest_retained_sample,ln_salario_real_adm ~ group_tm12 + did_tm12 + ddd_tm12 + group_tm11 + did_tm11 + ddd_tm11 + group_tm10 + did_tm10 + ddd_tm10 + group_tm9 + did_tm9 + ddd_tm9 + group_tm8 + did_tm8 + ddd_tm8 + group_tm7 + did_tm7 + ddd_tm7 + group_tm6 + did_tm6 + ddd_tm6 + group_tm5 + did_tm5 + ddd_tm5 + group_tm4 + did_tm4 + ddd_tm4 + group_tm3 + did_tm3 + ddd_tm3 + group_tm2 + did_tm2 + ddd_tm2 + group_t0 + did_t0 + ddd_t0 + group_t1 + did_t1 + ddd_t1 + group_t2 + did_t2 + ddd_t2 + group_t3 + did_t3 + ddd_t3 + group_t4 + did_t4 + ddd_t4 + group_t5 + did_t5 + ddd_t5 + group_t6 + did_t6 + ddd_t6 + group_t7 + did_t7 + ddd_t7 + group_t8 + did_t8 + ddd_t8 + group_t9 + did_t9 + ddd_t9 + group_t10 + did_t10 + ddd_t10 + group_t11 + did_t11 + ddd_t11 + group_t12 + did_t12 + ddd_t12 + group_t13 + did_t13 + ddd_t13 + group_t14 + did_t14 + ddd_t14 + group_t15 + did_t15 + ddd_t15 + group_t16 + did_t16 + ddd_t16 + group_t17 + did_t17 + ddd_t17 + group_t18 + did_t18 + ddd_t18 + group_t19 + did_t19 + ddd_t19 + group_t20 + did_t20 + ddd_t20 + group_t21 + did_t21 + ddd_t21 + group_t22 + did_t22 + ddd_t22 + group_t23 + did_t23 + ddd_t23 + group_t24 + did_t24 + ddd_t24 + idade_media_adm + pct_mulher_adm + pct_superior_adm + pct_negra_adm | cbo_4d + periodo,,-0.12272399961688488,0.08865331799985143,0.16717299724614865,-0.29648450289659367,0.05103650366282392,estimated,adequate,43,220
income_pnad,income_1_2sm,Mais de 1 até 2 salários mínimos,ln_salario_real_adm,Salário real de admissão (log),ddd,strict_no_tail_binning,-2,False,True,estimated,12536,12536,340,pyfixest_retained_sample,ln_salario_real_adm ~ group_tm12 + did_tm12 + ddd_tm12 + group_tm11 + did_tm11 + ddd_tm11 + group_tm10 + did_tm10 + ddd_tm10 + group_tm9 + did_tm9 + ddd_tm9 + group_tm8 + did_tm8 + ddd_tm8 + group_tm7 + did_tm7 + ddd_tm7 + group_tm6 + did_tm6 + ddd_tm6 + group_tm5 + did_tm5 + ddd_tm5 + group_tm4 + did_tm4 + ddd_tm4 + group_tm3 + did_tm3 + ddd_tm3 + group_tm2 + did_tm2 + ddd_tm2 + group_t0 + did_t0 + ddd_t0 + group_t1 + did_t1 + ddd_t1 + group_t2 + did_t2 + ddd_t2 + group_t3 + did_t3 + ddd_t3 + group_t4 + did_t4 + ddd_t4 + group_t5 + did_t5 + ddd_t5 + group_t6 + did_t6 + ddd_t6 + group_t7 + did_t7 + ddd_t7 + group_t8 + did_t8 + ddd_t8 + group_t9 + did_t9 + ddd_t9 + group_t10 + did_t10 + ddd_t10 + group_t11 + did_t11 + ddd_t11 + group_t12 + did_t12 + ddd_t12 + group_t13 + did_t13 + ddd_t13 + group_t14 + did_t14 + ddd_t14 + group_t15 + did_t15 + ddd_t15 + group_t16 + did_t16 + ddd_t16 + group_t17 + did_t17 + ddd_t17 + group_t18 + did_t18 + ddd_t18 + group_t19 + did_t19 + ddd_t19 + group_t20 + did_t20 + ddd_t20 + group_t21 + did_t21 + ddd_t21 + group_t22 + did_t22 + ddd_t22 + group_t23 + did_t23 + ddd_t23 + group_t24 + did_t24 + ddd_t24 + idade_media_adm + pct_mulher_adm + pct_superior_adm + pct_negra_adm | cbo_4d + periodo,,-0.10027808611544674,0.08759272697988466,0.25309049475809653,-0.27195983099602067,0.07140365876512718,estimated,adequate,43,220
income_pnad,income_1_2sm,Mais de 1 até 2 salários mínimos,ln_salario_real_adm,Salário real de admissão (log),ddd,strict_no_tail_binning,-1,True,False,estimated,12536,12536,340,pyfixest_retained_sample,ln_salario_real_adm ~ group_tm12 + did_tm12 + ddd_tm12 + group_tm11 + did_tm11 + ddd_tm11 + group_tm10 + did_tm10 + ddd_tm10 + group_tm9 + did_tm9 + ddd_tm9 + group_tm8 + did_tm8 + ddd_tm8 + group_tm7 + did_tm7 + ddd_tm7 + group_tm6 + did_tm6 + ddd_tm6 + group_tm5 + did_tm5 + ddd_tm5 + group_tm4 + did_tm4 + ddd_tm4 + group_tm3 + did_tm3 + ddd_tm3 + group_tm2 + did_tm2 + ddd_tm2 + group_t0 + did_t0 + ddd_t0 + group_t1 + did_t1 + ddd_t1 + group_t2 + did_t2 + ddd_t2 + group_t3 + did_t3 + ddd_t3 + group_t4 + did_t4 + ddd_t4 + group_t5 + did_t5 + ddd_t5 + group_t6 + did_t6 + ddd_t6 + group_t7 + did_t7 + ddd_t7 + group_t8 + did_t8 + ddd_t8 + group_t9 + did_t9 + ddd_t9 + group_t10 + did_t10 + ddd_t10 + group_t11 + did_t11 + ddd_t11 + group_t12 + did_t12 + ddd_t12 + group_t13 + did_t13 + ddd_t13 + group_t14 + did_t14 + ddd_t14 + group_t15 + did_t15 + ddd_t15 + group_t16 + did_t16 + ddd_t16 + group_t17 + did_t17 + ddd_t17 + group_t18 + did_t18 + ddd_t18 + group_t19 + did_t19 + ddd_t19 + group_t20 + did_t20 + ddd_t20 + group_t21 + did_t21 + ddd_t21 + group_t22 + did_t22 + ddd_t22 + group_t23 + did_t23 + ddd_t23 + group_t24 + did_t24 + ddd_t24 + idade_media_adm + pct_mulher_adm + pct_superior_adm + pct_negra_adm | cbo_4d + periodo,,0.0,0.0,,0.0,0.0,reference,adequate,43,220
income_pnad,income_1_2sm,Mais de 1 até 2 salários mínimos,ln_salario_real_adm,Salário real de admissão (log),ddd,strict_no_tail_binning,0,False,False,estimated,12536,12536,340,pyfixest_retained_sample,ln_salario_real_adm ~ group_tm12 + did_tm12 + ddd_tm12 + group_tm11 + did_tm11 + ddd_tm11 + group_tm10 + did_tm10 + ddd_tm10 + group_tm9 + did_tm9 + ddd_tm9 + group_tm8 + did_tm8 + ddd_tm8 + group_tm7 + did_tm7 + ddd_tm7 + group_tm6 + did_tm6 + ddd_tm6 + group_tm5 + did_tm5 + ddd_tm5 + group_tm4 + did_tm4 + ddd_tm4 + group_tm3 + did_tm3 + ddd_tm3 + group_tm2 + did_tm2 + ddd_tm2 + group_t0 + did_t0 + ddd_t0 + group_t1 + did_t1 + ddd_t1 + group_t2 + did_t2 + ddd_t2 + group_t3 + did_t3 + ddd_t3 + group_t4 + did_t4 + ddd_t4 + group_t5 + did_t5 + ddd_t5 + group_t6 + did_t6 + ddd_t6 + group_t7 + did_t7 + ddd_t7 + group_t8 + did_t8 + ddd_t8 + group_t9 + did_t9 + ddd_t9 + group_t10 + did_t10 + ddd_t10 + group_t11 + did_t11 + ddd_t11 + group_t12 + did_t12 + ddd_t12 + group_t13 + did_t13 + ddd_t13 + group_t14 + did_t14 + ddd_t14 + group_t15 + did_t15 + ddd_t15 + group_t16 + did_t16 + ddd_t16 + group_t17 + did_t17 + ddd_t17 + group_t18 + did_t18 + ddd_t18 + group_t19 + did_t19 + ddd_t19 + group_t20 + did_t20 + ddd_t20 + group_t21 + did_t21 + ddd_t21 + group_t22 + did_t22 + ddd_t22 + group_t23 + did_t23 + ddd_t23 + group_t24 + did_t24 + ddd_t24 + idade_media_adm + pct_mulher_adm + pct_superior_adm + pct_negra_adm | cbo_4d + periodo,,-0.0740951618534455,0.09984494448086448,0.4585392121781249,-0.26979125303593987,0.12160092932904887,estimated,adequate,43,220
income_pnad,income_1_2sm,Mais de 1 até 2 salários mínimos,ln_salario_real_adm,Salário real de admissão (log),ddd,strict_no_tail_binning,1,False,False,estimated,12536,12536,340,pyfixest_retained_sample,ln_salario_real_adm ~ group_tm12 + did_tm12 + ddd_tm12 + group_tm11 + did_tm11 + ddd_tm11 + group_tm10 + did_tm10 + ddd_tm10 + group_tm9 + did_tm9 + ddd_tm9 + group_tm8 + did_tm8 + ddd_tm8 + group_tm7 + did_tm7 + ddd_tm7 + group_tm6 + did_tm6 + ddd_tm6 + group_tm5 + did_tm5 + ddd_tm5 + group_tm4 + did_tm4 + ddd_tm4 + group_tm3 + did_tm3 + ddd_tm3 + group_tm2 + did_tm2 + ddd_tm2 + group_t0 + did_t0 + ddd_t0 + group_t1 + did_t1 + ddd_t1 + group_t2 + did_t2 + ddd_t2 + group_t3 + did_t3 + ddd_t3 + group_t4 + did_t4 + ddd_t4 + group_t5 + did_t5 + ddd_t5 + group_t6 + did_t6 + ddd_t6 + group_t7 + did_t7 + ddd_t7 + group_t8 + did_t8 + ddd_t8 + group_t9 + did_t9 + ddd_t9 + group_t10 + did_t10 + ddd_t10 + group_t11 + did_t11 + ddd_t11 + group_t12 + did_t12 + ddd_t12 + group_t13 + did_t13 + ddd_t13 + group_t14 + did_t14 + ddd_t14 + group_t15 + did_t15 + ddd_t15 + group_t16 + did_t16 + ddd_t16 + group_t17 + did_t17 + ddd_t17 + group_t18 + did_t18 + ddd_t18 + group_t19 + did_t19 + ddd_t19 + group_t20 + did_t20 + ddd_t20 + group_t21 + did_t21 + ddd_t21 + group_t22 + did_t22 + ddd_t22 + group_t23 + did_t23 + ddd_t23 + group_t24 + did_t24 + ddd_t24 + idade_media_adm + pct_mulher_adm + pct_superior_adm + pct_negra_adm | cbo_4d + periodo,,-0.0943747572924593,0.09668984758776472,0.32973243472475877,-0.28388685856447815,0.09513734397955954,estimated,adequate,43,220
income_pnad,income_1_2sm,Mais de 1 até 2 salários mínimos,ln_salario_real_adm,Salário real de admissão (log),ddd,strict_no_tail_binning,2,False,False,estimated,12536,12536,340,pyfixest_retained_sample,ln_salario_real_adm ~ group_tm12 + did_tm12 + ddd_tm12 + group_tm11 + did_tm11 + ddd_tm11 + group_tm10 + did_tm10 + ddd_tm10 + group_tm9 + did_tm9 + ddd_tm9 + group_tm8 + did_tm8 + ddd_tm8 + group_tm7 + did_tm7 + ddd_tm7 + group_tm6 + did_tm6 + ddd_tm6 + group_tm5 + did_tm5 + ddd_tm5 + group_tm4 + did_tm4 + ddd_tm4 + group_tm3 + did_tm3 + ddd_tm3 + group_tm2 + did_tm2 + ddd_tm2 + group_t0 + did_t0 + ddd_t0 + group_t1 + did_t1 + ddd_t1 + group_t2 + did_t2 + ddd_t2 + group_t3 + did_t3 + ddd_t3 + group_t4 + did_t4 + ddd_t4 + group_t5 + did_t5 + ddd_t5 + group_t6 + did_t6 + ddd_t6 + group_t7 + did_t7 + ddd_t7 + group_t8 + did_t8 + ddd_t8 + group_t9 + did_t9 + ddd_t9 + group_t10 + did_t10 + ddd_t10 + group_t11 + did_t11 + ddd_t11 + group_t12 + did_t12 + ddd_t12 + group_t13 + did_t13 + ddd_t13 + group_t14 + did_t14 + ddd_t14 + group_t15 + did_t15 + ddd_t15 + group_t16 + did_t16 + ddd_t16 + group_t17 + did_t17 + ddd_t17 + group_t18 + did_t18 + ddd_t18 + group_t19 + did_t19 + ddd_t19 + group_t20 + did_t20 + ddd_t20 + group_t21 + did_t21 + ddd_t21 + group_t22 + did_t22 + ddd_t22 + group_t23 + did_t23 + ddd_t23 + group_t24 + did_t24 + ddd_t24 + idade_media_adm + pct_mulher_adm + pct_superior_adm + pct_negra_adm | cbo_4d + periodo,,-0.04295746991870712,0.10653747447000252,0.6870445136613017,-0.25177091987991207,0.1658559800424978,estimated,adequate,43,220
income_pnad,income_1_2sm,Mais de 1 até 2 salários mínimos,ln_salario_real_adm,Salário real de admissão (log),ddd,strict_no_tail_binning,3,False,False,estimated,12536,12536,340,pyfixest_retained_sample,ln_salario_real_adm ~ group_tm12 + did_tm12 + ddd_tm12 + group_tm11 + did_tm11 + ddd_tm11 + group_tm10 + did_tm10 + ddd_tm10 + group_tm9 + did_tm9 + ddd_tm9 + group_tm8 + did_tm8 + ddd_tm8 + group_tm7 + did_tm7 + ddd_tm7 + group_tm6 + did_tm6 + ddd_tm6 + group_tm5 + did_tm5 + ddd_tm5 + group_tm4 + did_tm4 + ddd_tm4 + group_tm3 + did_tm3 + ddd_tm3 + group_tm2 + did_tm2 + ddd_tm2 + group_t0 + did_t0 + ddd_t0 + group_t1 + did_t1 + ddd_t1 + group_t2 + did_t2 + ddd_t2 + group_t3 + did_t3 + ddd_t3 + group_t4 + did_t4 + ddd_t4 + group_t5 + did_t5 + ddd_t5 + group_t6 + did_t6 + ddd_t6 + group_t7 + did_t7 + ddd_t7 + group_t8 + did_t8 + ddd_t8 + group_t9 + did_t9 + ddd_t9 + group_t10 + did_t10 + ddd_t10 + group_t11 + did_t11 + ddd_t11 + group_t12 + did_t12 + ddd_t12 + group_t13 + did_t13 + ddd_t13 + group_t14 + did_t14 + ddd_t14 + group_t15 + did_t15 + ddd_t15 + group_t16 + did_t16 + ddd_t16 + group_t17 + did_t17 + ddd_t17 + group_t18 + did_t18 + ddd_t18 + group_t19 + did_t19 + ddd_t19 + group_t20 + did_t20 + ddd_t20 + group_t21 + did_t21 + ddd_t21 + group_t22 + did_t22 + ddd_t22 + group_t23 + did_t23 + ddd_t23 + group_t24 + did_t24 + ddd_t24 + idade_media_adm + pct_mulher_adm + pct_superior_adm + pct_negra_adm | cbo_4d + periodo,,-0.13804127747469497,0.08881025357430972,0.12103652679170174,-0.31210937448034204,0.036026819530952076,estimated,adequate,43,220
income_pnad,income_1_2sm,Mais de 1 até 2 salários mínimos,ln_salario_real_adm,Salário real de admissão (log),ddd,strict_no_tail_binning,4,False,False,estimated,12536,12536,340,pyfixest_retained_sample,ln_salario_real_adm ~ group_tm12 + did_tm12 + ddd_tm12 + group_tm11 + did_tm11 + ddd_tm11 + group_tm10 + did_tm10 + ddd_tm10 + group_tm9 + did_tm9 + ddd_tm9 + group_tm8 + did_tm8 + ddd_tm8 + group_tm7 + did_tm7 + ddd_tm7 + group_tm6 + did_tm6 + ddd_tm6 + group_tm5 + did_tm5 + ddd_tm5 + group_tm4 + did_tm4 + ddd_tm4 + group_tm3 + did_tm3 + ddd_tm3 + group_tm2 + did_tm2 + ddd_tm2 + group_t0 + did_t0 + ddd_t0 + group_t1 + did_t1 + ddd_t1 + group_t2 + did_t2 + ddd_t2 + group_t3 + did_t3 + ddd_t3 + group_t4 + did_t4 + ddd_t4 + group_t5 + did_t5 + ddd_t5 + group_t6 + did_t6 + ddd_t6 + group_t7 + did_t7 + ddd_t7 + group_t8 + did_t8 + ddd_t8 + group_t9 + did_t9 + ddd_t9 + group_t10 + did_t10 + ddd_t10 + group_t11 + did_t11 + ddd_t11 + group_t12 + did_t12 + ddd_t12 + group_t13 + did_t13 + ddd_t13 + group_t14 + did_t14 + ddd_t14 + group_t15 + did_t15 + ddd_t15 + group_t16 + did_t16 + ddd_t16 + group_t17 + did_t17 + ddd_t17 + group_t18 + did_t18 + ddd_t18 + group_t19 + did_t19 + ddd_t19 + group_t20 + did_t20 + ddd_t20 + group_t21 + did_t21 + ddd_t21 + group_t22 + did_t22 + ddd_t22 + group_t23 + did_t23 + ddd_t23 + group_t24 + did_t24 + ddd_t24 + idade_media_adm + pct_mulher_adm + pct_superior_adm + pct_negra_adm | cbo_4d + periodo,,-0.1601695058272823,0.08941527057124583,0.07413721400732887,-0.33542343614692416,0.015084424492359555,estimated,adequate,43,220
income_pnad,income_1_2sm,Mais de 1 até 2 salários mínimos,ln_salario_real_adm,Salário real de admissão (log),ddd,strict_no_tail_binning,5,False,False,estimated,12536,12536,340,pyfixest_retained_sample,ln_salario_real_adm ~ group_tm12 + did_tm12 + ddd_tm12 + group_tm11 + did_tm11 + ddd_tm11 + group_tm10 + did_tm10 + ddd_tm10 + group_tm9 + did_tm9 + ddd_tm9 + group_tm8 + did_tm8 + ddd_tm8 + group_tm7 + did_tm7 + ddd_tm7 + group_tm6 + did_tm6 + ddd_tm6 + group_tm5 + did_tm5 + ddd_tm5 + group_tm4 + did_tm4 + ddd_tm4 + group_tm3 + did_tm3 + ddd_tm3 + group_tm2 + did_tm2 + ddd_tm2 + group_t0 + did_t0 + ddd_t0 + group_t1 + did_t1 + ddd_t1 + group_t2 + did_t2 + ddd_t2 + group_t3 + did_t3 + ddd_t3 + group_t4 + did_t4 + ddd_t4 + group_t5 + did_t5 + ddd_t5 + group_t6 + did_t6 + ddd_t6 + group_t7 + did_t7 + ddd_t7 + group_t8 + did_t8 + ddd_t8 + group_t9 + did_t9 + ddd_t9 + group_t10 + did_t10 + ddd_t10 + group_t11 + did_t11 + ddd_t11 + group_t12 + did_t12 + ddd_t12 + group_t13 + did_t13 + ddd_t13 + group_t14 + did_t14 + ddd_t14 + group_t15 + did_t15 + ddd_t15 + group_t16 + did_t16 + ddd_t16 + group_t17 + did_t17 + ddd_t17 + group_t18 + did_t18 + ddd_t18 + group_t19 + did_t19 + ddd_t19 + group_t20 + did_t20 + ddd_t20 + group_t21 + did_t21 + ddd_t21 + group_t22 + did_t22 + ddd_t22 + group_t23 + did_t23 + ddd_t23 + group_t24 + did_t24 + ddd_t24 + idade_media_adm + pct_mulher_adm + pct_superior_adm + pct_negra_adm | cbo_4d + periodo,,-0.1839472270657301,0.08072704924959745,0.02331048430343441,-0.34217224359494114,-0.025722210536519102,estimated,adequate,43,220
income_pnad,income_1_2sm,Mais de 1 até 2 salários mínimos,ln_salario_real_adm,Salário real de admissão (log),ddd,strict_no_tail_binning,6,False,False,estimated,12536,12536,340,pyfixest_retained_sample,ln_salario_real_adm ~ group_tm12 + did_tm12 + ddd_tm12 + group_tm11 + did_tm11 + ddd_tm11 + group_tm10 + did_tm10 + ddd_tm10 + group_tm9 + did_tm9 + ddd_tm9 + group_tm8 + did_tm8 + ddd_tm8 + group_tm7 + did_tm7 + ddd_tm7 + group_tm6 + did_tm6 + ddd_tm6 + group_tm5 + did_tm5 + ddd_tm5 + group_tm4 + did_tm4 + ddd_tm4 + group_tm3 + did_tm3 + ddd_tm3 + group_tm2 + did_tm2 + ddd_tm2 + group_t0 + did_t0 + ddd_t0 + group_t1 + did_t1 + ddd_t1 + group_t2 + did_t2 + ddd_t2 + group_t3 + did_t3 + ddd_t3 + group_t4 + did_t4 + ddd_t4 + group_t5 + did_t5 + ddd_t5 + group_t6 + did_t6 + ddd_t6 + group_t7 + did_t7 + ddd_t7 + group_t8 + did_t8 + ddd_t8 + group_t9 + did_t9 + ddd_t9 + group_t10 + did_t10 + ddd_t10 + group_t11 + did_t11 + ddd_t11 + group_t12 + did_t12 + ddd_t12 + group_t13 + did_t13 + ddd_t13 + group_t14 + did_t14 + ddd_t14 + group_t15 + did_t15 + ddd_t15 + group_t16 + did_t16 + ddd_t16 + group_t17 + did_t17 + ddd_t17 + group_t18 + did_t18 + ddd_t18 + group_t19 + did_t19 + ddd_t19 + group_t20 + did_t20 + ddd_t20 + group_t21 + did_t21 + ddd_t21 + group_t22 + did_t22 + ddd_t22 + group_t23 + did_t23 + ddd_t23 + group_t24 + did_t24 + ddd_t24 + idade_media_adm + pct_mulher_adm + pct_superior_adm + pct_negra_adm | cbo_4d + periodo,,-0.15237790074929164,0.08924347583846096,0.08865583927931397,-0.32729511339267514,0.022539311894091835,estimated,adequate,43,220
income_pnad,income_1_2sm,Mais de 1 até 2 salários mínimos,ln_salario_real_adm,Salário real de admissão (log),ddd,strict_no_tail_binning,7,False,False,estimated,12536,12536,340,pyfixest_retained_sample,ln_salario_real_adm ~ group_tm12 + did_tm12 + ddd_tm12 + group_tm11 + did_tm11 + ddd_tm11 + group_tm10 + did_tm10 + ddd_tm10 + group_tm9 + did_tm9 + ddd_tm9 + group_tm8 + did_tm8 + ddd_tm8 + group_tm7 + did_tm7 + ddd_tm7 + group_tm6 + did_tm6 + ddd_tm6 + group_tm5 + did_tm5 + ddd_tm5 + group_tm4 + did_tm4 + ddd_tm4 + group_tm3 + did_tm3 + ddd_tm3 + group_tm2 + did_tm2 + ddd_tm2 + group_t0 + did_t0 + ddd_t0 + group_t1 + did_t1 + ddd_t1 + group_t2 + did_t2 + ddd_t2 + group_t3 + did_t3 + ddd_t3 + group_t4 + did_t4 + ddd_t4 + group_t5 + did_t5 + ddd_t5 + group_t6 + did_t6 + ddd_t6 + group_t7 + did_t7 + ddd_t7 + group_t8 + did_t8 + ddd_t8 + group_t9 + did_t9 + ddd_t9 + group_t10 + did_t10 + ddd_t10 + group_t11 + did_t11 + ddd_t11 + group_t12 + did_t12 + ddd_t12 + group_t13 + did_t13 + ddd_t13 + group_t14 + did_t14 + ddd_t14 + group_t15 + did_t15 + ddd_t15 + group_t16 + did_t16 + ddd_t16 + group_t17 + did_t17 + ddd_t17 + group_t18 + did_t18 + ddd_t18 + group_t19 + did_t19 + ddd_t19 + group_t20 + did_t20 + ddd_t20 + group_t21 + did_t21 + ddd_t21 + group_t22 + did_t22 + ddd_t22 + group_t23 + did_t23 + ddd_t23 + group_t24 + did_t24 + ddd_t24 + idade_media_adm + pct_mulher_adm + pct_superior_adm + pct_negra_adm | cbo_4d + periodo,,-0.10180502058791692,0.09544972495449092,0.2869193381057167,-0.2888864814987191,0.08527644032288527,estimated,adequate,43,220
income_pnad,income_1_2sm,Mais de 1 até 2 salários mínimos,ln_salario_real_adm,Salário real de admissão (log),ddd,strict_no_tail_binning,8,False,False,estimated,12536,12536,340,pyfixest_retained_sample,ln_salario_real_adm ~ group_tm12 + did_tm12 + ddd_tm12 + group_tm11 + did_tm11 + ddd_tm11 + group_tm10 + did_tm10 + ddd_tm10 + group_tm9 + did_tm9 + ddd_tm9 + group_tm8 + did_tm8 + ddd_tm8 + group_tm7 + did_tm7 + ddd_tm7 + group_tm6 + did_tm6 + ddd_tm6 + group_tm5 + did_tm5 + ddd_tm5 + group_tm4 + did_tm4 + ddd_tm4 + group_tm3 + did_tm3 + ddd_tm3 + group_tm2 + did_tm2 + ddd_tm2 + group_t0 + did_t0 + ddd_t0 + group_t1 + did_t1 + ddd_t1 + group_t2 + did_t2 + ddd_t2 + group_t3 + did_t3 + ddd_t3 + group_t4 + did_t4 + ddd_t4 + group_t5 + did_t5 + ddd_t5 + group_t6 + did_t6 + ddd_t6 + group_t7 + did_t7 + ddd_t7 + group_t8 + did_t8 + ddd_t8 + group_t9 + did_t9 + ddd_t9 + group_t10 + did_t10 + ddd_t10 + group_t11 + did_t11 + ddd_t11 + group_t12 + did_t12 + ddd_t12 + group_t13 + did_t13 + ddd_t13 + group_t14 + did_t14 + ddd_t14 + group_t15 + did_t15 + ddd_t15 + group_t16 + did_t16 + ddd_t16 + group_t17 + did_t17 + ddd_t17 + group_t18 + did_t18 + ddd_t18 + group_t19 + did_t19 + ddd_t19 + group_t20 + did_t20 + ddd_t20 + group_t21 + did_t21 + ddd_t21 + group_t22 + did_t22 + ddd_t22 + group_t23 + did_t23 + ddd_t23 + group_t24 + did_t24 + ddd_t24 + idade_media_adm + pct_mulher_adm + pct_superior_adm + pct_negra_adm | cbo_4d + periodo,,-0.14781766227331888,0.0896978402117086,0.10028916827036616,-0.32362542908826775,0.02799010454162995,estimated,adequate,43,220
income_pnad,income_1_2sm,Mais de 1 até 2 salários mínimos,ln_salario_real_adm,Salário real de admissão (log),ddd,strict_no_tail_binning,9,False,False,estimated,12536,12536,340,pyfixest_retained_sample,ln_salario_real_adm ~ group_tm12 + did_tm12 + ddd_tm12 + group_tm11 + did_tm11 + ddd_tm11 + group_tm10 + did_tm10 + ddd_tm10 + group_tm9 + did_tm9 + ddd_tm9 + group_tm8 + did_tm8 + ddd_tm8 + group_tm7 + did_tm7 + ddd_tm7 + group_tm6 + did_tm6 + ddd_tm6 + group_tm5 + did_tm5 + ddd_tm5 + group_tm4 + did_tm4 + ddd_tm4 + group_tm3 + did_tm3 + ddd_tm3 + group_tm2 + did_tm2 + ddd_tm2 + group_t0 + did_t0 + ddd_t0 + group_t1 + did_t1 + ddd_t1 + group_t2 + did_t2 + ddd_t2 + group_t3 + did_t3 + ddd_t3 + group_t4 + did_t4 + ddd_t4 + group_t5 + did_t5 + ddd_t5 + group_t6 + did_t6 + ddd_t6 + group_t7 + did_t7 + ddd_t7 + group_t8 + did_t8 + ddd_t8 + group_t9 + did_t9 + ddd_t9 + group_t10 + did_t10 + ddd_t10 + group_t11 + did_t11 + ddd_t11 + group_t12 + did_t12 + ddd_t12 + group_t13 + did_t13 + ddd_t13 + group_t14 + did_t14 + ddd_t14 + group_t15 + did_t15 + ddd_t15 + group_t16 + did_t16 + ddd_t16 + group_t17 + did_t17 + ddd_t17 + group_t18 + did_t18 + ddd_t18 + group_t19 + did_t19 + ddd_t19 + group_t20 + did_t20 + ddd_t20 + group_t21 + did_t21 + ddd_t21 + group_t22 + did_t22 + ddd_t22 + group_t23 + did_t23 + ddd_t23 + group_t24 + did_t24 + ddd_t24 + idade_media_adm + pct_mulher_adm + pct_superior_adm + pct_negra_adm | cbo_4d + periodo,,-0.09662269692936441,0.10410553242337205,0.35400432556325834,-0.3006695404791736,0.10742414662044479,estimated,adequate,43,220
income_pnad,income_1_2sm,Mais de 1 até 2 salários mínimos,ln_salario_real_adm,Salário real de admissão (log),ddd,strict_no_tail_binning,10,False,False,estimated,12536,12536,340,pyfixest_retained_sample,ln_salario_real_adm ~ group_tm12 + did_tm12 + ddd_tm12 + group_tm11 + did_tm11 + ddd_tm11 + group_tm10 + did_tm10 + ddd_tm10 + group_tm9 + did_tm9 + ddd_tm9 + group_tm8 + did_tm8 + ddd_tm8 + group_tm7 + did_tm7 + ddd_tm7 + group_tm6 + did_tm6 + ddd_tm6 + group_tm5 + did_tm5 + ddd_tm5 + group_tm4 + did_tm4 + ddd_tm4 + group_tm3 + did_tm3 + ddd_tm3 + group_tm2 + did_tm2 + ddd_tm2 + group_t0 + did_t0 + ddd_t0 + group_t1 + did_t1 + ddd_t1 + group_t2 + did_t2 + ddd_t2 + group_t3 + did_t3 + ddd_t3 + group_t4 + did_t4 + ddd_t4 + group_t5 + did_t5 + ddd_t5 + group_t6 + did_t6 + ddd_t6 + group_t7 + did_t7 + ddd_t7 + group_t8 + did_t8 + ddd_t8 + group_t9 + did_t9 + ddd_t9 + group_t10 + did_t10 + ddd_t10 + group_t11 + did_t11 + ddd_t11 + group_t12 + did_t12 + ddd_t12 + group_t13 + did_t13 + ddd_t13 + group_t14 + did_t14 + ddd_t14 + group_t15 + did_t15 + ddd_t15 + group_t16 + did_t16 + ddd_t16 + group_t17 + did_t17 + ddd_t17 + group_t18 + did_t18 + ddd_t18 + group_t19 + did_t19 + ddd_t19 + group_t20 + did_t20 + ddd_t20 + group_t21 + did_t21 + ddd_t21 + group_t22 + did_t22 + ddd_t22 + group_t23 + did_t23 + ddd_t23 + group_t24 + did_t24 + ddd_t24 + idade_media_adm + pct_mulher_adm + pct_superior_adm + pct_negra_adm | cbo_4d + periodo,,-0.10755026572088548,0.08786462858747945,0.22178523991159205,-0.27976493775234523,0.06466440631057425,estimated,adequate,43,220
income_pnad,income_1_2sm,Mais de 1 até 2 salários mínimos,ln_salario_real_adm,Salário real de admissão (log),ddd,strict_no_tail_binning,11,False,False,estimated,12536,12536,340,pyfixest_retained_sample,ln_salario_real_adm ~ group_tm12 + did_tm12 + ddd_tm12 + group_tm11 + did_tm11 + ddd_tm11 + group_tm10 + did_tm10 + ddd_tm10 + group_tm9 + did_tm9 + ddd_tm9 + group_tm8 + did_tm8 + ddd_tm8 + group_tm7 + did_tm7 + ddd_tm7 + group_tm6 + did_tm6 + ddd_tm6 + group_tm5 + did_tm5 + ddd_tm5 + group_tm4 + did_tm4 + ddd_tm4 + group_tm3 + did_tm3 + ddd_tm3 + group_tm2 + did_tm2 + ddd_tm2 + group_t0 + did_t0 + ddd_t0 + group_t1 + did_t1 + ddd_t1 + group_t2 + did_t2 + ddd_t2 + group_t3 + did_t3 + ddd_t3 + group_t4 + did_t4 + ddd_t4 + group_t5 + did_t5 + ddd_t5 + group_t6 + did_t6 + ddd_t6 + group_t7 + did_t7 + ddd_t7 + group_t8 + did_t8 + ddd_t8 + group_t9 + did_t9 + ddd_t9 + group_t10 + did_t10 + ddd_t10 + group_t11 + did_t11 + ddd_t11 + group_t12 + did_t12 + ddd_t12 + group_t13 + did_t13 + ddd_t13 + group_t14 + did_t14 + ddd_t14 + group_t15 + did_t15 + ddd_t15 + group_t16 + did_t16 + ddd_t16 + group_t17 + did_t17 + ddd_t17 + group_t18 + did_t18 + ddd_t18 + group_t19 + did_t19 + ddd_t19 + group_t20 + did_t20 + ddd_t20 + group_t21 + did_t21 + ddd_t21 + group_t22 + did_t22 + ddd_t22 + group_t23 + did_t23 + ddd_t23 + group_t24 + did_t24 + ddd_t24 + idade_media_adm + pct_mulher_adm + pct_superior_adm + pct_negra_adm | cbo_4d + periodo,,-0.097457594188147,0.08587273528663242,0.2572159660117004,-0.2657681553499466,0.07085296697365254,estimated,adequate,43,220
income_pnad,income_1_2sm,Mais de 1 até 2 salários mínimos,ln_salario_real_adm,Salário real de admissão (log),ddd,strict_no_tail_binning,12,False,False,estimated,12536,12536,340,pyfixest_retained_sample,ln_salario_real_adm ~ group_tm12 + did_tm12 + ddd_tm12 + group_tm11 + did_tm11 + ddd_tm11 + group_tm10 + did_tm10 + ddd_tm10 + group_tm9 + did_tm9 + ddd_tm9 + group_tm8 + did_tm8 + ddd_tm8 + group_tm7 + did_tm7 + ddd_tm7 + group_tm6 + did_tm6 + ddd_tm6 + group_tm5 + did_tm5 + ddd_tm5 + group_tm4 + did_tm4 + ddd_tm4 + group_tm3 + did_tm3 + ddd_tm3 + group_tm2 + did_tm2 + ddd_tm2 + group_t0 + did_t0 + ddd_t0 + group_t1 + did_t1 + ddd_t1 + group_t2 + did_t2 + ddd_t2 + group_t3 + did_t3 + ddd_t3 + group_t4 + did_t4 + ddd_t4 + group_t5 + did_t5 + ddd_t5 + group_t6 + did_t6 + ddd_t6 + group_t7 + did_t7 + ddd_t7 + group_t8 + did_t8 + ddd_t8 + group_t9 + did_t9 + ddd_t9 + group_t10 + did_t10 + ddd_t10 + group_t11 + did_t11 + ddd_t11 + group_t12 + did_t12 + ddd_t12 + group_t13 + did_t13 + ddd_t13 + group_t14 + did_t14 + ddd_t14 + group_t15 + did_t15 + ddd_t15 + group_t16 + did_t16 + ddd_t16 + group_t17 + did_t17 + ddd_t17 + group_t18 + did_t18 + ddd_t18 + group_t19 + did_t19 + ddd_t19 + group_t20 + did_t20 + ddd_t20 + group_t21 + did_t21 + ddd_t21 + group_t22 + did_t22 + ddd_t22 + group_t23 + did_t23 + ddd_t23 + group_t24 + did_t24 + ddd_t24 + idade_media_adm + pct_mulher_adm + pct_superior_adm + pct_negra_adm | cbo_4d + periodo,,-0.02437480730796912,0.09056617293861034,0.7879871454157352,-0.2018845062676454,0.15313489165170716,estimated,adequate,43,220
income_pnad,income_1_2sm,Mais de 1 até 2 salários mínimos,ln_salario_real_adm,Salário real de admissão (log),ddd,strict_no_tail_binning,13,False,False,estimated,12536,12536,340,pyfixest_retained_sample,ln_salario_real_adm ~ group_tm12 + did_tm12 + ddd_tm12 + group_tm11 + did_tm11 + ddd_tm11 + group_tm10 + did_tm10 + ddd_tm10 + group_tm9 + did_tm9 + ddd_tm9 + group_tm8 + did_tm8 + ddd_tm8 + group_tm7 + did_tm7 + ddd_tm7 + group_tm6 + did_tm6 + ddd_tm6 + group_tm5 + did_tm5 + ddd_tm5 + group_tm4 + did_tm4 + ddd_tm4 + group_tm3 + did_tm3 + ddd_tm3 + group_tm2 + did_tm2 + ddd_tm2 + group_t0 + did_t0 + ddd_t0 + group_t1 + did_t1 + ddd_t1 + group_t2 + did_t2 + ddd_t2 + group_t3 + did_t3 + ddd_t3 + group_t4 + did_t4 + ddd_t4 + group_t5 + did_t5 + ddd_t5 + group_t6 + did_t6 + ddd_t6 + group_t7 + did_t7 + ddd_t7 + group_t8 + did_t8 + ddd_t8 + group_t9 + did_t9 + ddd_t9 + group_t10 + did_t10 + ddd_t10 + group_t11 + did_t11 + ddd_t11 + group_t12 + did_t12 + ddd_t12 + group_t13 + did_t13 + ddd_t13 + group_t14 + did_t14 + ddd_t14 + group_t15 + did_t15 + ddd_t15 + group_t16 + did_t16 + ddd_t16 + group_t17 + did_t17 + ddd_t17 + group_t18 + did_t18 + ddd_t18 + group_t19 + did_t19 + ddd_t19 + group_t20 + did_t20 + ddd_t20 + group_t21 + did_t21 + ddd_t21 + group_t22 + did_t22 + ddd_t22 + group_t23 + did_t23 + ddd_t23 + group_t24 + did_t24 + ddd_t24 + idade_media_adm + pct_mulher_adm + pct_superior_adm + pct_negra_adm | cbo_4d + periodo,,-0.06831060069363548,0.0900870972965003,0.44881447825174003,-0.24488131139477606,0.1082601100075051,estimated,adequate,43,220
income_pnad,income_1_2sm,Mais de 1 até 2 salários mínimos,ln_salario_real_adm,Salário real de admissão (log),ddd,strict_no_tail_binning,14,False,False,estimated,12536,12536,340,pyfixest_retained_sample,ln_salario_real_adm ~ group_tm12 + did_tm12 + ddd_tm12 + group_tm11 + did_tm11 + ddd_tm11 + group_tm10 + did_tm10 + ddd_tm10 + group_tm9 + did_tm9 + ddd_tm9 + group_tm8 + did_tm8 + ddd_tm8 + group_tm7 + did_tm7 + ddd_tm7 + group_tm6 + did_tm6 + ddd_tm6 + group_tm5 + did_tm5 + ddd_tm5 + group_tm4 + did_tm4 + ddd_tm4 + group_tm3 + did_tm3 + ddd_tm3 + group_tm2 + did_tm2 + ddd_tm2 + group_t0 + did_t0 + ddd_t0 + group_t1 + did_t1 + ddd_t1 + group_t2 + did_t2 + ddd_t2 + group_t3 + did_t3 + ddd_t3 + group_t4 + did_t4 + ddd_t4 + group_t5 + did_t5 + ddd_t5 + group_t6 + did_t6 + ddd_t6 + group_t7 + did_t7 + ddd_t7 + group_t8 + did_t8 + ddd_t8 + group_t9 + did_t9 + ddd_t9 + group_t10 + did_t10 + ddd_t10 + group_t11 + did_t11 + ddd_t11 + group_t12 + did_t12 + ddd_t12 + group_t13 + did_t13 + ddd_t13 + group_t14 + did_t14 + ddd_t14 + group_t15 + did_t15 + ddd_t15 + group_t16 + did_t16 + ddd_t16 + group_t17 + did_t17 + ddd_t17 + group_t18 + did_t18 + ddd_t18 + group_t19 + did_t19 + ddd_t19 + group_t20 + did_t20 + ddd_t20 + group_t21 + did_t21 + ddd_t21 + group_t22 + did_t22 + ddd_t22 + group_t23 + did_t23 + ddd_t23 + group_t24 + did_t24 + ddd_t24 + idade_media_adm + pct_mulher_adm + pct_superior_adm + pct_negra_adm | cbo_4d + periodo,,-0.1213065388212633,0.08387202905378745,0.14900890235897646,-0.28569571576668673,0.043082638124160105,estimated,adequate,43,220
income_pnad,income_1_2sm,Mais de 1 até 2 salários mínimos,ln_salario_real_adm,Salário real de admissão (log),ddd,strict_no_tail_binning,15,False,False,estimated,12536,12536,340,pyfixest_retained_sample,ln_salario_real_adm ~ group_tm12 + did_tm12 + ddd_tm12 + group_tm11 + did_tm11 + ddd_tm11 + group_tm10 + did_tm10 + ddd_tm10 + group_tm9 + did_tm9 + ddd_tm9 + group_tm8 + did_tm8 + ddd_tm8 + group_tm7 + did_tm7 + ddd_tm7 + group_tm6 + did_tm6 + ddd_tm6 + group_tm5 + did_tm5 + ddd_tm5 + group_tm4 + did_tm4 + ddd_tm4 + group_tm3 + did_tm3 + ddd_tm3 + group_tm2 + did_tm2 + ddd_tm2 + group_t0 + did_t0 + ddd_t0 + group_t1 + did_t1 + ddd_t1 + group_t2 + did_t2 + ddd_t2 + group_t3 + did_t3 + ddd_t3 + group_t4 + did_t4 + ddd_t4 + group_t5 + did_t5 + ddd_t5 + group_t6 + did_t6 + ddd_t6 + group_t7 + did_t7 + ddd_t7 + group_t8 + did_t8 + ddd_t8 + group_t9 + did_t9 + ddd_t9 + group_t10 + did_t10 + ddd_t10 + group_t11 + did_t11 + ddd_t11 + group_t12 + did_t12 + ddd_t12 + group_t13 + did_t13 + ddd_t13 + group_t14 + did_t14 + ddd_t14 + group_t15 + did_t15 + ddd_t15 + group_t16 + did_t16 + ddd_t16 + group_t17 + did_t17 + ddd_t17 + group_t18 + did_t18 + ddd_t18 + group_t19 + did_t19 + ddd_t19 + group_t20 + did_t20 + ddd_t20 + group_t21 + did_t21 + ddd_t21 + group_t22 + did_t22 + ddd_t22 + group_t23 + did_t23 + ddd_t23 + group_t24 + did_t24 + ddd_t24 + idade_media_adm + pct_mulher_adm + pct_superior_adm + pct_negra_adm | cbo_4d + periodo,,-0.10430828107141474,0.08468681018345899,0.21891691599913554,-0.2702944290309943,0.06167786688816487,estimated,adequate,43,220
income_pnad,income_1_2sm,Mais de 1 até 2 salários mínimos,ln_salario_real_adm,Salário real de admissão (log),ddd,strict_no_tail_binning,16,False,False,estimated,12536,12536,340,pyfixest_retained_sample,ln_salario_real_adm ~ group_tm12 + did_tm12 + ddd_tm12 + group_tm11 + did_tm11 + ddd_tm11 + group_tm10 + did_tm10 + ddd_tm10 + group_tm9 + did_tm9 + ddd_tm9 + group_tm8 + did_tm8 + ddd_tm8 + group_tm7 + did_tm7 + ddd_tm7 + group_tm6 + did_tm6 + ddd_tm6 + group_tm5 + did_tm5 + ddd_tm5 + group_tm4 + did_tm4 + ddd_tm4 + group_tm3 + did_tm3 + ddd_tm3 + group_tm2 + did_tm2 + ddd_tm2 + group_t0 + did_t0 + ddd_t0 + group_t1 + did_t1 + ddd_t1 + group_t2 + did_t2 + ddd_t2 + group_t3 + did_t3 + ddd_t3 + group_t4 + did_t4 + ddd_t4 + group_t5 + did_t5 + ddd_t5 + group_t6 + did_t6 + ddd_t6 + group_t7 + did_t7 + ddd_t7 + group_t8 + did_t8 + ddd_t8 + group_t9 + did_t9 + ddd_t9 + group_t10 + did_t10 + ddd_t10 + group_t11 + did_t11 + ddd_t11 + group_t12 + did_t12 + ddd_t12 + group_t13 + did_t13 + ddd_t13 + group_t14 + did_t14 + ddd_t14 + group_t15 + did_t15 + ddd_t15 + group_t16 + did_t16 + ddd_t16 + group_t17 + did_t17 + ddd_t17 + group_t18 + did_t18 + ddd_t18 + group_t19 + did_t19 + ddd_t19 + group_t20 + did_t20 + ddd_t20 + group_t21 + did_t21 + ddd_t21 + group_t22 + did_t22 + ddd_t22 + group_t23 + did_t23 + ddd_t23 + group_t24 + did_t24 + ddd_t24 + idade_media_adm + pct_mulher_adm + pct_superior_adm + pct_negra_adm | cbo_4d + periodo,,-0.10183244950642965,0.08471906040117483,0.23020186812790433,-0.2678818078927323,0.06421690887987301,estimated,adequate,43,220
income_pnad,income_1_2sm,Mais de 1 até 2 salários mínimos,ln_salario_real_adm,Salário real de admissão (log),ddd,strict_no_tail_binning,17,False,False,estimated,12536,12536,340,pyfixest_retained_sample,ln_salario_real_adm ~ group_tm12 + did_tm12 + ddd_tm12 + group_tm11 + did_tm11 + ddd_tm11 + group_tm10 + did_tm10 + ddd_tm10 + group_tm9 + did_tm9 + ddd_tm9 + group_tm8 + did_tm8 + ddd_tm8 + group_tm7 + did_tm7 + ddd_tm7 + group_tm6 + did_tm6 + ddd_tm6 + group_tm5 + did_tm5 + ddd_tm5 + group_tm4 + did_tm4 + ddd_tm4 + group_tm3 + did_tm3 + ddd_tm3 + group_tm2 + did_tm2 + ddd_tm2 + group_t0 + did_t0 + ddd_t0 + group_t1 + did_t1 + ddd_t1 + group_t2 + did_t2 + ddd_t2 + group_t3 + did_t3 + ddd_t3 + group_t4 + did_t4 + ddd_t4 + group_t5 + did_t5 + ddd_t5 + group_t6 + did_t6 + ddd_t6 + group_t7 + did_t7 + ddd_t7 + group_t8 + did_t8 + ddd_t8 + group_t9 + did_t9 + ddd_t9 + group_t10 + did_t10 + ddd_t10 + group_t11 + did_t11 + ddd_t11 + group_t12 + did_t12 + ddd_t12 + group_t13 + did_t13 + ddd_t13 + group_t14 + did_t14 + ddd_t14 + group_t15 + did_t15 + ddd_t15 + group_t16 + did_t16 + ddd_t16 + group_t17 + did_t17 + ddd_t17 + group_t18 + did_t18 + ddd_t18 + group_t19 + did_t19 + ddd_t19 + group_t20 + did_t20 + ddd_t20 + group_t21 + did_t21 + ddd_t21 + group_t22 + did_t22 + ddd_t22 + group_t23 + did_t23 + ddd_t23 + group_t24 + did_t24 + ddd_t24 + idade_media_adm + pct_mulher_adm + pct_superior_adm + pct_negra_adm | cbo_4d + periodo,,-0.2602642983297615,0.09274645627595282,0.005302735988678808,-0.442047352630629,-0.07848124402889398,estimated,adequate,43,220
income_pnad,income_1_2sm,Mais de 1 até 2 salários mínimos,ln_salario_real_adm,Salário real de admissão (log),ddd,strict_no_tail_binning,18,False,False,estimated,12536,12536,340,pyfixest_retained_sample,ln_salario_real_adm ~ group_tm12 + did_tm12 + ddd_tm12 + group_tm11 + did_tm11 + ddd_tm11 + group_tm10 + did_tm10 + ddd_tm10 + group_tm9 + did_tm9 + ddd_tm9 + group_tm8 + did_tm8 + ddd_tm8 + group_tm7 + did_tm7 + ddd_tm7 + group_tm6 + did_tm6 + ddd_tm6 + group_tm5 + did_tm5 + ddd_tm5 + group_tm4 + did_tm4 + ddd_tm4 + group_tm3 + did_tm3 + ddd_tm3 + group_tm2 + did_tm2 + ddd_tm2 + group_t0 + did_t0 + ddd_t0 + group_t1 + did_t1 + ddd_t1 + group_t2 + did_t2 + ddd_t2 + group_t3 + did_t3 + ddd_t3 + group_t4 + did_t4 + ddd_t4 + group_t5 + did_t5 + ddd_t5 + group_t6 + did_t6 + ddd_t6 + group_t7 + did_t7 + ddd_t7 + group_t8 + did_t8 + ddd_t8 + group_t9 + did_t9 + ddd_t9 + group_t10 + did_t10 + ddd_t10 + group_t11 + did_t11 + ddd_t11 + group_t12 + did_t12 + ddd_t12 + group_t13 + did_t13 + ddd_t13 + group_t14 + did_t14 + ddd_t14 + group_t15 + did_t15 + ddd_t15 + group_t16 + did_t16 + ddd_t16 + group_t17 + did_t17 + ddd_t17 + group_t18 + did_t18 + ddd_t18 + group_t19 + did_t19 + ddd_t19 + group_t20 + did_t20 + ddd_t20 + group_t21 + did_t21 + ddd_t21 + group_t22 + did_t22 + ddd_t22 + group_t23 + did_t23 + ddd_t23 + group_t24 + did_t24 + ddd_t24 + idade_media_adm + pct_mulher_adm + pct_superior_adm + pct_negra_adm | cbo_4d + periodo,,-0.13932992290685417,0.10151193794552547,0.17080053978736065,-0.3382933212800841,0.05963347546637576,estimated,adequate,43,220
income_pnad,income_1_2sm,Mais de 1 até 2 salários mínimos,ln_salario_real_adm,Salário real de admissão (log),ddd,strict_no_tail_binning,19,False,False,estimated,12536,12536,340,pyfixest_retained_sample,ln_salario_real_adm ~ group_tm12 + did_tm12 + ddd_tm12 + group_tm11 + did_tm11 + ddd_tm11 + group_tm10 + did_tm10 + ddd_tm10 + group_tm9 + did_tm9 + ddd_tm9 + group_tm8 + did_tm8 + ddd_tm8 + group_tm7 + did_tm7 + ddd_tm7 + group_tm6 + did_tm6 + ddd_tm6 + group_tm5 + did_tm5 + ddd_tm5 + group_tm4 + did_tm4 + ddd_tm4 + group_tm3 + did_tm3 + ddd_tm3 + group_tm2 + did_tm2 + ddd_tm2 + group_t0 + did_t0 + ddd_t0 + group_t1 + did_t1 + ddd_t1 + group_t2 + did_t2 + ddd_t2 + group_t3 + did_t3 + ddd_t3 + group_t4 + did_t4 + ddd_t4 + group_t5 + did_t5 + ddd_t5 + group_t6 + did_t6 + ddd_t6 + group_t7 + did_t7 + ddd_t7 + group_t8 + did_t8 + ddd_t8 + group_t9 + did_t9 + ddd_t9 + group_t10 + did_t10 + ddd_t10 + group_t11 + did_t11 + ddd_t11 + group_t12 + did_t12 + ddd_t12 + group_t13 + did_t13 + ddd_t13 + group_t14 + did_t14 + ddd_t14 + group_t15 + did_t15 + ddd_t15 + group_t16 + did_t16 + ddd_t16 + group_t17 + did_t17 + ddd_t17 + group_t18 + did_t18 + ddd_t18 + group_t19 + did_t19 + ddd_t19 + group_t20 + did_t20 + ddd_t20 + group_t21 + did_t21 + ddd_t21 + group_t22 + did_t22 + ddd_t22 + group_t23 + did_t23 + ddd_t23 + group_t24 + did_t24 + ddd_t24 + idade_media_adm + pct_mulher_adm + pct_superior_adm + pct_negra_adm | cbo_4d + periodo,,-0.1534607128570025,0.09055339846350681,0.09105096118051259,-0.33094537384547584,0.02402394813147085,estimated,adequate,43,220
income_pnad,income_1_2sm,Mais de 1 até 2 salários mínimos,ln_salario_real_adm,Salário real de admissão (log),ddd,strict_no_tail_binning,20,False,False,estimated,12536,12536,340,pyfixest_retained_sample,ln_salario_real_adm ~ group_tm12 + did_tm12 + ddd_tm12 + group_tm11 + did_tm11 + ddd_tm11 + group_tm10 + did_tm10 + ddd_tm10 + group_tm9 + did_tm9 + ddd_tm9 + group_tm8 + did_tm8 + ddd_tm8 + group_tm7 + did_tm7 + ddd_tm7 + group_tm6 + did_tm6 + ddd_tm6 + group_tm5 + did_tm5 + ddd_tm5 + group_tm4 + did_tm4 + ddd_tm4 + group_tm3 + did_tm3 + ddd_tm3 + group_tm2 + did_tm2 + ddd_tm2 + group_t0 + did_t0 + ddd_t0 + group_t1 + did_t1 + ddd_t1 + group_t2 + did_t2 + ddd_t2 + group_t3 + did_t3 + ddd_t3 + group_t4 + did_t4 + ddd_t4 + group_t5 + did_t5 + ddd_t5 + group_t6 + did_t6 + ddd_t6 + group_t7 + did_t7 + ddd_t7 + group_t8 + did_t8 + ddd_t8 + group_t9 + did_t9 + ddd_t9 + group_t10 + did_t10 + ddd_t10 + group_t11 + did_t11 + ddd_t11 + group_t12 + did_t12 + ddd_t12 + group_t13 + did_t13 + ddd_t13 + group_t14 + did_t14 + ddd_t14 + group_t15 + did_t15 + ddd_t15 + group_t16 + did_t16 + ddd_t16 + group_t17 + did_t17 + ddd_t17 + group_t18 + did_t18 + ddd_t18 + group_t19 + did_t19 + ddd_t19 + group_t20 + did_t20 + ddd_t20 + group_t21 + did_t21 + ddd_t21 + group_t22 + did_t22 + ddd_t22 + group_t23 + did_t23 + ddd_t23 + group_t24 + did_t24 + ddd_t24 + idade_media_adm + pct_mulher_adm + pct_superior_adm + pct_negra_adm | cbo_4d + periodo,,-0.1805978466115325,0.100878276466055,0.07430519073539488,-0.3783192684850003,0.01712357526193531,estimated,adequate,43,220
income_pnad,income_1_2sm,Mais de 1 até 2 salários mínimos,ln_salario_real_adm,Salário real de admissão (log),ddd,strict_no_tail_binning,21,False,False,estimated,12536,12536,340,pyfixest_retained_sample,ln_salario_real_adm ~ group_tm12 + did_tm12 + ddd_tm12 + group_tm11 + did_tm11 + ddd_tm11 + group_tm10 + did_tm10 + ddd_tm10 + group_tm9 + did_tm9 + ddd_tm9 + group_tm8 + did_tm8 + ddd_tm8 + group_tm7 + did_tm7 + ddd_tm7 + group_tm6 + did_tm6 + ddd_tm6 + group_tm5 + did_tm5 + ddd_tm5 + group_tm4 + did_tm4 + ddd_tm4 + group_tm3 + did_tm3 + ddd_tm3 + group_tm2 + did_tm2 + ddd_tm2 + group_t0 + did_t0 + ddd_t0 + group_t1 + did_t1 + ddd_t1 + group_t2 + did_t2 + ddd_t2 + group_t3 + did_t3 + ddd_t3 + group_t4 + did_t4 + ddd_t4 + group_t5 + did_t5 + ddd_t5 + group_t6 + did_t6 + ddd_t6 + group_t7 + did_t7 + ddd_t7 + group_t8 + did_t8 + ddd_t8 + group_t9 + did_t9 + ddd_t9 + group_t10 + did_t10 + ddd_t10 + group_t11 + did_t11 + ddd_t11 + group_t12 + did_t12 + ddd_t12 + group_t13 + did_t13 + ddd_t13 + group_t14 + did_t14 + ddd_t14 + group_t15 + did_t15 + ddd_t15 + group_t16 + did_t16 + ddd_t16 + group_t17 + did_t17 + ddd_t17 + group_t18 + did_t18 + ddd_t18 + group_t19 + did_t19 + ddd_t19 + group_t20 + did_t20 + ddd_t20 + group_t21 + did_t21 + ddd_t21 + group_t22 + did_t22 + ddd_t22 + group_t23 + did_t23 + ddd_t23 + group_t24 + did_t24 + ddd_t24 + idade_media_adm + pct_mulher_adm + pct_superior_adm + pct_negra_adm | cbo_4d + periodo,,-0.13526033028777334,0.08439817545654293,0.10994432107303331,-0.3006807541825975,0.030160093607050797,estimated,adequate,43,220
income_pnad,income_1_2sm,Mais de 1 até 2 salários mínimos,ln_salario_real_adm,Salário real de admissão (log),ddd,strict_no_tail_binning,22,False,False,estimated,12536,12536,340,pyfixest_retained_sample,ln_salario_real_adm ~ group_tm12 + did_tm12 + ddd_tm12 + group_tm11 + did_tm11 + ddd_tm11 + group_tm10 + did_tm10 + ddd_tm10 + group_tm9 + did_tm9 + ddd_tm9 + group_tm8 + did_tm8 + ddd_tm8 + group_tm7 + did_tm7 + ddd_tm7 + group_tm6 + did_tm6 + ddd_tm6 + group_tm5 + did_tm5 + ddd_tm5 + group_tm4 + did_tm4 + ddd_tm4 + group_tm3 + did_tm3 + ddd_tm3 + group_tm2 + did_tm2 + ddd_tm2 + group_t0 + did_t0 + ddd_t0 + group_t1 + did_t1 + ddd_t1 + group_t2 + did_t2 + ddd_t2 + group_t3 + did_t3 + ddd_t3 + group_t4 + did_t4 + ddd_t4 + group_t5 + did_t5 + ddd_t5 + group_t6 + did_t6 + ddd_t6 + group_t7 + did_t7 + ddd_t7 + group_t8 + did_t8 + ddd_t8 + group_t9 + did_t9 + ddd_t9 + group_t10 + did_t10 + ddd_t10 + group_t11 + did_t11 + ddd_t11 + group_t12 + did_t12 + ddd_t12 + group_t13 + did_t13 + ddd_t13 + group_t14 + did_t14 + ddd_t14 + group_t15 + did_t15 + ddd_t15 + group_t16 + did_t16 + ddd_t16 + group_t17 + did_t17 + ddd_t17 + group_t18 + did_t18 + ddd_t18 + group_t19 + did_t19 + ddd_t19 + group_t20 + did_t20 + ddd_t20 + group_t21 + did_t21 + ddd_t21 + group_t22 + did_t22 + ddd_t22 + group_t23 + did_t23 + ddd_t23 + group_t24 + did_t24 + ddd_t24 + idade_media_adm + pct_mulher_adm + pct_superior_adm + pct_negra_adm | cbo_4d + periodo,,-0.1268186531774704,0.086461593431829,0.14336761654164842,-0.29628337630385526,0.042646069948914456,estimated,adequate,43,220
income_pnad,income_1_2sm,Mais de 1 até 2 salários mínimos,ln_salario_real_adm,Salário real de admissão (log),ddd,strict_no_tail_binning,23,False,False,estimated,12536,12536,340,pyfixest_retained_sample,ln_salario_real_adm ~ group_tm12 + did_tm12 + ddd_tm12 + group_tm11 + did_tm11 + ddd_tm11 + group_tm10 + did_tm10 + ddd_tm10 + group_tm9 + did_tm9 + ddd_tm9 + group_tm8 + did_tm8 + ddd_tm8 + group_tm7 + did_tm7 + ddd_tm7 + group_tm6 + did_tm6 + ddd_tm6 + group_tm5 + did_tm5 + ddd_tm5 + group_tm4 + did_tm4 + ddd_tm4 + group_tm3 + did_tm3 + ddd_tm3 + group_tm2 + did_tm2 + ddd_tm2 + group_t0 + did_t0 + ddd_t0 + group_t1 + did_t1 + ddd_t1 + group_t2 + did_t2 + ddd_t2 + group_t3 + did_t3 + ddd_t3 + group_t4 + did_t4 + ddd_t4 + group_t5 + did_t5 + ddd_t5 + group_t6 + did_t6 + ddd_t6 + group_t7 + did_t7 + ddd_t7 + group_t8 + did_t8 + ddd_t8 + group_t9 + did_t9 + ddd_t9 + group_t10 + did_t10 + ddd_t10 + group_t11 + did_t11 + ddd_t11 + group_t12 + did_t12 + ddd_t12 + group_t13 + did_t13 + ddd_t13 + group_t14 + did_t14 + ddd_t14 + group_t15 + did_t15 + ddd_t15 + group_t16 + did_t16 + ddd_t16 + group_t17 + did_t17 + ddd_t17 + group_t18 + did_t18 + ddd_t18 + group_t19 + did_t19 + ddd_t19 + group_t20 + did_t20 + ddd_t20 + group_t21 + did_t21 + ddd_t21 + group_t22 + did_t22 + ddd_t22 + group_t23 + did_t23 + ddd_t23 + group_t24 + did_t24 + ddd_t24 + idade_media_adm + pct_mulher_adm + pct_superior_adm + pct_negra_adm | cbo_4d + periodo,,-0.1294476736129085,0.07931561893783047,0.10359583570756281,-0.2849062867310562,0.026010939505239222,estimated,adequate,43,220
income_pnad,income_1_2sm,Mais de 1 até 2 salários mínimos,ln_salario_real_adm,Salário real de admissão (log),ddd,strict_no_tail_binning,24,False,False,estimated,12536,12536,340,pyfixest_retained_sample,ln_salario_real_adm ~ group_tm12 + did_tm12 + ddd_tm12 + group_tm11 + did_tm11 + ddd_tm11 + group_tm10 + did_tm10 + ddd_tm10 + group_tm9 + did_tm9 + ddd_tm9 + group_tm8 + did_tm8 + ddd_tm8 + group_tm7 + did_tm7 + ddd_tm7 + group_tm6 + did_tm6 + ddd_tm6 + group_tm5 + did_tm5 + ddd_tm5 + group_tm4 + did_tm4 + ddd_tm4 + group_tm3 + did_tm3 + ddd_tm3 + group_tm2 + did_tm2 + ddd_tm2 + group_t0 + did_t0 + ddd_t0 + group_t1 + did_t1 + ddd_t1 + group_t2 + did_t2 + ddd_t2 + group_t3 + did_t3 + ddd_t3 + group_t4 + did_t4 + ddd_t4 + group_t5 + did_t5 + ddd_t5 + group_t6 + did_t6 + ddd_t6 + group_t7 + did_t7 + ddd_t7 + group_t8 + did_t8 + ddd_t8 + group_t9 + did_t9 + ddd_t9 + group_t10 + did_t10 + ddd_t10 + group_t11 + did_t11 + ddd_t11 + group_t12 + did_t12 + ddd_t12 + group_t13 + did_t13 + ddd_t13 + group_t14 + did_t14 + ddd_t14 + group_t15 + did_t15 + ddd_t15 + group_t16 + did_t16 + ddd_t16 + group_t17 + did_t17 + ddd_t17 + group_t18 + did_t18 + ddd_t18 + group_t19 + did_t19 + ddd_t19 + group_t20 + did_t20 + ddd_t20 + group_t21 + did_t21 + ddd_t21 + group_t22 + did_t22 + ddd_t22 + group_t23 + did_t23 + ddd_t23 + group_t24 + did_t24 + ddd_t24 + idade_media_adm + pct_mulher_adm + pct_superior_adm + pct_negra_adm | cbo_4d + periodo,,-0.02449145071524003,0.10151137780633873,0.8094932457628063,-0.22345375121566394,0.17447084978518387,estimated,adequate,43,220
income_pnad,income_2_3sm,Mais de 2 até 3 salários mínimos,ln_admissoes,Admissões (log),ddd,strict_no_tail_binning,-12,False,True,estimated,12536,12536,340,pyfixest_retained_sample,ln_admissoes ~ group_tm12 + did_tm12 + ddd_tm12 + group_tm11 + did_tm11 + ddd_tm11 + group_tm10 + did_tm10 + ddd_tm10 + group_tm9 + did_tm9 + ddd_tm9 + group_tm8 + did_tm8 + ddd_tm8 + group_tm7 + did_tm7 + ddd_tm7 + group_tm6 + did_tm6 + ddd_tm6 + group_tm5 + did_tm5 + ddd_tm5 + group_tm4 + did_tm4 + ddd_tm4 + group_tm3 + did_tm3 + ddd_tm3 + group_tm2 + did_tm2 + ddd_tm2 + group_t0 + did_t0 + ddd_t0 + group_t1 + did_t1 + ddd_t1 + group_t2 + did_t2 + ddd_t2 + group_t3 + did_t3 + ddd_t3 + group_t4 + did_t4 + ddd_t4 + group_t5 + did_t5 + ddd_t5 + group_t6 + did_t6 + ddd_t6 + group_t7 + did_t7 + ddd_t7 + group_t8 + did_t8 + ddd_t8 + group_t9 + did_t9 + ddd_t9 + group_t10 + did_t10 + ddd_t10 + group_t11 + did_t11 + ddd_t11 + group_t12 + did_t12 + ddd_t12 + group_t13 + did_t13 + ddd_t13 + group_t14 + did_t14 + ddd_t14 + group_t15 + did_t15 + ddd_t15 + group_t16 + did_t16 + ddd_t16 + group_t17 + did_t17 + ddd_t17 + group_t18 + did_t18 + ddd_t18 + group_t19 + did_t19 + ddd_t19 + group_t20 + did_t20 + ddd_t20 + group_t21 + did_t21 + ddd_t21 + group_t22 + did_t22 + ddd_t22 + group_t23 + did_t23 + ddd_t23 + group_t24 + did_t24 + ddd_t24 + idade_media_adm + pct_mulher_adm + pct_superior_adm + pct_negra_adm | cbo_4d + periodo,,0.08644943412384941,0.1078833625763719,0.4235058928651445,-0.1250019565258395,0.29790082477353835,estimated,limited,16,25
income_pnad,income_2_3sm,Mais de 2 até 3 salários mínimos,ln_admissoes,Admissões (log),ddd,strict_no_tail_binning,-11,False,True,estimated,12536,12536,340,pyfixest_retained_sample,ln_admissoes ~ group_tm12 + did_tm12 + ddd_tm12 + group_tm11 + did_tm11 + ddd_tm11 + group_tm10 + did_tm10 + ddd_tm10 + group_tm9 + did_tm9 + ddd_tm9 + group_tm8 + did_tm8 + ddd_tm8 + group_tm7 + did_tm7 + ddd_tm7 + group_tm6 + did_tm6 + ddd_tm6 + group_tm5 + did_tm5 + ddd_tm5 + group_tm4 + did_tm4 + ddd_tm4 + group_tm3 + did_tm3 + ddd_tm3 + group_tm2 + did_tm2 + ddd_tm2 + group_t0 + did_t0 + ddd_t0 + group_t1 + did_t1 + ddd_t1 + group_t2 + did_t2 + ddd_t2 + group_t3 + did_t3 + ddd_t3 + group_t4 + did_t4 + ddd_t4 + group_t5 + did_t5 + ddd_t5 + group_t6 + did_t6 + ddd_t6 + group_t7 + did_t7 + ddd_t7 + group_t8 + did_t8 + ddd_t8 + group_t9 + did_t9 + ddd_t9 + group_t10 + did_t10 + ddd_t10 + group_t11 + did_t11 + ddd_t11 + group_t12 + did_t12 + ddd_t12 + group_t13 + did_t13 + ddd_t13 + group_t14 + did_t14 + ddd_t14 + group_t15 + did_t15 + ddd_t15 + group_t16 + did_t16 + ddd_t16 + group_t17 + did_t17 + ddd_t17 + group_t18 + did_t18 + ddd_t18 + group_t19 + did_t19 + ddd_t19 + group_t20 + did_t20 + ddd_t20 + group_t21 + did_t21 + ddd_t21 + group_t22 + did_t22 + ddd_t22 + group_t23 + did_t23 + ddd_t23 + group_t24 + did_t24 + ddd_t24 + idade_media_adm + pct_mulher_adm + pct_superior_adm + pct_negra_adm | cbo_4d + periodo,,0.25043122514120597,0.0975658913738507,0.01069317480242482,0.05920207804845859,0.4416603722339534,estimated,limited,16,25
income_pnad,income_2_3sm,Mais de 2 até 3 salários mínimos,ln_admissoes,Admissões (log),ddd,strict_no_tail_binning,-10,False,True,estimated,12536,12536,340,pyfixest_retained_sample,ln_admissoes ~ group_tm12 + did_tm12 + ddd_tm12 + group_tm11 + did_tm11 + ddd_tm11 + group_tm10 + did_tm10 + ddd_tm10 + group_tm9 + did_tm9 + ddd_tm9 + group_tm8 + did_tm8 + ddd_tm8 + group_tm7 + did_tm7 + ddd_tm7 + group_tm6 + did_tm6 + ddd_tm6 + group_tm5 + did_tm5 + ddd_tm5 + group_tm4 + did_tm4 + ddd_tm4 + group_tm3 + did_tm3 + ddd_tm3 + group_tm2 + did_tm2 + ddd_tm2 + group_t0 + did_t0 + ddd_t0 + group_t1 + did_t1 + ddd_t1 + group_t2 + did_t2 + ddd_t2 + group_t3 + did_t3 + ddd_t3 + group_t4 + did_t4 + ddd_t4 + group_t5 + did_t5 + ddd_t5 + group_t6 + did_t6 + ddd_t6 + group_t7 + did_t7 + ddd_t7 + group_t8 + did_t8 + ddd_t8 + group_t9 + did_t9 + ddd_t9 + group_t10 + did_t10 + ddd_t10 + group_t11 + did_t11 + ddd_t11 + group_t12 + did_t12 + ddd_t12 + group_t13 + did_t13 + ddd_t13 + group_t14 + did_t14 + ddd_t14 + group_t15 + did_t15 + ddd_t15 + group_t16 + did_t16 + ddd_t16 + group_t17 + did_t17 + ddd_t17 + group_t18 + did_t18 + ddd_t18 + group_t19 + did_t19 + ddd_t19 + group_t20 + did_t20 + ddd_t20 + group_t21 + did_t21 + ddd_t21 + group_t22 + did_t22 + ddd_t22 + group_t23 + did_t23 + ddd_t23 + group_t24 + did_t24 + ddd_t24 + idade_media_adm + pct_mulher_adm + pct_superior_adm + pct_negra_adm | cbo_4d + periodo,,0.19604070959182035,0.12226988826346527,0.10978995505881861,-0.043608271404571575,0.4356896905882123,estimated,limited,16,25
income_pnad,income_2_3sm,Mais de 2 até 3 salários mínimos,ln_admissoes,Admissões (log),ddd,strict_no_tail_binning,-9,False,True,estimated,12536,12536,340,pyfixest_retained_sample,ln_admissoes ~ group_tm12 + did_tm12 + ddd_tm12 + group_tm11 + did_tm11 + ddd_tm11 + group_tm10 + did_tm10 + ddd_tm10 + group_tm9 + did_tm9 + ddd_tm9 + group_tm8 + did_tm8 + ddd_tm8 + group_tm7 + did_tm7 + ddd_tm7 + group_tm6 + did_tm6 + ddd_tm6 + group_tm5 + did_tm5 + ddd_tm5 + group_tm4 + did_tm4 + ddd_tm4 + group_tm3 + did_tm3 + ddd_tm3 + group_tm2 + did_tm2 + ddd_tm2 + group_t0 + did_t0 + ddd_t0 + group_t1 + did_t1 + ddd_t1 + group_t2 + did_t2 + ddd_t2 + group_t3 + did_t3 + ddd_t3 + group_t4 + did_t4 + ddd_t4 + group_t5 + did_t5 + ddd_t5 + group_t6 + did_t6 + ddd_t6 + group_t7 + did_t7 + ddd_t7 + group_t8 + did_t8 + ddd_t8 + group_t9 + did_t9 + ddd_t9 + group_t10 + did_t10 + ddd_t10 + group_t11 + did_t11 + ddd_t11 + group_t12 + did_t12 + ddd_t12 + group_t13 + did_t13 + ddd_t13 + group_t14 + did_t14 + ddd_t14 + group_t15 + did_t15 + ddd_t15 + group_t16 + did_t16 + ddd_t16 + group_t17 + did_t17 + ddd_t17 + group_t18 + did_t18 + ddd_t18 + group_t19 + did_t19 + ddd_t19 + group_t20 + did_t20 + ddd_t20 + group_t21 + did_t21 + ddd_t21 + group_t22 + did_t22 + ddd_t22 + group_t23 + did_t23 + ddd_t23 + group_t24 + did_t24 + ddd_t24 + idade_media_adm + pct_mulher_adm + pct_superior_adm + pct_negra_adm | cbo_4d + periodo,,0.17428723847660182,0.09852035866572308,0.07778497783372118,-0.018812664508215393,0.36738714146141904,estimated,limited,16,25
income_pnad,income_2_3sm,Mais de 2 até 3 salários mínimos,ln_admissoes,Admissões (log),ddd,strict_no_tail_binning,-8,False,True,estimated,12536,12536,340,pyfixest_retained_sample,ln_admissoes ~ group_tm12 + did_tm12 + ddd_tm12 + group_tm11 + did_tm11 + ddd_tm11 + group_tm10 + did_tm10 + ddd_tm10 + group_tm9 + did_tm9 + ddd_tm9 + group_tm8 + did_tm8 + ddd_tm8 + group_tm7 + did_tm7 + ddd_tm7 + group_tm6 + did_tm6 + ddd_tm6 + group_tm5 + did_tm5 + ddd_tm5 + group_tm4 + did_tm4 + ddd_tm4 + group_tm3 + did_tm3 + ddd_tm3 + group_tm2 + did_tm2 + ddd_tm2 + group_t0 + did_t0 + ddd_t0 + group_t1 + did_t1 + ddd_t1 + group_t2 + did_t2 + ddd_t2 + group_t3 + did_t3 + ddd_t3 + group_t4 + did_t4 + ddd_t4 + group_t5 + did_t5 + ddd_t5 + group_t6 + did_t6 + ddd_t6 + group_t7 + did_t7 + ddd_t7 + group_t8 + did_t8 + ddd_t8 + group_t9 + did_t9 + ddd_t9 + group_t10 + did_t10 + ddd_t10 + group_t11 + did_t11 + ddd_t11 + group_t12 + did_t12 + ddd_t12 + group_t13 + did_t13 + ddd_t13 + group_t14 + did_t14 + ddd_t14 + group_t15 + did_t15 + ddd_t15 + group_t16 + did_t16 + ddd_t16 + group_t17 + did_t17 + ddd_t17 + group_t18 + did_t18 + ddd_t18 + group_t19 + did_t19 + ddd_t19 + group_t20 + did_t20 + ddd_t20 + group_t21 + did_t21 + ddd_t21 + group_t22 + did_t22 + ddd_t22 + group_t23 + did_t23 + ddd_t23 + group_t24 + did_t24 + ddd_t24 + idade_media_adm + pct_mulher_adm + pct_superior_adm + pct_negra_adm | cbo_4d + periodo,,0.22394453964481764,0.10073785313894675,0.02687192586072995,0.026498347492482033,0.42139073179715325,estimated,limited,16,25
income_pnad,income_2_3sm,Mais de 2 até 3 salários mínimos,ln_admissoes,Admissões (log),ddd,strict_no_tail_binning,-7,False,True,estimated,12536,12536,340,pyfixest_retained_sample,ln_admissoes ~ group_tm12 + did_tm12 + ddd_tm12 + group_tm11 + did_tm11 + ddd_tm11 + group_tm10 + did_tm10 + ddd_tm10 + group_tm9 + did_tm9 + ddd_tm9 + group_tm8 + did_tm8 + ddd_tm8 + group_tm7 + did_tm7 + ddd_tm7 + group_tm6 + did_tm6 + ddd_tm6 + group_tm5 + did_tm5 + ddd_tm5 + group_tm4 + did_tm4 + ddd_tm4 + group_tm3 + did_tm3 + ddd_tm3 + group_tm2 + did_tm2 + ddd_tm2 + group_t0 + did_t0 + ddd_t0 + group_t1 + did_t1 + ddd_t1 + group_t2 + did_t2 + ddd_t2 + group_t3 + did_t3 + ddd_t3 + group_t4 + did_t4 + ddd_t4 + group_t5 + did_t5 + ddd_t5 + group_t6 + did_t6 + ddd_t6 + group_t7 + did_t7 + ddd_t7 + group_t8 + did_t8 + ddd_t8 + group_t9 + did_t9 + ddd_t9 + group_t10 + did_t10 + ddd_t10 + group_t11 + did_t11 + ddd_t11 + group_t12 + did_t12 + ddd_t12 + group_t13 + did_t13 + ddd_t13 + group_t14 + did_t14 + ddd_t14 + group_t15 + did_t15 + ddd_t15 + group_t16 + did_t16 + ddd_t16 + group_t17 + did_t17 + ddd_t17 + group_t18 + did_t18 + ddd_t18 + group_t19 + did_t19 + ddd_t19 + group_t20 + did_t20 + ddd_t20 + group_t21 + did_t21 + ddd_t21 + group_t22 + did_t22 + ddd_t22 + group_t23 + did_t23 + ddd_t23 + group_t24 + did_t24 + ddd_t24 + idade_media_adm + pct_mulher_adm + pct_superior_adm + pct_negra_adm | cbo_4d + periodo,,0.3118258700093442,0.1079638225340103,0.004122968294898666,0.10021677784268401,0.5234349621760044,estimated,limited,16,25
income_pnad,income_2_3sm,Mais de 2 até 3 salários mínimos,ln_admissoes,Admissões (log),ddd,strict_no_tail_binning,-6,False,True,estimated,12536,12536,340,pyfixest_retained_sample,ln_admissoes ~ group_tm12 + did_tm12 + ddd_tm12 + group_tm11 + did_tm11 + ddd_tm11 + group_tm10 + did_tm10 + ddd_tm10 + group_tm9 + did_tm9 + ddd_tm9 + group_tm8 + did_tm8 + ddd_tm8 + group_tm7 + did_tm7 + ddd_tm7 + group_tm6 + did_tm6 + ddd_tm6 + group_tm5 + did_tm5 + ddd_tm5 + group_tm4 + did_tm4 + ddd_tm4 + group_tm3 + did_tm3 + ddd_tm3 + group_tm2 + did_tm2 + ddd_tm2 + group_t0 + did_t0 + ddd_t0 + group_t1 + did_t1 + ddd_t1 + group_t2 + did_t2 + ddd_t2 + group_t3 + did_t3 + ddd_t3 + group_t4 + did_t4 + ddd_t4 + group_t5 + did_t5 + ddd_t5 + group_t6 + did_t6 + ddd_t6 + group_t7 + did_t7 + ddd_t7 + group_t8 + did_t8 + ddd_t8 + group_t9 + did_t9 + ddd_t9 + group_t10 + did_t10 + ddd_t10 + group_t11 + did_t11 + ddd_t11 + group_t12 + did_t12 + ddd_t12 + group_t13 + did_t13 + ddd_t13 + group_t14 + did_t14 + ddd_t14 + group_t15 + did_t15 + ddd_t15 + group_t16 + did_t16 + ddd_t16 + group_t17 + did_t17 + ddd_t17 + group_t18 + did_t18 + ddd_t18 + group_t19 + did_t19 + ddd_t19 + group_t20 + did_t20 + ddd_t20 + group_t21 + did_t21 + ddd_t21 + group_t22 + did_t22 + ddd_t22 + group_t23 + did_t23 + ddd_t23 + group_t24 + did_t24 + ddd_t24 + idade_media_adm + pct_mulher_adm + pct_superior_adm + pct_negra_adm | cbo_4d + periodo,,0.2745502168341428,0.10759415670207673,0.011157585784050461,0.06366566969807244,0.48543476397021323,estimated,limited,16,25
income_pnad,income_2_3sm,Mais de 2 até 3 salários mínimos,ln_admissoes,Admissões (log),ddd,strict_no_tail_binning,-5,False,True,estimated,12536,12536,340,pyfixest_retained_sample,ln_admissoes ~ group_tm12 + did_tm12 + ddd_tm12 + group_tm11 + did_tm11 + ddd_tm11 + group_tm10 + did_tm10 + ddd_tm10 + group_tm9 + did_tm9 + ddd_tm9 + group_tm8 + did_tm8 + ddd_tm8 + group_tm7 + did_tm7 + ddd_tm7 + group_tm6 + did_tm6 + ddd_tm6 + group_tm5 + did_tm5 + ddd_tm5 + group_tm4 + did_tm4 + ddd_tm4 + group_tm3 + did_tm3 + ddd_tm3 + group_tm2 + did_tm2 + ddd_tm2 + group_t0 + did_t0 + ddd_t0 + group_t1 + did_t1 + ddd_t1 + group_t2 + did_t2 + ddd_t2 + group_t3 + did_t3 + ddd_t3 + group_t4 + did_t4 + ddd_t4 + group_t5 + did_t5 + ddd_t5 + group_t6 + did_t6 + ddd_t6 + group_t7 + did_t7 + ddd_t7 + group_t8 + did_t8 + ddd_t8 + group_t9 + did_t9 + ddd_t9 + group_t10 + did_t10 + ddd_t10 + group_t11 + did_t11 + ddd_t11 + group_t12 + did_t12 + ddd_t12 + group_t13 + did_t13 + ddd_t13 + group_t14 + did_t14 + ddd_t14 + group_t15 + did_t15 + ddd_t15 + group_t16 + did_t16 + ddd_t16 + group_t17 + did_t17 + ddd_t17 + group_t18 + did_t18 + ddd_t18 + group_t19 + did_t19 + ddd_t19 + group_t20 + did_t20 + ddd_t20 + group_t21 + did_t21 + ddd_t21 + group_t22 + did_t22 + ddd_t22 + group_t23 + did_t23 + ddd_t23 + group_t24 + did_t24 + ddd_t24 + idade_media_adm + pct_mulher_adm + pct_superior_adm + pct_negra_adm | cbo_4d + periodo,,0.33603400198057903,0.10278431787942029,0.001188657188297082,0.13457673893691527,0.5374912650242428,estimated,limited,16,25
income_pnad,income_2_3sm,Mais de 2 até 3 salários mínimos,ln_admissoes,Admissões (log),ddd,strict_no_tail_binning,-4,False,True,estimated,12536,12536,340,pyfixest_retained_sample,ln_admissoes ~ group_tm12 + did_tm12 + ddd_tm12 + group_tm11 + did_tm11 + ddd_tm11 + group_tm10 + did_tm10 + ddd_tm10 + group_tm9 + did_tm9 + ddd_tm9 + group_tm8 + did_tm8 + ddd_tm8 + group_tm7 + did_tm7 + ddd_tm7 + group_tm6 + did_tm6 + ddd_tm6 + group_tm5 + did_tm5 + ddd_tm5 + group_tm4 + did_tm4 + ddd_tm4 + group_tm3 + did_tm3 + ddd_tm3 + group_tm2 + did_tm2 + ddd_tm2 + group_t0 + did_t0 + ddd_t0 + group_t1 + did_t1 + ddd_t1 + group_t2 + did_t2 + ddd_t2 + group_t3 + did_t3 + ddd_t3 + group_t4 + did_t4 + ddd_t4 + group_t5 + did_t5 + ddd_t5 + group_t6 + did_t6 + ddd_t6 + group_t7 + did_t7 + ddd_t7 + group_t8 + did_t8 + ddd_t8 + group_t9 + did_t9 + ddd_t9 + group_t10 + did_t10 + ddd_t10 + group_t11 + did_t11 + ddd_t11 + group_t12 + did_t12 + ddd_t12 + group_t13 + did_t13 + ddd_t13 + group_t14 + did_t14 + ddd_t14 + group_t15 + did_t15 + ddd_t15 + group_t16 + did_t16 + ddd_t16 + group_t17 + did_t17 + ddd_t17 + group_t18 + did_t18 + ddd_t18 + group_t19 + did_t19 + ddd_t19 + group_t20 + did_t20 + ddd_t20 + group_t21 + did_t21 + ddd_t21 + group_t22 + did_t22 + ddd_t22 + group_t23 + did_t23 + ddd_t23 + group_t24 + did_t24 + ddd_t24 + idade_media_adm + pct_mulher_adm + pct_superior_adm + pct_negra_adm | cbo_4d + periodo,,0.22751279253764134,0.10133455108331331,0.02540169526547098,0.028897072414347247,0.42612851266093543,estimated,limited,16,25
income_pnad,income_2_3sm,Mais de 2 até 3 salários mínimos,ln_admissoes,Admissões (log),ddd,strict_no_tail_binning,-3,False,True,estimated,12536,12536,340,pyfixest_retained_sample,ln_admissoes ~ group_tm12 + did_tm12 + ddd_tm12 + group_tm11 + did_tm11 + ddd_tm11 + group_tm10 + did_tm10 + ddd_tm10 + group_tm9 + did_tm9 + ddd_tm9 + group_tm8 + did_tm8 + ddd_tm8 + group_tm7 + did_tm7 + ddd_tm7 + group_tm6 + did_tm6 + ddd_tm6 + group_tm5 + did_tm5 + ddd_tm5 + group_tm4 + did_tm4 + ddd_tm4 + group_tm3 + did_tm3 + ddd_tm3 + group_tm2 + did_tm2 + ddd_tm2 + group_t0 + did_t0 + ddd_t0 + group_t1 + did_t1 + ddd_t1 + group_t2 + did_t2 + ddd_t2 + group_t3 + did_t3 + ddd_t3 + group_t4 + did_t4 + ddd_t4 + group_t5 + did_t5 + ddd_t5 + group_t6 + did_t6 + ddd_t6 + group_t7 + did_t7 + ddd_t7 + group_t8 + did_t8 + ddd_t8 + group_t9 + did_t9 + ddd_t9 + group_t10 + did_t10 + ddd_t10 + group_t11 + did_t11 + ddd_t11 + group_t12 + did_t12 + ddd_t12 + group_t13 + did_t13 + ddd_t13 + group_t14 + did_t14 + ddd_t14 + group_t15 + did_t15 + ddd_t15 + group_t16 + did_t16 + ddd_t16 + group_t17 + did_t17 + ddd_t17 + group_t18 + did_t18 + ddd_t18 + group_t19 + did_t19 + ddd_t19 + group_t20 + did_t20 + ddd_t20 + group_t21 + did_t21 + ddd_t21 + group_t22 + did_t22 + ddd_t22 + group_t23 + did_t23 + ddd_t23 + group_t24 + did_t24 + ddd_t24 + idade_media_adm + pct_mulher_adm + pct_superior_adm + pct_negra_adm | cbo_4d + periodo,,0.08006486616394488,0.06780722204960696,0.23852110742363353,-0.05283728905328476,0.21296702138117451,estimated,limited,16,25
income_pnad,income_2_3sm,Mais de 2 até 3 salários mínimos,ln_admissoes,Admissões (log),ddd,strict_no_tail_binning,-2,False,True,estimated,12536,12536,340,pyfixest_retained_sample,ln_admissoes ~ group_tm12 + did_tm12 + ddd_tm12 + group_tm11 + did_tm11 + ddd_tm11 + group_tm10 + did_tm10 + ddd_tm10 + group_tm9 + did_tm9 + ddd_tm9 + group_tm8 + did_tm8 + ddd_tm8 + group_tm7 + did_tm7 + ddd_tm7 + group_tm6 + did_tm6 + ddd_tm6 + group_tm5 + did_tm5 + ddd_tm5 + group_tm4 + did_tm4 + ddd_tm4 + group_tm3 + did_tm3 + ddd_tm3 + group_tm2 + did_tm2 + ddd_tm2 + group_t0 + did_t0 + ddd_t0 + group_t1 + did_t1 + ddd_t1 + group_t2 + did_t2 + ddd_t2 + group_t3 + did_t3 + ddd_t3 + group_t4 + did_t4 + ddd_t4 + group_t5 + did_t5 + ddd_t5 + group_t6 + did_t6 + ddd_t6 + group_t7 + did_t7 + ddd_t7 + group_t8 + did_t8 + ddd_t8 + group_t9 + did_t9 + ddd_t9 + group_t10 + did_t10 + ddd_t10 + group_t11 + did_t11 + ddd_t11 + group_t12 + did_t12 + ddd_t12 + group_t13 + did_t13 + ddd_t13 + group_t14 + did_t14 + ddd_t14 + group_t15 + did_t15 + ddd_t15 + group_t16 + did_t16 + ddd_t16 + group_t17 + did_t17 + ddd_t17 + group_t18 + did_t18 + ddd_t18 + group_t19 + did_t19 + ddd_t19 + group_t20 + did_t20 + ddd_t20 + group_t21 + did_t21 + ddd_t21 + group_t22 + did_t22 + ddd_t22 + group_t23 + did_t23 + ddd_t23 + group_t24 + did_t24 + ddd_t24 + idade_media_adm + pct_mulher_adm + pct_superior_adm + pct_negra_adm | cbo_4d + periodo,,0.07387493717764734,0.0812625554371681,0.3639487302387907,-0.0853996714792021,0.2331495458344968,estimated,limited,16,25
income_pnad,income_2_3sm,Mais de 2 até 3 salários mínimos,ln_admissoes,Admissões (log),ddd,strict_no_tail_binning,-1,True,False,estimated,12536,12536,340,pyfixest_retained_sample,ln_admissoes ~ group_tm12 + did_tm12 + ddd_tm12 + group_tm11 + did_tm11 + ddd_tm11 + group_tm10 + did_tm10 + ddd_tm10 + group_tm9 + did_tm9 + ddd_tm9 + group_tm8 + did_tm8 + ddd_tm8 + group_tm7 + did_tm7 + ddd_tm7 + group_tm6 + did_tm6 + ddd_tm6 + group_tm5 + did_tm5 + ddd_tm5 + group_tm4 + did_tm4 + ddd_tm4 + group_tm3 + did_tm3 + ddd_tm3 + group_tm2 + did_tm2 + ddd_tm2 + group_t0 + did_t0 + ddd_t0 + group_t1 + did_t1 + ddd_t1 + group_t2 + did_t2 + ddd_t2 + group_t3 + did_t3 + ddd_t3 + group_t4 + did_t4 + ddd_t4 + group_t5 + did_t5 + ddd_t5 + group_t6 + did_t6 + ddd_t6 + group_t7 + did_t7 + ddd_t7 + group_t8 + did_t8 + ddd_t8 + group_t9 + did_t9 + ddd_t9 + group_t10 + did_t10 + ddd_t10 + group_t11 + did_t11 + ddd_t11 + group_t12 + did_t12 + ddd_t12 + group_t13 + did_t13 + ddd_t13 + group_t14 + did_t14 + ddd_t14 + group_t15 + did_t15 + ddd_t15 + group_t16 + did_t16 + ddd_t16 + group_t17 + did_t17 + ddd_t17 + group_t18 + did_t18 + ddd_t18 + group_t19 + did_t19 + ddd_t19 + group_t20 + did_t20 + ddd_t20 + group_t21 + did_t21 + ddd_t21 + group_t22 + did_t22 + ddd_t22 + group_t23 + did_t23 + ddd_t23 + group_t24 + did_t24 + ddd_t24 + idade_media_adm + pct_mulher_adm + pct_superior_adm + pct_negra_adm | cbo_4d + periodo,,0.0,0.0,,0.0,0.0,reference,limited,16,25
income_pnad,income_2_3sm,Mais de 2 até 3 salários mínimos,ln_admissoes,Admissões (log),ddd,strict_no_tail_binning,0,False,False,estimated,12536,12536,340,pyfixest_retained_sample,ln_admissoes ~ group_tm12 + did_tm12 + ddd_tm12 + group_tm11 + did_tm11 + ddd_tm11 + group_tm10 + did_tm10 + ddd_tm10 + group_tm9 + did_tm9 + ddd_tm9 + group_tm8 + did_tm8 + ddd_tm8 + group_tm7 + did_tm7 + ddd_tm7 + group_tm6 + did_tm6 + ddd_tm6 + group_tm5 + did_tm5 + ddd_tm5 + group_tm4 + did_tm4 + ddd_tm4 + group_tm3 + did_tm3 + ddd_tm3 + group_tm2 + did_tm2 + ddd_tm2 + group_t0 + did_t0 + ddd_t0 + group_t1 + did_t1 + ddd_t1 + group_t2 + did_t2 + ddd_t2 + group_t3 + did_t3 + ddd_t3 + group_t4 + did_t4 + ddd_t4 + group_t5 + did_t5 + ddd_t5 + group_t6 + did_t6 + ddd_t6 + group_t7 + did_t7 + ddd_t7 + group_t8 + did_t8 + ddd_t8 + group_t9 + did_t9 + ddd_t9 + group_t10 + did_t10 + ddd_t10 + group_t11 + did_t11 + ddd_t11 + group_t12 + did_t12 + ddd_t12 + group_t13 + did_t13 + ddd_t13 + group_t14 + did_t14 + ddd_t14 + group_t15 + did_t15 + ddd_t15 + group_t16 + did_t16 + ddd_t16 + group_t17 + did_t17 + ddd_t17 + group_t18 + did_t18 + ddd_t18 + group_t19 + did_t19 + ddd_t19 + group_t20 + did_t20 + ddd_t20 + group_t21 + did_t21 + ddd_t21 + group_t22 + did_t22 + ddd_t22 + group_t23 + did_t23 + ddd_t23 + group_t24 + did_t24 + ddd_t24 + idade_media_adm + pct_mulher_adm + pct_superior_adm + pct_negra_adm | cbo_4d + periodo,,-0.1243743845195438,0.0993585530381072,0.21151550212531012,-0.3191171484742339,0.07036837943514632,estimated,limited,16,25
income_pnad,income_2_3sm,Mais de 2 até 3 salários mínimos,ln_admissoes,Admissões (log),ddd,strict_no_tail_binning,1,False,False,estimated,12536,12536,340,pyfixest_retained_sample,ln_admissoes ~ group_tm12 + did_tm12 + ddd_tm12 + group_tm11 + did_tm11 + ddd_tm11 + group_tm10 + did_tm10 + ddd_tm10 + group_tm9 + did_tm9 + ddd_tm9 + group_tm8 + did_tm8 + ddd_tm8 + group_tm7 + did_tm7 + ddd_tm7 + group_tm6 + did_tm6 + ddd_tm6 + group_tm5 + did_tm5 + ddd_tm5 + group_tm4 + did_tm4 + ddd_tm4 + group_tm3 + did_tm3 + ddd_tm3 + group_tm2 + did_tm2 + ddd_tm2 + group_t0 + did_t0 + ddd_t0 + group_t1 + did_t1 + ddd_t1 + group_t2 + did_t2 + ddd_t2 + group_t3 + did_t3 + ddd_t3 + group_t4 + did_t4 + ddd_t4 + group_t5 + did_t5 + ddd_t5 + group_t6 + did_t6 + ddd_t6 + group_t7 + did_t7 + ddd_t7 + group_t8 + did_t8 + ddd_t8 + group_t9 + did_t9 + ddd_t9 + group_t10 + did_t10 + ddd_t10 + group_t11 + did_t11 + ddd_t11 + group_t12 + did_t12 + ddd_t12 + group_t13 + did_t13 + ddd_t13 + group_t14 + did_t14 + ddd_t14 + group_t15 + did_t15 + ddd_t15 + group_t16 + did_t16 + ddd_t16 + group_t17 + did_t17 + ddd_t17 + group_t18 + did_t18 + ddd_t18 + group_t19 + did_t19 + ddd_t19 + group_t20 + did_t20 + ddd_t20 + group_t21 + did_t21 + ddd_t21 + group_t22 + did_t22 + ddd_t22 + group_t23 + did_t23 + ddd_t23 + group_t24 + did_t24 + ddd_t24 + idade_media_adm + pct_mulher_adm + pct_superior_adm + pct_negra_adm | cbo_4d + periodo,,0.23272605478592595,0.07305376351080586,0.0015782695369719324,0.08954067830474646,0.37591143126710547,estimated,limited,16,25
income_pnad,income_2_3sm,Mais de 2 até 3 salários mínimos,ln_admissoes,Admissões (log),ddd,strict_no_tail_binning,2,False,False,estimated,12536,12536,340,pyfixest_retained_sample,ln_admissoes ~ group_tm12 + did_tm12 + ddd_tm12 + group_tm11 + did_tm11 + ddd_tm11 + group_tm10 + did_tm10 + ddd_tm10 + group_tm9 + did_tm9 + ddd_tm9 + group_tm8 + did_tm8 + ddd_tm8 + group_tm7 + did_tm7 + ddd_tm7 + group_tm6 + did_tm6 + ddd_tm6 + group_tm5 + did_tm5 + ddd_tm5 + group_tm4 + did_tm4 + ddd_tm4 + group_tm3 + did_tm3 + ddd_tm3 + group_tm2 + did_tm2 + ddd_tm2 + group_t0 + did_t0 + ddd_t0 + group_t1 + did_t1 + ddd_t1 + group_t2 + did_t2 + ddd_t2 + group_t3 + did_t3 + ddd_t3 + group_t4 + did_t4 + ddd_t4 + group_t5 + did_t5 + ddd_t5 + group_t6 + did_t6 + ddd_t6 + group_t7 + did_t7 + ddd_t7 + group_t8 + did_t8 + ddd_t8 + group_t9 + did_t9 + ddd_t9 + group_t10 + did_t10 + ddd_t10 + group_t11 + did_t11 + ddd_t11 + group_t12 + did_t12 + ddd_t12 + group_t13 + did_t13 + ddd_t13 + group_t14 + did_t14 + ddd_t14 + group_t15 + did_t15 + ddd_t15 + group_t16 + did_t16 + ddd_t16 + group_t17 + did_t17 + ddd_t17 + group_t18 + did_t18 + ddd_t18 + group_t19 + did_t19 + ddd_t19 + group_t20 + did_t20 + ddd_t20 + group_t21 + did_t21 + ddd_t21 + group_t22 + did_t22 + ddd_t22 + group_t23 + did_t23 + ddd_t23 + group_t24 + did_t24 + ddd_t24 + idade_media_adm + pct_mulher_adm + pct_superior_adm + pct_negra_adm | cbo_4d + periodo,,0.22878144831878053,0.08548570761693236,0.00780668476198243,0.06122946138959309,0.39633343524796794,estimated,limited,16,25
income_pnad,income_2_3sm,Mais de 2 até 3 salários mínimos,ln_admissoes,Admissões (log),ddd,strict_no_tail_binning,3,False,False,estimated,12536,12536,340,pyfixest_retained_sample,ln_admissoes ~ group_tm12 + did_tm12 + ddd_tm12 + group_tm11 + did_tm11 + ddd_tm11 + group_tm10 + did_tm10 + ddd_tm10 + group_tm9 + did_tm9 + ddd_tm9 + group_tm8 + did_tm8 + ddd_tm8 + group_tm7 + did_tm7 + ddd_tm7 + group_tm6 + did_tm6 + ddd_tm6 + group_tm5 + did_tm5 + ddd_tm5 + group_tm4 + did_tm4 + ddd_tm4 + group_tm3 + did_tm3 + ddd_tm3 + group_tm2 + did_tm2 + ddd_tm2 + group_t0 + did_t0 + ddd_t0 + group_t1 + did_t1 + ddd_t1 + group_t2 + did_t2 + ddd_t2 + group_t3 + did_t3 + ddd_t3 + group_t4 + did_t4 + ddd_t4 + group_t5 + did_t5 + ddd_t5 + group_t6 + did_t6 + ddd_t6 + group_t7 + did_t7 + ddd_t7 + group_t8 + did_t8 + ddd_t8 + group_t9 + did_t9 + ddd_t9 + group_t10 + did_t10 + ddd_t10 + group_t11 + did_t11 + ddd_t11 + group_t12 + did_t12 + ddd_t12 + group_t13 + did_t13 + ddd_t13 + group_t14 + did_t14 + ddd_t14 + group_t15 + did_t15 + ddd_t15 + group_t16 + did_t16 + ddd_t16 + group_t17 + did_t17 + ddd_t17 + group_t18 + did_t18 + ddd_t18 + group_t19 + did_t19 + ddd_t19 + group_t20 + did_t20 + ddd_t20 + group_t21 + did_t21 + ddd_t21 + group_t22 + did_t22 + ddd_t22 + group_t23 + did_t23 + ddd_t23 + group_t24 + did_t24 + ddd_t24 + idade_media_adm + pct_mulher_adm + pct_superior_adm + pct_negra_adm | cbo_4d + periodo,,0.08607580050713282,0.08203931636668596,0.29483264702698975,-0.07472125957157166,0.2468728605858373,estimated,limited,16,25
income_pnad,income_2_3sm,Mais de 2 até 3 salários mínimos,ln_admissoes,Admissões (log),ddd,strict_no_tail_binning,4,False,False,estimated,12536,12536,340,pyfixest_retained_sample,ln_admissoes ~ group_tm12 + did_tm12 + ddd_tm12 + group_tm11 + did_tm11 + ddd_tm11 + group_tm10 + did_tm10 + ddd_tm10 + group_tm9 + did_tm9 + ddd_tm9 + group_tm8 + did_tm8 + ddd_tm8 + group_tm7 + did_tm7 + ddd_tm7 + group_tm6 + did_tm6 + ddd_tm6 + group_tm5 + did_tm5 + ddd_tm5 + group_tm4 + did_tm4 + ddd_tm4 + group_tm3 + did_tm3 + ddd_tm3 + group_tm2 + did_tm2 + ddd_tm2 + group_t0 + did_t0 + ddd_t0 + group_t1 + did_t1 + ddd_t1 + group_t2 + did_t2 + ddd_t2 + group_t3 + did_t3 + ddd_t3 + group_t4 + did_t4 + ddd_t4 + group_t5 + did_t5 + ddd_t5 + group_t6 + did_t6 + ddd_t6 + group_t7 + did_t7 + ddd_t7 + group_t8 + did_t8 + ddd_t8 + group_t9 + did_t9 + ddd_t9 + group_t10 + did_t10 + ddd_t10 + group_t11 + did_t11 + ddd_t11 + group_t12 + did_t12 + ddd_t12 + group_t13 + did_t13 + ddd_t13 + group_t14 + did_t14 + ddd_t14 + group_t15 + did_t15 + ddd_t15 + group_t16 + did_t16 + ddd_t16 + group_t17 + did_t17 + ddd_t17 + group_t18 + did_t18 + ddd_t18 + group_t19 + did_t19 + ddd_t19 + group_t20 + did_t20 + ddd_t20 + group_t21 + did_t21 + ddd_t21 + group_t22 + did_t22 + ddd_t22 + group_t23 + did_t23 + ddd_t23 + group_t24 + did_t24 + ddd_t24 + idade_media_adm + pct_mulher_adm + pct_superior_adm + pct_negra_adm | cbo_4d + periodo,,0.1184412801448556,0.0806393561834759,0.14282043060683458,-0.03961185797475715,0.27649441826446836,estimated,limited,16,25
income_pnad,income_2_3sm,Mais de 2 até 3 salários mínimos,ln_admissoes,Admissões (log),ddd,strict_no_tail_binning,5,False,False,estimated,12536,12536,340,pyfixest_retained_sample,ln_admissoes ~ group_tm12 + did_tm12 + ddd_tm12 + group_tm11 + did_tm11 + ddd_tm11 + group_tm10 + did_tm10 + ddd_tm10 + group_tm9 + did_tm9 + ddd_tm9 + group_tm8 + did_tm8 + ddd_tm8 + group_tm7 + did_tm7 + ddd_tm7 + group_tm6 + did_tm6 + ddd_tm6 + group_tm5 + did_tm5 + ddd_tm5 + group_tm4 + did_tm4 + ddd_tm4 + group_tm3 + did_tm3 + ddd_tm3 + group_tm2 + did_tm2 + ddd_tm2 + group_t0 + did_t0 + ddd_t0 + group_t1 + did_t1 + ddd_t1 + group_t2 + did_t2 + ddd_t2 + group_t3 + did_t3 + ddd_t3 + group_t4 + did_t4 + ddd_t4 + group_t5 + did_t5 + ddd_t5 + group_t6 + did_t6 + ddd_t6 + group_t7 + did_t7 + ddd_t7 + group_t8 + did_t8 + ddd_t8 + group_t9 + did_t9 + ddd_t9 + group_t10 + did_t10 + ddd_t10 + group_t11 + did_t11 + ddd_t11 + group_t12 + did_t12 + ddd_t12 + group_t13 + did_t13 + ddd_t13 + group_t14 + did_t14 + ddd_t14 + group_t15 + did_t15 + ddd_t15 + group_t16 + did_t16 + ddd_t16 + group_t17 + did_t17 + ddd_t17 + group_t18 + did_t18 + ddd_t18 + group_t19 + did_t19 + ddd_t19 + group_t20 + did_t20 + ddd_t20 + group_t21 + did_t21 + ddd_t21 + group_t22 + did_t22 + ddd_t22 + group_t23 + did_t23 + ddd_t23 + group_t24 + did_t24 + ddd_t24 + idade_media_adm + pct_mulher_adm + pct_superior_adm + pct_negra_adm | cbo_4d + periodo,,0.10703990709962868,0.09892132884941497,0.27999005483245587,-0.08684589744522467,0.300925711644482,estimated,limited,16,25
income_pnad,income_2_3sm,Mais de 2 até 3 salários mínimos,ln_admissoes,Admissões (log),ddd,strict_no_tail_binning,6,False,False,estimated,12536,12536,340,pyfixest_retained_sample,ln_admissoes ~ group_tm12 + did_tm12 + ddd_tm12 + group_tm11 + did_tm11 + ddd_tm11 + group_tm10 + did_tm10 + ddd_tm10 + group_tm9 + did_tm9 + ddd_tm9 + group_tm8 + did_tm8 + ddd_tm8 + group_tm7 + did_tm7 + ddd_tm7 + group_tm6 + did_tm6 + ddd_tm6 + group_tm5 + did_tm5 + ddd_tm5 + group_tm4 + did_tm4 + ddd_tm4 + group_tm3 + did_tm3 + ddd_tm3 + group_tm2 + did_tm2 + ddd_tm2 + group_t0 + did_t0 + ddd_t0 + group_t1 + did_t1 + ddd_t1 + group_t2 + did_t2 + ddd_t2 + group_t3 + did_t3 + ddd_t3 + group_t4 + did_t4 + ddd_t4 + group_t5 + did_t5 + ddd_t5 + group_t6 + did_t6 + ddd_t6 + group_t7 + did_t7 + ddd_t7 + group_t8 + did_t8 + ddd_t8 + group_t9 + did_t9 + ddd_t9 + group_t10 + did_t10 + ddd_t10 + group_t11 + did_t11 + ddd_t11 + group_t12 + did_t12 + ddd_t12 + group_t13 + did_t13 + ddd_t13 + group_t14 + did_t14 + ddd_t14 + group_t15 + did_t15 + ddd_t15 + group_t16 + did_t16 + ddd_t16 + group_t17 + did_t17 + ddd_t17 + group_t18 + did_t18 + ddd_t18 + group_t19 + did_t19 + ddd_t19 + group_t20 + did_t20 + ddd_t20 + group_t21 + did_t21 + ddd_t21 + group_t22 + did_t22 + ddd_t22 + group_t23 + did_t23 + ddd_t23 + group_t24 + did_t24 + ddd_t24 + idade_media_adm + pct_mulher_adm + pct_superior_adm + pct_negra_adm | cbo_4d + periodo,,0.17079695658854607,0.08467336131106899,0.044470072011867146,0.004837168418850846,0.3367567447582413,estimated,limited,16,25
income_pnad,income_2_3sm,Mais de 2 até 3 salários mínimos,ln_admissoes,Admissões (log),ddd,strict_no_tail_binning,7,False,False,estimated,12536,12536,340,pyfixest_retained_sample,ln_admissoes ~ group_tm12 + did_tm12 + ddd_tm12 + group_tm11 + did_tm11 + ddd_tm11 + group_tm10 + did_tm10 + ddd_tm10 + group_tm9 + did_tm9 + ddd_tm9 + group_tm8 + did_tm8 + ddd_tm8 + group_tm7 + did_tm7 + ddd_tm7 + group_tm6 + did_tm6 + ddd_tm6 + group_tm5 + did_tm5 + ddd_tm5 + group_tm4 + did_tm4 + ddd_tm4 + group_tm3 + did_tm3 + ddd_tm3 + group_tm2 + did_tm2 + ddd_tm2 + group_t0 + did_t0 + ddd_t0 + group_t1 + did_t1 + ddd_t1 + group_t2 + did_t2 + ddd_t2 + group_t3 + did_t3 + ddd_t3 + group_t4 + did_t4 + ddd_t4 + group_t5 + did_t5 + ddd_t5 + group_t6 + did_t6 + ddd_t6 + group_t7 + did_t7 + ddd_t7 + group_t8 + did_t8 + ddd_t8 + group_t9 + did_t9 + ddd_t9 + group_t10 + did_t10 + ddd_t10 + group_t11 + did_t11 + ddd_t11 + group_t12 + did_t12 + ddd_t12 + group_t13 + did_t13 + ddd_t13 + group_t14 + did_t14 + ddd_t14 + group_t15 + did_t15 + ddd_t15 + group_t16 + did_t16 + ddd_t16 + group_t17 + did_t17 + ddd_t17 + group_t18 + did_t18 + ddd_t18 + group_t19 + did_t19 + ddd_t19 + group_t20 + did_t20 + ddd_t20 + group_t21 + did_t21 + ddd_t21 + group_t22 + did_t22 + ddd_t22 + group_t23 + did_t23 + ddd_t23 + group_t24 + did_t24 + ddd_t24 + idade_media_adm + pct_mulher_adm + pct_superior_adm + pct_negra_adm | cbo_4d + periodo,,0.10734546719493453,0.09372966144095092,0.252906541943104,-0.07636466922932929,0.29105560361919836,estimated,limited,16,25
income_pnad,income_2_3sm,Mais de 2 até 3 salários mínimos,ln_admissoes,Admissões (log),ddd,strict_no_tail_binning,8,False,False,estimated,12536,12536,340,pyfixest_retained_sample,ln_admissoes ~ group_tm12 + did_tm12 + ddd_tm12 + group_tm11 + did_tm11 + ddd_tm11 + group_tm10 + did_tm10 + ddd_tm10 + group_tm9 + did_tm9 + ddd_tm9 + group_tm8 + did_tm8 + ddd_tm8 + group_tm7 + did_tm7 + ddd_tm7 + group_tm6 + did_tm6 + ddd_tm6 + group_tm5 + did_tm5 + ddd_tm5 + group_tm4 + did_tm4 + ddd_tm4 + group_tm3 + did_tm3 + ddd_tm3 + group_tm2 + did_tm2 + ddd_tm2 + group_t0 + did_t0 + ddd_t0 + group_t1 + did_t1 + ddd_t1 + group_t2 + did_t2 + ddd_t2 + group_t3 + did_t3 + ddd_t3 + group_t4 + did_t4 + ddd_t4 + group_t5 + did_t5 + ddd_t5 + group_t6 + did_t6 + ddd_t6 + group_t7 + did_t7 + ddd_t7 + group_t8 + did_t8 + ddd_t8 + group_t9 + did_t9 + ddd_t9 + group_t10 + did_t10 + ddd_t10 + group_t11 + did_t11 + ddd_t11 + group_t12 + did_t12 + ddd_t12 + group_t13 + did_t13 + ddd_t13 + group_t14 + did_t14 + ddd_t14 + group_t15 + did_t15 + ddd_t15 + group_t16 + did_t16 + ddd_t16 + group_t17 + did_t17 + ddd_t17 + group_t18 + did_t18 + ddd_t18 + group_t19 + did_t19 + ddd_t19 + group_t20 + did_t20 + ddd_t20 + group_t21 + did_t21 + ddd_t21 + group_t22 + did_t22 + ddd_t22 + group_t23 + did_t23 + ddd_t23 + group_t24 + did_t24 + ddd_t24 + idade_media_adm + pct_mulher_adm + pct_superior_adm + pct_negra_adm | cbo_4d + periodo,,0.054529193808536075,0.09058235369530082,0.5475866989686429,-0.12301221943425353,0.23207060705132568,estimated,limited,16,25
income_pnad,income_2_3sm,Mais de 2 até 3 salários mínimos,ln_admissoes,Admissões (log),ddd,strict_no_tail_binning,9,False,False,estimated,12536,12536,340,pyfixest_retained_sample,ln_admissoes ~ group_tm12 + did_tm12 + ddd_tm12 + group_tm11 + did_tm11 + ddd_tm11 + group_tm10 + did_tm10 + ddd_tm10 + group_tm9 + did_tm9 + ddd_tm9 + group_tm8 + did_tm8 + ddd_tm8 + group_tm7 + did_tm7 + ddd_tm7 + group_tm6 + did_tm6 + ddd_tm6 + group_tm5 + did_tm5 + ddd_tm5 + group_tm4 + did_tm4 + ddd_tm4 + group_tm3 + did_tm3 + ddd_tm3 + group_tm2 + did_tm2 + ddd_tm2 + group_t0 + did_t0 + ddd_t0 + group_t1 + did_t1 + ddd_t1 + group_t2 + did_t2 + ddd_t2 + group_t3 + did_t3 + ddd_t3 + group_t4 + did_t4 + ddd_t4 + group_t5 + did_t5 + ddd_t5 + group_t6 + did_t6 + ddd_t6 + group_t7 + did_t7 + ddd_t7 + group_t8 + did_t8 + ddd_t8 + group_t9 + did_t9 + ddd_t9 + group_t10 + did_t10 + ddd_t10 + group_t11 + did_t11 + ddd_t11 + group_t12 + did_t12 + ddd_t12 + group_t13 + did_t13 + ddd_t13 + group_t14 + did_t14 + ddd_t14 + group_t15 + did_t15 + ddd_t15 + group_t16 + did_t16 + ddd_t16 + group_t17 + did_t17 + ddd_t17 + group_t18 + did_t18 + ddd_t18 + group_t19 + did_t19 + ddd_t19 + group_t20 + did_t20 + ddd_t20 + group_t21 + did_t21 + ddd_t21 + group_t22 + did_t22 + ddd_t22 + group_t23 + did_t23 + ddd_t23 + group_t24 + did_t24 + ddd_t24 + idade_media_adm + pct_mulher_adm + pct_superior_adm + pct_negra_adm | cbo_4d + periodo,,0.0008010983746593095,0.09097331779071859,0.992979210154727,-0.17750660449514913,0.17910880124446774,estimated,limited,16,25
income_pnad,income_2_3sm,Mais de 2 até 3 salários mínimos,ln_admissoes,Admissões (log),ddd,strict_no_tail_binning,10,False,False,estimated,12536,12536,340,pyfixest_retained_sample,ln_admissoes ~ group_tm12 + did_tm12 + ddd_tm12 + group_tm11 + did_tm11 + ddd_tm11 + group_tm10 + did_tm10 + ddd_tm10 + group_tm9 + did_tm9 + ddd_tm9 + group_tm8 + did_tm8 + ddd_tm8 + group_tm7 + did_tm7 + ddd_tm7 + group_tm6 + did_tm6 + ddd_tm6 + group_tm5 + did_tm5 + ddd_tm5 + group_tm4 + did_tm4 + ddd_tm4 + group_tm3 + did_tm3 + ddd_tm3 + group_tm2 + did_tm2 + ddd_tm2 + group_t0 + did_t0 + ddd_t0 + group_t1 + did_t1 + ddd_t1 + group_t2 + did_t2 + ddd_t2 + group_t3 + did_t3 + ddd_t3 + group_t4 + did_t4 + ddd_t4 + group_t5 + did_t5 + ddd_t5 + group_t6 + did_t6 + ddd_t6 + group_t7 + did_t7 + ddd_t7 + group_t8 + did_t8 + ddd_t8 + group_t9 + did_t9 + ddd_t9 + group_t10 + did_t10 + ddd_t10 + group_t11 + did_t11 + ddd_t11 + group_t12 + did_t12 + ddd_t12 + group_t13 + did_t13 + ddd_t13 + group_t14 + did_t14 + ddd_t14 + group_t15 + did_t15 + ddd_t15 + group_t16 + did_t16 + ddd_t16 + group_t17 + did_t17 + ddd_t17 + group_t18 + did_t18 + ddd_t18 + group_t19 + did_t19 + ddd_t19 + group_t20 + did_t20 + ddd_t20 + group_t21 + did_t21 + ddd_t21 + group_t22 + did_t22 + ddd_t22 + group_t23 + did_t23 + ddd_t23 + group_t24 + did_t24 + ddd_t24 + idade_media_adm + pct_mulher_adm + pct_superior_adm + pct_negra_adm | cbo_4d + periodo,,-0.02589372546108439,0.0928006101841113,0.7803954886383881,-0.20778292142194255,0.15599547049977375,estimated,limited,16,25
income_pnad,income_2_3sm,Mais de 2 até 3 salários mínimos,ln_admissoes,Admissões (log),ddd,strict_no_tail_binning,11,False,False,estimated,12536,12536,340,pyfixest_retained_sample,ln_admissoes ~ group_tm12 + did_tm12 + ddd_tm12 + group_tm11 + did_tm11 + ddd_tm11 + group_tm10 + did_tm10 + ddd_tm10 + group_tm9 + did_tm9 + ddd_tm9 + group_tm8 + did_tm8 + ddd_tm8 + group_tm7 + did_tm7 + ddd_tm7 + group_tm6 + did_tm6 + ddd_tm6 + group_tm5 + did_tm5 + ddd_tm5 + group_tm4 + did_tm4 + ddd_tm4 + group_tm3 + did_tm3 + ddd_tm3 + group_tm2 + did_tm2 + ddd_tm2 + group_t0 + did_t0 + ddd_t0 + group_t1 + did_t1 + ddd_t1 + group_t2 + did_t2 + ddd_t2 + group_t3 + did_t3 + ddd_t3 + group_t4 + did_t4 + ddd_t4 + group_t5 + did_t5 + ddd_t5 + group_t6 + did_t6 + ddd_t6 + group_t7 + did_t7 + ddd_t7 + group_t8 + did_t8 + ddd_t8 + group_t9 + did_t9 + ddd_t9 + group_t10 + did_t10 + ddd_t10 + group_t11 + did_t11 + ddd_t11 + group_t12 + did_t12 + ddd_t12 + group_t13 + did_t13 + ddd_t13 + group_t14 + did_t14 + ddd_t14 + group_t15 + did_t15 + ddd_t15 + group_t16 + did_t16 + ddd_t16 + group_t17 + did_t17 + ddd_t17 + group_t18 + did_t18 + ddd_t18 + group_t19 + did_t19 + ddd_t19 + group_t20 + did_t20 + ddd_t20 + group_t21 + did_t21 + ddd_t21 + group_t22 + did_t22 + ddd_t22 + group_t23 + did_t23 + ddd_t23 + group_t24 + did_t24 + ddd_t24 + idade_media_adm + pct_mulher_adm + pct_superior_adm + pct_negra_adm | cbo_4d + periodo,,0.04336640746676345,0.08783582921802688,0.621822839087605,-0.12879181780056922,0.21552463273409614,estimated,limited,16,25
income_pnad,income_2_3sm,Mais de 2 até 3 salários mínimos,ln_admissoes,Admissões (log),ddd,strict_no_tail_binning,12,False,False,estimated,12536,12536,340,pyfixest_retained_sample,ln_admissoes ~ group_tm12 + did_tm12 + ddd_tm12 + group_tm11 + did_tm11 + ddd_tm11 + group_tm10 + did_tm10 + ddd_tm10 + group_tm9 + did_tm9 + ddd_tm9 + group_tm8 + did_tm8 + ddd_tm8 + group_tm7 + did_tm7 + ddd_tm7 + group_tm6 + did_tm6 + ddd_tm6 + group_tm5 + did_tm5 + ddd_tm5 + group_tm4 + did_tm4 + ddd_tm4 + group_tm3 + did_tm3 + ddd_tm3 + group_tm2 + did_tm2 + ddd_tm2 + group_t0 + did_t0 + ddd_t0 + group_t1 + did_t1 + ddd_t1 + group_t2 + did_t2 + ddd_t2 + group_t3 + did_t3 + ddd_t3 + group_t4 + did_t4 + ddd_t4 + group_t5 + did_t5 + ddd_t5 + group_t6 + did_t6 + ddd_t6 + group_t7 + did_t7 + ddd_t7 + group_t8 + did_t8 + ddd_t8 + group_t9 + did_t9 + ddd_t9 + group_t10 + did_t10 + ddd_t10 + group_t11 + did_t11 + ddd_t11 + group_t12 + did_t12 + ddd_t12 + group_t13 + did_t13 + ddd_t13 + group_t14 + did_t14 + ddd_t14 + group_t15 + did_t15 + ddd_t15 + group_t16 + did_t16 + ddd_t16 + group_t17 + did_t17 + ddd_t17 + group_t18 + did_t18 + ddd_t18 + group_t19 + did_t19 + ddd_t19 + group_t20 + did_t20 + ddd_t20 + group_t21 + did_t21 + ddd_t21 + group_t22 + did_t22 + ddd_t22 + group_t23 + did_t23 + ddd_t23 + group_t24 + did_t24 + ddd_t24 + idade_media_adm + pct_mulher_adm + pct_superior_adm + pct_negra_adm | cbo_4d + periodo,,-0.17736967090244096,0.11297228202903689,0.11734142220957056,-0.39879534367935326,0.04405600187447134,estimated,limited,16,25
income_pnad,income_2_3sm,Mais de 2 até 3 salários mínimos,ln_admissoes,Admissões (log),ddd,strict_no_tail_binning,13,False,False,estimated,12536,12536,340,pyfixest_retained_sample,ln_admissoes ~ group_tm12 + did_tm12 + ddd_tm12 + group_tm11 + did_tm11 + ddd_tm11 + group_tm10 + did_tm10 + ddd_tm10 + group_tm9 + did_tm9 + ddd_tm9 + group_tm8 + did_tm8 + ddd_tm8 + group_tm7 + did_tm7 + ddd_tm7 + group_tm6 + did_tm6 + ddd_tm6 + group_tm5 + did_tm5 + ddd_tm5 + group_tm4 + did_tm4 + ddd_tm4 + group_tm3 + did_tm3 + ddd_tm3 + group_tm2 + did_tm2 + ddd_tm2 + group_t0 + did_t0 + ddd_t0 + group_t1 + did_t1 + ddd_t1 + group_t2 + did_t2 + ddd_t2 + group_t3 + did_t3 + ddd_t3 + group_t4 + did_t4 + ddd_t4 + group_t5 + did_t5 + ddd_t5 + group_t6 + did_t6 + ddd_t6 + group_t7 + did_t7 + ddd_t7 + group_t8 + did_t8 + ddd_t8 + group_t9 + did_t9 + ddd_t9 + group_t10 + did_t10 + ddd_t10 + group_t11 + did_t11 + ddd_t11 + group_t12 + did_t12 + ddd_t12 + group_t13 + did_t13 + ddd_t13 + group_t14 + did_t14 + ddd_t14 + group_t15 + did_t15 + ddd_t15 + group_t16 + did_t16 + ddd_t16 + group_t17 + did_t17 + ddd_t17 + group_t18 + did_t18 + ddd_t18 + group_t19 + did_t19 + ddd_t19 + group_t20 + did_t20 + ddd_t20 + group_t21 + did_t21 + ddd_t21 + group_t22 + did_t22 + ddd_t22 + group_t23 + did_t23 + ddd_t23 + group_t24 + did_t24 + ddd_t24 + idade_media_adm + pct_mulher_adm + pct_superior_adm + pct_negra_adm | cbo_4d + periodo,,0.1118781389928905,0.0917659303992915,0.22362784033312977,-0.06798308458972084,0.2917393625755018,estimated,limited,16,25
income_pnad,income_2_3sm,Mais de 2 até 3 salários mínimos,ln_admissoes,Admissões (log),ddd,strict_no_tail_binning,14,False,False,estimated,12536,12536,340,pyfixest_retained_sample,ln_admissoes ~ group_tm12 + did_tm12 + ddd_tm12 + group_tm11 + did_tm11 + ddd_tm11 + group_tm10 + did_tm10 + ddd_tm10 + group_tm9 + did_tm9 + ddd_tm9 + group_tm8 + did_tm8 + ddd_tm8 + group_tm7 + did_tm7 + ddd_tm7 + group_tm6 + did_tm6 + ddd_tm6 + group_tm5 + did_tm5 + ddd_tm5 + group_tm4 + did_tm4 + ddd_tm4 + group_tm3 + did_tm3 + ddd_tm3 + group_tm2 + did_tm2 + ddd_tm2 + group_t0 + did_t0 + ddd_t0 + group_t1 + did_t1 + ddd_t1 + group_t2 + did_t2 + ddd_t2 + group_t3 + did_t3 + ddd_t3 + group_t4 + did_t4 + ddd_t4 + group_t5 + did_t5 + ddd_t5 + group_t6 + did_t6 + ddd_t6 + group_t7 + did_t7 + ddd_t7 + group_t8 + did_t8 + ddd_t8 + group_t9 + did_t9 + ddd_t9 + group_t10 + did_t10 + ddd_t10 + group_t11 + did_t11 + ddd_t11 + group_t12 + did_t12 + ddd_t12 + group_t13 + did_t13 + ddd_t13 + group_t14 + did_t14 + ddd_t14 + group_t15 + did_t15 + ddd_t15 + group_t16 + did_t16 + ddd_t16 + group_t17 + did_t17 + ddd_t17 + group_t18 + did_t18 + ddd_t18 + group_t19 + did_t19 + ddd_t19 + group_t20 + did_t20 + ddd_t20 + group_t21 + did_t21 + ddd_t21 + group_t22 + did_t22 + ddd_t22 + group_t23 + did_t23 + ddd_t23 + group_t24 + did_t24 + ddd_t24 + idade_media_adm + pct_mulher_adm + pct_superior_adm + pct_negra_adm | cbo_4d + periodo,,0.06657006298813632,0.09283119143096838,0.47380077028268186,-0.1153790722165617,0.24851919819283436,estimated,limited,16,25
income_pnad,income_2_3sm,Mais de 2 até 3 salários mínimos,ln_admissoes,Admissões (log),ddd,strict_no_tail_binning,15,False,False,estimated,12536,12536,340,pyfixest_retained_sample,ln_admissoes ~ group_tm12 + did_tm12 + ddd_tm12 + group_tm11 + did_tm11 + ddd_tm11 + group_tm10 + did_tm10 + ddd_tm10 + group_tm9 + did_tm9 + ddd_tm9 + group_tm8 + did_tm8 + ddd_tm8 + group_tm7 + did_tm7 + ddd_tm7 + group_tm6 + did_tm6 + ddd_tm6 + group_tm5 + did_tm5 + ddd_tm5 + group_tm4 + did_tm4 + ddd_tm4 + group_tm3 + did_tm3 + ddd_tm3 + group_tm2 + did_tm2 + ddd_tm2 + group_t0 + did_t0 + ddd_t0 + group_t1 + did_t1 + ddd_t1 + group_t2 + did_t2 + ddd_t2 + group_t3 + did_t3 + ddd_t3 + group_t4 + did_t4 + ddd_t4 + group_t5 + did_t5 + ddd_t5 + group_t6 + did_t6 + ddd_t6 + group_t7 + did_t7 + ddd_t7 + group_t8 + did_t8 + ddd_t8 + group_t9 + did_t9 + ddd_t9 + group_t10 + did_t10 + ddd_t10 + group_t11 + did_t11 + ddd_t11 + group_t12 + did_t12 + ddd_t12 + group_t13 + did_t13 + ddd_t13 + group_t14 + did_t14 + ddd_t14 + group_t15 + did_t15 + ddd_t15 + group_t16 + did_t16 + ddd_t16 + group_t17 + did_t17 + ddd_t17 + group_t18 + did_t18 + ddd_t18 + group_t19 + did_t19 + ddd_t19 + group_t20 + did_t20 + ddd_t20 + group_t21 + did_t21 + ddd_t21 + group_t22 + did_t22 + ddd_t22 + group_t23 + did_t23 + ddd_t23 + group_t24 + did_t24 + ddd_t24 + idade_media_adm + pct_mulher_adm + pct_superior_adm + pct_negra_adm | cbo_4d + periodo,,0.036060257064858804,0.0965814242182967,0.7091091440698793,-0.15323933440300272,0.2253598485327203,estimated,limited,16,25
income_pnad,income_2_3sm,Mais de 2 até 3 salários mínimos,ln_admissoes,Admissões (log),ddd,strict_no_tail_binning,16,False,False,estimated,12536,12536,340,pyfixest_retained_sample,ln_admissoes ~ group_tm12 + did_tm12 + ddd_tm12 + group_tm11 + did_tm11 + ddd_tm11 + group_tm10 + did_tm10 + ddd_tm10 + group_tm9 + did_tm9 + ddd_tm9 + group_tm8 + did_tm8 + ddd_tm8 + group_tm7 + did_tm7 + ddd_tm7 + group_tm6 + did_tm6 + ddd_tm6 + group_tm5 + did_tm5 + ddd_tm5 + group_tm4 + did_tm4 + ddd_tm4 + group_tm3 + did_tm3 + ddd_tm3 + group_tm2 + did_tm2 + ddd_tm2 + group_t0 + did_t0 + ddd_t0 + group_t1 + did_t1 + ddd_t1 + group_t2 + did_t2 + ddd_t2 + group_t3 + did_t3 + ddd_t3 + group_t4 + did_t4 + ddd_t4 + group_t5 + did_t5 + ddd_t5 + group_t6 + did_t6 + ddd_t6 + group_t7 + did_t7 + ddd_t7 + group_t8 + did_t8 + ddd_t8 + group_t9 + did_t9 + ddd_t9 + group_t10 + did_t10 + ddd_t10 + group_t11 + did_t11 + ddd_t11 + group_t12 + did_t12 + ddd_t12 + group_t13 + did_t13 + ddd_t13 + group_t14 + did_t14 + ddd_t14 + group_t15 + did_t15 + ddd_t15 + group_t16 + did_t16 + ddd_t16 + group_t17 + did_t17 + ddd_t17 + group_t18 + did_t18 + ddd_t18 + group_t19 + did_t19 + ddd_t19 + group_t20 + did_t20 + ddd_t20 + group_t21 + did_t21 + ddd_t21 + group_t22 + did_t22 + ddd_t22 + group_t23 + did_t23 + ddd_t23 + group_t24 + did_t24 + ddd_t24 + idade_media_adm + pct_mulher_adm + pct_superior_adm + pct_negra_adm | cbo_4d + periodo,,0.06446008359290537,0.07852397472408049,0.412281905708749,-0.08944690686629239,0.21836707405210312,estimated,limited,16,25
income_pnad,income_2_3sm,Mais de 2 até 3 salários mínimos,ln_admissoes,Admissões (log),ddd,strict_no_tail_binning,17,False,False,estimated,12536,12536,340,pyfixest_retained_sample,ln_admissoes ~ group_tm12 + did_tm12 + ddd_tm12 + group_tm11 + did_tm11 + ddd_tm11 + group_tm10 + did_tm10 + ddd_tm10 + group_tm9 + did_tm9 + ddd_tm9 + group_tm8 + did_tm8 + ddd_tm8 + group_tm7 + did_tm7 + ddd_tm7 + group_tm6 + did_tm6 + ddd_tm6 + group_tm5 + did_tm5 + ddd_tm5 + group_tm4 + did_tm4 + ddd_tm4 + group_tm3 + did_tm3 + ddd_tm3 + group_tm2 + did_tm2 + ddd_tm2 + group_t0 + did_t0 + ddd_t0 + group_t1 + did_t1 + ddd_t1 + group_t2 + did_t2 + ddd_t2 + group_t3 + did_t3 + ddd_t3 + group_t4 + did_t4 + ddd_t4 + group_t5 + did_t5 + ddd_t5 + group_t6 + did_t6 + ddd_t6 + group_t7 + did_t7 + ddd_t7 + group_t8 + did_t8 + ddd_t8 + group_t9 + did_t9 + ddd_t9 + group_t10 + did_t10 + ddd_t10 + group_t11 + did_t11 + ddd_t11 + group_t12 + did_t12 + ddd_t12 + group_t13 + did_t13 + ddd_t13 + group_t14 + did_t14 + ddd_t14 + group_t15 + did_t15 + ddd_t15 + group_t16 + did_t16 + ddd_t16 + group_t17 + did_t17 + ddd_t17 + group_t18 + did_t18 + ddd_t18 + group_t19 + did_t19 + ddd_t19 + group_t20 + did_t20 + ddd_t20 + group_t21 + did_t21 + ddd_t21 + group_t22 + did_t22 + ddd_t22 + group_t23 + did_t23 + ddd_t23 + group_t24 + did_t24 + ddd_t24 + idade_media_adm + pct_mulher_adm + pct_superior_adm + pct_negra_adm | cbo_4d + periodo,,-0.0643836950965433,0.09266437040274221,0.48765325904080825,-0.24600586108591804,0.11723847089283142,estimated,limited,16,25
income_pnad,income_2_3sm,Mais de 2 até 3 salários mínimos,ln_admissoes,Admissões (log),ddd,strict_no_tail_binning,18,False,False,estimated,12536,12536,340,pyfixest_retained_sample,ln_admissoes ~ group_tm12 + did_tm12 + ddd_tm12 + group_tm11 + did_tm11 + ddd_tm11 + group_tm10 + did_tm10 + ddd_tm10 + group_tm9 + did_tm9 + ddd_tm9 + group_tm8 + did_tm8 + ddd_tm8 + group_tm7 + did_tm7 + ddd_tm7 + group_tm6 + did_tm6 + ddd_tm6 + group_tm5 + did_tm5 + ddd_tm5 + group_tm4 + did_tm4 + ddd_tm4 + group_tm3 + did_tm3 + ddd_tm3 + group_tm2 + did_tm2 + ddd_tm2 + group_t0 + did_t0 + ddd_t0 + group_t1 + did_t1 + ddd_t1 + group_t2 + did_t2 + ddd_t2 + group_t3 + did_t3 + ddd_t3 + group_t4 + did_t4 + ddd_t4 + group_t5 + did_t5 + ddd_t5 + group_t6 + did_t6 + ddd_t6 + group_t7 + did_t7 + ddd_t7 + group_t8 + did_t8 + ddd_t8 + group_t9 + did_t9 + ddd_t9 + group_t10 + did_t10 + ddd_t10 + group_t11 + did_t11 + ddd_t11 + group_t12 + did_t12 + ddd_t12 + group_t13 + did_t13 + ddd_t13 + group_t14 + did_t14 + ddd_t14 + group_t15 + did_t15 + ddd_t15 + group_t16 + did_t16 + ddd_t16 + group_t17 + did_t17 + ddd_t17 + group_t18 + did_t18 + ddd_t18 + group_t19 + did_t19 + ddd_t19 + group_t20 + did_t20 + ddd_t20 + group_t21 + did_t21 + ddd_t21 + group_t22 + did_t22 + ddd_t22 + group_t23 + did_t23 + ddd_t23 + group_t24 + did_t24 + ddd_t24 + idade_media_adm + pct_mulher_adm + pct_superior_adm + pct_negra_adm | cbo_4d + periodo,,0.03269330806553201,0.07954940672500066,0.6813460125640036,-0.1232235291154693,0.1886101452465333,estimated,limited,16,25
income_pnad,income_2_3sm,Mais de 2 até 3 salários mínimos,ln_admissoes,Admissões (log),ddd,strict_no_tail_binning,19,False,False,estimated,12536,12536,340,pyfixest_retained_sample,ln_admissoes ~ group_tm12 + did_tm12 + ddd_tm12 + group_tm11 + did_tm11 + ddd_tm11 + group_tm10 + did_tm10 + ddd_tm10 + group_tm9 + did_tm9 + ddd_tm9 + group_tm8 + did_tm8 + ddd_tm8 + group_tm7 + did_tm7 + ddd_tm7 + group_tm6 + did_tm6 + ddd_tm6 + group_tm5 + did_tm5 + ddd_tm5 + group_tm4 + did_tm4 + ddd_tm4 + group_tm3 + did_tm3 + ddd_tm3 + group_tm2 + did_tm2 + ddd_tm2 + group_t0 + did_t0 + ddd_t0 + group_t1 + did_t1 + ddd_t1 + group_t2 + did_t2 + ddd_t2 + group_t3 + did_t3 + ddd_t3 + group_t4 + did_t4 + ddd_t4 + group_t5 + did_t5 + ddd_t5 + group_t6 + did_t6 + ddd_t6 + group_t7 + did_t7 + ddd_t7 + group_t8 + did_t8 + ddd_t8 + group_t9 + did_t9 + ddd_t9 + group_t10 + did_t10 + ddd_t10 + group_t11 + did_t11 + ddd_t11 + group_t12 + did_t12 + ddd_t12 + group_t13 + did_t13 + ddd_t13 + group_t14 + did_t14 + ddd_t14 + group_t15 + did_t15 + ddd_t15 + group_t16 + did_t16 + ddd_t16 + group_t17 + did_t17 + ddd_t17 + group_t18 + did_t18 + ddd_t18 + group_t19 + did_t19 + ddd_t19 + group_t20 + did_t20 + ddd_t20 + group_t21 + did_t21 + ddd_t21 + group_t22 + did_t22 + ddd_t22 + group_t23 + did_t23 + ddd_t23 + group_t24 + did_t24 + ddd_t24 + idade_media_adm + pct_mulher_adm + pct_superior_adm + pct_negra_adm | cbo_4d + periodo,,0.13208344439833372,0.07781570554633263,0.09054110718865727,-0.02043533847247822,0.28460222726914564,estimated,limited,16,25
income_pnad,income_2_3sm,Mais de 2 até 3 salários mínimos,ln_admissoes,Admissões (log),ddd,strict_no_tail_binning,20,False,False,estimated,12536,12536,340,pyfixest_retained_sample,ln_admissoes ~ group_tm12 + did_tm12 + ddd_tm12 + group_tm11 + did_tm11 + ddd_tm11 + group_tm10 + did_tm10 + ddd_tm10 + group_tm9 + did_tm9 + ddd_tm9 + group_tm8 + did_tm8 + ddd_tm8 + group_tm7 + did_tm7 + ddd_tm7 + group_tm6 + did_tm6 + ddd_tm6 + group_tm5 + did_tm5 + ddd_tm5 + group_tm4 + did_tm4 + ddd_tm4 + group_tm3 + did_tm3 + ddd_tm3 + group_tm2 + did_tm2 + ddd_tm2 + group_t0 + did_t0 + ddd_t0 + group_t1 + did_t1 + ddd_t1 + group_t2 + did_t2 + ddd_t2 + group_t3 + did_t3 + ddd_t3 + group_t4 + did_t4 + ddd_t4 + group_t5 + did_t5 + ddd_t5 + group_t6 + did_t6 + ddd_t6 + group_t7 + did_t7 + ddd_t7 + group_t8 + did_t8 + ddd_t8 + group_t9 + did_t9 + ddd_t9 + group_t10 + did_t10 + ddd_t10 + group_t11 + did_t11 + ddd_t11 + group_t12 + did_t12 + ddd_t12 + group_t13 + did_t13 + ddd_t13 + group_t14 + did_t14 + ddd_t14 + group_t15 + did_t15 + ddd_t15 + group_t16 + did_t16 + ddd_t16 + group_t17 + did_t17 + ddd_t17 + group_t18 + did_t18 + ddd_t18 + group_t19 + did_t19 + ddd_t19 + group_t20 + did_t20 + ddd_t20 + group_t21 + did_t21 + ddd_t21 + group_t22 + did_t22 + ddd_t22 + group_t23 + did_t23 + ddd_t23 + group_t24 + did_t24 + ddd_t24 + idade_media_adm + pct_mulher_adm + pct_superior_adm + pct_negra_adm | cbo_4d + periodo,,0.08984664289642115,0.08200560108703159,0.27402463717096537,-0.07088433523416075,0.25057762102700304,estimated,limited,16,25
income_pnad,income_2_3sm,Mais de 2 até 3 salários mínimos,ln_admissoes,Admissões (log),ddd,strict_no_tail_binning,21,False,False,estimated,12536,12536,340,pyfixest_retained_sample,ln_admissoes ~ group_tm12 + did_tm12 + ddd_tm12 + group_tm11 + did_tm11 + ddd_tm11 + group_tm10 + did_tm10 + ddd_tm10 + group_tm9 + did_tm9 + ddd_tm9 + group_tm8 + did_tm8 + ddd_tm8 + group_tm7 + did_tm7 + ddd_tm7 + group_tm6 + did_tm6 + ddd_tm6 + group_tm5 + did_tm5 + ddd_tm5 + group_tm4 + did_tm4 + ddd_tm4 + group_tm3 + did_tm3 + ddd_tm3 + group_tm2 + did_tm2 + ddd_tm2 + group_t0 + did_t0 + ddd_t0 + group_t1 + did_t1 + ddd_t1 + group_t2 + did_t2 + ddd_t2 + group_t3 + did_t3 + ddd_t3 + group_t4 + did_t4 + ddd_t4 + group_t5 + did_t5 + ddd_t5 + group_t6 + did_t6 + ddd_t6 + group_t7 + did_t7 + ddd_t7 + group_t8 + did_t8 + ddd_t8 + group_t9 + did_t9 + ddd_t9 + group_t10 + did_t10 + ddd_t10 + group_t11 + did_t11 + ddd_t11 + group_t12 + did_t12 + ddd_t12 + group_t13 + did_t13 + ddd_t13 + group_t14 + did_t14 + ddd_t14 + group_t15 + did_t15 + ddd_t15 + group_t16 + did_t16 + ddd_t16 + group_t17 + did_t17 + ddd_t17 + group_t18 + did_t18 + ddd_t18 + group_t19 + did_t19 + ddd_t19 + group_t20 + did_t20 + ddd_t20 + group_t21 + did_t21 + ddd_t21 + group_t22 + did_t22 + ddd_t22 + group_t23 + did_t23 + ddd_t23 + group_t24 + did_t24 + ddd_t24 + idade_media_adm + pct_mulher_adm + pct_superior_adm + pct_negra_adm | cbo_4d + periodo,,-0.008546291169891996,0.0852450119164822,0.9202006568961956,-0.17562651452619712,0.15853393218641312,estimated,limited,16,25
income_pnad,income_2_3sm,Mais de 2 até 3 salários mínimos,ln_admissoes,Admissões (log),ddd,strict_no_tail_binning,22,False,False,estimated,12536,12536,340,pyfixest_retained_sample,ln_admissoes ~ group_tm12 + did_tm12 + ddd_tm12 + group_tm11 + did_tm11 + ddd_tm11 + group_tm10 + did_tm10 + ddd_tm10 + group_tm9 + did_tm9 + ddd_tm9 + group_tm8 + did_tm8 + ddd_tm8 + group_tm7 + did_tm7 + ddd_tm7 + group_tm6 + did_tm6 + ddd_tm6 + group_tm5 + did_tm5 + ddd_tm5 + group_tm4 + did_tm4 + ddd_tm4 + group_tm3 + did_tm3 + ddd_tm3 + group_tm2 + did_tm2 + ddd_tm2 + group_t0 + did_t0 + ddd_t0 + group_t1 + did_t1 + ddd_t1 + group_t2 + did_t2 + ddd_t2 + group_t3 + did_t3 + ddd_t3 + group_t4 + did_t4 + ddd_t4 + group_t5 + did_t5 + ddd_t5 + group_t6 + did_t6 + ddd_t6 + group_t7 + did_t7 + ddd_t7 + group_t8 + did_t8 + ddd_t8 + group_t9 + did_t9 + ddd_t9 + group_t10 + did_t10 + ddd_t10 + group_t11 + did_t11 + ddd_t11 + group_t12 + did_t12 + ddd_t12 + group_t13 + did_t13 + ddd_t13 + group_t14 + did_t14 + ddd_t14 + group_t15 + did_t15 + ddd_t15 + group_t16 + did_t16 + ddd_t16 + group_t17 + did_t17 + ddd_t17 + group_t18 + did_t18 + ddd_t18 + group_t19 + did_t19 + ddd_t19 + group_t20 + did_t20 + ddd_t20 + group_t21 + did_t21 + ddd_t21 + group_t22 + did_t22 + ddd_t22 + group_t23 + did_t23 + ddd_t23 + group_t24 + did_t24 + ddd_t24 + idade_media_adm + pct_mulher_adm + pct_superior_adm + pct_negra_adm | cbo_4d + periodo,,0.009015093645123325,0.08249044335630575,0.9130398983053056,-0.15266617533323595,0.1706963626234826,estimated,limited,16,25
income_pnad,income_2_3sm,Mais de 2 até 3 salários mínimos,ln_admissoes,Admissões (log),ddd,strict_no_tail_binning,23,False,False,estimated,12536,12536,340,pyfixest_retained_sample,ln_admissoes ~ group_tm12 + did_tm12 + ddd_tm12 + group_tm11 + did_tm11 + ddd_tm11 + group_tm10 + did_tm10 + ddd_tm10 + group_tm9 + did_tm9 + ddd_tm9 + group_tm8 + did_tm8 + ddd_tm8 + group_tm7 + did_tm7 + ddd_tm7 + group_tm6 + did_tm6 + ddd_tm6 + group_tm5 + did_tm5 + ddd_tm5 + group_tm4 + did_tm4 + ddd_tm4 + group_tm3 + did_tm3 + ddd_tm3 + group_tm2 + did_tm2 + ddd_tm2 + group_t0 + did_t0 + ddd_t0 + group_t1 + did_t1 + ddd_t1 + group_t2 + did_t2 + ddd_t2 + group_t3 + did_t3 + ddd_t3 + group_t4 + did_t4 + ddd_t4 + group_t5 + did_t5 + ddd_t5 + group_t6 + did_t6 + ddd_t6 + group_t7 + did_t7 + ddd_t7 + group_t8 + did_t8 + ddd_t8 + group_t9 + did_t9 + ddd_t9 + group_t10 + did_t10 + ddd_t10 + group_t11 + did_t11 + ddd_t11 + group_t12 + did_t12 + ddd_t12 + group_t13 + did_t13 + ddd_t13 + group_t14 + did_t14 + ddd_t14 + group_t15 + did_t15 + ddd_t15 + group_t16 + did_t16 + ddd_t16 + group_t17 + did_t17 + ddd_t17 + group_t18 + did_t18 + ddd_t18 + group_t19 + did_t19 + ddd_t19 + group_t20 + did_t20 + ddd_t20 + group_t21 + did_t21 + ddd_t21 + group_t22 + did_t22 + ddd_t22 + group_t23 + did_t23 + ddd_t23 + group_t24 + did_t24 + ddd_t24 + idade_media_adm + pct_mulher_adm + pct_superior_adm + pct_negra_adm | cbo_4d + periodo,,-0.010227512259381339,0.07668008979952999,0.8939728081606344,-0.16052048826646012,0.14006546374769743,estimated,limited,16,25
income_pnad,income_2_3sm,Mais de 2 até 3 salários mínimos,ln_admissoes,Admissões (log),ddd,strict_no_tail_binning,24,False,False,estimated,12536,12536,340,pyfixest_retained_sample,ln_admissoes ~ group_tm12 + did_tm12 + ddd_tm12 + group_tm11 + did_tm11 + ddd_tm11 + group_tm10 + did_tm10 + ddd_tm10 + group_tm9 + did_tm9 + ddd_tm9 + group_tm8 + did_tm8 + ddd_tm8 + group_tm7 + did_tm7 + ddd_tm7 + group_tm6 + did_tm6 + ddd_tm6 + group_tm5 + did_tm5 + ddd_tm5 + group_tm4 + did_tm4 + ddd_tm4 + group_tm3 + did_tm3 + ddd_tm3 + group_tm2 + did_tm2 + ddd_tm2 + group_t0 + did_t0 + ddd_t0 + group_t1 + did_t1 + ddd_t1 + group_t2 + did_t2 + ddd_t2 + group_t3 + did_t3 + ddd_t3 + group_t4 + did_t4 + ddd_t4 + group_t5 + did_t5 + ddd_t5 + group_t6 + did_t6 + ddd_t6 + group_t7 + did_t7 + ddd_t7 + group_t8 + did_t8 + ddd_t8 + group_t9 + did_t9 + ddd_t9 + group_t10 + did_t10 + ddd_t10 + group_t11 + did_t11 + ddd_t11 + group_t12 + did_t12 + ddd_t12 + group_t13 + did_t13 + ddd_t13 + group_t14 + did_t14 + ddd_t14 + group_t15 + did_t15 + ddd_t15 + group_t16 + did_t16 + ddd_t16 + group_t17 + did_t17 + ddd_t17 + group_t18 + did_t18 + ddd_t18 + group_t19 + did_t19 + ddd_t19 + group_t20 + did_t20 + ddd_t20 + group_t21 + did_t21 + ddd_t21 + group_t22 + did_t22 + ddd_t22 + group_t23 + did_t23 + ddd_t23 + group_t24 + did_t24 + ddd_t24 + idade_media_adm + pct_mulher_adm + pct_superior_adm + pct_negra_adm | cbo_4d + periodo,,-0.014975817134743417,0.11498565155021853,0.8964532056052805,-0.24034769417317173,0.2103960599036849,estimated,limited,16,25
income_pnad,income_2_3sm,Mais de 2 até 3 salários mínimos,ln_salario_real_adm,Salário real de admissão (log),ddd,strict_no_tail_binning,-12,False,True,estimated,12536,12536,340,pyfixest_retained_sample,ln_salario_real_adm ~ group_tm12 + did_tm12 + ddd_tm12 + group_tm11 + did_tm11 + ddd_tm11 + group_tm10 + did_tm10 + ddd_tm10 + group_tm9 + did_tm9 + ddd_tm9 + group_tm8 + did_tm8 + ddd_tm8 + group_tm7 + did_tm7 + ddd_tm7 + group_tm6 + did_tm6 + ddd_tm6 + group_tm5 + did_tm5 + ddd_tm5 + group_tm4 + did_tm4 + ddd_tm4 + group_tm3 + did_tm3 + ddd_tm3 + group_tm2 + did_tm2 + ddd_tm2 + group_t0 + did_t0 + ddd_t0 + group_t1 + did_t1 + ddd_t1 + group_t2 + did_t2 + ddd_t2 + group_t3 + did_t3 + ddd_t3 + group_t4 + did_t4 + ddd_t4 + group_t5 + did_t5 + ddd_t5 + group_t6 + did_t6 + ddd_t6 + group_t7 + did_t7 + ddd_t7 + group_t8 + did_t8 + ddd_t8 + group_t9 + did_t9 + ddd_t9 + group_t10 + did_t10 + ddd_t10 + group_t11 + did_t11 + ddd_t11 + group_t12 + did_t12 + ddd_t12 + group_t13 + did_t13 + ddd_t13 + group_t14 + did_t14 + ddd_t14 + group_t15 + did_t15 + ddd_t15 + group_t16 + did_t16 + ddd_t16 + group_t17 + did_t17 + ddd_t17 + group_t18 + did_t18 + ddd_t18 + group_t19 + did_t19 + ddd_t19 + group_t20 + did_t20 + ddd_t20 + group_t21 + did_t21 + ddd_t21 + group_t22 + did_t22 + ddd_t22 + group_t23 + did_t23 + ddd_t23 + group_t24 + did_t24 + ddd_t24 + idade_media_adm + pct_mulher_adm + pct_superior_adm + pct_negra_adm | cbo_4d + periodo,,0.06891335169280528,0.0793553104577311,0.385781480872633,-0.08662305680434766,0.22444976018995821,estimated,limited,16,25
income_pnad,income_2_3sm,Mais de 2 até 3 salários mínimos,ln_salario_real_adm,Salário real de admissão (log),ddd,strict_no_tail_binning,-11,False,True,estimated,12536,12536,340,pyfixest_retained_sample,ln_salario_real_adm ~ group_tm12 + did_tm12 + ddd_tm12 + group_tm11 + did_tm11 + ddd_tm11 + group_tm10 + did_tm10 + ddd_tm10 + group_tm9 + did_tm9 + ddd_tm9 + group_tm8 + did_tm8 + ddd_tm8 + group_tm7 + did_tm7 + ddd_tm7 + group_tm6 + did_tm6 + ddd_tm6 + group_tm5 + did_tm5 + ddd_tm5 + group_tm4 + did_tm4 + ddd_tm4 + group_tm3 + did_tm3 + ddd_tm3 + group_tm2 + did_tm2 + ddd_tm2 + group_t0 + did_t0 + ddd_t0 + group_t1 + did_t1 + ddd_t1 + group_t2 + did_t2 + ddd_t2 + group_t3 + did_t3 + ddd_t3 + group_t4 + did_t4 + ddd_t4 + group_t5 + did_t5 + ddd_t5 + group_t6 + did_t6 + ddd_t6 + group_t7 + did_t7 + ddd_t7 + group_t8 + did_t8 + ddd_t8 + group_t9 + did_t9 + ddd_t9 + group_t10 + did_t10 + ddd_t10 + group_t11 + did_t11 + ddd_t11 + group_t12 + did_t12 + ddd_t12 + group_t13 + did_t13 + ddd_t13 + group_t14 + did_t14 + ddd_t14 + group_t15 + did_t15 + ddd_t15 + group_t16 + did_t16 + ddd_t16 + group_t17 + did_t17 + ddd_t17 + group_t18 + did_t18 + ddd_t18 + group_t19 + did_t19 + ddd_t19 + group_t20 + did_t20 + ddd_t20 + group_t21 + did_t21 + ddd_t21 + group_t22 + did_t22 + ddd_t22 + group_t23 + did_t23 + ddd_t23 + group_t24 + did_t24 + ddd_t24 + idade_media_adm + pct_mulher_adm + pct_superior_adm + pct_negra_adm | cbo_4d + periodo,,0.23499725037020575,0.08564863960133005,0.0063975779003755395,0.06712591675159885,0.40286858398881265,estimated,limited,16,25
income_pnad,income_2_3sm,Mais de 2 até 3 salários mínimos,ln_salario_real_adm,Salário real de admissão (log),ddd,strict_no_tail_binning,-10,False,True,estimated,12536,12536,340,pyfixest_retained_sample,ln_salario_real_adm ~ group_tm12 + did_tm12 + ddd_tm12 + group_tm11 + did_tm11 + ddd_tm11 + group_tm10 + did_tm10 + ddd_tm10 + group_tm9 + did_tm9 + ddd_tm9 + group_tm8 + did_tm8 + ddd_tm8 + group_tm7 + did_tm7 + ddd_tm7 + group_tm6 + did_tm6 + ddd_tm6 + group_tm5 + did_tm5 + ddd_tm5 + group_tm4 + did_tm4 + ddd_tm4 + group_tm3 + did_tm3 + ddd_tm3 + group_tm2 + did_tm2 + ddd_tm2 + group_t0 + did_t0 + ddd_t0 + group_t1 + did_t1 + ddd_t1 + group_t2 + did_t2 + ddd_t2 + group_t3 + did_t3 + ddd_t3 + group_t4 + did_t4 + ddd_t4 + group_t5 + did_t5 + ddd_t5 + group_t6 + did_t6 + ddd_t6 + group_t7 + did_t7 + ddd_t7 + group_t8 + did_t8 + ddd_t8 + group_t9 + did_t9 + ddd_t9 + group_t10 + did_t10 + ddd_t10 + group_t11 + did_t11 + ddd_t11 + group_t12 + did_t12 + ddd_t12 + group_t13 + did_t13 + ddd_t13 + group_t14 + did_t14 + ddd_t14 + group_t15 + did_t15 + ddd_t15 + group_t16 + did_t16 + ddd_t16 + group_t17 + did_t17 + ddd_t17 + group_t18 + did_t18 + ddd_t18 + group_t19 + did_t19 + ddd_t19 + group_t20 + did_t20 + ddd_t20 + group_t21 + did_t21 + ddd_t21 + group_t22 + did_t22 + ddd_t22 + group_t23 + did_t23 + ddd_t23 + group_t24 + did_t24 + ddd_t24 + idade_media_adm + pct_mulher_adm + pct_superior_adm + pct_negra_adm | cbo_4d + periodo,,0.11081695219056048,0.08793576706810081,0.2084627761647868,-0.06153715126291712,0.2831710556440381,estimated,limited,16,25
income_pnad,income_2_3sm,Mais de 2 até 3 salários mínimos,ln_salario_real_adm,Salário real de admissão (log),ddd,strict_no_tail_binning,-9,False,True,estimated,12536,12536,340,pyfixest_retained_sample,ln_salario_real_adm ~ group_tm12 + did_tm12 + ddd_tm12 + group_tm11 + did_tm11 + ddd_tm11 + group_tm10 + did_tm10 + ddd_tm10 + group_tm9 + did_tm9 + ddd_tm9 + group_tm8 + did_tm8 + ddd_tm8 + group_tm7 + did_tm7 + ddd_tm7 + group_tm6 + did_tm6 + ddd_tm6 + group_tm5 + did_tm5 + ddd_tm5 + group_tm4 + did_tm4 + ddd_tm4 + group_tm3 + did_tm3 + ddd_tm3 + group_tm2 + did_tm2 + ddd_tm2 + group_t0 + did_t0 + ddd_t0 + group_t1 + did_t1 + ddd_t1 + group_t2 + did_t2 + ddd_t2 + group_t3 + did_t3 + ddd_t3 + group_t4 + did_t4 + ddd_t4 + group_t5 + did_t5 + ddd_t5 + group_t6 + did_t6 + ddd_t6 + group_t7 + did_t7 + ddd_t7 + group_t8 + did_t8 + ddd_t8 + group_t9 + did_t9 + ddd_t9 + group_t10 + did_t10 + ddd_t10 + group_t11 + did_t11 + ddd_t11 + group_t12 + did_t12 + ddd_t12 + group_t13 + did_t13 + ddd_t13 + group_t14 + did_t14 + ddd_t14 + group_t15 + did_t15 + ddd_t15 + group_t16 + did_t16 + ddd_t16 + group_t17 + did_t17 + ddd_t17 + group_t18 + did_t18 + ddd_t18 + group_t19 + did_t19 + ddd_t19 + group_t20 + did_t20 + ddd_t20 + group_t21 + did_t21 + ddd_t21 + group_t22 + did_t22 + ddd_t22 + group_t23 + did_t23 + ddd_t23 + group_t24 + did_t24 + ddd_t24 + idade_media_adm + pct_mulher_adm + pct_superior_adm + pct_negra_adm | cbo_4d + periodo,,0.21737293260535304,0.09948781113269388,0.02957897006671728,0.02237682278527303,0.41236904242543304,estimated,limited,16,25
income_pnad,income_2_3sm,Mais de 2 até 3 salários mínimos,ln_salario_real_adm,Salário real de admissão (log),ddd,strict_no_tail_binning,-8,False,True,estimated,12536,12536,340,pyfixest_retained_sample,ln_salario_real_adm ~ group_tm12 + did_tm12 + ddd_tm12 + group_tm11 + did_tm11 + ddd_tm11 + group_tm10 + did_tm10 + ddd_tm10 + group_tm9 + did_tm9 + ddd_tm9 + group_tm8 + did_tm8 + ddd_tm8 + group_tm7 + did_tm7 + ddd_tm7 + group_tm6 + did_tm6 + ddd_tm6 + group_tm5 + did_tm5 + ddd_tm5 + group_tm4 + did_tm4 + ddd_tm4 + group_tm3 + did_tm3 + ddd_tm3 + group_tm2 + did_tm2 + ddd_tm2 + group_t0 + did_t0 + ddd_t0 + group_t1 + did_t1 + ddd_t1 + group_t2 + did_t2 + ddd_t2 + group_t3 + did_t3 + ddd_t3 + group_t4 + did_t4 + ddd_t4 + group_t5 + did_t5 + ddd_t5 + group_t6 + did_t6 + ddd_t6 + group_t7 + did_t7 + ddd_t7 + group_t8 + did_t8 + ddd_t8 + group_t9 + did_t9 + ddd_t9 + group_t10 + did_t10 + ddd_t10 + group_t11 + did_t11 + ddd_t11 + group_t12 + did_t12 + ddd_t12 + group_t13 + did_t13 + ddd_t13 + group_t14 + did_t14 + ddd_t14 + group_t15 + did_t15 + ddd_t15 + group_t16 + did_t16 + ddd_t16 + group_t17 + did_t17 + ddd_t17 + group_t18 + did_t18 + ddd_t18 + group_t19 + did_t19 + ddd_t19 + group_t20 + did_t20 + ddd_t20 + group_t21 + did_t21 + ddd_t21 + group_t22 + did_t22 + ddd_t22 + group_t23 + did_t23 + ddd_t23 + group_t24 + did_t24 + ddd_t24 + idade_media_adm + pct_mulher_adm + pct_superior_adm + pct_negra_adm | cbo_4d + periodo,,0.10011127091878293,0.08922100892790347,0.2626313031176313,-0.07476190657990787,0.2749844484174737,estimated,limited,16,25
income_pnad,income_2_3sm,Mais de 2 até 3 salários mínimos,ln_salario_real_adm,Salário real de admissão (log),ddd,strict_no_tail_binning,-7,False,True,estimated,12536,12536,340,pyfixest_retained_sample,ln_salario_real_adm ~ group_tm12 + did_tm12 + ddd_tm12 + group_tm11 + did_tm11 + ddd_tm11 + group_tm10 + did_tm10 + ddd_tm10 + group_tm9 + did_tm9 + ddd_tm9 + group_tm8 + did_tm8 + ddd_tm8 + group_tm7 + did_tm7 + ddd_tm7 + group_tm6 + did_tm6 + ddd_tm6 + group_tm5 + did_tm5 + ddd_tm5 + group_tm4 + did_tm4 + ddd_tm4 + group_tm3 + did_tm3 + ddd_tm3 + group_tm2 + did_tm2 + ddd_tm2 + group_t0 + did_t0 + ddd_t0 + group_t1 + did_t1 + ddd_t1 + group_t2 + did_t2 + ddd_t2 + group_t3 + did_t3 + ddd_t3 + group_t4 + did_t4 + ddd_t4 + group_t5 + did_t5 + ddd_t5 + group_t6 + did_t6 + ddd_t6 + group_t7 + did_t7 + ddd_t7 + group_t8 + did_t8 + ddd_t8 + group_t9 + did_t9 + ddd_t9 + group_t10 + did_t10 + ddd_t10 + group_t11 + did_t11 + ddd_t11 + group_t12 + did_t12 + ddd_t12 + group_t13 + did_t13 + ddd_t13 + group_t14 + did_t14 + ddd_t14 + group_t15 + did_t15 + ddd_t15 + group_t16 + did_t16 + ddd_t16 + group_t17 + did_t17 + ddd_t17 + group_t18 + did_t18 + ddd_t18 + group_t19 + did_t19 + ddd_t19 + group_t20 + did_t20 + ddd_t20 + group_t21 + did_t21 + ddd_t21 + group_t22 + did_t22 + ddd_t22 + group_t23 + did_t23 + ddd_t23 + group_t24 + did_t24 + ddd_t24 + idade_media_adm + pct_mulher_adm + pct_superior_adm + pct_negra_adm | cbo_4d + periodo,,0.20249164034721065,0.11958021445355506,0.0913067134934562,-0.031885579981757256,0.4368688606761786,estimated,limited,16,25
income_pnad,income_2_3sm,Mais de 2 até 3 salários mínimos,ln_salario_real_adm,Salário real de admissão (log),ddd,strict_no_tail_binning,-6,False,True,estimated,12536,12536,340,pyfixest_retained_sample,ln_salario_real_adm ~ group_tm12 + did_tm12 + ddd_tm12 + group_tm11 + did_tm11 + ddd_tm11 + group_tm10 + did_tm10 + ddd_tm10 + group_tm9 + did_tm9 + ddd_tm9 + group_tm8 + did_tm8 + ddd_tm8 + group_tm7 + did_tm7 + ddd_tm7 + group_tm6 + did_tm6 + ddd_tm6 + group_tm5 + did_tm5 + ddd_tm5 + group_tm4 + did_tm4 + ddd_tm4 + group_tm3 + did_tm3 + ddd_tm3 + group_tm2 + did_tm2 + ddd_tm2 + group_t0 + did_t0 + ddd_t0 + group_t1 + did_t1 + ddd_t1 + group_t2 + did_t2 + ddd_t2 + group_t3 + did_t3 + ddd_t3 + group_t4 + did_t4 + ddd_t4 + group_t5 + did_t5 + ddd_t5 + group_t6 + did_t6 + ddd_t6 + group_t7 + did_t7 + ddd_t7 + group_t8 + did_t8 + ddd_t8 + group_t9 + did_t9 + ddd_t9 + group_t10 + did_t10 + ddd_t10 + group_t11 + did_t11 + ddd_t11 + group_t12 + did_t12 + ddd_t12 + group_t13 + did_t13 + ddd_t13 + group_t14 + did_t14 + ddd_t14 + group_t15 + did_t15 + ddd_t15 + group_t16 + did_t16 + ddd_t16 + group_t17 + did_t17 + ddd_t17 + group_t18 + did_t18 + ddd_t18 + group_t19 + did_t19 + ddd_t19 + group_t20 + did_t20 + ddd_t20 + group_t21 + did_t21 + ddd_t21 + group_t22 + did_t22 + ddd_t22 + group_t23 + did_t23 + ddd_t23 + group_t24 + did_t24 + ddd_t24 + idade_media_adm + pct_mulher_adm + pct_superior_adm + pct_negra_adm | cbo_4d + periodo,,0.186317431256821,0.07916772559599798,0.019170567822434093,0.031148689088664944,0.341486173424977,estimated,limited,16,25
income_pnad,income_2_3sm,Mais de 2 até 3 salários mínimos,ln_salario_real_adm,Salário real de admissão (log),ddd,strict_no_tail_binning,-5,False,True,estimated,12536,12536,340,pyfixest_retained_sample,ln_salario_real_adm ~ group_tm12 + did_tm12 + ddd_tm12 + group_tm11 + did_tm11 + ddd_tm11 + group_tm10 + did_tm10 + ddd_tm10 + group_tm9 + did_tm9 + ddd_tm9 + group_tm8 + did_tm8 + ddd_tm8 + group_tm7 + did_tm7 + ddd_tm7 + group_tm6 + did_tm6 + ddd_tm6 + group_tm5 + did_tm5 + ddd_tm5 + group_tm4 + did_tm4 + ddd_tm4 + group_tm3 + did_tm3 + ddd_tm3 + group_tm2 + did_tm2 + ddd_tm2 + group_t0 + did_t0 + ddd_t0 + group_t1 + did_t1 + ddd_t1 + group_t2 + did_t2 + ddd_t2 + group_t3 + did_t3 + ddd_t3 + group_t4 + did_t4 + ddd_t4 + group_t5 + did_t5 + ddd_t5 + group_t6 + did_t6 + ddd_t6 + group_t7 + did_t7 + ddd_t7 + group_t8 + did_t8 + ddd_t8 + group_t9 + did_t9 + ddd_t9 + group_t10 + did_t10 + ddd_t10 + group_t11 + did_t11 + ddd_t11 + group_t12 + did_t12 + ddd_t12 + group_t13 + did_t13 + ddd_t13 + group_t14 + did_t14 + ddd_t14 + group_t15 + did_t15 + ddd_t15 + group_t16 + did_t16 + ddd_t16 + group_t17 + did_t17 + ddd_t17 + group_t18 + did_t18 + ddd_t18 + group_t19 + did_t19 + ddd_t19 + group_t20 + did_t20 + ddd_t20 + group_t21 + did_t21 + ddd_t21 + group_t22 + did_t22 + ddd_t22 + group_t23 + did_t23 + ddd_t23 + group_t24 + did_t24 + ddd_t24 + idade_media_adm + pct_mulher_adm + pct_superior_adm + pct_negra_adm | cbo_4d + periodo,,0.12367621612724726,0.0895198026151808,0.16801929466179422,-0.05178259699850711,0.2991350292530016,estimated,limited,16,25
income_pnad,income_2_3sm,Mais de 2 até 3 salários mínimos,ln_salario_real_adm,Salário real de admissão (log),ddd,strict_no_tail_binning,-4,False,True,estimated,12536,12536,340,pyfixest_retained_sample,ln_salario_real_adm ~ group_tm12 + did_tm12 + ddd_tm12 + group_tm11 + did_tm11 + ddd_tm11 + group_tm10 + did_tm10 + ddd_tm10 + group_tm9 + did_tm9 + ddd_tm9 + group_tm8 + did_tm8 + ddd_tm8 + group_tm7 + did_tm7 + ddd_tm7 + group_tm6 + did_tm6 + ddd_tm6 + group_tm5 + did_tm5 + ddd_tm5 + group_tm4 + did_tm4 + ddd_tm4 + group_tm3 + did_tm3 + ddd_tm3 + group_tm2 + did_tm2 + ddd_tm2 + group_t0 + did_t0 + ddd_t0 + group_t1 + did_t1 + ddd_t1 + group_t2 + did_t2 + ddd_t2 + group_t3 + did_t3 + ddd_t3 + group_t4 + did_t4 + ddd_t4 + group_t5 + did_t5 + ddd_t5 + group_t6 + did_t6 + ddd_t6 + group_t7 + did_t7 + ddd_t7 + group_t8 + did_t8 + ddd_t8 + group_t9 + did_t9 + ddd_t9 + group_t10 + did_t10 + ddd_t10 + group_t11 + did_t11 + ddd_t11 + group_t12 + did_t12 + ddd_t12 + group_t13 + did_t13 + ddd_t13 + group_t14 + did_t14 + ddd_t14 + group_t15 + did_t15 + ddd_t15 + group_t16 + did_t16 + ddd_t16 + group_t17 + did_t17 + ddd_t17 + group_t18 + did_t18 + ddd_t18 + group_t19 + did_t19 + ddd_t19 + group_t20 + did_t20 + ddd_t20 + group_t21 + did_t21 + ddd_t21 + group_t22 + did_t22 + ddd_t22 + group_t23 + did_t23 + ddd_t23 + group_t24 + did_t24 + ddd_t24 + idade_media_adm + pct_mulher_adm + pct_superior_adm + pct_negra_adm | cbo_4d + periodo,,0.10087219562879624,0.12519039495419299,0.42095167530211075,-0.14450097848142202,0.3462453697390145,estimated,limited,16,25
income_pnad,income_2_3sm,Mais de 2 até 3 salários mínimos,ln_salario_real_adm,Salário real de admissão (log),ddd,strict_no_tail_binning,-3,False,True,estimated,12536,12536,340,pyfixest_retained_sample,ln_salario_real_adm ~ group_tm12 + did_tm12 + ddd_tm12 + group_tm11 + did_tm11 + ddd_tm11 + group_tm10 + did_tm10 + ddd_tm10 + group_tm9 + did_tm9 + ddd_tm9 + group_tm8 + did_tm8 + ddd_tm8 + group_tm7 + did_tm7 + ddd_tm7 + group_tm6 + did_tm6 + ddd_tm6 + group_tm5 + did_tm5 + ddd_tm5 + group_tm4 + did_tm4 + ddd_tm4 + group_tm3 + did_tm3 + ddd_tm3 + group_tm2 + did_tm2 + ddd_tm2 + group_t0 + did_t0 + ddd_t0 + group_t1 + did_t1 + ddd_t1 + group_t2 + did_t2 + ddd_t2 + group_t3 + did_t3 + ddd_t3 + group_t4 + did_t4 + ddd_t4 + group_t5 + did_t5 + ddd_t5 + group_t6 + did_t6 + ddd_t6 + group_t7 + did_t7 + ddd_t7 + group_t8 + did_t8 + ddd_t8 + group_t9 + did_t9 + ddd_t9 + group_t10 + did_t10 + ddd_t10 + group_t11 + did_t11 + ddd_t11 + group_t12 + did_t12 + ddd_t12 + group_t13 + did_t13 + ddd_t13 + group_t14 + did_t14 + ddd_t14 + group_t15 + did_t15 + ddd_t15 + group_t16 + did_t16 + ddd_t16 + group_t17 + did_t17 + ddd_t17 + group_t18 + did_t18 + ddd_t18 + group_t19 + did_t19 + ddd_t19 + group_t20 + did_t20 + ddd_t20 + group_t21 + did_t21 + ddd_t21 + group_t22 + did_t22 + ddd_t22 + group_t23 + did_t23 + ddd_t23 + group_t24 + did_t24 + ddd_t24 + idade_media_adm + pct_mulher_adm + pct_superior_adm + pct_negra_adm | cbo_4d + periodo,,0.07416053163434873,0.08483458142557022,0.38264014271828284,-0.0921152479597689,0.24043631122846637,estimated,limited,16,25
income_pnad,income_2_3sm,Mais de 2 até 3 salários mínimos,ln_salario_real_adm,Salário real de admissão (log),ddd,strict_no_tail_binning,-2,False,True,estimated,12536,12536,340,pyfixest_retained_sample,ln_salario_real_adm ~ group_tm12 + did_tm12 + ddd_tm12 + group_tm11 + did_tm11 + ddd_tm11 + group_tm10 + did_tm10 + ddd_tm10 + group_tm9 + did_tm9 + ddd_tm9 + group_tm8 + did_tm8 + ddd_tm8 + group_tm7 + did_tm7 + ddd_tm7 + group_tm6 + did_tm6 + ddd_tm6 + group_tm5 + did_tm5 + ddd_tm5 + group_tm4 + did_tm4 + ddd_tm4 + group_tm3 + did_tm3 + ddd_tm3 + group_tm2 + did_tm2 + ddd_tm2 + group_t0 + did_t0 + ddd_t0 + group_t1 + did_t1 + ddd_t1 + group_t2 + did_t2 + ddd_t2 + group_t3 + did_t3 + ddd_t3 + group_t4 + did_t4 + ddd_t4 + group_t5 + did_t5 + ddd_t5 + group_t6 + did_t6 + ddd_t6 + group_t7 + did_t7 + ddd_t7 + group_t8 + did_t8 + ddd_t8 + group_t9 + did_t9 + ddd_t9 + group_t10 + did_t10 + ddd_t10 + group_t11 + did_t11 + ddd_t11 + group_t12 + did_t12 + ddd_t12 + group_t13 + did_t13 + ddd_t13 + group_t14 + did_t14 + ddd_t14 + group_t15 + did_t15 + ddd_t15 + group_t16 + did_t16 + ddd_t16 + group_t17 + did_t17 + ddd_t17 + group_t18 + did_t18 + ddd_t18 + group_t19 + did_t19 + ddd_t19 + group_t20 + did_t20 + ddd_t20 + group_t21 + did_t21 + ddd_t21 + group_t22 + did_t22 + ddd_t22 + group_t23 + did_t23 + ddd_t23 + group_t24 + did_t24 + ddd_t24 + idade_media_adm + pct_mulher_adm + pct_superior_adm + pct_negra_adm | cbo_4d + periodo,,0.10292579234874212,0.10273436484350909,0.31712418623483396,-0.0984335627445357,0.30428514744201995,estimated,limited,16,25
income_pnad,income_2_3sm,Mais de 2 até 3 salários mínimos,ln_salario_real_adm,Salário real de admissão (log),ddd,strict_no_tail_binning,-1,True,False,estimated,12536,12536,340,pyfixest_retained_sample,ln_salario_real_adm ~ group_tm12 + did_tm12 + ddd_tm12 + group_tm11 + did_tm11 + ddd_tm11 + group_tm10 + did_tm10 + ddd_tm10 + group_tm9 + did_tm9 + ddd_tm9 + group_tm8 + did_tm8 + ddd_tm8 + group_tm7 + did_tm7 + ddd_tm7 + group_tm6 + did_tm6 + ddd_tm6 + group_tm5 + did_tm5 + ddd_tm5 + group_tm4 + did_tm4 + ddd_tm4 + group_tm3 + did_tm3 + ddd_tm3 + group_tm2 + did_tm2 + ddd_tm2 + group_t0 + did_t0 + ddd_t0 + group_t1 + did_t1 + ddd_t1 + group_t2 + did_t2 + ddd_t2 + group_t3 + did_t3 + ddd_t3 + group_t4 + did_t4 + ddd_t4 + group_t5 + did_t5 + ddd_t5 + group_t6 + did_t6 + ddd_t6 + group_t7 + did_t7 + ddd_t7 + group_t8 + did_t8 + ddd_t8 + group_t9 + did_t9 + ddd_t9 + group_t10 + did_t10 + ddd_t10 + group_t11 + did_t11 + ddd_t11 + group_t12 + did_t12 + ddd_t12 + group_t13 + did_t13 + ddd_t13 + group_t14 + did_t14 + ddd_t14 + group_t15 + did_t15 + ddd_t15 + group_t16 + did_t16 + ddd_t16 + group_t17 + did_t17 + ddd_t17 + group_t18 + did_t18 + ddd_t18 + group_t19 + did_t19 + ddd_t19 + group_t20 + did_t20 + ddd_t20 + group_t21 + did_t21 + ddd_t21 + group_t22 + did_t22 + ddd_t22 + group_t23 + did_t23 + ddd_t23 + group_t24 + did_t24 + ddd_t24 + idade_media_adm + pct_mulher_adm + pct_superior_adm + pct_negra_adm | cbo_4d + periodo,,0.0,0.0,,0.0,0.0,reference,limited,16,25
income_pnad,income_2_3sm,Mais de 2 até 3 salários mínimos,ln_salario_real_adm,Salário real de admissão (log),ddd,strict_no_tail_binning,0,False,False,estimated,12536,12536,340,pyfixest_retained_sample,ln_salario_real_adm ~ group_tm12 + did_tm12 + ddd_tm12 + group_tm11 + did_tm11 + ddd_tm11 + group_tm10 + did_tm10 + ddd_tm10 + group_tm9 + did_tm9 + ddd_tm9 + group_tm8 + did_tm8 + ddd_tm8 + group_tm7 + did_tm7 + ddd_tm7 + group_tm6 + did_tm6 + ddd_tm6 + group_tm5 + did_tm5 + ddd_tm5 + group_tm4 + did_tm4 + ddd_tm4 + group_tm3 + did_tm3 + ddd_tm3 + group_tm2 + did_tm2 + ddd_tm2 + group_t0 + did_t0 + ddd_t0 + group_t1 + did_t1 + ddd_t1 + group_t2 + did_t2 + ddd_t2 + group_t3 + did_t3 + ddd_t3 + group_t4 + did_t4 + ddd_t4 + group_t5 + did_t5 + ddd_t5 + group_t6 + did_t6 + ddd_t6 + group_t7 + did_t7 + ddd_t7 + group_t8 + did_t8 + ddd_t8 + group_t9 + did_t9 + ddd_t9 + group_t10 + did_t10 + ddd_t10 + group_t11 + did_t11 + ddd_t11 + group_t12 + did_t12 + ddd_t12 + group_t13 + did_t13 + ddd_t13 + group_t14 + did_t14 + ddd_t14 + group_t15 + did_t15 + ddd_t15 + group_t16 + did_t16 + ddd_t16 + group_t17 + did_t17 + ddd_t17 + group_t18 + did_t18 + ddd_t18 + group_t19 + did_t19 + ddd_t19 + group_t20 + did_t20 + ddd_t20 + group_t21 + did_t21 + ddd_t21 + group_t22 + did_t22 + ddd_t22 + group_t23 + did_t23 + ddd_t23 + group_t24 + did_t24 + ddd_t24 + idade_media_adm + pct_mulher_adm + pct_superior_adm + pct_negra_adm | cbo_4d + periodo,,0.1224910494822693,0.09376824558917222,0.19233039993223233,-0.06129471187250826,0.30627681083704683,estimated,limited,16,25
income_pnad,income_2_3sm,Mais de 2 até 3 salários mínimos,ln_salario_real_adm,Salário real de admissão (log),ddd,strict_no_tail_binning,1,False,False,estimated,12536,12536,340,pyfixest_retained_sample,ln_salario_real_adm ~ group_tm12 + did_tm12 + ddd_tm12 + group_tm11 + did_tm11 + ddd_tm11 + group_tm10 + did_tm10 + ddd_tm10 + group_tm9 + did_tm9 + ddd_tm9 + group_tm8 + did_tm8 + ddd_tm8 + group_tm7 + did_tm7 + ddd_tm7 + group_tm6 + did_tm6 + ddd_tm6 + group_tm5 + did_tm5 + ddd_tm5 + group_tm4 + did_tm4 + ddd_tm4 + group_tm3 + did_tm3 + ddd_tm3 + group_tm2 + did_tm2 + ddd_tm2 + group_t0 + did_t0 + ddd_t0 + group_t1 + did_t1 + ddd_t1 + group_t2 + did_t2 + ddd_t2 + group_t3 + did_t3 + ddd_t3 + group_t4 + did_t4 + ddd_t4 + group_t5 + did_t5 + ddd_t5 + group_t6 + did_t6 + ddd_t6 + group_t7 + did_t7 + ddd_t7 + group_t8 + did_t8 + ddd_t8 + group_t9 + did_t9 + ddd_t9 + group_t10 + did_t10 + ddd_t10 + group_t11 + did_t11 + ddd_t11 + group_t12 + did_t12 + ddd_t12 + group_t13 + did_t13 + ddd_t13 + group_t14 + did_t14 + ddd_t14 + group_t15 + did_t15 + ddd_t15 + group_t16 + did_t16 + ddd_t16 + group_t17 + did_t17 + ddd_t17 + group_t18 + did_t18 + ddd_t18 + group_t19 + did_t19 + ddd_t19 + group_t20 + did_t20 + ddd_t20 + group_t21 + did_t21 + ddd_t21 + group_t22 + did_t22 + ddd_t22 + group_t23 + did_t23 + ddd_t23 + group_t24 + did_t24 + ddd_t24 + idade_media_adm + pct_mulher_adm + pct_superior_adm + pct_negra_adm | cbo_4d + periodo,,0.18135346744159647,0.09096491846159903,0.04698972145384395,0.0030622272568623654,0.3596447076263306,estimated,limited,16,25
income_pnad,income_2_3sm,Mais de 2 até 3 salários mínimos,ln_salario_real_adm,Salário real de admissão (log),ddd,strict_no_tail_binning,2,False,False,estimated,12536,12536,340,pyfixest_retained_sample,ln_salario_real_adm ~ group_tm12 + did_tm12 + ddd_tm12 + group_tm11 + did_tm11 + ddd_tm11 + group_tm10 + did_tm10 + ddd_tm10 + group_tm9 + did_tm9 + ddd_tm9 + group_tm8 + did_tm8 + ddd_tm8 + group_tm7 + did_tm7 + ddd_tm7 + group_tm6 + did_tm6 + ddd_tm6 + group_tm5 + did_tm5 + ddd_tm5 + group_tm4 + did_tm4 + ddd_tm4 + group_tm3 + did_tm3 + ddd_tm3 + group_tm2 + did_tm2 + ddd_tm2 + group_t0 + did_t0 + ddd_t0 + group_t1 + did_t1 + ddd_t1 + group_t2 + did_t2 + ddd_t2 + group_t3 + did_t3 + ddd_t3 + group_t4 + did_t4 + ddd_t4 + group_t5 + did_t5 + ddd_t5 + group_t6 + did_t6 + ddd_t6 + group_t7 + did_t7 + ddd_t7 + group_t8 + did_t8 + ddd_t8 + group_t9 + did_t9 + ddd_t9 + group_t10 + did_t10 + ddd_t10 + group_t11 + did_t11 + ddd_t11 + group_t12 + did_t12 + ddd_t12 + group_t13 + did_t13 + ddd_t13 + group_t14 + did_t14 + ddd_t14 + group_t15 + did_t15 + ddd_t15 + group_t16 + did_t16 + ddd_t16 + group_t17 + did_t17 + ddd_t17 + group_t18 + did_t18 + ddd_t18 + group_t19 + did_t19 + ddd_t19 + group_t20 + did_t20 + ddd_t20 + group_t21 + did_t21 + ddd_t21 + group_t22 + did_t22 + ddd_t22 + group_t23 + did_t23 + ddd_t23 + group_t24 + did_t24 + ddd_t24 + idade_media_adm + pct_mulher_adm + pct_superior_adm + pct_negra_adm | cbo_4d + periodo,,0.04807450851251908,0.10211178413730125,0.6380843931285063,-0.15206458839659137,0.2482136054216295,estimated,limited,16,25
income_pnad,income_2_3sm,Mais de 2 até 3 salários mínimos,ln_salario_real_adm,Salário real de admissão (log),ddd,strict_no_tail_binning,3,False,False,estimated,12536,12536,340,pyfixest_retained_sample,ln_salario_real_adm ~ group_tm12 + did_tm12 + ddd_tm12 + group_tm11 + did_tm11 + ddd_tm11 + group_tm10 + did_tm10 + ddd_tm10 + group_tm9 + did_tm9 + ddd_tm9 + group_tm8 + did_tm8 + ddd_tm8 + group_tm7 + did_tm7 + ddd_tm7 + group_tm6 + did_tm6 + ddd_tm6 + group_tm5 + did_tm5 + ddd_tm5 + group_tm4 + did_tm4 + ddd_tm4 + group_tm3 + did_tm3 + ddd_tm3 + group_tm2 + did_tm2 + ddd_tm2 + group_t0 + did_t0 + ddd_t0 + group_t1 + did_t1 + ddd_t1 + group_t2 + did_t2 + ddd_t2 + group_t3 + did_t3 + ddd_t3 + group_t4 + did_t4 + ddd_t4 + group_t5 + did_t5 + ddd_t5 + group_t6 + did_t6 + ddd_t6 + group_t7 + did_t7 + ddd_t7 + group_t8 + did_t8 + ddd_t8 + group_t9 + did_t9 + ddd_t9 + group_t10 + did_t10 + ddd_t10 + group_t11 + did_t11 + ddd_t11 + group_t12 + did_t12 + ddd_t12 + group_t13 + did_t13 + ddd_t13 + group_t14 + did_t14 + ddd_t14 + group_t15 + did_t15 + ddd_t15 + group_t16 + did_t16 + ddd_t16 + group_t17 + did_t17 + ddd_t17 + group_t18 + did_t18 + ddd_t18 + group_t19 + did_t19 + ddd_t19 + group_t20 + did_t20 + ddd_t20 + group_t21 + did_t21 + ddd_t21 + group_t22 + did_t22 + ddd_t22 + group_t23 + did_t23 + ddd_t23 + group_t24 + did_t24 + ddd_t24 + idade_media_adm + pct_mulher_adm + pct_superior_adm + pct_negra_adm | cbo_4d + periodo,,0.21367521565544112,0.09690016844332215,0.028117548284155136,0.023750885506529706,0.40359954580435253,estimated,limited,16,25
income_pnad,income_2_3sm,Mais de 2 até 3 salários mínimos,ln_salario_real_adm,Salário real de admissão (log),ddd,strict_no_tail_binning,4,False,False,estimated,12536,12536,340,pyfixest_retained_sample,ln_salario_real_adm ~ group_tm12 + did_tm12 + ddd_tm12 + group_tm11 + did_tm11 + ddd_tm11 + group_tm10 + did_tm10 + ddd_tm10 + group_tm9 + did_tm9 + ddd_tm9 + group_tm8 + did_tm8 + ddd_tm8 + group_tm7 + did_tm7 + ddd_tm7 + group_tm6 + did_tm6 + ddd_tm6 + group_tm5 + did_tm5 + ddd_tm5 + group_tm4 + did_tm4 + ddd_tm4 + group_tm3 + did_tm3 + ddd_tm3 + group_tm2 + did_tm2 + ddd_tm2 + group_t0 + did_t0 + ddd_t0 + group_t1 + did_t1 + ddd_t1 + group_t2 + did_t2 + ddd_t2 + group_t3 + did_t3 + ddd_t3 + group_t4 + did_t4 + ddd_t4 + group_t5 + did_t5 + ddd_t5 + group_t6 + did_t6 + ddd_t6 + group_t7 + did_t7 + ddd_t7 + group_t8 + did_t8 + ddd_t8 + group_t9 + did_t9 + ddd_t9 + group_t10 + did_t10 + ddd_t10 + group_t11 + did_t11 + ddd_t11 + group_t12 + did_t12 + ddd_t12 + group_t13 + did_t13 + ddd_t13 + group_t14 + did_t14 + ddd_t14 + group_t15 + did_t15 + ddd_t15 + group_t16 + did_t16 + ddd_t16 + group_t17 + did_t17 + ddd_t17 + group_t18 + did_t18 + ddd_t18 + group_t19 + did_t19 + ddd_t19 + group_t20 + did_t20 + ddd_t20 + group_t21 + did_t21 + ddd_t21 + group_t22 + did_t22 + ddd_t22 + group_t23 + did_t23 + ddd_t23 + group_t24 + did_t24 + ddd_t24 + idade_media_adm + pct_mulher_adm + pct_superior_adm + pct_negra_adm | cbo_4d + periodo,,0.16238455416634368,0.09015798825828213,0.07257393002433576,-0.014325102819889302,0.33909421115257665,estimated,limited,16,25
income_pnad,income_2_3sm,Mais de 2 até 3 salários mínimos,ln_salario_real_adm,Salário real de admissão (log),ddd,strict_no_tail_binning,5,False,False,estimated,12536,12536,340,pyfixest_retained_sample,ln_salario_real_adm ~ group_tm12 + did_tm12 + ddd_tm12 + group_tm11 + did_tm11 + ddd_tm11 + group_tm10 + did_tm10 + ddd_tm10 + group_tm9 + did_tm9 + ddd_tm9 + group_tm8 + did_tm8 + ddd_tm8 + group_tm7 + did_tm7 + ddd_tm7 + group_tm6 + did_tm6 + ddd_tm6 + group_tm5 + did_tm5 + ddd_tm5 + group_tm4 + did_tm4 + ddd_tm4 + group_tm3 + did_tm3 + ddd_tm3 + group_tm2 + did_tm2 + ddd_tm2 + group_t0 + did_t0 + ddd_t0 + group_t1 + did_t1 + ddd_t1 + group_t2 + did_t2 + ddd_t2 + group_t3 + did_t3 + ddd_t3 + group_t4 + did_t4 + ddd_t4 + group_t5 + did_t5 + ddd_t5 + group_t6 + did_t6 + ddd_t6 + group_t7 + did_t7 + ddd_t7 + group_t8 + did_t8 + ddd_t8 + group_t9 + did_t9 + ddd_t9 + group_t10 + did_t10 + ddd_t10 + group_t11 + did_t11 + ddd_t11 + group_t12 + did_t12 + ddd_t12 + group_t13 + did_t13 + ddd_t13 + group_t14 + did_t14 + ddd_t14 + group_t15 + did_t15 + ddd_t15 + group_t16 + did_t16 + ddd_t16 + group_t17 + did_t17 + ddd_t17 + group_t18 + did_t18 + ddd_t18 + group_t19 + did_t19 + ddd_t19 + group_t20 + did_t20 + ddd_t20 + group_t21 + did_t21 + ddd_t21 + group_t22 + did_t22 + ddd_t22 + group_t23 + did_t23 + ddd_t23 + group_t24 + did_t24 + ddd_t24 + idade_media_adm + pct_mulher_adm + pct_superior_adm + pct_negra_adm | cbo_4d + periodo,,0.19966303537477642,0.06790200087955045,0.0035023966639597948,0.06657511365085755,0.3327509570986953,estimated,limited,16,25
income_pnad,income_2_3sm,Mais de 2 até 3 salários mínimos,ln_salario_real_adm,Salário real de admissão (log),ddd,strict_no_tail_binning,6,False,False,estimated,12536,12536,340,pyfixest_retained_sample,ln_salario_real_adm ~ group_tm12 + did_tm12 + ddd_tm12 + group_tm11 + did_tm11 + ddd_tm11 + group_tm10 + did_tm10 + ddd_tm10 + group_tm9 + did_tm9 + ddd_tm9 + group_tm8 + did_tm8 + ddd_tm8 + group_tm7 + did_tm7 + ddd_tm7 + group_tm6 + did_tm6 + ddd_tm6 + group_tm5 + did_tm5 + ddd_tm5 + group_tm4 + did_tm4 + ddd_tm4 + group_tm3 + did_tm3 + ddd_tm3 + group_tm2 + did_tm2 + ddd_tm2 + group_t0 + did_t0 + ddd_t0 + group_t1 + did_t1 + ddd_t1 + group_t2 + did_t2 + ddd_t2 + group_t3 + did_t3 + ddd_t3 + group_t4 + did_t4 + ddd_t4 + group_t5 + did_t5 + ddd_t5 + group_t6 + did_t6 + ddd_t6 + group_t7 + did_t7 + ddd_t7 + group_t8 + did_t8 + ddd_t8 + group_t9 + did_t9 + ddd_t9 + group_t10 + did_t10 + ddd_t10 + group_t11 + did_t11 + ddd_t11 + group_t12 + did_t12 + ddd_t12 + group_t13 + did_t13 + ddd_t13 + group_t14 + did_t14 + ddd_t14 + group_t15 + did_t15 + ddd_t15 + group_t16 + did_t16 + ddd_t16 + group_t17 + did_t17 + ddd_t17 + group_t18 + did_t18 + ddd_t18 + group_t19 + did_t19 + ddd_t19 + group_t20 + did_t20 + ddd_t20 + group_t21 + did_t21 + ddd_t21 + group_t22 + did_t22 + ddd_t22 + group_t23 + did_t23 + ddd_t23 + group_t24 + did_t24 + ddd_t24 + idade_media_adm + pct_mulher_adm + pct_superior_adm + pct_negra_adm | cbo_4d + periodo,,0.09304200319876216,0.09961851312942757,0.3509774054678614,-0.10221028253491588,0.2882942889324402,estimated,limited,16,25
income_pnad,income_2_3sm,Mais de 2 até 3 salários mínimos,ln_salario_real_adm,Salário real de admissão (log),ddd,strict_no_tail_binning,7,False,False,estimated,12536,12536,340,pyfixest_retained_sample,ln_salario_real_adm ~ group_tm12 + did_tm12 + ddd_tm12 + group_tm11 + did_tm11 + ddd_tm11 + group_tm10 + did_tm10 + ddd_tm10 + group_tm9 + did_tm9 + ddd_tm9 + group_tm8 + did_tm8 + ddd_tm8 + group_tm7 + did_tm7 + ddd_tm7 + group_tm6 + did_tm6 + ddd_tm6 + group_tm5 + did_tm5 + ddd_tm5 + group_tm4 + did_tm4 + ddd_tm4 + group_tm3 + did_tm3 + ddd_tm3 + group_tm2 + did_tm2 + ddd_tm2 + group_t0 + did_t0 + ddd_t0 + group_t1 + did_t1 + ddd_t1 + group_t2 + did_t2 + ddd_t2 + group_t3 + did_t3 + ddd_t3 + group_t4 + did_t4 + ddd_t4 + group_t5 + did_t5 + ddd_t5 + group_t6 + did_t6 + ddd_t6 + group_t7 + did_t7 + ddd_t7 + group_t8 + did_t8 + ddd_t8 + group_t9 + did_t9 + ddd_t9 + group_t10 + did_t10 + ddd_t10 + group_t11 + did_t11 + ddd_t11 + group_t12 + did_t12 + ddd_t12 + group_t13 + did_t13 + ddd_t13 + group_t14 + did_t14 + ddd_t14 + group_t15 + did_t15 + ddd_t15 + group_t16 + did_t16 + ddd_t16 + group_t17 + did_t17 + ddd_t17 + group_t18 + did_t18 + ddd_t18 + group_t19 + did_t19 + ddd_t19 + group_t20 + did_t20 + ddd_t20 + group_t21 + did_t21 + ddd_t21 + group_t22 + did_t22 + ddd_t22 + group_t23 + did_t23 + ddd_t23 + group_t24 + did_t24 + ddd_t24 + idade_media_adm + pct_mulher_adm + pct_superior_adm + pct_negra_adm | cbo_4d + periodo,,-0.011982109523804114,0.1016783957265384,0.9062616743289058,-0.21127176514781937,0.18730754610021116,estimated,limited,16,25
income_pnad,income_2_3sm,Mais de 2 até 3 salários mínimos,ln_salario_real_adm,Salário real de admissão (log),ddd,strict_no_tail_binning,8,False,False,estimated,12536,12536,340,pyfixest_retained_sample,ln_salario_real_adm ~ group_tm12 + did_tm12 + ddd_tm12 + group_tm11 + did_tm11 + ddd_tm11 + group_tm10 + did_tm10 + ddd_tm10 + group_tm9 + did_tm9 + ddd_tm9 + group_tm8 + did_tm8 + ddd_tm8 + group_tm7 + did_tm7 + ddd_tm7 + group_tm6 + did_tm6 + ddd_tm6 + group_tm5 + did_tm5 + ddd_tm5 + group_tm4 + did_tm4 + ddd_tm4 + group_tm3 + did_tm3 + ddd_tm3 + group_tm2 + did_tm2 + ddd_tm2 + group_t0 + did_t0 + ddd_t0 + group_t1 + did_t1 + ddd_t1 + group_t2 + did_t2 + ddd_t2 + group_t3 + did_t3 + ddd_t3 + group_t4 + did_t4 + ddd_t4 + group_t5 + did_t5 + ddd_t5 + group_t6 + did_t6 + ddd_t6 + group_t7 + did_t7 + ddd_t7 + group_t8 + did_t8 + ddd_t8 + group_t9 + did_t9 + ddd_t9 + group_t10 + did_t10 + ddd_t10 + group_t11 + did_t11 + ddd_t11 + group_t12 + did_t12 + ddd_t12 + group_t13 + did_t13 + ddd_t13 + group_t14 + did_t14 + ddd_t14 + group_t15 + did_t15 + ddd_t15 + group_t16 + did_t16 + ddd_t16 + group_t17 + did_t17 + ddd_t17 + group_t18 + did_t18 + ddd_t18 + group_t19 + did_t19 + ddd_t19 + group_t20 + did_t20 + ddd_t20 + group_t21 + did_t21 + ddd_t21 + group_t22 + did_t22 + ddd_t22 + group_t23 + did_t23 + ddd_t23 + group_t24 + did_t24 + ddd_t24 + idade_media_adm + pct_mulher_adm + pct_superior_adm + pct_negra_adm | cbo_4d + periodo,,0.11525325671442067,0.08854231664998494,0.19391159926167623,-0.05828968391954979,0.2887961973483911,estimated,limited,16,25
income_pnad,income_2_3sm,Mais de 2 até 3 salários mínimos,ln_salario_real_adm,Salário real de admissão (log),ddd,strict_no_tail_binning,9,False,False,estimated,12536,12536,340,pyfixest_retained_sample,ln_salario_real_adm ~ group_tm12 + did_tm12 + ddd_tm12 + group_tm11 + did_tm11 + ddd_tm11 + group_tm10 + did_tm10 + ddd_tm10 + group_tm9 + did_tm9 + ddd_tm9 + group_tm8 + did_tm8 + ddd_tm8 + group_tm7 + did_tm7 + ddd_tm7 + group_tm6 + did_tm6 + ddd_tm6 + group_tm5 + did_tm5 + ddd_tm5 + group_tm4 + did_tm4 + ddd_tm4 + group_tm3 + did_tm3 + ddd_tm3 + group_tm2 + did_tm2 + ddd_tm2 + group_t0 + did_t0 + ddd_t0 + group_t1 + did_t1 + ddd_t1 + group_t2 + did_t2 + ddd_t2 + group_t3 + did_t3 + ddd_t3 + group_t4 + did_t4 + ddd_t4 + group_t5 + did_t5 + ddd_t5 + group_t6 + did_t6 + ddd_t6 + group_t7 + did_t7 + ddd_t7 + group_t8 + did_t8 + ddd_t8 + group_t9 + did_t9 + ddd_t9 + group_t10 + did_t10 + ddd_t10 + group_t11 + did_t11 + ddd_t11 + group_t12 + did_t12 + ddd_t12 + group_t13 + did_t13 + ddd_t13 + group_t14 + did_t14 + ddd_t14 + group_t15 + did_t15 + ddd_t15 + group_t16 + did_t16 + ddd_t16 + group_t17 + did_t17 + ddd_t17 + group_t18 + did_t18 + ddd_t18 + group_t19 + did_t19 + ddd_t19 + group_t20 + did_t20 + ddd_t20 + group_t21 + did_t21 + ddd_t21 + group_t22 + did_t22 + ddd_t22 + group_t23 + did_t23 + ddd_t23 + group_t24 + did_t24 + ddd_t24 + idade_media_adm + pct_mulher_adm + pct_superior_adm + pct_negra_adm | cbo_4d + periodo,,0.1130019309481332,0.08674212770044976,0.19354979352401025,-0.05701263934474833,0.28301650124101474,estimated,limited,16,25
income_pnad,income_2_3sm,Mais de 2 até 3 salários mínimos,ln_salario_real_adm,Salário real de admissão (log),ddd,strict_no_tail_binning,10,False,False,estimated,12536,12536,340,pyfixest_retained_sample,ln_salario_real_adm ~ group_tm12 + did_tm12 + ddd_tm12 + group_tm11 + did_tm11 + ddd_tm11 + group_tm10 + did_tm10 + ddd_tm10 + group_tm9 + did_tm9 + ddd_tm9 + group_tm8 + did_tm8 + ddd_tm8 + group_tm7 + did_tm7 + ddd_tm7 + group_tm6 + did_tm6 + ddd_tm6 + group_tm5 + did_tm5 + ddd_tm5 + group_tm4 + did_tm4 + ddd_tm4 + group_tm3 + did_tm3 + ddd_tm3 + group_tm2 + did_tm2 + ddd_tm2 + group_t0 + did_t0 + ddd_t0 + group_t1 + did_t1 + ddd_t1 + group_t2 + did_t2 + ddd_t2 + group_t3 + did_t3 + ddd_t3 + group_t4 + did_t4 + ddd_t4 + group_t5 + did_t5 + ddd_t5 + group_t6 + did_t6 + ddd_t6 + group_t7 + did_t7 + ddd_t7 + group_t8 + did_t8 + ddd_t8 + group_t9 + did_t9 + ddd_t9 + group_t10 + did_t10 + ddd_t10 + group_t11 + did_t11 + ddd_t11 + group_t12 + did_t12 + ddd_t12 + group_t13 + did_t13 + ddd_t13 + group_t14 + did_t14 + ddd_t14 + group_t15 + did_t15 + ddd_t15 + group_t16 + did_t16 + ddd_t16 + group_t17 + did_t17 + ddd_t17 + group_t18 + did_t18 + ddd_t18 + group_t19 + did_t19 + ddd_t19 + group_t20 + did_t20 + ddd_t20 + group_t21 + did_t21 + ddd_t21 + group_t22 + did_t22 + ddd_t22 + group_t23 + did_t23 + ddd_t23 + group_t24 + did_t24 + ddd_t24 + idade_media_adm + pct_mulher_adm + pct_superior_adm + pct_negra_adm | cbo_4d + periodo,,-0.011193846798470552,0.09614706156740216,0.9073852789389185,-0.19964208747057877,0.17725439387363767,estimated,limited,16,25
income_pnad,income_2_3sm,Mais de 2 até 3 salários mínimos,ln_salario_real_adm,Salário real de admissão (log),ddd,strict_no_tail_binning,11,False,False,estimated,12536,12536,340,pyfixest_retained_sample,ln_salario_real_adm ~ group_tm12 + did_tm12 + ddd_tm12 + group_tm11 + did_tm11 + ddd_tm11 + group_tm10 + did_tm10 + ddd_tm10 + group_tm9 + did_tm9 + ddd_tm9 + group_tm8 + did_tm8 + ddd_tm8 + group_tm7 + did_tm7 + ddd_tm7 + group_tm6 + did_tm6 + ddd_tm6 + group_tm5 + did_tm5 + ddd_tm5 + group_tm4 + did_tm4 + ddd_tm4 + group_tm3 + did_tm3 + ddd_tm3 + group_tm2 + did_tm2 + ddd_tm2 + group_t0 + did_t0 + ddd_t0 + group_t1 + did_t1 + ddd_t1 + group_t2 + did_t2 + ddd_t2 + group_t3 + did_t3 + ddd_t3 + group_t4 + did_t4 + ddd_t4 + group_t5 + did_t5 + ddd_t5 + group_t6 + did_t6 + ddd_t6 + group_t7 + did_t7 + ddd_t7 + group_t8 + did_t8 + ddd_t8 + group_t9 + did_t9 + ddd_t9 + group_t10 + did_t10 + ddd_t10 + group_t11 + did_t11 + ddd_t11 + group_t12 + did_t12 + ddd_t12 + group_t13 + did_t13 + ddd_t13 + group_t14 + did_t14 + ddd_t14 + group_t15 + did_t15 + ddd_t15 + group_t16 + did_t16 + ddd_t16 + group_t17 + did_t17 + ddd_t17 + group_t18 + did_t18 + ddd_t18 + group_t19 + did_t19 + ddd_t19 + group_t20 + did_t20 + ddd_t20 + group_t21 + did_t21 + ddd_t21 + group_t22 + did_t22 + ddd_t22 + group_t23 + did_t23 + ddd_t23 + group_t24 + did_t24 + ddd_t24 + idade_media_adm + pct_mulher_adm + pct_superior_adm + pct_negra_adm | cbo_4d + periodo,,0.04447592719425065,0.08032609108548189,0.5801545467760154,-0.11296321133329384,0.20191506572179513,estimated,limited,16,25
income_pnad,income_2_3sm,Mais de 2 até 3 salários mínimos,ln_salario_real_adm,Salário real de admissão (log),ddd,strict_no_tail_binning,12,False,False,estimated,12536,12536,340,pyfixest_retained_sample,ln_salario_real_adm ~ group_tm12 + did_tm12 + ddd_tm12 + group_tm11 + did_tm11 + ddd_tm11 + group_tm10 + did_tm10 + ddd_tm10 + group_tm9 + did_tm9 + ddd_tm9 + group_tm8 + did_tm8 + ddd_tm8 + group_tm7 + did_tm7 + ddd_tm7 + group_tm6 + did_tm6 + ddd_tm6 + group_tm5 + did_tm5 + ddd_tm5 + group_tm4 + did_tm4 + ddd_tm4 + group_tm3 + did_tm3 + ddd_tm3 + group_tm2 + did_tm2 + ddd_tm2 + group_t0 + did_t0 + ddd_t0 + group_t1 + did_t1 + ddd_t1 + group_t2 + did_t2 + ddd_t2 + group_t3 + did_t3 + ddd_t3 + group_t4 + did_t4 + ddd_t4 + group_t5 + did_t5 + ddd_t5 + group_t6 + did_t6 + ddd_t6 + group_t7 + did_t7 + ddd_t7 + group_t8 + did_t8 + ddd_t8 + group_t9 + did_t9 + ddd_t9 + group_t10 + did_t10 + ddd_t10 + group_t11 + did_t11 + ddd_t11 + group_t12 + did_t12 + ddd_t12 + group_t13 + did_t13 + ddd_t13 + group_t14 + did_t14 + ddd_t14 + group_t15 + did_t15 + ddd_t15 + group_t16 + did_t16 + ddd_t16 + group_t17 + did_t17 + ddd_t17 + group_t18 + did_t18 + ddd_t18 + group_t19 + did_t19 + ddd_t19 + group_t20 + did_t20 + ddd_t20 + group_t21 + did_t21 + ddd_t21 + group_t22 + did_t22 + ddd_t22 + group_t23 + did_t23 + ddd_t23 + group_t24 + did_t24 + ddd_t24 + idade_media_adm + pct_mulher_adm + pct_superior_adm + pct_negra_adm | cbo_4d + periodo,,0.053696219912690954,0.09098573799423902,0.5554759967005656,-0.12463582655601753,0.23202826638139945,estimated,limited,16,25
income_pnad,income_2_3sm,Mais de 2 até 3 salários mínimos,ln_salario_real_adm,Salário real de admissão (log),ddd,strict_no_tail_binning,13,False,False,estimated,12536,12536,340,pyfixest_retained_sample,ln_salario_real_adm ~ group_tm12 + did_tm12 + ddd_tm12 + group_tm11 + did_tm11 + ddd_tm11 + group_tm10 + did_tm10 + ddd_tm10 + group_tm9 + did_tm9 + ddd_tm9 + group_tm8 + did_tm8 + ddd_tm8 + group_tm7 + did_tm7 + ddd_tm7 + group_tm6 + did_tm6 + ddd_tm6 + group_tm5 + did_tm5 + ddd_tm5 + group_tm4 + did_tm4 + ddd_tm4 + group_tm3 + did_tm3 + ddd_tm3 + group_tm2 + did_tm2 + ddd_tm2 + group_t0 + did_t0 + ddd_t0 + group_t1 + did_t1 + ddd_t1 + group_t2 + did_t2 + ddd_t2 + group_t3 + did_t3 + ddd_t3 + group_t4 + did_t4 + ddd_t4 + group_t5 + did_t5 + ddd_t5 + group_t6 + did_t6 + ddd_t6 + group_t7 + did_t7 + ddd_t7 + group_t8 + did_t8 + ddd_t8 + group_t9 + did_t9 + ddd_t9 + group_t10 + did_t10 + ddd_t10 + group_t11 + did_t11 + ddd_t11 + group_t12 + did_t12 + ddd_t12 + group_t13 + did_t13 + ddd_t13 + group_t14 + did_t14 + ddd_t14 + group_t15 + did_t15 + ddd_t15 + group_t16 + did_t16 + ddd_t16 + group_t17 + did_t17 + ddd_t17 + group_t18 + did_t18 + ddd_t18 + group_t19 + did_t19 + ddd_t19 + group_t20 + did_t20 + ddd_t20 + group_t21 + did_t21 + ddd_t21 + group_t22 + did_t22 + ddd_t22 + group_t23 + did_t23 + ddd_t23 + group_t24 + did_t24 + ddd_t24 + idade_media_adm + pct_mulher_adm + pct_superior_adm + pct_negra_adm | cbo_4d + periodo,,0.0842421775258796,0.09515975411844714,0.3766379391809429,-0.10227094054627679,0.270755295598036,estimated,limited,16,25
income_pnad,income_2_3sm,Mais de 2 até 3 salários mínimos,ln_salario_real_adm,Salário real de admissão (log),ddd,strict_no_tail_binning,14,False,False,estimated,12536,12536,340,pyfixest_retained_sample,ln_salario_real_adm ~ group_tm12 + did_tm12 + ddd_tm12 + group_tm11 + did_tm11 + ddd_tm11 + group_tm10 + did_tm10 + ddd_tm10 + group_tm9 + did_tm9 + ddd_tm9 + group_tm8 + did_tm8 + ddd_tm8 + group_tm7 + did_tm7 + ddd_tm7 + group_tm6 + did_tm6 + ddd_tm6 + group_tm5 + did_tm5 + ddd_tm5 + group_tm4 + did_tm4 + ddd_tm4 + group_tm3 + did_tm3 + ddd_tm3 + group_tm2 + did_tm2 + ddd_tm2 + group_t0 + did_t0 + ddd_t0 + group_t1 + did_t1 + ddd_t1 + group_t2 + did_t2 + ddd_t2 + group_t3 + did_t3 + ddd_t3 + group_t4 + did_t4 + ddd_t4 + group_t5 + did_t5 + ddd_t5 + group_t6 + did_t6 + ddd_t6 + group_t7 + did_t7 + ddd_t7 + group_t8 + did_t8 + ddd_t8 + group_t9 + did_t9 + ddd_t9 + group_t10 + did_t10 + ddd_t10 + group_t11 + did_t11 + ddd_t11 + group_t12 + did_t12 + ddd_t12 + group_t13 + did_t13 + ddd_t13 + group_t14 + did_t14 + ddd_t14 + group_t15 + did_t15 + ddd_t15 + group_t16 + did_t16 + ddd_t16 + group_t17 + did_t17 + ddd_t17 + group_t18 + did_t18 + ddd_t18 + group_t19 + did_t19 + ddd_t19 + group_t20 + did_t20 + ddd_t20 + group_t21 + did_t21 + ddd_t21 + group_t22 + did_t22 + ddd_t22 + group_t23 + did_t23 + ddd_t23 + group_t24 + did_t24 + ddd_t24 + idade_media_adm + pct_mulher_adm + pct_superior_adm + pct_negra_adm | cbo_4d + periodo,,0.07217476344616468,0.07705408086302593,0.3495916763861109,-0.07885123504536613,0.2232007619376955,estimated,limited,16,25
income_pnad,income_2_3sm,Mais de 2 até 3 salários mínimos,ln_salario_real_adm,Salário real de admissão (log),ddd,strict_no_tail_binning,15,False,False,estimated,12536,12536,340,pyfixest_retained_sample,ln_salario_real_adm ~ group_tm12 + did_tm12 + ddd_tm12 + group_tm11 + did_tm11 + ddd_tm11 + group_tm10 + did_tm10 + ddd_tm10 + group_tm9 + did_tm9 + ddd_tm9 + group_tm8 + did_tm8 + ddd_tm8 + group_tm7 + did_tm7 + ddd_tm7 + group_tm6 + did_tm6 + ddd_tm6 + group_tm5 + did_tm5 + ddd_tm5 + group_tm4 + did_tm4 + ddd_tm4 + group_tm3 + did_tm3 + ddd_tm3 + group_tm2 + did_tm2 + ddd_tm2 + group_t0 + did_t0 + ddd_t0 + group_t1 + did_t1 + ddd_t1 + group_t2 + did_t2 + ddd_t2 + group_t3 + did_t3 + ddd_t3 + group_t4 + did_t4 + ddd_t4 + group_t5 + did_t5 + ddd_t5 + group_t6 + did_t6 + ddd_t6 + group_t7 + did_t7 + ddd_t7 + group_t8 + did_t8 + ddd_t8 + group_t9 + did_t9 + ddd_t9 + group_t10 + did_t10 + ddd_t10 + group_t11 + did_t11 + ddd_t11 + group_t12 + did_t12 + ddd_t12 + group_t13 + did_t13 + ddd_t13 + group_t14 + did_t14 + ddd_t14 + group_t15 + did_t15 + ddd_t15 + group_t16 + did_t16 + ddd_t16 + group_t17 + did_t17 + ddd_t17 + group_t18 + did_t18 + ddd_t18 + group_t19 + did_t19 + ddd_t19 + group_t20 + did_t20 + ddd_t20 + group_t21 + did_t21 + ddd_t21 + group_t22 + did_t22 + ddd_t22 + group_t23 + did_t23 + ddd_t23 + group_t24 + did_t24 + ddd_t24 + idade_media_adm + pct_mulher_adm + pct_superior_adm + pct_negra_adm | cbo_4d + periodo,,0.02650495768920913,0.08568945229984919,0.7572726157991609,-0.14144636881849526,0.19445628419691352,estimated,limited,16,25
income_pnad,income_2_3sm,Mais de 2 até 3 salários mínimos,ln_salario_real_adm,Salário real de admissão (log),ddd,strict_no_tail_binning,16,False,False,estimated,12536,12536,340,pyfixest_retained_sample,ln_salario_real_adm ~ group_tm12 + did_tm12 + ddd_tm12 + group_tm11 + did_tm11 + ddd_tm11 + group_tm10 + did_tm10 + ddd_tm10 + group_tm9 + did_tm9 + ddd_tm9 + group_tm8 + did_tm8 + ddd_tm8 + group_tm7 + did_tm7 + ddd_tm7 + group_tm6 + did_tm6 + ddd_tm6 + group_tm5 + did_tm5 + ddd_tm5 + group_tm4 + did_tm4 + ddd_tm4 + group_tm3 + did_tm3 + ddd_tm3 + group_tm2 + did_tm2 + ddd_tm2 + group_t0 + did_t0 + ddd_t0 + group_t1 + did_t1 + ddd_t1 + group_t2 + did_t2 + ddd_t2 + group_t3 + did_t3 + ddd_t3 + group_t4 + did_t4 + ddd_t4 + group_t5 + did_t5 + ddd_t5 + group_t6 + did_t6 + ddd_t6 + group_t7 + did_t7 + ddd_t7 + group_t8 + did_t8 + ddd_t8 + group_t9 + did_t9 + ddd_t9 + group_t10 + did_t10 + ddd_t10 + group_t11 + did_t11 + ddd_t11 + group_t12 + did_t12 + ddd_t12 + group_t13 + did_t13 + ddd_t13 + group_t14 + did_t14 + ddd_t14 + group_t15 + did_t15 + ddd_t15 + group_t16 + did_t16 + ddd_t16 + group_t17 + did_t17 + ddd_t17 + group_t18 + did_t18 + ddd_t18 + group_t19 + did_t19 + ddd_t19 + group_t20 + did_t20 + ddd_t20 + group_t21 + did_t21 + ddd_t21 + group_t22 + did_t22 + ddd_t22 + group_t23 + did_t23 + ddd_t23 + group_t24 + did_t24 + ddd_t24 + idade_media_adm + pct_mulher_adm + pct_superior_adm + pct_negra_adm | cbo_4d + periodo,,0.14515473466935472,0.07880625992039074,0.06636033436076927,-0.00930553477461113,0.29961500411332054,estimated,limited,16,25
income_pnad,income_2_3sm,Mais de 2 até 3 salários mínimos,ln_salario_real_adm,Salário real de admissão (log),ddd,strict_no_tail_binning,17,False,False,estimated,12536,12536,340,pyfixest_retained_sample,ln_salario_real_adm ~ group_tm12 + did_tm12 + ddd_tm12 + group_tm11 + did_tm11 + ddd_tm11 + group_tm10 + did_tm10 + ddd_tm10 + group_tm9 + did_tm9 + ddd_tm9 + group_tm8 + did_tm8 + ddd_tm8 + group_tm7 + did_tm7 + ddd_tm7 + group_tm6 + did_tm6 + ddd_tm6 + group_tm5 + did_tm5 + ddd_tm5 + group_tm4 + did_tm4 + ddd_tm4 + group_tm3 + did_tm3 + ddd_tm3 + group_tm2 + did_tm2 + ddd_tm2 + group_t0 + did_t0 + ddd_t0 + group_t1 + did_t1 + ddd_t1 + group_t2 + did_t2 + ddd_t2 + group_t3 + did_t3 + ddd_t3 + group_t4 + did_t4 + ddd_t4 + group_t5 + did_t5 + ddd_t5 + group_t6 + did_t6 + ddd_t6 + group_t7 + did_t7 + ddd_t7 + group_t8 + did_t8 + ddd_t8 + group_t9 + did_t9 + ddd_t9 + group_t10 + did_t10 + ddd_t10 + group_t11 + did_t11 + ddd_t11 + group_t12 + did_t12 + ddd_t12 + group_t13 + did_t13 + ddd_t13 + group_t14 + did_t14 + ddd_t14 + group_t15 + did_t15 + ddd_t15 + group_t16 + did_t16 + ddd_t16 + group_t17 + did_t17 + ddd_t17 + group_t18 + did_t18 + ddd_t18 + group_t19 + did_t19 + ddd_t19 + group_t20 + did_t20 + ddd_t20 + group_t21 + did_t21 + ddd_t21 + group_t22 + did_t22 + ddd_t22 + group_t23 + did_t23 + ddd_t23 + group_t24 + did_t24 + ddd_t24 + idade_media_adm + pct_mulher_adm + pct_superior_adm + pct_negra_adm | cbo_4d + periodo,,0.17914475812714414,0.0956644721225593,0.061979188968041665,-0.008357607233072079,0.3666471234873604,estimated,limited,16,25
income_pnad,income_2_3sm,Mais de 2 até 3 salários mínimos,ln_salario_real_adm,Salário real de admissão (log),ddd,strict_no_tail_binning,18,False,False,estimated,12536,12536,340,pyfixest_retained_sample,ln_salario_real_adm ~ group_tm12 + did_tm12 + ddd_tm12 + group_tm11 + did_tm11 + ddd_tm11 + group_tm10 + did_tm10 + ddd_tm10 + group_tm9 + did_tm9 + ddd_tm9 + group_tm8 + did_tm8 + ddd_tm8 + group_tm7 + did_tm7 + ddd_tm7 + group_tm6 + did_tm6 + ddd_tm6 + group_tm5 + did_tm5 + ddd_tm5 + group_tm4 + did_tm4 + ddd_tm4 + group_tm3 + did_tm3 + ddd_tm3 + group_tm2 + did_tm2 + ddd_tm2 + group_t0 + did_t0 + ddd_t0 + group_t1 + did_t1 + ddd_t1 + group_t2 + did_t2 + ddd_t2 + group_t3 + did_t3 + ddd_t3 + group_t4 + did_t4 + ddd_t4 + group_t5 + did_t5 + ddd_t5 + group_t6 + did_t6 + ddd_t6 + group_t7 + did_t7 + ddd_t7 + group_t8 + did_t8 + ddd_t8 + group_t9 + did_t9 + ddd_t9 + group_t10 + did_t10 + ddd_t10 + group_t11 + did_t11 + ddd_t11 + group_t12 + did_t12 + ddd_t12 + group_t13 + did_t13 + ddd_t13 + group_t14 + did_t14 + ddd_t14 + group_t15 + did_t15 + ddd_t15 + group_t16 + did_t16 + ddd_t16 + group_t17 + did_t17 + ddd_t17 + group_t18 + did_t18 + ddd_t18 + group_t19 + did_t19 + ddd_t19 + group_t20 + did_t20 + ddd_t20 + group_t21 + did_t21 + ddd_t21 + group_t22 + did_t22 + ddd_t22 + group_t23 + did_t23 + ddd_t23 + group_t24 + did_t24 + ddd_t24 + idade_media_adm + pct_mulher_adm + pct_superior_adm + pct_negra_adm | cbo_4d + periodo,,0.11859978778681918,0.09366668483150536,0.20631457496526306,-0.06498691448293134,0.3021864900565697,estimated,limited,16,25
income_pnad,income_2_3sm,Mais de 2 até 3 salários mínimos,ln_salario_real_adm,Salário real de admissão (log),ddd,strict_no_tail_binning,19,False,False,estimated,12536,12536,340,pyfixest_retained_sample,ln_salario_real_adm ~ group_tm12 + did_tm12 + ddd_tm12 + group_tm11 + did_tm11 + ddd_tm11 + group_tm10 + did_tm10 + ddd_tm10 + group_tm9 + did_tm9 + ddd_tm9 + group_tm8 + did_tm8 + ddd_tm8 + group_tm7 + did_tm7 + ddd_tm7 + group_tm6 + did_tm6 + ddd_tm6 + group_tm5 + did_tm5 + ddd_tm5 + group_tm4 + did_tm4 + ddd_tm4 + group_tm3 + did_tm3 + ddd_tm3 + group_tm2 + did_tm2 + ddd_tm2 + group_t0 + did_t0 + ddd_t0 + group_t1 + did_t1 + ddd_t1 + group_t2 + did_t2 + ddd_t2 + group_t3 + did_t3 + ddd_t3 + group_t4 + did_t4 + ddd_t4 + group_t5 + did_t5 + ddd_t5 + group_t6 + did_t6 + ddd_t6 + group_t7 + did_t7 + ddd_t7 + group_t8 + did_t8 + ddd_t8 + group_t9 + did_t9 + ddd_t9 + group_t10 + did_t10 + ddd_t10 + group_t11 + did_t11 + ddd_t11 + group_t12 + did_t12 + ddd_t12 + group_t13 + did_t13 + ddd_t13 + group_t14 + did_t14 + ddd_t14 + group_t15 + did_t15 + ddd_t15 + group_t16 + did_t16 + ddd_t16 + group_t17 + did_t17 + ddd_t17 + group_t18 + did_t18 + ddd_t18 + group_t19 + did_t19 + ddd_t19 + group_t20 + did_t20 + ddd_t20 + group_t21 + did_t21 + ddd_t21 + group_t22 + did_t22 + ddd_t22 + group_t23 + did_t23 + ddd_t23 + group_t24 + did_t24 + ddd_t24 + idade_media_adm + pct_mulher_adm + pct_superior_adm + pct_negra_adm | cbo_4d + periodo,,0.09440294473008548,0.08014269877407473,0.23964849068454908,-0.06267674486710098,0.2514826343272719,estimated,limited,16,25
income_pnad,income_2_3sm,Mais de 2 até 3 salários mínimos,ln_salario_real_adm,Salário real de admissão (log),ddd,strict_no_tail_binning,20,False,False,estimated,12536,12536,340,pyfixest_retained_sample,ln_salario_real_adm ~ group_tm12 + did_tm12 + ddd_tm12 + group_tm11 + did_tm11 + ddd_tm11 + group_tm10 + did_tm10 + ddd_tm10 + group_tm9 + did_tm9 + ddd_tm9 + group_tm8 + did_tm8 + ddd_tm8 + group_tm7 + did_tm7 + ddd_tm7 + group_tm6 + did_tm6 + ddd_tm6 + group_tm5 + did_tm5 + ddd_tm5 + group_tm4 + did_tm4 + ddd_tm4 + group_tm3 + did_tm3 + ddd_tm3 + group_tm2 + did_tm2 + ddd_tm2 + group_t0 + did_t0 + ddd_t0 + group_t1 + did_t1 + ddd_t1 + group_t2 + did_t2 + ddd_t2 + group_t3 + did_t3 + ddd_t3 + group_t4 + did_t4 + ddd_t4 + group_t5 + did_t5 + ddd_t5 + group_t6 + did_t6 + ddd_t6 + group_t7 + did_t7 + ddd_t7 + group_t8 + did_t8 + ddd_t8 + group_t9 + did_t9 + ddd_t9 + group_t10 + did_t10 + ddd_t10 + group_t11 + did_t11 + ddd_t11 + group_t12 + did_t12 + ddd_t12 + group_t13 + did_t13 + ddd_t13 + group_t14 + did_t14 + ddd_t14 + group_t15 + did_t15 + ddd_t15 + group_t16 + did_t16 + ddd_t16 + group_t17 + did_t17 + ddd_t17 + group_t18 + did_t18 + ddd_t18 + group_t19 + did_t19 + ddd_t19 + group_t20 + did_t20 + ddd_t20 + group_t21 + did_t21 + ddd_t21 + group_t22 + did_t22 + ddd_t22 + group_t23 + did_t23 + ddd_t23 + group_t24 + did_t24 + ddd_t24 + idade_media_adm + pct_mulher_adm + pct_superior_adm + pct_negra_adm | cbo_4d + periodo,,0.12904824700054246,0.12556629646091652,0.3048095984703536,-0.11706169406285391,0.37515818806393886,estimated,limited,16,25
income_pnad,income_2_3sm,Mais de 2 até 3 salários mínimos,ln_salario_real_adm,Salário real de admissão (log),ddd,strict_no_tail_binning,21,False,False,estimated,12536,12536,340,pyfixest_retained_sample,ln_salario_real_adm ~ group_tm12 + did_tm12 + ddd_tm12 + group_tm11 + did_tm11 + ddd_tm11 + group_tm10 + did_tm10 + ddd_tm10 + group_tm9 + did_tm9 + ddd_tm9 + group_tm8 + did_tm8 + ddd_tm8 + group_tm7 + did_tm7 + ddd_tm7 + group_tm6 + did_tm6 + ddd_tm6 + group_tm5 + did_tm5 + ddd_tm5 + group_tm4 + did_tm4 + ddd_tm4 + group_tm3 + did_tm3 + ddd_tm3 + group_tm2 + did_tm2 + ddd_tm2 + group_t0 + did_t0 + ddd_t0 + group_t1 + did_t1 + ddd_t1 + group_t2 + did_t2 + ddd_t2 + group_t3 + did_t3 + ddd_t3 + group_t4 + did_t4 + ddd_t4 + group_t5 + did_t5 + ddd_t5 + group_t6 + did_t6 + ddd_t6 + group_t7 + did_t7 + ddd_t7 + group_t8 + did_t8 + ddd_t8 + group_t9 + did_t9 + ddd_t9 + group_t10 + did_t10 + ddd_t10 + group_t11 + did_t11 + ddd_t11 + group_t12 + did_t12 + ddd_t12 + group_t13 + did_t13 + ddd_t13 + group_t14 + did_t14 + ddd_t14 + group_t15 + did_t15 + ddd_t15 + group_t16 + did_t16 + ddd_t16 + group_t17 + did_t17 + ddd_t17 + group_t18 + did_t18 + ddd_t18 + group_t19 + did_t19 + ddd_t19 + group_t20 + did_t20 + ddd_t20 + group_t21 + did_t21 + ddd_t21 + group_t22 + did_t22 + ddd_t22 + group_t23 + did_t23 + ddd_t23 + group_t24 + did_t24 + ddd_t24 + idade_media_adm + pct_mulher_adm + pct_superior_adm + pct_negra_adm | cbo_4d + periodo,,0.002572082364941707,0.08804278652295543,0.9767111027838302,-0.1699917792200509,0.17513594394993434,estimated,limited,16,25
income_pnad,income_2_3sm,Mais de 2 até 3 salários mínimos,ln_salario_real_adm,Salário real de admissão (log),ddd,strict_no_tail_binning,22,False,False,estimated,12536,12536,340,pyfixest_retained_sample,ln_salario_real_adm ~ group_tm12 + did_tm12 + ddd_tm12 + group_tm11 + did_tm11 + ddd_tm11 + group_tm10 + did_tm10 + ddd_tm10 + group_tm9 + did_tm9 + ddd_tm9 + group_tm8 + did_tm8 + ddd_tm8 + group_tm7 + did_tm7 + ddd_tm7 + group_tm6 + did_tm6 + ddd_tm6 + group_tm5 + did_tm5 + ddd_tm5 + group_tm4 + did_tm4 + ddd_tm4 + group_tm3 + did_tm3 + ddd_tm3 + group_tm2 + did_tm2 + ddd_tm2 + group_t0 + did_t0 + ddd_t0 + group_t1 + did_t1 + ddd_t1 + group_t2 + did_t2 + ddd_t2 + group_t3 + did_t3 + ddd_t3 + group_t4 + did_t4 + ddd_t4 + group_t5 + did_t5 + ddd_t5 + group_t6 + did_t6 + ddd_t6 + group_t7 + did_t7 + ddd_t7 + group_t8 + did_t8 + ddd_t8 + group_t9 + did_t9 + ddd_t9 + group_t10 + did_t10 + ddd_t10 + group_t11 + did_t11 + ddd_t11 + group_t12 + did_t12 + ddd_t12 + group_t13 + did_t13 + ddd_t13 + group_t14 + did_t14 + ddd_t14 + group_t15 + did_t15 + ddd_t15 + group_t16 + did_t16 + ddd_t16 + group_t17 + did_t17 + ddd_t17 + group_t18 + did_t18 + ddd_t18 + group_t19 + did_t19 + ddd_t19 + group_t20 + did_t20 + ddd_t20 + group_t21 + did_t21 + ddd_t21 + group_t22 + did_t22 + ddd_t22 + group_t23 + did_t23 + ddd_t23 + group_t24 + did_t24 + ddd_t24 + idade_media_adm + pct_mulher_adm + pct_superior_adm + pct_negra_adm | cbo_4d + periodo,,0.0580931645855716,0.08786356656221389,0.5089494000881074,-0.11411942587636764,0.23030575504751083,estimated,limited,16,25
income_pnad,income_2_3sm,Mais de 2 até 3 salários mínimos,ln_salario_real_adm,Salário real de admissão (log),ddd,strict_no_tail_binning,23,False,False,estimated,12536,12536,340,pyfixest_retained_sample,ln_salario_real_adm ~ group_tm12 + did_tm12 + ddd_tm12 + group_tm11 + did_tm11 + ddd_tm11 + group_tm10 + did_tm10 + ddd_tm10 + group_tm9 + did_tm9 + ddd_tm9 + group_tm8 + did_tm8 + ddd_tm8 + group_tm7 + did_tm7 + ddd_tm7 + group_tm6 + did_tm6 + ddd_tm6 + group_tm5 + did_tm5 + ddd_tm5 + group_tm4 + did_tm4 + ddd_tm4 + group_tm3 + did_tm3 + ddd_tm3 + group_tm2 + did_tm2 + ddd_tm2 + group_t0 + did_t0 + ddd_t0 + group_t1 + did_t1 + ddd_t1 + group_t2 + did_t2 + ddd_t2 + group_t3 + did_t3 + ddd_t3 + group_t4 + did_t4 + ddd_t4 + group_t5 + did_t5 + ddd_t5 + group_t6 + did_t6 + ddd_t6 + group_t7 + did_t7 + ddd_t7 + group_t8 + did_t8 + ddd_t8 + group_t9 + did_t9 + ddd_t9 + group_t10 + did_t10 + ddd_t10 + group_t11 + did_t11 + ddd_t11 + group_t12 + did_t12 + ddd_t12 + group_t13 + did_t13 + ddd_t13 + group_t14 + did_t14 + ddd_t14 + group_t15 + did_t15 + ddd_t15 + group_t16 + did_t16 + ddd_t16 + group_t17 + did_t17 + ddd_t17 + group_t18 + did_t18 + ddd_t18 + group_t19 + did_t19 + ddd_t19 + group_t20 + did_t20 + ddd_t20 + group_t21 + did_t21 + ddd_t21 + group_t22 + did_t22 + ddd_t22 + group_t23 + did_t23 + ddd_t23 + group_t24 + did_t24 + ddd_t24 + idade_media_adm + pct_mulher_adm + pct_superior_adm + pct_negra_adm | cbo_4d + periodo,,0.12287327246009848,0.07664061273463195,0.10981301287378642,-0.027342328499780147,0.2730888734199771,estimated,limited,16,25
income_pnad,income_2_3sm,Mais de 2 até 3 salários mínimos,ln_salario_real_adm,Salário real de admissão (log),ddd,strict_no_tail_binning,24,False,False,estimated,12536,12536,340,pyfixest_retained_sample,ln_salario_real_adm ~ group_tm12 + did_tm12 + ddd_tm12 + group_tm11 + did_tm11 + ddd_tm11 + group_tm10 + did_tm10 + ddd_tm10 + group_tm9 + did_tm9 + ddd_tm9 + group_tm8 + did_tm8 + ddd_tm8 + group_tm7 + did_tm7 + ddd_tm7 + group_tm6 + did_tm6 + ddd_tm6 + group_tm5 + did_tm5 + ddd_tm5 + group_tm4 + did_tm4 + ddd_tm4 + group_tm3 + did_tm3 + ddd_tm3 + group_tm2 + did_tm2 + ddd_tm2 + group_t0 + did_t0 + ddd_t0 + group_t1 + did_t1 + ddd_t1 + group_t2 + did_t2 + ddd_t2 + group_t3 + did_t3 + ddd_t3 + group_t4 + did_t4 + ddd_t4 + group_t5 + did_t5 + ddd_t5 + group_t6 + did_t6 + ddd_t6 + group_t7 + did_t7 + ddd_t7 + group_t8 + did_t8 + ddd_t8 + group_t9 + did_t9 + ddd_t9 + group_t10 + did_t10 + ddd_t10 + group_t11 + did_t11 + ddd_t11 + group_t12 + did_t12 + ddd_t12 + group_t13 + did_t13 + ddd_t13 + group_t14 + did_t14 + ddd_t14 + group_t15 + did_t15 + ddd_t15 + group_t16 + did_t16 + ddd_t16 + group_t17 + did_t17 + ddd_t17 + group_t18 + did_t18 + ddd_t18 + group_t19 + did_t19 + ddd_t19 + group_t20 + did_t20 + ddd_t20 + group_t21 + did_t21 + ddd_t21 + group_t22 + did_t22 + ddd_t22 + group_t23 + did_t23 + ddd_t23 + group_t24 + did_t24 + ddd_t24 + idade_media_adm + pct_mulher_adm + pct_superior_adm + pct_negra_adm | cbo_4d + periodo,,0.03423587013676641,0.09281393329532184,0.7124581455183687,-0.14767943912206438,0.2161511793955972,estimated,limited,16,25
income_pnad,income_3_5sm,Mais de 3 até 5 salários mínimos,ln_admissoes,Admissões (log),ddd,strict_no_tail_binning,-12,False,True,estimated,12536,12536,340,pyfixest_retained_sample,ln_admissoes ~ group_tm12 + did_tm12 + ddd_tm12 + group_tm11 + did_tm11 + ddd_tm11 + group_tm10 + did_tm10 + ddd_tm10 + group_tm9 + did_tm9 + ddd_tm9 + group_tm8 + did_tm8 + ddd_tm8 + group_tm7 + did_tm7 + ddd_tm7 + group_tm6 + did_tm6 + ddd_tm6 + group_tm5 + did_tm5 + ddd_tm5 + group_tm4 + did_tm4 + ddd_tm4 + group_tm3 + did_tm3 + ddd_tm3 + group_tm2 + did_tm2 + ddd_tm2 + group_t0 + did_t0 + ddd_t0 + group_t1 + did_t1 + ddd_t1 + group_t2 + did_t2 + ddd_t2 + group_t3 + did_t3 + ddd_t3 + group_t4 + did_t4 + ddd_t4 + group_t5 + did_t5 + ddd_t5 + group_t6 + did_t6 + ddd_t6 + group_t7 + did_t7 + ddd_t7 + group_t8 + did_t8 + ddd_t8 + group_t9 + did_t9 + ddd_t9 + group_t10 + did_t10 + ddd_t10 + group_t11 + did_t11 + ddd_t11 + group_t12 + did_t12 + ddd_t12 + group_t13 + did_t13 + ddd_t13 + group_t14 + did_t14 + ddd_t14 + group_t15 + did_t15 + ddd_t15 + group_t16 + did_t16 + ddd_t16 + group_t17 + did_t17 + ddd_t17 + group_t18 + did_t18 + ddd_t18 + group_t19 + did_t19 + ddd_t19 + group_t20 + did_t20 + ddd_t20 + group_t21 + did_t21 + ddd_t21 + group_t22 + did_t22 + ddd_t22 + group_t23 + did_t23 + ddd_t23 + group_t24 + did_t24 + ddd_t24 + idade_media_adm + pct_mulher_adm + pct_superior_adm + pct_negra_adm | cbo_4d + periodo,,0.2936197395158996,0.14891268719032974,0.04944998477211504,0.0017508726228532834,0.585488606408946,estimated,thin,12,7
income_pnad,income_3_5sm,Mais de 3 até 5 salários mínimos,ln_admissoes,Admissões (log),ddd,strict_no_tail_binning,-11,False,True,estimated,12536,12536,340,pyfixest_retained_sample,ln_admissoes ~ group_tm12 + did_tm12 + ddd_tm12 + group_tm11 + did_tm11 + ddd_tm11 + group_tm10 + did_tm10 + ddd_tm10 + group_tm9 + did_tm9 + ddd_tm9 + group_tm8 + did_tm8 + ddd_tm8 + group_tm7 + did_tm7 + ddd_tm7 + group_tm6 + did_tm6 + ddd_tm6 + group_tm5 + did_tm5 + ddd_tm5 + group_tm4 + did_tm4 + ddd_tm4 + group_tm3 + did_tm3 + ddd_tm3 + group_tm2 + did_tm2 + ddd_tm2 + group_t0 + did_t0 + ddd_t0 + group_t1 + did_t1 + ddd_t1 + group_t2 + did_t2 + ddd_t2 + group_t3 + did_t3 + ddd_t3 + group_t4 + did_t4 + ddd_t4 + group_t5 + did_t5 + ddd_t5 + group_t6 + did_t6 + ddd_t6 + group_t7 + did_t7 + ddd_t7 + group_t8 + did_t8 + ddd_t8 + group_t9 + did_t9 + ddd_t9 + group_t10 + did_t10 + ddd_t10 + group_t11 + did_t11 + ddd_t11 + group_t12 + did_t12 + ddd_t12 + group_t13 + did_t13 + ddd_t13 + group_t14 + did_t14 + ddd_t14 + group_t15 + did_t15 + ddd_t15 + group_t16 + did_t16 + ddd_t16 + group_t17 + did_t17 + ddd_t17 + group_t18 + did_t18 + ddd_t18 + group_t19 + did_t19 + ddd_t19 + group_t20 + did_t20 + ddd_t20 + group_t21 + did_t21 + ddd_t21 + group_t22 + did_t22 + ddd_t22 + group_t23 + did_t23 + ddd_t23 + group_t24 + did_t24 + ddd_t24 + idade_media_adm + pct_mulher_adm + pct_superior_adm + pct_negra_adm | cbo_4d + periodo,,0.4312675180175749,0.12308278904634468,0.0005200465445123204,0.19002525148673935,0.6725097845484105,estimated,thin,12,7
income_pnad,income_3_5sm,Mais de 3 até 5 salários mínimos,ln_admissoes,Admissões (log),ddd,strict_no_tail_binning,-10,False,True,estimated,12536,12536,340,pyfixest_retained_sample,ln_admissoes ~ group_tm12 + did_tm12 + ddd_tm12 + group_tm11 + did_tm11 + ddd_tm11 + group_tm10 + did_tm10 + ddd_tm10 + group_tm9 + did_tm9 + ddd_tm9 + group_tm8 + did_tm8 + ddd_tm8 + group_tm7 + did_tm7 + ddd_tm7 + group_tm6 + did_tm6 + ddd_tm6 + group_tm5 + did_tm5 + ddd_tm5 + group_tm4 + did_tm4 + ddd_tm4 + group_tm3 + did_tm3 + ddd_tm3 + group_tm2 + did_tm2 + ddd_tm2 + group_t0 + did_t0 + ddd_t0 + group_t1 + did_t1 + ddd_t1 + group_t2 + did_t2 + ddd_t2 + group_t3 + did_t3 + ddd_t3 + group_t4 + did_t4 + ddd_t4 + group_t5 + did_t5 + ddd_t5 + group_t6 + did_t6 + ddd_t6 + group_t7 + did_t7 + ddd_t7 + group_t8 + did_t8 + ddd_t8 + group_t9 + did_t9 + ddd_t9 + group_t10 + did_t10 + ddd_t10 + group_t11 + did_t11 + ddd_t11 + group_t12 + did_t12 + ddd_t12 + group_t13 + did_t13 + ddd_t13 + group_t14 + did_t14 + ddd_t14 + group_t15 + did_t15 + ddd_t15 + group_t16 + did_t16 + ddd_t16 + group_t17 + did_t17 + ddd_t17 + group_t18 + did_t18 + ddd_t18 + group_t19 + did_t19 + ddd_t19 + group_t20 + did_t20 + ddd_t20 + group_t21 + did_t21 + ddd_t21 + group_t22 + did_t22 + ddd_t22 + group_t23 + did_t23 + ddd_t23 + group_t24 + did_t24 + ddd_t24 + idade_media_adm + pct_mulher_adm + pct_superior_adm + pct_negra_adm | cbo_4d + periodo,,0.34600795535952233,0.13028596463467537,0.008286853416627382,0.09064746467555862,0.601368446043486,estimated,thin,12,7
income_pnad,income_3_5sm,Mais de 3 até 5 salários mínimos,ln_admissoes,Admissões (log),ddd,strict_no_tail_binning,-9,False,True,estimated,12536,12536,340,pyfixest_retained_sample,ln_admissoes ~ group_tm12 + did_tm12 + ddd_tm12 + group_tm11 + did_tm11 + ddd_tm11 + group_tm10 + did_tm10 + ddd_tm10 + group_tm9 + did_tm9 + ddd_tm9 + group_tm8 + did_tm8 + ddd_tm8 + group_tm7 + did_tm7 + ddd_tm7 + group_tm6 + did_tm6 + ddd_tm6 + group_tm5 + did_tm5 + ddd_tm5 + group_tm4 + did_tm4 + ddd_tm4 + group_tm3 + did_tm3 + ddd_tm3 + group_tm2 + did_tm2 + ddd_tm2 + group_t0 + did_t0 + ddd_t0 + group_t1 + did_t1 + ddd_t1 + group_t2 + did_t2 + ddd_t2 + group_t3 + did_t3 + ddd_t3 + group_t4 + did_t4 + ddd_t4 + group_t5 + did_t5 + ddd_t5 + group_t6 + did_t6 + ddd_t6 + group_t7 + did_t7 + ddd_t7 + group_t8 + did_t8 + ddd_t8 + group_t9 + did_t9 + ddd_t9 + group_t10 + did_t10 + ddd_t10 + group_t11 + did_t11 + ddd_t11 + group_t12 + did_t12 + ddd_t12 + group_t13 + did_t13 + ddd_t13 + group_t14 + did_t14 + ddd_t14 + group_t15 + did_t15 + ddd_t15 + group_t16 + did_t16 + ddd_t16 + group_t17 + did_t17 + ddd_t17 + group_t18 + did_t18 + ddd_t18 + group_t19 + did_t19 + ddd_t19 + group_t20 + did_t20 + ddd_t20 + group_t21 + did_t21 + ddd_t21 + group_t22 + did_t22 + ddd_t22 + group_t23 + did_t23 + ddd_t23 + group_t24 + did_t24 + ddd_t24 + idade_media_adm + pct_mulher_adm + pct_superior_adm + pct_negra_adm | cbo_4d + periodo,,0.26878423199164353,0.13940612072757283,0.05468187141758518,-0.0044517646343992245,0.5420202286176863,estimated,thin,12,7
income_pnad,income_3_5sm,Mais de 3 até 5 salários mínimos,ln_admissoes,Admissões (log),ddd,strict_no_tail_binning,-8,False,True,estimated,12536,12536,340,pyfixest_retained_sample,ln_admissoes ~ group_tm12 + did_tm12 + ddd_tm12 + group_tm11 + did_tm11 + ddd_tm11 + group_tm10 + did_tm10 + ddd_tm10 + group_tm9 + did_tm9 + ddd_tm9 + group_tm8 + did_tm8 + ddd_tm8 + group_tm7 + did_tm7 + ddd_tm7 + group_tm6 + did_tm6 + ddd_tm6 + group_tm5 + did_tm5 + ddd_tm5 + group_tm4 + did_tm4 + ddd_tm4 + group_tm3 + did_tm3 + ddd_tm3 + group_tm2 + did_tm2 + ddd_tm2 + group_t0 + did_t0 + ddd_t0 + group_t1 + did_t1 + ddd_t1 + group_t2 + did_t2 + ddd_t2 + group_t3 + did_t3 + ddd_t3 + group_t4 + did_t4 + ddd_t4 + group_t5 + did_t5 + ddd_t5 + group_t6 + did_t6 + ddd_t6 + group_t7 + did_t7 + ddd_t7 + group_t8 + did_t8 + ddd_t8 + group_t9 + did_t9 + ddd_t9 + group_t10 + did_t10 + ddd_t10 + group_t11 + did_t11 + ddd_t11 + group_t12 + did_t12 + ddd_t12 + group_t13 + did_t13 + ddd_t13 + group_t14 + did_t14 + ddd_t14 + group_t15 + did_t15 + ddd_t15 + group_t16 + did_t16 + ddd_t16 + group_t17 + did_t17 + ddd_t17 + group_t18 + did_t18 + ddd_t18 + group_t19 + did_t19 + ddd_t19 + group_t20 + did_t20 + ddd_t20 + group_t21 + did_t21 + ddd_t21 + group_t22 + did_t22 + ddd_t22 + group_t23 + did_t23 + ddd_t23 + group_t24 + did_t24 + ddd_t24 + idade_media_adm + pct_mulher_adm + pct_superior_adm + pct_negra_adm | cbo_4d + periodo,,0.13804826156059985,0.10640035639948518,0.195361457466932,-0.07049643698239111,0.3465929601035908,estimated,thin,12,7
income_pnad,income_3_5sm,Mais de 3 até 5 salários mínimos,ln_admissoes,Admissões (log),ddd,strict_no_tail_binning,-7,False,True,estimated,12536,12536,340,pyfixest_retained_sample,ln_admissoes ~ group_tm12 + did_tm12 + ddd_tm12 + group_tm11 + did_tm11 + ddd_tm11 + group_tm10 + did_tm10 + ddd_tm10 + group_tm9 + did_tm9 + ddd_tm9 + group_tm8 + did_tm8 + ddd_tm8 + group_tm7 + did_tm7 + ddd_tm7 + group_tm6 + did_tm6 + ddd_tm6 + group_tm5 + did_tm5 + ddd_tm5 + group_tm4 + did_tm4 + ddd_tm4 + group_tm3 + did_tm3 + ddd_tm3 + group_tm2 + did_tm2 + ddd_tm2 + group_t0 + did_t0 + ddd_t0 + group_t1 + did_t1 + ddd_t1 + group_t2 + did_t2 + ddd_t2 + group_t3 + did_t3 + ddd_t3 + group_t4 + did_t4 + ddd_t4 + group_t5 + did_t5 + ddd_t5 + group_t6 + did_t6 + ddd_t6 + group_t7 + did_t7 + ddd_t7 + group_t8 + did_t8 + ddd_t8 + group_t9 + did_t9 + ddd_t9 + group_t10 + did_t10 + ddd_t10 + group_t11 + did_t11 + ddd_t11 + group_t12 + did_t12 + ddd_t12 + group_t13 + did_t13 + ddd_t13 + group_t14 + did_t14 + ddd_t14 + group_t15 + did_t15 + ddd_t15 + group_t16 + did_t16 + ddd_t16 + group_t17 + did_t17 + ddd_t17 + group_t18 + did_t18 + ddd_t18 + group_t19 + did_t19 + ddd_t19 + group_t20 + did_t20 + ddd_t20 + group_t21 + did_t21 + ddd_t21 + group_t22 + did_t22 + ddd_t22 + group_t23 + did_t23 + ddd_t23 + group_t24 + did_t24 + ddd_t24 + idade_media_adm + pct_mulher_adm + pct_superior_adm + pct_negra_adm | cbo_4d + periodo,,0.1566777018934215,0.11774749429493601,0.18420692906020553,-0.07410738692465307,0.3874627907114961,estimated,thin,12,7
income_pnad,income_3_5sm,Mais de 3 até 5 salários mínimos,ln_admissoes,Admissões (log),ddd,strict_no_tail_binning,-6,False,True,estimated,12536,12536,340,pyfixest_retained_sample,ln_admissoes ~ group_tm12 + did_tm12 + ddd_tm12 + group_tm11 + did_tm11 + ddd_tm11 + group_tm10 + did_tm10 + ddd_tm10 + group_tm9 + did_tm9 + ddd_tm9 + group_tm8 + did_tm8 + ddd_tm8 + group_tm7 + did_tm7 + ddd_tm7 + group_tm6 + did_tm6 + ddd_tm6 + group_tm5 + did_tm5 + ddd_tm5 + group_tm4 + did_tm4 + ddd_tm4 + group_tm3 + did_tm3 + ddd_tm3 + group_tm2 + did_tm2 + ddd_tm2 + group_t0 + did_t0 + ddd_t0 + group_t1 + did_t1 + ddd_t1 + group_t2 + did_t2 + ddd_t2 + group_t3 + did_t3 + ddd_t3 + group_t4 + did_t4 + ddd_t4 + group_t5 + did_t5 + ddd_t5 + group_t6 + did_t6 + ddd_t6 + group_t7 + did_t7 + ddd_t7 + group_t8 + did_t8 + ddd_t8 + group_t9 + did_t9 + ddd_t9 + group_t10 + did_t10 + ddd_t10 + group_t11 + did_t11 + ddd_t11 + group_t12 + did_t12 + ddd_t12 + group_t13 + did_t13 + ddd_t13 + group_t14 + did_t14 + ddd_t14 + group_t15 + did_t15 + ddd_t15 + group_t16 + did_t16 + ddd_t16 + group_t17 + did_t17 + ddd_t17 + group_t18 + did_t18 + ddd_t18 + group_t19 + did_t19 + ddd_t19 + group_t20 + did_t20 + ddd_t20 + group_t21 + did_t21 + ddd_t21 + group_t22 + did_t22 + ddd_t22 + group_t23 + did_t23 + ddd_t23 + group_t24 + did_t24 + ddd_t24 + idade_media_adm + pct_mulher_adm + pct_superior_adm + pct_negra_adm | cbo_4d + periodo,,0.2700056219890488,0.14358251317800994,0.06089832095041392,-0.011416103839850644,0.5514273478179483,estimated,thin,12,7
income_pnad,income_3_5sm,Mais de 3 até 5 salários mínimos,ln_admissoes,Admissões (log),ddd,strict_no_tail_binning,-5,False,True,estimated,12536,12536,340,pyfixest_retained_sample,ln_admissoes ~ group_tm12 + did_tm12 + ddd_tm12 + group_tm11 + did_tm11 + ddd_tm11 + group_tm10 + did_tm10 + ddd_tm10 + group_tm9 + did_tm9 + ddd_tm9 + group_tm8 + did_tm8 + ddd_tm8 + group_tm7 + did_tm7 + ddd_tm7 + group_tm6 + did_tm6 + ddd_tm6 + group_tm5 + did_tm5 + ddd_tm5 + group_tm4 + did_tm4 + ddd_tm4 + group_tm3 + did_tm3 + ddd_tm3 + group_tm2 + did_tm2 + ddd_tm2 + group_t0 + did_t0 + ddd_t0 + group_t1 + did_t1 + ddd_t1 + group_t2 + did_t2 + ddd_t2 + group_t3 + did_t3 + ddd_t3 + group_t4 + did_t4 + ddd_t4 + group_t5 + did_t5 + ddd_t5 + group_t6 + did_t6 + ddd_t6 + group_t7 + did_t7 + ddd_t7 + group_t8 + did_t8 + ddd_t8 + group_t9 + did_t9 + ddd_t9 + group_t10 + did_t10 + ddd_t10 + group_t11 + did_t11 + ddd_t11 + group_t12 + did_t12 + ddd_t12 + group_t13 + did_t13 + ddd_t13 + group_t14 + did_t14 + ddd_t14 + group_t15 + did_t15 + ddd_t15 + group_t16 + did_t16 + ddd_t16 + group_t17 + did_t17 + ddd_t17 + group_t18 + did_t18 + ddd_t18 + group_t19 + did_t19 + ddd_t19 + group_t20 + did_t20 + ddd_t20 + group_t21 + did_t21 + ddd_t21 + group_t22 + did_t22 + ddd_t22 + group_t23 + did_t23 + ddd_t23 + group_t24 + did_t24 + ddd_t24 + idade_media_adm + pct_mulher_adm + pct_superior_adm + pct_negra_adm | cbo_4d + periodo,,0.17976342064915712,0.07738374162318899,0.02076978208359015,0.028091287067706694,0.33143555423060755,estimated,thin,12,7
income_pnad,income_3_5sm,Mais de 3 até 5 salários mínimos,ln_admissoes,Admissões (log),ddd,strict_no_tail_binning,-4,False,True,estimated,12536,12536,340,pyfixest_retained_sample,ln_admissoes ~ group_tm12 + did_tm12 + ddd_tm12 + group_tm11 + did_tm11 + ddd_tm11 + group_tm10 + did_tm10 + ddd_tm10 + group_tm9 + did_tm9 + ddd_tm9 + group_tm8 + did_tm8 + ddd_tm8 + group_tm7 + did_tm7 + ddd_tm7 + group_tm6 + did_tm6 + ddd_tm6 + group_tm5 + did_tm5 + ddd_tm5 + group_tm4 + did_tm4 + ddd_tm4 + group_tm3 + did_tm3 + ddd_tm3 + group_tm2 + did_tm2 + ddd_tm2 + group_t0 + did_t0 + ddd_t0 + group_t1 + did_t1 + ddd_t1 + group_t2 + did_t2 + ddd_t2 + group_t3 + did_t3 + ddd_t3 + group_t4 + did_t4 + ddd_t4 + group_t5 + did_t5 + ddd_t5 + group_t6 + did_t6 + ddd_t6 + group_t7 + did_t7 + ddd_t7 + group_t8 + did_t8 + ddd_t8 + group_t9 + did_t9 + ddd_t9 + group_t10 + did_t10 + ddd_t10 + group_t11 + did_t11 + ddd_t11 + group_t12 + did_t12 + ddd_t12 + group_t13 + did_t13 + ddd_t13 + group_t14 + did_t14 + ddd_t14 + group_t15 + did_t15 + ddd_t15 + group_t16 + did_t16 + ddd_t16 + group_t17 + did_t17 + ddd_t17 + group_t18 + did_t18 + ddd_t18 + group_t19 + did_t19 + ddd_t19 + group_t20 + did_t20 + ddd_t20 + group_t21 + did_t21 + ddd_t21 + group_t22 + did_t22 + ddd_t22 + group_t23 + did_t23 + ddd_t23 + group_t24 + did_t24 + ddd_t24 + idade_media_adm + pct_mulher_adm + pct_superior_adm + pct_negra_adm | cbo_4d + periodo,,0.33113456180627243,0.17378751873205636,0.057574047488362146,-0.009488974908558045,0.6717580985211029,estimated,thin,12,7
income_pnad,income_3_5sm,Mais de 3 até 5 salários mínimos,ln_admissoes,Admissões (log),ddd,strict_no_tail_binning,-3,False,True,estimated,12536,12536,340,pyfixest_retained_sample,ln_admissoes ~ group_tm12 + did_tm12 + ddd_tm12 + group_tm11 + did_tm11 + ddd_tm11 + group_tm10 + did_tm10 + ddd_tm10 + group_tm9 + did_tm9 + ddd_tm9 + group_tm8 + did_tm8 + ddd_tm8 + group_tm7 + did_tm7 + ddd_tm7 + group_tm6 + did_tm6 + ddd_tm6 + group_tm5 + did_tm5 + ddd_tm5 + group_tm4 + did_tm4 + ddd_tm4 + group_tm3 + did_tm3 + ddd_tm3 + group_tm2 + did_tm2 + ddd_tm2 + group_t0 + did_t0 + ddd_t0 + group_t1 + did_t1 + ddd_t1 + group_t2 + did_t2 + ddd_t2 + group_t3 + did_t3 + ddd_t3 + group_t4 + did_t4 + ddd_t4 + group_t5 + did_t5 + ddd_t5 + group_t6 + did_t6 + ddd_t6 + group_t7 + did_t7 + ddd_t7 + group_t8 + did_t8 + ddd_t8 + group_t9 + did_t9 + ddd_t9 + group_t10 + did_t10 + ddd_t10 + group_t11 + did_t11 + ddd_t11 + group_t12 + did_t12 + ddd_t12 + group_t13 + did_t13 + ddd_t13 + group_t14 + did_t14 + ddd_t14 + group_t15 + did_t15 + ddd_t15 + group_t16 + did_t16 + ddd_t16 + group_t17 + did_t17 + ddd_t17 + group_t18 + did_t18 + ddd_t18 + group_t19 + did_t19 + ddd_t19 + group_t20 + did_t20 + ddd_t20 + group_t21 + did_t21 + ddd_t21 + group_t22 + did_t22 + ddd_t22 + group_t23 + did_t23 + ddd_t23 + group_t24 + did_t24 + ddd_t24 + idade_media_adm + pct_mulher_adm + pct_superior_adm + pct_negra_adm | cbo_4d + periodo,,0.03829467182968865,0.1168716073304045,0.7433676404351579,-0.19077367853790417,0.2673630221972815,estimated,thin,12,7
income_pnad,income_3_5sm,Mais de 3 até 5 salários mínimos,ln_admissoes,Admissões (log),ddd,strict_no_tail_binning,-2,False,True,estimated,12536,12536,340,pyfixest_retained_sample,ln_admissoes ~ group_tm12 + did_tm12 + ddd_tm12 + group_tm11 + did_tm11 + ddd_tm11 + group_tm10 + did_tm10 + ddd_tm10 + group_tm9 + did_tm9 + ddd_tm9 + group_tm8 + did_tm8 + ddd_tm8 + group_tm7 + did_tm7 + ddd_tm7 + group_tm6 + did_tm6 + ddd_tm6 + group_tm5 + did_tm5 + ddd_tm5 + group_tm4 + did_tm4 + ddd_tm4 + group_tm3 + did_tm3 + ddd_tm3 + group_tm2 + did_tm2 + ddd_tm2 + group_t0 + did_t0 + ddd_t0 + group_t1 + did_t1 + ddd_t1 + group_t2 + did_t2 + ddd_t2 + group_t3 + did_t3 + ddd_t3 + group_t4 + did_t4 + ddd_t4 + group_t5 + did_t5 + ddd_t5 + group_t6 + did_t6 + ddd_t6 + group_t7 + did_t7 + ddd_t7 + group_t8 + did_t8 + ddd_t8 + group_t9 + did_t9 + ddd_t9 + group_t10 + did_t10 + ddd_t10 + group_t11 + did_t11 + ddd_t11 + group_t12 + did_t12 + ddd_t12 + group_t13 + did_t13 + ddd_t13 + group_t14 + did_t14 + ddd_t14 + group_t15 + did_t15 + ddd_t15 + group_t16 + did_t16 + ddd_t16 + group_t17 + did_t17 + ddd_t17 + group_t18 + did_t18 + ddd_t18 + group_t19 + did_t19 + ddd_t19 + group_t20 + did_t20 + ddd_t20 + group_t21 + did_t21 + ddd_t21 + group_t22 + did_t22 + ddd_t22 + group_t23 + did_t23 + ddd_t23 + group_t24 + did_t24 + ddd_t24 + idade_media_adm + pct_mulher_adm + pct_superior_adm + pct_negra_adm | cbo_4d + periodo,,0.20357399049930228,0.1432452602369278,0.15619036079830417,-0.0771867195650762,0.4843347005636808,estimated,thin,12,7
income_pnad,income_3_5sm,Mais de 3 até 5 salários mínimos,ln_admissoes,Admissões (log),ddd,strict_no_tail_binning,-1,True,False,estimated,12536,12536,340,pyfixest_retained_sample,ln_admissoes ~ group_tm12 + did_tm12 + ddd_tm12 + group_tm11 + did_tm11 + ddd_tm11 + group_tm10 + did_tm10 + ddd_tm10 + group_tm9 + did_tm9 + ddd_tm9 + group_tm8 + did_tm8 + ddd_tm8 + group_tm7 + did_tm7 + ddd_tm7 + group_tm6 + did_tm6 + ddd_tm6 + group_tm5 + did_tm5 + ddd_tm5 + group_tm4 + did_tm4 + ddd_tm4 + group_tm3 + did_tm3 + ddd_tm3 + group_tm2 + did_tm2 + ddd_tm2 + group_t0 + did_t0 + ddd_t0 + group_t1 + did_t1 + ddd_t1 + group_t2 + did_t2 + ddd_t2 + group_t3 + did_t3 + ddd_t3 + group_t4 + did_t4 + ddd_t4 + group_t5 + did_t5 + ddd_t5 + group_t6 + did_t6 + ddd_t6 + group_t7 + did_t7 + ddd_t7 + group_t8 + did_t8 + ddd_t8 + group_t9 + did_t9 + ddd_t9 + group_t10 + did_t10 + ddd_t10 + group_t11 + did_t11 + ddd_t11 + group_t12 + did_t12 + ddd_t12 + group_t13 + did_t13 + ddd_t13 + group_t14 + did_t14 + ddd_t14 + group_t15 + did_t15 + ddd_t15 + group_t16 + did_t16 + ddd_t16 + group_t17 + did_t17 + ddd_t17 + group_t18 + did_t18 + ddd_t18 + group_t19 + did_t19 + ddd_t19 + group_t20 + did_t20 + ddd_t20 + group_t21 + did_t21 + ddd_t21 + group_t22 + did_t22 + ddd_t22 + group_t23 + did_t23 + ddd_t23 + group_t24 + did_t24 + ddd_t24 + idade_media_adm + pct_mulher_adm + pct_superior_adm + pct_negra_adm | cbo_4d + periodo,,0.0,0.0,,0.0,0.0,reference,thin,12,7
income_pnad,income_3_5sm,Mais de 3 até 5 salários mínimos,ln_admissoes,Admissões (log),ddd,strict_no_tail_binning,0,False,False,estimated,12536,12536,340,pyfixest_retained_sample,ln_admissoes ~ group_tm12 + did_tm12 + ddd_tm12 + group_tm11 + did_tm11 + ddd_tm11 + group_tm10 + did_tm10 + ddd_tm10 + group_tm9 + did_tm9 + ddd_tm9 + group_tm8 + did_tm8 + ddd_tm8 + group_tm7 + did_tm7 + ddd_tm7 + group_tm6 + did_tm6 + ddd_tm6 + group_tm5 + did_tm5 + ddd_tm5 + group_tm4 + did_tm4 + ddd_tm4 + group_tm3 + did_tm3 + ddd_tm3 + group_tm2 + did_tm2 + ddd_tm2 + group_t0 + did_t0 + ddd_t0 + group_t1 + did_t1 + ddd_t1 + group_t2 + did_t2 + ddd_t2 + group_t3 + did_t3 + ddd_t3 + group_t4 + did_t4 + ddd_t4 + group_t5 + did_t5 + ddd_t5 + group_t6 + did_t6 + ddd_t6 + group_t7 + did_t7 + ddd_t7 + group_t8 + did_t8 + ddd_t8 + group_t9 + did_t9 + ddd_t9 + group_t10 + did_t10 + ddd_t10 + group_t11 + did_t11 + ddd_t11 + group_t12 + did_t12 + ddd_t12 + group_t13 + did_t13 + ddd_t13 + group_t14 + did_t14 + ddd_t14 + group_t15 + did_t15 + ddd_t15 + group_t16 + did_t16 + ddd_t16 + group_t17 + did_t17 + ddd_t17 + group_t18 + did_t18 + ddd_t18 + group_t19 + did_t19 + ddd_t19 + group_t20 + did_t20 + ddd_t20 + group_t21 + did_t21 + ddd_t21 + group_t22 + did_t22 + ddd_t22 + group_t23 + did_t23 + ddd_t23 + group_t24 + did_t24 + ddd_t24 + idade_media_adm + pct_mulher_adm + pct_superior_adm + pct_negra_adm | cbo_4d + periodo,,-0.024987188041703925,0.12916731836950188,0.8467238066973635,-0.27815513204592757,0.22818075596251974,estimated,thin,12,7
income_pnad,income_3_5sm,Mais de 3 até 5 salários mínimos,ln_admissoes,Admissões (log),ddd,strict_no_tail_binning,1,False,False,estimated,12536,12536,340,pyfixest_retained_sample,ln_admissoes ~ group_tm12 + did_tm12 + ddd_tm12 + group_tm11 + did_tm11 + ddd_tm11 + group_tm10 + did_tm10 + ddd_tm10 + group_tm9 + did_tm9 + ddd_tm9 + group_tm8 + did_tm8 + ddd_tm8 + group_tm7 + did_tm7 + ddd_tm7 + group_tm6 + did_tm6 + ddd_tm6 + group_tm5 + did_tm5 + ddd_tm5 + group_tm4 + did_tm4 + ddd_tm4 + group_tm3 + did_tm3 + ddd_tm3 + group_tm2 + did_tm2 + ddd_tm2 + group_t0 + did_t0 + ddd_t0 + group_t1 + did_t1 + ddd_t1 + group_t2 + did_t2 + ddd_t2 + group_t3 + did_t3 + ddd_t3 + group_t4 + did_t4 + ddd_t4 + group_t5 + did_t5 + ddd_t5 + group_t6 + did_t6 + ddd_t6 + group_t7 + did_t7 + ddd_t7 + group_t8 + did_t8 + ddd_t8 + group_t9 + did_t9 + ddd_t9 + group_t10 + did_t10 + ddd_t10 + group_t11 + did_t11 + ddd_t11 + group_t12 + did_t12 + ddd_t12 + group_t13 + did_t13 + ddd_t13 + group_t14 + did_t14 + ddd_t14 + group_t15 + did_t15 + ddd_t15 + group_t16 + did_t16 + ddd_t16 + group_t17 + did_t17 + ddd_t17 + group_t18 + did_t18 + ddd_t18 + group_t19 + did_t19 + ddd_t19 + group_t20 + did_t20 + ddd_t20 + group_t21 + did_t21 + ddd_t21 + group_t22 + did_t22 + ddd_t22 + group_t23 + did_t23 + ddd_t23 + group_t24 + did_t24 + ddd_t24 + idade_media_adm + pct_mulher_adm + pct_superior_adm + pct_negra_adm | cbo_4d + periodo,,0.008225061431015271,0.12253150807703217,0.9465208930561049,-0.23193669439996778,0.2483868172619983,estimated,thin,12,7
income_pnad,income_3_5sm,Mais de 3 até 5 salários mínimos,ln_admissoes,Admissões (log),ddd,strict_no_tail_binning,2,False,False,estimated,12536,12536,340,pyfixest_retained_sample,ln_admissoes ~ group_tm12 + did_tm12 + ddd_tm12 + group_tm11 + did_tm11 + ddd_tm11 + group_tm10 + did_tm10 + ddd_tm10 + group_tm9 + did_tm9 + ddd_tm9 + group_tm8 + did_tm8 + ddd_tm8 + group_tm7 + did_tm7 + ddd_tm7 + group_tm6 + did_tm6 + ddd_tm6 + group_tm5 + did_tm5 + ddd_tm5 + group_tm4 + did_tm4 + ddd_tm4 + group_tm3 + did_tm3 + ddd_tm3 + group_tm2 + did_tm2 + ddd_tm2 + group_t0 + did_t0 + ddd_t0 + group_t1 + did_t1 + ddd_t1 + group_t2 + did_t2 + ddd_t2 + group_t3 + did_t3 + ddd_t3 + group_t4 + did_t4 + ddd_t4 + group_t5 + did_t5 + ddd_t5 + group_t6 + did_t6 + ddd_t6 + group_t7 + did_t7 + ddd_t7 + group_t8 + did_t8 + ddd_t8 + group_t9 + did_t9 + ddd_t9 + group_t10 + did_t10 + ddd_t10 + group_t11 + did_t11 + ddd_t11 + group_t12 + did_t12 + ddd_t12 + group_t13 + did_t13 + ddd_t13 + group_t14 + did_t14 + ddd_t14 + group_t15 + did_t15 + ddd_t15 + group_t16 + did_t16 + ddd_t16 + group_t17 + did_t17 + ddd_t17 + group_t18 + did_t18 + ddd_t18 + group_t19 + did_t19 + ddd_t19 + group_t20 + did_t20 + ddd_t20 + group_t21 + did_t21 + ddd_t21 + group_t22 + did_t22 + ddd_t22 + group_t23 + did_t23 + ddd_t23 + group_t24 + did_t24 + ddd_t24 + idade_media_adm + pct_mulher_adm + pct_superior_adm + pct_negra_adm | cbo_4d + periodo,,0.10391745092848077,0.14474263020915276,0.47328480089101577,-0.17977810428145863,0.38761300613842015,estimated,thin,12,7
income_pnad,income_3_5sm,Mais de 3 até 5 salários mínimos,ln_admissoes,Admissões (log),ddd,strict_no_tail_binning,3,False,False,estimated,12536,12536,340,pyfixest_retained_sample,ln_admissoes ~ group_tm12 + did_tm12 + ddd_tm12 + group_tm11 + did_tm11 + ddd_tm11 + group_tm10 + did_tm10 + ddd_tm10 + group_tm9 + did_tm9 + ddd_tm9 + group_tm8 + did_tm8 + ddd_tm8 + group_tm7 + did_tm7 + ddd_tm7 + group_tm6 + did_tm6 + ddd_tm6 + group_tm5 + did_tm5 + ddd_tm5 + group_tm4 + did_tm4 + ddd_tm4 + group_tm3 + did_tm3 + ddd_tm3 + group_tm2 + did_tm2 + ddd_tm2 + group_t0 + did_t0 + ddd_t0 + group_t1 + did_t1 + ddd_t1 + group_t2 + did_t2 + ddd_t2 + group_t3 + did_t3 + ddd_t3 + group_t4 + did_t4 + ddd_t4 + group_t5 + did_t5 + ddd_t5 + group_t6 + did_t6 + ddd_t6 + group_t7 + did_t7 + ddd_t7 + group_t8 + did_t8 + ddd_t8 + group_t9 + did_t9 + ddd_t9 + group_t10 + did_t10 + ddd_t10 + group_t11 + did_t11 + ddd_t11 + group_t12 + did_t12 + ddd_t12 + group_t13 + did_t13 + ddd_t13 + group_t14 + did_t14 + ddd_t14 + group_t15 + did_t15 + ddd_t15 + group_t16 + did_t16 + ddd_t16 + group_t17 + did_t17 + ddd_t17 + group_t18 + did_t18 + ddd_t18 + group_t19 + did_t19 + ddd_t19 + group_t20 + did_t20 + ddd_t20 + group_t21 + did_t21 + ddd_t21 + group_t22 + did_t22 + ddd_t22 + group_t23 + did_t23 + ddd_t23 + group_t24 + did_t24 + ddd_t24 + idade_media_adm + pct_mulher_adm + pct_superior_adm + pct_negra_adm | cbo_4d + periodo,,0.02466931539407144,0.10581813598636573,0.8158016486488151,-0.1827342311392054,0.23207286192734827,estimated,thin,12,7
income_pnad,income_3_5sm,Mais de 3 até 5 salários mínimos,ln_admissoes,Admissões (log),ddd,strict_no_tail_binning,4,False,False,estimated,12536,12536,340,pyfixest_retained_sample,ln_admissoes ~ group_tm12 + did_tm12 + ddd_tm12 + group_tm11 + did_tm11 + ddd_tm11 + group_tm10 + did_tm10 + ddd_tm10 + group_tm9 + did_tm9 + ddd_tm9 + group_tm8 + did_tm8 + ddd_tm8 + group_tm7 + did_tm7 + ddd_tm7 + group_tm6 + did_tm6 + ddd_tm6 + group_tm5 + did_tm5 + ddd_tm5 + group_tm4 + did_tm4 + ddd_tm4 + group_tm3 + did_tm3 + ddd_tm3 + group_tm2 + did_tm2 + ddd_tm2 + group_t0 + did_t0 + ddd_t0 + group_t1 + did_t1 + ddd_t1 + group_t2 + did_t2 + ddd_t2 + group_t3 + did_t3 + ddd_t3 + group_t4 + did_t4 + ddd_t4 + group_t5 + did_t5 + ddd_t5 + group_t6 + did_t6 + ddd_t6 + group_t7 + did_t7 + ddd_t7 + group_t8 + did_t8 + ddd_t8 + group_t9 + did_t9 + ddd_t9 + group_t10 + did_t10 + ddd_t10 + group_t11 + did_t11 + ddd_t11 + group_t12 + did_t12 + ddd_t12 + group_t13 + did_t13 + ddd_t13 + group_t14 + did_t14 + ddd_t14 + group_t15 + did_t15 + ddd_t15 + group_t16 + did_t16 + ddd_t16 + group_t17 + did_t17 + ddd_t17 + group_t18 + did_t18 + ddd_t18 + group_t19 + did_t19 + ddd_t19 + group_t20 + did_t20 + ddd_t20 + group_t21 + did_t21 + ddd_t21 + group_t22 + did_t22 + ddd_t22 + group_t23 + did_t23 + ddd_t23 + group_t24 + did_t24 + ddd_t24 + idade_media_adm + pct_mulher_adm + pct_superior_adm + pct_negra_adm | cbo_4d + periodo,,0.10798879525885767,0.14868098522433412,0.4681486545362772,-0.1834259357808372,0.3994035262985526,estimated,thin,12,7
income_pnad,income_3_5sm,Mais de 3 até 5 salários mínimos,ln_admissoes,Admissões (log),ddd,strict_no_tail_binning,5,False,False,estimated,12536,12536,340,pyfixest_retained_sample,ln_admissoes ~ group_tm12 + did_tm12 + ddd_tm12 + group_tm11 + did_tm11 + ddd_tm11 + group_tm10 + did_tm10 + ddd_tm10 + group_tm9 + did_tm9 + ddd_tm9 + group_tm8 + did_tm8 + ddd_tm8 + group_tm7 + did_tm7 + ddd_tm7 + group_tm6 + did_tm6 + ddd_tm6 + group_tm5 + did_tm5 + ddd_tm5 + group_tm4 + did_tm4 + ddd_tm4 + group_tm3 + did_tm3 + ddd_tm3 + group_tm2 + did_tm2 + ddd_tm2 + group_t0 + did_t0 + ddd_t0 + group_t1 + did_t1 + ddd_t1 + group_t2 + did_t2 + ddd_t2 + group_t3 + did_t3 + ddd_t3 + group_t4 + did_t4 + ddd_t4 + group_t5 + did_t5 + ddd_t5 + group_t6 + did_t6 + ddd_t6 + group_t7 + did_t7 + ddd_t7 + group_t8 + did_t8 + ddd_t8 + group_t9 + did_t9 + ddd_t9 + group_t10 + did_t10 + ddd_t10 + group_t11 + did_t11 + ddd_t11 + group_t12 + did_t12 + ddd_t12 + group_t13 + did_t13 + ddd_t13 + group_t14 + did_t14 + ddd_t14 + group_t15 + did_t15 + ddd_t15 + group_t16 + did_t16 + ddd_t16 + group_t17 + did_t17 + ddd_t17 + group_t18 + did_t18 + ddd_t18 + group_t19 + did_t19 + ddd_t19 + group_t20 + did_t20 + ddd_t20 + group_t21 + did_t21 + ddd_t21 + group_t22 + did_t22 + ddd_t22 + group_t23 + did_t23 + ddd_t23 + group_t24 + did_t24 + ddd_t24 + idade_media_adm + pct_mulher_adm + pct_superior_adm + pct_negra_adm | cbo_4d + periodo,,0.3204980623659791,0.20261933102882349,0.11463358973260807,-0.07663582645051492,0.7176319511824731,estimated,thin,12,7
income_pnad,income_3_5sm,Mais de 3 até 5 salários mínimos,ln_admissoes,Admissões (log),ddd,strict_no_tail_binning,6,False,False,estimated,12536,12536,340,pyfixest_retained_sample,ln_admissoes ~ group_tm12 + did_tm12 + ddd_tm12 + group_tm11 + did_tm11 + ddd_tm11 + group_tm10 + did_tm10 + ddd_tm10 + group_tm9 + did_tm9 + ddd_tm9 + group_tm8 + did_tm8 + ddd_tm8 + group_tm7 + did_tm7 + ddd_tm7 + group_tm6 + did_tm6 + ddd_tm6 + group_tm5 + did_tm5 + ddd_tm5 + group_tm4 + did_tm4 + ddd_tm4 + group_tm3 + did_tm3 + ddd_tm3 + group_tm2 + did_tm2 + ddd_tm2 + group_t0 + did_t0 + ddd_t0 + group_t1 + did_t1 + ddd_t1 + group_t2 + did_t2 + ddd_t2 + group_t3 + did_t3 + ddd_t3 + group_t4 + did_t4 + ddd_t4 + group_t5 + did_t5 + ddd_t5 + group_t6 + did_t6 + ddd_t6 + group_t7 + did_t7 + ddd_t7 + group_t8 + did_t8 + ddd_t8 + group_t9 + did_t9 + ddd_t9 + group_t10 + did_t10 + ddd_t10 + group_t11 + did_t11 + ddd_t11 + group_t12 + did_t12 + ddd_t12 + group_t13 + did_t13 + ddd_t13 + group_t14 + did_t14 + ddd_t14 + group_t15 + did_t15 + ddd_t15 + group_t16 + did_t16 + ddd_t16 + group_t17 + did_t17 + ddd_t17 + group_t18 + did_t18 + ddd_t18 + group_t19 + did_t19 + ddd_t19 + group_t20 + did_t20 + ddd_t20 + group_t21 + did_t21 + ddd_t21 + group_t22 + did_t22 + ddd_t22 + group_t23 + did_t23 + ddd_t23 + group_t24 + did_t24 + ddd_t24 + idade_media_adm + pct_mulher_adm + pct_superior_adm + pct_negra_adm | cbo_4d + periodo,,0.14596785333620324,0.14716425755318943,0.321968240918884,-0.14247409146804804,0.43440979814045455,estimated,thin,12,7
income_pnad,income_3_5sm,Mais de 3 até 5 salários mínimos,ln_admissoes,Admissões (log),ddd,strict_no_tail_binning,7,False,False,estimated,12536,12536,340,pyfixest_retained_sample,ln_admissoes ~ group_tm12 + did_tm12 + ddd_tm12 + group_tm11 + did_tm11 + ddd_tm11 + group_tm10 + did_tm10 + ddd_tm10 + group_tm9 + did_tm9 + ddd_tm9 + group_tm8 + did_tm8 + ddd_tm8 + group_tm7 + did_tm7 + ddd_tm7 + group_tm6 + did_tm6 + ddd_tm6 + group_tm5 + did_tm5 + ddd_tm5 + group_tm4 + did_tm4 + ddd_tm4 + group_tm3 + did_tm3 + ddd_tm3 + group_tm2 + did_tm2 + ddd_tm2 + group_t0 + did_t0 + ddd_t0 + group_t1 + did_t1 + ddd_t1 + group_t2 + did_t2 + ddd_t2 + group_t3 + did_t3 + ddd_t3 + group_t4 + did_t4 + ddd_t4 + group_t5 + did_t5 + ddd_t5 + group_t6 + did_t6 + ddd_t6 + group_t7 + did_t7 + ddd_t7 + group_t8 + did_t8 + ddd_t8 + group_t9 + did_t9 + ddd_t9 + group_t10 + did_t10 + ddd_t10 + group_t11 + did_t11 + ddd_t11 + group_t12 + did_t12 + ddd_t12 + group_t13 + did_t13 + ddd_t13 + group_t14 + did_t14 + ddd_t14 + group_t15 + did_t15 + ddd_t15 + group_t16 + did_t16 + ddd_t16 + group_t17 + did_t17 + ddd_t17 + group_t18 + did_t18 + ddd_t18 + group_t19 + did_t19 + ddd_t19 + group_t20 + did_t20 + ddd_t20 + group_t21 + did_t21 + ddd_t21 + group_t22 + did_t22 + ddd_t22 + group_t23 + did_t23 + ddd_t23 + group_t24 + did_t24 + ddd_t24 + idade_media_adm + pct_mulher_adm + pct_superior_adm + pct_negra_adm | cbo_4d + periodo,,0.30341157187244044,0.13576888069478973,0.026083914099644057,0.03730456571065255,0.5695185780342283,estimated,thin,12,7
income_pnad,income_3_5sm,Mais de 3 até 5 salários mínimos,ln_admissoes,Admissões (log),ddd,strict_no_tail_binning,8,False,False,estimated,12536,12536,340,pyfixest_retained_sample,ln_admissoes ~ group_tm12 + did_tm12 + ddd_tm12 + group_tm11 + did_tm11 + ddd_tm11 + group_tm10 + did_tm10 + ddd_tm10 + group_tm9 + did_tm9 + ddd_tm9 + group_tm8 + did_tm8 + ddd_tm8 + group_tm7 + did_tm7 + ddd_tm7 + group_tm6 + did_tm6 + ddd_tm6 + group_tm5 + did_tm5 + ddd_tm5 + group_tm4 + did_tm4 + ddd_tm4 + group_tm3 + did_tm3 + ddd_tm3 + group_tm2 + did_tm2 + ddd_tm2 + group_t0 + did_t0 + ddd_t0 + group_t1 + did_t1 + ddd_t1 + group_t2 + did_t2 + ddd_t2 + group_t3 + did_t3 + ddd_t3 + group_t4 + did_t4 + ddd_t4 + group_t5 + did_t5 + ddd_t5 + group_t6 + did_t6 + ddd_t6 + group_t7 + did_t7 + ddd_t7 + group_t8 + did_t8 + ddd_t8 + group_t9 + did_t9 + ddd_t9 + group_t10 + did_t10 + ddd_t10 + group_t11 + did_t11 + ddd_t11 + group_t12 + did_t12 + ddd_t12 + group_t13 + did_t13 + ddd_t13 + group_t14 + did_t14 + ddd_t14 + group_t15 + did_t15 + ddd_t15 + group_t16 + did_t16 + ddd_t16 + group_t17 + did_t17 + ddd_t17 + group_t18 + did_t18 + ddd_t18 + group_t19 + did_t19 + ddd_t19 + group_t20 + did_t20 + ddd_t20 + group_t21 + did_t21 + ddd_t21 + group_t22 + did_t22 + ddd_t22 + group_t23 + did_t23 + ddd_t23 + group_t24 + did_t24 + ddd_t24 + idade_media_adm + pct_mulher_adm + pct_superior_adm + pct_negra_adm | cbo_4d + periodo,,0.14645035699722797,0.1405625667602284,0.2982063730371991,-0.1290522738528197,0.42195298784727564,estimated,thin,12,7
income_pnad,income_3_5sm,Mais de 3 até 5 salários mínimos,ln_admissoes,Admissões (log),ddd,strict_no_tail_binning,9,False,False,estimated,12536,12536,340,pyfixest_retained_sample,ln_admissoes ~ group_tm12 + did_tm12 + ddd_tm12 + group_tm11 + did_tm11 + ddd_tm11 + group_tm10 + did_tm10 + ddd_tm10 + group_tm9 + did_tm9 + ddd_tm9 + group_tm8 + did_tm8 + ddd_tm8 + group_tm7 + did_tm7 + ddd_tm7 + group_tm6 + did_tm6 + ddd_tm6 + group_tm5 + did_tm5 + ddd_tm5 + group_tm4 + did_tm4 + ddd_tm4 + group_tm3 + did_tm3 + ddd_tm3 + group_tm2 + did_tm2 + ddd_tm2 + group_t0 + did_t0 + ddd_t0 + group_t1 + did_t1 + ddd_t1 + group_t2 + did_t2 + ddd_t2 + group_t3 + did_t3 + ddd_t3 + group_t4 + did_t4 + ddd_t4 + group_t5 + did_t5 + ddd_t5 + group_t6 + did_t6 + ddd_t6 + group_t7 + did_t7 + ddd_t7 + group_t8 + did_t8 + ddd_t8 + group_t9 + did_t9 + ddd_t9 + group_t10 + did_t10 + ddd_t10 + group_t11 + did_t11 + ddd_t11 + group_t12 + did_t12 + ddd_t12 + group_t13 + did_t13 + ddd_t13 + group_t14 + did_t14 + ddd_t14 + group_t15 + did_t15 + ddd_t15 + group_t16 + did_t16 + ddd_t16 + group_t17 + did_t17 + ddd_t17 + group_t18 + did_t18 + ddd_t18 + group_t19 + did_t19 + ddd_t19 + group_t20 + did_t20 + ddd_t20 + group_t21 + did_t21 + ddd_t21 + group_t22 + did_t22 + ddd_t22 + group_t23 + did_t23 + ddd_t23 + group_t24 + did_t24 + ddd_t24 + idade_media_adm + pct_mulher_adm + pct_superior_adm + pct_negra_adm | cbo_4d + periodo,,0.10264580407782462,0.10852878122769871,0.3449276127147187,-0.11007060712846486,0.3153622152841141,estimated,thin,12,7
income_pnad,income_3_5sm,Mais de 3 até 5 salários mínimos,ln_admissoes,Admissões (log),ddd,strict_no_tail_binning,10,False,False,estimated,12536,12536,340,pyfixest_retained_sample,ln_admissoes ~ group_tm12 + did_tm12 + ddd_tm12 + group_tm11 + did_tm11 + ddd_tm11 + group_tm10 + did_tm10 + ddd_tm10 + group_tm9 + did_tm9 + ddd_tm9 + group_tm8 + did_tm8 + ddd_tm8 + group_tm7 + did_tm7 + ddd_tm7 + group_tm6 + did_tm6 + ddd_tm6 + group_tm5 + did_tm5 + ddd_tm5 + group_tm4 + did_tm4 + ddd_tm4 + group_tm3 + did_tm3 + ddd_tm3 + group_tm2 + did_tm2 + ddd_tm2 + group_t0 + did_t0 + ddd_t0 + group_t1 + did_t1 + ddd_t1 + group_t2 + did_t2 + ddd_t2 + group_t3 + did_t3 + ddd_t3 + group_t4 + did_t4 + ddd_t4 + group_t5 + did_t5 + ddd_t5 + group_t6 + did_t6 + ddd_t6 + group_t7 + did_t7 + ddd_t7 + group_t8 + did_t8 + ddd_t8 + group_t9 + did_t9 + ddd_t9 + group_t10 + did_t10 + ddd_t10 + group_t11 + did_t11 + ddd_t11 + group_t12 + did_t12 + ddd_t12 + group_t13 + did_t13 + ddd_t13 + group_t14 + did_t14 + ddd_t14 + group_t15 + did_t15 + ddd_t15 + group_t16 + did_t16 + ddd_t16 + group_t17 + did_t17 + ddd_t17 + group_t18 + did_t18 + ddd_t18 + group_t19 + did_t19 + ddd_t19 + group_t20 + did_t20 + ddd_t20 + group_t21 + did_t21 + ddd_t21 + group_t22 + did_t22 + ddd_t22 + group_t23 + did_t23 + ddd_t23 + group_t24 + did_t24 + ddd_t24 + idade_media_adm + pct_mulher_adm + pct_superior_adm + pct_negra_adm | cbo_4d + periodo,,0.34031663819159125,0.16754786314327333,0.043018531309420904,0.011922826430775524,0.668710449952407,estimated,thin,12,7
income_pnad,income_3_5sm,Mais de 3 até 5 salários mínimos,ln_admissoes,Admissões (log),ddd,strict_no_tail_binning,11,False,False,estimated,12536,12536,340,pyfixest_retained_sample,ln_admissoes ~ group_tm12 + did_tm12 + ddd_tm12 + group_tm11 + did_tm11 + ddd_tm11 + group_tm10 + did_tm10 + ddd_tm10 + group_tm9 + did_tm9 + ddd_tm9 + group_tm8 + did_tm8 + ddd_tm8 + group_tm7 + did_tm7 + ddd_tm7 + group_tm6 + did_tm6 + ddd_tm6 + group_tm5 + did_tm5 + ddd_tm5 + group_tm4 + did_tm4 + ddd_tm4 + group_tm3 + did_tm3 + ddd_tm3 + group_tm2 + did_tm2 + ddd_tm2 + group_t0 + did_t0 + ddd_t0 + group_t1 + did_t1 + ddd_t1 + group_t2 + did_t2 + ddd_t2 + group_t3 + did_t3 + ddd_t3 + group_t4 + did_t4 + ddd_t4 + group_t5 + did_t5 + ddd_t5 + group_t6 + did_t6 + ddd_t6 + group_t7 + did_t7 + ddd_t7 + group_t8 + did_t8 + ddd_t8 + group_t9 + did_t9 + ddd_t9 + group_t10 + did_t10 + ddd_t10 + group_t11 + did_t11 + ddd_t11 + group_t12 + did_t12 + ddd_t12 + group_t13 + did_t13 + ddd_t13 + group_t14 + did_t14 + ddd_t14 + group_t15 + did_t15 + ddd_t15 + group_t16 + did_t16 + ddd_t16 + group_t17 + did_t17 + ddd_t17 + group_t18 + did_t18 + ddd_t18 + group_t19 + did_t19 + ddd_t19 + group_t20 + did_t20 + ddd_t20 + group_t21 + did_t21 + ddd_t21 + group_t22 + did_t22 + ddd_t22 + group_t23 + did_t23 + ddd_t23 + group_t24 + did_t24 + ddd_t24 + idade_media_adm + pct_mulher_adm + pct_superior_adm + pct_negra_adm | cbo_4d + periodo,,0.25890658648817577,0.1573427824751358,0.10079482278041652,-0.04948526716309043,0.567298440139442,estimated,thin,12,7
income_pnad,income_3_5sm,Mais de 3 até 5 salários mínimos,ln_admissoes,Admissões (log),ddd,strict_no_tail_binning,12,False,False,estimated,12536,12536,340,pyfixest_retained_sample,ln_admissoes ~ group_tm12 + did_tm12 + ddd_tm12 + group_tm11 + did_tm11 + ddd_tm11 + group_tm10 + did_tm10 + ddd_tm10 + group_tm9 + did_tm9 + ddd_tm9 + group_tm8 + did_tm8 + ddd_tm8 + group_tm7 + did_tm7 + ddd_tm7 + group_tm6 + did_tm6 + ddd_tm6 + group_tm5 + did_tm5 + ddd_tm5 + group_tm4 + did_tm4 + ddd_tm4 + group_tm3 + did_tm3 + ddd_tm3 + group_tm2 + did_tm2 + ddd_tm2 + group_t0 + did_t0 + ddd_t0 + group_t1 + did_t1 + ddd_t1 + group_t2 + did_t2 + ddd_t2 + group_t3 + did_t3 + ddd_t3 + group_t4 + did_t4 + ddd_t4 + group_t5 + did_t5 + ddd_t5 + group_t6 + did_t6 + ddd_t6 + group_t7 + did_t7 + ddd_t7 + group_t8 + did_t8 + ddd_t8 + group_t9 + did_t9 + ddd_t9 + group_t10 + did_t10 + ddd_t10 + group_t11 + did_t11 + ddd_t11 + group_t12 + did_t12 + ddd_t12 + group_t13 + did_t13 + ddd_t13 + group_t14 + did_t14 + ddd_t14 + group_t15 + did_t15 + ddd_t15 + group_t16 + did_t16 + ddd_t16 + group_t17 + did_t17 + ddd_t17 + group_t18 + did_t18 + ddd_t18 + group_t19 + did_t19 + ddd_t19 + group_t20 + did_t20 + ddd_t20 + group_t21 + did_t21 + ddd_t21 + group_t22 + did_t22 + ddd_t22 + group_t23 + did_t23 + ddd_t23 + group_t24 + did_t24 + ddd_t24 + idade_media_adm + pct_mulher_adm + pct_superior_adm + pct_negra_adm | cbo_4d + periodo,,0.13938042533859268,0.2085293384465046,0.5043349288369834,-0.2693370780165563,0.5480979286937417,estimated,thin,12,7
income_pnad,income_3_5sm,Mais de 3 até 5 salários mínimos,ln_admissoes,Admissões (log),ddd,strict_no_tail_binning,13,False,False,estimated,12536,12536,340,pyfixest_retained_sample,ln_admissoes ~ group_tm12 + did_tm12 + ddd_tm12 + group_tm11 + did_tm11 + ddd_tm11 + group_tm10 + did_tm10 + ddd_tm10 + group_tm9 + did_tm9 + ddd_tm9 + group_tm8 + did_tm8 + ddd_tm8 + group_tm7 + did_tm7 + ddd_tm7 + group_tm6 + did_tm6 + ddd_tm6 + group_tm5 + did_tm5 + ddd_tm5 + group_tm4 + did_tm4 + ddd_tm4 + group_tm3 + did_tm3 + ddd_tm3 + group_tm2 + did_tm2 + ddd_tm2 + group_t0 + did_t0 + ddd_t0 + group_t1 + did_t1 + ddd_t1 + group_t2 + did_t2 + ddd_t2 + group_t3 + did_t3 + ddd_t3 + group_t4 + did_t4 + ddd_t4 + group_t5 + did_t5 + ddd_t5 + group_t6 + did_t6 + ddd_t6 + group_t7 + did_t7 + ddd_t7 + group_t8 + did_t8 + ddd_t8 + group_t9 + did_t9 + ddd_t9 + group_t10 + did_t10 + ddd_t10 + group_t11 + did_t11 + ddd_t11 + group_t12 + did_t12 + ddd_t12 + group_t13 + did_t13 + ddd_t13 + group_t14 + did_t14 + ddd_t14 + group_t15 + did_t15 + ddd_t15 + group_t16 + did_t16 + ddd_t16 + group_t17 + did_t17 + ddd_t17 + group_t18 + did_t18 + ddd_t18 + group_t19 + did_t19 + ddd_t19 + group_t20 + did_t20 + ddd_t20 + group_t21 + did_t21 + ddd_t21 + group_t22 + did_t22 + ddd_t22 + group_t23 + did_t23 + ddd_t23 + group_t24 + did_t24 + ddd_t24 + idade_media_adm + pct_mulher_adm + pct_superior_adm + pct_negra_adm | cbo_4d + periodo,,0.1912357628640599,0.11601561369837686,0.10020477140405393,-0.03615483998475874,0.4186263657128786,estimated,thin,12,7
income_pnad,income_3_5sm,Mais de 3 até 5 salários mínimos,ln_admissoes,Admissões (log),ddd,strict_no_tail_binning,14,False,False,estimated,12536,12536,340,pyfixest_retained_sample,ln_admissoes ~ group_tm12 + did_tm12 + ddd_tm12 + group_tm11 + did_tm11 + ddd_tm11 + group_tm10 + did_tm10 + ddd_tm10 + group_tm9 + did_tm9 + ddd_tm9 + group_tm8 + did_tm8 + ddd_tm8 + group_tm7 + did_tm7 + ddd_tm7 + group_tm6 + did_tm6 + ddd_tm6 + group_tm5 + did_tm5 + ddd_tm5 + group_tm4 + did_tm4 + ddd_tm4 + group_tm3 + did_tm3 + ddd_tm3 + group_tm2 + did_tm2 + ddd_tm2 + group_t0 + did_t0 + ddd_t0 + group_t1 + did_t1 + ddd_t1 + group_t2 + did_t2 + ddd_t2 + group_t3 + did_t3 + ddd_t3 + group_t4 + did_t4 + ddd_t4 + group_t5 + did_t5 + ddd_t5 + group_t6 + did_t6 + ddd_t6 + group_t7 + did_t7 + ddd_t7 + group_t8 + did_t8 + ddd_t8 + group_t9 + did_t9 + ddd_t9 + group_t10 + did_t10 + ddd_t10 + group_t11 + did_t11 + ddd_t11 + group_t12 + did_t12 + ddd_t12 + group_t13 + did_t13 + ddd_t13 + group_t14 + did_t14 + ddd_t14 + group_t15 + did_t15 + ddd_t15 + group_t16 + did_t16 + ddd_t16 + group_t17 + did_t17 + ddd_t17 + group_t18 + did_t18 + ddd_t18 + group_t19 + did_t19 + ddd_t19 + group_t20 + did_t20 + ddd_t20 + group_t21 + did_t21 + ddd_t21 + group_t22 + did_t22 + ddd_t22 + group_t23 + did_t23 + ddd_t23 + group_t24 + did_t24 + ddd_t24 + idade_media_adm + pct_mulher_adm + pct_superior_adm + pct_negra_adm | cbo_4d + periodo,,0.11315642379402377,0.1448352843873319,0.4351850728068247,-0.17072073360514675,0.3970335811931943,estimated,thin,12,7
income_pnad,income_3_5sm,Mais de 3 até 5 salários mínimos,ln_admissoes,Admissões (log),ddd,strict_no_tail_binning,15,False,False,estimated,12536,12536,340,pyfixest_retained_sample,ln_admissoes ~ group_tm12 + did_tm12 + ddd_tm12 + group_tm11 + did_tm11 + ddd_tm11 + group_tm10 + did_tm10 + ddd_tm10 + group_tm9 + did_tm9 + ddd_tm9 + group_tm8 + did_tm8 + ddd_tm8 + group_tm7 + did_tm7 + ddd_tm7 + group_tm6 + did_tm6 + ddd_tm6 + group_tm5 + did_tm5 + ddd_tm5 + group_tm4 + did_tm4 + ddd_tm4 + group_tm3 + did_tm3 + ddd_tm3 + group_tm2 + did_tm2 + ddd_tm2 + group_t0 + did_t0 + ddd_t0 + group_t1 + did_t1 + ddd_t1 + group_t2 + did_t2 + ddd_t2 + group_t3 + did_t3 + ddd_t3 + group_t4 + did_t4 + ddd_t4 + group_t5 + did_t5 + ddd_t5 + group_t6 + did_t6 + ddd_t6 + group_t7 + did_t7 + ddd_t7 + group_t8 + did_t8 + ddd_t8 + group_t9 + did_t9 + ddd_t9 + group_t10 + did_t10 + ddd_t10 + group_t11 + did_t11 + ddd_t11 + group_t12 + did_t12 + ddd_t12 + group_t13 + did_t13 + ddd_t13 + group_t14 + did_t14 + ddd_t14 + group_t15 + did_t15 + ddd_t15 + group_t16 + did_t16 + ddd_t16 + group_t17 + did_t17 + ddd_t17 + group_t18 + did_t18 + ddd_t18 + group_t19 + did_t19 + ddd_t19 + group_t20 + did_t20 + ddd_t20 + group_t21 + did_t21 + ddd_t21 + group_t22 + did_t22 + ddd_t22 + group_t23 + did_t23 + ddd_t23 + group_t24 + did_t24 + ddd_t24 + idade_media_adm + pct_mulher_adm + pct_superior_adm + pct_negra_adm | cbo_4d + periodo,,0.17830387899729858,0.16819404010659522,0.28985009615850643,-0.15135643961162806,0.5079641976062252,estimated,thin,12,7
income_pnad,income_3_5sm,Mais de 3 até 5 salários mínimos,ln_admissoes,Admissões (log),ddd,strict_no_tail_binning,16,False,False,estimated,12536,12536,340,pyfixest_retained_sample,ln_admissoes ~ group_tm12 + did_tm12 + ddd_tm12 + group_tm11 + did_tm11 + ddd_tm11 + group_tm10 + did_tm10 + ddd_tm10 + group_tm9 + did_tm9 + ddd_tm9 + group_tm8 + did_tm8 + ddd_tm8 + group_tm7 + did_tm7 + ddd_tm7 + group_tm6 + did_tm6 + ddd_tm6 + group_tm5 + did_tm5 + ddd_tm5 + group_tm4 + did_tm4 + ddd_tm4 + group_tm3 + did_tm3 + ddd_tm3 + group_tm2 + did_tm2 + ddd_tm2 + group_t0 + did_t0 + ddd_t0 + group_t1 + did_t1 + ddd_t1 + group_t2 + did_t2 + ddd_t2 + group_t3 + did_t3 + ddd_t3 + group_t4 + did_t4 + ddd_t4 + group_t5 + did_t5 + ddd_t5 + group_t6 + did_t6 + ddd_t6 + group_t7 + did_t7 + ddd_t7 + group_t8 + did_t8 + ddd_t8 + group_t9 + did_t9 + ddd_t9 + group_t10 + did_t10 + ddd_t10 + group_t11 + did_t11 + ddd_t11 + group_t12 + did_t12 + ddd_t12 + group_t13 + did_t13 + ddd_t13 + group_t14 + did_t14 + ddd_t14 + group_t15 + did_t15 + ddd_t15 + group_t16 + did_t16 + ddd_t16 + group_t17 + did_t17 + ddd_t17 + group_t18 + did_t18 + ddd_t18 + group_t19 + did_t19 + ddd_t19 + group_t20 + did_t20 + ddd_t20 + group_t21 + did_t21 + ddd_t21 + group_t22 + did_t22 + ddd_t22 + group_t23 + did_t23 + ddd_t23 + group_t24 + did_t24 + ddd_t24 + idade_media_adm + pct_mulher_adm + pct_superior_adm + pct_negra_adm | cbo_4d + periodo,,0.15526075972278094,0.1443488353286494,0.28287371788138405,-0.12766295752137188,0.43818447696693374,estimated,thin,12,7
income_pnad,income_3_5sm,Mais de 3 até 5 salários mínimos,ln_admissoes,Admissões (log),ddd,strict_no_tail_binning,17,False,False,estimated,12536,12536,340,pyfixest_retained_sample,ln_admissoes ~ group_tm12 + did_tm12 + ddd_tm12 + group_tm11 + did_tm11 + ddd_tm11 + group_tm10 + did_tm10 + ddd_tm10 + group_tm9 + did_tm9 + ddd_tm9 + group_tm8 + did_tm8 + ddd_tm8 + group_tm7 + did_tm7 + ddd_tm7 + group_tm6 + did_tm6 + ddd_tm6 + group_tm5 + did_tm5 + ddd_tm5 + group_tm4 + did_tm4 + ddd_tm4 + group_tm3 + did_tm3 + ddd_tm3 + group_tm2 + did_tm2 + ddd_tm2 + group_t0 + did_t0 + ddd_t0 + group_t1 + did_t1 + ddd_t1 + group_t2 + did_t2 + ddd_t2 + group_t3 + did_t3 + ddd_t3 + group_t4 + did_t4 + ddd_t4 + group_t5 + did_t5 + ddd_t5 + group_t6 + did_t6 + ddd_t6 + group_t7 + did_t7 + ddd_t7 + group_t8 + did_t8 + ddd_t8 + group_t9 + did_t9 + ddd_t9 + group_t10 + did_t10 + ddd_t10 + group_t11 + did_t11 + ddd_t11 + group_t12 + did_t12 + ddd_t12 + group_t13 + did_t13 + ddd_t13 + group_t14 + did_t14 + ddd_t14 + group_t15 + did_t15 + ddd_t15 + group_t16 + did_t16 + ddd_t16 + group_t17 + did_t17 + ddd_t17 + group_t18 + did_t18 + ddd_t18 + group_t19 + did_t19 + ddd_t19 + group_t20 + did_t20 + ddd_t20 + group_t21 + did_t21 + ddd_t21 + group_t22 + did_t22 + ddd_t22 + group_t23 + did_t23 + ddd_t23 + group_t24 + did_t24 + ddd_t24 + idade_media_adm + pct_mulher_adm + pct_superior_adm + pct_negra_adm | cbo_4d + periodo,,0.16777490434852407,0.15587760331510883,0.28254747393163093,-0.13774519814908923,0.47329500684613734,estimated,thin,12,7
income_pnad,income_3_5sm,Mais de 3 até 5 salários mínimos,ln_admissoes,Admissões (log),ddd,strict_no_tail_binning,18,False,False,estimated,12536,12536,340,pyfixest_retained_sample,ln_admissoes ~ group_tm12 + did_tm12 + ddd_tm12 + group_tm11 + did_tm11 + ddd_tm11 + group_tm10 + did_tm10 + ddd_tm10 + group_tm9 + did_tm9 + ddd_tm9 + group_tm8 + did_tm8 + ddd_tm8 + group_tm7 + did_tm7 + ddd_tm7 + group_tm6 + did_tm6 + ddd_tm6 + group_tm5 + did_tm5 + ddd_tm5 + group_tm4 + did_tm4 + ddd_tm4 + group_tm3 + did_tm3 + ddd_tm3 + group_tm2 + did_tm2 + ddd_tm2 + group_t0 + did_t0 + ddd_t0 + group_t1 + did_t1 + ddd_t1 + group_t2 + did_t2 + ddd_t2 + group_t3 + did_t3 + ddd_t3 + group_t4 + did_t4 + ddd_t4 + group_t5 + did_t5 + ddd_t5 + group_t6 + did_t6 + ddd_t6 + group_t7 + did_t7 + ddd_t7 + group_t8 + did_t8 + ddd_t8 + group_t9 + did_t9 + ddd_t9 + group_t10 + did_t10 + ddd_t10 + group_t11 + did_t11 + ddd_t11 + group_t12 + did_t12 + ddd_t12 + group_t13 + did_t13 + ddd_t13 + group_t14 + did_t14 + ddd_t14 + group_t15 + did_t15 + ddd_t15 + group_t16 + did_t16 + ddd_t16 + group_t17 + did_t17 + ddd_t17 + group_t18 + did_t18 + ddd_t18 + group_t19 + did_t19 + ddd_t19 + group_t20 + did_t20 + ddd_t20 + group_t21 + did_t21 + ddd_t21 + group_t22 + did_t22 + ddd_t22 + group_t23 + did_t23 + ddd_t23 + group_t24 + did_t24 + ddd_t24 + idade_media_adm + pct_mulher_adm + pct_superior_adm + pct_negra_adm | cbo_4d + periodo,,0.36654285337197057,0.14504564509174012,0.011955559769525115,0.08225338899215995,0.6508323177517812,estimated,thin,12,7
income_pnad,income_3_5sm,Mais de 3 até 5 salários mínimos,ln_admissoes,Admissões (log),ddd,strict_no_tail_binning,19,False,False,estimated,12536,12536,340,pyfixest_retained_sample,ln_admissoes ~ group_tm12 + did_tm12 + ddd_tm12 + group_tm11 + did_tm11 + ddd_tm11 + group_tm10 + did_tm10 + ddd_tm10 + group_tm9 + did_tm9 + ddd_tm9 + group_tm8 + did_tm8 + ddd_tm8 + group_tm7 + did_tm7 + ddd_tm7 + group_tm6 + did_tm6 + ddd_tm6 + group_tm5 + did_tm5 + ddd_tm5 + group_tm4 + did_tm4 + ddd_tm4 + group_tm3 + did_tm3 + ddd_tm3 + group_tm2 + did_tm2 + ddd_tm2 + group_t0 + did_t0 + ddd_t0 + group_t1 + did_t1 + ddd_t1 + group_t2 + did_t2 + ddd_t2 + group_t3 + did_t3 + ddd_t3 + group_t4 + did_t4 + ddd_t4 + group_t5 + did_t5 + ddd_t5 + group_t6 + did_t6 + ddd_t6 + group_t7 + did_t7 + ddd_t7 + group_t8 + did_t8 + ddd_t8 + group_t9 + did_t9 + ddd_t9 + group_t10 + did_t10 + ddd_t10 + group_t11 + did_t11 + ddd_t11 + group_t12 + did_t12 + ddd_t12 + group_t13 + did_t13 + ddd_t13 + group_t14 + did_t14 + ddd_t14 + group_t15 + did_t15 + ddd_t15 + group_t16 + did_t16 + ddd_t16 + group_t17 + did_t17 + ddd_t17 + group_t18 + did_t18 + ddd_t18 + group_t19 + did_t19 + ddd_t19 + group_t20 + did_t20 + ddd_t20 + group_t21 + did_t21 + ddd_t21 + group_t22 + did_t22 + ddd_t22 + group_t23 + did_t23 + ddd_t23 + group_t24 + did_t24 + ddd_t24 + idade_media_adm + pct_mulher_adm + pct_superior_adm + pct_negra_adm | cbo_4d + periodo,,0.15518737659265444,0.11249177890636758,0.1686363376338993,-0.065296510063826,0.3756712632491349,estimated,thin,12,7
income_pnad,income_3_5sm,Mais de 3 até 5 salários mínimos,ln_admissoes,Admissões (log),ddd,strict_no_tail_binning,20,False,False,estimated,12536,12536,340,pyfixest_retained_sample,ln_admissoes ~ group_tm12 + did_tm12 + ddd_tm12 + group_tm11 + did_tm11 + ddd_tm11 + group_tm10 + did_tm10 + ddd_tm10 + group_tm9 + did_tm9 + ddd_tm9 + group_tm8 + did_tm8 + ddd_tm8 + group_tm7 + did_tm7 + ddd_tm7 + group_tm6 + did_tm6 + ddd_tm6 + group_tm5 + did_tm5 + ddd_tm5 + group_tm4 + did_tm4 + ddd_tm4 + group_tm3 + did_tm3 + ddd_tm3 + group_tm2 + did_tm2 + ddd_tm2 + group_t0 + did_t0 + ddd_t0 + group_t1 + did_t1 + ddd_t1 + group_t2 + did_t2 + ddd_t2 + group_t3 + did_t3 + ddd_t3 + group_t4 + did_t4 + ddd_t4 + group_t5 + did_t5 + ddd_t5 + group_t6 + did_t6 + ddd_t6 + group_t7 + did_t7 + ddd_t7 + group_t8 + did_t8 + ddd_t8 + group_t9 + did_t9 + ddd_t9 + group_t10 + did_t10 + ddd_t10 + group_t11 + did_t11 + ddd_t11 + group_t12 + did_t12 + ddd_t12 + group_t13 + did_t13 + ddd_t13 + group_t14 + did_t14 + ddd_t14 + group_t15 + did_t15 + ddd_t15 + group_t16 + did_t16 + ddd_t16 + group_t17 + did_t17 + ddd_t17 + group_t18 + did_t18 + ddd_t18 + group_t19 + did_t19 + ddd_t19 + group_t20 + did_t20 + ddd_t20 + group_t21 + did_t21 + ddd_t21 + group_t22 + did_t22 + ddd_t22 + group_t23 + did_t23 + ddd_t23 + group_t24 + did_t24 + ddd_t24 + idade_media_adm + pct_mulher_adm + pct_superior_adm + pct_negra_adm | cbo_4d + periodo,,0.2800390503235866,0.14212375319761902,0.04960726581217778,0.0014764940562533302,0.5586016065909198,estimated,thin,12,7
income_pnad,income_3_5sm,Mais de 3 até 5 salários mínimos,ln_admissoes,Admissões (log),ddd,strict_no_tail_binning,21,False,False,estimated,12536,12536,340,pyfixest_retained_sample,ln_admissoes ~ group_tm12 + did_tm12 + ddd_tm12 + group_tm11 + did_tm11 + ddd_tm11 + group_tm10 + did_tm10 + ddd_tm10 + group_tm9 + did_tm9 + ddd_tm9 + group_tm8 + did_tm8 + ddd_tm8 + group_tm7 + did_tm7 + ddd_tm7 + group_tm6 + did_tm6 + ddd_tm6 + group_tm5 + did_tm5 + ddd_tm5 + group_tm4 + did_tm4 + ddd_tm4 + group_tm3 + did_tm3 + ddd_tm3 + group_tm2 + did_tm2 + ddd_tm2 + group_t0 + did_t0 + ddd_t0 + group_t1 + did_t1 + ddd_t1 + group_t2 + did_t2 + ddd_t2 + group_t3 + did_t3 + ddd_t3 + group_t4 + did_t4 + ddd_t4 + group_t5 + did_t5 + ddd_t5 + group_t6 + did_t6 + ddd_t6 + group_t7 + did_t7 + ddd_t7 + group_t8 + did_t8 + ddd_t8 + group_t9 + did_t9 + ddd_t9 + group_t10 + did_t10 + ddd_t10 + group_t11 + did_t11 + ddd_t11 + group_t12 + did_t12 + ddd_t12 + group_t13 + did_t13 + ddd_t13 + group_t14 + did_t14 + ddd_t14 + group_t15 + did_t15 + ddd_t15 + group_t16 + did_t16 + ddd_t16 + group_t17 + did_t17 + ddd_t17 + group_t18 + did_t18 + ddd_t18 + group_t19 + did_t19 + ddd_t19 + group_t20 + did_t20 + ddd_t20 + group_t21 + did_t21 + ddd_t21 + group_t22 + did_t22 + ddd_t22 + group_t23 + did_t23 + ddd_t23 + group_t24 + did_t24 + ddd_t24 + idade_media_adm + pct_mulher_adm + pct_superior_adm + pct_negra_adm | cbo_4d + periodo,,0.3038530954954514,0.12897366949196779,0.01904519907365443,0.05106470329119456,0.5566414876997083,estimated,thin,12,7
income_pnad,income_3_5sm,Mais de 3 até 5 salários mínimos,ln_admissoes,Admissões (log),ddd,strict_no_tail_binning,22,False,False,estimated,12536,12536,340,pyfixest_retained_sample,ln_admissoes ~ group_tm12 + did_tm12 + ddd_tm12 + group_tm11 + did_tm11 + ddd_tm11 + group_tm10 + did_tm10 + ddd_tm10 + group_tm9 + did_tm9 + ddd_tm9 + group_tm8 + did_tm8 + ddd_tm8 + group_tm7 + did_tm7 + ddd_tm7 + group_tm6 + did_tm6 + ddd_tm6 + group_tm5 + did_tm5 + ddd_tm5 + group_tm4 + did_tm4 + ddd_tm4 + group_tm3 + did_tm3 + ddd_tm3 + group_tm2 + did_tm2 + ddd_tm2 + group_t0 + did_t0 + ddd_t0 + group_t1 + did_t1 + ddd_t1 + group_t2 + did_t2 + ddd_t2 + group_t3 + did_t3 + ddd_t3 + group_t4 + did_t4 + ddd_t4 + group_t5 + did_t5 + ddd_t5 + group_t6 + did_t6 + ddd_t6 + group_t7 + did_t7 + ddd_t7 + group_t8 + did_t8 + ddd_t8 + group_t9 + did_t9 + ddd_t9 + group_t10 + did_t10 + ddd_t10 + group_t11 + did_t11 + ddd_t11 + group_t12 + did_t12 + ddd_t12 + group_t13 + did_t13 + ddd_t13 + group_t14 + did_t14 + ddd_t14 + group_t15 + did_t15 + ddd_t15 + group_t16 + did_t16 + ddd_t16 + group_t17 + did_t17 + ddd_t17 + group_t18 + did_t18 + ddd_t18 + group_t19 + did_t19 + ddd_t19 + group_t20 + did_t20 + ddd_t20 + group_t21 + did_t21 + ddd_t21 + group_t22 + did_t22 + ddd_t22 + group_t23 + did_t23 + ddd_t23 + group_t24 + did_t24 + ddd_t24 + idade_media_adm + pct_mulher_adm + pct_superior_adm + pct_negra_adm | cbo_4d + periodo,,0.5996795018648878,0.20729760702236819,0.004064529085107571,0.19337619210104617,1.0059828116287295,estimated,thin,12,7
income_pnad,income_3_5sm,Mais de 3 até 5 salários mínimos,ln_admissoes,Admissões (log),ddd,strict_no_tail_binning,23,False,False,estimated,12536,12536,340,pyfixest_retained_sample,ln_admissoes ~ group_tm12 + did_tm12 + ddd_tm12 + group_tm11 + did_tm11 + ddd_tm11 + group_tm10 + did_tm10 + ddd_tm10 + group_tm9 + did_tm9 + ddd_tm9 + group_tm8 + did_tm8 + ddd_tm8 + group_tm7 + did_tm7 + ddd_tm7 + group_tm6 + did_tm6 + ddd_tm6 + group_tm5 + did_tm5 + ddd_tm5 + group_tm4 + did_tm4 + ddd_tm4 + group_tm3 + did_tm3 + ddd_tm3 + group_tm2 + did_tm2 + ddd_tm2 + group_t0 + did_t0 + ddd_t0 + group_t1 + did_t1 + ddd_t1 + group_t2 + did_t2 + ddd_t2 + group_t3 + did_t3 + ddd_t3 + group_t4 + did_t4 + ddd_t4 + group_t5 + did_t5 + ddd_t5 + group_t6 + did_t6 + ddd_t6 + group_t7 + did_t7 + ddd_t7 + group_t8 + did_t8 + ddd_t8 + group_t9 + did_t9 + ddd_t9 + group_t10 + did_t10 + ddd_t10 + group_t11 + did_t11 + ddd_t11 + group_t12 + did_t12 + ddd_t12 + group_t13 + did_t13 + ddd_t13 + group_t14 + did_t14 + ddd_t14 + group_t15 + did_t15 + ddd_t15 + group_t16 + did_t16 + ddd_t16 + group_t17 + did_t17 + ddd_t17 + group_t18 + did_t18 + ddd_t18 + group_t19 + did_t19 + ddd_t19 + group_t20 + did_t20 + ddd_t20 + group_t21 + did_t21 + ddd_t21 + group_t22 + did_t22 + ddd_t22 + group_t23 + did_t23 + ddd_t23 + group_t24 + did_t24 + ddd_t24 + idade_media_adm + pct_mulher_adm + pct_superior_adm + pct_negra_adm | cbo_4d + periodo,,0.3369628198018872,0.1475113253487066,0.02297049648507432,0.04784062211842227,0.6260850174853521,estimated,thin,12,7
income_pnad,income_3_5sm,Mais de 3 até 5 salários mínimos,ln_admissoes,Admissões (log),ddd,strict_no_tail_binning,24,False,False,estimated,12536,12536,340,pyfixest_retained_sample,ln_admissoes ~ group_tm12 + did_tm12 + ddd_tm12 + group_tm11 + did_tm11 + ddd_tm11 + group_tm10 + did_tm10 + ddd_tm10 + group_tm9 + did_tm9 + ddd_tm9 + group_tm8 + did_tm8 + ddd_tm8 + group_tm7 + did_tm7 + ddd_tm7 + group_tm6 + did_tm6 + ddd_tm6 + group_tm5 + did_tm5 + ddd_tm5 + group_tm4 + did_tm4 + ddd_tm4 + group_tm3 + did_tm3 + ddd_tm3 + group_tm2 + did_tm2 + ddd_tm2 + group_t0 + did_t0 + ddd_t0 + group_t1 + did_t1 + ddd_t1 + group_t2 + did_t2 + ddd_t2 + group_t3 + did_t3 + ddd_t3 + group_t4 + did_t4 + ddd_t4 + group_t5 + did_t5 + ddd_t5 + group_t6 + did_t6 + ddd_t6 + group_t7 + did_t7 + ddd_t7 + group_t8 + did_t8 + ddd_t8 + group_t9 + did_t9 + ddd_t9 + group_t10 + did_t10 + ddd_t10 + group_t11 + did_t11 + ddd_t11 + group_t12 + did_t12 + ddd_t12 + group_t13 + did_t13 + ddd_t13 + group_t14 + did_t14 + ddd_t14 + group_t15 + did_t15 + ddd_t15 + group_t16 + did_t16 + ddd_t16 + group_t17 + did_t17 + ddd_t17 + group_t18 + did_t18 + ddd_t18 + group_t19 + did_t19 + ddd_t19 + group_t20 + did_t20 + ddd_t20 + group_t21 + did_t21 + ddd_t21 + group_t22 + did_t22 + ddd_t22 + group_t23 + did_t23 + ddd_t23 + group_t24 + did_t24 + ddd_t24 + idade_media_adm + pct_mulher_adm + pct_superior_adm + pct_negra_adm | cbo_4d + periodo,,0.06163962103308282,0.26032813716765496,0.8129730870275078,-0.4486035278155208,0.5718827698816865,estimated,thin,12,7
income_pnad,income_3_5sm,Mais de 3 até 5 salários mínimos,ln_salario_real_adm,Salário real de admissão (log),ddd,strict_no_tail_binning,-12,False,True,estimated,12536,12536,340,pyfixest_retained_sample,ln_salario_real_adm ~ group_tm12 + did_tm12 + ddd_tm12 + group_tm11 + did_tm11 + ddd_tm11 + group_tm10 + did_tm10 + ddd_tm10 + group_tm9 + did_tm9 + ddd_tm9 + group_tm8 + did_tm8 + ddd_tm8 + group_tm7 + did_tm7 + ddd_tm7 + group_tm6 + did_tm6 + ddd_tm6 + group_tm5 + did_tm5 + ddd_tm5 + group_tm4 + did_tm4 + ddd_tm4 + group_tm3 + did_tm3 + ddd_tm3 + group_tm2 + did_tm2 + ddd_tm2 + group_t0 + did_t0 + ddd_t0 + group_t1 + did_t1 + ddd_t1 + group_t2 + did_t2 + ddd_t2 + group_t3 + did_t3 + ddd_t3 + group_t4 + did_t4 + ddd_t4 + group_t5 + did_t5 + ddd_t5 + group_t6 + did_t6 + ddd_t6 + group_t7 + did_t7 + ddd_t7 + group_t8 + did_t8 + ddd_t8 + group_t9 + did_t9 + ddd_t9 + group_t10 + did_t10 + ddd_t10 + group_t11 + did_t11 + ddd_t11 + group_t12 + did_t12 + ddd_t12 + group_t13 + did_t13 + ddd_t13 + group_t14 + did_t14 + ddd_t14 + group_t15 + did_t15 + ddd_t15 + group_t16 + did_t16 + ddd_t16 + group_t17 + did_t17 + ddd_t17 + group_t18 + did_t18 + ddd_t18 + group_t19 + did_t19 + ddd_t19 + group_t20 + did_t20 + ddd_t20 + group_t21 + did_t21 + ddd_t21 + group_t22 + did_t22 + ddd_t22 + group_t23 + did_t23 + ddd_t23 + group_t24 + did_t24 + ddd_t24 + idade_media_adm + pct_mulher_adm + pct_superior_adm + pct_negra_adm | cbo_4d + periodo,,0.184090182979665,0.09030399683899369,0.0422694410808222,0.00709434917523738,0.36108601678409263,estimated,thin,12,7
income_pnad,income_3_5sm,Mais de 3 até 5 salários mínimos,ln_salario_real_adm,Salário real de admissão (log),ddd,strict_no_tail_binning,-11,False,True,estimated,12536,12536,340,pyfixest_retained_sample,ln_salario_real_adm ~ group_tm12 + did_tm12 + ddd_tm12 + group_tm11 + did_tm11 + ddd_tm11 + group_tm10 + did_tm10 + ddd_tm10 + group_tm9 + did_tm9 + ddd_tm9 + group_tm8 + did_tm8 + ddd_tm8 + group_tm7 + did_tm7 + ddd_tm7 + group_tm6 + did_tm6 + ddd_tm6 + group_tm5 + did_tm5 + ddd_tm5 + group_tm4 + did_tm4 + ddd_tm4 + group_tm3 + did_tm3 + ddd_tm3 + group_tm2 + did_tm2 + ddd_tm2 + group_t0 + did_t0 + ddd_t0 + group_t1 + did_t1 + ddd_t1 + group_t2 + did_t2 + ddd_t2 + group_t3 + did_t3 + ddd_t3 + group_t4 + did_t4 + ddd_t4 + group_t5 + did_t5 + ddd_t5 + group_t6 + did_t6 + ddd_t6 + group_t7 + did_t7 + ddd_t7 + group_t8 + did_t8 + ddd_t8 + group_t9 + did_t9 + ddd_t9 + group_t10 + did_t10 + ddd_t10 + group_t11 + did_t11 + ddd_t11 + group_t12 + did_t12 + ddd_t12 + group_t13 + did_t13 + ddd_t13 + group_t14 + did_t14 + ddd_t14 + group_t15 + did_t15 + ddd_t15 + group_t16 + did_t16 + ddd_t16 + group_t17 + did_t17 + ddd_t17 + group_t18 + did_t18 + ddd_t18 + group_t19 + did_t19 + ddd_t19 + group_t20 + did_t20 + ddd_t20 + group_t21 + did_t21 + ddd_t21 + group_t22 + did_t22 + ddd_t22 + group_t23 + did_t23 + ddd_t23 + group_t24 + did_t24 + ddd_t24 + idade_media_adm + pct_mulher_adm + pct_superior_adm + pct_negra_adm | cbo_4d + periodo,,0.13984594079492638,0.08907110347313861,0.11733673437884473,-0.0347334220124253,0.31442530360227805,estimated,thin,12,7
income_pnad,income_3_5sm,Mais de 3 até 5 salários mínimos,ln_salario_real_adm,Salário real de admissão (log),ddd,strict_no_tail_binning,-10,False,True,estimated,12536,12536,340,pyfixest_retained_sample,ln_salario_real_adm ~ group_tm12 + did_tm12 + ddd_tm12 + group_tm11 + did_tm11 + ddd_tm11 + group_tm10 + did_tm10 + ddd_tm10 + group_tm9 + did_tm9 + ddd_tm9 + group_tm8 + did_tm8 + ddd_tm8 + group_tm7 + did_tm7 + ddd_tm7 + group_tm6 + did_tm6 + ddd_tm6 + group_tm5 + did_tm5 + ddd_tm5 + group_tm4 + did_tm4 + ddd_tm4 + group_tm3 + did_tm3 + ddd_tm3 + group_tm2 + did_tm2 + ddd_tm2 + group_t0 + did_t0 + ddd_t0 + group_t1 + did_t1 + ddd_t1 + group_t2 + did_t2 + ddd_t2 + group_t3 + did_t3 + ddd_t3 + group_t4 + did_t4 + ddd_t4 + group_t5 + did_t5 + ddd_t5 + group_t6 + did_t6 + ddd_t6 + group_t7 + did_t7 + ddd_t7 + group_t8 + did_t8 + ddd_t8 + group_t9 + did_t9 + ddd_t9 + group_t10 + did_t10 + ddd_t10 + group_t11 + did_t11 + ddd_t11 + group_t12 + did_t12 + ddd_t12 + group_t13 + did_t13 + ddd_t13 + group_t14 + did_t14 + ddd_t14 + group_t15 + did_t15 + ddd_t15 + group_t16 + did_t16 + ddd_t16 + group_t17 + did_t17 + ddd_t17 + group_t18 + did_t18 + ddd_t18 + group_t19 + did_t19 + ddd_t19 + group_t20 + did_t20 + ddd_t20 + group_t21 + did_t21 + ddd_t21 + group_t22 + did_t22 + ddd_t22 + group_t23 + did_t23 + ddd_t23 + group_t24 + did_t24 + ddd_t24 + idade_media_adm + pct_mulher_adm + pct_superior_adm + pct_negra_adm | cbo_4d + periodo,,-0.0030024015080322704,0.0959746784867534,0.9750620443278293,-0.19111277134206892,0.18510796832600437,estimated,thin,12,7
income_pnad,income_3_5sm,Mais de 3 até 5 salários mínimos,ln_salario_real_adm,Salário real de admissão (log),ddd,strict_no_tail_binning,-9,False,True,estimated,12536,12536,340,pyfixest_retained_sample,ln_salario_real_adm ~ group_tm12 + did_tm12 + ddd_tm12 + group_tm11 + did_tm11 + ddd_tm11 + group_tm10 + did_tm10 + ddd_tm10 + group_tm9 + did_tm9 + ddd_tm9 + group_tm8 + did_tm8 + ddd_tm8 + group_tm7 + did_tm7 + ddd_tm7 + group_tm6 + did_tm6 + ddd_tm6 + group_tm5 + did_tm5 + ddd_tm5 + group_tm4 + did_tm4 + ddd_tm4 + group_tm3 + did_tm3 + ddd_tm3 + group_tm2 + did_tm2 + ddd_tm2 + group_t0 + did_t0 + ddd_t0 + group_t1 + did_t1 + ddd_t1 + group_t2 + did_t2 + ddd_t2 + group_t3 + did_t3 + ddd_t3 + group_t4 + did_t4 + ddd_t4 + group_t5 + did_t5 + ddd_t5 + group_t6 + did_t6 + ddd_t6 + group_t7 + did_t7 + ddd_t7 + group_t8 + did_t8 + ddd_t8 + group_t9 + did_t9 + ddd_t9 + group_t10 + did_t10 + ddd_t10 + group_t11 + did_t11 + ddd_t11 + group_t12 + did_t12 + ddd_t12 + group_t13 + did_t13 + ddd_t13 + group_t14 + did_t14 + ddd_t14 + group_t15 + did_t15 + ddd_t15 + group_t16 + did_t16 + ddd_t16 + group_t17 + did_t17 + ddd_t17 + group_t18 + did_t18 + ddd_t18 + group_t19 + did_t19 + ddd_t19 + group_t20 + did_t20 + ddd_t20 + group_t21 + did_t21 + ddd_t21 + group_t22 + did_t22 + ddd_t22 + group_t23 + did_t23 + ddd_t23 + group_t24 + did_t24 + ddd_t24 + idade_media_adm + pct_mulher_adm + pct_superior_adm + pct_negra_adm | cbo_4d + periodo,,0.21860755740087695,0.09564567358301503,0.02289458486606266,0.031142037178167492,0.4060730776235864,estimated,thin,12,7
income_pnad,income_3_5sm,Mais de 3 até 5 salários mínimos,ln_salario_real_adm,Salário real de admissão (log),ddd,strict_no_tail_binning,-8,False,True,estimated,12536,12536,340,pyfixest_retained_sample,ln_salario_real_adm ~ group_tm12 + did_tm12 + ddd_tm12 + group_tm11 + did_tm11 + ddd_tm11 + group_tm10 + did_tm10 + ddd_tm10 + group_tm9 + did_tm9 + ddd_tm9 + group_tm8 + did_tm8 + ddd_tm8 + group_tm7 + did_tm7 + ddd_tm7 + group_tm6 + did_tm6 + ddd_tm6 + group_tm5 + did_tm5 + ddd_tm5 + group_tm4 + did_tm4 + ddd_tm4 + group_tm3 + did_tm3 + ddd_tm3 + group_tm2 + did_tm2 + ddd_tm2 + group_t0 + did_t0 + ddd_t0 + group_t1 + did_t1 + ddd_t1 + group_t2 + did_t2 + ddd_t2 + group_t3 + did_t3 + ddd_t3 + group_t4 + did_t4 + ddd_t4 + group_t5 + did_t5 + ddd_t5 + group_t6 + did_t6 + ddd_t6 + group_t7 + did_t7 + ddd_t7 + group_t8 + did_t8 + ddd_t8 + group_t9 + did_t9 + ddd_t9 + group_t10 + did_t10 + ddd_t10 + group_t11 + did_t11 + ddd_t11 + group_t12 + did_t12 + ddd_t12 + group_t13 + did_t13 + ddd_t13 + group_t14 + did_t14 + ddd_t14 + group_t15 + did_t15 + ddd_t15 + group_t16 + did_t16 + ddd_t16 + group_t17 + did_t17 + ddd_t17 + group_t18 + did_t18 + ddd_t18 + group_t19 + did_t19 + ddd_t19 + group_t20 + did_t20 + ddd_t20 + group_t21 + did_t21 + ddd_t21 + group_t22 + did_t22 + ddd_t22 + group_t23 + did_t23 + ddd_t23 + group_t24 + did_t24 + ddd_t24 + idade_media_adm + pct_mulher_adm + pct_superior_adm + pct_negra_adm | cbo_4d + periodo,,0.052054504040147165,0.07671046825484777,0.49786438687166146,-0.09829801373935446,0.20240702181964879,estimated,thin,12,7
income_pnad,income_3_5sm,Mais de 3 até 5 salários mínimos,ln_salario_real_adm,Salário real de admissão (log),ddd,strict_no_tail_binning,-7,False,True,estimated,12536,12536,340,pyfixest_retained_sample,ln_salario_real_adm ~ group_tm12 + did_tm12 + ddd_tm12 + group_tm11 + did_tm11 + ddd_tm11 + group_tm10 + did_tm10 + ddd_tm10 + group_tm9 + did_tm9 + ddd_tm9 + group_tm8 + did_tm8 + ddd_tm8 + group_tm7 + did_tm7 + ddd_tm7 + group_tm6 + did_tm6 + ddd_tm6 + group_tm5 + did_tm5 + ddd_tm5 + group_tm4 + did_tm4 + ddd_tm4 + group_tm3 + did_tm3 + ddd_tm3 + group_tm2 + did_tm2 + ddd_tm2 + group_t0 + did_t0 + ddd_t0 + group_t1 + did_t1 + ddd_t1 + group_t2 + did_t2 + ddd_t2 + group_t3 + did_t3 + ddd_t3 + group_t4 + did_t4 + ddd_t4 + group_t5 + did_t5 + ddd_t5 + group_t6 + did_t6 + ddd_t6 + group_t7 + did_t7 + ddd_t7 + group_t8 + did_t8 + ddd_t8 + group_t9 + did_t9 + ddd_t9 + group_t10 + did_t10 + ddd_t10 + group_t11 + did_t11 + ddd_t11 + group_t12 + did_t12 + ddd_t12 + group_t13 + did_t13 + ddd_t13 + group_t14 + did_t14 + ddd_t14 + group_t15 + did_t15 + ddd_t15 + group_t16 + did_t16 + ddd_t16 + group_t17 + did_t17 + ddd_t17 + group_t18 + did_t18 + ddd_t18 + group_t19 + did_t19 + ddd_t19 + group_t20 + did_t20 + ddd_t20 + group_t21 + did_t21 + ddd_t21 + group_t22 + did_t22 + ddd_t22 + group_t23 + did_t23 + ddd_t23 + group_t24 + did_t24 + ddd_t24 + idade_media_adm + pct_mulher_adm + pct_superior_adm + pct_negra_adm | cbo_4d + periodo,,0.07451946156959117,0.0807417553493543,0.3566970441422608,-0.08373437891514325,0.23277330205432561,estimated,thin,12,7
income_pnad,income_3_5sm,Mais de 3 até 5 salários mínimos,ln_salario_real_adm,Salário real de admissão (log),ddd,strict_no_tail_binning,-6,False,True,estimated,12536,12536,340,pyfixest_retained_sample,ln_salario_real_adm ~ group_tm12 + did_tm12 + ddd_tm12 + group_tm11 + did_tm11 + ddd_tm11 + group_tm10 + did_tm10 + ddd_tm10 + group_tm9 + did_tm9 + ddd_tm9 + group_tm8 + did_tm8 + ddd_tm8 + group_tm7 + did_tm7 + ddd_tm7 + group_tm6 + did_tm6 + ddd_tm6 + group_tm5 + did_tm5 + ddd_tm5 + group_tm4 + did_tm4 + ddd_tm4 + group_tm3 + did_tm3 + ddd_tm3 + group_tm2 + did_tm2 + ddd_tm2 + group_t0 + did_t0 + ddd_t0 + group_t1 + did_t1 + ddd_t1 + group_t2 + did_t2 + ddd_t2 + group_t3 + did_t3 + ddd_t3 + group_t4 + did_t4 + ddd_t4 + group_t5 + did_t5 + ddd_t5 + group_t6 + did_t6 + ddd_t6 + group_t7 + did_t7 + ddd_t7 + group_t8 + did_t8 + ddd_t8 + group_t9 + did_t9 + ddd_t9 + group_t10 + did_t10 + ddd_t10 + group_t11 + did_t11 + ddd_t11 + group_t12 + did_t12 + ddd_t12 + group_t13 + did_t13 + ddd_t13 + group_t14 + did_t14 + ddd_t14 + group_t15 + did_t15 + ddd_t15 + group_t16 + did_t16 + ddd_t16 + group_t17 + did_t17 + ddd_t17 + group_t18 + did_t18 + ddd_t18 + group_t19 + did_t19 + ddd_t19 + group_t20 + did_t20 + ddd_t20 + group_t21 + did_t21 + ddd_t21 + group_t22 + did_t22 + ddd_t22 + group_t23 + did_t23 + ddd_t23 + group_t24 + did_t24 + ddd_t24 + idade_media_adm + pct_mulher_adm + pct_superior_adm + pct_negra_adm | cbo_4d + periodo,,0.049106587135267554,0.1047460884143281,0.639502871249217,-0.15619574615681553,0.25440892042735064,estimated,thin,12,7
income_pnad,income_3_5sm,Mais de 3 até 5 salários mínimos,ln_salario_real_adm,Salário real de admissão (log),ddd,strict_no_tail_binning,-5,False,True,estimated,12536,12536,340,pyfixest_retained_sample,ln_salario_real_adm ~ group_tm12 + did_tm12 + ddd_tm12 + group_tm11 + did_tm11 + ddd_tm11 + group_tm10 + did_tm10 + ddd_tm10 + group_tm9 + did_tm9 + ddd_tm9 + group_tm8 + did_tm8 + ddd_tm8 + group_tm7 + did_tm7 + ddd_tm7 + group_tm6 + did_tm6 + ddd_tm6 + group_tm5 + did_tm5 + ddd_tm5 + group_tm4 + did_tm4 + ddd_tm4 + group_tm3 + did_tm3 + ddd_tm3 + group_tm2 + did_tm2 + ddd_tm2 + group_t0 + did_t0 + ddd_t0 + group_t1 + did_t1 + ddd_t1 + group_t2 + did_t2 + ddd_t2 + group_t3 + did_t3 + ddd_t3 + group_t4 + did_t4 + ddd_t4 + group_t5 + did_t5 + ddd_t5 + group_t6 + did_t6 + ddd_t6 + group_t7 + did_t7 + ddd_t7 + group_t8 + did_t8 + ddd_t8 + group_t9 + did_t9 + ddd_t9 + group_t10 + did_t10 + ddd_t10 + group_t11 + did_t11 + ddd_t11 + group_t12 + did_t12 + ddd_t12 + group_t13 + did_t13 + ddd_t13 + group_t14 + did_t14 + ddd_t14 + group_t15 + did_t15 + ddd_t15 + group_t16 + did_t16 + ddd_t16 + group_t17 + did_t17 + ddd_t17 + group_t18 + did_t18 + ddd_t18 + group_t19 + did_t19 + ddd_t19 + group_t20 + did_t20 + ddd_t20 + group_t21 + did_t21 + ddd_t21 + group_t22 + did_t22 + ddd_t22 + group_t23 + did_t23 + ddd_t23 + group_t24 + did_t24 + ddd_t24 + idade_media_adm + pct_mulher_adm + pct_superior_adm + pct_negra_adm | cbo_4d + periodo,,0.26011659653827207,0.09959175674153199,0.009406441125430876,0.06491675332486938,0.4553164397516748,estimated,thin,12,7
income_pnad,income_3_5sm,Mais de 3 até 5 salários mínimos,ln_salario_real_adm,Salário real de admissão (log),ddd,strict_no_tail_binning,-4,False,True,estimated,12536,12536,340,pyfixest_retained_sample,ln_salario_real_adm ~ group_tm12 + did_tm12 + ddd_tm12 + group_tm11 + did_tm11 + ddd_tm11 + group_tm10 + did_tm10 + ddd_tm10 + group_tm9 + did_tm9 + ddd_tm9 + group_tm8 + did_tm8 + ddd_tm8 + group_tm7 + did_tm7 + ddd_tm7 + group_tm6 + did_tm6 + ddd_tm6 + group_tm5 + did_tm5 + ddd_tm5 + group_tm4 + did_tm4 + ddd_tm4 + group_tm3 + did_tm3 + ddd_tm3 + group_tm2 + did_tm2 + ddd_tm2 + group_t0 + did_t0 + ddd_t0 + group_t1 + did_t1 + ddd_t1 + group_t2 + did_t2 + ddd_t2 + group_t3 + did_t3 + ddd_t3 + group_t4 + did_t4 + ddd_t4 + group_t5 + did_t5 + ddd_t5 + group_t6 + did_t6 + ddd_t6 + group_t7 + did_t7 + ddd_t7 + group_t8 + did_t8 + ddd_t8 + group_t9 + did_t9 + ddd_t9 + group_t10 + did_t10 + ddd_t10 + group_t11 + did_t11 + ddd_t11 + group_t12 + did_t12 + ddd_t12 + group_t13 + did_t13 + ddd_t13 + group_t14 + did_t14 + ddd_t14 + group_t15 + did_t15 + ddd_t15 + group_t16 + did_t16 + ddd_t16 + group_t17 + did_t17 + ddd_t17 + group_t18 + did_t18 + ddd_t18 + group_t19 + did_t19 + ddd_t19 + group_t20 + did_t20 + ddd_t20 + group_t21 + did_t21 + ddd_t21 + group_t22 + did_t22 + ddd_t22 + group_t23 + did_t23 + ddd_t23 + group_t24 + did_t24 + ddd_t24 + idade_media_adm + pct_mulher_adm + pct_superior_adm + pct_negra_adm | cbo_4d + periodo,,0.07095943782968635,0.09016333698940338,0.4318259301973175,-0.10576070266954425,0.24767957832891696,estimated,thin,12,7
income_pnad,income_3_5sm,Mais de 3 até 5 salários mínimos,ln_salario_real_adm,Salário real de admissão (log),ddd,strict_no_tail_binning,-3,False,True,estimated,12536,12536,340,pyfixest_retained_sample,ln_salario_real_adm ~ group_tm12 + did_tm12 + ddd_tm12 + group_tm11 + did_tm11 + ddd_tm11 + group_tm10 + did_tm10 + ddd_tm10 + group_tm9 + did_tm9 + ddd_tm9 + group_tm8 + did_tm8 + ddd_tm8 + group_tm7 + did_tm7 + ddd_tm7 + group_tm6 + did_tm6 + ddd_tm6 + group_tm5 + did_tm5 + ddd_tm5 + group_tm4 + did_tm4 + ddd_tm4 + group_tm3 + did_tm3 + ddd_tm3 + group_tm2 + did_tm2 + ddd_tm2 + group_t0 + did_t0 + ddd_t0 + group_t1 + did_t1 + ddd_t1 + group_t2 + did_t2 + ddd_t2 + group_t3 + did_t3 + ddd_t3 + group_t4 + did_t4 + ddd_t4 + group_t5 + did_t5 + ddd_t5 + group_t6 + did_t6 + ddd_t6 + group_t7 + did_t7 + ddd_t7 + group_t8 + did_t8 + ddd_t8 + group_t9 + did_t9 + ddd_t9 + group_t10 + did_t10 + ddd_t10 + group_t11 + did_t11 + ddd_t11 + group_t12 + did_t12 + ddd_t12 + group_t13 + did_t13 + ddd_t13 + group_t14 + did_t14 + ddd_t14 + group_t15 + did_t15 + ddd_t15 + group_t16 + did_t16 + ddd_t16 + group_t17 + did_t17 + ddd_t17 + group_t18 + did_t18 + ddd_t18 + group_t19 + did_t19 + ddd_t19 + group_t20 + did_t20 + ddd_t20 + group_t21 + did_t21 + ddd_t21 + group_t22 + did_t22 + ddd_t22 + group_t23 + did_t23 + ddd_t23 + group_t24 + did_t24 + ddd_t24 + idade_media_adm + pct_mulher_adm + pct_superior_adm + pct_negra_adm | cbo_4d + periodo,,0.15923579994167078,0.10938742701605887,0.1463996830119758,-0.055163557009804604,0.3736351568931462,estimated,thin,12,7
income_pnad,income_3_5sm,Mais de 3 até 5 salários mínimos,ln_salario_real_adm,Salário real de admissão (log),ddd,strict_no_tail_binning,-2,False,True,estimated,12536,12536,340,pyfixest_retained_sample,ln_salario_real_adm ~ group_tm12 + did_tm12 + ddd_tm12 + group_tm11 + did_tm11 + ddd_tm11 + group_tm10 + did_tm10 + ddd_tm10 + group_tm9 + did_tm9 + ddd_tm9 + group_tm8 + did_tm8 + ddd_tm8 + group_tm7 + did_tm7 + ddd_tm7 + group_tm6 + did_tm6 + ddd_tm6 + group_tm5 + did_tm5 + ddd_tm5 + group_tm4 + did_tm4 + ddd_tm4 + group_tm3 + did_tm3 + ddd_tm3 + group_tm2 + did_tm2 + ddd_tm2 + group_t0 + did_t0 + ddd_t0 + group_t1 + did_t1 + ddd_t1 + group_t2 + did_t2 + ddd_t2 + group_t3 + did_t3 + ddd_t3 + group_t4 + did_t4 + ddd_t4 + group_t5 + did_t5 + ddd_t5 + group_t6 + did_t6 + ddd_t6 + group_t7 + did_t7 + ddd_t7 + group_t8 + did_t8 + ddd_t8 + group_t9 + did_t9 + ddd_t9 + group_t10 + did_t10 + ddd_t10 + group_t11 + did_t11 + ddd_t11 + group_t12 + did_t12 + ddd_t12 + group_t13 + did_t13 + ddd_t13 + group_t14 + did_t14 + ddd_t14 + group_t15 + did_t15 + ddd_t15 + group_t16 + did_t16 + ddd_t16 + group_t17 + did_t17 + ddd_t17 + group_t18 + did_t18 + ddd_t18 + group_t19 + did_t19 + ddd_t19 + group_t20 + did_t20 + ddd_t20 + group_t21 + did_t21 + ddd_t21 + group_t22 + did_t22 + ddd_t22 + group_t23 + did_t23 + ddd_t23 + group_t24 + did_t24 + ddd_t24 + idade_media_adm + pct_mulher_adm + pct_superior_adm + pct_negra_adm | cbo_4d + periodo,,0.08883485819402719,0.0764541430265569,0.24607866618959395,-0.06101526213802434,0.23868497852607873,estimated,thin,12,7
income_pnad,income_3_5sm,Mais de 3 até 5 salários mínimos,ln_salario_real_adm,Salário real de admissão (log),ddd,strict_no_tail_binning,-1,True,False,estimated,12536,12536,340,pyfixest_retained_sample,ln_salario_real_adm ~ group_tm12 + did_tm12 + ddd_tm12 + group_tm11 + did_tm11 + ddd_tm11 + group_tm10 + did_tm10 + ddd_tm10 + group_tm9 + did_tm9 + ddd_tm9 + group_tm8 + did_tm8 + ddd_tm8 + group_tm7 + did_tm7 + ddd_tm7 + group_tm6 + did_tm6 + ddd_tm6 + group_tm5 + did_tm5 + ddd_tm5 + group_tm4 + did_tm4 + ddd_tm4 + group_tm3 + did_tm3 + ddd_tm3 + group_tm2 + did_tm2 + ddd_tm2 + group_t0 + did_t0 + ddd_t0 + group_t1 + did_t1 + ddd_t1 + group_t2 + did_t2 + ddd_t2 + group_t3 + did_t3 + ddd_t3 + group_t4 + did_t4 + ddd_t4 + group_t5 + did_t5 + ddd_t5 + group_t6 + did_t6 + ddd_t6 + group_t7 + did_t7 + ddd_t7 + group_t8 + did_t8 + ddd_t8 + group_t9 + did_t9 + ddd_t9 + group_t10 + did_t10 + ddd_t10 + group_t11 + did_t11 + ddd_t11 + group_t12 + did_t12 + ddd_t12 + group_t13 + did_t13 + ddd_t13 + group_t14 + did_t14 + ddd_t14 + group_t15 + did_t15 + ddd_t15 + group_t16 + did_t16 + ddd_t16 + group_t17 + did_t17 + ddd_t17 + group_t18 + did_t18 + ddd_t18 + group_t19 + did_t19 + ddd_t19 + group_t20 + did_t20 + ddd_t20 + group_t21 + did_t21 + ddd_t21 + group_t22 + did_t22 + ddd_t22 + group_t23 + did_t23 + ddd_t23 + group_t24 + did_t24 + ddd_t24 + idade_media_adm + pct_mulher_adm + pct_superior_adm + pct_negra_adm | cbo_4d + periodo,,0.0,0.0,,0.0,0.0,reference,thin,12,7
income_pnad,income_3_5sm,Mais de 3 até 5 salários mínimos,ln_salario_real_adm,Salário real de admissão (log),ddd,strict_no_tail_binning,0,False,False,estimated,12536,12536,340,pyfixest_retained_sample,ln_salario_real_adm ~ group_tm12 + did_tm12 + ddd_tm12 + group_tm11 + did_tm11 + ddd_tm11 + group_tm10 + did_tm10 + ddd_tm10 + group_tm9 + did_tm9 + ddd_tm9 + group_tm8 + did_tm8 + ddd_tm8 + group_tm7 + did_tm7 + ddd_tm7 + group_tm6 + did_tm6 + ddd_tm6 + group_tm5 + did_tm5 + ddd_tm5 + group_tm4 + did_tm4 + ddd_tm4 + group_tm3 + did_tm3 + ddd_tm3 + group_tm2 + did_tm2 + ddd_tm2 + group_t0 + did_t0 + ddd_t0 + group_t1 + did_t1 + ddd_t1 + group_t2 + did_t2 + ddd_t2 + group_t3 + did_t3 + ddd_t3 + group_t4 + did_t4 + ddd_t4 + group_t5 + did_t5 + ddd_t5 + group_t6 + did_t6 + ddd_t6 + group_t7 + did_t7 + ddd_t7 + group_t8 + did_t8 + ddd_t8 + group_t9 + did_t9 + ddd_t9 + group_t10 + did_t10 + ddd_t10 + group_t11 + did_t11 + ddd_t11 + group_t12 + did_t12 + ddd_t12 + group_t13 + did_t13 + ddd_t13 + group_t14 + did_t14 + ddd_t14 + group_t15 + did_t15 + ddd_t15 + group_t16 + did_t16 + ddd_t16 + group_t17 + did_t17 + ddd_t17 + group_t18 + did_t18 + ddd_t18 + group_t19 + did_t19 + ddd_t19 + group_t20 + did_t20 + ddd_t20 + group_t21 + did_t21 + ddd_t21 + group_t22 + did_t22 + ddd_t22 + group_t23 + did_t23 + ddd_t23 + group_t24 + did_t24 + ddd_t24 + idade_media_adm + pct_mulher_adm + pct_superior_adm + pct_negra_adm | cbo_4d + periodo,,-0.10936913636948958,0.1270658751980284,0.38999629778702216,-0.3584182517576252,0.13967997901864607,estimated,thin,12,7
income_pnad,income_3_5sm,Mais de 3 até 5 salários mínimos,ln_salario_real_adm,Salário real de admissão (log),ddd,strict_no_tail_binning,1,False,False,estimated,12536,12536,340,pyfixest_retained_sample,ln_salario_real_adm ~ group_tm12 + did_tm12 + ddd_tm12 + group_tm11 + did_tm11 + ddd_tm11 + group_tm10 + did_tm10 + ddd_tm10 + group_tm9 + did_tm9 + ddd_tm9 + group_tm8 + did_tm8 + ddd_tm8 + group_tm7 + did_tm7 + ddd_tm7 + group_tm6 + did_tm6 + ddd_tm6 + group_tm5 + did_tm5 + ddd_tm5 + group_tm4 + did_tm4 + ddd_tm4 + group_tm3 + did_tm3 + ddd_tm3 + group_tm2 + did_tm2 + ddd_tm2 + group_t0 + did_t0 + ddd_t0 + group_t1 + did_t1 + ddd_t1 + group_t2 + did_t2 + ddd_t2 + group_t3 + did_t3 + ddd_t3 + group_t4 + did_t4 + ddd_t4 + group_t5 + did_t5 + ddd_t5 + group_t6 + did_t6 + ddd_t6 + group_t7 + did_t7 + ddd_t7 + group_t8 + did_t8 + ddd_t8 + group_t9 + did_t9 + ddd_t9 + group_t10 + did_t10 + ddd_t10 + group_t11 + did_t11 + ddd_t11 + group_t12 + did_t12 + ddd_t12 + group_t13 + did_t13 + ddd_t13 + group_t14 + did_t14 + ddd_t14 + group_t15 + did_t15 + ddd_t15 + group_t16 + did_t16 + ddd_t16 + group_t17 + did_t17 + ddd_t17 + group_t18 + did_t18 + ddd_t18 + group_t19 + did_t19 + ddd_t19 + group_t20 + did_t20 + ddd_t20 + group_t21 + did_t21 + ddd_t21 + group_t22 + did_t22 + ddd_t22 + group_t23 + did_t23 + ddd_t23 + group_t24 + did_t24 + ddd_t24 + idade_media_adm + pct_mulher_adm + pct_superior_adm + pct_negra_adm | cbo_4d + periodo,,0.015612555860589114,0.1159008992153955,0.8929242073602863,-0.21155320660158605,0.24277831832276425,estimated,thin,12,7
income_pnad,income_3_5sm,Mais de 3 até 5 salários mínimos,ln_salario_real_adm,Salário real de admissão (log),ddd,strict_no_tail_binning,2,False,False,estimated,12536,12536,340,pyfixest_retained_sample,ln_salario_real_adm ~ group_tm12 + did_tm12 + ddd_tm12 + group_tm11 + did_tm11 + ddd_tm11 + group_tm10 + did_tm10 + ddd_tm10 + group_tm9 + did_tm9 + ddd_tm9 + group_tm8 + did_tm8 + ddd_tm8 + group_tm7 + did_tm7 + ddd_tm7 + group_tm6 + did_tm6 + ddd_tm6 + group_tm5 + did_tm5 + ddd_tm5 + group_tm4 + did_tm4 + ddd_tm4 + group_tm3 + did_tm3 + ddd_tm3 + group_tm2 + did_tm2 + ddd_tm2 + group_t0 + did_t0 + ddd_t0 + group_t1 + did_t1 + ddd_t1 + group_t2 + did_t2 + ddd_t2 + group_t3 + did_t3 + ddd_t3 + group_t4 + did_t4 + ddd_t4 + group_t5 + did_t5 + ddd_t5 + group_t6 + did_t6 + ddd_t6 + group_t7 + did_t7 + ddd_t7 + group_t8 + did_t8 + ddd_t8 + group_t9 + did_t9 + ddd_t9 + group_t10 + did_t10 + ddd_t10 + group_t11 + did_t11 + ddd_t11 + group_t12 + did_t12 + ddd_t12 + group_t13 + did_t13 + ddd_t13 + group_t14 + did_t14 + ddd_t14 + group_t15 + did_t15 + ddd_t15 + group_t16 + did_t16 + ddd_t16 + group_t17 + did_t17 + ddd_t17 + group_t18 + did_t18 + ddd_t18 + group_t19 + did_t19 + ddd_t19 + group_t20 + did_t20 + ddd_t20 + group_t21 + did_t21 + ddd_t21 + group_t22 + did_t22 + ddd_t22 + group_t23 + did_t23 + ddd_t23 + group_t24 + did_t24 + ddd_t24 + idade_media_adm + pct_mulher_adm + pct_superior_adm + pct_negra_adm | cbo_4d + periodo,,0.11038429029716416,0.10742603601463323,0.30489999664731626,-0.10017074029151697,0.3209393208858453,estimated,thin,12,7
income_pnad,income_3_5sm,Mais de 3 até 5 salários mínimos,ln_salario_real_adm,Salário real de admissão (log),ddd,strict_no_tail_binning,3,False,False,estimated,12536,12536,340,pyfixest_retained_sample,ln_salario_real_adm ~ group_tm12 + did_tm12 + ddd_tm12 + group_tm11 + did_tm11 + ddd_tm11 + group_tm10 + did_tm10 + ddd_tm10 + group_tm9 + did_tm9 + ddd_tm9 + group_tm8 + did_tm8 + ddd_tm8 + group_tm7 + did_tm7 + ddd_tm7 + group_tm6 + did_tm6 + ddd_tm6 + group_tm5 + did_tm5 + ddd_tm5 + group_tm4 + did_tm4 + ddd_tm4 + group_tm3 + did_tm3 + ddd_tm3 + group_tm2 + did_tm2 + ddd_tm2 + group_t0 + did_t0 + ddd_t0 + group_t1 + did_t1 + ddd_t1 + group_t2 + did_t2 + ddd_t2 + group_t3 + did_t3 + ddd_t3 + group_t4 + did_t4 + ddd_t4 + group_t5 + did_t5 + ddd_t5 + group_t6 + did_t6 + ddd_t6 + group_t7 + did_t7 + ddd_t7 + group_t8 + did_t8 + ddd_t8 + group_t9 + did_t9 + ddd_t9 + group_t10 + did_t10 + ddd_t10 + group_t11 + did_t11 + ddd_t11 + group_t12 + did_t12 + ddd_t12 + group_t13 + did_t13 + ddd_t13 + group_t14 + did_t14 + ddd_t14 + group_t15 + did_t15 + ddd_t15 + group_t16 + did_t16 + ddd_t16 + group_t17 + did_t17 + ddd_t17 + group_t18 + did_t18 + ddd_t18 + group_t19 + did_t19 + ddd_t19 + group_t20 + did_t20 + ddd_t20 + group_t21 + did_t21 + ddd_t21 + group_t22 + did_t22 + ddd_t22 + group_t23 + did_t23 + ddd_t23 + group_t24 + did_t24 + ddd_t24 + idade_media_adm + pct_mulher_adm + pct_superior_adm + pct_negra_adm | cbo_4d + periodo,,0.08695941235717106,0.09090446503313176,0.33944975232645436,-0.09121333910776719,0.2651321638221093,estimated,thin,12,7
income_pnad,income_3_5sm,Mais de 3 até 5 salários mínimos,ln_salario_real_adm,Salário real de admissão (log),ddd,strict_no_tail_binning,4,False,False,estimated,12536,12536,340,pyfixest_retained_sample,ln_salario_real_adm ~ group_tm12 + did_tm12 + ddd_tm12 + group_tm11 + did_tm11 + ddd_tm11 + group_tm10 + did_tm10 + ddd_tm10 + group_tm9 + did_tm9 + ddd_tm9 + group_tm8 + did_tm8 + ddd_tm8 + group_tm7 + did_tm7 + ddd_tm7 + group_tm6 + did_tm6 + ddd_tm6 + group_tm5 + did_tm5 + ddd_tm5 + group_tm4 + did_tm4 + ddd_tm4 + group_tm3 + did_tm3 + ddd_tm3 + group_tm2 + did_tm2 + ddd_tm2 + group_t0 + did_t0 + ddd_t0 + group_t1 + did_t1 + ddd_t1 + group_t2 + did_t2 + ddd_t2 + group_t3 + did_t3 + ddd_t3 + group_t4 + did_t4 + ddd_t4 + group_t5 + did_t5 + ddd_t5 + group_t6 + did_t6 + ddd_t6 + group_t7 + did_t7 + ddd_t7 + group_t8 + did_t8 + ddd_t8 + group_t9 + did_t9 + ddd_t9 + group_t10 + did_t10 + ddd_t10 + group_t11 + did_t11 + ddd_t11 + group_t12 + did_t12 + ddd_t12 + group_t13 + did_t13 + ddd_t13 + group_t14 + did_t14 + ddd_t14 + group_t15 + did_t15 + ddd_t15 + group_t16 + did_t16 + ddd_t16 + group_t17 + did_t17 + ddd_t17 + group_t18 + did_t18 + ddd_t18 + group_t19 + did_t19 + ddd_t19 + group_t20 + did_t20 + ddd_t20 + group_t21 + did_t21 + ddd_t21 + group_t22 + did_t22 + ddd_t22 + group_t23 + did_t23 + ddd_t23 + group_t24 + did_t24 + ddd_t24 + idade_media_adm + pct_mulher_adm + pct_superior_adm + pct_negra_adm | cbo_4d + periodo,,0.14803301239319078,0.10018491160345384,0.14044386908722828,-0.04832941434957874,0.34439543913596027,estimated,thin,12,7
income_pnad,income_3_5sm,Mais de 3 até 5 salários mínimos,ln_salario_real_adm,Salário real de admissão (log),ddd,strict_no_tail_binning,5,False,False,estimated,12536,12536,340,pyfixest_retained_sample,ln_salario_real_adm ~ group_tm12 + did_tm12 + ddd_tm12 + group_tm11 + did_tm11 + ddd_tm11 + group_tm10 + did_tm10 + ddd_tm10 + group_tm9 + did_tm9 + ddd_tm9 + group_tm8 + did_tm8 + ddd_tm8 + group_tm7 + did_tm7 + ddd_tm7 + group_tm6 + did_tm6 + ddd_tm6 + group_tm5 + did_tm5 + ddd_tm5 + group_tm4 + did_tm4 + ddd_tm4 + group_tm3 + did_tm3 + ddd_tm3 + group_tm2 + did_tm2 + ddd_tm2 + group_t0 + did_t0 + ddd_t0 + group_t1 + did_t1 + ddd_t1 + group_t2 + did_t2 + ddd_t2 + group_t3 + did_t3 + ddd_t3 + group_t4 + did_t4 + ddd_t4 + group_t5 + did_t5 + ddd_t5 + group_t6 + did_t6 + ddd_t6 + group_t7 + did_t7 + ddd_t7 + group_t8 + did_t8 + ddd_t8 + group_t9 + did_t9 + ddd_t9 + group_t10 + did_t10 + ddd_t10 + group_t11 + did_t11 + ddd_t11 + group_t12 + did_t12 + ddd_t12 + group_t13 + did_t13 + ddd_t13 + group_t14 + did_t14 + ddd_t14 + group_t15 + did_t15 + ddd_t15 + group_t16 + did_t16 + ddd_t16 + group_t17 + did_t17 + ddd_t17 + group_t18 + did_t18 + ddd_t18 + group_t19 + did_t19 + ddd_t19 + group_t20 + did_t20 + ddd_t20 + group_t21 + did_t21 + ddd_t21 + group_t22 + did_t22 + ddd_t22 + group_t23 + did_t23 + ddd_t23 + group_t24 + did_t24 + ddd_t24 + idade_media_adm + pct_mulher_adm + pct_superior_adm + pct_negra_adm | cbo_4d + periodo,,0.14923681628988858,0.09644210024279104,0.1226940548551958,-0.03978970018598185,0.33826333276575904,estimated,thin,12,7
income_pnad,income_3_5sm,Mais de 3 até 5 salários mínimos,ln_salario_real_adm,Salário real de admissão (log),ddd,strict_no_tail_binning,6,False,False,estimated,12536,12536,340,pyfixest_retained_sample,ln_salario_real_adm ~ group_tm12 + did_tm12 + ddd_tm12 + group_tm11 + did_tm11 + ddd_tm11 + group_tm10 + did_tm10 + ddd_tm10 + group_tm9 + did_tm9 + ddd_tm9 + group_tm8 + did_tm8 + ddd_tm8 + group_tm7 + did_tm7 + ddd_tm7 + group_tm6 + did_tm6 + ddd_tm6 + group_tm5 + did_tm5 + ddd_tm5 + group_tm4 + did_tm4 + ddd_tm4 + group_tm3 + did_tm3 + ddd_tm3 + group_tm2 + did_tm2 + ddd_tm2 + group_t0 + did_t0 + ddd_t0 + group_t1 + did_t1 + ddd_t1 + group_t2 + did_t2 + ddd_t2 + group_t3 + did_t3 + ddd_t3 + group_t4 + did_t4 + ddd_t4 + group_t5 + did_t5 + ddd_t5 + group_t6 + did_t6 + ddd_t6 + group_t7 + did_t7 + ddd_t7 + group_t8 + did_t8 + ddd_t8 + group_t9 + did_t9 + ddd_t9 + group_t10 + did_t10 + ddd_t10 + group_t11 + did_t11 + ddd_t11 + group_t12 + did_t12 + ddd_t12 + group_t13 + did_t13 + ddd_t13 + group_t14 + did_t14 + ddd_t14 + group_t15 + did_t15 + ddd_t15 + group_t16 + did_t16 + ddd_t16 + group_t17 + did_t17 + ddd_t17 + group_t18 + did_t18 + ddd_t18 + group_t19 + did_t19 + ddd_t19 + group_t20 + did_t20 + ddd_t20 + group_t21 + did_t21 + ddd_t21 + group_t22 + did_t22 + ddd_t22 + group_t23 + did_t23 + ddd_t23 + group_t24 + did_t24 + ddd_t24 + idade_media_adm + pct_mulher_adm + pct_superior_adm + pct_negra_adm | cbo_4d + periodo,,0.1490701858726651,0.10404299450987367,0.15284369876351,-0.05485408336668729,0.3529944551120175,estimated,thin,12,7
income_pnad,income_3_5sm,Mais de 3 até 5 salários mínimos,ln_salario_real_adm,Salário real de admissão (log),ddd,strict_no_tail_binning,7,False,False,estimated,12536,12536,340,pyfixest_retained_sample,ln_salario_real_adm ~ group_tm12 + did_tm12 + ddd_tm12 + group_tm11 + did_tm11 + ddd_tm11 + group_tm10 + did_tm10 + ddd_tm10 + group_tm9 + did_tm9 + ddd_tm9 + group_tm8 + did_tm8 + ddd_tm8 + group_tm7 + did_tm7 + ddd_tm7 + group_tm6 + did_tm6 + ddd_tm6 + group_tm5 + did_tm5 + ddd_tm5 + group_tm4 + did_tm4 + ddd_tm4 + group_tm3 + did_tm3 + ddd_tm3 + group_tm2 + did_tm2 + ddd_tm2 + group_t0 + did_t0 + ddd_t0 + group_t1 + did_t1 + ddd_t1 + group_t2 + did_t2 + ddd_t2 + group_t3 + did_t3 + ddd_t3 + group_t4 + did_t4 + ddd_t4 + group_t5 + did_t5 + ddd_t5 + group_t6 + did_t6 + ddd_t6 + group_t7 + did_t7 + ddd_t7 + group_t8 + did_t8 + ddd_t8 + group_t9 + did_t9 + ddd_t9 + group_t10 + did_t10 + ddd_t10 + group_t11 + did_t11 + ddd_t11 + group_t12 + did_t12 + ddd_t12 + group_t13 + did_t13 + ddd_t13 + group_t14 + did_t14 + ddd_t14 + group_t15 + did_t15 + ddd_t15 + group_t16 + did_t16 + ddd_t16 + group_t17 + did_t17 + ddd_t17 + group_t18 + did_t18 + ddd_t18 + group_t19 + did_t19 + ddd_t19 + group_t20 + did_t20 + ddd_t20 + group_t21 + did_t21 + ddd_t21 + group_t22 + did_t22 + ddd_t22 + group_t23 + did_t23 + ddd_t23 + group_t24 + did_t24 + ddd_t24 + idade_media_adm + pct_mulher_adm + pct_superior_adm + pct_negra_adm | cbo_4d + periodo,,0.21775960581043702,0.10131769745338909,0.03232006386328656,0.019176918801794396,0.41634229281907964,estimated,thin,12,7
income_pnad,income_3_5sm,Mais de 3 até 5 salários mínimos,ln_salario_real_adm,Salário real de admissão (log),ddd,strict_no_tail_binning,8,False,False,estimated,12536,12536,340,pyfixest_retained_sample,ln_salario_real_adm ~ group_tm12 + did_tm12 + ddd_tm12 + group_tm11 + did_tm11 + ddd_tm11 + group_tm10 + did_tm10 + ddd_tm10 + group_tm9 + did_tm9 + ddd_tm9 + group_tm8 + did_tm8 + ddd_tm8 + group_tm7 + did_tm7 + ddd_tm7 + group_tm6 + did_tm6 + ddd_tm6 + group_tm5 + did_tm5 + ddd_tm5 + group_tm4 + did_tm4 + ddd_tm4 + group_tm3 + did_tm3 + ddd_tm3 + group_tm2 + did_tm2 + ddd_tm2 + group_t0 + did_t0 + ddd_t0 + group_t1 + did_t1 + ddd_t1 + group_t2 + did_t2 + ddd_t2 + group_t3 + did_t3 + ddd_t3 + group_t4 + did_t4 + ddd_t4 + group_t5 + did_t5 + ddd_t5 + group_t6 + did_t6 + ddd_t6 + group_t7 + did_t7 + ddd_t7 + group_t8 + did_t8 + ddd_t8 + group_t9 + did_t9 + ddd_t9 + group_t10 + did_t10 + ddd_t10 + group_t11 + did_t11 + ddd_t11 + group_t12 + did_t12 + ddd_t12 + group_t13 + did_t13 + ddd_t13 + group_t14 + did_t14 + ddd_t14 + group_t15 + did_t15 + ddd_t15 + group_t16 + did_t16 + ddd_t16 + group_t17 + did_t17 + ddd_t17 + group_t18 + did_t18 + ddd_t18 + group_t19 + did_t19 + ddd_t19 + group_t20 + did_t20 + ddd_t20 + group_t21 + did_t21 + ddd_t21 + group_t22 + did_t22 + ddd_t22 + group_t23 + did_t23 + ddd_t23 + group_t24 + did_t24 + ddd_t24 + idade_media_adm + pct_mulher_adm + pct_superior_adm + pct_negra_adm | cbo_4d + periodo,,0.08158273432439339,0.15316499188424862,0.5946275487372077,-0.2186206497687339,0.3817861184175207,estimated,thin,12,7
income_pnad,income_3_5sm,Mais de 3 até 5 salários mínimos,ln_salario_real_adm,Salário real de admissão (log),ddd,strict_no_tail_binning,9,False,False,estimated,12536,12536,340,pyfixest_retained_sample,ln_salario_real_adm ~ group_tm12 + did_tm12 + ddd_tm12 + group_tm11 + did_tm11 + ddd_tm11 + group_tm10 + did_tm10 + ddd_tm10 + group_tm9 + did_tm9 + ddd_tm9 + group_tm8 + did_tm8 + ddd_tm8 + group_tm7 + did_tm7 + ddd_tm7 + group_tm6 + did_tm6 + ddd_tm6 + group_tm5 + did_tm5 + ddd_tm5 + group_tm4 + did_tm4 + ddd_tm4 + group_tm3 + did_tm3 + ddd_tm3 + group_tm2 + did_tm2 + ddd_tm2 + group_t0 + did_t0 + ddd_t0 + group_t1 + did_t1 + ddd_t1 + group_t2 + did_t2 + ddd_t2 + group_t3 + did_t3 + ddd_t3 + group_t4 + did_t4 + ddd_t4 + group_t5 + did_t5 + ddd_t5 + group_t6 + did_t6 + ddd_t6 + group_t7 + did_t7 + ddd_t7 + group_t8 + did_t8 + ddd_t8 + group_t9 + did_t9 + ddd_t9 + group_t10 + did_t10 + ddd_t10 + group_t11 + did_t11 + ddd_t11 + group_t12 + did_t12 + ddd_t12 + group_t13 + did_t13 + ddd_t13 + group_t14 + did_t14 + ddd_t14 + group_t15 + did_t15 + ddd_t15 + group_t16 + did_t16 + ddd_t16 + group_t17 + did_t17 + ddd_t17 + group_t18 + did_t18 + ddd_t18 + group_t19 + did_t19 + ddd_t19 + group_t20 + did_t20 + ddd_t20 + group_t21 + did_t21 + ddd_t21 + group_t22 + did_t22 + ddd_t22 + group_t23 + did_t23 + ddd_t23 + group_t24 + did_t24 + ddd_t24 + idade_media_adm + pct_mulher_adm + pct_superior_adm + pct_negra_adm | cbo_4d + periodo,,0.06557159699932996,0.18688522263452284,0.7259071129809849,-0.3007234393643348,0.43186663336299475,estimated,thin,12,7
income_pnad,income_3_5sm,Mais de 3 até 5 salários mínimos,ln_salario_real_adm,Salário real de admissão (log),ddd,strict_no_tail_binning,10,False,False,estimated,12536,12536,340,pyfixest_retained_sample,ln_salario_real_adm ~ group_tm12 + did_tm12 + ddd_tm12 + group_tm11 + did_tm11 + ddd_tm11 + group_tm10 + did_tm10 + ddd_tm10 + group_tm9 + did_tm9 + ddd_tm9 + group_tm8 + did_tm8 + ddd_tm8 + group_tm7 + did_tm7 + ddd_tm7 + group_tm6 + did_tm6 + ddd_tm6 + group_tm5 + did_tm5 + ddd_tm5 + group_tm4 + did_tm4 + ddd_tm4 + group_tm3 + did_tm3 + ddd_tm3 + group_tm2 + did_tm2 + ddd_tm2 + group_t0 + did_t0 + ddd_t0 + group_t1 + did_t1 + ddd_t1 + group_t2 + did_t2 + ddd_t2 + group_t3 + did_t3 + ddd_t3 + group_t4 + did_t4 + ddd_t4 + group_t5 + did_t5 + ddd_t5 + group_t6 + did_t6 + ddd_t6 + group_t7 + did_t7 + ddd_t7 + group_t8 + did_t8 + ddd_t8 + group_t9 + did_t9 + ddd_t9 + group_t10 + did_t10 + ddd_t10 + group_t11 + did_t11 + ddd_t11 + group_t12 + did_t12 + ddd_t12 + group_t13 + did_t13 + ddd_t13 + group_t14 + did_t14 + ddd_t14 + group_t15 + did_t15 + ddd_t15 + group_t16 + did_t16 + ddd_t16 + group_t17 + did_t17 + ddd_t17 + group_t18 + did_t18 + ddd_t18 + group_t19 + did_t19 + ddd_t19 + group_t20 + did_t20 + ddd_t20 + group_t21 + did_t21 + ddd_t21 + group_t22 + did_t22 + ddd_t22 + group_t23 + did_t23 + ddd_t23 + group_t24 + did_t24 + ddd_t24 + idade_media_adm + pct_mulher_adm + pct_superior_adm + pct_negra_adm | cbo_4d + periodo,,0.22980893523187593,0.08978250755789537,0.010912011365484142,0.053835220418401025,0.40578265004535086,estimated,thin,12,7
income_pnad,income_3_5sm,Mais de 3 até 5 salários mínimos,ln_salario_real_adm,Salário real de admissão (log),ddd,strict_no_tail_binning,11,False,False,estimated,12536,12536,340,pyfixest_retained_sample,ln_salario_real_adm ~ group_tm12 + did_tm12 + ddd_tm12 + group_tm11 + did_tm11 + ddd_tm11 + group_tm10 + did_tm10 + ddd_tm10 + group_tm9 + did_tm9 + ddd_tm9 + group_tm8 + did_tm8 + ddd_tm8 + group_tm7 + did_tm7 + ddd_tm7 + group_tm6 + did_tm6 + ddd_tm6 + group_tm5 + did_tm5 + ddd_tm5 + group_tm4 + did_tm4 + ddd_tm4 + group_tm3 + did_tm3 + ddd_tm3 + group_tm2 + did_tm2 + ddd_tm2 + group_t0 + did_t0 + ddd_t0 + group_t1 + did_t1 + ddd_t1 + group_t2 + did_t2 + ddd_t2 + group_t3 + did_t3 + ddd_t3 + group_t4 + did_t4 + ddd_t4 + group_t5 + did_t5 + ddd_t5 + group_t6 + did_t6 + ddd_t6 + group_t7 + did_t7 + ddd_t7 + group_t8 + did_t8 + ddd_t8 + group_t9 + did_t9 + ddd_t9 + group_t10 + did_t10 + ddd_t10 + group_t11 + did_t11 + ddd_t11 + group_t12 + did_t12 + ddd_t12 + group_t13 + did_t13 + ddd_t13 + group_t14 + did_t14 + ddd_t14 + group_t15 + did_t15 + ddd_t15 + group_t16 + did_t16 + ddd_t16 + group_t17 + did_t17 + ddd_t17 + group_t18 + did_t18 + ddd_t18 + group_t19 + did_t19 + ddd_t19 + group_t20 + did_t20 + ddd_t20 + group_t21 + did_t21 + ddd_t21 + group_t22 + did_t22 + ddd_t22 + group_t23 + did_t23 + ddd_t23 + group_t24 + did_t24 + ddd_t24 + idade_media_adm + pct_mulher_adm + pct_superior_adm + pct_negra_adm | cbo_4d + periodo,,0.12627991038714406,0.09453301937418944,0.18250139824980716,-0.05900480758626722,0.3115646283605553,estimated,thin,12,7
income_pnad,income_3_5sm,Mais de 3 até 5 salários mínimos,ln_salario_real_adm,Salário real de admissão (log),ddd,strict_no_tail_binning,12,False,False,estimated,12536,12536,340,pyfixest_retained_sample,ln_salario_real_adm ~ group_tm12 + did_tm12 + ddd_tm12 + group_tm11 + did_tm11 + ddd_tm11 + group_tm10 + did_tm10 + ddd_tm10 + group_tm9 + did_tm9 + ddd_tm9 + group_tm8 + did_tm8 + ddd_tm8 + group_tm7 + did_tm7 + ddd_tm7 + group_tm6 + did_tm6 + ddd_tm6 + group_tm5 + did_tm5 + ddd_tm5 + group_tm4 + did_tm4 + ddd_tm4 + group_tm3 + did_tm3 + ddd_tm3 + group_tm2 + did_tm2 + ddd_tm2 + group_t0 + did_t0 + ddd_t0 + group_t1 + did_t1 + ddd_t1 + group_t2 + did_t2 + ddd_t2 + group_t3 + did_t3 + ddd_t3 + group_t4 + did_t4 + ddd_t4 + group_t5 + did_t5 + ddd_t5 + group_t6 + did_t6 + ddd_t6 + group_t7 + did_t7 + ddd_t7 + group_t8 + did_t8 + ddd_t8 + group_t9 + did_t9 + ddd_t9 + group_t10 + did_t10 + ddd_t10 + group_t11 + did_t11 + ddd_t11 + group_t12 + did_t12 + ddd_t12 + group_t13 + did_t13 + ddd_t13 + group_t14 + did_t14 + ddd_t14 + group_t15 + did_t15 + ddd_t15 + group_t16 + did_t16 + ddd_t16 + group_t17 + did_t17 + ddd_t17 + group_t18 + did_t18 + ddd_t18 + group_t19 + did_t19 + ddd_t19 + group_t20 + did_t20 + ddd_t20 + group_t21 + did_t21 + ddd_t21 + group_t22 + did_t22 + ddd_t22 + group_t23 + did_t23 + ddd_t23 + group_t24 + did_t24 + ddd_t24 + idade_media_adm + pct_mulher_adm + pct_superior_adm + pct_negra_adm | cbo_4d + periodo,,0.07568232582926222,0.08652939289831463,0.3823874203156201,-0.09391528425143443,0.2452799359099589,estimated,thin,12,7
income_pnad,income_3_5sm,Mais de 3 até 5 salários mínimos,ln_salario_real_adm,Salário real de admissão (log),ddd,strict_no_tail_binning,13,False,False,estimated,12536,12536,340,pyfixest_retained_sample,ln_salario_real_adm ~ group_tm12 + did_tm12 + ddd_tm12 + group_tm11 + did_tm11 + ddd_tm11 + group_tm10 + did_tm10 + ddd_tm10 + group_tm9 + did_tm9 + ddd_tm9 + group_tm8 + did_tm8 + ddd_tm8 + group_tm7 + did_tm7 + ddd_tm7 + group_tm6 + did_tm6 + ddd_tm6 + group_tm5 + did_tm5 + ddd_tm5 + group_tm4 + did_tm4 + ddd_tm4 + group_tm3 + did_tm3 + ddd_tm3 + group_tm2 + did_tm2 + ddd_tm2 + group_t0 + did_t0 + ddd_t0 + group_t1 + did_t1 + ddd_t1 + group_t2 + did_t2 + ddd_t2 + group_t3 + did_t3 + ddd_t3 + group_t4 + did_t4 + ddd_t4 + group_t5 + did_t5 + ddd_t5 + group_t6 + did_t6 + ddd_t6 + group_t7 + did_t7 + ddd_t7 + group_t8 + did_t8 + ddd_t8 + group_t9 + did_t9 + ddd_t9 + group_t10 + did_t10 + ddd_t10 + group_t11 + did_t11 + ddd_t11 + group_t12 + did_t12 + ddd_t12 + group_t13 + did_t13 + ddd_t13 + group_t14 + did_t14 + ddd_t14 + group_t15 + did_t15 + ddd_t15 + group_t16 + did_t16 + ddd_t16 + group_t17 + did_t17 + ddd_t17 + group_t18 + did_t18 + ddd_t18 + group_t19 + did_t19 + ddd_t19 + group_t20 + did_t20 + ddd_t20 + group_t21 + did_t21 + ddd_t21 + group_t22 + did_t22 + ddd_t22 + group_t23 + did_t23 + ddd_t23 + group_t24 + did_t24 + ddd_t24 + idade_media_adm + pct_mulher_adm + pct_superior_adm + pct_negra_adm | cbo_4d + periodo,,0.13160212244468972,0.08498942094045622,0.12244629085391279,-0.03497714259860449,0.29818138748798395,estimated,thin,12,7
income_pnad,income_3_5sm,Mais de 3 até 5 salários mínimos,ln_salario_real_adm,Salário real de admissão (log),ddd,strict_no_tail_binning,14,False,False,estimated,12536,12536,340,pyfixest_retained_sample,ln_salario_real_adm ~ group_tm12 + did_tm12 + ddd_tm12 + group_tm11 + did_tm11 + ddd_tm11 + group_tm10 + did_tm10 + ddd_tm10 + group_tm9 + did_tm9 + ddd_tm9 + group_tm8 + did_tm8 + ddd_tm8 + group_tm7 + did_tm7 + ddd_tm7 + group_tm6 + did_tm6 + ddd_tm6 + group_tm5 + did_tm5 + ddd_tm5 + group_tm4 + did_tm4 + ddd_tm4 + group_tm3 + did_tm3 + ddd_tm3 + group_tm2 + did_tm2 + ddd_tm2 + group_t0 + did_t0 + ddd_t0 + group_t1 + did_t1 + ddd_t1 + group_t2 + did_t2 + ddd_t2 + group_t3 + did_t3 + ddd_t3 + group_t4 + did_t4 + ddd_t4 + group_t5 + did_t5 + ddd_t5 + group_t6 + did_t6 + ddd_t6 + group_t7 + did_t7 + ddd_t7 + group_t8 + did_t8 + ddd_t8 + group_t9 + did_t9 + ddd_t9 + group_t10 + did_t10 + ddd_t10 + group_t11 + did_t11 + ddd_t11 + group_t12 + did_t12 + ddd_t12 + group_t13 + did_t13 + ddd_t13 + group_t14 + did_t14 + ddd_t14 + group_t15 + did_t15 + ddd_t15 + group_t16 + did_t16 + ddd_t16 + group_t17 + did_t17 + ddd_t17 + group_t18 + did_t18 + ddd_t18 + group_t19 + did_t19 + ddd_t19 + group_t20 + did_t20 + ddd_t20 + group_t21 + did_t21 + ddd_t21 + group_t22 + did_t22 + ddd_t22 + group_t23 + did_t23 + ddd_t23 + group_t24 + did_t24 + ddd_t24 + idade_media_adm + pct_mulher_adm + pct_superior_adm + pct_negra_adm | cbo_4d + periodo,,0.1774972634528821,0.10668225235569198,0.09707773066372627,-0.031599951164274165,0.3865944780700384,estimated,thin,12,7
income_pnad,income_3_5sm,Mais de 3 até 5 salários mínimos,ln_salario_real_adm,Salário real de admissão (log),ddd,strict_no_tail_binning,15,False,False,estimated,12536,12536,340,pyfixest_retained_sample,ln_salario_real_adm ~ group_tm12 + did_tm12 + ddd_tm12 + group_tm11 + did_tm11 + ddd_tm11 + group_tm10 + did_tm10 + ddd_tm10 + group_tm9 + did_tm9 + ddd_tm9 + group_tm8 + did_tm8 + ddd_tm8 + group_tm7 + did_tm7 + ddd_tm7 + group_tm6 + did_tm6 + ddd_tm6 + group_tm5 + did_tm5 + ddd_tm5 + group_tm4 + did_tm4 + ddd_tm4 + group_tm3 + did_tm3 + ddd_tm3 + group_tm2 + did_tm2 + ddd_tm2 + group_t0 + did_t0 + ddd_t0 + group_t1 + did_t1 + ddd_t1 + group_t2 + did_t2 + ddd_t2 + group_t3 + did_t3 + ddd_t3 + group_t4 + did_t4 + ddd_t4 + group_t5 + did_t5 + ddd_t5 + group_t6 + did_t6 + ddd_t6 + group_t7 + did_t7 + ddd_t7 + group_t8 + did_t8 + ddd_t8 + group_t9 + did_t9 + ddd_t9 + group_t10 + did_t10 + ddd_t10 + group_t11 + did_t11 + ddd_t11 + group_t12 + did_t12 + ddd_t12 + group_t13 + did_t13 + ddd_t13 + group_t14 + did_t14 + ddd_t14 + group_t15 + did_t15 + ddd_t15 + group_t16 + did_t16 + ddd_t16 + group_t17 + did_t17 + ddd_t17 + group_t18 + did_t18 + ddd_t18 + group_t19 + did_t19 + ddd_t19 + group_t20 + did_t20 + ddd_t20 + group_t21 + did_t21 + ddd_t21 + group_t22 + did_t22 + ddd_t22 + group_t23 + did_t23 + ddd_t23 + group_t24 + did_t24 + ddd_t24 + idade_media_adm + pct_mulher_adm + pct_superior_adm + pct_negra_adm | cbo_4d + periodo,,0.17603400796743757,0.10169869540802291,0.08437295006932066,-0.023295435032287343,0.3753634509671625,estimated,thin,12,7
income_pnad,income_3_5sm,Mais de 3 até 5 salários mínimos,ln_salario_real_adm,Salário real de admissão (log),ddd,strict_no_tail_binning,16,False,False,estimated,12536,12536,340,pyfixest_retained_sample,ln_salario_real_adm ~ group_tm12 + did_tm12 + ddd_tm12 + group_tm11 + did_tm11 + ddd_tm11 + group_tm10 + did_tm10 + ddd_tm10 + group_tm9 + did_tm9 + ddd_tm9 + group_tm8 + did_tm8 + ddd_tm8 + group_tm7 + did_tm7 + ddd_tm7 + group_tm6 + did_tm6 + ddd_tm6 + group_tm5 + did_tm5 + ddd_tm5 + group_tm4 + did_tm4 + ddd_tm4 + group_tm3 + did_tm3 + ddd_tm3 + group_tm2 + did_tm2 + ddd_tm2 + group_t0 + did_t0 + ddd_t0 + group_t1 + did_t1 + ddd_t1 + group_t2 + did_t2 + ddd_t2 + group_t3 + did_t3 + ddd_t3 + group_t4 + did_t4 + ddd_t4 + group_t5 + did_t5 + ddd_t5 + group_t6 + did_t6 + ddd_t6 + group_t7 + did_t7 + ddd_t7 + group_t8 + did_t8 + ddd_t8 + group_t9 + did_t9 + ddd_t9 + group_t10 + did_t10 + ddd_t10 + group_t11 + did_t11 + ddd_t11 + group_t12 + did_t12 + ddd_t12 + group_t13 + did_t13 + ddd_t13 + group_t14 + did_t14 + ddd_t14 + group_t15 + did_t15 + ddd_t15 + group_t16 + did_t16 + ddd_t16 + group_t17 + did_t17 + ddd_t17 + group_t18 + did_t18 + ddd_t18 + group_t19 + did_t19 + ddd_t19 + group_t20 + did_t20 + ddd_t20 + group_t21 + did_t21 + ddd_t21 + group_t22 + did_t22 + ddd_t22 + group_t23 + did_t23 + ddd_t23 + group_t24 + did_t24 + ddd_t24 + idade_media_adm + pct_mulher_adm + pct_superior_adm + pct_negra_adm | cbo_4d + periodo,,-0.002879284766512894,0.1350655582698912,0.9830047797363926,-0.26760777897549964,0.26184920944247386,estimated,thin,12,7
income_pnad,income_3_5sm,Mais de 3 até 5 salários mínimos,ln_salario_real_adm,Salário real de admissão (log),ddd,strict_no_tail_binning,17,False,False,estimated,12536,12536,340,pyfixest_retained_sample,ln_salario_real_adm ~ group_tm12 + did_tm12 + ddd_tm12 + group_tm11 + did_tm11 + ddd_tm11 + group_tm10 + did_tm10 + ddd_tm10 + group_tm9 + did_tm9 + ddd_tm9 + group_tm8 + did_tm8 + ddd_tm8 + group_tm7 + did_tm7 + ddd_tm7 + group_tm6 + did_tm6 + ddd_tm6 + group_tm5 + did_tm5 + ddd_tm5 + group_tm4 + did_tm4 + ddd_tm4 + group_tm3 + did_tm3 + ddd_tm3 + group_tm2 + did_tm2 + ddd_tm2 + group_t0 + did_t0 + ddd_t0 + group_t1 + did_t1 + ddd_t1 + group_t2 + did_t2 + ddd_t2 + group_t3 + did_t3 + ddd_t3 + group_t4 + did_t4 + ddd_t4 + group_t5 + did_t5 + ddd_t5 + group_t6 + did_t6 + ddd_t6 + group_t7 + did_t7 + ddd_t7 + group_t8 + did_t8 + ddd_t8 + group_t9 + did_t9 + ddd_t9 + group_t10 + did_t10 + ddd_t10 + group_t11 + did_t11 + ddd_t11 + group_t12 + did_t12 + ddd_t12 + group_t13 + did_t13 + ddd_t13 + group_t14 + did_t14 + ddd_t14 + group_t15 + did_t15 + ddd_t15 + group_t16 + did_t16 + ddd_t16 + group_t17 + did_t17 + ddd_t17 + group_t18 + did_t18 + ddd_t18 + group_t19 + did_t19 + ddd_t19 + group_t20 + did_t20 + ddd_t20 + group_t21 + did_t21 + ddd_t21 + group_t22 + did_t22 + ddd_t22 + group_t23 + did_t23 + ddd_t23 + group_t24 + did_t24 + ddd_t24 + idade_media_adm + pct_mulher_adm + pct_superior_adm + pct_negra_adm | cbo_4d + periodo,,0.33576351909815055,0.13070992428432543,0.01063353001059486,0.0795720675008727,0.5919549706954284,estimated,thin,12,7
income_pnad,income_3_5sm,Mais de 3 até 5 salários mínimos,ln_salario_real_adm,Salário real de admissão (log),ddd,strict_no_tail_binning,18,False,False,estimated,12536,12536,340,pyfixest_retained_sample,ln_salario_real_adm ~ group_tm12 + did_tm12 + ddd_tm12 + group_tm11 + did_tm11 + ddd_tm11 + group_tm10 + did_tm10 + ddd_tm10 + group_tm9 + did_tm9 + ddd_tm9 + group_tm8 + did_tm8 + ddd_tm8 + group_tm7 + did_tm7 + ddd_tm7 + group_tm6 + did_tm6 + ddd_tm6 + group_tm5 + did_tm5 + ddd_tm5 + group_tm4 + did_tm4 + ddd_tm4 + group_tm3 + did_tm3 + ddd_tm3 + group_tm2 + did_tm2 + ddd_tm2 + group_t0 + did_t0 + ddd_t0 + group_t1 + did_t1 + ddd_t1 + group_t2 + did_t2 + ddd_t2 + group_t3 + did_t3 + ddd_t3 + group_t4 + did_t4 + ddd_t4 + group_t5 + did_t5 + ddd_t5 + group_t6 + did_t6 + ddd_t6 + group_t7 + did_t7 + ddd_t7 + group_t8 + did_t8 + ddd_t8 + group_t9 + did_t9 + ddd_t9 + group_t10 + did_t10 + ddd_t10 + group_t11 + did_t11 + ddd_t11 + group_t12 + did_t12 + ddd_t12 + group_t13 + did_t13 + ddd_t13 + group_t14 + did_t14 + ddd_t14 + group_t15 + did_t15 + ddd_t15 + group_t16 + did_t16 + ddd_t16 + group_t17 + did_t17 + ddd_t17 + group_t18 + did_t18 + ddd_t18 + group_t19 + did_t19 + ddd_t19 + group_t20 + did_t20 + ddd_t20 + group_t21 + did_t21 + ddd_t21 + group_t22 + did_t22 + ddd_t22 + group_t23 + did_t23 + ddd_t23 + group_t24 + did_t24 + ddd_t24 + idade_media_adm + pct_mulher_adm + pct_superior_adm + pct_negra_adm | cbo_4d + periodo,,0.20237893239122853,0.12354946711165578,0.1023412095171281,-0.039778023147616776,0.4445358879300738,estimated,thin,12,7
income_pnad,income_3_5sm,Mais de 3 até 5 salários mínimos,ln_salario_real_adm,Salário real de admissão (log),ddd,strict_no_tail_binning,19,False,False,estimated,12536,12536,340,pyfixest_retained_sample,ln_salario_real_adm ~ group_tm12 + did_tm12 + ddd_tm12 + group_tm11 + did_tm11 + ddd_tm11 + group_tm10 + did_tm10 + ddd_tm10 + group_tm9 + did_tm9 + ddd_tm9 + group_tm8 + did_tm8 + ddd_tm8 + group_tm7 + did_tm7 + ddd_tm7 + group_tm6 + did_tm6 + ddd_tm6 + group_tm5 + did_tm5 + ddd_tm5 + group_tm4 + did_tm4 + ddd_tm4 + group_tm3 + did_tm3 + ddd_tm3 + group_tm2 + did_tm2 + ddd_tm2 + group_t0 + did_t0 + ddd_t0 + group_t1 + did_t1 + ddd_t1 + group_t2 + did_t2 + ddd_t2 + group_t3 + did_t3 + ddd_t3 + group_t4 + did_t4 + ddd_t4 + group_t5 + did_t5 + ddd_t5 + group_t6 + did_t6 + ddd_t6 + group_t7 + did_t7 + ddd_t7 + group_t8 + did_t8 + ddd_t8 + group_t9 + did_t9 + ddd_t9 + group_t10 + did_t10 + ddd_t10 + group_t11 + did_t11 + ddd_t11 + group_t12 + did_t12 + ddd_t12 + group_t13 + did_t13 + ddd_t13 + group_t14 + did_t14 + ddd_t14 + group_t15 + did_t15 + ddd_t15 + group_t16 + did_t16 + ddd_t16 + group_t17 + did_t17 + ddd_t17 + group_t18 + did_t18 + ddd_t18 + group_t19 + did_t19 + ddd_t19 + group_t20 + did_t20 + ddd_t20 + group_t21 + did_t21 + ddd_t21 + group_t22 + did_t22 + ddd_t22 + group_t23 + did_t23 + ddd_t23 + group_t24 + did_t24 + ddd_t24 + idade_media_adm + pct_mulher_adm + pct_superior_adm + pct_negra_adm | cbo_4d + periodo,,0.1555237486087355,0.10988395310513381,0.15788523093228557,-0.05984879947732677,0.37089629669479773,estimated,thin,12,7
income_pnad,income_3_5sm,Mais de 3 até 5 salários mínimos,ln_salario_real_adm,Salário real de admissão (log),ddd,strict_no_tail_binning,20,False,False,estimated,12536,12536,340,pyfixest_retained_sample,ln_salario_real_adm ~ group_tm12 + did_tm12 + ddd_tm12 + group_tm11 + did_tm11 + ddd_tm11 + group_tm10 + did_tm10 + ddd_tm10 + group_tm9 + did_tm9 + ddd_tm9 + group_tm8 + did_tm8 + ddd_tm8 + group_tm7 + did_tm7 + ddd_tm7 + group_tm6 + did_tm6 + ddd_tm6 + group_tm5 + did_tm5 + ddd_tm5 + group_tm4 + did_tm4 + ddd_tm4 + group_tm3 + did_tm3 + ddd_tm3 + group_tm2 + did_tm2 + ddd_tm2 + group_t0 + did_t0 + ddd_t0 + group_t1 + did_t1 + ddd_t1 + group_t2 + did_t2 + ddd_t2 + group_t3 + did_t3 + ddd_t3 + group_t4 + did_t4 + ddd_t4 + group_t5 + did_t5 + ddd_t5 + group_t6 + did_t6 + ddd_t6 + group_t7 + did_t7 + ddd_t7 + group_t8 + did_t8 + ddd_t8 + group_t9 + did_t9 + ddd_t9 + group_t10 + did_t10 + ddd_t10 + group_t11 + did_t11 + ddd_t11 + group_t12 + did_t12 + ddd_t12 + group_t13 + did_t13 + ddd_t13 + group_t14 + did_t14 + ddd_t14 + group_t15 + did_t15 + ddd_t15 + group_t16 + did_t16 + ddd_t16 + group_t17 + did_t17 + ddd_t17 + group_t18 + did_t18 + ddd_t18 + group_t19 + did_t19 + ddd_t19 + group_t20 + did_t20 + ddd_t20 + group_t21 + did_t21 + ddd_t21 + group_t22 + did_t22 + ddd_t22 + group_t23 + did_t23 + ddd_t23 + group_t24 + did_t24 + ddd_t24 + idade_media_adm + pct_mulher_adm + pct_superior_adm + pct_negra_adm | cbo_4d + periodo,,0.2586280526068923,0.12311778903055189,0.03640942953481763,0.017317186107010607,0.499938919106774,estimated,thin,12,7
income_pnad,income_3_5sm,Mais de 3 até 5 salários mínimos,ln_salario_real_adm,Salário real de admissão (log),ddd,strict_no_tail_binning,21,False,False,estimated,12536,12536,340,pyfixest_retained_sample,ln_salario_real_adm ~ group_tm12 + did_tm12 + ddd_tm12 + group_tm11 + did_tm11 + ddd_tm11 + group_tm10 + did_tm10 + ddd_tm10 + group_tm9 + did_tm9 + ddd_tm9 + group_tm8 + did_tm8 + ddd_tm8 + group_tm7 + did_tm7 + ddd_tm7 + group_tm6 + did_tm6 + ddd_tm6 + group_tm5 + did_tm5 + ddd_tm5 + group_tm4 + did_tm4 + ddd_tm4 + group_tm3 + did_tm3 + ddd_tm3 + group_tm2 + did_tm2 + ddd_tm2 + group_t0 + did_t0 + ddd_t0 + group_t1 + did_t1 + ddd_t1 + group_t2 + did_t2 + ddd_t2 + group_t3 + did_t3 + ddd_t3 + group_t4 + did_t4 + ddd_t4 + group_t5 + did_t5 + ddd_t5 + group_t6 + did_t6 + ddd_t6 + group_t7 + did_t7 + ddd_t7 + group_t8 + did_t8 + ddd_t8 + group_t9 + did_t9 + ddd_t9 + group_t10 + did_t10 + ddd_t10 + group_t11 + did_t11 + ddd_t11 + group_t12 + did_t12 + ddd_t12 + group_t13 + did_t13 + ddd_t13 + group_t14 + did_t14 + ddd_t14 + group_t15 + did_t15 + ddd_t15 + group_t16 + did_t16 + ddd_t16 + group_t17 + did_t17 + ddd_t17 + group_t18 + did_t18 + ddd_t18 + group_t19 + did_t19 + ddd_t19 + group_t20 + did_t20 + ddd_t20 + group_t21 + did_t21 + ddd_t21 + group_t22 + did_t22 + ddd_t22 + group_t23 + did_t23 + ddd_t23 + group_t24 + did_t24 + ddd_t24 + idade_media_adm + pct_mulher_adm + pct_superior_adm + pct_negra_adm | cbo_4d + periodo,,0.35063327819433976,0.09487474535757359,0.00025555728110782105,0.16467877729349553,0.536587779095184,estimated,thin,12,7
income_pnad,income_3_5sm,Mais de 3 até 5 salários mínimos,ln_salario_real_adm,Salário real de admissão (log),ddd,strict_no_tail_binning,22,False,False,estimated,12536,12536,340,pyfixest_retained_sample,ln_salario_real_adm ~ group_tm12 + did_tm12 + ddd_tm12 + group_tm11 + did_tm11 + ddd_tm11 + group_tm10 + did_tm10 + ddd_tm10 + group_tm9 + did_tm9 + ddd_tm9 + group_tm8 + did_tm8 + ddd_tm8 + group_tm7 + did_tm7 + ddd_tm7 + group_tm6 + did_tm6 + ddd_tm6 + group_tm5 + did_tm5 + ddd_tm5 + group_tm4 + did_tm4 + ddd_tm4 + group_tm3 + did_tm3 + ddd_tm3 + group_tm2 + did_tm2 + ddd_tm2 + group_t0 + did_t0 + ddd_t0 + group_t1 + did_t1 + ddd_t1 + group_t2 + did_t2 + ddd_t2 + group_t3 + did_t3 + ddd_t3 + group_t4 + did_t4 + ddd_t4 + group_t5 + did_t5 + ddd_t5 + group_t6 + did_t6 + ddd_t6 + group_t7 + did_t7 + ddd_t7 + group_t8 + did_t8 + ddd_t8 + group_t9 + did_t9 + ddd_t9 + group_t10 + did_t10 + ddd_t10 + group_t11 + did_t11 + ddd_t11 + group_t12 + did_t12 + ddd_t12 + group_t13 + did_t13 + ddd_t13 + group_t14 + did_t14 + ddd_t14 + group_t15 + did_t15 + ddd_t15 + group_t16 + did_t16 + ddd_t16 + group_t17 + did_t17 + ddd_t17 + group_t18 + did_t18 + ddd_t18 + group_t19 + did_t19 + ddd_t19 + group_t20 + did_t20 + ddd_t20 + group_t21 + did_t21 + ddd_t21 + group_t22 + did_t22 + ddd_t22 + group_t23 + did_t23 + ddd_t23 + group_t24 + did_t24 + ddd_t24 + idade_media_adm + pct_mulher_adm + pct_superior_adm + pct_negra_adm | cbo_4d + periodo,,0.17306846890904481,0.09287028906150513,0.06324930095851533,-0.008957297651505242,0.35509423546959484,estimated,thin,12,7
income_pnad,income_3_5sm,Mais de 3 até 5 salários mínimos,ln_salario_real_adm,Salário real de admissão (log),ddd,strict_no_tail_binning,23,False,False,estimated,12536,12536,340,pyfixest_retained_sample,ln_salario_real_adm ~ group_tm12 + did_tm12 + ddd_tm12 + group_tm11 + did_tm11 + ddd_tm11 + group_tm10 + did_tm10 + ddd_tm10 + group_tm9 + did_tm9 + ddd_tm9 + group_tm8 + did_tm8 + ddd_tm8 + group_tm7 + did_tm7 + ddd_tm7 + group_tm6 + did_tm6 + ddd_tm6 + group_tm5 + did_tm5 + ddd_tm5 + group_tm4 + did_tm4 + ddd_tm4 + group_tm3 + did_tm3 + ddd_tm3 + group_tm2 + did_tm2 + ddd_tm2 + group_t0 + did_t0 + ddd_t0 + group_t1 + did_t1 + ddd_t1 + group_t2 + did_t2 + ddd_t2 + group_t3 + did_t3 + ddd_t3 + group_t4 + did_t4 + ddd_t4 + group_t5 + did_t5 + ddd_t5 + group_t6 + did_t6 + ddd_t6 + group_t7 + did_t7 + ddd_t7 + group_t8 + did_t8 + ddd_t8 + group_t9 + did_t9 + ddd_t9 + group_t10 + did_t10 + ddd_t10 + group_t11 + did_t11 + ddd_t11 + group_t12 + did_t12 + ddd_t12 + group_t13 + did_t13 + ddd_t13 + group_t14 + did_t14 + ddd_t14 + group_t15 + did_t15 + ddd_t15 + group_t16 + did_t16 + ddd_t16 + group_t17 + did_t17 + ddd_t17 + group_t18 + did_t18 + ddd_t18 + group_t19 + did_t19 + ddd_t19 + group_t20 + did_t20 + ddd_t20 + group_t21 + did_t21 + ddd_t21 + group_t22 + did_t22 + ddd_t22 + group_t23 + did_t23 + ddd_t23 + group_t24 + did_t24 + ddd_t24 + idade_media_adm + pct_mulher_adm + pct_superior_adm + pct_negra_adm | cbo_4d + periodo,,0.1370539567071538,0.08128668184113942,0.0927049547174803,-0.022267939701479444,0.29637585311578707,estimated,thin,12,7
income_pnad,income_3_5sm,Mais de 3 até 5 salários mínimos,ln_salario_real_adm,Salário real de admissão (log),ddd,strict_no_tail_binning,24,False,False,estimated,12536,12536,340,pyfixest_retained_sample,ln_salario_real_adm ~ group_tm12 + did_tm12 + ddd_tm12 + group_tm11 + did_tm11 + ddd_tm11 + group_tm10 + did_tm10 + ddd_tm10 + group_tm9 + did_tm9 + ddd_tm9 + group_tm8 + did_tm8 + ddd_tm8 + group_tm7 + did_tm7 + ddd_tm7 + group_tm6 + did_tm6 + ddd_tm6 + group_tm5 + did_tm5 + ddd_tm5 + group_tm4 + did_tm4 + ddd_tm4 + group_tm3 + did_tm3 + ddd_tm3 + group_tm2 + did_tm2 + ddd_tm2 + group_t0 + did_t0 + ddd_t0 + group_t1 + did_t1 + ddd_t1 + group_t2 + did_t2 + ddd_t2 + group_t3 + did_t3 + ddd_t3 + group_t4 + did_t4 + ddd_t4 + group_t5 + did_t5 + ddd_t5 + group_t6 + did_t6 + ddd_t6 + group_t7 + did_t7 + ddd_t7 + group_t8 + did_t8 + ddd_t8 + group_t9 + did_t9 + ddd_t9 + group_t10 + did_t10 + ddd_t10 + group_t11 + did_t11 + ddd_t11 + group_t12 + did_t12 + ddd_t12 + group_t13 + did_t13 + ddd_t13 + group_t14 + did_t14 + ddd_t14 + group_t15 + did_t15 + ddd_t15 + group_t16 + did_t16 + ddd_t16 + group_t17 + did_t17 + ddd_t17 + group_t18 + did_t18 + ddd_t18 + group_t19 + did_t19 + ddd_t19 + group_t20 + did_t20 + ddd_t20 + group_t21 + did_t21 + ddd_t21 + group_t22 + did_t22 + ddd_t22 + group_t23 + did_t23 + ddd_t23 + group_t24 + did_t24 + ddd_t24 + idade_media_adm + pct_mulher_adm + pct_superior_adm + pct_negra_adm | cbo_4d + periodo,,0.03526007727533103,0.13066035669603782,0.7874317258488941,-0.22083422184890306,0.29135437639956513,estimated,thin,12,7
income_pnad,income_5_plus_sm,Mais de 5 salários mínimos,ln_admissoes,Admissões (log),ddd,strict_no_tail_binning,-12,False,True,estimated,12536,12536,340,pyfixest_retained_sample,ln_admissoes ~ group_tm12 + did_tm12 + ddd_tm12 + group_tm11 + did_tm11 + ddd_tm11 + group_tm10 + did_tm10 + ddd_tm10 + group_tm9 + did_tm9 + ddd_tm9 + group_tm8 + did_tm8 + ddd_tm8 + group_tm7 + did_tm7 + ddd_tm7 + group_tm6 + did_tm6 + ddd_tm6 + group_tm5 + did_tm5 + ddd_tm5 + group_tm4 + did_tm4 + ddd_tm4 + group_tm3 + did_tm3 + ddd_tm3 + group_tm2 + did_tm2 + ddd_tm2 + group_t0 + did_t0 + ddd_t0 + group_t1 + did_t1 + ddd_t1 + group_t2 + did_t2 + ddd_t2 + group_t3 + did_t3 + ddd_t3 + group_t4 + did_t4 + ddd_t4 + group_t5 + did_t5 + ddd_t5 + group_t6 + did_t6 + ddd_t6 + group_t7 + did_t7 + ddd_t7 + group_t8 + did_t8 + ddd_t8 + group_t9 + did_t9 + ddd_t9 + group_t10 + did_t10 + ddd_t10 + group_t11 + did_t11 + ddd_t11 + group_t12 + did_t12 + ddd_t12 + group_t13 + did_t13 + ddd_t13 + group_t14 + did_t14 + ddd_t14 + group_t15 + did_t15 + ddd_t15 + group_t16 + did_t16 + ddd_t16 + group_t17 + did_t17 + ddd_t17 + group_t18 + did_t18 + ddd_t18 + group_t19 + did_t19 + ddd_t19 + group_t20 + did_t20 + ddd_t20 + group_t21 + did_t21 + ddd_t21 + group_t22 + did_t22 + ddd_t22 + group_t23 + did_t23 + ddd_t23 + group_t24 + did_t24 + ddd_t24 + idade_media_adm + pct_mulher_adm + pct_superior_adm + pct_negra_adm | cbo_4d + periodo,,0.04143615362701816,0.1500318117126305,0.7825762279183466,-0.25262619732973757,0.33549850458377395,estimated,thin,3,7
income_pnad,income_5_plus_sm,Mais de 5 salários mínimos,ln_admissoes,Admissões (log),ddd,strict_no_tail_binning,-11,False,True,estimated,12536,12536,340,pyfixest_retained_sample,ln_admissoes ~ group_tm12 + did_tm12 + ddd_tm12 + group_tm11 + did_tm11 + ddd_tm11 + group_tm10 + did_tm10 + ddd_tm10 + group_tm9 + did_tm9 + ddd_tm9 + group_tm8 + did_tm8 + ddd_tm8 + group_tm7 + did_tm7 + ddd_tm7 + group_tm6 + did_tm6 + ddd_tm6 + group_tm5 + did_tm5 + ddd_tm5 + group_tm4 + did_tm4 + ddd_tm4 + group_tm3 + did_tm3 + ddd_tm3 + group_tm2 + did_tm2 + ddd_tm2 + group_t0 + did_t0 + ddd_t0 + group_t1 + did_t1 + ddd_t1 + group_t2 + did_t2 + ddd_t2 + group_t3 + did_t3 + ddd_t3 + group_t4 + did_t4 + ddd_t4 + group_t5 + did_t5 + ddd_t5 + group_t6 + did_t6 + ddd_t6 + group_t7 + did_t7 + ddd_t7 + group_t8 + did_t8 + ddd_t8 + group_t9 + did_t9 + ddd_t9 + group_t10 + did_t10 + ddd_t10 + group_t11 + did_t11 + ddd_t11 + group_t12 + did_t12 + ddd_t12 + group_t13 + did_t13 + ddd_t13 + group_t14 + did_t14 + ddd_t14 + group_t15 + did_t15 + ddd_t15 + group_t16 + did_t16 + ddd_t16 + group_t17 + did_t17 + ddd_t17 + group_t18 + did_t18 + ddd_t18 + group_t19 + did_t19 + ddd_t19 + group_t20 + did_t20 + ddd_t20 + group_t21 + did_t21 + ddd_t21 + group_t22 + did_t22 + ddd_t22 + group_t23 + did_t23 + ddd_t23 + group_t24 + did_t24 + ddd_t24 + idade_media_adm + pct_mulher_adm + pct_superior_adm + pct_negra_adm | cbo_4d + periodo,,0.10610376360356988,0.22737632540773092,0.6410544520406019,-0.3395538341955827,0.5517613614027225,estimated,thin,3,7
income_pnad,income_5_plus_sm,Mais de 5 salários mínimos,ln_admissoes,Admissões (log),ddd,strict_no_tail_binning,-10,False,True,estimated,12536,12536,340,pyfixest_retained_sample,ln_admissoes ~ group_tm12 + did_tm12 + ddd_tm12 + group_tm11 + did_tm11 + ddd_tm11 + group_tm10 + did_tm10 + ddd_tm10 + group_tm9 + did_tm9 + ddd_tm9 + group_tm8 + did_tm8 + ddd_tm8 + group_tm7 + did_tm7 + ddd_tm7 + group_tm6 + did_tm6 + ddd_tm6 + group_tm5 + did_tm5 + ddd_tm5 + group_tm4 + did_tm4 + ddd_tm4 + group_tm3 + did_tm3 + ddd_tm3 + group_tm2 + did_tm2 + ddd_tm2 + group_t0 + did_t0 + ddd_t0 + group_t1 + did_t1 + ddd_t1 + group_t2 + did_t2 + ddd_t2 + group_t3 + did_t3 + ddd_t3 + group_t4 + did_t4 + ddd_t4 + group_t5 + did_t5 + ddd_t5 + group_t6 + did_t6 + ddd_t6 + group_t7 + did_t7 + ddd_t7 + group_t8 + did_t8 + ddd_t8 + group_t9 + did_t9 + ddd_t9 + group_t10 + did_t10 + ddd_t10 + group_t11 + did_t11 + ddd_t11 + group_t12 + did_t12 + ddd_t12 + group_t13 + did_t13 + ddd_t13 + group_t14 + did_t14 + ddd_t14 + group_t15 + did_t15 + ddd_t15 + group_t16 + did_t16 + ddd_t16 + group_t17 + did_t17 + ddd_t17 + group_t18 + did_t18 + ddd_t18 + group_t19 + did_t19 + ddd_t19 + group_t20 + did_t20 + ddd_t20 + group_t21 + did_t21 + ddd_t21 + group_t22 + did_t22 + ddd_t22 + group_t23 + did_t23 + ddd_t23 + group_t24 + did_t24 + ddd_t24 + idade_media_adm + pct_mulher_adm + pct_superior_adm + pct_negra_adm | cbo_4d + periodo,,0.3292075345478896,0.1666131050380047,0.0489788715360997,0.002645848673400397,0.6557692204223788,estimated,thin,3,7
income_pnad,income_5_plus_sm,Mais de 5 salários mínimos,ln_admissoes,Admissões (log),ddd,strict_no_tail_binning,-9,False,True,estimated,12536,12536,340,pyfixest_retained_sample,ln_admissoes ~ group_tm12 + did_tm12 + ddd_tm12 + group_tm11 + did_tm11 + ddd_tm11 + group_tm10 + did_tm10 + ddd_tm10 + group_tm9 + did_tm9 + ddd_tm9 + group_tm8 + did_tm8 + ddd_tm8 + group_tm7 + did_tm7 + ddd_tm7 + group_tm6 + did_tm6 + ddd_tm6 + group_tm5 + did_tm5 + ddd_tm5 + group_tm4 + did_tm4 + ddd_tm4 + group_tm3 + did_tm3 + ddd_tm3 + group_tm2 + did_tm2 + ddd_tm2 + group_t0 + did_t0 + ddd_t0 + group_t1 + did_t1 + ddd_t1 + group_t2 + did_t2 + ddd_t2 + group_t3 + did_t3 + ddd_t3 + group_t4 + did_t4 + ddd_t4 + group_t5 + did_t5 + ddd_t5 + group_t6 + did_t6 + ddd_t6 + group_t7 + did_t7 + ddd_t7 + group_t8 + did_t8 + ddd_t8 + group_t9 + did_t9 + ddd_t9 + group_t10 + did_t10 + ddd_t10 + group_t11 + did_t11 + ddd_t11 + group_t12 + did_t12 + ddd_t12 + group_t13 + did_t13 + ddd_t13 + group_t14 + did_t14 + ddd_t14 + group_t15 + did_t15 + ddd_t15 + group_t16 + did_t16 + ddd_t16 + group_t17 + did_t17 + ddd_t17 + group_t18 + did_t18 + ddd_t18 + group_t19 + did_t19 + ddd_t19 + group_t20 + did_t20 + ddd_t20 + group_t21 + did_t21 + ddd_t21 + group_t22 + did_t22 + ddd_t22 + group_t23 + did_t23 + ddd_t23 + group_t24 + did_t24 + ddd_t24 + idade_media_adm + pct_mulher_adm + pct_superior_adm + pct_negra_adm | cbo_4d + periodo,,0.24625861927187487,0.11866833669225593,0.03872331008249419,0.013668679355053254,0.4788485591886965,estimated,thin,3,7
income_pnad,income_5_plus_sm,Mais de 5 salários mínimos,ln_admissoes,Admissões (log),ddd,strict_no_tail_binning,-8,False,True,estimated,12536,12536,340,pyfixest_retained_sample,ln_admissoes ~ group_tm12 + did_tm12 + ddd_tm12 + group_tm11 + did_tm11 + ddd_tm11 + group_tm10 + did_tm10 + ddd_tm10 + group_tm9 + did_tm9 + ddd_tm9 + group_tm8 + did_tm8 + ddd_tm8 + group_tm7 + did_tm7 + ddd_tm7 + group_tm6 + did_tm6 + ddd_tm6 + group_tm5 + did_tm5 + ddd_tm5 + group_tm4 + did_tm4 + ddd_tm4 + group_tm3 + did_tm3 + ddd_tm3 + group_tm2 + did_tm2 + ddd_tm2 + group_t0 + did_t0 + ddd_t0 + group_t1 + did_t1 + ddd_t1 + group_t2 + did_t2 + ddd_t2 + group_t3 + did_t3 + ddd_t3 + group_t4 + did_t4 + ddd_t4 + group_t5 + did_t5 + ddd_t5 + group_t6 + did_t6 + ddd_t6 + group_t7 + did_t7 + ddd_t7 + group_t8 + did_t8 + ddd_t8 + group_t9 + did_t9 + ddd_t9 + group_t10 + did_t10 + ddd_t10 + group_t11 + did_t11 + ddd_t11 + group_t12 + did_t12 + ddd_t12 + group_t13 + did_t13 + ddd_t13 + group_t14 + did_t14 + ddd_t14 + group_t15 + did_t15 + ddd_t15 + group_t16 + did_t16 + ddd_t16 + group_t17 + did_t17 + ddd_t17 + group_t18 + did_t18 + ddd_t18 + group_t19 + did_t19 + ddd_t19 + group_t20 + did_t20 + ddd_t20 + group_t21 + did_t21 + ddd_t21 + group_t22 + did_t22 + ddd_t22 + group_t23 + did_t23 + ddd_t23 + group_t24 + did_t24 + ddd_t24 + idade_media_adm + pct_mulher_adm + pct_superior_adm + pct_negra_adm | cbo_4d + periodo,,0.3223804921365784,0.09337101883807086,0.0006253422760678085,0.1393732952139595,0.5053876890591973,estimated,thin,3,7
income_pnad,income_5_plus_sm,Mais de 5 salários mínimos,ln_admissoes,Admissões (log),ddd,strict_no_tail_binning,-7,False,True,estimated,12536,12536,340,pyfixest_retained_sample,ln_admissoes ~ group_tm12 + did_tm12 + ddd_tm12 + group_tm11 + did_tm11 + ddd_tm11 + group_tm10 + did_tm10 + ddd_tm10 + group_tm9 + did_tm9 + ddd_tm9 + group_tm8 + did_tm8 + ddd_tm8 + group_tm7 + did_tm7 + ddd_tm7 + group_tm6 + did_tm6 + ddd_tm6 + group_tm5 + did_tm5 + ddd_tm5 + group_tm4 + did_tm4 + ddd_tm4 + group_tm3 + did_tm3 + ddd_tm3 + group_tm2 + did_tm2 + ddd_tm2 + group_t0 + did_t0 + ddd_t0 + group_t1 + did_t1 + ddd_t1 + group_t2 + did_t2 + ddd_t2 + group_t3 + did_t3 + ddd_t3 + group_t4 + did_t4 + ddd_t4 + group_t5 + did_t5 + ddd_t5 + group_t6 + did_t6 + ddd_t6 + group_t7 + did_t7 + ddd_t7 + group_t8 + did_t8 + ddd_t8 + group_t9 + did_t9 + ddd_t9 + group_t10 + did_t10 + ddd_t10 + group_t11 + did_t11 + ddd_t11 + group_t12 + did_t12 + ddd_t12 + group_t13 + did_t13 + ddd_t13 + group_t14 + did_t14 + ddd_t14 + group_t15 + did_t15 + ddd_t15 + group_t16 + did_t16 + ddd_t16 + group_t17 + did_t17 + ddd_t17 + group_t18 + did_t18 + ddd_t18 + group_t19 + did_t19 + ddd_t19 + group_t20 + did_t20 + ddd_t20 + group_t21 + did_t21 + ddd_t21 + group_t22 + did_t22 + ddd_t22 + group_t23 + did_t23 + ddd_t23 + group_t24 + did_t24 + ddd_t24 + idade_media_adm + pct_mulher_adm + pct_superior_adm + pct_negra_adm | cbo_4d + periodo,,0.3094918768042601,0.11132118411687085,0.0057363744128802185,0.09130235593519323,0.527681397673327,estimated,thin,3,7
income_pnad,income_5_plus_sm,Mais de 5 salários mínimos,ln_admissoes,Admissões (log),ddd,strict_no_tail_binning,-6,False,True,estimated,12536,12536,340,pyfixest_retained_sample,ln_admissoes ~ group_tm12 + did_tm12 + ddd_tm12 + group_tm11 + did_tm11 + ddd_tm11 + group_tm10 + did_tm10 + ddd_tm10 + group_tm9 + did_tm9 + ddd_tm9 + group_tm8 + did_tm8 + ddd_tm8 + group_tm7 + did_tm7 + ddd_tm7 + group_tm6 + did_tm6 + ddd_tm6 + group_tm5 + did_tm5 + ddd_tm5 + group_tm4 + did_tm4 + ddd_tm4 + group_tm3 + did_tm3 + ddd_tm3 + group_tm2 + did_tm2 + ddd_tm2 + group_t0 + did_t0 + ddd_t0 + group_t1 + did_t1 + ddd_t1 + group_t2 + did_t2 + ddd_t2 + group_t3 + did_t3 + ddd_t3 + group_t4 + did_t4 + ddd_t4 + group_t5 + did_t5 + ddd_t5 + group_t6 + did_t6 + ddd_t6 + group_t7 + did_t7 + ddd_t7 + group_t8 + did_t8 + ddd_t8 + group_t9 + did_t9 + ddd_t9 + group_t10 + did_t10 + ddd_t10 + group_t11 + did_t11 + ddd_t11 + group_t12 + did_t12 + ddd_t12 + group_t13 + did_t13 + ddd_t13 + group_t14 + did_t14 + ddd_t14 + group_t15 + did_t15 + ddd_t15 + group_t16 + did_t16 + ddd_t16 + group_t17 + did_t17 + ddd_t17 + group_t18 + did_t18 + ddd_t18 + group_t19 + did_t19 + ddd_t19 + group_t20 + did_t20 + ddd_t20 + group_t21 + did_t21 + ddd_t21 + group_t22 + did_t22 + ddd_t22 + group_t23 + did_t23 + ddd_t23 + group_t24 + did_t24 + ddd_t24 + idade_media_adm + pct_mulher_adm + pct_superior_adm + pct_negra_adm | cbo_4d + periodo,,0.2908121440637681,0.10028222429953396,0.003975873639424643,0.09425898443668154,0.4873653036908546,estimated,thin,3,7
income_pnad,income_5_plus_sm,Mais de 5 salários mínimos,ln_admissoes,Admissões (log),ddd,strict_no_tail_binning,-5,False,True,estimated,12536,12536,340,pyfixest_retained_sample,ln_admissoes ~ group_tm12 + did_tm12 + ddd_tm12 + group_tm11 + did_tm11 + ddd_tm11 + group_tm10 + did_tm10 + ddd_tm10 + group_tm9 + did_tm9 + ddd_tm9 + group_tm8 + did_tm8 + ddd_tm8 + group_tm7 + did_tm7 + ddd_tm7 + group_tm6 + did_tm6 + ddd_tm6 + group_tm5 + did_tm5 + ddd_tm5 + group_tm4 + did_tm4 + ddd_tm4 + group_tm3 + did_tm3 + ddd_tm3 + group_tm2 + did_tm2 + ddd_tm2 + group_t0 + did_t0 + ddd_t0 + group_t1 + did_t1 + ddd_t1 + group_t2 + did_t2 + ddd_t2 + group_t3 + did_t3 + ddd_t3 + group_t4 + did_t4 + ddd_t4 + group_t5 + did_t5 + ddd_t5 + group_t6 + did_t6 + ddd_t6 + group_t7 + did_t7 + ddd_t7 + group_t8 + did_t8 + ddd_t8 + group_t9 + did_t9 + ddd_t9 + group_t10 + did_t10 + ddd_t10 + group_t11 + did_t11 + ddd_t11 + group_t12 + did_t12 + ddd_t12 + group_t13 + did_t13 + ddd_t13 + group_t14 + did_t14 + ddd_t14 + group_t15 + did_t15 + ddd_t15 + group_t16 + did_t16 + ddd_t16 + group_t17 + did_t17 + ddd_t17 + group_t18 + did_t18 + ddd_t18 + group_t19 + did_t19 + ddd_t19 + group_t20 + did_t20 + ddd_t20 + group_t21 + did_t21 + ddd_t21 + group_t22 + did_t22 + ddd_t22 + group_t23 + did_t23 + ddd_t23 + group_t24 + did_t24 + ddd_t24 + idade_media_adm + pct_mulher_adm + pct_superior_adm + pct_negra_adm | cbo_4d + periodo,,0.174746102985522,0.07006045624410837,0.013099216949709058,0.03742760874706963,0.3120645972239744,estimated,thin,3,7
income_pnad,income_5_plus_sm,Mais de 5 salários mínimos,ln_admissoes,Admissões (log),ddd,strict_no_tail_binning,-4,False,True,estimated,12536,12536,340,pyfixest_retained_sample,ln_admissoes ~ group_tm12 + did_tm12 + ddd_tm12 + group_tm11 + did_tm11 + ddd_tm11 + group_tm10 + did_tm10 + ddd_tm10 + group_tm9 + did_tm9 + ddd_tm9 + group_tm8 + did_tm8 + ddd_tm8 + group_tm7 + did_tm7 + ddd_tm7 + group_tm6 + did_tm6 + ddd_tm6 + group_tm5 + did_tm5 + ddd_tm5 + group_tm4 + did_tm4 + ddd_tm4 + group_tm3 + did_tm3 + ddd_tm3 + group_tm2 + did_tm2 + ddd_tm2 + group_t0 + did_t0 + ddd_t0 + group_t1 + did_t1 + ddd_t1 + group_t2 + did_t2 + ddd_t2 + group_t3 + did_t3 + ddd_t3 + group_t4 + did_t4 + ddd_t4 + group_t5 + did_t5 + ddd_t5 + group_t6 + did_t6 + ddd_t6 + group_t7 + did_t7 + ddd_t7 + group_t8 + did_t8 + ddd_t8 + group_t9 + did_t9 + ddd_t9 + group_t10 + did_t10 + ddd_t10 + group_t11 + did_t11 + ddd_t11 + group_t12 + did_t12 + ddd_t12 + group_t13 + did_t13 + ddd_t13 + group_t14 + did_t14 + ddd_t14 + group_t15 + did_t15 + ddd_t15 + group_t16 + did_t16 + ddd_t16 + group_t17 + did_t17 + ddd_t17 + group_t18 + did_t18 + ddd_t18 + group_t19 + did_t19 + ddd_t19 + group_t20 + did_t20 + ddd_t20 + group_t21 + did_t21 + ddd_t21 + group_t22 + did_t22 + ddd_t22 + group_t23 + did_t23 + ddd_t23 + group_t24 + did_t24 + ddd_t24 + idade_media_adm + pct_mulher_adm + pct_superior_adm + pct_negra_adm | cbo_4d + periodo,,0.1476823615254285,0.10830680304953408,0.1736122298250793,-0.0645989724516583,0.3599636955025153,estimated,thin,3,7
income_pnad,income_5_plus_sm,Mais de 5 salários mínimos,ln_admissoes,Admissões (log),ddd,strict_no_tail_binning,-3,False,True,estimated,12536,12536,340,pyfixest_retained_sample,ln_admissoes ~ group_tm12 + did_tm12 + ddd_tm12 + group_tm11 + did_tm11 + ddd_tm11 + group_tm10 + did_tm10 + ddd_tm10 + group_tm9 + did_tm9 + ddd_tm9 + group_tm8 + did_tm8 + ddd_tm8 + group_tm7 + did_tm7 + ddd_tm7 + group_tm6 + did_tm6 + ddd_tm6 + group_tm5 + did_tm5 + ddd_tm5 + group_tm4 + did_tm4 + ddd_tm4 + group_tm3 + did_tm3 + ddd_tm3 + group_tm2 + did_tm2 + ddd_tm2 + group_t0 + did_t0 + ddd_t0 + group_t1 + did_t1 + ddd_t1 + group_t2 + did_t2 + ddd_t2 + group_t3 + did_t3 + ddd_t3 + group_t4 + did_t4 + ddd_t4 + group_t5 + did_t5 + ddd_t5 + group_t6 + did_t6 + ddd_t6 + group_t7 + did_t7 + ddd_t7 + group_t8 + did_t8 + ddd_t8 + group_t9 + did_t9 + ddd_t9 + group_t10 + did_t10 + ddd_t10 + group_t11 + did_t11 + ddd_t11 + group_t12 + did_t12 + ddd_t12 + group_t13 + did_t13 + ddd_t13 + group_t14 + did_t14 + ddd_t14 + group_t15 + did_t15 + ddd_t15 + group_t16 + did_t16 + ddd_t16 + group_t17 + did_t17 + ddd_t17 + group_t18 + did_t18 + ddd_t18 + group_t19 + did_t19 + ddd_t19 + group_t20 + did_t20 + ddd_t20 + group_t21 + did_t21 + ddd_t21 + group_t22 + did_t22 + ddd_t22 + group_t23 + did_t23 + ddd_t23 + group_t24 + did_t24 + ddd_t24 + idade_media_adm + pct_mulher_adm + pct_superior_adm + pct_negra_adm | cbo_4d + periodo,,0.18305649646781008,0.11532370608851839,0.11337072509501067,-0.04297796746568594,0.4090909604013061,estimated,thin,3,7
income_pnad,income_5_plus_sm,Mais de 5 salários mínimos,ln_admissoes,Admissões (log),ddd,strict_no_tail_binning,-2,False,True,estimated,12536,12536,340,pyfixest_retained_sample,ln_admissoes ~ group_tm12 + did_tm12 + ddd_tm12 + group_tm11 + did_tm11 + ddd_tm11 + group_tm10 + did_tm10 + ddd_tm10 + group_tm9 + did_tm9 + ddd_tm9 + group_tm8 + did_tm8 + ddd_tm8 + group_tm7 + did_tm7 + ddd_tm7 + group_tm6 + did_tm6 + ddd_tm6 + group_tm5 + did_tm5 + ddd_tm5 + group_tm4 + did_tm4 + ddd_tm4 + group_tm3 + did_tm3 + ddd_tm3 + group_tm2 + did_tm2 + ddd_tm2 + group_t0 + did_t0 + ddd_t0 + group_t1 + did_t1 + ddd_t1 + group_t2 + did_t2 + ddd_t2 + group_t3 + did_t3 + ddd_t3 + group_t4 + did_t4 + ddd_t4 + group_t5 + did_t5 + ddd_t5 + group_t6 + did_t6 + ddd_t6 + group_t7 + did_t7 + ddd_t7 + group_t8 + did_t8 + ddd_t8 + group_t9 + did_t9 + ddd_t9 + group_t10 + did_t10 + ddd_t10 + group_t11 + did_t11 + ddd_t11 + group_t12 + did_t12 + ddd_t12 + group_t13 + did_t13 + ddd_t13 + group_t14 + did_t14 + ddd_t14 + group_t15 + did_t15 + ddd_t15 + group_t16 + did_t16 + ddd_t16 + group_t17 + did_t17 + ddd_t17 + group_t18 + did_t18 + ddd_t18 + group_t19 + did_t19 + ddd_t19 + group_t20 + did_t20 + ddd_t20 + group_t21 + did_t21 + ddd_t21 + group_t22 + did_t22 + ddd_t22 + group_t23 + did_t23 + ddd_t23 + group_t24 + did_t24 + ddd_t24 + idade_media_adm + pct_mulher_adm + pct_superior_adm + pct_negra_adm | cbo_4d + periodo,,0.15822592762948798,0.08213873045019758,0.054899579977096824,-0.0027659840528992674,0.3192178393118752,estimated,thin,3,7
income_pnad,income_5_plus_sm,Mais de 5 salários mínimos,ln_admissoes,Admissões (log),ddd,strict_no_tail_binning,-1,True,False,estimated,12536,12536,340,pyfixest_retained_sample,ln_admissoes ~ group_tm12 + did_tm12 + ddd_tm12 + group_tm11 + did_tm11 + ddd_tm11 + group_tm10 + did_tm10 + ddd_tm10 + group_tm9 + did_tm9 + ddd_tm9 + group_tm8 + did_tm8 + ddd_tm8 + group_tm7 + did_tm7 + ddd_tm7 + group_tm6 + did_tm6 + ddd_tm6 + group_tm5 + did_tm5 + ddd_tm5 + group_tm4 + did_tm4 + ddd_tm4 + group_tm3 + did_tm3 + ddd_tm3 + group_tm2 + did_tm2 + ddd_tm2 + group_t0 + did_t0 + ddd_t0 + group_t1 + did_t1 + ddd_t1 + group_t2 + did_t2 + ddd_t2 + group_t3 + did_t3 + ddd_t3 + group_t4 + did_t4 + ddd_t4 + group_t5 + did_t5 + ddd_t5 + group_t6 + did_t6 + ddd_t6 + group_t7 + did_t7 + ddd_t7 + group_t8 + did_t8 + ddd_t8 + group_t9 + did_t9 + ddd_t9 + group_t10 + did_t10 + ddd_t10 + group_t11 + did_t11 + ddd_t11 + group_t12 + did_t12 + ddd_t12 + group_t13 + did_t13 + ddd_t13 + group_t14 + did_t14 + ddd_t14 + group_t15 + did_t15 + ddd_t15 + group_t16 + did_t16 + ddd_t16 + group_t17 + did_t17 + ddd_t17 + group_t18 + did_t18 + ddd_t18 + group_t19 + did_t19 + ddd_t19 + group_t20 + did_t20 + ddd_t20 + group_t21 + did_t21 + ddd_t21 + group_t22 + did_t22 + ddd_t22 + group_t23 + did_t23 + ddd_t23 + group_t24 + did_t24 + ddd_t24 + idade_media_adm + pct_mulher_adm + pct_superior_adm + pct_negra_adm | cbo_4d + periodo,,0.0,0.0,,0.0,0.0,reference,thin,3,7
income_pnad,income_5_plus_sm,Mais de 5 salários mínimos,ln_admissoes,Admissões (log),ddd,strict_no_tail_binning,0,False,False,estimated,12536,12536,340,pyfixest_retained_sample,ln_admissoes ~ group_tm12 + did_tm12 + ddd_tm12 + group_tm11 + did_tm11 + ddd_tm11 + group_tm10 + did_tm10 + ddd_tm10 + group_tm9 + did_tm9 + ddd_tm9 + group_tm8 + did_tm8 + ddd_tm8 + group_tm7 + did_tm7 + ddd_tm7 + group_tm6 + did_tm6 + ddd_tm6 + group_tm5 + did_tm5 + ddd_tm5 + group_tm4 + did_tm4 + ddd_tm4 + group_tm3 + did_tm3 + ddd_tm3 + group_tm2 + did_tm2 + ddd_tm2 + group_t0 + did_t0 + ddd_t0 + group_t1 + did_t1 + ddd_t1 + group_t2 + did_t2 + ddd_t2 + group_t3 + did_t3 + ddd_t3 + group_t4 + did_t4 + ddd_t4 + group_t5 + did_t5 + ddd_t5 + group_t6 + did_t6 + ddd_t6 + group_t7 + did_t7 + ddd_t7 + group_t8 + did_t8 + ddd_t8 + group_t9 + did_t9 + ddd_t9 + group_t10 + did_t10 + ddd_t10 + group_t11 + did_t11 + ddd_t11 + group_t12 + did_t12 + ddd_t12 + group_t13 + did_t13 + ddd_t13 + group_t14 + did_t14 + ddd_t14 + group_t15 + did_t15 + ddd_t15 + group_t16 + did_t16 + ddd_t16 + group_t17 + did_t17 + ddd_t17 + group_t18 + did_t18 + ddd_t18 + group_t19 + did_t19 + ddd_t19 + group_t20 + did_t20 + ddd_t20 + group_t21 + did_t21 + ddd_t21 + group_t22 + did_t22 + ddd_t22 + group_t23 + did_t23 + ddd_t23 + group_t24 + did_t24 + ddd_t24 + idade_media_adm + pct_mulher_adm + pct_superior_adm + pct_negra_adm | cbo_4d + periodo,,-0.3790675648803099,0.12706066847723158,0.0030577672274600953,-0.6281064750956837,-0.13002865466493602,estimated,thin,3,7
income_pnad,income_5_plus_sm,Mais de 5 salários mínimos,ln_admissoes,Admissões (log),ddd,strict_no_tail_binning,1,False,False,estimated,12536,12536,340,pyfixest_retained_sample,ln_admissoes ~ group_tm12 + did_tm12 + ddd_tm12 + group_tm11 + did_tm11 + ddd_tm11 + group_tm10 + did_tm10 + ddd_tm10 + group_tm9 + did_tm9 + ddd_tm9 + group_tm8 + did_tm8 + ddd_tm8 + group_tm7 + did_tm7 + ddd_tm7 + group_tm6 + did_tm6 + ddd_tm6 + group_tm5 + did_tm5 + ddd_tm5 + group_tm4 + did_tm4 + ddd_tm4 + group_tm3 + did_tm3 + ddd_tm3 + group_tm2 + did_tm2 + ddd_tm2 + group_t0 + did_t0 + ddd_t0 + group_t1 + did_t1 + ddd_t1 + group_t2 + did_t2 + ddd_t2 + group_t3 + did_t3 + ddd_t3 + group_t4 + did_t4 + ddd_t4 + group_t5 + did_t5 + ddd_t5 + group_t6 + did_t6 + ddd_t6 + group_t7 + did_t7 + ddd_t7 + group_t8 + did_t8 + ddd_t8 + group_t9 + did_t9 + ddd_t9 + group_t10 + did_t10 + ddd_t10 + group_t11 + did_t11 + ddd_t11 + group_t12 + did_t12 + ddd_t12 + group_t13 + did_t13 + ddd_t13 + group_t14 + did_t14 + ddd_t14 + group_t15 + did_t15 + ddd_t15 + group_t16 + did_t16 + ddd_t16 + group_t17 + did_t17 + ddd_t17 + group_t18 + did_t18 + ddd_t18 + group_t19 + did_t19 + ddd_t19 + group_t20 + did_t20 + ddd_t20 + group_t21 + did_t21 + ddd_t21 + group_t22 + did_t22 + ddd_t22 + group_t23 + did_t23 + ddd_t23 + group_t24 + did_t24 + ddd_t24 + idade_media_adm + pct_mulher_adm + pct_superior_adm + pct_negra_adm | cbo_4d + periodo,,0.19918799087878897,0.09601619350737803,0.038784794946925105,0.010996251604328044,0.3873797301532499,estimated,thin,3,7
income_pnad,income_5_plus_sm,Mais de 5 salários mínimos,ln_admissoes,Admissões (log),ddd,strict_no_tail_binning,2,False,False,estimated,12536,12536,340,pyfixest_retained_sample,ln_admissoes ~ group_tm12 + did_tm12 + ddd_tm12 + group_tm11 + did_tm11 + ddd_tm11 + group_tm10 + did_tm10 + ddd_tm10 + group_tm9 + did_tm9 + ddd_tm9 + group_tm8 + did_tm8 + ddd_tm8 + group_tm7 + did_tm7 + ddd_tm7 + group_tm6 + did_tm6 + ddd_tm6 + group_tm5 + did_tm5 + ddd_tm5 + group_tm4 + did_tm4 + ddd_tm4 + group_tm3 + did_tm3 + ddd_tm3 + group_tm2 + did_tm2 + ddd_tm2 + group_t0 + did_t0 + ddd_t0 + group_t1 + did_t1 + ddd_t1 + group_t2 + did_t2 + ddd_t2 + group_t3 + did_t3 + ddd_t3 + group_t4 + did_t4 + ddd_t4 + group_t5 + did_t5 + ddd_t5 + group_t6 + did_t6 + ddd_t6 + group_t7 + did_t7 + ddd_t7 + group_t8 + did_t8 + ddd_t8 + group_t9 + did_t9 + ddd_t9 + group_t10 + did_t10 + ddd_t10 + group_t11 + did_t11 + ddd_t11 + group_t12 + did_t12 + ddd_t12 + group_t13 + did_t13 + ddd_t13 + group_t14 + did_t14 + ddd_t14 + group_t15 + did_t15 + ddd_t15 + group_t16 + did_t16 + ddd_t16 + group_t17 + did_t17 + ddd_t17 + group_t18 + did_t18 + ddd_t18 + group_t19 + did_t19 + ddd_t19 + group_t20 + did_t20 + ddd_t20 + group_t21 + did_t21 + ddd_t21 + group_t22 + did_t22 + ddd_t22 + group_t23 + did_t23 + ddd_t23 + group_t24 + did_t24 + ddd_t24 + idade_media_adm + pct_mulher_adm + pct_superior_adm + pct_negra_adm | cbo_4d + periodo,,0.12020323005249935,0.10325437941020033,0.24518326437128657,-0.08217535359149329,0.32258181369649197,estimated,thin,3,7
income_pnad,income_5_plus_sm,Mais de 5 salários mínimos,ln_admissoes,Admissões (log),ddd,strict_no_tail_binning,3,False,False,estimated,12536,12536,340,pyfixest_retained_sample,ln_admissoes ~ group_tm12 + did_tm12 + ddd_tm12 + group_tm11 + did_tm11 + ddd_tm11 + group_tm10 + did_tm10 + ddd_tm10 + group_tm9 + did_tm9 + ddd_tm9 + group_tm8 + did_tm8 + ddd_tm8 + group_tm7 + did_tm7 + ddd_tm7 + group_tm6 + did_tm6 + ddd_tm6 + group_tm5 + did_tm5 + ddd_tm5 + group_tm4 + did_tm4 + ddd_tm4 + group_tm3 + did_tm3 + ddd_tm3 + group_tm2 + did_tm2 + ddd_tm2 + group_t0 + did_t0 + ddd_t0 + group_t1 + did_t1 + ddd_t1 + group_t2 + did_t2 + ddd_t2 + group_t3 + did_t3 + ddd_t3 + group_t4 + did_t4 + ddd_t4 + group_t5 + did_t5 + ddd_t5 + group_t6 + did_t6 + ddd_t6 + group_t7 + did_t7 + ddd_t7 + group_t8 + did_t8 + ddd_t8 + group_t9 + did_t9 + ddd_t9 + group_t10 + did_t10 + ddd_t10 + group_t11 + did_t11 + ddd_t11 + group_t12 + did_t12 + ddd_t12 + group_t13 + did_t13 + ddd_t13 + group_t14 + did_t14 + ddd_t14 + group_t15 + did_t15 + ddd_t15 + group_t16 + did_t16 + ddd_t16 + group_t17 + did_t17 + ddd_t17 + group_t18 + did_t18 + ddd_t18 + group_t19 + did_t19 + ddd_t19 + group_t20 + did_t20 + ddd_t20 + group_t21 + did_t21 + ddd_t21 + group_t22 + did_t22 + ddd_t22 + group_t23 + did_t23 + ddd_t23 + group_t24 + did_t24 + ddd_t24 + idade_media_adm + pct_mulher_adm + pct_superior_adm + pct_negra_adm | cbo_4d + periodo,,0.16204550230229828,0.09954638327081695,0.10448799377348283,-0.03306540890850296,0.3571564135130995,estimated,thin,3,7
income_pnad,income_5_plus_sm,Mais de 5 salários mínimos,ln_admissoes,Admissões (log),ddd,strict_no_tail_binning,4,False,False,estimated,12536,12536,340,pyfixest_retained_sample,ln_admissoes ~ group_tm12 + did_tm12 + ddd_tm12 + group_tm11 + did_tm11 + ddd_tm11 + group_tm10 + did_tm10 + ddd_tm10 + group_tm9 + did_tm9 + ddd_tm9 + group_tm8 + did_tm8 + ddd_tm8 + group_tm7 + did_tm7 + ddd_tm7 + group_tm6 + did_tm6 + ddd_tm6 + group_tm5 + did_tm5 + ddd_tm5 + group_tm4 + did_tm4 + ddd_tm4 + group_tm3 + did_tm3 + ddd_tm3 + group_tm2 + did_tm2 + ddd_tm2 + group_t0 + did_t0 + ddd_t0 + group_t1 + did_t1 + ddd_t1 + group_t2 + did_t2 + ddd_t2 + group_t3 + did_t3 + ddd_t3 + group_t4 + did_t4 + ddd_t4 + group_t5 + did_t5 + ddd_t5 + group_t6 + did_t6 + ddd_t6 + group_t7 + did_t7 + ddd_t7 + group_t8 + did_t8 + ddd_t8 + group_t9 + did_t9 + ddd_t9 + group_t10 + did_t10 + ddd_t10 + group_t11 + did_t11 + ddd_t11 + group_t12 + did_t12 + ddd_t12 + group_t13 + did_t13 + ddd_t13 + group_t14 + did_t14 + ddd_t14 + group_t15 + did_t15 + ddd_t15 + group_t16 + did_t16 + ddd_t16 + group_t17 + did_t17 + ddd_t17 + group_t18 + did_t18 + ddd_t18 + group_t19 + did_t19 + ddd_t19 + group_t20 + did_t20 + ddd_t20 + group_t21 + did_t21 + ddd_t21 + group_t22 + did_t22 + ddd_t22 + group_t23 + did_t23 + ddd_t23 + group_t24 + did_t24 + ddd_t24 + idade_media_adm + pct_mulher_adm + pct_superior_adm + pct_negra_adm | cbo_4d + periodo,,0.08739386058346095,0.08944620876946782,0.3292386633222937,-0.08792070860469599,0.2627084297716179,estimated,thin,3,7
income_pnad,income_5_plus_sm,Mais de 5 salários mínimos,ln_admissoes,Admissões (log),ddd,strict_no_tail_binning,5,False,False,estimated,12536,12536,340,pyfixest_retained_sample,ln_admissoes ~ group_tm12 + did_tm12 + ddd_tm12 + group_tm11 + did_tm11 + ddd_tm11 + group_tm10 + did_tm10 + ddd_tm10 + group_tm9 + did_tm9 + ddd_tm9 + group_tm8 + did_tm8 + ddd_tm8 + group_tm7 + did_tm7 + ddd_tm7 + group_tm6 + did_tm6 + ddd_tm6 + group_tm5 + did_tm5 + ddd_tm5 + group_tm4 + did_tm4 + ddd_tm4 + group_tm3 + did_tm3 + ddd_tm3 + group_tm2 + did_tm2 + ddd_tm2 + group_t0 + did_t0 + ddd_t0 + group_t1 + did_t1 + ddd_t1 + group_t2 + did_t2 + ddd_t2 + group_t3 + did_t3 + ddd_t3 + group_t4 + did_t4 + ddd_t4 + group_t5 + did_t5 + ddd_t5 + group_t6 + did_t6 + ddd_t6 + group_t7 + did_t7 + ddd_t7 + group_t8 + did_t8 + ddd_t8 + group_t9 + did_t9 + ddd_t9 + group_t10 + did_t10 + ddd_t10 + group_t11 + did_t11 + ddd_t11 + group_t12 + did_t12 + ddd_t12 + group_t13 + did_t13 + ddd_t13 + group_t14 + did_t14 + ddd_t14 + group_t15 + did_t15 + ddd_t15 + group_t16 + did_t16 + ddd_t16 + group_t17 + did_t17 + ddd_t17 + group_t18 + did_t18 + ddd_t18 + group_t19 + did_t19 + ddd_t19 + group_t20 + did_t20 + ddd_t20 + group_t21 + did_t21 + ddd_t21 + group_t22 + did_t22 + ddd_t22 + group_t23 + did_t23 + ddd_t23 + group_t24 + did_t24 + ddd_t24 + idade_media_adm + pct_mulher_adm + pct_superior_adm + pct_negra_adm | cbo_4d + periodo,,0.022839950131043802,0.14419523861195288,0.8742390731012928,-0.25978271754838383,0.3054626178104714,estimated,thin,3,7
income_pnad,income_5_plus_sm,Mais de 5 salários mínimos,ln_admissoes,Admissões (log),ddd,strict_no_tail_binning,6,False,False,estimated,12536,12536,340,pyfixest_retained_sample,ln_admissoes ~ group_tm12 + did_tm12 + ddd_tm12 + group_tm11 + did_tm11 + ddd_tm11 + group_tm10 + did_tm10 + ddd_tm10 + group_tm9 + did_tm9 + ddd_tm9 + group_tm8 + did_tm8 + ddd_tm8 + group_tm7 + did_tm7 + ddd_tm7 + group_tm6 + did_tm6 + ddd_tm6 + group_tm5 + did_tm5 + ddd_tm5 + group_tm4 + did_tm4 + ddd_tm4 + group_tm3 + did_tm3 + ddd_tm3 + group_tm2 + did_tm2 + ddd_tm2 + group_t0 + did_t0 + ddd_t0 + group_t1 + did_t1 + ddd_t1 + group_t2 + did_t2 + ddd_t2 + group_t3 + did_t3 + ddd_t3 + group_t4 + did_t4 + ddd_t4 + group_t5 + did_t5 + ddd_t5 + group_t6 + did_t6 + ddd_t6 + group_t7 + did_t7 + ddd_t7 + group_t8 + did_t8 + ddd_t8 + group_t9 + did_t9 + ddd_t9 + group_t10 + did_t10 + ddd_t10 + group_t11 + did_t11 + ddd_t11 + group_t12 + did_t12 + ddd_t12 + group_t13 + did_t13 + ddd_t13 + group_t14 + did_t14 + ddd_t14 + group_t15 + did_t15 + ddd_t15 + group_t16 + did_t16 + ddd_t16 + group_t17 + did_t17 + ddd_t17 + group_t18 + did_t18 + ddd_t18 + group_t19 + did_t19 + ddd_t19 + group_t20 + did_t20 + ddd_t20 + group_t21 + did_t21 + ddd_t21 + group_t22 + did_t22 + ddd_t22 + group_t23 + did_t23 + ddd_t23 + group_t24 + did_t24 + ddd_t24 + idade_media_adm + pct_mulher_adm + pct_superior_adm + pct_negra_adm | cbo_4d + periodo,,0.03456048885880785,0.10247440996520239,0.7361298516330348,-0.16628935467298883,0.23541033239060455,estimated,thin,3,7
income_pnad,income_5_plus_sm,Mais de 5 salários mínimos,ln_admissoes,Admissões (log),ddd,strict_no_tail_binning,7,False,False,estimated,12536,12536,340,pyfixest_retained_sample,ln_admissoes ~ group_tm12 + did_tm12 + ddd_tm12 + group_tm11 + did_tm11 + ddd_tm11 + group_tm10 + did_tm10 + ddd_tm10 + group_tm9 + did_tm9 + ddd_tm9 + group_tm8 + did_tm8 + ddd_tm8 + group_tm7 + did_tm7 + ddd_tm7 + group_tm6 + did_tm6 + ddd_tm6 + group_tm5 + did_tm5 + ddd_tm5 + group_tm4 + did_tm4 + ddd_tm4 + group_tm3 + did_tm3 + ddd_tm3 + group_tm2 + did_tm2 + ddd_tm2 + group_t0 + did_t0 + ddd_t0 + group_t1 + did_t1 + ddd_t1 + group_t2 + did_t2 + ddd_t2 + group_t3 + did_t3 + ddd_t3 + group_t4 + did_t4 + ddd_t4 + group_t5 + did_t5 + ddd_t5 + group_t6 + did_t6 + ddd_t6 + group_t7 + did_t7 + ddd_t7 + group_t8 + did_t8 + ddd_t8 + group_t9 + did_t9 + ddd_t9 + group_t10 + did_t10 + ddd_t10 + group_t11 + did_t11 + ddd_t11 + group_t12 + did_t12 + ddd_t12 + group_t13 + did_t13 + ddd_t13 + group_t14 + did_t14 + ddd_t14 + group_t15 + did_t15 + ddd_t15 + group_t16 + did_t16 + ddd_t16 + group_t17 + did_t17 + ddd_t17 + group_t18 + did_t18 + ddd_t18 + group_t19 + did_t19 + ddd_t19 + group_t20 + did_t20 + ddd_t20 + group_t21 + did_t21 + ddd_t21 + group_t22 + did_t22 + ddd_t22 + group_t23 + did_t23 + ddd_t23 + group_t24 + did_t24 + ddd_t24 + idade_media_adm + pct_mulher_adm + pct_superior_adm + pct_negra_adm | cbo_4d + periodo,,0.0903737241730318,0.08032447287237347,0.26133913641928785,-0.0670622426568202,0.2478096910028838,estimated,thin,3,7
income_pnad,income_5_plus_sm,Mais de 5 salários mínimos,ln_admissoes,Admissões (log),ddd,strict_no_tail_binning,8,False,False,estimated,12536,12536,340,pyfixest_retained_sample,ln_admissoes ~ group_tm12 + did_tm12 + ddd_tm12 + group_tm11 + did_tm11 + ddd_tm11 + group_tm10 + did_tm10 + ddd_tm10 + group_tm9 + did_tm9 + ddd_tm9 + group_tm8 + did_tm8 + ddd_tm8 + group_tm7 + did_tm7 + ddd_tm7 + group_tm6 + did_tm6 + ddd_tm6 + group_tm5 + did_tm5 + ddd_tm5 + group_tm4 + did_tm4 + ddd_tm4 + group_tm3 + did_tm3 + ddd_tm3 + group_tm2 + did_tm2 + ddd_tm2 + group_t0 + did_t0 + ddd_t0 + group_t1 + did_t1 + ddd_t1 + group_t2 + did_t2 + ddd_t2 + group_t3 + did_t3 + ddd_t3 + group_t4 + did_t4 + ddd_t4 + group_t5 + did_t5 + ddd_t5 + group_t6 + did_t6 + ddd_t6 + group_t7 + did_t7 + ddd_t7 + group_t8 + did_t8 + ddd_t8 + group_t9 + did_t9 + ddd_t9 + group_t10 + did_t10 + ddd_t10 + group_t11 + did_t11 + ddd_t11 + group_t12 + did_t12 + ddd_t12 + group_t13 + did_t13 + ddd_t13 + group_t14 + did_t14 + ddd_t14 + group_t15 + did_t15 + ddd_t15 + group_t16 + did_t16 + ddd_t16 + group_t17 + did_t17 + ddd_t17 + group_t18 + did_t18 + ddd_t18 + group_t19 + did_t19 + ddd_t19 + group_t20 + did_t20 + ddd_t20 + group_t21 + did_t21 + ddd_t21 + group_t22 + did_t22 + ddd_t22 + group_t23 + did_t23 + ddd_t23 + group_t24 + did_t24 + ddd_t24 + idade_media_adm + pct_mulher_adm + pct_superior_adm + pct_negra_adm | cbo_4d + periodo,,0.16704290629079507,0.11468302514034943,0.14616296121441064,-0.05773582298428981,0.39182163556587996,estimated,thin,3,7
income_pnad,income_5_plus_sm,Mais de 5 salários mínimos,ln_admissoes,Admissões (log),ddd,strict_no_tail_binning,9,False,False,estimated,12536,12536,340,pyfixest_retained_sample,ln_admissoes ~ group_tm12 + did_tm12 + ddd_tm12 + group_tm11 + did_tm11 + ddd_tm11 + group_tm10 + did_tm10 + ddd_tm10 + group_tm9 + did_tm9 + ddd_tm9 + group_tm8 + did_tm8 + ddd_tm8 + group_tm7 + did_tm7 + ddd_tm7 + group_tm6 + did_tm6 + ddd_tm6 + group_tm5 + did_tm5 + ddd_tm5 + group_tm4 + did_tm4 + ddd_tm4 + group_tm3 + did_tm3 + ddd_tm3 + group_tm2 + did_tm2 + ddd_tm2 + group_t0 + did_t0 + ddd_t0 + group_t1 + did_t1 + ddd_t1 + group_t2 + did_t2 + ddd_t2 + group_t3 + did_t3 + ddd_t3 + group_t4 + did_t4 + ddd_t4 + group_t5 + did_t5 + ddd_t5 + group_t6 + did_t6 + ddd_t6 + group_t7 + did_t7 + ddd_t7 + group_t8 + did_t8 + ddd_t8 + group_t9 + did_t9 + ddd_t9 + group_t10 + did_t10 + ddd_t10 + group_t11 + did_t11 + ddd_t11 + group_t12 + did_t12 + ddd_t12 + group_t13 + did_t13 + ddd_t13 + group_t14 + did_t14 + ddd_t14 + group_t15 + did_t15 + ddd_t15 + group_t16 + did_t16 + ddd_t16 + group_t17 + did_t17 + ddd_t17 + group_t18 + did_t18 + ddd_t18 + group_t19 + did_t19 + ddd_t19 + group_t20 + did_t20 + ddd_t20 + group_t21 + did_t21 + ddd_t21 + group_t22 + did_t22 + ddd_t22 + group_t23 + did_t23 + ddd_t23 + group_t24 + did_t24 + ddd_t24 + idade_media_adm + pct_mulher_adm + pct_superior_adm + pct_negra_adm | cbo_4d + periodo,,0.14443909377646205,0.07756385514401698,0.0634404911781905,-0.007586062305811214,0.2964642498587353,estimated,thin,3,7
income_pnad,income_5_plus_sm,Mais de 5 salários mínimos,ln_admissoes,Admissões (log),ddd,strict_no_tail_binning,10,False,False,estimated,12536,12536,340,pyfixest_retained_sample,ln_admissoes ~ group_tm12 + did_tm12 + ddd_tm12 + group_tm11 + did_tm11 + ddd_tm11 + group_tm10 + did_tm10 + ddd_tm10 + group_tm9 + did_tm9 + ddd_tm9 + group_tm8 + did_tm8 + ddd_tm8 + group_tm7 + did_tm7 + ddd_tm7 + group_tm6 + did_tm6 + ddd_tm6 + group_tm5 + did_tm5 + ddd_tm5 + group_tm4 + did_tm4 + ddd_tm4 + group_tm3 + did_tm3 + ddd_tm3 + group_tm2 + did_tm2 + ddd_tm2 + group_t0 + did_t0 + ddd_t0 + group_t1 + did_t1 + ddd_t1 + group_t2 + did_t2 + ddd_t2 + group_t3 + did_t3 + ddd_t3 + group_t4 + did_t4 + ddd_t4 + group_t5 + did_t5 + ddd_t5 + group_t6 + did_t6 + ddd_t6 + group_t7 + did_t7 + ddd_t7 + group_t8 + did_t8 + ddd_t8 + group_t9 + did_t9 + ddd_t9 + group_t10 + did_t10 + ddd_t10 + group_t11 + did_t11 + ddd_t11 + group_t12 + did_t12 + ddd_t12 + group_t13 + did_t13 + ddd_t13 + group_t14 + did_t14 + ddd_t14 + group_t15 + did_t15 + ddd_t15 + group_t16 + did_t16 + ddd_t16 + group_t17 + did_t17 + ddd_t17 + group_t18 + did_t18 + ddd_t18 + group_t19 + did_t19 + ddd_t19 + group_t20 + did_t20 + ddd_t20 + group_t21 + did_t21 + ddd_t21 + group_t22 + did_t22 + ddd_t22 + group_t23 + did_t23 + ddd_t23 + group_t24 + did_t24 + ddd_t24 + idade_media_adm + pct_mulher_adm + pct_superior_adm + pct_negra_adm | cbo_4d + periodo,,0.075474913677529,0.13226162368088887,0.5686159014487915,-0.18375786873701316,0.3347076960920712,estimated,thin,3,7
income_pnad,income_5_plus_sm,Mais de 5 salários mínimos,ln_admissoes,Admissões (log),ddd,strict_no_tail_binning,11,False,False,estimated,12536,12536,340,pyfixest_retained_sample,ln_admissoes ~ group_tm12 + did_tm12 + ddd_tm12 + group_tm11 + did_tm11 + ddd_tm11 + group_tm10 + did_tm10 + ddd_tm10 + group_tm9 + did_tm9 + ddd_tm9 + group_tm8 + did_tm8 + ddd_tm8 + group_tm7 + did_tm7 + ddd_tm7 + group_tm6 + did_tm6 + ddd_tm6 + group_tm5 + did_tm5 + ddd_tm5 + group_tm4 + did_tm4 + ddd_tm4 + group_tm3 + did_tm3 + ddd_tm3 + group_tm2 + did_tm2 + ddd_tm2 + group_t0 + did_t0 + ddd_t0 + group_t1 + did_t1 + ddd_t1 + group_t2 + did_t2 + ddd_t2 + group_t3 + did_t3 + ddd_t3 + group_t4 + did_t4 + ddd_t4 + group_t5 + did_t5 + ddd_t5 + group_t6 + did_t6 + ddd_t6 + group_t7 + did_t7 + ddd_t7 + group_t8 + did_t8 + ddd_t8 + group_t9 + did_t9 + ddd_t9 + group_t10 + did_t10 + ddd_t10 + group_t11 + did_t11 + ddd_t11 + group_t12 + did_t12 + ddd_t12 + group_t13 + did_t13 + ddd_t13 + group_t14 + did_t14 + ddd_t14 + group_t15 + did_t15 + ddd_t15 + group_t16 + did_t16 + ddd_t16 + group_t17 + did_t17 + ddd_t17 + group_t18 + did_t18 + ddd_t18 + group_t19 + did_t19 + ddd_t19 + group_t20 + did_t20 + ddd_t20 + group_t21 + did_t21 + ddd_t21 + group_t22 + did_t22 + ddd_t22 + group_t23 + did_t23 + ddd_t23 + group_t24 + did_t24 + ddd_t24 + idade_media_adm + pct_mulher_adm + pct_superior_adm + pct_negra_adm | cbo_4d + periodo,,0.1326996234130988,0.09957505886445195,0.18353867888579622,-0.06246749196122703,0.3278667387874246,estimated,thin,3,7
income_pnad,income_5_plus_sm,Mais de 5 salários mínimos,ln_admissoes,Admissões (log),ddd,strict_no_tail_binning,12,False,False,estimated,12536,12536,340,pyfixest_retained_sample,ln_admissoes ~ group_tm12 + did_tm12 + ddd_tm12 + group_tm11 + did_tm11 + ddd_tm11 + group_tm10 + did_tm10 + ddd_tm10 + group_tm9 + did_tm9 + ddd_tm9 + group_tm8 + did_tm8 + ddd_tm8 + group_tm7 + did_tm7 + ddd_tm7 + group_tm6 + did_tm6 + ddd_tm6 + group_tm5 + did_tm5 + ddd_tm5 + group_tm4 + did_tm4 + ddd_tm4 + group_tm3 + did_tm3 + ddd_tm3 + group_tm2 + did_tm2 + ddd_tm2 + group_t0 + did_t0 + ddd_t0 + group_t1 + did_t1 + ddd_t1 + group_t2 + did_t2 + ddd_t2 + group_t3 + did_t3 + ddd_t3 + group_t4 + did_t4 + ddd_t4 + group_t5 + did_t5 + ddd_t5 + group_t6 + did_t6 + ddd_t6 + group_t7 + did_t7 + ddd_t7 + group_t8 + did_t8 + ddd_t8 + group_t9 + did_t9 + ddd_t9 + group_t10 + did_t10 + ddd_t10 + group_t11 + did_t11 + ddd_t11 + group_t12 + did_t12 + ddd_t12 + group_t13 + did_t13 + ddd_t13 + group_t14 + did_t14 + ddd_t14 + group_t15 + did_t15 + ddd_t15 + group_t16 + did_t16 + ddd_t16 + group_t17 + did_t17 + ddd_t17 + group_t18 + did_t18 + ddd_t18 + group_t19 + did_t19 + ddd_t19 + group_t20 + did_t20 + ddd_t20 + group_t21 + did_t21 + ddd_t21 + group_t22 + did_t22 + ddd_t22 + group_t23 + did_t23 + ddd_t23 + group_t24 + did_t24 + ddd_t24 + idade_media_adm + pct_mulher_adm + pct_superior_adm + pct_negra_adm | cbo_4d + periodo,,-0.17847676046248978,0.12122142291277976,0.1418621789179375,-0.4160707493715381,0.05911722844655856,estimated,thin,3,7
income_pnad,income_5_plus_sm,Mais de 5 salários mínimos,ln_admissoes,Admissões (log),ddd,strict_no_tail_binning,13,False,False,estimated,12536,12536,340,pyfixest_retained_sample,ln_admissoes ~ group_tm12 + did_tm12 + ddd_tm12 + group_tm11 + did_tm11 + ddd_tm11 + group_tm10 + did_tm10 + ddd_tm10 + group_tm9 + did_tm9 + ddd_tm9 + group_tm8 + did_tm8 + ddd_tm8 + group_tm7 + did_tm7 + ddd_tm7 + group_tm6 + did_tm6 + ddd_tm6 + group_tm5 + did_tm5 + ddd_tm5 + group_tm4 + did_tm4 + ddd_tm4 + group_tm3 + did_tm3 + ddd_tm3 + group_tm2 + did_tm2 + ddd_tm2 + group_t0 + did_t0 + ddd_t0 + group_t1 + did_t1 + ddd_t1 + group_t2 + did_t2 + ddd_t2 + group_t3 + did_t3 + ddd_t3 + group_t4 + did_t4 + ddd_t4 + group_t5 + did_t5 + ddd_t5 + group_t6 + did_t6 + ddd_t6 + group_t7 + did_t7 + ddd_t7 + group_t8 + did_t8 + ddd_t8 + group_t9 + did_t9 + ddd_t9 + group_t10 + did_t10 + ddd_t10 + group_t11 + did_t11 + ddd_t11 + group_t12 + did_t12 + ddd_t12 + group_t13 + did_t13 + ddd_t13 + group_t14 + did_t14 + ddd_t14 + group_t15 + did_t15 + ddd_t15 + group_t16 + did_t16 + ddd_t16 + group_t17 + did_t17 + ddd_t17 + group_t18 + did_t18 + ddd_t18 + group_t19 + did_t19 + ddd_t19 + group_t20 + did_t20 + ddd_t20 + group_t21 + did_t21 + ddd_t21 + group_t22 + did_t22 + ddd_t22 + group_t23 + did_t23 + ddd_t23 + group_t24 + did_t24 + ddd_t24 + idade_media_adm + pct_mulher_adm + pct_superior_adm + pct_negra_adm | cbo_4d + periodo,,0.16932608549672556,0.09616398265135905,0.07917290304789826,-0.01915532049993815,0.3578074914933893,estimated,thin,3,7
income_pnad,income_5_plus_sm,Mais de 5 salários mínimos,ln_admissoes,Admissões (log),ddd,strict_no_tail_binning,14,False,False,estimated,12536,12536,340,pyfixest_retained_sample,ln_admissoes ~ group_tm12 + did_tm12 + ddd_tm12 + group_tm11 + did_tm11 + ddd_tm11 + group_tm10 + did_tm10 + ddd_tm10 + group_tm9 + did_tm9 + ddd_tm9 + group_tm8 + did_tm8 + ddd_tm8 + group_tm7 + did_tm7 + ddd_tm7 + group_tm6 + did_tm6 + ddd_tm6 + group_tm5 + did_tm5 + ddd_tm5 + group_tm4 + did_tm4 + ddd_tm4 + group_tm3 + did_tm3 + ddd_tm3 + group_tm2 + did_tm2 + ddd_tm2 + group_t0 + did_t0 + ddd_t0 + group_t1 + did_t1 + ddd_t1 + group_t2 + did_t2 + ddd_t2 + group_t3 + did_t3 + ddd_t3 + group_t4 + did_t4 + ddd_t4 + group_t5 + did_t5 + ddd_t5 + group_t6 + did_t6 + ddd_t6 + group_t7 + did_t7 + ddd_t7 + group_t8 + did_t8 + ddd_t8 + group_t9 + did_t9 + ddd_t9 + group_t10 + did_t10 + ddd_t10 + group_t11 + did_t11 + ddd_t11 + group_t12 + did_t12 + ddd_t12 + group_t13 + did_t13 + ddd_t13 + group_t14 + did_t14 + ddd_t14 + group_t15 + did_t15 + ddd_t15 + group_t16 + did_t16 + ddd_t16 + group_t17 + did_t17 + ddd_t17 + group_t18 + did_t18 + ddd_t18 + group_t19 + did_t19 + ddd_t19 + group_t20 + did_t20 + ddd_t20 + group_t21 + did_t21 + ddd_t21 + group_t22 + did_t22 + ddd_t22 + group_t23 + did_t23 + ddd_t23 + group_t24 + did_t24 + ddd_t24 + idade_media_adm + pct_mulher_adm + pct_superior_adm + pct_negra_adm | cbo_4d + periodo,,0.28326364142328436,0.09251470948408044,0.0023757819332437258,0.10193481083448669,0.46459247201208204,estimated,thin,3,7
income_pnad,income_5_plus_sm,Mais de 5 salários mínimos,ln_admissoes,Admissões (log),ddd,strict_no_tail_binning,15,False,False,estimated,12536,12536,340,pyfixest_retained_sample,ln_admissoes ~ group_tm12 + did_tm12 + ddd_tm12 + group_tm11 + did_tm11 + ddd_tm11 + group_tm10 + did_tm10 + ddd_tm10 + group_tm9 + did_tm9 + ddd_tm9 + group_tm8 + did_tm8 + ddd_tm8 + group_tm7 + did_tm7 + ddd_tm7 + group_tm6 + did_tm6 + ddd_tm6 + group_tm5 + did_tm5 + ddd_tm5 + group_tm4 + did_tm4 + ddd_tm4 + group_tm3 + did_tm3 + ddd_tm3 + group_tm2 + did_tm2 + ddd_tm2 + group_t0 + did_t0 + ddd_t0 + group_t1 + did_t1 + ddd_t1 + group_t2 + did_t2 + ddd_t2 + group_t3 + did_t3 + ddd_t3 + group_t4 + did_t4 + ddd_t4 + group_t5 + did_t5 + ddd_t5 + group_t6 + did_t6 + ddd_t6 + group_t7 + did_t7 + ddd_t7 + group_t8 + did_t8 + ddd_t8 + group_t9 + did_t9 + ddd_t9 + group_t10 + did_t10 + ddd_t10 + group_t11 + did_t11 + ddd_t11 + group_t12 + did_t12 + ddd_t12 + group_t13 + did_t13 + ddd_t13 + group_t14 + did_t14 + ddd_t14 + group_t15 + did_t15 + ddd_t15 + group_t16 + did_t16 + ddd_t16 + group_t17 + did_t17 + ddd_t17 + group_t18 + did_t18 + ddd_t18 + group_t19 + did_t19 + ddd_t19 + group_t20 + did_t20 + ddd_t20 + group_t21 + did_t21 + ddd_t21 + group_t22 + did_t22 + ddd_t22 + group_t23 + did_t23 + ddd_t23 + group_t24 + did_t24 + ddd_t24 + idade_media_adm + pct_mulher_adm + pct_superior_adm + pct_negra_adm | cbo_4d + periodo,,0.03537552034163928,0.10978389997720732,0.7474780860357448,-0.17980092361368705,0.25055196429696563,estimated,thin,3,7
income_pnad,income_5_plus_sm,Mais de 5 salários mínimos,ln_admissoes,Admissões (log),ddd,strict_no_tail_binning,16,False,False,estimated,12536,12536,340,pyfixest_retained_sample,ln_admissoes ~ group_tm12 + did_tm12 + ddd_tm12 + group_tm11 + did_tm11 + ddd_tm11 + group_tm10 + did_tm10 + ddd_tm10 + group_tm9 + did_tm9 + ddd_tm9 + group_tm8 + did_tm8 + ddd_tm8 + group_tm7 + did_tm7 + ddd_tm7 + group_tm6 + did_tm6 + ddd_tm6 + group_tm5 + did_tm5 + ddd_tm5 + group_tm4 + did_tm4 + ddd_tm4 + group_tm3 + did_tm3 + ddd_tm3 + group_tm2 + did_tm2 + ddd_tm2 + group_t0 + did_t0 + ddd_t0 + group_t1 + did_t1 + ddd_t1 + group_t2 + did_t2 + ddd_t2 + group_t3 + did_t3 + ddd_t3 + group_t4 + did_t4 + ddd_t4 + group_t5 + did_t5 + ddd_t5 + group_t6 + did_t6 + ddd_t6 + group_t7 + did_t7 + ddd_t7 + group_t8 + did_t8 + ddd_t8 + group_t9 + did_t9 + ddd_t9 + group_t10 + did_t10 + ddd_t10 + group_t11 + did_t11 + ddd_t11 + group_t12 + did_t12 + ddd_t12 + group_t13 + did_t13 + ddd_t13 + group_t14 + did_t14 + ddd_t14 + group_t15 + did_t15 + ddd_t15 + group_t16 + did_t16 + ddd_t16 + group_t17 + did_t17 + ddd_t17 + group_t18 + did_t18 + ddd_t18 + group_t19 + did_t19 + ddd_t19 + group_t20 + did_t20 + ddd_t20 + group_t21 + did_t21 + ddd_t21 + group_t22 + did_t22 + ddd_t22 + group_t23 + did_t23 + ddd_t23 + group_t24 + did_t24 + ddd_t24 + idade_media_adm + pct_mulher_adm + pct_superior_adm + pct_negra_adm | cbo_4d + periodo,,0.33333626458445326,0.1815524428609029,0.06722841886117603,-0.022506523422916425,0.6891790525918229,estimated,thin,3,7
income_pnad,income_5_plus_sm,Mais de 5 salários mínimos,ln_admissoes,Admissões (log),ddd,strict_no_tail_binning,17,False,False,estimated,12536,12536,340,pyfixest_retained_sample,ln_admissoes ~ group_tm12 + did_tm12 + ddd_tm12 + group_tm11 + did_tm11 + ddd_tm11 + group_tm10 + did_tm10 + ddd_tm10 + group_tm9 + did_tm9 + ddd_tm9 + group_tm8 + did_tm8 + ddd_tm8 + group_tm7 + did_tm7 + ddd_tm7 + group_tm6 + did_tm6 + ddd_tm6 + group_tm5 + did_tm5 + ddd_tm5 + group_tm4 + did_tm4 + ddd_tm4 + group_tm3 + did_tm3 + ddd_tm3 + group_tm2 + did_tm2 + ddd_tm2 + group_t0 + did_t0 + ddd_t0 + group_t1 + did_t1 + ddd_t1 + group_t2 + did_t2 + ddd_t2 + group_t3 + did_t3 + ddd_t3 + group_t4 + did_t4 + ddd_t4 + group_t5 + did_t5 + ddd_t5 + group_t6 + did_t6 + ddd_t6 + group_t7 + did_t7 + ddd_t7 + group_t8 + did_t8 + ddd_t8 + group_t9 + did_t9 + ddd_t9 + group_t10 + did_t10 + ddd_t10 + group_t11 + did_t11 + ddd_t11 + group_t12 + did_t12 + ddd_t12 + group_t13 + did_t13 + ddd_t13 + group_t14 + did_t14 + ddd_t14 + group_t15 + did_t15 + ddd_t15 + group_t16 + did_t16 + ddd_t16 + group_t17 + did_t17 + ddd_t17 + group_t18 + did_t18 + ddd_t18 + group_t19 + did_t19 + ddd_t19 + group_t20 + did_t20 + ddd_t20 + group_t21 + did_t21 + ddd_t21 + group_t22 + did_t22 + ddd_t22 + group_t23 + did_t23 + ddd_t23 + group_t24 + did_t24 + ddd_t24 + idade_media_adm + pct_mulher_adm + pct_superior_adm + pct_negra_adm | cbo_4d + periodo,,0.2326065038684013,0.19870170090324765,0.24256910480974292,-0.1568488299019641,0.6220618376387667,estimated,thin,3,7
income_pnad,income_5_plus_sm,Mais de 5 salários mínimos,ln_admissoes,Admissões (log),ddd,strict_no_tail_binning,18,False,False,estimated,12536,12536,340,pyfixest_retained_sample,ln_admissoes ~ group_tm12 + did_tm12 + ddd_tm12 + group_tm11 + did_tm11 + ddd_tm11 + group_tm10 + did_tm10 + ddd_tm10 + group_tm9 + did_tm9 + ddd_tm9 + group_tm8 + did_tm8 + ddd_tm8 + group_tm7 + did_tm7 + ddd_tm7 + group_tm6 + did_tm6 + ddd_tm6 + group_tm5 + did_tm5 + ddd_tm5 + group_tm4 + did_tm4 + ddd_tm4 + group_tm3 + did_tm3 + ddd_tm3 + group_tm2 + did_tm2 + ddd_tm2 + group_t0 + did_t0 + ddd_t0 + group_t1 + did_t1 + ddd_t1 + group_t2 + did_t2 + ddd_t2 + group_t3 + did_t3 + ddd_t3 + group_t4 + did_t4 + ddd_t4 + group_t5 + did_t5 + ddd_t5 + group_t6 + did_t6 + ddd_t6 + group_t7 + did_t7 + ddd_t7 + group_t8 + did_t8 + ddd_t8 + group_t9 + did_t9 + ddd_t9 + group_t10 + did_t10 + ddd_t10 + group_t11 + did_t11 + ddd_t11 + group_t12 + did_t12 + ddd_t12 + group_t13 + did_t13 + ddd_t13 + group_t14 + did_t14 + ddd_t14 + group_t15 + did_t15 + ddd_t15 + group_t16 + did_t16 + ddd_t16 + group_t17 + did_t17 + ddd_t17 + group_t18 + did_t18 + ddd_t18 + group_t19 + did_t19 + ddd_t19 + group_t20 + did_t20 + ddd_t20 + group_t21 + did_t21 + ddd_t21 + group_t22 + did_t22 + ddd_t22 + group_t23 + did_t23 + ddd_t23 + group_t24 + did_t24 + ddd_t24 + idade_media_adm + pct_mulher_adm + pct_superior_adm + pct_negra_adm | cbo_4d + periodo,,0.17344772489609467,0.116025888769737,0.1358694039514876,-0.053963017092589854,0.4008584668847792,estimated,thin,3,7
income_pnad,income_5_plus_sm,Mais de 5 salários mínimos,ln_admissoes,Admissões (log),ddd,strict_no_tail_binning,19,False,False,estimated,12536,12536,340,pyfixest_retained_sample,ln_admissoes ~ group_tm12 + did_tm12 + ddd_tm12 + group_tm11 + did_tm11 + ddd_tm11 + group_tm10 + did_tm10 + ddd_tm10 + group_tm9 + did_tm9 + ddd_tm9 + group_tm8 + did_tm8 + ddd_tm8 + group_tm7 + did_tm7 + ddd_tm7 + group_tm6 + did_tm6 + ddd_tm6 + group_tm5 + did_tm5 + ddd_tm5 + group_tm4 + did_tm4 + ddd_tm4 + group_tm3 + did_tm3 + ddd_tm3 + group_tm2 + did_tm2 + ddd_tm2 + group_t0 + did_t0 + ddd_t0 + group_t1 + did_t1 + ddd_t1 + group_t2 + did_t2 + ddd_t2 + group_t3 + did_t3 + ddd_t3 + group_t4 + did_t4 + ddd_t4 + group_t5 + did_t5 + ddd_t5 + group_t6 + did_t6 + ddd_t6 + group_t7 + did_t7 + ddd_t7 + group_t8 + did_t8 + ddd_t8 + group_t9 + did_t9 + ddd_t9 + group_t10 + did_t10 + ddd_t10 + group_t11 + did_t11 + ddd_t11 + group_t12 + did_t12 + ddd_t12 + group_t13 + did_t13 + ddd_t13 + group_t14 + did_t14 + ddd_t14 + group_t15 + did_t15 + ddd_t15 + group_t16 + did_t16 + ddd_t16 + group_t17 + did_t17 + ddd_t17 + group_t18 + did_t18 + ddd_t18 + group_t19 + did_t19 + ddd_t19 + group_t20 + did_t20 + ddd_t20 + group_t21 + did_t21 + ddd_t21 + group_t22 + did_t22 + ddd_t22 + group_t23 + did_t23 + ddd_t23 + group_t24 + did_t24 + ddd_t24 + idade_media_adm + pct_mulher_adm + pct_superior_adm + pct_negra_adm | cbo_4d + periodo,,0.32164792886762544,0.17172401953449407,0.061921653596453075,-0.014931149419982914,0.6582270071552339,estimated,thin,3,7
income_pnad,income_5_plus_sm,Mais de 5 salários mínimos,ln_admissoes,Admissões (log),ddd,strict_no_tail_binning,20,False,False,estimated,12536,12536,340,pyfixest_retained_sample,ln_admissoes ~ group_tm12 + did_tm12 + ddd_tm12 + group_tm11 + did_tm11 + ddd_tm11 + group_tm10 + did_tm10 + ddd_tm10 + group_tm9 + did_tm9 + ddd_tm9 + group_tm8 + did_tm8 + ddd_tm8 + group_tm7 + did_tm7 + ddd_tm7 + group_tm6 + did_tm6 + ddd_tm6 + group_tm5 + did_tm5 + ddd_tm5 + group_tm4 + did_tm4 + ddd_tm4 + group_tm3 + did_tm3 + ddd_tm3 + group_tm2 + did_tm2 + ddd_tm2 + group_t0 + did_t0 + ddd_t0 + group_t1 + did_t1 + ddd_t1 + group_t2 + did_t2 + ddd_t2 + group_t3 + did_t3 + ddd_t3 + group_t4 + did_t4 + ddd_t4 + group_t5 + did_t5 + ddd_t5 + group_t6 + did_t6 + ddd_t6 + group_t7 + did_t7 + ddd_t7 + group_t8 + did_t8 + ddd_t8 + group_t9 + did_t9 + ddd_t9 + group_t10 + did_t10 + ddd_t10 + group_t11 + did_t11 + ddd_t11 + group_t12 + did_t12 + ddd_t12 + group_t13 + did_t13 + ddd_t13 + group_t14 + did_t14 + ddd_t14 + group_t15 + did_t15 + ddd_t15 + group_t16 + did_t16 + ddd_t16 + group_t17 + did_t17 + ddd_t17 + group_t18 + did_t18 + ddd_t18 + group_t19 + did_t19 + ddd_t19 + group_t20 + did_t20 + ddd_t20 + group_t21 + did_t21 + ddd_t21 + group_t22 + did_t22 + ddd_t22 + group_t23 + did_t23 + ddd_t23 + group_t24 + did_t24 + ddd_t24 + idade_media_adm + pct_mulher_adm + pct_superior_adm + pct_negra_adm | cbo_4d + periodo,,0.2424714551974335,0.16644766122258348,0.1461129447251286,-0.08376596079883011,0.5687088711936971,estimated,thin,3,7
income_pnad,income_5_plus_sm,Mais de 5 salários mínimos,ln_admissoes,Admissões (log),ddd,strict_no_tail_binning,21,False,False,estimated,12536,12536,340,pyfixest_retained_sample,ln_admissoes ~ group_tm12 + did_tm12 + ddd_tm12 + group_tm11 + did_tm11 + ddd_tm11 + group_tm10 + did_tm10 + ddd_tm10 + group_tm9 + did_tm9 + ddd_tm9 + group_tm8 + did_tm8 + ddd_tm8 + group_tm7 + did_tm7 + ddd_tm7 + group_tm6 + did_tm6 + ddd_tm6 + group_tm5 + did_tm5 + ddd_tm5 + group_tm4 + did_tm4 + ddd_tm4 + group_tm3 + did_tm3 + ddd_tm3 + group_tm2 + did_tm2 + ddd_tm2 + group_t0 + did_t0 + ddd_t0 + group_t1 + did_t1 + ddd_t1 + group_t2 + did_t2 + ddd_t2 + group_t3 + did_t3 + ddd_t3 + group_t4 + did_t4 + ddd_t4 + group_t5 + did_t5 + ddd_t5 + group_t6 + did_t6 + ddd_t6 + group_t7 + did_t7 + ddd_t7 + group_t8 + did_t8 + ddd_t8 + group_t9 + did_t9 + ddd_t9 + group_t10 + did_t10 + ddd_t10 + group_t11 + did_t11 + ddd_t11 + group_t12 + did_t12 + ddd_t12 + group_t13 + did_t13 + ddd_t13 + group_t14 + did_t14 + ddd_t14 + group_t15 + did_t15 + ddd_t15 + group_t16 + did_t16 + ddd_t16 + group_t17 + did_t17 + ddd_t17 + group_t18 + did_t18 + ddd_t18 + group_t19 + did_t19 + ddd_t19 + group_t20 + did_t20 + ddd_t20 + group_t21 + did_t21 + ddd_t21 + group_t22 + did_t22 + ddd_t22 + group_t23 + did_t23 + ddd_t23 + group_t24 + did_t24 + ddd_t24 + idade_media_adm + pct_mulher_adm + pct_superior_adm + pct_negra_adm | cbo_4d + periodo,,0.3008827900023726,0.15279285375723473,0.049741851341235765,0.0014087966381925443,0.6003567833665526,estimated,thin,3,7
income_pnad,income_5_plus_sm,Mais de 5 salários mínimos,ln_admissoes,Admissões (log),ddd,strict_no_tail_binning,22,False,False,estimated,12536,12536,340,pyfixest_retained_sample,ln_admissoes ~ group_tm12 + did_tm12 + ddd_tm12 + group_tm11 + did_tm11 + ddd_tm11 + group_tm10 + did_tm10 + ddd_tm10 + group_tm9 + did_tm9 + ddd_tm9 + group_tm8 + did_tm8 + ddd_tm8 + group_tm7 + did_tm7 + ddd_tm7 + group_tm6 + did_tm6 + ddd_tm6 + group_tm5 + did_tm5 + ddd_tm5 + group_tm4 + did_tm4 + ddd_tm4 + group_tm3 + did_tm3 + ddd_tm3 + group_tm2 + did_tm2 + ddd_tm2 + group_t0 + did_t0 + ddd_t0 + group_t1 + did_t1 + ddd_t1 + group_t2 + did_t2 + ddd_t2 + group_t3 + did_t3 + ddd_t3 + group_t4 + did_t4 + ddd_t4 + group_t5 + did_t5 + ddd_t5 + group_t6 + did_t6 + ddd_t6 + group_t7 + did_t7 + ddd_t7 + group_t8 + did_t8 + ddd_t8 + group_t9 + did_t9 + ddd_t9 + group_t10 + did_t10 + ddd_t10 + group_t11 + did_t11 + ddd_t11 + group_t12 + did_t12 + ddd_t12 + group_t13 + did_t13 + ddd_t13 + group_t14 + did_t14 + ddd_t14 + group_t15 + did_t15 + ddd_t15 + group_t16 + did_t16 + ddd_t16 + group_t17 + did_t17 + ddd_t17 + group_t18 + did_t18 + ddd_t18 + group_t19 + did_t19 + ddd_t19 + group_t20 + did_t20 + ddd_t20 + group_t21 + did_t21 + ddd_t21 + group_t22 + did_t22 + ddd_t22 + group_t23 + did_t23 + ddd_t23 + group_t24 + did_t24 + ddd_t24 + idade_media_adm + pct_mulher_adm + pct_superior_adm + pct_negra_adm | cbo_4d + periodo,,0.3035794066445947,0.23195180665095047,0.19148735785711235,-0.15104613439126818,0.7582049476804575,estimated,thin,3,7
income_pnad,income_5_plus_sm,Mais de 5 salários mínimos,ln_admissoes,Admissões (log),ddd,strict_no_tail_binning,23,False,False,estimated,12536,12536,340,pyfixest_retained_sample,ln_admissoes ~ group_tm12 + did_tm12 + ddd_tm12 + group_tm11 + did_tm11 + ddd_tm11 + group_tm10 + did_tm10 + ddd_tm10 + group_tm9 + did_tm9 + ddd_tm9 + group_tm8 + did_tm8 + ddd_tm8 + group_tm7 + did_tm7 + ddd_tm7 + group_tm6 + did_tm6 + ddd_tm6 + group_tm5 + did_tm5 + ddd_tm5 + group_tm4 + did_tm4 + ddd_tm4 + group_tm3 + did_tm3 + ddd_tm3 + group_tm2 + did_tm2 + ddd_tm2 + group_t0 + did_t0 + ddd_t0 + group_t1 + did_t1 + ddd_t1 + group_t2 + did_t2 + ddd_t2 + group_t3 + did_t3 + ddd_t3 + group_t4 + did_t4 + ddd_t4 + group_t5 + did_t5 + ddd_t5 + group_t6 + did_t6 + ddd_t6 + group_t7 + did_t7 + ddd_t7 + group_t8 + did_t8 + ddd_t8 + group_t9 + did_t9 + ddd_t9 + group_t10 + did_t10 + ddd_t10 + group_t11 + did_t11 + ddd_t11 + group_t12 + did_t12 + ddd_t12 + group_t13 + did_t13 + ddd_t13 + group_t14 + did_t14 + ddd_t14 + group_t15 + did_t15 + ddd_t15 + group_t16 + did_t16 + ddd_t16 + group_t17 + did_t17 + ddd_t17 + group_t18 + did_t18 + ddd_t18 + group_t19 + did_t19 + ddd_t19 + group_t20 + did_t20 + ddd_t20 + group_t21 + did_t21 + ddd_t21 + group_t22 + did_t22 + ddd_t22 + group_t23 + did_t23 + ddd_t23 + group_t24 + did_t24 + ddd_t24 + idade_media_adm + pct_mulher_adm + pct_superior_adm + pct_negra_adm | cbo_4d + periodo,,0.3517459135657912,0.1851813006621064,0.058351570870231795,-0.011209435731937334,0.7147012628635198,estimated,thin,3,7
income_pnad,income_5_plus_sm,Mais de 5 salários mínimos,ln_admissoes,Admissões (log),ddd,strict_no_tail_binning,24,False,False,estimated,12536,12536,340,pyfixest_retained_sample,ln_admissoes ~ group_tm12 + did_tm12 + ddd_tm12 + group_tm11 + did_tm11 + ddd_tm11 + group_tm10 + did_tm10 + ddd_tm10 + group_tm9 + did_tm9 + ddd_tm9 + group_tm8 + did_tm8 + ddd_tm8 + group_tm7 + did_tm7 + ddd_tm7 + group_tm6 + did_tm6 + ddd_tm6 + group_tm5 + did_tm5 + ddd_tm5 + group_tm4 + did_tm4 + ddd_tm4 + group_tm3 + did_tm3 + ddd_tm3 + group_tm2 + did_tm2 + ddd_tm2 + group_t0 + did_t0 + ddd_t0 + group_t1 + did_t1 + ddd_t1 + group_t2 + did_t2 + ddd_t2 + group_t3 + did_t3 + ddd_t3 + group_t4 + did_t4 + ddd_t4 + group_t5 + did_t5 + ddd_t5 + group_t6 + did_t6 + ddd_t6 + group_t7 + did_t7 + ddd_t7 + group_t8 + did_t8 + ddd_t8 + group_t9 + did_t9 + ddd_t9 + group_t10 + did_t10 + ddd_t10 + group_t11 + did_t11 + ddd_t11 + group_t12 + did_t12 + ddd_t12 + group_t13 + did_t13 + ddd_t13 + group_t14 + did_t14 + ddd_t14 + group_t15 + did_t15 + ddd_t15 + group_t16 + did_t16 + ddd_t16 + group_t17 + did_t17 + ddd_t17 + group_t18 + did_t18 + ddd_t18 + group_t19 + did_t19 + ddd_t19 + group_t20 + did_t20 + ddd_t20 + group_t21 + did_t21 + ddd_t21 + group_t22 + did_t22 + ddd_t22 + group_t23 + did_t23 + ddd_t23 + group_t24 + did_t24 + ddd_t24 + idade_media_adm + pct_mulher_adm + pct_superior_adm + pct_negra_adm | cbo_4d + periodo,,0.1659900868197882,0.22387681239147167,0.4589430906429379,-0.27280846546749626,0.6047886391070727,estimated,thin,3,7
income_pnad,income_5_plus_sm,Mais de 5 salários mínimos,ln_salario_real_adm,Salário real de admissão (log),ddd,strict_no_tail_binning,-12,False,True,estimated,12536,12536,340,pyfixest_retained_sample,ln_salario_real_adm ~ group_tm12 + did_tm12 + ddd_tm12 + group_tm11 + did_tm11 + ddd_tm11 + group_tm10 + did_tm10 + ddd_tm10 + group_tm9 + did_tm9 + ddd_tm9 + group_tm8 + did_tm8 + ddd_tm8 + group_tm7 + did_tm7 + ddd_tm7 + group_tm6 + did_tm6 + ddd_tm6 + group_tm5 + did_tm5 + ddd_tm5 + group_tm4 + did_tm4 + ddd_tm4 + group_tm3 + did_tm3 + ddd_tm3 + group_tm2 + did_tm2 + ddd_tm2 + group_t0 + did_t0 + ddd_t0 + group_t1 + did_t1 + ddd_t1 + group_t2 + did_t2 + ddd_t2 + group_t3 + did_t3 + ddd_t3 + group_t4 + did_t4 + ddd_t4 + group_t5 + did_t5 + ddd_t5 + group_t6 + did_t6 + ddd_t6 + group_t7 + did_t7 + ddd_t7 + group_t8 + did_t8 + ddd_t8 + group_t9 + did_t9 + ddd_t9 + group_t10 + did_t10 + ddd_t10 + group_t11 + did_t11 + ddd_t11 + group_t12 + did_t12 + ddd_t12 + group_t13 + did_t13 + ddd_t13 + group_t14 + did_t14 + ddd_t14 + group_t15 + did_t15 + ddd_t15 + group_t16 + did_t16 + ddd_t16 + group_t17 + did_t17 + ddd_t17 + group_t18 + did_t18 + ddd_t18 + group_t19 + did_t19 + ddd_t19 + group_t20 + did_t20 + ddd_t20 + group_t21 + did_t21 + ddd_t21 + group_t22 + did_t22 + ddd_t22 + group_t23 + did_t23 + ddd_t23 + group_t24 + did_t24 + ddd_t24 + idade_media_adm + pct_mulher_adm + pct_superior_adm + pct_negra_adm | cbo_4d + periodo,,0.02994932391706569,0.08639402189223044,0.7290620836047523,-0.13938295899170597,0.19928160682583737,estimated,thin,3,7
income_pnad,income_5_plus_sm,Mais de 5 salários mínimos,ln_salario_real_adm,Salário real de admissão (log),ddd,strict_no_tail_binning,-11,False,True,estimated,12536,12536,340,pyfixest_retained_sample,ln_salario_real_adm ~ group_tm12 + did_tm12 + ddd_tm12 + group_tm11 + did_tm11 + ddd_tm11 + group_tm10 + did_tm10 + ddd_tm10 + group_tm9 + did_tm9 + ddd_tm9 + group_tm8 + did_tm8 + ddd_tm8 + group_tm7 + did_tm7 + ddd_tm7 + group_tm6 + did_tm6 + ddd_tm6 + group_tm5 + did_tm5 + ddd_tm5 + group_tm4 + did_tm4 + ddd_tm4 + group_tm3 + did_tm3 + ddd_tm3 + group_tm2 + did_tm2 + ddd_tm2 + group_t0 + did_t0 + ddd_t0 + group_t1 + did_t1 + ddd_t1 + group_t2 + did_t2 + ddd_t2 + group_t3 + did_t3 + ddd_t3 + group_t4 + did_t4 + ddd_t4 + group_t5 + did_t5 + ddd_t5 + group_t6 + did_t6 + ddd_t6 + group_t7 + did_t7 + ddd_t7 + group_t8 + did_t8 + ddd_t8 + group_t9 + did_t9 + ddd_t9 + group_t10 + did_t10 + ddd_t10 + group_t11 + did_t11 + ddd_t11 + group_t12 + did_t12 + ddd_t12 + group_t13 + did_t13 + ddd_t13 + group_t14 + did_t14 + ddd_t14 + group_t15 + did_t15 + ddd_t15 + group_t16 + did_t16 + ddd_t16 + group_t17 + did_t17 + ddd_t17 + group_t18 + did_t18 + ddd_t18 + group_t19 + did_t19 + ddd_t19 + group_t20 + did_t20 + ddd_t20 + group_t21 + did_t21 + ddd_t21 + group_t22 + did_t22 + ddd_t22 + group_t23 + did_t23 + ddd_t23 + group_t24 + did_t24 + ddd_t24 + idade_media_adm + pct_mulher_adm + pct_superior_adm + pct_negra_adm | cbo_4d + periodo,,-0.03949068202924413,0.12294586572438324,0.7482538724216381,-0.28046457884903525,0.201483214790547,estimated,thin,3,7
income_pnad,income_5_plus_sm,Mais de 5 salários mínimos,ln_salario_real_adm,Salário real de admissão (log),ddd,strict_no_tail_binning,-10,False,True,estimated,12536,12536,340,pyfixest_retained_sample,ln_salario_real_adm ~ group_tm12 + did_tm12 + ddd_tm12 + group_tm11 + did_tm11 + ddd_tm11 + group_tm10 + did_tm10 + ddd_tm10 + group_tm9 + did_tm9 + ddd_tm9 + group_tm8 + did_tm8 + ddd_tm8 + group_tm7 + did_tm7 + ddd_tm7 + group_tm6 + did_tm6 + ddd_tm6 + group_tm5 + did_tm5 + ddd_tm5 + group_tm4 + did_tm4 + ddd_tm4 + group_tm3 + did_tm3 + ddd_tm3 + group_tm2 + did_tm2 + ddd_tm2 + group_t0 + did_t0 + ddd_t0 + group_t1 + did_t1 + ddd_t1 + group_t2 + did_t2 + ddd_t2 + group_t3 + did_t3 + ddd_t3 + group_t4 + did_t4 + ddd_t4 + group_t5 + did_t5 + ddd_t5 + group_t6 + did_t6 + ddd_t6 + group_t7 + did_t7 + ddd_t7 + group_t8 + did_t8 + ddd_t8 + group_t9 + did_t9 + ddd_t9 + group_t10 + did_t10 + ddd_t10 + group_t11 + did_t11 + ddd_t11 + group_t12 + did_t12 + ddd_t12 + group_t13 + did_t13 + ddd_t13 + group_t14 + did_t14 + ddd_t14 + group_t15 + did_t15 + ddd_t15 + group_t16 + did_t16 + ddd_t16 + group_t17 + did_t17 + ddd_t17 + group_t18 + did_t18 + ddd_t18 + group_t19 + did_t19 + ddd_t19 + group_t20 + did_t20 + ddd_t20 + group_t21 + did_t21 + ddd_t21 + group_t22 + did_t22 + ddd_t22 + group_t23 + did_t23 + ddd_t23 + group_t24 + did_t24 + ddd_t24 + idade_media_adm + pct_mulher_adm + pct_superior_adm + pct_negra_adm | cbo_4d + periodo,,0.021447395331988153,0.08133954804847958,0.792188766629506,-0.1379781188430318,0.18087290950700813,estimated,thin,3,7
income_pnad,income_5_plus_sm,Mais de 5 salários mínimos,ln_salario_real_adm,Salário real de admissão (log),ddd,strict_no_tail_binning,-9,False,True,estimated,12536,12536,340,pyfixest_retained_sample,ln_salario_real_adm ~ group_tm12 + did_tm12 + ddd_tm12 + group_tm11 + did_tm11 + ddd_tm11 + group_tm10 + did_tm10 + ddd_tm10 + group_tm9 + did_tm9 + ddd_tm9 + group_tm8 + did_tm8 + ddd_tm8 + group_tm7 + did_tm7 + ddd_tm7 + group_tm6 + did_tm6 + ddd_tm6 + group_tm5 + did_tm5 + ddd_tm5 + group_tm4 + did_tm4 + ddd_tm4 + group_tm3 + did_tm3 + ddd_tm3 + group_tm2 + did_tm2 + ddd_tm2 + group_t0 + did_t0 + ddd_t0 + group_t1 + did_t1 + ddd_t1 + group_t2 + did_t2 + ddd_t2 + group_t3 + did_t3 + ddd_t3 + group_t4 + did_t4 + ddd_t4 + group_t5 + did_t5 + ddd_t5 + group_t6 + did_t6 + ddd_t6 + group_t7 + did_t7 + ddd_t7 + group_t8 + did_t8 + ddd_t8 + group_t9 + did_t9 + ddd_t9 + group_t10 + did_t10 + ddd_t10 + group_t11 + did_t11 + ddd_t11 + group_t12 + did_t12 + ddd_t12 + group_t13 + did_t13 + ddd_t13 + group_t14 + did_t14 + ddd_t14 + group_t15 + did_t15 + ddd_t15 + group_t16 + did_t16 + ddd_t16 + group_t17 + did_t17 + ddd_t17 + group_t18 + did_t18 + ddd_t18 + group_t19 + did_t19 + ddd_t19 + group_t20 + did_t20 + ddd_t20 + group_t21 + did_t21 + ddd_t21 + group_t22 + did_t22 + ddd_t22 + group_t23 + did_t23 + ddd_t23 + group_t24 + did_t24 + ddd_t24 + idade_media_adm + pct_mulher_adm + pct_superior_adm + pct_negra_adm | cbo_4d + periodo,,-0.004863653258824596,0.08853561858026754,0.956223067098956,-0.17839346567614897,0.16866615915849978,estimated,thin,3,7
income_pnad,income_5_plus_sm,Mais de 5 salários mínimos,ln_salario_real_adm,Salário real de admissão (log),ddd,strict_no_tail_binning,-8,False,True,estimated,12536,12536,340,pyfixest_retained_sample,ln_salario_real_adm ~ group_tm12 + did_tm12 + ddd_tm12 + group_tm11 + did_tm11 + ddd_tm11 + group_tm10 + did_tm10 + ddd_tm10 + group_tm9 + did_tm9 + ddd_tm9 + group_tm8 + did_tm8 + ddd_tm8 + group_tm7 + did_tm7 + ddd_tm7 + group_tm6 + did_tm6 + ddd_tm6 + group_tm5 + did_tm5 + ddd_tm5 + group_tm4 + did_tm4 + ddd_tm4 + group_tm3 + did_tm3 + ddd_tm3 + group_tm2 + did_tm2 + ddd_tm2 + group_t0 + did_t0 + ddd_t0 + group_t1 + did_t1 + ddd_t1 + group_t2 + did_t2 + ddd_t2 + group_t3 + did_t3 + ddd_t3 + group_t4 + did_t4 + ddd_t4 + group_t5 + did_t5 + ddd_t5 + group_t6 + did_t6 + ddd_t6 + group_t7 + did_t7 + ddd_t7 + group_t8 + did_t8 + ddd_t8 + group_t9 + did_t9 + ddd_t9 + group_t10 + did_t10 + ddd_t10 + group_t11 + did_t11 + ddd_t11 + group_t12 + did_t12 + ddd_t12 + group_t13 + did_t13 + ddd_t13 + group_t14 + did_t14 + ddd_t14 + group_t15 + did_t15 + ddd_t15 + group_t16 + did_t16 + ddd_t16 + group_t17 + did_t17 + ddd_t17 + group_t18 + did_t18 + ddd_t18 + group_t19 + did_t19 + ddd_t19 + group_t20 + did_t20 + ddd_t20 + group_t21 + did_t21 + ddd_t21 + group_t22 + did_t22 + ddd_t22 + group_t23 + did_t23 + ddd_t23 + group_t24 + did_t24 + ddd_t24 + idade_media_adm + pct_mulher_adm + pct_superior_adm + pct_negra_adm | cbo_4d + periodo,,0.12683292533789053,0.11257228676823347,0.26067477201475087,-0.09380875672784705,0.3474746074036281,estimated,thin,3,7
income_pnad,income_5_plus_sm,Mais de 5 salários mínimos,ln_salario_real_adm,Salário real de admissão (log),ddd,strict_no_tail_binning,-7,False,True,estimated,12536,12536,340,pyfixest_retained_sample,ln_salario_real_adm ~ group_tm12 + did_tm12 + ddd_tm12 + group_tm11 + did_tm11 + ddd_tm11 + group_tm10 + did_tm10 + ddd_tm10 + group_tm9 + did_tm9 + ddd_tm9 + group_tm8 + did_tm8 + ddd_tm8 + group_tm7 + did_tm7 + ddd_tm7 + group_tm6 + did_tm6 + ddd_tm6 + group_tm5 + did_tm5 + ddd_tm5 + group_tm4 + did_tm4 + ddd_tm4 + group_tm3 + did_tm3 + ddd_tm3 + group_tm2 + did_tm2 + ddd_tm2 + group_t0 + did_t0 + ddd_t0 + group_t1 + did_t1 + ddd_t1 + group_t2 + did_t2 + ddd_t2 + group_t3 + did_t3 + ddd_t3 + group_t4 + did_t4 + ddd_t4 + group_t5 + did_t5 + ddd_t5 + group_t6 + did_t6 + ddd_t6 + group_t7 + did_t7 + ddd_t7 + group_t8 + did_t8 + ddd_t8 + group_t9 + did_t9 + ddd_t9 + group_t10 + did_t10 + ddd_t10 + group_t11 + did_t11 + ddd_t11 + group_t12 + did_t12 + ddd_t12 + group_t13 + did_t13 + ddd_t13 + group_t14 + did_t14 + ddd_t14 + group_t15 + did_t15 + ddd_t15 + group_t16 + did_t16 + ddd_t16 + group_t17 + did_t17 + ddd_t17 + group_t18 + did_t18 + ddd_t18 + group_t19 + did_t19 + ddd_t19 + group_t20 + did_t20 + ddd_t20 + group_t21 + did_t21 + ddd_t21 + group_t22 + did_t22 + ddd_t22 + group_t23 + did_t23 + ddd_t23 + group_t24 + did_t24 + ddd_t24 + idade_media_adm + pct_mulher_adm + pct_superior_adm + pct_negra_adm | cbo_4d + periodo,,0.050907214650904885,0.0744311188543637,0.4944735587440874,-0.09497777830364795,0.19679220760545774,estimated,thin,3,7
income_pnad,income_5_plus_sm,Mais de 5 salários mínimos,ln_salario_real_adm,Salário real de admissão (log),ddd,strict_no_tail_binning,-6,False,True,estimated,12536,12536,340,pyfixest_retained_sample,ln_salario_real_adm ~ group_tm12 + did_tm12 + ddd_tm12 + group_tm11 + did_tm11 + ddd_tm11 + group_tm10 + did_tm10 + ddd_tm10 + group_tm9 + did_tm9 + ddd_tm9 + group_tm8 + did_tm8 + ddd_tm8 + group_tm7 + did_tm7 + ddd_tm7 + group_tm6 + did_tm6 + ddd_tm6 + group_tm5 + did_tm5 + ddd_tm5 + group_tm4 + did_tm4 + ddd_tm4 + group_tm3 + did_tm3 + ddd_tm3 + group_tm2 + did_tm2 + ddd_tm2 + group_t0 + did_t0 + ddd_t0 + group_t1 + did_t1 + ddd_t1 + group_t2 + did_t2 + ddd_t2 + group_t3 + did_t3 + ddd_t3 + group_t4 + did_t4 + ddd_t4 + group_t5 + did_t5 + ddd_t5 + group_t6 + did_t6 + ddd_t6 + group_t7 + did_t7 + ddd_t7 + group_t8 + did_t8 + ddd_t8 + group_t9 + did_t9 + ddd_t9 + group_t10 + did_t10 + ddd_t10 + group_t11 + did_t11 + ddd_t11 + group_t12 + did_t12 + ddd_t12 + group_t13 + did_t13 + ddd_t13 + group_t14 + did_t14 + ddd_t14 + group_t15 + did_t15 + ddd_t15 + group_t16 + did_t16 + ddd_t16 + group_t17 + did_t17 + ddd_t17 + group_t18 + did_t18 + ddd_t18 + group_t19 + did_t19 + ddd_t19 + group_t20 + did_t20 + ddd_t20 + group_t21 + did_t21 + ddd_t21 + group_t22 + did_t22 + ddd_t22 + group_t23 + did_t23 + ddd_t23 + group_t24 + did_t24 + ddd_t24 + idade_media_adm + pct_mulher_adm + pct_superior_adm + pct_negra_adm | cbo_4d + periodo,,-0.01834450669688644,0.062282970468652644,0.7685294968618783,-0.14041912881544563,0.10373011542167274,estimated,thin,3,7
income_pnad,income_5_plus_sm,Mais de 5 salários mínimos,ln_salario_real_adm,Salário real de admissão (log),ddd,strict_no_tail_binning,-5,False,True,estimated,12536,12536,340,pyfixest_retained_sample,ln_salario_real_adm ~ group_tm12 + did_tm12 + ddd_tm12 + group_tm11 + did_tm11 + ddd_tm11 + group_tm10 + did_tm10 + ddd_tm10 + group_tm9 + did_tm9 + ddd_tm9 + group_tm8 + did_tm8 + ddd_tm8 + group_tm7 + did_tm7 + ddd_tm7 + group_tm6 + did_tm6 + ddd_tm6 + group_tm5 + did_tm5 + ddd_tm5 + group_tm4 + did_tm4 + ddd_tm4 + group_tm3 + did_tm3 + ddd_tm3 + group_tm2 + did_tm2 + ddd_tm2 + group_t0 + did_t0 + ddd_t0 + group_t1 + did_t1 + ddd_t1 + group_t2 + did_t2 + ddd_t2 + group_t3 + did_t3 + ddd_t3 + group_t4 + did_t4 + ddd_t4 + group_t5 + did_t5 + ddd_t5 + group_t6 + did_t6 + ddd_t6 + group_t7 + did_t7 + ddd_t7 + group_t8 + did_t8 + ddd_t8 + group_t9 + did_t9 + ddd_t9 + group_t10 + did_t10 + ddd_t10 + group_t11 + did_t11 + ddd_t11 + group_t12 + did_t12 + ddd_t12 + group_t13 + did_t13 + ddd_t13 + group_t14 + did_t14 + ddd_t14 + group_t15 + did_t15 + ddd_t15 + group_t16 + did_t16 + ddd_t16 + group_t17 + did_t17 + ddd_t17 + group_t18 + did_t18 + ddd_t18 + group_t19 + did_t19 + ddd_t19 + group_t20 + did_t20 + ddd_t20 + group_t21 + did_t21 + ddd_t21 + group_t22 + did_t22 + ddd_t22 + group_t23 + did_t23 + ddd_t23 + group_t24 + did_t24 + ddd_t24 + idade_media_adm + pct_mulher_adm + pct_superior_adm + pct_negra_adm | cbo_4d + periodo,,-0.009598616189461971,0.0695924874002672,0.8903807576763478,-0.1459998914939857,0.12680265911506175,estimated,thin,3,7
income_pnad,income_5_plus_sm,Mais de 5 salários mínimos,ln_salario_real_adm,Salário real de admissão (log),ddd,strict_no_tail_binning,-4,False,True,estimated,12536,12536,340,pyfixest_retained_sample,ln_salario_real_adm ~ group_tm12 + did_tm12 + ddd_tm12 + group_tm11 + did_tm11 + ddd_tm11 + group_tm10 + did_tm10 + ddd_tm10 + group_tm9 + did_tm9 + ddd_tm9 + group_tm8 + did_tm8 + ddd_tm8 + group_tm7 + did_tm7 + ddd_tm7 + group_tm6 + did_tm6 + ddd_tm6 + group_tm5 + did_tm5 + ddd_tm5 + group_tm4 + did_tm4 + ddd_tm4 + group_tm3 + did_tm3 + ddd_tm3 + group_tm2 + did_tm2 + ddd_tm2 + group_t0 + did_t0 + ddd_t0 + group_t1 + did_t1 + ddd_t1 + group_t2 + did_t2 + ddd_t2 + group_t3 + did_t3 + ddd_t3 + group_t4 + did_t4 + ddd_t4 + group_t5 + did_t5 + ddd_t5 + group_t6 + did_t6 + ddd_t6 + group_t7 + did_t7 + ddd_t7 + group_t8 + did_t8 + ddd_t8 + group_t9 + did_t9 + ddd_t9 + group_t10 + did_t10 + ddd_t10 + group_t11 + did_t11 + ddd_t11 + group_t12 + did_t12 + ddd_t12 + group_t13 + did_t13 + ddd_t13 + group_t14 + did_t14 + ddd_t14 + group_t15 + did_t15 + ddd_t15 + group_t16 + did_t16 + ddd_t16 + group_t17 + did_t17 + ddd_t17 + group_t18 + did_t18 + ddd_t18 + group_t19 + did_t19 + ddd_t19 + group_t20 + did_t20 + ddd_t20 + group_t21 + did_t21 + ddd_t21 + group_t22 + did_t22 + ddd_t22 + group_t23 + did_t23 + ddd_t23 + group_t24 + did_t24 + ddd_t24 + idade_media_adm + pct_mulher_adm + pct_superior_adm + pct_negra_adm | cbo_4d + periodo,,-0.05076192994968326,0.08640754310349845,0.5572784730260723,-0.22012071443254022,0.1185968545331737,estimated,thin,3,7
income_pnad,income_5_plus_sm,Mais de 5 salários mínimos,ln_salario_real_adm,Salário real de admissão (log),ddd,strict_no_tail_binning,-3,False,True,estimated,12536,12536,340,pyfixest_retained_sample,ln_salario_real_adm ~ group_tm12 + did_tm12 + ddd_tm12 + group_tm11 + did_tm11 + ddd_tm11 + group_tm10 + did_tm10 + ddd_tm10 + group_tm9 + did_tm9 + ddd_tm9 + group_tm8 + did_tm8 + ddd_tm8 + group_tm7 + did_tm7 + ddd_tm7 + group_tm6 + did_tm6 + ddd_tm6 + group_tm5 + did_tm5 + ddd_tm5 + group_tm4 + did_tm4 + ddd_tm4 + group_tm3 + did_tm3 + ddd_tm3 + group_tm2 + did_tm2 + ddd_tm2 + group_t0 + did_t0 + ddd_t0 + group_t1 + did_t1 + ddd_t1 + group_t2 + did_t2 + ddd_t2 + group_t3 + did_t3 + ddd_t3 + group_t4 + did_t4 + ddd_t4 + group_t5 + did_t5 + ddd_t5 + group_t6 + did_t6 + ddd_t6 + group_t7 + did_t7 + ddd_t7 + group_t8 + did_t8 + ddd_t8 + group_t9 + did_t9 + ddd_t9 + group_t10 + did_t10 + ddd_t10 + group_t11 + did_t11 + ddd_t11 + group_t12 + did_t12 + ddd_t12 + group_t13 + did_t13 + ddd_t13 + group_t14 + did_t14 + ddd_t14 + group_t15 + did_t15 + ddd_t15 + group_t16 + did_t16 + ddd_t16 + group_t17 + did_t17 + ddd_t17 + group_t18 + did_t18 + ddd_t18 + group_t19 + did_t19 + ddd_t19 + group_t20 + did_t20 + ddd_t20 + group_t21 + did_t21 + ddd_t21 + group_t22 + did_t22 + ddd_t22 + group_t23 + did_t23 + ddd_t23 + group_t24 + did_t24 + ddd_t24 + idade_media_adm + pct_mulher_adm + pct_superior_adm + pct_negra_adm | cbo_4d + periodo,,0.009723668538521656,0.06262139820144887,0.8766952889461608,-0.11301427193631813,0.13246160901336143,estimated,thin,3,7
income_pnad,income_5_plus_sm,Mais de 5 salários mínimos,ln_salario_real_adm,Salário real de admissão (log),ddd,strict_no_tail_binning,-2,False,True,estimated,12536,12536,340,pyfixest_retained_sample,ln_salario_real_adm ~ group_tm12 + did_tm12 + ddd_tm12 + group_tm11 + did_tm11 + ddd_tm11 + group_tm10 + did_tm10 + ddd_tm10 + group_tm9 + did_tm9 + ddd_tm9 + group_tm8 + did_tm8 + ddd_tm8 + group_tm7 + did_tm7 + ddd_tm7 + group_tm6 + did_tm6 + ddd_tm6 + group_tm5 + did_tm5 + ddd_tm5 + group_tm4 + did_tm4 + ddd_tm4 + group_tm3 + did_tm3 + ddd_tm3 + group_tm2 + did_tm2 + ddd_tm2 + group_t0 + did_t0 + ddd_t0 + group_t1 + did_t1 + ddd_t1 + group_t2 + did_t2 + ddd_t2 + group_t3 + did_t3 + ddd_t3 + group_t4 + did_t4 + ddd_t4 + group_t5 + did_t5 + ddd_t5 + group_t6 + did_t6 + ddd_t6 + group_t7 + did_t7 + ddd_t7 + group_t8 + did_t8 + ddd_t8 + group_t9 + did_t9 + ddd_t9 + group_t10 + did_t10 + ddd_t10 + group_t11 + did_t11 + ddd_t11 + group_t12 + did_t12 + ddd_t12 + group_t13 + did_t13 + ddd_t13 + group_t14 + did_t14 + ddd_t14 + group_t15 + did_t15 + ddd_t15 + group_t16 + did_t16 + ddd_t16 + group_t17 + did_t17 + ddd_t17 + group_t18 + did_t18 + ddd_t18 + group_t19 + did_t19 + ddd_t19 + group_t20 + did_t20 + ddd_t20 + group_t21 + did_t21 + ddd_t21 + group_t22 + did_t22 + ddd_t22 + group_t23 + did_t23 + ddd_t23 + group_t24 + did_t24 + ddd_t24 + idade_media_adm + pct_mulher_adm + pct_superior_adm + pct_negra_adm | cbo_4d + periodo,,0.0516451628137352,0.07234180507566007,0.4757772675106877,-0.09014477513455853,0.1934351007620289,estimated,thin,3,7
income_pnad,income_5_plus_sm,Mais de 5 salários mínimos,ln_salario_real_adm,Salário real de admissão (log),ddd,strict_no_tail_binning,-1,True,False,estimated,12536,12536,340,pyfixest_retained_sample,ln_salario_real_adm ~ group_tm12 + did_tm12 + ddd_tm12 + group_tm11 + did_tm11 + ddd_tm11 + group_tm10 + did_tm10 + ddd_tm10 + group_tm9 + did_tm9 + ddd_tm9 + group_tm8 + did_tm8 + ddd_tm8 + group_tm7 + did_tm7 + ddd_tm7 + group_tm6 + did_tm6 + ddd_tm6 + group_tm5 + did_tm5 + ddd_tm5 + group_tm4 + did_tm4 + ddd_tm4 + group_tm3 + did_tm3 + ddd_tm3 + group_tm2 + did_tm2 + ddd_tm2 + group_t0 + did_t0 + ddd_t0 + group_t1 + did_t1 + ddd_t1 + group_t2 + did_t2 + ddd_t2 + group_t3 + did_t3 + ddd_t3 + group_t4 + did_t4 + ddd_t4 + group_t5 + did_t5 + ddd_t5 + group_t6 + did_t6 + ddd_t6 + group_t7 + did_t7 + ddd_t7 + group_t8 + did_t8 + ddd_t8 + group_t9 + did_t9 + ddd_t9 + group_t10 + did_t10 + ddd_t10 + group_t11 + did_t11 + ddd_t11 + group_t12 + did_t12 + ddd_t12 + group_t13 + did_t13 + ddd_t13 + group_t14 + did_t14 + ddd_t14 + group_t15 + did_t15 + ddd_t15 + group_t16 + did_t16 + ddd_t16 + group_t17 + did_t17 + ddd_t17 + group_t18 + did_t18 + ddd_t18 + group_t19 + did_t19 + ddd_t19 + group_t20 + did_t20 + ddd_t20 + group_t21 + did_t21 + ddd_t21 + group_t22 + did_t22 + ddd_t22 + group_t23 + did_t23 + ddd_t23 + group_t24 + did_t24 + ddd_t24 + idade_media_adm + pct_mulher_adm + pct_superior_adm + pct_negra_adm | cbo_4d + periodo,,0.0,0.0,,0.0,0.0,reference,thin,3,7
income_pnad,income_5_plus_sm,Mais de 5 salários mínimos,ln_salario_real_adm,Salário real de admissão (log),ddd,strict_no_tail_binning,0,False,False,estimated,12536,12536,340,pyfixest_retained_sample,ln_salario_real_adm ~ group_tm12 + did_tm12 + ddd_tm12 + group_tm11 + did_tm11 + ddd_tm11 + group_tm10 + did_tm10 + ddd_tm10 + group_tm9 + did_tm9 + ddd_tm9 + group_tm8 + did_tm8 + ddd_tm8 + group_tm7 + did_tm7 + ddd_tm7 + group_tm6 + did_tm6 + ddd_tm6 + group_tm5 + did_tm5 + ddd_tm5 + group_tm4 + did_tm4 + ddd_tm4 + group_tm3 + did_tm3 + ddd_tm3 + group_tm2 + did_tm2 + ddd_tm2 + group_t0 + did_t0 + ddd_t0 + group_t1 + did_t1 + ddd_t1 + group_t2 + did_t2 + ddd_t2 + group_t3 + did_t3 + ddd_t3 + group_t4 + did_t4 + ddd_t4 + group_t5 + did_t5 + ddd_t5 + group_t6 + did_t6 + ddd_t6 + group_t7 + did_t7 + ddd_t7 + group_t8 + did_t8 + ddd_t8 + group_t9 + did_t9 + ddd_t9 + group_t10 + did_t10 + ddd_t10 + group_t11 + did_t11 + ddd_t11 + group_t12 + did_t12 + ddd_t12 + group_t13 + did_t13 + ddd_t13 + group_t14 + did_t14 + ddd_t14 + group_t15 + did_t15 + ddd_t15 + group_t16 + did_t16 + ddd_t16 + group_t17 + did_t17 + ddd_t17 + group_t18 + did_t18 + ddd_t18 + group_t19 + did_t19 + ddd_t19 + group_t20 + did_t20 + ddd_t20 + group_t21 + did_t21 + ddd_t21 + group_t22 + did_t22 + ddd_t22 + group_t23 + did_t23 + ddd_t23 + group_t24 + did_t24 + ddd_t24 + idade_media_adm + pct_mulher_adm + pct_superior_adm + pct_negra_adm | cbo_4d + periodo,,0.00658520226113862,0.061852263057192276,0.9152751016447,-0.11464523333095823,0.12781563785323546,estimated,thin,3,7
income_pnad,income_5_plus_sm,Mais de 5 salários mínimos,ln_salario_real_adm,Salário real de admissão (log),ddd,strict_no_tail_binning,1,False,False,estimated,12536,12536,340,pyfixest_retained_sample,ln_salario_real_adm ~ group_tm12 + did_tm12 + ddd_tm12 + group_tm11 + did_tm11 + ddd_tm11 + group_tm10 + did_tm10 + ddd_tm10 + group_tm9 + did_tm9 + ddd_tm9 + group_tm8 + did_tm8 + ddd_tm8 + group_tm7 + did_tm7 + ddd_tm7 + group_tm6 + did_tm6 + ddd_tm6 + group_tm5 + did_tm5 + ddd_tm5 + group_tm4 + did_tm4 + ddd_tm4 + group_tm3 + did_tm3 + ddd_tm3 + group_tm2 + did_tm2 + ddd_tm2 + group_t0 + did_t0 + ddd_t0 + group_t1 + did_t1 + ddd_t1 + group_t2 + did_t2 + ddd_t2 + group_t3 + did_t3 + ddd_t3 + group_t4 + did_t4 + ddd_t4 + group_t5 + did_t5 + ddd_t5 + group_t6 + did_t6 + ddd_t6 + group_t7 + did_t7 + ddd_t7 + group_t8 + did_t8 + ddd_t8 + group_t9 + did_t9 + ddd_t9 + group_t10 + did_t10 + ddd_t10 + group_t11 + did_t11 + ddd_t11 + group_t12 + did_t12 + ddd_t12 + group_t13 + did_t13 + ddd_t13 + group_t14 + did_t14 + ddd_t14 + group_t15 + did_t15 + ddd_t15 + group_t16 + did_t16 + ddd_t16 + group_t17 + did_t17 + ddd_t17 + group_t18 + did_t18 + ddd_t18 + group_t19 + did_t19 + ddd_t19 + group_t20 + did_t20 + ddd_t20 + group_t21 + did_t21 + ddd_t21 + group_t22 + did_t22 + ddd_t22 + group_t23 + did_t23 + ddd_t23 + group_t24 + did_t24 + ddd_t24 + idade_media_adm + pct_mulher_adm + pct_superior_adm + pct_negra_adm | cbo_4d + periodo,,-0.05615514842006014,0.08738836982308576,0.5209226244654555,-0.22743635327330822,0.11512605643318793,estimated,thin,3,7
income_pnad,income_5_plus_sm,Mais de 5 salários mínimos,ln_salario_real_adm,Salário real de admissão (log),ddd,strict_no_tail_binning,2,False,False,estimated,12536,12536,340,pyfixest_retained_sample,ln_salario_real_adm ~ group_tm12 + did_tm12 + ddd_tm12 + group_tm11 + did_tm11 + ddd_tm11 + group_tm10 + did_tm10 + ddd_tm10 + group_tm9 + did_tm9 + ddd_tm9 + group_tm8 + did_tm8 + ddd_tm8 + group_tm7 + did_tm7 + ddd_tm7 + group_tm6 + did_tm6 + ddd_tm6 + group_tm5 + did_tm5 + ddd_tm5 + group_tm4 + did_tm4 + ddd_tm4 + group_tm3 + did_tm3 + ddd_tm3 + group_tm2 + did_tm2 + ddd_tm2 + group_t0 + did_t0 + ddd_t0 + group_t1 + did_t1 + ddd_t1 + group_t2 + did_t2 + ddd_t2 + group_t3 + did_t3 + ddd_t3 + group_t4 + did_t4 + ddd_t4 + group_t5 + did_t5 + ddd_t5 + group_t6 + did_t6 + ddd_t6 + group_t7 + did_t7 + ddd_t7 + group_t8 + did_t8 + ddd_t8 + group_t9 + did_t9 + ddd_t9 + group_t10 + did_t10 + ddd_t10 + group_t11 + did_t11 + ddd_t11 + group_t12 + did_t12 + ddd_t12 + group_t13 + did_t13 + ddd_t13 + group_t14 + did_t14 + ddd_t14 + group_t15 + did_t15 + ddd_t15 + group_t16 + did_t16 + ddd_t16 + group_t17 + did_t17 + ddd_t17 + group_t18 + did_t18 + ddd_t18 + group_t19 + did_t19 + ddd_t19 + group_t20 + did_t20 + ddd_t20 + group_t21 + did_t21 + ddd_t21 + group_t22 + did_t22 + ddd_t22 + group_t23 + did_t23 + ddd_t23 + group_t24 + did_t24 + ddd_t24 + idade_media_adm + pct_mulher_adm + pct_superior_adm + pct_negra_adm | cbo_4d + periodo,,-0.053801039897544395,0.1049053943974071,0.6083882113542769,-0.2594156129164623,0.15181353312137352,estimated,thin,3,7
income_pnad,income_5_plus_sm,Mais de 5 salários mínimos,ln_salario_real_adm,Salário real de admissão (log),ddd,strict_no_tail_binning,3,False,False,estimated,12536,12536,340,pyfixest_retained_sample,ln_salario_real_adm ~ group_tm12 + did_tm12 + ddd_tm12 + group_tm11 + did_tm11 + ddd_tm11 + group_tm10 + did_tm10 + ddd_tm10 + group_tm9 + did_tm9 + ddd_tm9 + group_tm8 + did_tm8 + ddd_tm8 + group_tm7 + did_tm7 + ddd_tm7 + group_tm6 + did_tm6 + ddd_tm6 + group_tm5 + did_tm5 + ddd_tm5 + group_tm4 + did_tm4 + ddd_tm4 + group_tm3 + did_tm3 + ddd_tm3 + group_tm2 + did_tm2 + ddd_tm2 + group_t0 + did_t0 + ddd_t0 + group_t1 + did_t1 + ddd_t1 + group_t2 + did_t2 + ddd_t2 + group_t3 + did_t3 + ddd_t3 + group_t4 + did_t4 + ddd_t4 + group_t5 + did_t5 + ddd_t5 + group_t6 + did_t6 + ddd_t6 + group_t7 + did_t7 + ddd_t7 + group_t8 + did_t8 + ddd_t8 + group_t9 + did_t9 + ddd_t9 + group_t10 + did_t10 + ddd_t10 + group_t11 + did_t11 + ddd_t11 + group_t12 + did_t12 + ddd_t12 + group_t13 + did_t13 + ddd_t13 + group_t14 + did_t14 + ddd_t14 + group_t15 + did_t15 + ddd_t15 + group_t16 + did_t16 + ddd_t16 + group_t17 + did_t17 + ddd_t17 + group_t18 + did_t18 + ddd_t18 + group_t19 + did_t19 + ddd_t19 + group_t20 + did_t20 + ddd_t20 + group_t21 + did_t21 + ddd_t21 + group_t22 + did_t22 + ddd_t22 + group_t23 + did_t23 + ddd_t23 + group_t24 + did_t24 + ddd_t24 + idade_media_adm + pct_mulher_adm + pct_superior_adm + pct_negra_adm | cbo_4d + periodo,,0.04873888794406228,0.0642091252957774,0.4483412451684883,-0.0771109976356614,0.17458877352378596,estimated,thin,3,7
income_pnad,income_5_plus_sm,Mais de 5 salários mínimos,ln_salario_real_adm,Salário real de admissão (log),ddd,strict_no_tail_binning,4,False,False,estimated,12536,12536,340,pyfixest_retained_sample,ln_salario_real_adm ~ group_tm12 + did_tm12 + ddd_tm12 + group_tm11 + did_tm11 + ddd_tm11 + group_tm10 + did_tm10 + ddd_tm10 + group_tm9 + did_tm9 + ddd_tm9 + group_tm8 + did_tm8 + ddd_tm8 + group_tm7 + did_tm7 + ddd_tm7 + group_tm6 + did_tm6 + ddd_tm6 + group_tm5 + did_tm5 + ddd_tm5 + group_tm4 + did_tm4 + ddd_tm4 + group_tm3 + did_tm3 + ddd_tm3 + group_tm2 + did_tm2 + ddd_tm2 + group_t0 + did_t0 + ddd_t0 + group_t1 + did_t1 + ddd_t1 + group_t2 + did_t2 + ddd_t2 + group_t3 + did_t3 + ddd_t3 + group_t4 + did_t4 + ddd_t4 + group_t5 + did_t5 + ddd_t5 + group_t6 + did_t6 + ddd_t6 + group_t7 + did_t7 + ddd_t7 + group_t8 + did_t8 + ddd_t8 + group_t9 + did_t9 + ddd_t9 + group_t10 + did_t10 + ddd_t10 + group_t11 + did_t11 + ddd_t11 + group_t12 + did_t12 + ddd_t12 + group_t13 + did_t13 + ddd_t13 + group_t14 + did_t14 + ddd_t14 + group_t15 + did_t15 + ddd_t15 + group_t16 + did_t16 + ddd_t16 + group_t17 + did_t17 + ddd_t17 + group_t18 + did_t18 + ddd_t18 + group_t19 + did_t19 + ddd_t19 + group_t20 + did_t20 + ddd_t20 + group_t21 + did_t21 + ddd_t21 + group_t22 + did_t22 + ddd_t22 + group_t23 + did_t23 + ddd_t23 + group_t24 + did_t24 + ddd_t24 + idade_media_adm + pct_mulher_adm + pct_superior_adm + pct_negra_adm | cbo_4d + periodo,,-0.046255929201542235,0.0939281332731262,0.6227123683898985,-0.23035507041686956,0.1378432120137851,estimated,thin,3,7
income_pnad,income_5_plus_sm,Mais de 5 salários mínimos,ln_salario_real_adm,Salário real de admissão (log),ddd,strict_no_tail_binning,5,False,False,estimated,12536,12536,340,pyfixest_retained_sample,ln_salario_real_adm ~ group_tm12 + did_tm12 + ddd_tm12 + group_tm11 + did_tm11 + ddd_tm11 + group_tm10 + did_tm10 + ddd_tm10 + group_tm9 + did_tm9 + ddd_tm9 + group_tm8 + did_tm8 + ddd_tm8 + group_tm7 + did_tm7 + ddd_tm7 + group_tm6 + did_tm6 + ddd_tm6 + group_tm5 + did_tm5 + ddd_tm5 + group_tm4 + did_tm4 + ddd_tm4 + group_tm3 + did_tm3 + ddd_tm3 + group_tm2 + did_tm2 + ddd_tm2 + group_t0 + did_t0 + ddd_t0 + group_t1 + did_t1 + ddd_t1 + group_t2 + did_t2 + ddd_t2 + group_t3 + did_t3 + ddd_t3 + group_t4 + did_t4 + ddd_t4 + group_t5 + did_t5 + ddd_t5 + group_t6 + did_t6 + ddd_t6 + group_t7 + did_t7 + ddd_t7 + group_t8 + did_t8 + ddd_t8 + group_t9 + did_t9 + ddd_t9 + group_t10 + did_t10 + ddd_t10 + group_t11 + did_t11 + ddd_t11 + group_t12 + did_t12 + ddd_t12 + group_t13 + did_t13 + ddd_t13 + group_t14 + did_t14 + ddd_t14 + group_t15 + did_t15 + ddd_t15 + group_t16 + did_t16 + ddd_t16 + group_t17 + did_t17 + ddd_t17 + group_t18 + did_t18 + ddd_t18 + group_t19 + did_t19 + ddd_t19 + group_t20 + did_t20 + ddd_t20 + group_t21 + did_t21 + ddd_t21 + group_t22 + did_t22 + ddd_t22 + group_t23 + did_t23 + ddd_t23 + group_t24 + did_t24 + ddd_t24 + idade_media_adm + pct_mulher_adm + pct_superior_adm + pct_negra_adm | cbo_4d + periodo,,0.06474394440870286,0.09836454701791861,0.5108537496402286,-0.1280505677464176,0.25753845656382335,estimated,thin,3,7
income_pnad,income_5_plus_sm,Mais de 5 salários mínimos,ln_salario_real_adm,Salário real de admissão (log),ddd,strict_no_tail_binning,6,False,False,estimated,12536,12536,340,pyfixest_retained_sample,ln_salario_real_adm ~ group_tm12 + did_tm12 + ddd_tm12 + group_tm11 + did_tm11 + ddd_tm11 + group_tm10 + did_tm10 + ddd_tm10 + group_tm9 + did_tm9 + ddd_tm9 + group_tm8 + did_tm8 + ddd_tm8 + group_tm7 + did_tm7 + ddd_tm7 + group_tm6 + did_tm6 + ddd_tm6 + group_tm5 + did_tm5 + ddd_tm5 + group_tm4 + did_tm4 + ddd_tm4 + group_tm3 + did_tm3 + ddd_tm3 + group_tm2 + did_tm2 + ddd_tm2 + group_t0 + did_t0 + ddd_t0 + group_t1 + did_t1 + ddd_t1 + group_t2 + did_t2 + ddd_t2 + group_t3 + did_t3 + ddd_t3 + group_t4 + did_t4 + ddd_t4 + group_t5 + did_t5 + ddd_t5 + group_t6 + did_t6 + ddd_t6 + group_t7 + did_t7 + ddd_t7 + group_t8 + did_t8 + ddd_t8 + group_t9 + did_t9 + ddd_t9 + group_t10 + did_t10 + ddd_t10 + group_t11 + did_t11 + ddd_t11 + group_t12 + did_t12 + ddd_t12 + group_t13 + did_t13 + ddd_t13 + group_t14 + did_t14 + ddd_t14 + group_t15 + did_t15 + ddd_t15 + group_t16 + did_t16 + ddd_t16 + group_t17 + did_t17 + ddd_t17 + group_t18 + did_t18 + ddd_t18 + group_t19 + did_t19 + ddd_t19 + group_t20 + did_t20 + ddd_t20 + group_t21 + did_t21 + ddd_t21 + group_t22 + did_t22 + ddd_t22 + group_t23 + did_t23 + ddd_t23 + group_t24 + did_t24 + ddd_t24 + idade_media_adm + pct_mulher_adm + pct_superior_adm + pct_negra_adm | cbo_4d + periodo,,0.023947170127787264,0.1113240303343928,0.8298091039288427,-0.1942479293276226,0.24214226958319715,estimated,thin,3,7
income_pnad,income_5_plus_sm,Mais de 5 salários mínimos,ln_salario_real_adm,Salário real de admissão (log),ddd,strict_no_tail_binning,7,False,False,estimated,12536,12536,340,pyfixest_retained_sample,ln_salario_real_adm ~ group_tm12 + did_tm12 + ddd_tm12 + group_tm11 + did_tm11 + ddd_tm11 + group_tm10 + did_tm10 + ddd_tm10 + group_tm9 + did_tm9 + ddd_tm9 + group_tm8 + did_tm8 + ddd_tm8 + group_tm7 + did_tm7 + ddd_tm7 + group_tm6 + did_tm6 + ddd_tm6 + group_tm5 + did_tm5 + ddd_tm5 + group_tm4 + did_tm4 + ddd_tm4 + group_tm3 + did_tm3 + ddd_tm3 + group_tm2 + did_tm2 + ddd_tm2 + group_t0 + did_t0 + ddd_t0 + group_t1 + did_t1 + ddd_t1 + group_t2 + did_t2 + ddd_t2 + group_t3 + did_t3 + ddd_t3 + group_t4 + did_t4 + ddd_t4 + group_t5 + did_t5 + ddd_t5 + group_t6 + did_t6 + ddd_t6 + group_t7 + did_t7 + ddd_t7 + group_t8 + did_t8 + ddd_t8 + group_t9 + did_t9 + ddd_t9 + group_t10 + did_t10 + ddd_t10 + group_t11 + did_t11 + ddd_t11 + group_t12 + did_t12 + ddd_t12 + group_t13 + did_t13 + ddd_t13 + group_t14 + did_t14 + ddd_t14 + group_t15 + did_t15 + ddd_t15 + group_t16 + did_t16 + ddd_t16 + group_t17 + did_t17 + ddd_t17 + group_t18 + did_t18 + ddd_t18 + group_t19 + did_t19 + ddd_t19 + group_t20 + did_t20 + ddd_t20 + group_t21 + did_t21 + ddd_t21 + group_t22 + did_t22 + ddd_t22 + group_t23 + did_t23 + ddd_t23 + group_t24 + did_t24 + ddd_t24 + idade_media_adm + pct_mulher_adm + pct_superior_adm + pct_negra_adm | cbo_4d + periodo,,0.14978810605569415,0.11169863129106986,0.1808175534335208,-0.06914121127480277,0.36871742338619107,estimated,thin,3,7
income_pnad,income_5_plus_sm,Mais de 5 salários mínimos,ln_salario_real_adm,Salário real de admissão (log),ddd,strict_no_tail_binning,8,False,False,estimated,12536,12536,340,pyfixest_retained_sample,ln_salario_real_adm ~ group_tm12 + did_tm12 + ddd_tm12 + group_tm11 + did_tm11 + ddd_tm11 + group_tm10 + did_tm10 + ddd_tm10 + group_tm9 + did_tm9 + ddd_tm9 + group_tm8 + did_tm8 + ddd_tm8 + group_tm7 + did_tm7 + ddd_tm7 + group_tm6 + did_tm6 + ddd_tm6 + group_tm5 + did_tm5 + ddd_tm5 + group_tm4 + did_tm4 + ddd_tm4 + group_tm3 + did_tm3 + ddd_tm3 + group_tm2 + did_tm2 + ddd_tm2 + group_t0 + did_t0 + ddd_t0 + group_t1 + did_t1 + ddd_t1 + group_t2 + did_t2 + ddd_t2 + group_t3 + did_t3 + ddd_t3 + group_t4 + did_t4 + ddd_t4 + group_t5 + did_t5 + ddd_t5 + group_t6 + did_t6 + ddd_t6 + group_t7 + did_t7 + ddd_t7 + group_t8 + did_t8 + ddd_t8 + group_t9 + did_t9 + ddd_t9 + group_t10 + did_t10 + ddd_t10 + group_t11 + did_t11 + ddd_t11 + group_t12 + did_t12 + ddd_t12 + group_t13 + did_t13 + ddd_t13 + group_t14 + did_t14 + ddd_t14 + group_t15 + did_t15 + ddd_t15 + group_t16 + did_t16 + ddd_t16 + group_t17 + did_t17 + ddd_t17 + group_t18 + did_t18 + ddd_t18 + group_t19 + did_t19 + ddd_t19 + group_t20 + did_t20 + ddd_t20 + group_t21 + did_t21 + ddd_t21 + group_t22 + did_t22 + ddd_t22 + group_t23 + did_t23 + ddd_t23 + group_t24 + did_t24 + ddd_t24 + idade_media_adm + pct_mulher_adm + pct_superior_adm + pct_negra_adm | cbo_4d + periodo,,0.09988510797582836,0.06797787684816256,0.14265803396434196,-0.03335153064657026,0.233121746598227,estimated,thin,3,7
income_pnad,income_5_plus_sm,Mais de 5 salários mínimos,ln_salario_real_adm,Salário real de admissão (log),ddd,strict_no_tail_binning,9,False,False,estimated,12536,12536,340,pyfixest_retained_sample,ln_salario_real_adm ~ group_tm12 + did_tm12 + ddd_tm12 + group_tm11 + did_tm11 + ddd_tm11 + group_tm10 + did_tm10 + ddd_tm10 + group_tm9 + did_tm9 + ddd_tm9 + group_tm8 + did_tm8 + ddd_tm8 + group_tm7 + did_tm7 + ddd_tm7 + group_tm6 + did_tm6 + ddd_tm6 + group_tm5 + did_tm5 + ddd_tm5 + group_tm4 + did_tm4 + ddd_tm4 + group_tm3 + did_tm3 + ddd_tm3 + group_tm2 + did_tm2 + ddd_tm2 + group_t0 + did_t0 + ddd_t0 + group_t1 + did_t1 + ddd_t1 + group_t2 + did_t2 + ddd_t2 + group_t3 + did_t3 + ddd_t3 + group_t4 + did_t4 + ddd_t4 + group_t5 + did_t5 + ddd_t5 + group_t6 + did_t6 + ddd_t6 + group_t7 + did_t7 + ddd_t7 + group_t8 + did_t8 + ddd_t8 + group_t9 + did_t9 + ddd_t9 + group_t10 + did_t10 + ddd_t10 + group_t11 + did_t11 + ddd_t11 + group_t12 + did_t12 + ddd_t12 + group_t13 + did_t13 + ddd_t13 + group_t14 + did_t14 + ddd_t14 + group_t15 + did_t15 + ddd_t15 + group_t16 + did_t16 + ddd_t16 + group_t17 + did_t17 + ddd_t17 + group_t18 + did_t18 + ddd_t18 + group_t19 + did_t19 + ddd_t19 + group_t20 + did_t20 + ddd_t20 + group_t21 + did_t21 + ddd_t21 + group_t22 + did_t22 + ddd_t22 + group_t23 + did_t23 + ddd_t23 + group_t24 + did_t24 + ddd_t24 + idade_media_adm + pct_mulher_adm + pct_superior_adm + pct_negra_adm | cbo_4d + periodo,,0.14190189370458386,0.10135242382640043,0.16240272269397638,-0.05674885699516097,0.3405526444043287,estimated,thin,3,7
income_pnad,income_5_plus_sm,Mais de 5 salários mínimos,ln_salario_real_adm,Salário real de admissão (log),ddd,strict_no_tail_binning,10,False,False,estimated,12536,12536,340,pyfixest_retained_sample,ln_salario_real_adm ~ group_tm12 + did_tm12 + ddd_tm12 + group_tm11 + did_tm11 + ddd_tm11 + group_tm10 + did_tm10 + ddd_tm10 + group_tm9 + did_tm9 + ddd_tm9 + group_tm8 + did_tm8 + ddd_tm8 + group_tm7 + did_tm7 + ddd_tm7 + group_tm6 + did_tm6 + ddd_tm6 + group_tm5 + did_tm5 + ddd_tm5 + group_tm4 + did_tm4 + ddd_tm4 + group_tm3 + did_tm3 + ddd_tm3 + group_tm2 + did_tm2 + ddd_tm2 + group_t0 + did_t0 + ddd_t0 + group_t1 + did_t1 + ddd_t1 + group_t2 + did_t2 + ddd_t2 + group_t3 + did_t3 + ddd_t3 + group_t4 + did_t4 + ddd_t4 + group_t5 + did_t5 + ddd_t5 + group_t6 + did_t6 + ddd_t6 + group_t7 + did_t7 + ddd_t7 + group_t8 + did_t8 + ddd_t8 + group_t9 + did_t9 + ddd_t9 + group_t10 + did_t10 + ddd_t10 + group_t11 + did_t11 + ddd_t11 + group_t12 + did_t12 + ddd_t12 + group_t13 + did_t13 + ddd_t13 + group_t14 + did_t14 + ddd_t14 + group_t15 + did_t15 + ddd_t15 + group_t16 + did_t16 + ddd_t16 + group_t17 + did_t17 + ddd_t17 + group_t18 + did_t18 + ddd_t18 + group_t19 + did_t19 + ddd_t19 + group_t20 + did_t20 + ddd_t20 + group_t21 + did_t21 + ddd_t21 + group_t22 + did_t22 + ddd_t22 + group_t23 + did_t23 + ddd_t23 + group_t24 + did_t24 + ddd_t24 + idade_media_adm + pct_mulher_adm + pct_superior_adm + pct_negra_adm | cbo_4d + periodo,,0.1296008676953154,0.10672484200549286,0.2254609210068632,-0.0795798226354506,0.3387815580260814,estimated,thin,3,7
income_pnad,income_5_plus_sm,Mais de 5 salários mínimos,ln_salario_real_adm,Salário real de admissão (log),ddd,strict_no_tail_binning,11,False,False,estimated,12536,12536,340,pyfixest_retained_sample,ln_salario_real_adm ~ group_tm12 + did_tm12 + ddd_tm12 + group_tm11 + did_tm11 + ddd_tm11 + group_tm10 + did_tm10 + ddd_tm10 + group_tm9 + did_tm9 + ddd_tm9 + group_tm8 + did_tm8 + ddd_tm8 + group_tm7 + did_tm7 + ddd_tm7 + group_tm6 + did_tm6 + ddd_tm6 + group_tm5 + did_tm5 + ddd_tm5 + group_tm4 + did_tm4 + ddd_tm4 + group_tm3 + did_tm3 + ddd_tm3 + group_tm2 + did_tm2 + ddd_tm2 + group_t0 + did_t0 + ddd_t0 + group_t1 + did_t1 + ddd_t1 + group_t2 + did_t2 + ddd_t2 + group_t3 + did_t3 + ddd_t3 + group_t4 + did_t4 + ddd_t4 + group_t5 + did_t5 + ddd_t5 + group_t6 + did_t6 + ddd_t6 + group_t7 + did_t7 + ddd_t7 + group_t8 + did_t8 + ddd_t8 + group_t9 + did_t9 + ddd_t9 + group_t10 + did_t10 + ddd_t10 + group_t11 + did_t11 + ddd_t11 + group_t12 + did_t12 + ddd_t12 + group_t13 + did_t13 + ddd_t13 + group_t14 + did_t14 + ddd_t14 + group_t15 + did_t15 + ddd_t15 + group_t16 + did_t16 + ddd_t16 + group_t17 + did_t17 + ddd_t17 + group_t18 + did_t18 + ddd_t18 + group_t19 + did_t19 + ddd_t19 + group_t20 + did_t20 + ddd_t20 + group_t21 + did_t21 + ddd_t21 + group_t22 + did_t22 + ddd_t22 + group_t23 + did_t23 + ddd_t23 + group_t24 + did_t24 + ddd_t24 + idade_media_adm + pct_mulher_adm + pct_superior_adm + pct_negra_adm | cbo_4d + periodo,,0.07750133528180765,0.12123452900314405,0.5230804272101404,-0.16011834156435467,0.31512101212797,estimated,thin,3,7
income_pnad,income_5_plus_sm,Mais de 5 salários mínimos,ln_salario_real_adm,Salário real de admissão (log),ddd,strict_no_tail_binning,12,False,False,estimated,12536,12536,340,pyfixest_retained_sample,ln_salario_real_adm ~ group_tm12 + did_tm12 + ddd_tm12 + group_tm11 + did_tm11 + ddd_tm11 + group_tm10 + did_tm10 + ddd_tm10 + group_tm9 + did_tm9 + ddd_tm9 + group_tm8 + did_tm8 + ddd_tm8 + group_tm7 + did_tm7 + ddd_tm7 + group_tm6 + did_tm6 + ddd_tm6 + group_tm5 + did_tm5 + ddd_tm5 + group_tm4 + did_tm4 + ddd_tm4 + group_tm3 + did_tm3 + ddd_tm3 + group_tm2 + did_tm2 + ddd_tm2 + group_t0 + did_t0 + ddd_t0 + group_t1 + did_t1 + ddd_t1 + group_t2 + did_t2 + ddd_t2 + group_t3 + did_t3 + ddd_t3 + group_t4 + did_t4 + ddd_t4 + group_t5 + did_t5 + ddd_t5 + group_t6 + did_t6 + ddd_t6 + group_t7 + did_t7 + ddd_t7 + group_t8 + did_t8 + ddd_t8 + group_t9 + did_t9 + ddd_t9 + group_t10 + did_t10 + ddd_t10 + group_t11 + did_t11 + ddd_t11 + group_t12 + did_t12 + ddd_t12 + group_t13 + did_t13 + ddd_t13 + group_t14 + did_t14 + ddd_t14 + group_t15 + did_t15 + ddd_t15 + group_t16 + did_t16 + ddd_t16 + group_t17 + did_t17 + ddd_t17 + group_t18 + did_t18 + ddd_t18 + group_t19 + did_t19 + ddd_t19 + group_t20 + did_t20 + ddd_t20 + group_t21 + did_t21 + ddd_t21 + group_t22 + did_t22 + ddd_t22 + group_t23 + did_t23 + ddd_t23 + group_t24 + did_t24 + ddd_t24 + idade_media_adm + pct_mulher_adm + pct_superior_adm + pct_negra_adm | cbo_4d + periodo,,-0.04378389911402494,0.10311673720547991,0.6713938787368421,-0.24589270403676555,0.15832490580871567,estimated,thin,3,7
income_pnad,income_5_plus_sm,Mais de 5 salários mínimos,ln_salario_real_adm,Salário real de admissão (log),ddd,strict_no_tail_binning,13,False,False,estimated,12536,12536,340,pyfixest_retained_sample,ln_salario_real_adm ~ group_tm12 + did_tm12 + ddd_tm12 + group_tm11 + did_tm11 + ddd_tm11 + group_tm10 + did_tm10 + ddd_tm10 + group_tm9 + did_tm9 + ddd_tm9 + group_tm8 + did_tm8 + ddd_tm8 + group_tm7 + did_tm7 + ddd_tm7 + group_tm6 + did_tm6 + ddd_tm6 + group_tm5 + did_tm5 + ddd_tm5 + group_tm4 + did_tm4 + ddd_tm4 + group_tm3 + did_tm3 + ddd_tm3 + group_tm2 + did_tm2 + ddd_tm2 + group_t0 + did_t0 + ddd_t0 + group_t1 + did_t1 + ddd_t1 + group_t2 + did_t2 + ddd_t2 + group_t3 + did_t3 + ddd_t3 + group_t4 + did_t4 + ddd_t4 + group_t5 + did_t5 + ddd_t5 + group_t6 + did_t6 + ddd_t6 + group_t7 + did_t7 + ddd_t7 + group_t8 + did_t8 + ddd_t8 + group_t9 + did_t9 + ddd_t9 + group_t10 + did_t10 + ddd_t10 + group_t11 + did_t11 + ddd_t11 + group_t12 + did_t12 + ddd_t12 + group_t13 + did_t13 + ddd_t13 + group_t14 + did_t14 + ddd_t14 + group_t15 + did_t15 + ddd_t15 + group_t16 + did_t16 + ddd_t16 + group_t17 + did_t17 + ddd_t17 + group_t18 + did_t18 + ddd_t18 + group_t19 + did_t19 + ddd_t19 + group_t20 + did_t20 + ddd_t20 + group_t21 + did_t21 + ddd_t21 + group_t22 + did_t22 + ddd_t22 + group_t23 + did_t23 + ddd_t23 + group_t24 + did_t24 + ddd_t24 + idade_media_adm + pct_mulher_adm + pct_superior_adm + pct_negra_adm | cbo_4d + periodo,,0.11090695421249633,0.10901558221822294,0.3097126797217713,-0.10276358693522064,0.3245774953602133,estimated,thin,3,7
income_pnad,income_5_plus_sm,Mais de 5 salários mínimos,ln_salario_real_adm,Salário real de admissão (log),ddd,strict_no_tail_binning,14,False,False,estimated,12536,12536,340,pyfixest_retained_sample,ln_salario_real_adm ~ group_tm12 + did_tm12 + ddd_tm12 + group_tm11 + did_tm11 + ddd_tm11 + group_tm10 + did_tm10 + ddd_tm10 + group_tm9 + did_tm9 + ddd_tm9 + group_tm8 + did_tm8 + ddd_tm8 + group_tm7 + did_tm7 + ddd_tm7 + group_tm6 + did_tm6 + ddd_tm6 + group_tm5 + did_tm5 + ddd_tm5 + group_tm4 + did_tm4 + ddd_tm4 + group_tm3 + did_tm3 + ddd_tm3 + group_tm2 + did_tm2 + ddd_tm2 + group_t0 + did_t0 + ddd_t0 + group_t1 + did_t1 + ddd_t1 + group_t2 + did_t2 + ddd_t2 + group_t3 + did_t3 + ddd_t3 + group_t4 + did_t4 + ddd_t4 + group_t5 + did_t5 + ddd_t5 + group_t6 + did_t6 + ddd_t6 + group_t7 + did_t7 + ddd_t7 + group_t8 + did_t8 + ddd_t8 + group_t9 + did_t9 + ddd_t9 + group_t10 + did_t10 + ddd_t10 + group_t11 + did_t11 + ddd_t11 + group_t12 + did_t12 + ddd_t12 + group_t13 + did_t13 + ddd_t13 + group_t14 + did_t14 + ddd_t14 + group_t15 + did_t15 + ddd_t15 + group_t16 + did_t16 + ddd_t16 + group_t17 + did_t17 + ddd_t17 + group_t18 + did_t18 + ddd_t18 + group_t19 + did_t19 + ddd_t19 + group_t20 + did_t20 + ddd_t20 + group_t21 + did_t21 + ddd_t21 + group_t22 + did_t22 + ddd_t22 + group_t23 + did_t23 + ddd_t23 + group_t24 + did_t24 + ddd_t24 + idade_media_adm + pct_mulher_adm + pct_superior_adm + pct_negra_adm | cbo_4d + periodo,,0.05875413151637415,0.07598936777017834,0.4399494126942458,-0.0901850293131754,0.2076932923459237,estimated,thin,3,7
income_pnad,income_5_plus_sm,Mais de 5 salários mínimos,ln_salario_real_adm,Salário real de admissão (log),ddd,strict_no_tail_binning,15,False,False,estimated,12536,12536,340,pyfixest_retained_sample,ln_salario_real_adm ~ group_tm12 + did_tm12 + ddd_tm12 + group_tm11 + did_tm11 + ddd_tm11 + group_tm10 + did_tm10 + ddd_tm10 + group_tm9 + did_tm9 + ddd_tm9 + group_tm8 + did_tm8 + ddd_tm8 + group_tm7 + did_tm7 + ddd_tm7 + group_tm6 + did_tm6 + ddd_tm6 + group_tm5 + did_tm5 + ddd_tm5 + group_tm4 + did_tm4 + ddd_tm4 + group_tm3 + did_tm3 + ddd_tm3 + group_tm2 + did_tm2 + ddd_tm2 + group_t0 + did_t0 + ddd_t0 + group_t1 + did_t1 + ddd_t1 + group_t2 + did_t2 + ddd_t2 + group_t3 + did_t3 + ddd_t3 + group_t4 + did_t4 + ddd_t4 + group_t5 + did_t5 + ddd_t5 + group_t6 + did_t6 + ddd_t6 + group_t7 + did_t7 + ddd_t7 + group_t8 + did_t8 + ddd_t8 + group_t9 + did_t9 + ddd_t9 + group_t10 + did_t10 + ddd_t10 + group_t11 + did_t11 + ddd_t11 + group_t12 + did_t12 + ddd_t12 + group_t13 + did_t13 + ddd_t13 + group_t14 + did_t14 + ddd_t14 + group_t15 + did_t15 + ddd_t15 + group_t16 + did_t16 + ddd_t16 + group_t17 + did_t17 + ddd_t17 + group_t18 + did_t18 + ddd_t18 + group_t19 + did_t19 + ddd_t19 + group_t20 + did_t20 + ddd_t20 + group_t21 + did_t21 + ddd_t21 + group_t22 + did_t22 + ddd_t22 + group_t23 + did_t23 + ddd_t23 + group_t24 + did_t24 + ddd_t24 + idade_media_adm + pct_mulher_adm + pct_superior_adm + pct_negra_adm | cbo_4d + periodo,,0.21569101436609753,0.19614070816195903,0.27225410019981866,-0.16874477363134213,0.6001268023635372,estimated,thin,3,7
income_pnad,income_5_plus_sm,Mais de 5 salários mínimos,ln_salario_real_adm,Salário real de admissão (log),ddd,strict_no_tail_binning,16,False,False,estimated,12536,12536,340,pyfixest_retained_sample,ln_salario_real_adm ~ group_tm12 + did_tm12 + ddd_tm12 + group_tm11 + did_tm11 + ddd_tm11 + group_tm10 + did_tm10 + ddd_tm10 + group_tm9 + did_tm9 + ddd_tm9 + group_tm8 + did_tm8 + ddd_tm8 + group_tm7 + did_tm7 + ddd_tm7 + group_tm6 + did_tm6 + ddd_tm6 + group_tm5 + did_tm5 + ddd_tm5 + group_tm4 + did_tm4 + ddd_tm4 + group_tm3 + did_tm3 + ddd_tm3 + group_tm2 + did_tm2 + ddd_tm2 + group_t0 + did_t0 + ddd_t0 + group_t1 + did_t1 + ddd_t1 + group_t2 + did_t2 + ddd_t2 + group_t3 + did_t3 + ddd_t3 + group_t4 + did_t4 + ddd_t4 + group_t5 + did_t5 + ddd_t5 + group_t6 + did_t6 + ddd_t6 + group_t7 + did_t7 + ddd_t7 + group_t8 + did_t8 + ddd_t8 + group_t9 + did_t9 + ddd_t9 + group_t10 + did_t10 + ddd_t10 + group_t11 + did_t11 + ddd_t11 + group_t12 + did_t12 + ddd_t12 + group_t13 + did_t13 + ddd_t13 + group_t14 + did_t14 + ddd_t14 + group_t15 + did_t15 + ddd_t15 + group_t16 + did_t16 + ddd_t16 + group_t17 + did_t17 + ddd_t17 + group_t18 + did_t18 + ddd_t18 + group_t19 + did_t19 + ddd_t19 + group_t20 + did_t20 + ddd_t20 + group_t21 + did_t21 + ddd_t21 + group_t22 + did_t22 + ddd_t22 + group_t23 + did_t23 + ddd_t23 + group_t24 + did_t24 + ddd_t24 + idade_media_adm + pct_mulher_adm + pct_superior_adm + pct_negra_adm | cbo_4d + periodo,,0.07249966252756201,0.07869240693549615,0.35754668703652825,-0.08173745506601043,0.22673678012113446,estimated,thin,3,7
income_pnad,income_5_plus_sm,Mais de 5 salários mínimos,ln_salario_real_adm,Salário real de admissão (log),ddd,strict_no_tail_binning,17,False,False,estimated,12536,12536,340,pyfixest_retained_sample,ln_salario_real_adm ~ group_tm12 + did_tm12 + ddd_tm12 + group_tm11 + did_tm11 + ddd_tm11 + group_tm10 + did_tm10 + ddd_tm10 + group_tm9 + did_tm9 + ddd_tm9 + group_tm8 + did_tm8 + ddd_tm8 + group_tm7 + did_tm7 + ddd_tm7 + group_tm6 + did_tm6 + ddd_tm6 + group_tm5 + did_tm5 + ddd_tm5 + group_tm4 + did_tm4 + ddd_tm4 + group_tm3 + did_tm3 + ddd_tm3 + group_tm2 + did_tm2 + ddd_tm2 + group_t0 + did_t0 + ddd_t0 + group_t1 + did_t1 + ddd_t1 + group_t2 + did_t2 + ddd_t2 + group_t3 + did_t3 + ddd_t3 + group_t4 + did_t4 + ddd_t4 + group_t5 + did_t5 + ddd_t5 + group_t6 + did_t6 + ddd_t6 + group_t7 + did_t7 + ddd_t7 + group_t8 + did_t8 + ddd_t8 + group_t9 + did_t9 + ddd_t9 + group_t10 + did_t10 + ddd_t10 + group_t11 + did_t11 + ddd_t11 + group_t12 + did_t12 + ddd_t12 + group_t13 + did_t13 + ddd_t13 + group_t14 + did_t14 + ddd_t14 + group_t15 + did_t15 + ddd_t15 + group_t16 + did_t16 + ddd_t16 + group_t17 + did_t17 + ddd_t17 + group_t18 + did_t18 + ddd_t18 + group_t19 + did_t19 + ddd_t19 + group_t20 + did_t20 + ddd_t20 + group_t21 + did_t21 + ddd_t21 + group_t22 + did_t22 + ddd_t22 + group_t23 + did_t23 + ddd_t23 + group_t24 + did_t24 + ddd_t24 + idade_media_adm + pct_mulher_adm + pct_superior_adm + pct_negra_adm | cbo_4d + periodo,,-0.003550913502568464,0.06792791168564313,0.9583405747918015,-0.136689620406429,0.12958779340129206,estimated,thin,3,7
income_pnad,income_5_plus_sm,Mais de 5 salários mínimos,ln_salario_real_adm,Salário real de admissão (log),ddd,strict_no_tail_binning,18,False,False,estimated,12536,12536,340,pyfixest_retained_sample,ln_salario_real_adm ~ group_tm12 + did_tm12 + ddd_tm12 + group_tm11 + did_tm11 + ddd_tm11 + group_tm10 + did_tm10 + ddd_tm10 + group_tm9 + did_tm9 + ddd_tm9 + group_tm8 + did_tm8 + ddd_tm8 + group_tm7 + did_tm7 + ddd_tm7 + group_tm6 + did_tm6 + ddd_tm6 + group_tm5 + did_tm5 + ddd_tm5 + group_tm4 + did_tm4 + ddd_tm4 + group_tm3 + did_tm3 + ddd_tm3 + group_tm2 + did_tm2 + ddd_tm2 + group_t0 + did_t0 + ddd_t0 + group_t1 + did_t1 + ddd_t1 + group_t2 + did_t2 + ddd_t2 + group_t3 + did_t3 + ddd_t3 + group_t4 + did_t4 + ddd_t4 + group_t5 + did_t5 + ddd_t5 + group_t6 + did_t6 + ddd_t6 + group_t7 + did_t7 + ddd_t7 + group_t8 + did_t8 + ddd_t8 + group_t9 + did_t9 + ddd_t9 + group_t10 + did_t10 + ddd_t10 + group_t11 + did_t11 + ddd_t11 + group_t12 + did_t12 + ddd_t12 + group_t13 + did_t13 + ddd_t13 + group_t14 + did_t14 + ddd_t14 + group_t15 + did_t15 + ddd_t15 + group_t16 + did_t16 + ddd_t16 + group_t17 + did_t17 + ddd_t17 + group_t18 + did_t18 + ddd_t18 + group_t19 + did_t19 + ddd_t19 + group_t20 + did_t20 + ddd_t20 + group_t21 + did_t21 + ddd_t21 + group_t22 + did_t22 + ddd_t22 + group_t23 + did_t23 + ddd_t23 + group_t24 + did_t24 + ddd_t24 + idade_media_adm + pct_mulher_adm + pct_superior_adm + pct_negra_adm | cbo_4d + periodo,,0.0045865538250900745,0.07074907890271004,0.9483487928398373,-0.1340816408242216,0.14325474847440176,estimated,thin,3,7
income_pnad,income_5_plus_sm,Mais de 5 salários mínimos,ln_salario_real_adm,Salário real de admissão (log),ddd,strict_no_tail_binning,19,False,False,estimated,12536,12536,340,pyfixest_retained_sample,ln_salario_real_adm ~ group_tm12 + did_tm12 + ddd_tm12 + group_tm11 + did_tm11 + ddd_tm11 + group_tm10 + did_tm10 + ddd_tm10 + group_tm9 + did_tm9 + ddd_tm9 + group_tm8 + did_tm8 + ddd_tm8 + group_tm7 + did_tm7 + ddd_tm7 + group_tm6 + did_tm6 + ddd_tm6 + group_tm5 + did_tm5 + ddd_tm5 + group_tm4 + did_tm4 + ddd_tm4 + group_tm3 + did_tm3 + ddd_tm3 + group_tm2 + did_tm2 + ddd_tm2 + group_t0 + did_t0 + ddd_t0 + group_t1 + did_t1 + ddd_t1 + group_t2 + did_t2 + ddd_t2 + group_t3 + did_t3 + ddd_t3 + group_t4 + did_t4 + ddd_t4 + group_t5 + did_t5 + ddd_t5 + group_t6 + did_t6 + ddd_t6 + group_t7 + did_t7 + ddd_t7 + group_t8 + did_t8 + ddd_t8 + group_t9 + did_t9 + ddd_t9 + group_t10 + did_t10 + ddd_t10 + group_t11 + did_t11 + ddd_t11 + group_t12 + did_t12 + ddd_t12 + group_t13 + did_t13 + ddd_t13 + group_t14 + did_t14 + ddd_t14 + group_t15 + did_t15 + ddd_t15 + group_t16 + did_t16 + ddd_t16 + group_t17 + did_t17 + ddd_t17 + group_t18 + did_t18 + ddd_t18 + group_t19 + did_t19 + ddd_t19 + group_t20 + did_t20 + ddd_t20 + group_t21 + did_t21 + ddd_t21 + group_t22 + did_t22 + ddd_t22 + group_t23 + did_t23 + ddd_t23 + group_t24 + did_t24 + ddd_t24 + idade_media_adm + pct_mulher_adm + pct_superior_adm + pct_negra_adm | cbo_4d + periodo,,0.043373305556052004,0.06844710898678089,0.5267194454714983,-0.09078302805803853,0.17752963917014256,estimated,thin,3,7
income_pnad,income_5_plus_sm,Mais de 5 salários mínimos,ln_salario_real_adm,Salário real de admissão (log),ddd,strict_no_tail_binning,20,False,False,estimated,12536,12536,340,pyfixest_retained_sample,ln_salario_real_adm ~ group_tm12 + did_tm12 + ddd_tm12 + group_tm11 + did_tm11 + ddd_tm11 + group_tm10 + did_tm10 + ddd_tm10 + group_tm9 + did_tm9 + ddd_tm9 + group_tm8 + did_tm8 + ddd_tm8 + group_tm7 + did_tm7 + ddd_tm7 + group_tm6 + did_tm6 + ddd_tm6 + group_tm5 + did_tm5 + ddd_tm5 + group_tm4 + did_tm4 + ddd_tm4 + group_tm3 + did_tm3 + ddd_tm3 + group_tm2 + did_tm2 + ddd_tm2 + group_t0 + did_t0 + ddd_t0 + group_t1 + did_t1 + ddd_t1 + group_t2 + did_t2 + ddd_t2 + group_t3 + did_t3 + ddd_t3 + group_t4 + did_t4 + ddd_t4 + group_t5 + did_t5 + ddd_t5 + group_t6 + did_t6 + ddd_t6 + group_t7 + did_t7 + ddd_t7 + group_t8 + did_t8 + ddd_t8 + group_t9 + did_t9 + ddd_t9 + group_t10 + did_t10 + ddd_t10 + group_t11 + did_t11 + ddd_t11 + group_t12 + did_t12 + ddd_t12 + group_t13 + did_t13 + ddd_t13 + group_t14 + did_t14 + ddd_t14 + group_t15 + did_t15 + ddd_t15 + group_t16 + did_t16 + ddd_t16 + group_t17 + did_t17 + ddd_t17 + group_t18 + did_t18 + ddd_t18 + group_t19 + did_t19 + ddd_t19 + group_t20 + did_t20 + ddd_t20 + group_t21 + did_t21 + ddd_t21 + group_t22 + did_t22 + ddd_t22 + group_t23 + did_t23 + ddd_t23 + group_t24 + did_t24 + ddd_t24 + idade_media_adm + pct_mulher_adm + pct_superior_adm + pct_negra_adm | cbo_4d + periodo,,-0.053948920015265786,0.07285827100183302,0.45953108792463415,-0.1967511311788585,0.08885329114832692,estimated,thin,3,7
income_pnad,income_5_plus_sm,Mais de 5 salários mínimos,ln_salario_real_adm,Salário real de admissão (log),ddd,strict_no_tail_binning,21,False,False,estimated,12536,12536,340,pyfixest_retained_sample,ln_salario_real_adm ~ group_tm12 + did_tm12 + ddd_tm12 + group_tm11 + did_tm11 + ddd_tm11 + group_tm10 + did_tm10 + ddd_tm10 + group_tm9 + did_tm9 + ddd_tm9 + group_tm8 + did_tm8 + ddd_tm8 + group_tm7 + did_tm7 + ddd_tm7 + group_tm6 + did_tm6 + ddd_tm6 + group_tm5 + did_tm5 + ddd_tm5 + group_tm4 + did_tm4 + ddd_tm4 + group_tm3 + did_tm3 + ddd_tm3 + group_tm2 + did_tm2 + ddd_tm2 + group_t0 + did_t0 + ddd_t0 + group_t1 + did_t1 + ddd_t1 + group_t2 + did_t2 + ddd_t2 + group_t3 + did_t3 + ddd_t3 + group_t4 + did_t4 + ddd_t4 + group_t5 + did_t5 + ddd_t5 + group_t6 + did_t6 + ddd_t6 + group_t7 + did_t7 + ddd_t7 + group_t8 + did_t8 + ddd_t8 + group_t9 + did_t9 + ddd_t9 + group_t10 + did_t10 + ddd_t10 + group_t11 + did_t11 + ddd_t11 + group_t12 + did_t12 + ddd_t12 + group_t13 + did_t13 + ddd_t13 + group_t14 + did_t14 + ddd_t14 + group_t15 + did_t15 + ddd_t15 + group_t16 + did_t16 + ddd_t16 + group_t17 + did_t17 + ddd_t17 + group_t18 + did_t18 + ddd_t18 + group_t19 + did_t19 + ddd_t19 + group_t20 + did_t20 + ddd_t20 + group_t21 + did_t21 + ddd_t21 + group_t22 + did_t22 + ddd_t22 + group_t23 + did_t23 + ddd_t23 + group_t24 + did_t24 + ddd_t24 + idade_media_adm + pct_mulher_adm + pct_superior_adm + pct_negra_adm | cbo_4d + periodo,,0.03771629621521151,0.09370240625132083,0.6875613172204562,-0.14594042003737728,0.22137301246780033,estimated,thin,3,7
income_pnad,income_5_plus_sm,Mais de 5 salários mínimos,ln_salario_real_adm,Salário real de admissão (log),ddd,strict_no_tail_binning,22,False,False,estimated,12536,12536,340,pyfixest_retained_sample,ln_salario_real_adm ~ group_tm12 + did_tm12 + ddd_tm12 + group_tm11 + did_tm11 + ddd_tm11 + group_tm10 + did_tm10 + ddd_tm10 + group_tm9 + did_tm9 + ddd_tm9 + group_tm8 + did_tm8 + ddd_tm8 + group_tm7 + did_tm7 + ddd_tm7 + group_tm6 + did_tm6 + ddd_tm6 + group_tm5 + did_tm5 + ddd_tm5 + group_tm4 + did_tm4 + ddd_tm4 + group_tm3 + did_tm3 + ddd_tm3 + group_tm2 + did_tm2 + ddd_tm2 + group_t0 + did_t0 + ddd_t0 + group_t1 + did_t1 + ddd_t1 + group_t2 + did_t2 + ddd_t2 + group_t3 + did_t3 + ddd_t3 + group_t4 + did_t4 + ddd_t4 + group_t5 + did_t5 + ddd_t5 + group_t6 + did_t6 + ddd_t6 + group_t7 + did_t7 + ddd_t7 + group_t8 + did_t8 + ddd_t8 + group_t9 + did_t9 + ddd_t9 + group_t10 + did_t10 + ddd_t10 + group_t11 + did_t11 + ddd_t11 + group_t12 + did_t12 + ddd_t12 + group_t13 + did_t13 + ddd_t13 + group_t14 + did_t14 + ddd_t14 + group_t15 + did_t15 + ddd_t15 + group_t16 + did_t16 + ddd_t16 + group_t17 + did_t17 + ddd_t17 + group_t18 + did_t18 + ddd_t18 + group_t19 + did_t19 + ddd_t19 + group_t20 + did_t20 + ddd_t20 + group_t21 + did_t21 + ddd_t21 + group_t22 + did_t22 + ddd_t22 + group_t23 + did_t23 + ddd_t23 + group_t24 + did_t24 + ddd_t24 + idade_media_adm + pct_mulher_adm + pct_superior_adm + pct_negra_adm | cbo_4d + periodo,,0.03923525509084423,0.06967004303912548,0.5736994498658763,-0.0973180292658417,0.17578853944753015,estimated,thin,3,7
income_pnad,income_5_plus_sm,Mais de 5 salários mínimos,ln_salario_real_adm,Salário real de admissão (log),ddd,strict_no_tail_binning,23,False,False,estimated,12536,12536,340,pyfixest_retained_sample,ln_salario_real_adm ~ group_tm12 + did_tm12 + ddd_tm12 + group_tm11 + did_tm11 + ddd_tm11 + group_tm10 + did_tm10 + ddd_tm10 + group_tm9 + did_tm9 + ddd_tm9 + group_tm8 + did_tm8 + ddd_tm8 + group_tm7 + did_tm7 + ddd_tm7 + group_tm6 + did_tm6 + ddd_tm6 + group_tm5 + did_tm5 + ddd_tm5 + group_tm4 + did_tm4 + ddd_tm4 + group_tm3 + did_tm3 + ddd_tm3 + group_tm2 + did_tm2 + ddd_tm2 + group_t0 + did_t0 + ddd_t0 + group_t1 + did_t1 + ddd_t1 + group_t2 + did_t2 + ddd_t2 + group_t3 + did_t3 + ddd_t3 + group_t4 + did_t4 + ddd_t4 + group_t5 + did_t5 + ddd_t5 + group_t6 + did_t6 + ddd_t6 + group_t7 + did_t7 + ddd_t7 + group_t8 + did_t8 + ddd_t8 + group_t9 + did_t9 + ddd_t9 + group_t10 + did_t10 + ddd_t10 + group_t11 + did_t11 + ddd_t11 + group_t12 + did_t12 + ddd_t12 + group_t13 + did_t13 + ddd_t13 + group_t14 + did_t14 + ddd_t14 + group_t15 + did_t15 + ddd_t15 + group_t16 + did_t16 + ddd_t16 + group_t17 + did_t17 + ddd_t17 + group_t18 + did_t18 + ddd_t18 + group_t19 + did_t19 + ddd_t19 + group_t20 + did_t20 + ddd_t20 + group_t21 + did_t21 + ddd_t21 + group_t22 + did_t22 + ddd_t22 + group_t23 + did_t23 + ddd_t23 + group_t24 + did_t24 + ddd_t24 + idade_media_adm + pct_mulher_adm + pct_superior_adm + pct_negra_adm | cbo_4d + periodo,,0.04413354711049784,0.09189522401655367,0.6313526884534859,-0.13598109196194735,0.224248186182943,estimated,thin,3,7
income_pnad,income_5_plus_sm,Mais de 5 salários mínimos,ln_salario_real_adm,Salário real de admissão (log),ddd,strict_no_tail_binning,24,False,False,estimated,12536,12536,340,pyfixest_retained_sample,ln_salario_real_adm ~ group_tm12 + did_tm12 + ddd_tm12 + group_tm11 + did_tm11 + ddd_tm11 + group_tm10 + did_tm10 + ddd_tm10 + group_tm9 + did_tm9 + ddd_tm9 + group_tm8 + did_tm8 + ddd_tm8 + group_tm7 + did_tm7 + ddd_tm7 + group_tm6 + did_tm6 + ddd_tm6 + group_tm5 + did_tm5 + ddd_tm5 + group_tm4 + did_tm4 + ddd_tm4 + group_tm3 + did_tm3 + ddd_tm3 + group_tm2 + did_tm2 + ddd_tm2 + group_t0 + did_t0 + ddd_t0 + group_t1 + did_t1 + ddd_t1 + group_t2 + did_t2 + ddd_t2 + group_t3 + did_t3 + ddd_t3 + group_t4 + did_t4 + ddd_t4 + group_t5 + did_t5 + ddd_t5 + group_t6 + did_t6 + ddd_t6 + group_t7 + did_t7 + ddd_t7 + group_t8 + did_t8 + ddd_t8 + group_t9 + did_t9 + ddd_t9 + group_t10 + did_t10 + ddd_t10 + group_t11 + did_t11 + ddd_t11 + group_t12 + did_t12 + ddd_t12 + group_t13 + did_t13 + ddd_t13 + group_t14 + did_t14 + ddd_t14 + group_t15 + did_t15 + ddd_t15 + group_t16 + did_t16 + ddd_t16 + group_t17 + did_t17 + ddd_t17 + group_t18 + did_t18 + ddd_t18 + group_t19 + did_t19 + ddd_t19 + group_t20 + did_t20 + ddd_t20 + group_t21 + did_t21 + ddd_t21 + group_t22 + did_t22 + ddd_t22 + group_t23 + did_t23 + ddd_t23 + group_t24 + did_t24 + ddd_t24 + idade_media_adm + pct_mulher_adm + pct_superior_adm + pct_negra_adm | cbo_4d + periodo,,-0.026867067323031353,0.07967174530253233,0.7361582251643641,-0.18302368811599473,0.12928955346993204,estimated,thin,3,7
