dimension,group_id,group_label,outcome,outcome_label,window_rule,scenario_role,role_label,t,path_status,mean_log_change,sd_log_change,se_log_change,n_cbo,path_index,ci_low,ci_high,power_status,treated_cbo,control_cbo
income_pnad,income_up_to_1sm,Até 1 salário mínimo,ln_admissoes,Admissões (log),strict_no_tail_binning,treated,Exposed,-12,estimated,-0.017552053631533227,,,1,98.26010863789372,,,thin,1,6
income_pnad,income_up_to_1sm,Até 1 salário mínimo,ln_admissoes,Admissões (log),strict_no_tail_binning,treated,Exposed,-11,estimated,0.10076774492809903,,,1,110.60197332377572,,,thin,1,6
income_pnad,income_up_to_1sm,Até 1 salário mínimo,ln_admissoes,Admissões (log),strict_no_tail_binning,treated,Exposed,-10,estimated,0.10008063676742296,,,1,110.52600390790977,,,thin,1,6
income_pnad,income_up_to_1sm,Até 1 salário mínimo,ln_admissoes,Admissões (log),strict_no_tail_binning,treated,Exposed,-9,estimated,0.03350282563550344,,,1,103.40703656280886,,,thin,1,6
income_pnad,income_up_to_1sm,Até 1 salário mínimo,ln_admissoes,Admissões (log),strict_no_tail_binning,treated,Exposed,-8,estimated,-0.009083407394495424,,,1,99.09577221241862,,,thin,1,6
income_pnad,income_up_to_1sm,Até 1 salário mínimo,ln_admissoes,Admissões (log),strict_no_tail_binning,treated,Exposed,-7,estimated,0.08525059001864221,,,1,108.8989922514483,,,thin,1,6
income_pnad,income_up_to_1sm,Até 1 salário mínimo,ln_admissoes,Admissões (log),strict_no_tail_binning,treated,Exposed,-6,estimated,0.06169240914668528,,,1,106.36351299692373,,,thin,1,6
income_pnad,income_up_to_1sm,Até 1 salário mínimo,ln_admissoes,Admissões (log),strict_no_tail_binning,treated,Exposed,-5,estimated,-0.11936811343224107,,,1,88.74810469301683,,,thin,1,6
income_pnad,income_up_to_1sm,Até 1 salário mínimo,ln_admissoes,Admissões (log),strict_no_tail_binning,treated,Exposed,-4,estimated,-0.06522017501825772,,,1,93.68611672430066,,,thin,1,6
income_pnad,income_up_to_1sm,Até 1 salário mínimo,ln_admissoes,Admissões (log),strict_no_tail_binning,treated,Exposed,-3,estimated,-0.07271516542244605,,,1,92.98656501986875,,,thin,1,6
income_pnad,income_up_to_1sm,Até 1 salário mínimo,ln_admissoes,Admissões (log),strict_no_tail_binning,treated,Exposed,-2,estimated,-0.002334368660646291,,,1,99.76683538590088,,,thin,1,6
income_pnad,income_up_to_1sm,Até 1 salário mínimo,ln_admissoes,Admissões (log),strict_no_tail_binning,treated,Exposed,-1,estimated,-0.0950209229367438,,,1,90.93539079148934,,,thin,1,6
income_pnad,income_up_to_1sm,Até 1 salário mínimo,ln_admissoes,Admissões (log),strict_no_tail_binning,treated,Exposed,0,estimated,-0.24844087565804962,,,1,78.00159774031881,,,thin,1,6
income_pnad,income_up_to_1sm,Até 1 salário mínimo,ln_admissoes,Admissões (log),strict_no_tail_binning,treated,Exposed,1,estimated,-0.02524862818352247,,,1,97.50674526389014,,,thin,1,6
income_pnad,income_up_to_1sm,Até 1 salário mínimo,ln_admissoes,Admissões (log),strict_no_tail_binning,treated,Exposed,2,estimated,-0.14542056876168274,,,1,86.46585682471188,,,thin,1,6
income_pnad,income_up_to_1sm,Até 1 salário mínimo,ln_admissoes,Admissões (log),strict_no_tail_binning,treated,Exposed,3,estimated,0.0427655365904549,,,1,104.36931583044363,,,thin,1,6
income_pnad,income_up_to_1sm,Até 1 salário mínimo,ln_admissoes,Admissões (log),strict_no_tail_binning,treated,Exposed,4,estimated,-0.09116454210873748,,,1,91.28674933986909,,,thin,1,6
income_pnad,income_up_to_1sm,Até 1 salário mínimo,ln_admissoes,Admissões (log),strict_no_tail_binning,treated,Exposed,5,estimated,-0.08366817744164301,,,1,91.97363947499004,,,thin,1,6
income_pnad,income_up_to_1sm,Até 1 salário mínimo,ln_admissoes,Admissões (log),strict_no_tail_binning,treated,Exposed,6,estimated,-0.07002950488687532,,,1,93.2366310137607,,,thin,1,6
income_pnad,income_up_to_1sm,Até 1 salário mínimo,ln_admissoes,Admissões (log),strict_no_tail_binning,treated,Exposed,7,estimated,-0.12136747144768911,,,1,88.57084272266304,,,thin,1,6
income_pnad,income_up_to_1sm,Até 1 salário mínimo,ln_admissoes,Admissões (log),strict_no_tail_binning,treated,Exposed,8,estimated,-0.0701653144820309,,,1,93.2239694444498,,,thin,1,6
income_pnad,income_up_to_1sm,Até 1 salário mínimo,ln_admissoes,Admissões (log),strict_no_tail_binning,treated,Exposed,9,estimated,-0.11563005749446198,,,1,89.0804708874301,,,thin,1,6
income_pnad,income_up_to_1sm,Até 1 salário mínimo,ln_admissoes,Admissões (log),strict_no_tail_binning,treated,Exposed,10,estimated,0.0640407002842256,,,1,106.61357899081555,,,thin,1,6
income_pnad,income_up_to_1sm,Até 1 salário mínimo,ln_admissoes,Admissões (log),strict_no_tail_binning,treated,Exposed,11,estimated,0.000295585801250553,,,1,100.0295629491038,,,thin,1,6
income_pnad,income_up_to_1sm,Até 1 salário mínimo,ln_admissoes,Admissões (log),strict_no_tail_binning,treated,Exposed,12,estimated,-0.15935525068390355,,,1,85.26933852482375,,,thin,1,6
income_pnad,income_up_to_1sm,Até 1 salário mínimo,ln_admissoes,Admissões (log),strict_no_tail_binning,treated,Exposed,13,estimated,0.021585641995709892,,,1,102.18202973197114,,,thin,1,6
income_pnad,income_up_to_1sm,Até 1 salário mínimo,ln_admissoes,Admissões (log),strict_no_tail_binning,treated,Exposed,14,estimated,0.004117266620841775,,,1,100.412575420761,,,thin,1,6
income_pnad,income_up_to_1sm,Até 1 salário mínimo,ln_admissoes,Admissões (log),strict_no_tail_binning,treated,Exposed,15,estimated,-0.03019526675236861,,,1,97.0256056300727,,,thin,1,6
income_pnad,income_up_to_1sm,Até 1 salário mínimo,ln_admissoes,Admissões (log),strict_no_tail_binning,treated,Exposed,16,estimated,-0.03287404395778282,,,1,96.76604345919758,,,thin,1,6
income_pnad,income_up_to_1sm,Até 1 salário mínimo,ln_admissoes,Admissões (log),strict_no_tail_binning,treated,Exposed,17,estimated,-0.053030021211506906,,,1,94.83515413927249,,,thin,1,6
income_pnad,income_up_to_1sm,Até 1 salário mínimo,ln_admissoes,Admissões (log),strict_no_tail_binning,treated,Exposed,18,estimated,-0.10495593783925372,,,1,90.03641937040948,,,thin,1,6
income_pnad,income_up_to_1sm,Até 1 salário mínimo,ln_admissoes,Admissões (log),strict_no_tail_binning,treated,Exposed,19,estimated,-0.04727226313859134,,,1,95.38276701197253,,,thin,1,6
income_pnad,income_up_to_1sm,Até 1 salário mínimo,ln_admissoes,Admissões (log),strict_no_tail_binning,treated,Exposed,20,estimated,-0.019486789176355046,,,1,98.07018509822892,,,thin,1,6
income_pnad,income_up_to_1sm,Até 1 salário mínimo,ln_admissoes,Admissões (log),strict_no_tail_binning,treated,Exposed,21,estimated,-0.09585669398414076,,,1,90.85942137562336,,,thin,1,6
income_pnad,income_up_to_1sm,Até 1 salário mínimo,ln_admissoes,Admissões (log),strict_no_tail_binning,treated,Exposed,22,estimated,0.054883973864185975,,,1,105.64180354619768,,,thin,1,6
income_pnad,income_up_to_1sm,Até 1 salário mínimo,ln_admissoes,Admissões (log),strict_no_tail_binning,treated,Exposed,23,estimated,-0.05219592324005262,,,1,94.91428894746615,,,thin,1,6
income_pnad,income_up_to_1sm,Até 1 salário mínimo,ln_admissoes,Admissões (log),strict_no_tail_binning,treated,Exposed,24,estimated,-0.14960267984996456,,,1,86.10500209934877,,,thin,1,6
income_pnad,income_up_to_1sm,Até 1 salário mínimo,ln_admissoes,Admissões (log),strict_no_tail_binning,control,Not Exposed,-12,estimated,-1.117919369514044,0.7353836103977811,0.30021910178003763,6,32.69593690371476,18.152737521805026,58.89052759825273,thin,1,6
income_pnad,income_up_to_1sm,Até 1 salário mínimo,ln_admissoes,Admissões (log),strict_no_tail_binning,control,Not Exposed,-11,estimated,-0.2893631376039323,0.43006264713552295,0.17557234048544082,6,74.8740260284821,53.073898887929325,105.62856491006399,thin,1,6
income_pnad,income_up_to_1sm,Até 1 salário mínimo,ln_admissoes,Admissões (log),strict_no_tail_binning,control,Not Exposed,-10,estimated,-0.2559236854777404,0.7402592796566277,0.302209585419829,6,77.42010493210803,42.816164781192136,139.99088144231797,thin,1,6
income_pnad,income_up_to_1sm,Até 1 salário mínimo,ln_admissoes,Admissões (log),strict_no_tail_binning,control,Not Exposed,-9,estimated,-0.3674605150769846,0.9570990888584817,0.3907340668309961,6,69.24906692095962,32.19692335237136,148.94073004867877,thin,1,6
income_pnad,income_up_to_1sm,Até 1 salário mínimo,ln_admissoes,Admissões (log),strict_no_tail_binning,control,Not Exposed,-8,estimated,-0.30922251187074173,0.7356790496150865,0.30033971433543855,6,73.40174242635217,40.7429098859484,132.23934682885096,thin,1,6
income_pnad,income_up_to_1sm,Até 1 salário mínimo,ln_admissoes,Admissões (log),strict_no_tail_binning,control,Not Exposed,-7,estimated,0.49083407037950066,0.7786853035853686,0.31789694399806095,6,163.36782545017968,87.61272466545543,304.62522988790835,thin,1,6
income_pnad,income_up_to_1sm,Até 1 salário mínimo,ln_admissoes,Admissões (log),strict_no_tail_binning,control,Not Exposed,-6,estimated,0.4583032589353457,0.47383344275307976,0.19344169296855154,6,158.138850054484,108.23748267454994,231.0465402428906,thin,1,6
income_pnad,income_up_to_1sm,Até 1 salário mínimo,ln_admissoes,Admissões (log),strict_no_tail_binning,control,Not Exposed,-5,estimated,0.589705323316165,0.46605903128224563,0.19026780277622085,6,180.34569003903167,124.20713504328404,261.8574843089347,thin,1,6
income_pnad,income_up_to_1sm,Até 1 salário mínimo,ln_admissoes,Admissões (log),strict_no_tail_binning,control,Not Exposed,-4,estimated,0.3836191202107324,1.1918888014324196,0.48658656560780805,6,146.75863612335277,56.54742336051951,380.8855646608333,thin,1,6
income_pnad,income_up_to_1sm,Até 1 salário mínimo,ln_admissoes,Admissões (log),strict_no_tail_binning,control,Not Exposed,-3,estimated,0.38656410860372153,1.3316095544115512,0.5436273241538622,6,147.1914756441562,50.715152876656546,427.19639542438347,thin,1,6
income_pnad,income_up_to_1sm,Até 1 salário mínimo,ln_admissoes,Admissões (log),strict_no_tail_binning,control,Not Exposed,-2,estimated,0.12361781116036215,0.8431150406970244,0.3442002740289305,6,113.1583309832277,57.63646613770705,222.1650411445423,thin,1,6
income_pnad,income_up_to_1sm,Até 1 salário mínimo,ln_admissoes,Admissões (log),strict_no_tail_binning,control,Not Exposed,-1,estimated,-0.09275447306238378,0.519864296845893,0.21223371046053405,6,91.14172503130482,60.125716213093526,138.15742355968823,thin,1,6
income_pnad,income_up_to_1sm,Até 1 salário mínimo,ln_admissoes,Admissões (log),strict_no_tail_binning,control,Not Exposed,0,estimated,-0.4400504499951056,0.5898491485648826,0.2408049065331785,6,64.40039302684374,40.170870526141925,103.24423064999155,thin,1,6
income_pnad,income_up_to_1sm,Até 1 salário mínimo,ln_admissoes,Admissões (log),strict_no_tail_binning,control,Not Exposed,1,estimated,-0.6508128621811143,1.033416497151009,0.421890518299053,6,52.16215979151036,22.815768731555455,119.25484282946468,thin,1,6
income_pnad,income_up_to_1sm,Até 1 salário mínimo,ln_admissoes,Admissões (log),strict_no_tail_binning,control,Not Exposed,2,estimated,-0.2235273277884179,0.8602957979864881,0.3512142888212287,6,79.96930377268505,40.175720765510114,159.17796679277026,thin,1,6
income_pnad,income_up_to_1sm,Até 1 salário mínimo,ln_admissoes,Admissões (log),strict_no_tail_binning,control,Not Exposed,3,estimated,-0.3553385141087069,1.3377682841016532,0.5461416150212753,6,70.09361262752269,24.0321881918673,204.43891717025795,thin,1,6
income_pnad,income_up_to_1sm,Até 1 salário mínimo,ln_admissoes,Admissões (log),strict_no_tail_binning,control,Not Exposed,4,estimated,0.02198725216359169,1.2279532334782206,0.5013098083370564,6,102.2230753156965,38.267088313841754,273.0690415037093,thin,1,6
income_pnad,income_up_to_1sm,Até 1 salário mínimo,ln_admissoes,Admissões (log),strict_no_tail_binning,control,Not Exposed,5,estimated,0.44675356770404323,1.1360878615964096,0.4638059273134801,6,156.32290216990242,62.98295512146224,387.99147635569926,thin,1,6
income_pnad,income_up_to_1sm,Até 1 salário mínimo,ln_admissoes,Admissões (log),strict_no_tail_binning,control,Not Exposed,6,estimated,0.5027452770204781,0.4387365605617035,0.1791134508133106,6,165.3253685838756,116.37911553700253,234.8572368098467,thin,1,6
income_pnad,income_up_to_1sm,Até 1 salário mínimo,ln_admissoes,Admissões (log),strict_no_tail_binning,control,Not Exposed,7,estimated,0.47126862394081565,0.49061590348523987,0.2002931038722328,6,160.2025272221364,108.1873370051493,237.22600480625385,thin,1,6
income_pnad,income_up_to_1sm,Até 1 salário mínimo,ln_admissoes,Admissões (log),strict_no_tail_binning,control,Not Exposed,8,estimated,0.29591628268857234,0.9635465792951184,0.39336624377953516,6,134.43576061165155,62.18343406231352,290.63968569382155,thin,1,6
income_pnad,income_up_to_1sm,Até 1 salário mínimo,ln_admissoes,Admissões (log),strict_no_tail_binning,control,Not Exposed,9,estimated,-0.07338478932212338,1.2840815085530592,0.5242240806830448,6,92.92431983633969,33.25836114597583,259.6318315008482,thin,1,6
income_pnad,income_up_to_1sm,Até 1 salário mínimo,ln_admissoes,Admissões (log),strict_no_tail_binning,control,Not Exposed,10,estimated,-0.07282029394666001,0.7581424904236156,0.30951037564345674,6,92.97678999334255,50.689031997317,170.5434713751032,thin,1,6
income_pnad,income_up_to_1sm,Até 1 salário mínimo,ln_admissoes,Admissões (log),strict_no_tail_binning,control,Not Exposed,11,estimated,-0.40384772701973515,0.6045277424390246,0.2467974173887103,6,66.7745793169776,41.16545858625669,108.3151893866656,thin,1,6
income_pnad,income_up_to_1sm,Até 1 salário mínimo,ln_admissoes,Admissões (log),strict_no_tail_binning,control,Not Exposed,12,estimated,-1.1919447098590654,1.0338348035095672,0.4220612911548246,6,30.363021686906567,13.276364452548082,69.44017613064388,thin,1,6
income_pnad,income_up_to_1sm,Até 1 salário mínimo,ln_admissoes,Admissões (log),strict_no_tail_binning,control,Not Exposed,13,estimated,-0.43199292961748587,0.6901878460001066,0.2817680082284795,6,64.92139668599994,37.371633730485776,112.78039857868902,thin,1,6
income_pnad,income_up_to_1sm,Até 1 salário mínimo,ln_admissoes,Admissões (log),strict_no_tail_binning,control,Not Exposed,14,estimated,-0.4535639667700005,0.7475549783280963,0.3051880419301955,6,63.53597108027434,34.93319967223062,115.5582557277866,thin,1,6
income_pnad,income_up_to_1sm,Até 1 salário mínimo,ln_admissoes,Admissões (log),strict_no_tail_binning,control,Not Exposed,15,estimated,-0.3418921914571787,1.1965735257562684,0.48849909630431376,6,71.04247904422466,27.270888168828783,185.07038705537903,thin,1,6
income_pnad,income_up_to_1sm,Até 1 salário mínimo,ln_admissoes,Admissões (log),strict_no_tail_binning,control,Not Exposed,16,estimated,0.039339044723681736,1.2915910889912703,0.5272898540590453,6,104.01230721147311,37.00381874918926,292.3633402482519,thin,1,6
income_pnad,income_up_to_1sm,Até 1 salário mínimo,ln_admissoes,Admissões (log),strict_no_tail_binning,control,Not Exposed,17,estimated,0.3836545981248552,1.2810290063523229,0.522977901877957,6,146.7638429060043,52.65641620684121,409.05984752034533,thin,1,6
income_pnad,income_up_to_1sm,Até 1 salário mínimo,ln_admissoes,Admissões (log),strict_no_tail_binning,control,Not Exposed,18,estimated,0.3662718932569935,0.3954555690340276,0.16144406001255596,6,144.23473538656617,105.11045205650575,197.9218858353786,thin,1,6
income_pnad,income_up_to_1sm,Até 1 salário mínimo,ln_admissoes,Admissões (log),strict_no_tail_binning,control,Not Exposed,19,estimated,0.38849362122259157,0.3933723725746182,0.1605935986193017,6,147.4757576284408,107.65162876828423,202.03223431850407,thin,1,6
income_pnad,income_up_to_1sm,Até 1 salário mínimo,ln_admissoes,Admissões (log),strict_no_tail_binning,control,Not Exposed,20,estimated,0.22724868899833295,0.7345249419155442,0.2998685518400892,6,125.51419691296732,69.73319873817138,225.91554541844968,thin,1,6
income_pnad,income_up_to_1sm,Até 1 salário mínimo,ln_admissoes,Admissões (log),strict_no_tail_binning,control,Not Exposed,21,estimated,0.061026003697851605,0.7848647112745643,0.3204196766232543,6,106.29265538487718,56.72265122738993,199.1819554321657,thin,1,6
income_pnad,income_up_to_1sm,Até 1 salário mínimo,ln_admissoes,Admissões (log),strict_no_tail_binning,control,Not Exposed,22,estimated,0.34317789898907697,0.6928881996698729,0.2828704229978094,6,140.94194739246805,80.95731624981526,245.37167800231484,thin,1,6
income_pnad,income_up_to_1sm,Até 1 salário mínimo,ln_admissoes,Admissões (log),strict_no_tail_binning,control,Not Exposed,23,estimated,-0.3019736917513245,0.41141839962491245,0.16796085831224894,6,73.93575158350572,53.19653230279005,102.76037037720904,thin,1,6
income_pnad,income_up_to_1sm,Até 1 salário mínimo,ln_admissoes,Admissões (log),strict_no_tail_binning,control,Not Exposed,24,estimated,-0.5330674528520859,0.6622396725405527,0.2703582141920291,6,58.680221802675845,34.54285176088178,99.68396514125372,thin,1,6
income_pnad,income_up_to_1sm,Até 1 salário mínimo,ln_salario_real_adm,Salário real de admissão (log),strict_no_tail_binning,treated,Exposed,-12,estimated,-0.05975713747094247,,,1,94.1993280676576,,,thin,1,6
income_pnad,income_up_to_1sm,Até 1 salário mínimo,ln_salario_real_adm,Salário real de admissão (log),strict_no_tail_binning,treated,Exposed,-11,estimated,-0.03694026192018285,,,1,96.37337052304848,,,thin,1,6
income_pnad,income_up_to_1sm,Até 1 salário mínimo,ln_salario_real_adm,Salário real de admissão (log),strict_no_tail_binning,treated,Exposed,-10,estimated,-0.02196155185247406,,,1,97.82778472991392,,,thin,1,6
income_pnad,income_up_to_1sm,Até 1 salário mínimo,ln_salario_real_adm,Salário real de admissão (log),strict_no_tail_binning,treated,Exposed,-9,estimated,-0.009707708033552365,,,1,99.03392596583292,,,thin,1,6
income_pnad,income_up_to_1sm,Até 1 salário mínimo,ln_salario_real_adm,Salário real de admissão (log),strict_no_tail_binning,treated,Exposed,-8,estimated,-0.001236993560215005,,,1,99.87637712009516,,,thin,1,6
income_pnad,income_up_to_1sm,Até 1 salário mínimo,ln_salario_real_adm,Salário real de admissão (log),strict_no_tail_binning,treated,Exposed,-7,estimated,-0.01615122518645773,,,1,98.39785064702762,,,thin,1,6
income_pnad,income_up_to_1sm,Até 1 salário mínimo,ln_salario_real_adm,Salário real de admissão (log),strict_no_tail_binning,treated,Exposed,-6,estimated,-0.014121286577736036,,,1,98.59779511190725,,,thin,1,6
income_pnad,income_up_to_1sm,Até 1 salário mínimo,ln_salario_real_adm,Salário real de admissão (log),strict_no_tail_binning,treated,Exposed,-5,estimated,0.008600157270199027,,,1,100.86372448662138,,,thin,1,6
income_pnad,income_up_to_1sm,Até 1 salário mínimo,ln_salario_real_adm,Salário real de admissão (log),strict_no_tail_binning,treated,Exposed,-4,estimated,0.003660877683849151,,,1,100.36675868812426,,,thin,1,6
income_pnad,income_up_to_1sm,Até 1 salário mínimo,ln_salario_real_adm,Salário real de admissão (log),strict_no_tail_binning,treated,Exposed,-3,estimated,0.05128800614756557,,,1,105.2626012393682,,,thin,1,6
income_pnad,income_up_to_1sm,Até 1 salário mínimo,ln_salario_real_adm,Salário real de admissão (log),strict_no_tail_binning,treated,Exposed,-2,estimated,0.050686277116375855,,,1,105.19928072910913,,,thin,1,6
income_pnad,income_up_to_1sm,Até 1 salário mínimo,ln_salario_real_adm,Salário real de admissão (log),strict_no_tail_binning,treated,Exposed,-1,estimated,0.045640846383572686,,,1,104.66984179192447,,,thin,1,6
income_pnad,income_up_to_1sm,Até 1 salário mínimo,ln_salario_real_adm,Salário real de admissão (log),strict_no_tail_binning,treated,Exposed,0,estimated,-0.0005437009690858474,,,1,99.94564468095024,,,thin,1,6
income_pnad,income_up_to_1sm,Até 1 salário mínimo,ln_salario_real_adm,Salário real de admissão (log),strict_no_tail_binning,treated,Exposed,1,estimated,0.03579274692388967,,,1,103.64410186405063,,,thin,1,6
income_pnad,income_up_to_1sm,Até 1 salário mínimo,ln_salario_real_adm,Salário real de admissão (log),strict_no_tail_binning,treated,Exposed,2,estimated,0.015523809904056662,,,1,101.56449301787657,,,thin,1,6
income_pnad,income_up_to_1sm,Até 1 salário mínimo,ln_salario_real_adm,Salário real de admissão (log),strict_no_tail_binning,treated,Exposed,3,estimated,0.0350646520040625,,,1,103.56866658536742,,,thin,1,6
income_pnad,income_up_to_1sm,Até 1 salário mínimo,ln_salario_real_adm,Salário real de admissão (log),strict_no_tail_binning,treated,Exposed,4,estimated,0.02954228031401218,,,1,102.99829825552227,,,thin,1,6
income_pnad,income_up_to_1sm,Até 1 salário mínimo,ln_salario_real_adm,Salário real de admissão (log),strict_no_tail_binning,treated,Exposed,5,estimated,0.022076451305159672,,,1,102.23219393294347,,,thin,1,6
income_pnad,income_up_to_1sm,Até 1 salário mínimo,ln_salario_real_adm,Salário real de admissão (log),strict_no_tail_binning,treated,Exposed,6,estimated,0.037973369588582884,,,1,103.8703571406734,,,thin,1,6
income_pnad,income_up_to_1sm,Até 1 salário mínimo,ln_salario_real_adm,Salário real de admissão (log),strict_no_tail_binning,treated,Exposed,7,estimated,0.05044158547905031,,,1,105.17354249395594,,,thin,1,6
income_pnad,income_up_to_1sm,Até 1 salário mínimo,ln_salario_real_adm,Salário real de admissão (log),strict_no_tail_binning,treated,Exposed,8,estimated,0.0594242575402113,,,1,106.12253781148485,,,thin,1,6
income_pnad,income_up_to_1sm,Até 1 salário mínimo,ln_salario_real_adm,Salário real de admissão (log),strict_no_tail_binning,treated,Exposed,9,estimated,0.04426295357811494,,,1,104.52571728683307,,,thin,1,6
income_pnad,income_up_to_1sm,Até 1 salário mínimo,ln_salario_real_adm,Salário real de admissão (log),strict_no_tail_binning,treated,Exposed,10,estimated,0.03844222320612811,,,1,103.91906855174287,,,thin,1,6
income_pnad,income_up_to_1sm,Até 1 salário mínimo,ln_salario_real_adm,Salário real de admissão (log),strict_no_tail_binning,treated,Exposed,11,estimated,0.02317283301182904,,,1,102.3443409069157,,,thin,1,6
income_pnad,income_up_to_1sm,Até 1 salário mínimo,ln_salario_real_adm,Salário real de admissão (log),strict_no_tail_binning,treated,Exposed,12,estimated,0.026967037985175857,,,1,102.73339392088533,,,thin,1,6
income_pnad,income_up_to_1sm,Até 1 salário mínimo,ln_salario_real_adm,Salário real de admissão (log),strict_no_tail_binning,treated,Exposed,13,estimated,0.043429416186083536,,,1,104.43862749438722,,,thin,1,6
income_pnad,income_up_to_1sm,Até 1 salário mínimo,ln_salario_real_adm,Salário real de admissão (log),strict_no_tail_binning,treated,Exposed,14,estimated,0.045288702175650286,,,1,104.63298940245187,,,thin,1,6
income_pnad,income_up_to_1sm,Até 1 salário mínimo,ln_salario_real_adm,Salário real de admissão (log),strict_no_tail_binning,treated,Exposed,15,estimated,0.05012453860581623,,,1,105.1402028365576,,,thin,1,6
income_pnad,income_up_to_1sm,Até 1 salário mínimo,ln_salario_real_adm,Salário real de admissão (log),strict_no_tail_binning,treated,Exposed,16,estimated,0.052042863843418274,,,1,105.34208952139548,,,thin,1,6
income_pnad,income_up_to_1sm,Até 1 salário mínimo,ln_salario_real_adm,Salário real de admissão (log),strict_no_tail_binning,treated,Exposed,17,estimated,0.06970471099766229,,,1,107.21915281377672,,,thin,1,6
income_pnad,income_up_to_1sm,Até 1 salário mínimo,ln_salario_real_adm,Salário real de admissão (log),strict_no_tail_binning,treated,Exposed,18,estimated,0.06819861516857806,,,1,107.05779203782333,,,thin,1,6
income_pnad,income_up_to_1sm,Até 1 salário mínimo,ln_salario_real_adm,Salário real de admissão (log),strict_no_tail_binning,treated,Exposed,19,estimated,0.07176778581891075,,,1,107.4405822825445,,,thin,1,6
income_pnad,income_up_to_1sm,Até 1 salário mínimo,ln_salario_real_adm,Salário real de admissão (log),strict_no_tail_binning,treated,Exposed,20,estimated,0.07295936529477576,,,1,107.5686825809535,,,thin,1,6
income_pnad,income_up_to_1sm,Até 1 salário mínimo,ln_salario_real_adm,Salário real de admissão (log),strict_no_tail_binning,treated,Exposed,21,estimated,0.07194202524717586,,,1,107.45930429918324,,,thin,1,6
income_pnad,income_up_to_1sm,Até 1 salário mínimo,ln_salario_real_adm,Salário real de admissão (log),strict_no_tail_binning,treated,Exposed,22,estimated,0.06773850985108165,,,1,107.00854550859104,,,thin,1,6
income_pnad,income_up_to_1sm,Até 1 salário mínimo,ln_salario_real_adm,Salário real de admissão (log),strict_no_tail_binning,treated,Exposed,23,estimated,0.07842879828023896,,,1,108.15863416129679,,,thin,1,6
income_pnad,income_up_to_1sm,Até 1 salário mínimo,ln_salario_real_adm,Salário real de admissão (log),strict_no_tail_binning,treated,Exposed,24,estimated,0.05298320565414372,,,1,105.44119368119146,,,thin,1,6
income_pnad,income_up_to_1sm,Até 1 salário mínimo,ln_salario_real_adm,Salário real de admissão (log),strict_no_tail_binning,control,Not Exposed,-12,estimated,-0.02760612082770327,0.09485327895105403,0.03872368897665973,6,97.27714457647735,90.16719190234816,104.94773827714647,thin,1,6
income_pnad,income_up_to_1sm,Até 1 salário mínimo,ln_salario_real_adm,Salário real de admissão (log),strict_no_tail_binning,control,Not Exposed,-11,estimated,0.1218295023544087,0.20092642205408287,0.08202786831259996,6,112.95614977855983,96.18034919176954,132.6579897038706,thin,1,6
income_pnad,income_up_to_1sm,Até 1 salário mínimo,ln_salario_real_adm,Salário real de admissão (log),strict_no_tail_binning,control,Not Exposed,-10,estimated,0.14505512721653302,0.2301604738920319,0.0939626199987746,6,115.61033012683728,96.16433760811557,138.9886184887351,thin,1,6
income_pnad,income_up_to_1sm,Até 1 salário mínimo,ln_salario_real_adm,Salário real de admissão (log),strict_no_tail_binning,control,Not Exposed,-9,estimated,-0.044479529863076316,0.1207019896145565,0.04927638091572964,6,95.64951794805145,86.84361301168325,105.34833785028968,thin,1,6
income_pnad,income_up_to_1sm,Até 1 salário mínimo,ln_salario_real_adm,Salário real de admissão (log),strict_no_tail_binning,control,Not Exposed,-8,estimated,-0.04500307472885057,0.09928701270265519,0.04053375320112284,6,95.59945424045804,88.29830883941874,103.50431136449379,thin,1,6
income_pnad,income_up_to_1sm,Até 1 salário mínimo,ln_salario_real_adm,Salário real de admissão (log),strict_no_tail_binning,control,Not Exposed,-7,estimated,-0.1331389471844712,0.07453828567462353,0.030430127700772112,6,87.5343457149733,82.46617328820446,92.91399581462618,thin,1,6
income_pnad,income_up_to_1sm,Até 1 salário mínimo,ln_salario_real_adm,Salário real de admissão (log),strict_no_tail_binning,control,Not Exposed,-6,estimated,-0.11928391851732867,0.13408757488648057,0.05474102321985091,6,88.75557714670698,79.72584900112668,98.80800986557983,thin,1,6
income_pnad,income_up_to_1sm,Até 1 salário mínimo,ln_salario_real_adm,Salário real de admissão (log),strict_no_tail_binning,control,Not Exposed,-5,estimated,0.2106158494671635,0.5125162313083441,0.2092338752666133,6,123.44380539295403,81.91545181657311,186.0256246161665,thin,1,6
income_pnad,income_up_to_1sm,Até 1 salário mínimo,ln_salario_real_adm,Salário real de admissão (log),strict_no_tail_binning,control,Not Exposed,-4,estimated,-0.09098815382329513,0.14968685582404603,0.061109402995077534,6,91.30285267324668,80.99663432730878,102.9204605290859,thin,1,6
income_pnad,income_up_to_1sm,Até 1 salário mínimo,ln_salario_real_adm,Salário real de admissão (log),strict_no_tail_binning,control,Not Exposed,-3,estimated,0.050359171395693604,0.27634663997068803,0.11281804334346604,6,105.16487507002172,84.30203396627759,131.19079609535098,thin,1,6
income_pnad,income_up_to_1sm,Até 1 salário mínimo,ln_salario_real_adm,Salário real de admissão (log),strict_no_tail_binning,control,Not Exposed,-2,estimated,-0.022657977772662246,0.14967378536582795,0.06110406700285442,6,97.75967864308818,86.72552417043453,110.19771699065635,thin,1,6
income_pnad,income_up_to_1sm,Até 1 salário mínimo,ln_salario_real_adm,Salário real de admissão (log),strict_no_tail_binning,control,Not Exposed,-1,estimated,-0.04470192771640905,0.1854022196781944,0.07569013923182845,6,95.62824806586323,82.4436958148694,110.92129892722424,thin,1,6
income_pnad,income_up_to_1sm,Até 1 salário mínimo,ln_salario_real_adm,Salário real de admissão (log),strict_no_tail_binning,control,Not Exposed,0,estimated,-0.055681191545846755,0.16153408621783935,0.06594601455007518,6,94.58406298175038,83.1157991493036,107.63471038840007,thin,1,6
income_pnad,income_up_to_1sm,Até 1 salário mínimo,ln_salario_real_adm,Salário real de admissão (log),strict_no_tail_binning,control,Not Exposed,1,estimated,0.12508962346587937,0.15860983566408557,0.0647521942606172,6,113.32500143096134,99.81769864266006,128.66010861763885,thin,1,6
income_pnad,income_up_to_1sm,Até 1 salário mínimo,ln_salario_real_adm,Salário real de admissão (log),strict_no_tail_binning,control,Not Exposed,2,estimated,0.25809396827427217,0.7716525123093959,0.3150258189824559,6,129.44604511240559,69.81253296737829,240.01820136038822,thin,1,6
income_pnad,income_up_to_1sm,Até 1 salário mínimo,ln_salario_real_adm,Salário real de admissão (log),strict_no_tail_binning,control,Not Exposed,3,estimated,0.07263592551632773,0.1544834513184329,0.06306760490570765,6,107.53389621604192,95.03009262255591,121.68291660338556,thin,1,6
income_pnad,income_up_to_1sm,Até 1 salário mínimo,ln_salario_real_adm,Salário real de admissão (log),strict_no_tail_binning,control,Not Exposed,4,estimated,-0.0395108701971559,0.26303650857081784,0.10738420495361964,6,96.12595048534705,77.8813312592203,118.64458667194975,thin,1,6
income_pnad,income_up_to_1sm,Até 1 salário mínimo,ln_salario_real_adm,Salário real de admissão (log),strict_no_tail_binning,control,Not Exposed,5,estimated,0.0365274229580271,0.17407152208535648,0.07106440130978936,6,103.72027467951463,90.2344589494643,119.2215867955601,thin,1,6
income_pnad,income_up_to_1sm,Até 1 salário mínimo,ln_salario_real_adm,Salário real de admissão (log),strict_no_tail_binning,control,Not Exposed,6,estimated,-0.09375320834893186,0.09235845213241756,0.037705180192947996,6,91.0507440149775,84.5645226348801,98.03446797039574,thin,1,6
income_pnad,income_up_to_1sm,Até 1 salário mínimo,ln_salario_real_adm,Salário real de admissão (log),strict_no_tail_binning,control,Not Exposed,7,estimated,-0.11303705192826374,0.10975720326968617,0.0448081906009441,6,89.31175677748995,81.80260429769008,97.51021947484332,thin,1,6
income_pnad,income_up_to_1sm,Até 1 salário mínimo,ln_salario_real_adm,Salário real de admissão (log),strict_no_tail_binning,control,Not Exposed,8,estimated,-0.053124347744881874,0.26252025254046296,0.1071734443117856,6,94.82620908982484,76.86002323135448,116.992027224355,thin,1,6
income_pnad,income_up_to_1sm,Até 1 salário mínimo,ln_salario_real_adm,Salário real de admissão (log),strict_no_tail_binning,control,Not Exposed,9,estimated,0.30448322677426987,0.8130058467416192,0.3319082470693915,6,135.5924116642566,70.74722042740005,259.87313692127316,thin,1,6
income_pnad,income_up_to_1sm,Até 1 salário mínimo,ln_salario_real_adm,Salário real de admissão (log),strict_no_tail_binning,control,Not Exposed,10,estimated,0.007943363320870755,0.2027381569552512,0.08276750598877565,6,100.79749955312032,85.70312056240398,118.55036140444008,thin,1,6
income_pnad,income_up_to_1sm,Até 1 salário mínimo,ln_salario_real_adm,Salário real de admissão (log),strict_no_tail_binning,control,Not Exposed,11,estimated,-0.07982576790301128,0.1682549728701789,0.0686898050362942,6,92.32771968956851,80.69788770014476,105.63359297272218,thin,1,6
income_pnad,income_up_to_1sm,Até 1 salário mínimo,ln_salario_real_adm,Salário real de admissão (log),strict_no_tail_binning,control,Not Exposed,12,estimated,0.06918584120522213,0.1101001610932466,0.044948202546113855,6,107.16353446479904,98.12650859519422,117.0328312236578,thin,1,6
income_pnad,income_up_to_1sm,Até 1 salário mínimo,ln_salario_real_adm,Salário real de admissão (log),strict_no_tail_binning,control,Not Exposed,13,estimated,0.18555370263278595,0.2065155095950622,0.08430960374645766,6,120.38848498251866,102.05144667329569,142.0204003847667,thin,1,6
income_pnad,income_up_to_1sm,Até 1 salário mínimo,ln_salario_real_adm,Salário real de admissão (log),strict_no_tail_binning,control,Not Exposed,14,estimated,0.017492424736198647,0.12344985992482786,0.05039819427231433,6,101.76463131822844,92.19281046789983,112.3302363251067,thin,1,6
income_pnad,income_up_to_1sm,Até 1 salário mínimo,ln_salario_real_adm,Salário real de admissão (log),strict_no_tail_binning,control,Not Exposed,15,estimated,0.05651784550740032,0.2314511399828778,0.09448953222392213,6,105.81454977750487,87.92538423102842,127.34341785980834,thin,1,6
income_pnad,income_up_to_1sm,Até 1 salário mínimo,ln_salario_real_adm,Salário real de admissão (log),strict_no_tail_binning,control,Not Exposed,16,estimated,0.1479380598636951,0.3131016861344085,0.12782322810572527,6,115.94410782003624,90.24919872358666,148.9546314904937,thin,1,6
income_pnad,income_up_to_1sm,Até 1 salário mínimo,ln_salario_real_adm,Salário real de admissão (log),strict_no_tail_binning,control,Not Exposed,17,estimated,-0.08955986220971068,0.09117753187654798,0.03722307151731509,6,91.43335294605359,85.00015700484576,98.3534422234186,thin,1,6
income_pnad,income_up_to_1sm,Até 1 salário mínimo,ln_salario_real_adm,Salário real de admissão (log),strict_no_tail_binning,control,Not Exposed,18,estimated,0.24157954150032893,0.8160653499628444,0.33315728402912537,6,127.3258727799291,66.2716000880025,244.62783239944153,thin,1,6
income_pnad,income_up_to_1sm,Até 1 salário mínimo,ln_salario_real_adm,Salário real de admissão (log),strict_no_tail_binning,control,Not Exposed,19,estimated,-0.1212522921168137,0.11369619406653807,0.04641627685991177,6,88.58104484058819,80.87801171206239,97.01773496837868,thin,1,6
income_pnad,income_up_to_1sm,Até 1 salário mínimo,ln_salario_real_adm,Salário real de admissão (log),strict_no_tail_binning,control,Not Exposed,20,estimated,0.00756661179916603,0.346818886332732,0.14158821744591868,6,100.75953109456603,76.34204931954918,132.98677723335672,thin,1,6
income_pnad,income_up_to_1sm,Até 1 salário mínimo,ln_salario_real_adm,Salário real de admissão (log),strict_no_tail_binning,control,Not Exposed,21,estimated,0.03270313156379926,0.17492669509272094,0.07141352422809674,6,103.32437562483332,89.82854609737936,118.84781689206376,thin,1,6
income_pnad,income_up_to_1sm,Até 1 salário mínimo,ln_salario_real_adm,Salário real de admissão (log),strict_no_tail_binning,control,Not Exposed,22,estimated,-0.07379539166246014,0.22390869794245086,0.09141034315499505,6,92.88617272532316,77.64992018726682,111.11204058872141,thin,1,6
income_pnad,income_up_to_1sm,Até 1 salário mínimo,ln_salario_real_adm,Salário real de admissão (log),strict_no_tail_binning,control,Not Exposed,23,estimated,-0.022884035134999852,0.185956067919806,0.0759162468296428,6,97.73758184565712,84.22487515963925,113.41821388195024,thin,1,6
income_pnad,income_up_to_1sm,Até 1 salário mínimo,ln_salario_real_adm,Salário real de admissão (log),strict_no_tail_binning,control,Not Exposed,24,estimated,0.016453284254480376,0.11743131000787951,0.047941131557648745,6,101.65893849457508,92.54165360377266,111.67446629052336,thin,1,6
income_pnad,income_1_2sm,Mais de 1 até 2 salários mínimos,ln_admissoes,Admissões (log),strict_no_tail_binning,treated,Exposed,-12,estimated,-0.281213880243737,0.24989140164104082,0.038108081488669426,43,75.48668671038506,70.05386639340884,81.34083333119148,adequate,43,220
income_pnad,income_1_2sm,Mais de 1 até 2 salários mínimos,ln_admissoes,Admissões (log),strict_no_tail_binning,treated,Exposed,-11,estimated,-0.02230991816484577,0.19363314329136028,0.029528777520940824,43,97.79371076075614,92.29443654274205,103.62065388339494,adequate,43,220
income_pnad,income_1_2sm,Mais de 1 até 2 salários mínimos,ln_admissoes,Admissões (log),strict_no_tail_binning,treated,Exposed,-10,estimated,0.07000599856207068,0.25081272218463185,0.03824858155438512,43,107.2514614780409,99.50510652466619,115.60086101032674,adequate,43,220
income_pnad,income_1_2sm,Mais de 1 até 2 salários mínimos,ln_admissoes,Admissões (log),strict_no_tail_binning,treated,Exposed,-9,estimated,0.09502577262668271,0.14834820379939143,0.022622888990817065,43,109.96871965884698,105.19913693108032,114.95454864167478,adequate,43,220
income_pnad,income_1_2sm,Mais de 1 até 2 salários mínimos,ln_admissoes,Admissões (log),strict_no_tail_binning,treated,Exposed,-8,estimated,0.08021113685716375,0.22432068752383724,0.03420858414341213,43,108.35158136493368,101.32493164717053,115.86551299301746,adequate,43,220
income_pnad,income_1_2sm,Mais de 1 até 2 salários mínimos,ln_admissoes,Admissões (log),strict_no_tail_binning,treated,Exposed,-7,estimated,0.037557833520187864,0.10284060495180232,0.015683045227290037,43,103.82720422726133,100.68423676351476,107.06828282335297,adequate,43,220
income_pnad,income_1_2sm,Mais de 1 até 2 salários mínimos,ln_admissoes,Admissões (log),strict_no_tail_binning,treated,Exposed,-6,estimated,0.004682677237846642,0.11627929411700895,0.017732426112128313,43,100.46936581041639,97.0374812052323,104.02262446403022,adequate,43,220
income_pnad,income_1_2sm,Mais de 1 até 2 salários mínimos,ln_admissoes,Admissões (log),strict_no_tail_binning,treated,Exposed,-5,estimated,-0.012374276533025134,0.1356334893598793,0.02068391321660414,43,98.7701970004214,94.84608687034918,102.85666111705277,adequate,43,220
income_pnad,income_1_2sm,Mais de 1 até 2 salários mínimos,ln_admissoes,Admissões (log),strict_no_tail_binning,treated,Exposed,-4,estimated,0.09946629112835895,0.1500582056753858,0.02288366183217228,43,110.45812359252858,105.61332002578206,115.52517300472938,adequate,43,220
income_pnad,income_1_2sm,Mais de 1 até 2 salários mínimos,ln_admissoes,Admissões (log),strict_no_tail_binning,treated,Exposed,-3,estimated,0.07630344714919324,0.17099638140706133,0.026076703696625635,43,107.92900319550532,102.55131360966656,113.58869351116124,adequate,43,220
income_pnad,income_1_2sm,Mais de 1 até 2 salários mínimos,ln_admissoes,Admissões (log),strict_no_tail_binning,treated,Exposed,-2,estimated,-0.06586467118562635,0.1275567362208752,0.01945221990997664,43,93.62575583440666,90.1233388469726,97.26428545271756,adequate,43,220
income_pnad,income_1_2sm,Mais de 1 até 2 salários mínimos,ln_admissoes,Admissões (log),strict_no_tail_binning,treated,Exposed,-1,estimated,-0.08149041095426951,0.21513160000542123,0.032807261434192506,43,92.17415484333699,86.43369105971175,98.29586954945668,adequate,43,220
income_pnad,income_1_2sm,Mais de 1 até 2 salários mínimos,ln_admissoes,Admissões (log),strict_no_tail_binning,treated,Exposed,0,estimated,-0.45383096374922416,0.2695618488626841,0.041107796567772976,43,63.51900943237899,58.60194815323002,68.8486421768944,adequate,43,220
income_pnad,income_1_2sm,Mais de 1 até 2 salários mínimos,ln_admissoes,Admissões (log),strict_no_tail_binning,treated,Exposed,1,estimated,-0.06444084560090389,0.14820995684702748,0.022601806528228723,43,93.75915752878855,89.69632511356124,98.00601763091743,adequate,43,220
income_pnad,income_1_2sm,Mais de 1 até 2 salários mínimos,ln_admissoes,Admissões (log),strict_no_tail_binning,treated,Exposed,2,estimated,-0.06119123263021114,0.22701047939194222,0.0346187735577904,43,94.06433408751218,87.89352662255385,100.66838011090395,adequate,43,220
income_pnad,income_1_2sm,Mais de 1 até 2 salários mínimos,ln_admissoes,Admissões (log),strict_no_tail_binning,treated,Exposed,3,estimated,0.09346192292115207,0.1644059646805476,0.02507167456793621,43,109.79687951009531,104.53183088108932,115.32711757309613,adequate,43,220
income_pnad,income_1_2sm,Mais de 1 até 2 salários mínimos,ln_admissoes,Admissões (log),strict_no_tail_binning,treated,Exposed,4,estimated,-0.012192337219209313,0.19859069399525858,0.030284796915636715,43,98.78816881712955,93.09492270010871,104.82958699776962,adequate,43,220
income_pnad,income_1_2sm,Mais de 1 até 2 salários mínimos,ln_admissoes,Admissões (log),strict_no_tail_binning,treated,Exposed,5,estimated,0.04479988355424457,0.26221691663651103,0.03998770490409172,43,104.58185534747592,96.69814003894002,113.10832311268797,adequate,43,220
income_pnad,income_1_2sm,Mais de 1 até 2 salários mínimos,ln_admissoes,Admissões (log),strict_no_tail_binning,treated,Exposed,6,estimated,-0.04907212117716783,0.17971398524705728,0.027406125818951042,43,95.21124597508624,90.23181293736205,100.46546849747249,adequate,43,220
income_pnad,income_1_2sm,Mais de 1 até 2 salários mínimos,ln_admissoes,Admissões (log),strict_no_tail_binning,treated,Exposed,7,estimated,-0.04760576482210017,0.158708188989907,0.024202771921037647,43,95.35096200240322,90.9333652418056,99.98316823101457,adequate,43,220
income_pnad,income_1_2sm,Mais de 1 até 2 salários mínimos,ln_admissoes,Admissões (log),strict_no_tail_binning,treated,Exposed,8,estimated,0.09659113706095294,0.19716979707811189,0.030068112167181835,43,110.14099558360768,103.83756708280329,116.8270718291639,adequate,43,220
income_pnad,income_1_2sm,Mais de 1 até 2 salários mínimos,ln_admissoes,Admissões (log),strict_no_tail_binning,treated,Exposed,9,estimated,0.0080309522135378,0.1612894153941825,0.024596405257394434,43,100.80632868115092,96.06184318434671,105.7851438751918,adequate,43,220
income_pnad,income_1_2sm,Mais de 1 até 2 salários mínimos,ln_admissoes,Admissões (log),strict_no_tail_binning,treated,Exposed,10,estimated,-0.06694070445658663,0.19530244533623128,0.029783343696236947,43,93.52506558885251,88.2218026362106,99.14712272960273,adequate,43,220
income_pnad,income_1_2sm,Mais de 1 até 2 salários mínimos,ln_admissoes,Admissões (log),strict_no_tail_binning,treated,Exposed,11,estimated,-0.09319144178564645,0.22205706823986462,0.03386338543882899,43,91.10190764819104,85.25156798175493,97.35372349885405,adequate,43,220
income_pnad,income_1_2sm,Mais de 1 até 2 salários mínimos,ln_admissoes,Admissões (log),strict_no_tail_binning,treated,Exposed,12,estimated,-0.33566401597699697,0.2855551589708417,0.04354675349415301,43,71.48632481018069,65.63798271298407,77.85575399555617,adequate,43,220
income_pnad,income_1_2sm,Mais de 1 até 2 salários mínimos,ln_admissoes,Admissões (log),strict_no_tail_binning,treated,Exposed,13,estimated,0.02203035742105736,0.2213959183647408,0.03376256102809703,43,102.22748176264676,95.68159151529557,109.22119774587648,adequate,43,220
income_pnad,income_1_2sm,Mais de 1 até 2 salários mínimos,ln_admissoes,Admissões (log),strict_no_tail_binning,treated,Exposed,14,estimated,0.12883530269401752,0.21296155042656423,0.03247633197586594,43,113.75027650964292,106.73529362799918,121.22630637169092,adequate,43,220
income_pnad,income_1_2sm,Mais de 1 até 2 salários mínimos,ln_admissoes,Admissões (log),strict_no_tail_binning,treated,Exposed,15,estimated,0.14621402424925614,0.20563180615985424,0.03135855645428906,43,115.74438826015606,108.8446285925454,123.08152994731493,adequate,43,220
income_pnad,income_1_2sm,Mais de 1 até 2 salários mínimos,ln_admissoes,Admissões (log),strict_no_tail_binning,treated,Exposed,16,estimated,0.1540576603662612,0.2102899281636997,0.032068913400310345,43,116.65581490093753,109.54909183955215,124.22356882824006,adequate,43,220
income_pnad,income_1_2sm,Mais de 1 até 2 salários mínimos,ln_admissoes,Admissões (log),strict_no_tail_binning,treated,Exposed,17,estimated,0.08177742094849803,0.2279510160609982,0.034762204055166834,43,108.52142369904738,101.37369982863642,116.17312401121798,adequate,43,220
income_pnad,income_1_2sm,Mais de 1 até 2 salários mínimos,ln_admissoes,Admissões (log),strict_no_tail_binning,treated,Exposed,18,estimated,0.013725836076365967,0.19843163341843129,0.03026054040507427,43,101.38204678353455,95.54385558577219,107.57697967078246,adequate,43,220
income_pnad,income_1_2sm,Mais de 1 até 2 salários mínimos,ln_admissoes,Admissões (log),strict_no_tail_binning,treated,Exposed,19,estimated,0.031107780078086802,0.24241526073723113,0.03696798068923334,43,103.15966834660412,95.94937646726386,110.91179083391107,adequate,43,220
income_pnad,income_1_2sm,Mais de 1 até 2 salários mínimos,ln_admissoes,Admissões (log),strict_no_tail_binning,treated,Exposed,20,estimated,0.07848855758497314,0.2533211054690516,0.03863110641910533,43,108.16509783920579,100.27754334072108,116.67306558171242,adequate,43,220
income_pnad,income_1_2sm,Mais de 1 até 2 salários mínimos,ln_admissoes,Admissões (log),strict_no_tail_binning,treated,Exposed,21,estimated,0.06797272920594043,0.25810499554079197,0.03936064281567408,43,107.03361191648881,99.08678232293792,115.61778282952176,adequate,43,220
income_pnad,income_1_2sm,Mais de 1 até 2 salários mínimos,ln_admissoes,Admissões (log),strict_no_tail_binning,treated,Exposed,22,estimated,0.027384213645768915,0.27028587328133713,0.04121820925650346,43,102.77626073323293,94.7997440621625,111.42392708759938,adequate,43,220
income_pnad,income_1_2sm,Mais de 1 até 2 salários mínimos,ln_admissoes,Admissões (log),strict_no_tail_binning,treated,Exposed,23,estimated,-0.08873561166175359,0.31973196993112957,0.048758668304124606,43,91.50874800526182,83.16840968584299,100.68547653035036,adequate,43,220
income_pnad,income_1_2sm,Mais de 1 até 2 salários mínimos,ln_admissoes,Admissões (log),strict_no_tail_binning,treated,Exposed,24,estimated,-0.43252119766174707,0.3871609521501978,0.05904149169151513,43,64.8871098438608,57.796467888233416,72.84765276714126,adequate,43,220
income_pnad,income_1_2sm,Mais de 1 até 2 salários mínimos,ln_admissoes,Admissões (log),strict_no_tail_binning,control,Not Exposed,-12,estimated,-0.45989067594687577,0.4489374497415513,0.030336381535370684,219,63.135266376633304,59.49071216096077,67.00309536829168,adequate,43,220
income_pnad,income_1_2sm,Mais de 1 até 2 salários mínimos,ln_admissoes,Admissões (log),strict_no_tail_binning,control,Not Exposed,-11,estimated,0.01978508690110706,0.3054909235275733,0.02064316357893602,219,101.99821089539343,97.95367592520576,106.20974585787913,adequate,43,220
income_pnad,income_1_2sm,Mais de 1 até 2 salários mínimos,ln_admissoes,Admissões (log),strict_no_tail_binning,control,Not Exposed,-10,estimated,0.152484315667975,0.3046263340343767,0.020584740035183582,219,116.47241940303768,111.86674779935697,121.26771134822502,adequate,43,220
income_pnad,income_1_2sm,Mais de 1 até 2 salários mínimos,ln_admissoes,Admissões (log),strict_no_tail_binning,control,Not Exposed,-9,estimated,0.11715930198503974,0.22783488715343977,0.01539565493530081,219,112.42985184113239,109.08790273112261,115.8741828246064,adequate,43,220
income_pnad,income_1_2sm,Mais de 1 até 2 salários mínimos,ln_admissoes,Admissões (log),strict_no_tail_binning,control,Not Exposed,-8,estimated,0.05455522390784882,0.24051250180619418,0.016252328744281928,219,105.60707951596893,102.29602803404674,109.02530096457144,adequate,43,220
income_pnad,income_1_2sm,Mais de 1 até 2 salários mínimos,ln_admissoes,Admissões (log),strict_no_tail_binning,control,Not Exposed,-7,estimated,0.12413287231522359,0.25085271545888305,0.016951055630857782,219,113.2166294562167,109.51691248707418,117.04133082585876,adequate,43,220
income_pnad,income_1_2sm,Mais de 1 até 2 salários mínimos,ln_admissoes,Admissões (log),strict_no_tail_binning,control,Not Exposed,-6,estimated,0.07993448815125678,0.2574657284317203,0.017358335869766425,220,108.32161018610118,104.69824293495822,112.07037390874757,adequate,43,220
income_pnad,income_1_2sm,Mais de 1 até 2 salários mínimos,ln_admissoes,Admissões (log),strict_no_tail_binning,control,Not Exposed,-5,estimated,0.031769084504160154,0.24290054365862335,0.016413697658368802,219,103.22791085392306,99.95983177896665,106.6028362555498,adequate,43,220
income_pnad,income_1_2sm,Mais de 1 até 2 salários mínimos,ln_admissoes,Admissões (log),strict_no_tail_binning,control,Not Exposed,-4,estimated,0.13577970271647938,0.22656982940311443,0.015310170254527931,219,114.54295307843655,111.1568153262261,118.03224176064886,adequate,43,220
income_pnad,income_1_2sm,Mais de 1 até 2 salários mínimos,ln_admissoes,Admissões (log),strict_no_tail_binning,control,Not Exposed,-3,estimated,0.02599915219555832,0.24302258737776503,0.01638457949855504,220,102.63400783373962,99.39040326446906,105.98346739761963,adequate,43,220
income_pnad,income_1_2sm,Mais de 1 até 2 salários mínimos,ln_admissoes,Admissões (log),strict_no_tail_binning,control,Not Exposed,-2,estimated,-0.058740941060854916,0.21321959474733448,0.01440804499779646,219,94.2951017408623,91.66947791864074,96.9959294435067,adequate,43,220
income_pnad,income_1_2sm,Mais de 1 até 2 salários mínimos,ln_admissoes,Admissões (log),strict_no_tail_binning,control,Not Exposed,-1,estimated,-0.2234513265896431,0.2872330972996729,0.019409414015884544,219,79.97538176660144,76.99006656845884,83.0764535451639,adequate,43,220
income_pnad,income_1_2sm,Mais de 1 até 2 salários mínimos,ln_admissoes,Admissões (log),strict_no_tail_binning,control,Not Exposed,0,estimated,-0.6021393225524879,0.5057319167885223,0.034252487464656936,218,54.76388059621461,51.20801117180343,58.56666856079406,adequate,43,220
income_pnad,income_1_2sm,Mais de 1 até 2 salários mínimos,ln_admissoes,Admissões (log),strict_no_tail_binning,control,Not Exposed,1,estimated,0.006015359527220514,0.23640338419259666,0.015974660307907174,219,100.6033488134142,97.5022262729477,103.80310459928033,adequate,43,220
income_pnad,income_1_2sm,Mais de 1 até 2 salários mínimos,ln_admissoes,Admissões (log),strict_no_tail_binning,control,Not Exposed,2,estimated,0.0668498478571097,0.34055351032483017,0.02296011298223748,220,106.91349332205556,102.20884422188827,111.83469631561833,adequate,43,220
income_pnad,income_1_2sm,Mais de 1 até 2 salários mínimos,ln_admissoes,Admissões (log),strict_no_tail_binning,control,Not Exposed,3,estimated,0.16984596844992034,0.2862092965317199,0.019340231971190548,219,118.51222910371824,114.10388436174286,123.09088797191995,adequate,43,220
income_pnad,income_1_2sm,Mais de 1 até 2 salários mínimos,ln_admissoes,Admissões (log),strict_no_tail_binning,control,Not Exposed,4,estimated,0.01206976517546288,0.2707616515181389,0.018254746821384955,220,101.21428987299177,97.65693242649226,104.9012314840532,adequate,43,220
income_pnad,income_1_2sm,Mais de 1 até 2 salários mínimos,ln_admissoes,Admissões (log),strict_no_tail_binning,control,Not Exposed,5,estimated,0.10240898924472773,0.24033284174610375,0.016277393963047237,218,110.78364722875232,107.30502534456426,114.37503932267003,adequate,43,220
income_pnad,income_1_2sm,Mais de 1 até 2 salários mínimos,ln_admissoes,Admissões (log),strict_no_tail_binning,control,Not Exposed,6,estimated,0.033170799448082613,0.25688615236574347,0.01735875751467584,219,103.37270841794333,99.91479978794148,106.9502903307703,adequate,43,220
income_pnad,income_1_2sm,Mais de 1 até 2 salários mínimos,ln_admissoes,Admissões (log),strict_no_tail_binning,control,Not Exposed,7,estimated,9.519018620604074e-05,0.2515689649910047,0.017038400254762547,218,100.00951947169357,96.72482696767892,103.40575732744644,adequate,43,220
income_pnad,income_1_2sm,Mais de 1 até 2 salários mínimos,ln_admissoes,Admissões (log),strict_no_tail_binning,control,Not Exposed,8,estimated,0.09773295488127502,0.283788032062715,0.019176618080720832,219,110.2668283604954,106.19924180090261,114.49020944497563,adequate,43,220
income_pnad,income_1_2sm,Mais de 1 até 2 salários mínimos,ln_admissoes,Admissões (log),strict_no_tail_binning,control,Not Exposed,9,estimated,-0.0012396989732002723,0.28424169040296693,0.01920727347047392,219,99.8761069136131,96.18603982843499,103.70773918972121,adequate,43,220
income_pnad,income_1_2sm,Mais de 1 até 2 salários mínimos,ln_admissoes,Admissões (log),strict_no_tail_binning,control,Not Exposed,10,estimated,-0.027233805093562376,0.25427383851173196,0.0171822337031492,219,97.31336913104283,94.09069926232412,100.64641761490812,adequate,43,220
income_pnad,income_1_2sm,Mais de 1 até 2 salários mínimos,ln_admissoes,Admissões (log),strict_no_tail_binning,control,Not Exposed,11,estimated,-0.17711542510253436,0.35623136441616055,0.024127032404174933,218,83.76830892861003,79.89919497968697,87.82478449930609,adequate,43,220
income_pnad,income_1_2sm,Mais de 1 até 2 salários mínimos,ln_admissoes,Admissões (log),strict_no_tail_binning,control,Not Exposed,12,estimated,-0.5508959997639439,0.525084333221936,0.03548191107700332,219,57.643309500957244,53.770750080150854,61.794769931054404,adequate,43,220
income_pnad,income_1_2sm,Mais de 1 até 2 salários mínimos,ln_admissoes,Admissões (log),strict_no_tail_binning,control,Not Exposed,13,estimated,0.06422458304617108,0.2890842362008916,0.01957925503215084,218,106.63318519274732,102.61862322416093,110.80480157595409,adequate,43,220
income_pnad,income_1_2sm,Mais de 1 até 2 salários mínimos,ln_admissoes,Admissões (log),strict_no_tail_binning,control,Not Exposed,14,estimated,0.16090690189492884,0.3483102804533689,0.02359054890345993,218,117.45756129597098,112.15026367236425,123.01601667117987,adequate,43,220
income_pnad,income_1_2sm,Mais de 1 até 2 salários mínimos,ln_admissoes,Admissões (log),strict_no_tail_binning,control,Not Exposed,15,estimated,0.14360300909176335,0.3446097674506542,0.023286570082796155,219,115.4425721027617,110.29201362697465,120.83365799064426,adequate,43,220
income_pnad,income_1_2sm,Mais de 1 até 2 salários mínimos,ln_admissoes,Admissões (log),strict_no_tail_binning,control,Not Exposed,16,estimated,0.1637269251614052,0.2818127464440232,0.019086767602589094,218,117.78926183344424,113.46416346272323,122.27922702506733,adequate,43,220
income_pnad,income_1_2sm,Mais de 1 até 2 salários mínimos,ln_admissoes,Admissões (log),strict_no_tail_binning,control,Not Exposed,17,estimated,0.0666687541950052,0.3321129982972125,0.022442116680175133,219,106.89413371902508,102.29414027369018,111.70098104318933,adequate,43,220
income_pnad,income_1_2sm,Mais de 1 até 2 salários mínimos,ln_admissoes,Admissões (log),strict_no_tail_binning,control,Not Exposed,18,estimated,0.06722087401124831,0.3178173891943625,0.021525309710642645,218,106.95316838409606,102.53471795313354,111.56201973096877,adequate,43,220
income_pnad,income_1_2sm,Mais de 1 até 2 salários mínimos,ln_admissoes,Admissões (log),strict_no_tail_binning,control,Not Exposed,19,estimated,0.11899230413164279,0.3061366166061674,0.020734187965360425,218,112.63612499270957,108.15046821573429,117.30782920020253,adequate,43,220
income_pnad,income_1_2sm,Mais de 1 até 2 salários mínimos,ln_admissoes,Admissões (log),strict_no_tail_binning,control,Not Exposed,20,estimated,0.12623786618761274,0.26954567263893153,0.018214208618795764,219,113.45520077496418,109.47631267830155,117.57870052412451,adequate,43,220
income_pnad,income_1_2sm,Mais de 1 até 2 salários mínimos,ln_admissoes,Admissões (log),strict_no_tail_binning,control,Not Exposed,21,estimated,0.06853662317841126,0.330822824371436,0.022406148927206066,218,107.0939845453813,102.49261603177695,111.90192981561198,adequate,43,220
income_pnad,income_1_2sm,Mais de 1 até 2 salários mínimos,ln_admissoes,Admissões (log),strict_no_tail_binning,control,Not Exposed,22,estimated,0.06315425413136241,0.29181852705561806,0.01971926864409628,219,106.5191136692724,102.48071900102846,110.71664687260349,adequate,43,220
income_pnad,income_1_2sm,Mais de 1 até 2 salários mínimos,ln_admissoes,Admissões (log),strict_no_tail_binning,control,Not Exposed,23,estimated,-0.13758940072491424,0.35939288284205667,0.024341157450780547,218,87.14564376772414,83.08565940725678,91.4040194405411,adequate,43,220
income_pnad,income_1_2sm,Mais de 1 até 2 salários mínimos,ln_admissoes,Admissões (log),strict_no_tail_binning,control,Not Exposed,24,estimated,-0.5594740245397022,0.5055788633956939,0.0341638535725198,219,57.15095848255003,53.44937843223836,61.10888753580167,adequate,43,220
income_pnad,income_1_2sm,Mais de 1 até 2 salários mínimos,ln_salario_real_adm,Salário real de admissão (log),strict_no_tail_binning,treated,Exposed,-12,estimated,-0.004689063601252374,0.23512076719535133,0.035855580852796255,43,99.53219128942789,92.77750282202999,106.77865647967117,adequate,43,220
income_pnad,income_1_2sm,Mais de 1 até 2 salários mínimos,ln_salario_real_adm,Salário real de admissão (log),strict_no_tail_binning,treated,Exposed,-11,estimated,0.01656769095911807,0.15462746239858577,0.023580466949942917,43,101.67056962405212,97.07852253780354,106.47983155753029,adequate,43,220
income_pnad,income_1_2sm,Mais de 1 até 2 salários mínimos,ln_salario_real_adm,Salário real de admissão (log),strict_no_tail_binning,treated,Exposed,-10,estimated,0.05966800276991573,0.2945359705859174,0.044916314425878505,43,106.14840782655881,97.20306194706886,115.91697070457585,adequate,43,220
income_pnad,income_1_2sm,Mais de 1 até 2 salários mínimos,ln_salario_real_adm,Salário real de admissão (log),strict_no_tail_binning,treated,Exposed,-9,estimated,-0.055987230367340324,0.12190152603191129,0.018589808441229264,43,94.55512101549188,91.17191782480342,98.063867949282,adequate,43,220
income_pnad,income_1_2sm,Mais de 1 até 2 salários mínimos,ln_salario_real_adm,Salário real de admissão (log),strict_no_tail_binning,treated,Exposed,-8,estimated,0.012033075531709618,0.23721443565150688,0.03617486229911045,43,101.21057642487656,94.2829654680612,108.6472060928741,adequate,43,220
income_pnad,income_1_2sm,Mais de 1 até 2 salários mínimos,ln_salario_real_adm,Salário real de admissão (log),strict_no_tail_binning,treated,Exposed,-7,estimated,-0.04533371268090782,0.13115039787151642,0.020000248173958533,43,95.56785065765004,91.89402279089757,99.38855435794002,adequate,43,220
income_pnad,income_1_2sm,Mais de 1 até 2 salários mínimos,ln_salario_real_adm,Salário real de admissão (log),strict_no_tail_binning,treated,Exposed,-6,estimated,-0.02321045231757595,0.1436754816837082,0.02191030554861383,43,97.70568382587335,93.59861017309238,101.99297440664262,adequate,43,220
income_pnad,income_1_2sm,Mais de 1 até 2 salários mínimos,ln_salario_real_adm,Salário real de admissão (log),strict_no_tail_binning,treated,Exposed,-5,estimated,-0.01338703144519508,0.13444312605544437,0.02050238451450142,43,98.67021763407593,94.78379737563905,102.71599279117052,adequate,43,220
income_pnad,income_1_2sm,Mais de 1 até 2 salários mínimos,ln_salario_real_adm,Salário real de admissão (log),strict_no_tail_binning,treated,Exposed,-4,estimated,0.03945554760243704,0.3118873915410783,0.047562381314779745,43,104.02442565059205,94.76531494586924,114.18820417698868,adequate,43,220
income_pnad,income_1_2sm,Mais de 1 até 2 salários mínimos,ln_salario_real_adm,Salário real de admissão (log),strict_no_tail_binning,treated,Exposed,-3,estimated,-0.006469946508296005,0.1444436986857483,0.022027457543130145,43,99.3550938529647,95.15683477035189,103.73857745851669,adequate,43,220
income_pnad,income_1_2sm,Mais de 1 até 2 salários mínimos,ln_salario_real_adm,Salário real de admissão (log),strict_no_tail_binning,treated,Exposed,-2,estimated,-0.030852096542737642,0.10763772792483291,0.016414599622386897,43,96.96189724693869,93.89202709900354,100.13213909858887,adequate,43,220
income_pnad,income_1_2sm,Mais de 1 até 2 salários mínimos,ln_salario_real_adm,Salário real de admissão (log),strict_no_tail_binning,treated,Exposed,-1,estimated,0.05220521660012374,0.3742459906084557,0.05707197852049889,43,105.35919348842691,94.20886869801566,117.82924268111495,adequate,43,220
income_pnad,income_1_2sm,Mais de 1 até 2 salários mínimos,ln_salario_real_adm,Salário real de admissão (log),strict_no_tail_binning,treated,Exposed,0,estimated,0.03499607434517413,0.3625540425092992,0.0552889731509745,43,103.56156433220956,92.92566504560742,115.41480603523908,adequate,43,220
income_pnad,income_1_2sm,Mais de 1 até 2 salários mínimos,ln_salario_real_adm,Salário real de admissão (log),strict_no_tail_binning,treated,Exposed,1,estimated,0.04856033682834501,0.28418637098681365,0.043338015283500286,43,104.97587090205529,96.42717043223503,114.28245195050417,adequate,43,220
income_pnad,income_1_2sm,Mais de 1 até 2 salários mínimos,ln_salario_real_adm,Salário real de admissão (log),strict_no_tail_binning,treated,Exposed,2,estimated,0.0017433817384886164,0.3139386559733644,0.047875196208077495,43,100.174490231195,91.20212371508217,110.02954848320377,adequate,43,220
income_pnad,income_1_2sm,Mais de 1 até 2 salários mínimos,ln_salario_real_adm,Salário real de admissão (log),strict_no_tail_binning,treated,Exposed,3,estimated,0.012815083078832955,0.16700883275912476,0.0254686082286836,43,101.2897548145036,96.35765069398349,106.47431061769193,adequate,43,220
income_pnad,income_1_2sm,Mais de 1 até 2 salários mínimos,ln_salario_real_adm,Salário real de admissão (log),strict_no_tail_binning,treated,Exposed,4,estimated,0.011713971465761268,0.1991125475329711,0.030364378834060887,43,101.1782848708795,95.33242317007218,107.38261956428035,adequate,43,220
income_pnad,income_1_2sm,Mais de 1 até 2 salários mínimos,ln_salario_real_adm,Salário real de admissão (log),strict_no_tail_binning,treated,Exposed,5,estimated,-0.020027479795174507,0.13089160714077983,0.019960782957505873,43,98.01717380180723,94.25647946423074,101.92791428985603,adequate,43,220
income_pnad,income_1_2sm,Mais de 1 até 2 salários mínimos,ln_salario_real_adm,Salário real de admissão (log),strict_no_tail_binning,treated,Exposed,6,estimated,0.010612901237860963,0.1550750815245955,0.02364872822671293,43,101.06694178322657,96.48924775428131,105.86181319836105,adequate,43,220
income_pnad,income_1_2sm,Mais de 1 até 2 salários mínimos,ln_salario_real_adm,Salário real de admissão (log),strict_no_tail_binning,treated,Exposed,7,estimated,0.04647431865785533,0.24624811534156985,0.03755248553668774,43,104.7571175689294,97.32361210649212,112.75838867696997,adequate,43,220
income_pnad,income_1_2sm,Mais de 1 até 2 salários mínimos,ln_salario_real_adm,Salário real de admissão (log),strict_no_tail_binning,treated,Exposed,8,estimated,0.013751615093363681,0.16314752836509233,0.024879764828974648,43,101.38466034672926,96.55931300000059,106.45114421662873,adequate,43,220
income_pnad,income_1_2sm,Mais de 1 até 2 salários mínimos,ln_salario_real_adm,Salário real de admissão (log),strict_no_tail_binning,treated,Exposed,9,estimated,-0.0003507090136455518,0.17806845234993182,0.02715518440470414,43,99.96493524775718,94.78349735191304,105.42962180416522,adequate,43,220
income_pnad,income_1_2sm,Mais de 1 até 2 salários mínimos,ln_salario_real_adm,Salário real de admissão (log),strict_no_tail_binning,treated,Exposed,10,estimated,-0.03171758118436854,0.14007864169201134,0.021361792592164922,43,96.87801451889061,92.9055598136186,101.02032339023293,adequate,43,220
income_pnad,income_1_2sm,Mais de 1 até 2 salários mínimos,ln_salario_real_adm,Salário real de admissão (log),strict_no_tail_binning,treated,Exposed,11,estimated,0.0016343562988180578,0.20725018406290477,0.03160535677076215,43,100.1635692586965,94.14706142787378,106.56456457037471,adequate,43,220
income_pnad,income_1_2sm,Mais de 1 até 2 salários mínimos,ln_salario_real_adm,Salário real de admissão (log),strict_no_tail_binning,treated,Exposed,12,estimated,0.02372036172201584,0.21719208506834745,0.03312148246048044,43,102.40039271547433,95.96393483564992,109.26855434014517,adequate,43,220
income_pnad,income_1_2sm,Mais de 1 até 2 salários mínimos,ln_salario_real_adm,Salário real de admissão (log),strict_no_tail_binning,treated,Exposed,13,estimated,0.035505749987913435,0.17331002773892518,0.02642953145449015,43,103.61436059241468,98.38359319422571,109.12323256765384,adequate,43,220
income_pnad,income_1_2sm,Mais de 1 até 2 salários mínimos,ln_salario_real_adm,Salário real de admissão (log),strict_no_tail_binning,treated,Exposed,14,estimated,-2.418216202292142e-05,0.16472973991215306,0.025121049827865147,43,99.99758181303632,95.19322241692589,105.04441508093039,adequate,43,220
income_pnad,income_1_2sm,Mais de 1 até 2 salários mínimos,ln_salario_real_adm,Salário real de admissão (log),strict_no_tail_binning,treated,Exposed,15,estimated,-0.02299213319328108,0.13378884940278843,0.020402608260369385,43,97.72701717385904,93.89610833789298,101.71422495308558,adequate,43,220
income_pnad,income_1_2sm,Mais de 1 até 2 salários mínimos,ln_salario_real_adm,Salário real de admissão (log),strict_no_tail_binning,treated,Exposed,16,estimated,0.04171918248656448,0.1957172816998387,0.029846605648609054,43,104.26016568331504,98.33598381933449,110.5412456978444,adequate,43,220
income_pnad,income_1_2sm,Mais de 1 até 2 salários mínimos,ln_salario_real_adm,Salário real de admissão (log),strict_no_tail_binning,treated,Exposed,17,estimated,-0.006308263141671353,0.13807902602488362,0.021056854061713266,43,99.3711592177463,95.35344761692897,103.55815684765604,adequate,43,220
income_pnad,income_1_2sm,Mais de 1 até 2 salários mínimos,ln_salario_real_adm,Salário real de admissão (log),strict_no_tail_binning,treated,Exposed,18,estimated,-0.0032767105798739956,0.11942561230396741,0.01821223513745095,43,99.67286519774564,96.1776973523009,103.29504999830715,adequate,43,220
income_pnad,income_1_2sm,Mais de 1 até 2 salários mínimos,ln_salario_real_adm,Salário real de admissão (log),strict_no_tail_binning,treated,Exposed,19,estimated,0.06585682025432209,0.2287344791301471,0.034881681053120436,43,106.80737796853393,99.74918760023863,114.36500148985648,adequate,43,220
income_pnad,income_1_2sm,Mais de 1 até 2 salários mínimos,ln_salario_real_adm,Salário real de admissão (log),strict_no_tail_binning,treated,Exposed,20,estimated,-0.020463536959790668,0.12182493996561491,0.018578129175611666,43,97.97444202834062,94.47105732011396,101.60774699745996,adequate,43,220
income_pnad,income_1_2sm,Mais de 1 até 2 salários mínimos,ln_salario_real_adm,Salário real de admissão (log),strict_no_tail_binning,treated,Exposed,21,estimated,0.0018325415576927152,0.11232493062989182,0.0171293913337675,43,100.18342216881193,96.87573943594934,103.60404096931104,adequate,43,220
income_pnad,income_1_2sm,Mais de 1 até 2 salários mínimos,ln_salario_real_adm,Salário real de admissão (log),strict_no_tail_binning,treated,Exposed,22,estimated,0.005403818948545278,0.18008255847655597,0.027462332709512465,43,100.54184459134474,95.27313130077098,106.1019237618814,adequate,43,220
income_pnad,income_1_2sm,Mais de 1 até 2 salários mínimos,ln_salario_real_adm,Salário real de admissão (log),strict_no_tail_binning,treated,Exposed,23,estimated,-0.019066859582246184,0.11637191980039673,0.01774655139642103,43,98.11137631935249,94.75741369170039,101.58405330263575,adequate,43,220
income_pnad,income_1_2sm,Mais de 1 até 2 salários mínimos,ln_salario_real_adm,Salário real de admissão (log),strict_no_tail_binning,treated,Exposed,24,estimated,0.03559583156639675,0.33479860889362434,0.051056309205622576,43,103.62369475798225,93.7559989413879,114.5299526061081,adequate,43,220
income_pnad,income_1_2sm,Mais de 1 até 2 salários mínimos,ln_salario_real_adm,Salário real de admissão (log),strict_no_tail_binning,control,Not Exposed,-12,estimated,-0.02155555956323779,0.2697756367509646,0.018229748153414885,219,97.86751011974263,94.43240806833758,101.42756849011639,adequate,43,220
income_pnad,income_1_2sm,Mais de 1 até 2 salários mínimos,ln_salario_real_adm,Salário real de admissão (log),strict_no_tail_binning,control,Not Exposed,-11,estimated,0.035759093358913294,0.28358099917401386,0.01916262809457549,219,103.64061392922517,99.82019607064669,107.6072506211529,adequate,43,220
income_pnad,income_1_2sm,Mais de 1 até 2 salários mínimos,ln_salario_real_adm,Salário real de admissão (log),strict_no_tail_binning,control,Not Exposed,-10,estimated,0.037626650727105575,0.29933623741751303,0.020227268433247635,219,103.8343495713168,99.79832409947912,108.03359924312288,adequate,43,220
income_pnad,income_1_2sm,Mais de 1 até 2 salários mínimos,ln_salario_real_adm,Salário real de admissão (log),strict_no_tail_binning,control,Not Exposed,-9,estimated,-0.020256227579858357,0.21752709528724373,0.014699118910025726,219,97.99475515464479,95.21178111460286,100.8590735873331,adequate,43,220
income_pnad,income_1_2sm,Mais de 1 até 2 salários mínimos,ln_salario_real_adm,Salário real de admissão (log),strict_no_tail_binning,control,Not Exposed,-8,estimated,-0.009351809790449573,0.2939673671920678,0.019864473804136695,219,99.06917823883065,95.28610597571591,103.00244696134939,adequate,43,220
income_pnad,income_1_2sm,Mais de 1 até 2 salários mínimos,ln_salario_real_adm,Salário real de admissão (log),strict_no_tail_binning,control,Not Exposed,-7,estimated,-0.021086290929281305,0.2715222742544524,0.01834777497817699,219,97.91344705006253,94.45487961649607,101.49865366565001,adequate,43,220
income_pnad,income_1_2sm,Mais de 1 até 2 salários mínimos,ln_salario_real_adm,Salário real de admissão (log),strict_no_tail_binning,control,Not Exposed,-6,estimated,-0.0018663442707325885,0.2352240641810851,0.01585880317189324,220,99.81353962667534,96.75873262246445,102.96479111274388,adequate,43,220
income_pnad,income_1_2sm,Mais de 1 até 2 salários mínimos,ln_salario_real_adm,Salário real de admissão (log),strict_no_tail_binning,control,Not Exposed,-5,estimated,-0.002983463316739475,0.23428088185258653,0.01583123489121865,219,99.70209827872466,96.65592450088522,102.84427418713926,adequate,43,220
income_pnad,income_1_2sm,Mais de 1 até 2 salários mínimos,ln_salario_real_adm,Salário real de admissão (log),strict_no_tail_binning,control,Not Exposed,-4,estimated,0.0026443194660213257,0.24346814091162117,0.016452052326341553,219,100.264781876248,97.08321359885093,103.55061510665296,adequate,43,220
income_pnad,income_1_2sm,Mais de 1 até 2 salários mínimos,ln_salario_real_adm,Salário real de admissão (log),strict_no_tail_binning,control,Not Exposed,-3,estimated,0.013233093242580596,0.23570341729162186,0.01589112115201276,220,101.33210381203864,98.22459888215681,104.53792003052978,adequate,43,220
income_pnad,income_1_2sm,Mais de 1 até 2 salários mínimos,ln_salario_real_adm,Salário real de admissão (log),strict_no_tail_binning,control,Not Exposed,-2,estimated,0.004888319088709645,0.23939718040634883,0.016176962308401495,219,100.49002864125525,97.35378963026635,103.72730116281836,adequate,43,220
income_pnad,income_1_2sm,Mais de 1 até 2 salários mínimos,ln_salario_real_adm,Salário real de admissão (log),strict_no_tail_binning,control,Not Exposed,-1,estimated,-0.017103683396372894,0.16869653157890957,0.011399455199421845,219,98.30417542429001,96.132127219238,100.5252997659213,adequate,43,220
income_pnad,income_1_2sm,Mais de 1 até 2 salários mínimos,ln_salario_real_adm,Salário real de admissão (log),strict_no_tail_binning,control,Not Exposed,0,estimated,-0.002504077856178675,0.28064912887593607,0.019007957476430443,218,99.74990547314829,96.10203690931553,103.53624087376157,adequate,43,220
income_pnad,income_1_2sm,Mais de 1 até 2 salários mínimos,ln_salario_real_adm,Salário real de admissão (log),strict_no_tail_binning,control,Not Exposed,1,estimated,0.05517463127512751,0.2622719325137062,0.01772269481045787,219,105.67251358213716,102.06484386201878,109.40770302713804,adequate,43,220
income_pnad,income_1_2sm,Mais de 1 até 2 salários mínimos,ln_salario_real_adm,Salário real de admissão (log),strict_no_tail_binning,control,Not Exposed,2,estimated,0.03688300673425164,0.30411480629095805,0.02050341605743994,220,103.75716248442004,99.67017624366618,108.01173603324963,adequate,43,220
income_pnad,income_1_2sm,Mais de 1 até 2 salários mínimos,ln_salario_real_adm,Salário real de admissão (log),strict_no_tail_binning,control,Not Exposed,3,estimated,0.0639075082283349,0.30750360871061877,0.020779168239849485,219,106.59937985467096,102.34510905181035,111.03049174189556,adequate,43,220
income_pnad,income_1_2sm,Mais de 1 até 2 salários mínimos,ln_salario_real_adm,Salário real de admissão (log),strict_no_tail_binning,control,Not Exposed,4,estimated,0.050573837120151954,0.30911826937070686,0.020840749469460598,220,105.18745278736053,100.97734190990107,109.57309842603719,adequate,43,220
income_pnad,income_1_2sm,Mais de 1 até 2 salários mínimos,ln_salario_real_adm,Salário real de admissão (log),strict_no_tail_binning,control,Not Exposed,5,estimated,0.044066951124106975,0.2882924225491415,0.019525626644697782,218,104.505231997387,100.5813556409369,108.5821864821104,adequate,43,220
income_pnad,income_1_2sm,Mais de 1 até 2 salários mínimos,ln_salario_real_adm,Salário real de admissão (log),strict_no_tail_binning,control,Not Exposed,6,estimated,0.039343155472179155,0.2672324118610747,0.01805789294143743,219,104.01273478078753,100.39574955933128,107.76003012144358,adequate,43,220
income_pnad,income_1_2sm,Mais de 1 até 2 salários mínimos,ln_salario_real_adm,Salário real de admissão (log),strict_no_tail_binning,control,Not Exposed,7,estimated,0.04030085544075565,0.242237227650233,0.016406375251638388,218,104.11239548852966,100.81776154673561,107.51469510990131,adequate,43,220
income_pnad,income_1_2sm,Mais de 1 até 2 salários mínimos,ln_salario_real_adm,Salário real de admissão (log),strict_no_tail_binning,control,Not Exposed,8,estimated,0.04656155330112922,0.31895427669523824,0.021552932676334454,219,104.76625641731722,100.43271404075797,109.28678557113129,adequate,43,220
income_pnad,income_1_2sm,Mais de 1 até 2 salários mínimos,ln_salario_real_adm,Salário real de admissão (log),strict_no_tail_binning,control,Not Exposed,9,estimated,0.048447946520600256,0.3010182417186201,0.020340927750936315,219,104.96407329459963,100.86166394837588,109.2333424940635,adequate,43,220
income_pnad,income_1_2sm,Mais de 1 até 2 salários mínimos,ln_salario_real_adm,Salário real de admissão (log),strict_no_tail_binning,control,Not Exposed,10,estimated,0.037270823336490504,0.227972006914279,0.015404920630072436,219,103.79740903826912,100.71022813153006,106.9792246819933,adequate,43,220
income_pnad,income_1_2sm,Mais de 1 até 2 salários mínimos,ln_salario_real_adm,Salário real de admissão (log),strict_no_tail_binning,control,Not Exposed,11,estimated,0.018161403888372906,0.2379286604831971,0.016114562261434644,218,101.83273251160854,98.66665504256005,105.10040505891007,adequate,43,220
income_pnad,income_1_2sm,Mais de 1 até 2 salários mínimos,ln_salario_real_adm,Salário real de admissão (log),strict_no_tail_binning,control,Not Exposed,12,estimated,0.03937967435075149,0.3139606988986492,0.02121549795942436,219,104.01653327857696,99.77997225173263,108.43297458529244,adequate,43,220
income_pnad,income_1_2sm,Mais de 1 até 2 salários mínimos,ln_salario_real_adm,Salário real de admissão (log),strict_no_tail_binning,control,Not Exposed,13,estimated,0.03318375804734795,0.24973219912238906,0.0169139987728672,218,103.37404799212618,100.00323209748396,106.8584842124044,adequate,43,220
income_pnad,income_1_2sm,Mais de 1 até 2 salários mínimos,ln_salario_real_adm,Salário real de admissão (log),strict_no_tail_binning,control,Not Exposed,14,estimated,0.02202733379611655,0.2632036695289962,0.017826401877980617,218,102.22717266555057,98.71705936713565,105.86209615834015,adequate,43,220
income_pnad,income_1_2sm,Mais de 1 até 2 salários mínimos,ln_salario_real_adm,Salário real de admissão (log),strict_no_tail_binning,control,Not Exposed,15,estimated,0.027702079734345762,0.2793526272813666,0.018876901200811938,219,102.80893501397857,99.07464335960618,106.68397846605664,adequate,43,220
income_pnad,income_1_2sm,Mais de 1 até 2 salários mínimos,ln_salario_real_adm,Salário real de admissão (log),strict_no_tail_binning,control,Not Exposed,16,estimated,0.0578162180740342,0.3442047765513109,0.023312489092969173,218,105.95202571426637,101.21975298847666,110.90554384414044,adequate,43,220
income_pnad,income_1_2sm,Mais de 1 até 2 salários mínimos,ln_salario_real_adm,Salário real de admissão (log),strict_no_tail_binning,control,Not Exposed,17,estimated,0.06504556090987115,0.30809075284942783,0.020818843763959632,219,106.72076462279401,102.45368195889826,111.16556656541539,adequate,43,220
income_pnad,income_1_2sm,Mais de 1 até 2 salários mínimos,ln_salario_real_adm,Salário real de admissão (log),strict_no_tail_binning,control,Not Exposed,18,estimated,0.03405367486225272,0.2723223546451239,0.018443997163676073,218,103.46401394047138,99.79056366673592,107.27268979484063,adequate,43,220
income_pnad,income_1_2sm,Mais de 1 até 2 salários mínimos,ln_salario_real_adm,Salário real de admissão (log),strict_no_tail_binning,control,Not Exposed,19,estimated,0.08388577978651417,0.32492692094624975,0.022006827959990018,218,108.7504671698855,104.15941717568029,113.54387755185805,adequate,43,220
income_pnad,income_1_2sm,Mais de 1 até 2 salários mínimos,ln_salario_real_adm,Salário real de admissão (log),strict_no_tail_binning,control,Not Exposed,20,estimated,0.054167423796963106,0.2988927833693521,0.020197302585653144,219,105.56613301886352,101.4687527816699,109.82896837744084,adequate,43,220
income_pnad,income_1_2sm,Mais de 1 até 2 salários mínimos,ln_salario_real_adm,Salário real de admissão (log),strict_no_tail_binning,control,Not Exposed,21,estimated,0.011779689806555157,0.2161781159278055,0.014641429500773726,218,101.18493435837983,98.3224785521337,104.13072465093438,adequate,43,220
income_pnad,income_1_2sm,Mais de 1 até 2 salários mínimos,ln_salario_real_adm,Salário real de admissão (log),strict_no_tail_binning,control,Not Exposed,22,estimated,0.025670196810069046,0.2326065497971972,0.01571809401585075,219,102.60025137661695,99.48759057297625,105.81029776596458,adequate,43,220
income_pnad,income_1_2sm,Mais de 1 até 2 salários mínimos,ln_salario_real_adm,Salário real de admissão (log),strict_no_tail_binning,control,Not Exposed,23,estimated,0.01862451567900481,0.2376300271929342,0.016094336262853785,218,101.8799033725548,98.71627264353432,105.14492122977188,adequate,43,220
income_pnad,income_1_2sm,Mais de 1 até 2 salários mínimos,ln_salario_real_adm,Salário real de admissão (log),strict_no_tail_binning,control,Not Exposed,24,estimated,-0.008843040358790497,0.2671967450729317,0.01805548280324586,219,99.11959443235972,95.67321740222378,102.69011816683312,adequate,43,220
income_pnad,income_2_3sm,Mais de 2 até 3 salários mínimos,ln_admissoes,Admissões (log),strict_no_tail_binning,treated,Exposed,-12,estimated,-0.3372882388623901,0.14969769686104878,0.037424424215262195,16,71.37030932843663,66.32255766929084,76.80224093642369,limited,16,25
income_pnad,income_2_3sm,Mais de 2 até 3 salários mínimos,ln_admissoes,Admissões (log),strict_no_tail_binning,treated,Exposed,-11,estimated,0.05006619816217292,0.13319235219325898,0.033298088048314745,16,105.13406908940388,98.49168531560977,112.22442227357999,limited,16,25
income_pnad,income_2_3sm,Mais de 2 até 3 salários mínimos,ln_admissoes,Admissões (log),strict_no_tail_binning,treated,Exposed,-10,estimated,0.0736346918524095,0.08959655085143536,0.02239913771285884,16,107.64135110379999,103.01788026022732,112.47232459242196,limited,16,25
income_pnad,income_2_3sm,Mais de 2 até 3 salários mínimos,ln_admissoes,Admissões (log),strict_no_tail_binning,treated,Exposed,-9,estimated,0.116356371895975,0.11100364524890718,0.027750911312226796,16,112.33961476206098,106.39246659391024,118.61919785221554,limited,16,25
income_pnad,income_2_3sm,Mais de 2 até 3 salários mínimos,ln_admissoes,Admissões (log),strict_no_tail_binning,treated,Exposed,-8,estimated,0.0676002778676294,0.1371983431495298,0.03429958578738245,16,106.99375452741594,100.03731593309872,114.43393298885304,limited,16,25
income_pnad,income_2_3sm,Mais de 2 até 3 salários mínimos,ln_admissoes,Admissões (log),strict_no_tail_binning,treated,Exposed,-7,estimated,0.06815072301773173,0.13471141522600266,0.033677853806500666,16,107.0526649326728,100.21444255556592,114.35749954736045,limited,16,25
income_pnad,income_2_3sm,Mais de 2 até 3 salários mínimos,ln_admissoes,Admissões (log),strict_no_tail_binning,treated,Exposed,-6,estimated,0.02230541357853344,0.12286743774370366,0.030716859435925916,16,102.25560392837897,96.28095723566706,108.60100309517937,limited,16,25
income_pnad,income_2_3sm,Mais de 2 até 3 salários mínimos,ln_admissoes,Admissões (log),strict_no_tail_binning,treated,Exposed,-5,estimated,0.07441668801422588,0.08991528761309135,0.022478821903272838,16,107.7255591481084,103.08237058767848,112.57789307340327,limited,16,25
income_pnad,income_2_3sm,Mais de 2 até 3 salários mínimos,ln_admissoes,Admissões (log),strict_no_tail_binning,treated,Exposed,-4,estimated,0.1732815844096067,0.37946630460767955,0.09486657615191989,16,118.92009183812237,98.74228569050705,143.22119590297322,limited,16,25
income_pnad,income_2_3sm,Mais de 2 até 3 salários mínimos,ln_admissoes,Admissões (log),strict_no_tail_binning,treated,Exposed,-3,estimated,-0.008314139075192323,0.12262926848471921,0.030657317121179802,16,99.17203277921679,93.38845274912813,105.3137919736428,limited,16,25
income_pnad,income_2_3sm,Mais de 2 até 3 salários mínimos,ln_admissoes,Admissões (log),strict_no_tail_binning,treated,Exposed,-2,estimated,-0.12086661944624014,0.13521795098688433,0.03380448774672108,16,88.61521471748435,82.93413765466934,94.6854516305896,limited,16,25
income_pnad,income_2_3sm,Mais de 2 até 3 salários mínimos,ln_admissoes,Admissões (log),strict_no_tail_binning,treated,Exposed,-1,estimated,-0.1793429514144624,0.14538009741733326,0.036345024354333316,16,83.58192048601553,77.83498329282203,89.75318213725204,limited,16,25
income_pnad,income_2_3sm,Mais de 2 até 3 salários mínimos,ln_admissoes,Admissões (log),strict_no_tail_binning,treated,Exposed,0,estimated,-0.5233199728839624,0.14845415688377295,0.03711353922094324,16,59.25500287171762,55.09768364866881,63.726006844792195,limited,16,25
income_pnad,income_2_3sm,Mais de 2 até 3 salários mínimos,ln_admissoes,Admissões (log),strict_no_tail_binning,treated,Exposed,1,estimated,0.0268881039774235,0.13780418863465918,0.034451047158664795,16,102.72528508240893,96.01786208393649,109.90126176770589,limited,16,25
income_pnad,income_2_3sm,Mais de 2 até 3 salários mínimos,ln_admissoes,Admissões (log),strict_no_tail_binning,treated,Exposed,2,estimated,-0.08707567161273491,0.23082947607123674,0.057707369017809186,16,91.66077318234373,81.85816635949962,102.63725311763045,limited,16,25
income_pnad,income_2_3sm,Mais de 2 até 3 salários mínimos,ln_admissoes,Admissões (log),strict_no_tail_binning,treated,Exposed,3,estimated,-0.026296610037279566,0.2213649340286518,0.05534123350716295,16,97.404613489705,87.39208852687173,108.56427497051422,limited,16,25
income_pnad,income_2_3sm,Mais de 2 até 3 salários mínimos,ln_admissoes,Admissões (log),strict_no_tail_binning,treated,Exposed,4,estimated,-0.1097265715645345,0.12551165541813947,0.03137791385453487,16,89.60791153133042,84.26300364597641,95.29185361991487,limited,16,25
income_pnad,income_2_3sm,Mais de 2 até 3 salários mínimos,ln_admissoes,Admissões (log),strict_no_tail_binning,treated,Exposed,5,estimated,-0.08836936558138528,0.19797202668624272,0.04949300667156068,16,91.54226886360495,83.0792130967629,100.86743333661947,limited,16,25
income_pnad,income_2_3sm,Mais de 2 até 3 salários mínimos,ln_admissoes,Admissões (log),strict_no_tail_binning,treated,Exposed,6,estimated,-0.10606456761354127,0.19898304336020003,0.04974576084005001,16,89.93665762476375,81.58161474838872,99.14736806400033,limited,16,25
income_pnad,income_2_3sm,Mais de 2 até 3 salários mínimos,ln_admissoes,Admissões (log),strict_no_tail_binning,treated,Exposed,7,estimated,-0.13937790113718027,0.2007649342205681,0.050191233555142024,16,86.9899230427179,78.8397622818574,95.98261704448791,limited,16,25
income_pnad,income_2_3sm,Mais de 2 até 3 salários mínimos,ln_admissoes,Admissões (log),strict_no_tail_binning,treated,Exposed,8,estimated,-0.03983473792151834,0.20222179828166734,0.050555449570416834,16,96.09482343330701,87.0294673873536,106.10446516440808,limited,16,25
income_pnad,income_2_3sm,Mais de 2 até 3 salários mínimos,ln_admissoes,Admissões (log),strict_no_tail_binning,treated,Exposed,9,estimated,-0.12634424355225501,0.24667960329766747,0.06166990082441687,16,88.13114087881218,78.09710097980206,99.45437020267644,limited,16,25
income_pnad,income_2_3sm,Mais de 2 até 3 salários mínimos,ln_admissoes,Admissões (log),strict_no_tail_binning,treated,Exposed,10,estimated,-0.2133235579566529,0.3471908921040671,0.08679772302601678,16,80.78946941663445,68.15081322230314,95.77198070008205,limited,16,25
income_pnad,income_2_3sm,Mais de 2 até 3 salários mínimos,ln_admissoes,Admissões (log),strict_no_tail_binning,treated,Exposed,11,estimated,-0.23104824770325155,0.24659209708636742,0.061648024271591856,16,79.37011708528613,70.33656634292447,89.56387571463729,limited,16,25
income_pnad,income_2_3sm,Mais de 2 até 3 salários mínimos,ln_admissoes,Admissões (log),strict_no_tail_binning,treated,Exposed,12,estimated,-0.5148369720283531,0.21758987204118826,0.054397468010297066,16,59.75980118688885,53.71617554098555,66.48339726218266,limited,16,25
income_pnad,income_2_3sm,Mais de 2 até 3 salários mínimos,ln_admissoes,Admissões (log),strict_no_tail_binning,treated,Exposed,13,estimated,0.008839826286609481,0.23702264860449596,0.05925566215112399,16,100.8879012933606,89.82550135594623,113.31268374496068,limited,16,25
income_pnad,income_2_3sm,Mais de 2 até 3 salários mínimos,ln_admissoes,Admissões (log),strict_no_tail_binning,treated,Exposed,14,estimated,-0.05899381882180221,0.20845782578462332,0.05211445644615583,16,94.27125962136373,85.11744702889013,104.40950358370308,limited,16,25
income_pnad,income_2_3sm,Mais de 2 até 3 salários mínimos,ln_admissoes,Admissões (log),strict_no_tail_binning,treated,Exposed,15,estimated,-0.0015429253085439687,0.28511546494984513,0.07127886623746128,16,99.84582643887599,86.82726479228509,114.8163434735761,limited,16,25
income_pnad,income_2_3sm,Mais de 2 até 3 salários mínimos,ln_admissoes,Admissões (log),strict_no_tail_binning,treated,Exposed,16,estimated,0.04819874005110958,0.19458460964804275,0.04864615241201069,16,104.93791882753708,95.39464714717654,115.43589852442457,limited,16,25
income_pnad,income_2_3sm,Mais de 2 até 3 salários mínimos,ln_admissoes,Admissões (log),strict_no_tail_binning,treated,Exposed,17,estimated,-0.03409269929435782,0.22774208144233352,0.05693552036058338,16,96.64819082939034,86.44288153824746,108.05832272564047,limited,16,25
income_pnad,income_2_3sm,Mais de 2 até 3 salários mínimos,ln_admissoes,Admissões (log),strict_no_tail_binning,treated,Exposed,18,estimated,-0.06348001736568515,0.21007113966212176,0.05251778491553044,16,93.84928726731742,84.66948880927836,104.02435215385748,limited,16,25
income_pnad,income_2_3sm,Mais de 2 até 3 salários mínimos,ln_admissoes,Admissões (log),strict_no_tail_binning,treated,Exposed,19,estimated,0.017934127229410762,0.15579792016970717,0.03894948004242679,16,101.80959093825965,94.32660980983746,109.88620101911859,limited,16,25
income_pnad,income_2_3sm,Mais de 2 até 3 salários mínimos,ln_admissoes,Admissões (log),strict_no_tail_binning,treated,Exposed,20,estimated,0.01864931322423563,0.22934630251432328,0.05733657562858082,16,101.88242977539095,91.05282303141283,114.00008425171401,limited,16,25
income_pnad,income_2_3sm,Mais de 2 até 3 salários mínimos,ln_admissoes,Admissões (log),strict_no_tail_binning,treated,Exposed,21,estimated,-0.0673684429564301,0.2761287132244358,0.06903217830610894,16,93.48506987206352,81.65464227210512,107.02953372646363,limited,16,25
income_pnad,income_2_3sm,Mais de 2 até 3 salários mínimos,ln_admissoes,Admissões (log),strict_no_tail_binning,treated,Exposed,22,estimated,-0.03683282383556177,0.21607005943611537,0.054017514859028844,16,96.38372524962199,86.70079324293938,107.14806803398133,limited,16,25
income_pnad,income_2_3sm,Mais de 2 até 3 salários mínimos,ln_admissoes,Admissões (log),strict_no_tail_binning,treated,Exposed,23,estimated,-0.12960126984304718,0.21458524602851206,0.053646311507128015,16,87.84456238611553,79.0770066642403,97.58420894170902,limited,16,25
income_pnad,income_2_3sm,Mais de 2 até 3 salários mínimos,ln_admissoes,Admissões (log),strict_no_tail_binning,treated,Exposed,24,estimated,-0.45966786587950514,0.2393778587529487,0.059844464688237176,16,63.14933511685842,56.16013532341617,71.00834965471574,limited,16,25
income_pnad,income_2_3sm,Mais de 2 até 3 salários mínimos,ln_admissoes,Admissões (log),strict_no_tail_binning,control,Not Exposed,-12,estimated,-0.45512475108492645,0.27826100791901587,0.05565220158380317,25,63.436882481259595,56.88132727069267,70.7479633833118,limited,16,25
income_pnad,income_2_3sm,Mais de 2 até 3 salários mínimos,ln_admissoes,Admissões (log),strict_no_tail_binning,control,Not Exposed,-11,estimated,0.007283432208170754,0.16969801988807734,0.033939603977615466,25,100.73100209136818,94.24822510749985,107.65969089346584,limited,16,25
income_pnad,income_2_3sm,Mais de 2 até 3 salários mínimos,ln_admissoes,Admissões (log),strict_no_tail_binning,control,Not Exposed,-10,estimated,0.12509885662282413,0.2995482092549444,0.05990964185098888,25,113.32604778331587,100.77054942882826,127.44589742717378,limited,16,25
income_pnad,income_2_3sm,Mais de 2 até 3 salários mínimos,ln_admissoes,Admissões (log),strict_no_tail_binning,control,Not Exposed,-9,estimated,0.1415515602562348,0.16663555067047572,0.033327110134095145,25,115.20599032332908,107.921122210012,122.9826000192175,limited,16,25
income_pnad,income_2_3sm,Mais de 2 até 3 salários mínimos,ln_admissoes,Admissões (log),strict_no_tail_binning,control,Not Exposed,-8,estimated,0.012485244256385322,0.22092202831053864,0.044184405662107726,25,101.25635103028485,92.85637969642816,110.41620034603457,limited,16,25
income_pnad,income_2_3sm,Mais de 2 até 3 salários mínimos,ln_admissoes,Admissões (log),strict_no_tail_binning,control,Not Exposed,-7,estimated,0.04933860990779589,0.216365804378408,0.0432731608756816,25,105.05760259703376,96.5145139420047,114.3568921672075,limited,16,25
income_pnad,income_2_3sm,Mais de 2 até 3 salários mínimos,ln_admissoes,Admissões (log),strict_no_tail_binning,control,Not Exposed,-6,estimated,0.02324763096232566,0.17891917748063385,0.03578383549612677,25,102.35199634016226,95.41936062039849,109.78831849955901,limited,16,25
income_pnad,income_2_3sm,Mais de 2 até 3 salários mínimos,ln_admissoes,Admissões (log),strict_no_tail_binning,control,Not Exposed,-5,estimated,-0.009556887366879607,0.1886965887952631,0.03773931775905262,25,99.04886345498302,91.98672156466334,106.65319064368788,limited,16,25
income_pnad,income_2_3sm,Mais de 2 até 3 salários mínimos,ln_admissoes,Admissões (log),strict_no_tail_binning,control,Not Exposed,-4,estimated,0.13747993550485949,0.1158295210857349,0.02316590421714698,25,114.73786841670797,109.6446792930482,120.06764517614381,limited,16,25
income_pnad,income_2_3sm,Mais de 2 até 3 salários mínimos,ln_admissoes,Admissões (log),strict_no_tail_binning,control,Not Exposed,-3,estimated,0.06721759164653525,0.15732239387911695,0.03146447877582339,25,106.95281732536634,100.55626275222313,113.75626759339053,limited,16,25
income_pnad,income_2_3sm,Mais de 2 até 3 salários mínimos,ln_admissoes,Admissões (log),strict_no_tail_binning,control,Not Exposed,-2,estimated,-0.009970479223270346,0.2044054927249565,0.0408810985449913,25,99.00790612206681,91.38421431263662,107.2676013949216,limited,16,25
income_pnad,income_2_3sm,Mais de 2 até 3 salários mínimos,ln_admissoes,Admissões (log),strict_no_tail_binning,control,Not Exposed,-1,estimated,-0.08905074369005547,0.34412341555790593,0.06882468311158119,25,91.4799152112026,79.93574012019103,104.69127920084138,limited,16,25
income_pnad,income_2_3sm,Mais de 2 até 3 salários mínimos,ln_admissoes,Admissões (log),strict_no_tail_binning,control,Not Exposed,0,estimated,-0.33558255656190883,0.6722405033245247,0.13444810066490492,25,71.4921482815716,54.93053308551713,93.04710838973833,limited,16,25
income_pnad,income_2_3sm,Mais de 2 até 3 salários mínimos,ln_admissoes,Admissões (log),strict_no_tail_binning,control,Not Exposed,1,estimated,0.04052390705562406,0.24969612690703516,0.049939225381407035,25,104.13562051656491,94.42569333676985,114.84403319861262,limited,16,25
income_pnad,income_2_3sm,Mais de 2 até 3 salários mínimos,ln_admissoes,Admissões (log),strict_no_tail_binning,control,Not Exposed,2,estimated,0.03344617573563504,0.22836546016238188,0.045673092032476374,25,103.40117873046626,94.54700340206355,113.08453338687698,limited,16,25
income_pnad,income_2_3sm,Mais de 2 até 3 salários mínimos,ln_admissoes,Admissões (log),strict_no_tail_binning,control,Not Exposed,3,estimated,0.17399685394915557,0.25010607651522493,0.050021215303044986,25,119.00518218509342,107.8914315350185,131.26374528000048,limited,16,25
income_pnad,income_2_3sm,Mais de 2 até 3 salários mínimos,ln_admissoes,Admissões (log),strict_no_tail_binning,control,Not Exposed,4,estimated,0.00957304591330887,0.32026046344892733,0.06405209268978547,25,100.96190140853854,89.050277880402,114.4668582586285,limited,16,25
income_pnad,income_2_3sm,Mais de 2 até 3 salários mínimos,ln_admissoes,Admissões (log),strict_no_tail_binning,control,Not Exposed,5,estimated,0.05587256747394056,0.26211690648485136,0.05242338129697027,25,105.74629199790435,95.42045095903995,117.18953493634334,limited,16,25
income_pnad,income_2_3sm,Mais de 2 até 3 salários mínimos,ln_admissoes,Admissões (log),strict_no_tail_binning,control,Not Exposed,6,estimated,0.01936275826012638,0.2809497458016448,0.056189949160328954,25,101.95514322459908,91.32281472963868,113.82534868994661,limited,16,25
income_pnad,income_2_3sm,Mais de 2 até 3 salários mínimos,ln_admissoes,Admissões (log),strict_no_tail_binning,control,Not Exposed,7,estimated,-0.003725170934990656,0.4074371785189748,0.08148743570379496,25,99.62817589066381,84.92169877693384,116.88147522076007,limited,16,25
income_pnad,income_2_3sm,Mais de 2 até 3 salários mínimos,ln_admissoes,Admissões (log),strict_no_tail_binning,control,Not Exposed,8,estimated,0.13543046532036887,0.17767983901010237,0.03553596780202047,25,114.50295738016389,106.79916994192098,122.76244521313745,limited,16,25
income_pnad,income_2_3sm,Mais de 2 até 3 salários mínimos,ln_admissoes,Admissões (log),strict_no_tail_binning,control,Not Exposed,9,estimated,0.08000989684277553,0.30968039760521077,0.06193607952104215,25,108.3297788849801,95.94598405034742,122.31195614305844,limited,16,25
income_pnad,income_2_3sm,Mais de 2 até 3 salários mínimos,ln_admissoes,Admissões (log),strict_no_tail_binning,control,Not Exposed,10,estimated,0.06098119474066589,0.30751568402569246,0.06150313680513849,25,106.28789262854075,94.21743341797435,119.90473216670108,limited,16,25
income_pnad,income_2_3sm,Mais de 2 até 3 salários mínimos,ln_admissoes,Admissões (log),strict_no_tail_binning,control,Not Exposed,11,estimated,-0.1477959182857701,0.3721659761486108,0.07443319522972217,25,86.26071393234558,74.55113047294142,99.80949612586576,limited,16,25
income_pnad,income_2_3sm,Mais de 2 até 3 salários mínimos,ln_admissoes,Admissões (log),strict_no_tail_binning,control,Not Exposed,12,estimated,-0.3740356412686285,0.5889745810145439,0.11779491620290879,25,68.79523918960182,54.61215674427001,86.66174744419145,limited,16,25
income_pnad,income_2_3sm,Mais de 2 até 3 salários mínimos,ln_admissoes,Admissões (log),strict_no_tail_binning,control,Not Exposed,13,estimated,0.14896549978572618,0.3853624680260854,0.07707249360521709,25,116.06329464330021,99.79056086242683,134.9896046984691,limited,16,25
income_pnad,income_2_3sm,Mais de 2 até 3 salários mínimos,ln_admissoes,Admissões (log),strict_no_tail_binning,control,Not Exposed,14,estimated,0.145223053033608,0.2758548345003542,0.05517096690007084,25,115.62974571612985,103.77842981611632,128.83446124659434,limited,16,25
income_pnad,income_2_3sm,Mais de 2 até 3 salários mínimos,ln_admissoes,Admissões (log),strict_no_tail_binning,control,Not Exposed,15,estimated,0.1704271591253501,0.30059772234397014,0.06011954446879403,25,118.58112732576043,105.4000423547185,133.41060822845782,limited,16,25
income_pnad,income_2_3sm,Mais de 2 até 3 salários mínimos,ln_admissoes,Admissões (log),strict_no_tail_binning,control,Not Exposed,16,estimated,0.1746840506818552,0.32564510068733393,0.06512902013746678,25,119.08699026336798,104.81546808226494,135.3017022149528,limited,16,25
income_pnad,income_2_3sm,Mais de 2 até 3 salários mínimos,ln_admissoes,Admissões (log),strict_no_tail_binning,control,Not Exposed,17,estimated,0.1985468268678769,0.30010549169118267,0.06002109833823653,25,121.96291374895776,108.42684003032164,137.18883927610472,limited,16,25
income_pnad,income_2_3sm,Mais de 2 até 3 salários mínimos,ln_admissoes,Admissões (log),strict_no_tail_binning,control,Not Exposed,18,estimated,0.1200185423036268,0.2901222438179154,0.05802444876358308,25,112.75177581621634,100.63104502481653,126.33241507702894,limited,16,25
income_pnad,income_2_3sm,Mais de 2 até 3 salários mínimos,ln_admissoes,Admissões (log),strict_no_tail_binning,control,Not Exposed,19,estimated,0.1526347864417931,0.28995552053847207,0.05799110410769441,25,116.48994641673231,103.97416017130514,130.5123079986002,limited,16,25
income_pnad,income_2_3sm,Mais de 2 até 3 salários mínimos,ln_admissoes,Admissões (log),strict_no_tail_binning,control,Not Exposed,20,estimated,0.15999532329966798,0.26432493272525664,0.052864986545051326,25,117.35053828459634,105.79995939769826,130.16213724543366,limited,16,25
income_pnad,income_2_3sm,Mais de 2 até 3 salários mínimos,ln_admissoes,Admissões (log),strict_no_tail_binning,control,Not Exposed,21,estimated,0.1273667810254736,0.35848570229394006,0.07169714045878801,25,113.5833543581819,98.69265948761075,130.72074918475423,limited,16,25
income_pnad,income_2_3sm,Mais de 2 até 3 salários mínimos,ln_admissoes,Admissões (log),strict_no_tail_binning,control,Not Exposed,22,estimated,0.12129207635134344,0.2802358412620994,0.05604716825241988,25,112.89546051591736,101.15053093278073,126.00413351830018,limited,16,25
income_pnad,income_2_3sm,Mais de 2 até 3 salários mínimos,ln_admissoes,Admissões (log),strict_no_tail_binning,control,Not Exposed,23,estimated,-0.018933361235136524,0.3521924508387752,0.07043849016775504,25,98.12447490022377,85.47102110304661,112.65119393901143,limited,16,25
income_pnad,income_2_3sm,Mais de 2 até 3 salários mínimos,ln_admissoes,Admissões (log),strict_no_tail_binning,control,Not Exposed,24,estimated,-0.42580663829928567,0.5669936161575615,0.1133987232315123,25,65.32426420177403,52.30552730815708,81.58333761483165,limited,16,25
income_pnad,income_2_3sm,Mais de 2 até 3 salários mínimos,ln_salario_real_adm,Salário real de admissão (log),strict_no_tail_binning,treated,Exposed,-12,estimated,-0.03076829877489451,0.10129738882504631,0.025324347206261578,16,96.97002277793975,92.274346489805,101.90465362540468,limited,16,25
income_pnad,income_2_3sm,Mais de 2 até 3 salários mínimos,ln_salario_real_adm,Salário real de admissão (log),strict_no_tail_binning,treated,Exposed,-11,estimated,0.043860451362753294,0.08253106299370669,0.020632765748426672,16,104.48365391992994,100.34260861581612,108.79559627811952,limited,16,25
income_pnad,income_2_3sm,Mais de 2 até 3 salários mínimos,ln_salario_real_adm,Salário real de admissão (log),strict_no_tail_binning,treated,Exposed,-10,estimated,-0.055551514377155276,0.09558089764797757,0.023895224411994393,16,94.5963291705463,90.2680910311502,99.13210072709265,limited,16,25
income_pnad,income_2_3sm,Mais de 2 até 3 salários mínimos,ln_salario_real_adm,Salário real de admissão (log),strict_no_tail_binning,treated,Exposed,-9,estimated,0.055818065147344664,0.22369961533752797,0.05592490383438199,16,105.74052873601858,94.76265903412639,117.99014011780943,limited,16,25
income_pnad,income_2_3sm,Mais de 2 até 3 salários mínimos,ln_salario_real_adm,Salário real de admissão (log),strict_no_tail_binning,treated,Exposed,-8,estimated,0.0008192020970804736,0.1626610404457236,0.0406652601114309,16,100.0819537734764,92.41464652551119,108.38538962924262,limited,16,25
income_pnad,income_2_3sm,Mais de 2 até 3 salários mínimos,ln_salario_real_adm,Salário real de admissão (log),strict_no_tail_binning,treated,Exposed,-7,estimated,0.070381887673165,0.2666265343297451,0.06665663358243627,16,107.2917837124291,94.15148915752012,122.26600933454499,limited,16,25
income_pnad,income_2_3sm,Mais de 2 até 3 salários mínimos,ln_salario_real_adm,Salário real de admissão (log),strict_no_tail_binning,treated,Exposed,-6,estimated,0.024186811424966925,0.12006185094881114,0.030015462737202785,16,102.44816848987017,96.59497202644206,108.6560408553743,limited,16,25
income_pnad,income_2_3sm,Mais de 2 até 3 salários mínimos,ln_salario_real_adm,Salário real de admissão (log),strict_no_tail_binning,treated,Exposed,-5,estimated,-0.03168373877096042,0.13943725178055244,0.03485931294513811,16,96.88129316018636,90.48301864744307,103.7320052391423,limited,16,25
income_pnad,income_2_3sm,Mais de 2 até 3 salários mínimos,ln_salario_real_adm,Salário real de admissão (log),strict_no_tail_binning,treated,Exposed,-4,estimated,0.021597150727685643,0.3848188643923649,0.09620471609809123,16,102.18320572433115,84.62299965205985,123.38734829812694,limited,16,25
income_pnad,income_2_3sm,Mais de 2 até 3 salários mínimos,ln_salario_real_adm,Salário real de admissão (log),strict_no_tail_binning,treated,Exposed,-3,estimated,-0.029561282254483012,0.09460033437011534,0.023650083592528834,16,97.08713786312006,92.68945758012521,101.69346746154244,limited,16,25
income_pnad,income_2_3sm,Mais de 2 até 3 salários mínimos,ln_salario_real_adm,Salário real de admissão (log),strict_no_tail_binning,treated,Exposed,-2,estimated,-0.005735933288785189,0.12475568554657505,0.031188921386643764,16,99.42804857686889,93.53203208618969,105.69573464088022,limited,16,25
income_pnad,income_2_3sm,Mais de 2 até 3 salários mínimos,ln_salario_real_adm,Salário real de admissão (log),strict_no_tail_binning,treated,Exposed,-1,estimated,-0.06336280096671609,0.07184628029472806,0.017961570073682015,16,93.86028858757169,90.61345461224315,97.22346213861178,limited,16,25
income_pnad,income_2_3sm,Mais de 2 até 3 salários mínimos,ln_salario_real_adm,Salário real de admissão (log),strict_no_tail_binning,treated,Exposed,0,estimated,0.003182679069411609,0.16720433506369728,0.04180108376592432,16,100.31877491698484,92.42733247168465,108.8839884449522,limited,16,25
income_pnad,income_2_3sm,Mais de 2 até 3 salários mínimos,ln_salario_real_adm,Salário real de admissão (log),strict_no_tail_binning,treated,Exposed,1,estimated,0.003285558467266192,0.20304106009460238,0.050760265023650594,16,100.32909618305553,90.82781987862425,110.82427778581699,limited,16,25
income_pnad,income_2_3sm,Mais de 2 até 3 salários mínimos,ln_salario_real_adm,Salário real de admissão (log),strict_no_tail_binning,treated,Exposed,2,estimated,-0.06973548070814861,0.1826274952912594,0.04565687382281485,16,93.26404886818031,85.28062017288627,101.99483532897413,limited,16,25
income_pnad,income_2_3sm,Mais de 2 até 3 salários mínimos,ln_salario_real_adm,Salário real de admissão (log),strict_no_tail_binning,treated,Exposed,3,estimated,0.027680939608934474,0.1891941151154515,0.047298528778862876,16,102.80676164317171,93.70448083608333,112.79322125528459,limited,16,25
income_pnad,income_2_3sm,Mais de 2 até 3 salários mínimos,ln_salario_real_adm,Salário real de admissão (log),strict_no_tail_binning,treated,Exposed,4,estimated,0.02566973930141142,0.15813623285846123,0.03953405821461531,16,102.60020443612441,94.95025958706171,110.86648942420527,limited,16,25
income_pnad,income_2_3sm,Mais de 2 até 3 salários mínimos,ln_salario_real_adm,Salário real de admissão (log),strict_no_tail_binning,treated,Exposed,5,estimated,-0.013255136345112883,0.10567585857287133,0.026418964643217833,16,98.68323261059287,93.70334418436887,103.92777849331962,limited,16,25
income_pnad,income_2_3sm,Mais de 2 até 3 salários mínimos,ln_salario_real_adm,Salário real de admissão (log),strict_no_tail_binning,treated,Exposed,6,estimated,0.02114325815541157,0.2516517551084469,0.06291293877711172,16,102.13683605046309,90.28795692483156,115.54069483579288,limited,16,25
income_pnad,income_2_3sm,Mais de 2 até 3 salários mínimos,ln_salario_real_adm,Salário real de admissão (log),strict_no_tail_binning,treated,Exposed,7,estimated,-0.04943106738614478,0.131046721560632,0.032761680390158,16,95.17707639217952,89.2575691116332,101.48916176770639,limited,16,25
income_pnad,income_2_3sm,Mais de 2 até 3 salários mínimos,ln_salario_real_adm,Salário real de admissão (log),strict_no_tail_binning,treated,Exposed,8,estimated,-0.018750737988102284,0.11590673050058774,0.028976682625146934,16,98.14239634683015,92.7237970566177,103.87764809520243,limited,16,25
income_pnad,income_2_3sm,Mais de 2 até 3 salários mínimos,ln_salario_real_adm,Salário real de admissão (log),strict_no_tail_binning,treated,Exposed,9,estimated,-0.05068311410489562,0.20370224723118194,0.050925561807795484,16,95.05798481564874,86.02801256707276,105.03579250034475,limited,16,25
income_pnad,income_2_3sm,Mais de 2 até 3 salários mínimos,ln_salario_real_adm,Salário real de admissão (log),strict_no_tail_binning,treated,Exposed,10,estimated,-0.05757712564386519,0.1602370303950923,0.040059257598773074,16,94.40490771856574,87.27612257837514,102.11597786493736,limited,16,25
income_pnad,income_2_3sm,Mais de 2 até 3 salários mínimos,ln_salario_real_adm,Salário real de admissão (log),strict_no_tail_binning,treated,Exposed,11,estimated,-0.08023865669147001,0.11513256895214985,0.028783142238037462,16,92.28960647804504,87.22723154385756,97.64578461474969,limited,16,25
income_pnad,income_2_3sm,Mais de 2 até 3 salários mínimos,ln_salario_real_adm,Salário real de admissão (log),strict_no_tail_binning,treated,Exposed,12,estimated,-0.039377655339532525,0.19076881155877767,0.04769220288969442,16,96.13875674312783,87.55925927443631,105.55891660920871,limited,16,25
income_pnad,income_2_3sm,Mais de 2 até 3 salários mínimos,ln_salario_real_adm,Salário real de admissão (log),strict_no_tail_binning,treated,Exposed,13,estimated,-0.029831192974932474,0.10316155803593476,0.02579038950898369,16,97.06093653996112,92.27652999303842,102.093407746532,limited,16,25
income_pnad,income_2_3sm,Mais de 2 até 3 salários mínimos,ln_salario_real_adm,Salário real de admissão (log),strict_no_tail_binning,treated,Exposed,14,estimated,-0.05314779247928186,0.11978196504042171,0.029945491260105428,16,94.82398594059926,89.41864617653049,100.55607744174242,limited,16,25
income_pnad,income_2_3sm,Mais de 2 até 3 salários mínimos,ln_salario_real_adm,Salário real de admissão (log),strict_no_tail_binning,treated,Exposed,15,estimated,-0.07380966064392663,0.13809718689210188,0.03452429672302547,16,92.884847343702,86.80748960944837,99.38767846966712,limited,16,25
income_pnad,income_2_3sm,Mais de 2 até 3 salários mínimos,ln_salario_real_adm,Salário real de admissão (log),strict_no_tail_binning,treated,Exposed,16,estimated,-0.010065883819721622,0.14032117903075297,0.03508029475768824,16,98.99846076331023,92.42032522666133,106.0448035588321,limited,16,25
income_pnad,income_2_3sm,Mais de 2 até 3 salários mínimos,ln_salario_real_adm,Salário real de admissão (log),strict_no_tail_binning,treated,Exposed,17,estimated,-0.004941340398329774,0.21716636238142914,0.054291590595357285,16,99.50708479402957,89.46230183703756,110.67969100820616,limited,16,25
income_pnad,income_2_3sm,Mais de 2 até 3 salários mínimos,ln_salario_real_adm,Salário real de admissão (log),strict_no_tail_binning,treated,Exposed,18,estimated,0.03819752211163796,0.1701651285461447,0.04254128213653618,16,103.8936425529416,95.58221766926516,112.92779374786586,limited,16,25
income_pnad,income_2_3sm,Mais de 2 até 3 salários mínimos,ln_salario_real_adm,Salário real de admissão (log),strict_no_tail_binning,treated,Exposed,19,estimated,-0.029331346866462438,0.06536327092260558,0.016340817730651394,16,97.10946419854535,94.04852160416709,100.27002951326274,limited,16,25
income_pnad,income_2_3sm,Mais de 2 até 3 salários mínimos,ln_salario_real_adm,Salário real de admissão (log),strict_no_tail_binning,treated,Exposed,20,estimated,0.0983660446334313,0.3236473614094588,0.0809118403523647,16,110.33665926181482,94.15562736563817,129.2984680541862,limited,16,25
income_pnad,income_2_3sm,Mais de 2 até 3 salários mínimos,ln_salario_real_adm,Salário real de admissão (log),strict_no_tail_binning,treated,Exposed,21,estimated,-0.056002407145557154,0.10969302997627721,0.027423257494069302,16,94.55368598428055,89.60563370303068,99.77497132428124,limited,16,25
income_pnad,income_2_3sm,Mais de 2 até 3 salários mínimos,ln_salario_real_adm,Salário real de admissão (log),strict_no_tail_binning,treated,Exposed,22,estimated,-0.007206640018928234,0.1286757094662225,0.032168927366555626,16,99.28192655432112,93.21535378732469,105.7433195268089,limited,16,25
income_pnad,income_2_3sm,Mais de 2 até 3 salários mínimos,ln_salario_real_adm,Salário real de admissão (log),strict_no_tail_binning,treated,Exposed,23,estimated,-0.03306820844793251,0.11262931440347855,0.028157328600869638,16,96.74725675362009,91.55259478000603,102.23666201752486,limited,16,25
income_pnad,income_2_3sm,Mais de 2 até 3 salários mínimos,ln_salario_real_adm,Salário real de admissão (log),strict_no_tail_binning,treated,Exposed,24,estimated,0.0010243765264157378,0.08015766549000039,0.020039416372500098,16,100.102490137925,96.24695212419782,104.1124764021912,limited,16,25
income_pnad,income_2_3sm,Mais de 2 até 3 salários mínimos,ln_salario_real_adm,Salário real de admissão (log),strict_no_tail_binning,control,Not Exposed,-12,estimated,-0.011454904945144123,0.23880704167672165,0.04776140833534433,25,98.86104526853218,90.02639640397518,108.56267341558517,limited,16,25
income_pnad,income_2_3sm,Mais de 2 até 3 salários mínimos,ln_salario_real_adm,Salário real de admissão (log),strict_no_tail_binning,control,Not Exposed,-11,estimated,-0.060961113432455,0.20279112047977915,0.04055822409595583,25,94.08598258738205,86.89625652041838,101.8705807810389,limited,16,25
income_pnad,income_2_3sm,Mais de 2 até 3 salários mínimos,ln_salario_real_adm,Salário real de admissão (log),strict_no_tail_binning,control,Not Exposed,-10,estimated,-0.02936940605780791,0.18032328138751236,0.03606465627750247,25,97.10576836119671,90.47866288001923,104.21827587707146,limited,16,25
income_pnad,income_2_3sm,Mais de 2 até 3 salários mínimos,ln_salario_real_adm,Salário real de admissão (log),strict_no_tail_binning,control,Not Exposed,-9,estimated,-0.03585708004902127,0.1647411455778834,0.03294822911557668,25,96.47781696789747,90.44433484449553,102.91378871760932,limited,16,25
income_pnad,income_2_3sm,Mais de 2 até 3 salários mínimos,ln_salario_real_adm,Salário real de admissão (log),strict_no_tail_binning,control,Not Exposed,-8,estimated,0.0026511086720602604,0.23567721361311675,0.04713544272262335,25,100.26546259682138,91.41739950551472,109.96990774330801,limited,16,25
income_pnad,income_2_3sm,Mais de 2 até 3 salários mínimos,ln_salario_real_adm,Salário real de admissão (log),strict_no_tail_binning,control,Not Exposed,-7,estimated,-0.0070693896377667185,0.25269499137734375,0.05053899827546875,25,99.29555397174587,89.93114839580446,109.63506209396827,limited,16,25
income_pnad,income_2_3sm,Mais de 2 até 3 salários mínimos,ln_salario_real_adm,Salário real de admissão (log),strict_no_tail_binning,control,Not Exposed,-6,estimated,-0.019333840688075518,0.13910684282393382,0.027821368564786765,25,98.08518593193317,92.87982589877636,103.58227533487063,limited,16,25
income_pnad,income_2_3sm,Mais de 2 até 3 salários mínimos,ln_salario_real_adm,Salário real de admissão (log),strict_no_tail_binning,control,Not Exposed,-5,estimated,-0.029068253390492807,0.21405103327161717,0.04281020665432343,25,97.1350164261957,89.3171865164003,105.63713193523878,limited,16,25
income_pnad,income_2_3sm,Mais de 2 até 3 salários mínimos,ln_salario_real_adm,Salário real de admissão (log),strict_no_tail_binning,control,Not Exposed,-4,estimated,0.04346538477691062,0.19068009544773104,0.03813601908954621,25,104.4423840722051,96.92029826217998,112.54826683651034,limited,16,25
income_pnad,income_2_3sm,Mais de 2 até 3 salários mínimos,ln_salario_real_adm,Salário real de admissão (log),strict_no_tail_binning,control,Not Exposed,-3,estimated,0.041772536054678365,0.20413013156055104,0.04082602631211021,25,104.2657284835627,96.24756849614053,112.9518626399788,limited,16,25
income_pnad,income_2_3sm,Mais de 2 até 3 salários mínimos,ln_salario_real_adm,Salário real de admissão (log),strict_no_tail_binning,control,Not Exposed,-2,estimated,0.07605621729699585,0.3412639935507003,0.06825279871014006,25,107.9023232221763,94.3914897196993,123.34704528254899,limited,16,25
income_pnad,income_2_3sm,Mais de 2 até 3 salários mínimos,ln_salario_real_adm,Salário real de admissão (log),strict_no_tail_binning,control,Not Exposed,-1,estimated,0.02916874140011938,0.24264664080735077,0.04852932816147015,25,102.95983156790874,93.61788499079101,113.23399281595503,limited,16,25
income_pnad,income_2_3sm,Mais de 2 até 3 salários mínimos,ln_salario_real_adm,Salário real de admissão (log),strict_no_tail_binning,control,Not Exposed,0,estimated,-0.0278634728610022,0.24826944139205662,0.04965388827841132,25,97.25211332658675,88.23335729190332,107.19271981454092,limited,16,25
income_pnad,income_2_3sm,Mais de 2 até 3 salários mínimos,ln_salario_real_adm,Salário real de admissão (log),strict_no_tail_binning,control,Not Exposed,1,estimated,-0.019144450609369378,0.16016191614250322,0.03203238322850065,25,98.10376405221703,92.13383647718581,104.4605205775432,limited,16,25
income_pnad,income_2_3sm,Mais de 2 até 3 salários mínimos,ln_salario_real_adm,Salário real de admissão (log),strict_no_tail_binning,control,Not Exposed,2,estimated,0.008656939444327988,0.26825346246028303,0.053650692492056604,25,100.86945191079472,90.80113342177324,112.05417757862864,limited,16,25
income_pnad,income_2_3sm,Mais de 2 até 3 salários mínimos,ln_salario_real_adm,Salário real de admissão (log),strict_no_tail_binning,control,Not Exposed,3,estimated,-0.014192836692288964,0.19648103365558114,0.03929620673111623,25,98.59074068074801,91.28228919865697,106.48433812636584,limited,16,25
income_pnad,income_2_3sm,Mais de 2 até 3 salários mínimos,ln_salario_real_adm,Salário real de admissão (log),strict_no_tail_binning,control,Not Exposed,4,estimated,0.015355949679182466,0.2625861830067965,0.0525172366013593,25,101.54744581005346,91.61475613919427,112.55701794237658,limited,16,25
income_pnad,income_2_3sm,Mais de 2 até 3 salários mínimos,ln_salario_real_adm,Salário real de admissão (log),strict_no_tail_binning,control,Not Exposed,5,estimated,-0.031173326477531446,0.18473883363064608,0.03694776672612922,25,96.93075518515761,90.15940197032702,104.21066572576866,limited,16,25
income_pnad,income_2_3sm,Mais de 2 até 3 salários mínimos,ln_salario_real_adm,Salário real de admissão (log),strict_no_tail_binning,control,Not Exposed,6,estimated,0.06843911880986124,0.2751693798128972,0.055033875962579436,25,107.08354292310287,96.13398619322612,119.28024228513685,limited,16,25
income_pnad,income_2_3sm,Mais de 2 até 3 salários mínimos,ln_salario_real_adm,Salário real de admissão (log),strict_no_tail_binning,control,Not Exposed,7,estimated,0.08424256069892816,0.32149763430855655,0.06429952686171131,25,108.78927418317697,95.90764278158852,123.40107455518081,limited,16,25
income_pnad,income_2_3sm,Mais de 2 até 3 salários mínimos,ln_salario_real_adm,Salário real de admissão (log),strict_no_tail_binning,control,Not Exposed,8,estimated,-9.722763530305656e-05,0.25385103633530637,0.050770207267061274,25,99.99027770911503,90.51932393978457,110.45216867723042,limited,16,25
income_pnad,income_2_3sm,Mais de 2 até 3 salários mínimos,ln_salario_real_adm,Salário real de admissão (log),strict_no_tail_binning,control,Not Exposed,9,estimated,0.014004488591701012,0.19456790653282674,0.038913581306565345,25,101.4103010822635,93.96327883164261,109.44753411619057,limited,16,25
income_pnad,income_2_3sm,Mais de 2 até 3 salários mínimos,ln_salario_real_adm,Salário real de admissão (log),strict_no_tail_binning,control,Not Exposed,10,estimated,0.13659902380219444,0.39162716242859374,0.07832543248571874,25,114.63683899121575,98.32234956739767,133.6583687403611,limited,16,25
income_pnad,income_2_3sm,Mais de 2 até 3 salários mínimos,ln_salario_real_adm,Salário real de admissão (log),strict_no_tail_binning,control,Not Exposed,11,estimated,-0.02759621291030232,0.21969960917226003,0.04393992183445201,25,97.27810839516552,89.25091978154889,106.02725883501645,limited,16,25
income_pnad,income_2_3sm,Mais de 2 até 3 salários mínimos,ln_salario_real_adm,Salário real de admissão (log),strict_no_tail_binning,control,Not Exposed,12,estimated,0.07097851481126607,0.265733036336262,0.0531466072672524,25,107.35581600208863,96.73558712761807,119.14199904808184,limited,16,25
income_pnad,income_2_3sm,Mais de 2 até 3 salários mínimos,ln_salario_real_adm,Salário real de admissão (log),strict_no_tail_binning,control,Not Exposed,13,estimated,0.013763908875817491,0.2512859815569163,0.050257196311383256,25,101.38590675534924,91.87509486655382,111.8812677530782,limited,16,25
income_pnad,income_2_3sm,Mais de 2 até 3 salários mínimos,ln_salario_real_adm,Salário real de admissão (log),strict_no_tail_binning,control,Not Exposed,14,estimated,-0.004080867389180582,0.20721104889237052,0.041442209778474105,25,99.59274480349168,91.82297947989592,108.01996268989573,limited,16,25
income_pnad,income_2_3sm,Mais de 2 até 3 salários mínimos,ln_salario_real_adm,Salário real de admissão (log),strict_no_tail_binning,control,Not Exposed,15,estimated,0.0400524323885141,0.22006039171721245,0.04401207834344249,25,104.08653478179706,95.4840239321185,113.4640778292331,limited,16,25
income_pnad,income_2_3sm,Mais de 2 até 3 salários mínimos,ln_salario_real_adm,Salário real de admissão (log),strict_no_tail_binning,control,Not Exposed,16,estimated,0.02396003251670745,0.2220946616175511,0.04441893232351022,25,102.4249380402544,93.88485749262475,111.74185286880882,limited,16,25
income_pnad,income_2_3sm,Mais de 2 até 3 salários mínimos,ln_salario_real_adm,Salário real de admissão (log),strict_no_tail_binning,control,Not Exposed,17,estimated,0.009428206183515364,0.2479453394990196,0.04958906789980392,25,100.94727917298498,91.59748537708084,111.25145117770181,limited,16,25
income_pnad,income_2_3sm,Mais de 2 até 3 salários mínimos,ln_salario_real_adm,Salário real de admissão (log),strict_no_tail_binning,control,Not Exposed,18,estimated,0.044650095926723664,0.2601955423618088,0.05203910847236176,25,104.56619145263979,94.42667706997862,115.79448450576079,limited,16,25
income_pnad,income_2_3sm,Mais de 2 até 3 salários mínimos,ln_salario_real_adm,Salário real de admissão (log),strict_no_tail_binning,control,Not Exposed,19,estimated,-0.012711821708525868,0.16622475830766653,0.03324495166153331,25,98.73686322308501,92.50828971310744,105.38480593867116,limited,16,25
income_pnad,income_2_3sm,Mais de 2 até 3 salários mínimos,ln_salario_real_adm,Salário real de admissão (log),strict_no_tail_binning,control,Not Exposed,20,estimated,0.13571725147597594,0.3648227014762211,0.07296454029524421,25,114.535799952289,99.27332836881693,132.14475314027493,limited,16,25
income_pnad,income_2_3sm,Mais de 2 até 3 salários mínimos,ln_salario_real_adm,Salário real de admissão (log),strict_no_tail_binning,control,Not Exposed,21,estimated,0.06060890818230863,0.29373377984031657,0.058746755968063315,25,106.24833043949155,94.69256182313697,119.21430262140326,limited,16,25
income_pnad,income_2_3sm,Mais de 2 até 3 salários mínimos,ln_salario_real_adm,Salário real de admissão (log),strict_no_tail_binning,control,Not Exposed,22,estimated,0.04689785774861846,0.2224009724894053,0.044480194497881057,25,104.80149570052887,96.05172635158394,114.34831958006606,limited,16,25
income_pnad,income_2_3sm,Mais de 2 até 3 salários mínimos,ln_salario_real_adm,Salário real de admissão (log),strict_no_tail_binning,control,Not Exposed,23,estimated,0.019119602003098563,0.2043724891430993,0.04087449782861986,25,101.93035520739073,94.08284954729835,110.43242591713356,limited,16,25
income_pnad,income_2_3sm,Mais de 2 até 3 salários mínimos,ln_salario_real_adm,Salário real de admissão (log),strict_no_tail_binning,control,Not Exposed,24,estimated,0.03239639141824476,0.21057675445696566,0.042115350891393136,25,103.29268675118817,95.1087039605452,112.18089083313716,limited,16,25
income_pnad,income_3_5sm,Mais de 3 até 5 salários mínimos,ln_admissoes,Admissões (log),strict_no_tail_binning,treated,Exposed,-12,estimated,-0.10990863843649142,0.18753631259322245,0.0541370702792634,12,89.5915983842622,80.57213658480863,99.62072301009711,thin,12,7
income_pnad,income_3_5sm,Mais de 3 até 5 salários mínimos,ln_admissoes,Admissões (log),strict_no_tail_binning,treated,Exposed,-11,estimated,0.09508665682575361,0.2161971838340477,0.06241075114231323,12,109.97541522009114,97.31292048634224,124.28557166290078,thin,12,7
income_pnad,income_3_5sm,Mais de 3 até 5 salários mínimos,ln_admissoes,Admissões (log),strict_no_tail_binning,treated,Exposed,-10,estimated,0.03132704677384209,0.16064542311851746,0.046374339140778695,12,103.18229030624823,94.21727282028645,113.00035242105322,thin,12,7
income_pnad,income_3_5sm,Mais de 3 até 5 salários mínimos,ln_admissoes,Admissões (log),strict_no_tail_binning,treated,Exposed,-9,estimated,0.1404078116232809,0.2881056769201218,0.08316894506244583,12,115.07429895465624,97.76502204706001,135.44817975422137,thin,12,7
income_pnad,income_3_5sm,Mais de 3 até 5 salários mínimos,ln_admissoes,Admissões (log),strict_no_tail_binning,treated,Exposed,-8,estimated,0.016751777867329214,0.25173282601251257,0.07266900743109468,12,101.6892875676816,88.18974701768096,117.25525421849161,thin,12,7
income_pnad,income_3_5sm,Mais de 3 até 5 salários mínimos,ln_admissoes,Admissões (log),strict_no_tail_binning,treated,Exposed,-7,estimated,-0.10023574319405953,0.4262852420734579,0.12305794963133786,12,90.4624133914055,71.07536987380865,115.1376102738109,thin,12,7
income_pnad,income_3_5sm,Mais de 3 até 5 salários mínimos,ln_admissoes,Admissões (log),strict_no_tail_binning,treated,Exposed,-6,estimated,-0.01359912969686213,0.2641560517973839,0.07625528380664416,12,98.64929207264008,84.95406511720802,114.55229144134071,thin,12,7
income_pnad,income_3_5sm,Mais de 3 até 5 salários mínimos,ln_admissoes,Admissões (log),strict_no_tail_binning,treated,Exposed,-5,estimated,-0.021150834860654815,0.13517856894045285,0.03902269158321942,12,97.90712753520094,90.69796095116399,105.68931783764741,thin,12,7
income_pnad,income_3_5sm,Mais de 3 até 5 salários mínimos,ln_admissoes,Admissões (log),strict_no_tail_binning,treated,Exposed,-4,estimated,0.19587524234269696,0.356230737435656,0.10283495607604744,12,121.6375143754467,99.43348363380531,148.79982439242207,thin,12,7
income_pnad,income_3_5sm,Mais de 3 até 5 salários mínimos,ln_admissoes,Admissões (log),strict_no_tail_binning,treated,Exposed,-3,estimated,-0.018494962688486955,0.22502447534432832,0.06495897070715113,12,98.1675019582215,86.43179801758761,111.49667902033534,thin,12,7
income_pnad,income_3_5sm,Mais de 3 até 5 salários mínimos,ln_admissoes,Admissões (log),strict_no_tail_binning,treated,Exposed,-2,estimated,0.002597669563667896,0.3103343573604879,0.08958581238043362,12,100.26010464306106,84.11455865942486,119.50474142933925,thin,12,7
income_pnad,income_3_5sm,Mais de 3 até 5 salários mínimos,ln_admissoes,Admissões (log),strict_no_tail_binning,treated,Exposed,-1,estimated,-0.21865689612001862,0.24427493045487886,0.07051609842720072,12,80.35973882410323,69.9864559535613,92.27053343239736,thin,12,7
income_pnad,income_3_5sm,Mais de 3 até 5 salários mínimos,ln_admissoes,Admissões (log),strict_no_tail_binning,treated,Exposed,0,estimated,-0.3958224116052728,0.2434564047950425,0.07027981042217814,12,67.31262247293076,58.65069036475956,77.25380751708528,thin,12,7
income_pnad,income_3_5sm,Mais de 3 até 5 salários mínimos,ln_admissoes,Admissões (log),strict_no_tail_binning,treated,Exposed,1,estimated,-0.04992494873323775,0.2140406060762616,0.06178820076782014,12,95.13008181530628,84.27964390207097,107.37744071038358,thin,12,7
income_pnad,income_3_5sm,Mais de 3 até 5 salários mínimos,ln_admissoes,Admissões (log),strict_no_tail_binning,treated,Exposed,2,estimated,-0.1403128467006107,0.36625781538931,0.10572952415391121,12,86.90863020821509,70.64218391528219,106.92067524025535,thin,12,7
income_pnad,income_3_5sm,Mais de 3 até 5 salários mínimos,ln_admissoes,Admissões (log),strict_no_tail_binning,treated,Exposed,3,estimated,-0.05083813031077785,0.26116796409585763,0.07539269718722497,12,95.04325042956762,81.98713700692733,110.17849606645326,thin,12,7
income_pnad,income_3_5sm,Mais de 3 até 5 salários mínimos,ln_admissoes,Admissões (log),strict_no_tail_binning,treated,Exposed,4,estimated,-0.031465948090175666,0.32263703126550697,0.09313728842584108,12,96.90239530082042,80.73362479188066,116.30933504153549,thin,12,7
income_pnad,income_3_5sm,Mais de 3 até 5 salários mínimos,ln_admissoes,Admissões (log),strict_no_tail_binning,treated,Exposed,5,estimated,-0.003566541910030548,0.3637054832952586,0.10499272934313025,12,99.64398106461041,81.11094384064968,122.41163143053508,thin,12,7
income_pnad,income_3_5sm,Mais de 3 até 5 salários mínimos,ln_admissoes,Admissões (log),strict_no_tail_binning,treated,Exposed,6,estimated,-0.14830545580466584,0.3476905600010923,0.10036961920566118,12,86.21677205815782,70.81991713049091,104.96103476698342,thin,12,7
income_pnad,income_3_5sm,Mais de 3 até 5 salários mínimos,ln_admissoes,Admissões (log),strict_no_tail_binning,treated,Exposed,7,estimated,-0.0013513429084686113,0.25578758407553787,0.07383951526068791,12,99.8649569744211,86.40913446261574,115.41615008095845,thin,12,7
income_pnad,income_3_5sm,Mais de 3 até 5 salários mínimos,ln_admissoes,Admissões (log),strict_no_tail_binning,treated,Exposed,8,estimated,-0.11040581537619992,0.23468517935481886,0.06774777573766014,12,89.54706657856465,78.41213747971543,102.26321320344387,thin,12,7
income_pnad,income_3_5sm,Mais de 3 até 5 salários mínimos,ln_admissoes,Admissões (log),strict_no_tail_binning,treated,Exposed,9,estimated,-0.17954752992450207,0.28038935459931313,0.08094143467790944,12,83.56482317018758,71.3057838534819,97.93146213515375,thin,12,7
income_pnad,income_3_5sm,Mais de 3 até 5 salários mínimos,ln_admissoes,Admissões (log),strict_no_tail_binning,treated,Exposed,10,estimated,-0.11383952124304804,0.21564149245293462,0.06225033685807723,12,89.24011558200155,78.98990065646305,100.82046138688727,thin,12,7
income_pnad,income_3_5sm,Mais de 3 até 5 salários mínimos,ln_admissoes,Admissões (log),strict_no_tail_binning,treated,Exposed,11,estimated,-0.161613844655386,0.4190073275791316,0.12095699668511868,12,85.07696703719829,67.11990372790133,107.83821069814337,thin,12,7
income_pnad,income_3_5sm,Mais de 3 até 5 salários mínimos,ln_admissoes,Admissões (log),strict_no_tail_binning,treated,Exposed,12,estimated,-0.23686284652416636,0.3510441701526957,0.10133772306755383,12,78.90995083363906,64.6950959740429,96.24810423135712,thin,12,7
income_pnad,income_3_5sm,Mais de 3 até 5 salários mínimos,ln_admissoes,Admissões (log),strict_no_tail_binning,treated,Exposed,13,estimated,-0.03055852720927621,0.1592365389061928,0.045967629301157366,12,96.99036646512486,88.63396225710693,106.13461191942741,thin,12,7
income_pnad,income_3_5sm,Mais de 3 até 5 salários mínimos,ln_admissoes,Admissões (log),strict_no_tail_binning,treated,Exposed,14,estimated,-0.13637003833085148,0.2387404013627936,0.0689184174966241,12,87.25197070089847,76.22732920400101,99.87108915775657,thin,12,7
income_pnad,income_3_5sm,Mais de 3 até 5 salários mínimos,ln_admissoes,Admissões (log),strict_no_tail_binning,treated,Exposed,15,estimated,0.0381024023003545,0.40990148392894704,0.11832836604380233,12,103.88376067925684,82.38051914677497,130.999850991927,thin,12,7
income_pnad,income_3_5sm,Mais de 3 até 5 salários mínimos,ln_admissoes,Admissões (log),strict_no_tail_binning,treated,Exposed,16,estimated,0.043240187779441275,0.3721061605926952,0.10741779599265534,12,104.41886660903394,84.59468957170238,128.88870163266685,thin,12,7
income_pnad,income_3_5sm,Mais de 3 até 5 salários mínimos,ln_admissoes,Admissões (log),strict_no_tail_binning,treated,Exposed,17,estimated,0.08778723285756031,0.299605416542189,0.08648863394565139,12,109.17558075512154,92.15202844621817,129.34395079728952,thin,12,7
income_pnad,income_3_5sm,Mais de 3 até 5 salários mínimos,ln_admissoes,Admissões (log),strict_no_tail_binning,treated,Exposed,18,estimated,0.10554928528463542,0.3702566903484423,0.10688389992096653,12,111.1320874938796,90.12765258203952,137.0316491878594,thin,12,7
income_pnad,income_3_5sm,Mais de 3 até 5 salários mínimos,ln_admissoes,Admissões (log),strict_no_tail_binning,treated,Exposed,19,estimated,0.061285770746075184,0.24898358866454431,0.07187537096963686,12,106.32027030078166,92.34949419936659,122.40456728899775,thin,12,7
income_pnad,income_3_5sm,Mais de 3 até 5 salários mínimos,ln_admissoes,Admissões (log),strict_no_tail_binning,treated,Exposed,20,estimated,0.07276912220969346,0.2410107538043565,0.06957381179326992,12,107.54822032938374,93.83844534098927,123.26099024751522,thin,12,7
income_pnad,income_3_5sm,Mais de 3 até 5 salários mínimos,ln_admissoes,Admissões (log),strict_no_tail_binning,treated,Exposed,21,estimated,0.11232977368550384,0.2777401376008589,0.0801766716043098,12,111.88817775795887,95.61729209248843,130.92782746751806,thin,12,7
income_pnad,income_3_5sm,Mais de 3 até 5 salários mínimos,ln_admissoes,Admissões (log),strict_no_tail_binning,treated,Exposed,22,estimated,0.25129966522796093,0.5086904395460288,0.1468462811030444,12,128.5695304786322,96.41397309725961,171.4494656373182,thin,12,7
income_pnad,income_3_5sm,Mais de 3 até 5 salários mínimos,ln_admissoes,Admissões (log),strict_no_tail_binning,treated,Exposed,23,estimated,-0.011688070913555467,0.29731294937581154,0.08582685567784319,12,98.83799692432315,83.53464683449933,116.94488462214929,thin,12,7
income_pnad,income_3_5sm,Mais de 3 até 5 salários mínimos,ln_admissoes,Admissões (log),strict_no_tail_binning,treated,Exposed,24,estimated,-0.30045512300008187,0.5289805198015902,0.15270352275175814,12,74.04811339843789,54.89466452164351,99.8844449756327,thin,12,7
income_pnad,income_3_5sm,Mais de 3 até 5 salários mínimos,ln_admissoes,Admissões (log),strict_no_tail_binning,control,Not Exposed,-12,estimated,-0.36024389764547177,0.19887281825286005,0.07516685994680207,7,69.75061852071224,60.19559897091356,80.822333645567,thin,12,7
income_pnad,income_3_5sm,Mais de 3 até 5 salários mínimos,ln_admissoes,Admissões (log),strict_no_tail_binning,control,Not Exposed,-11,estimated,-0.08831947055738341,0.11602822692611311,0.04385454764432337,7,91.54683648125683,84.00663653132989,99.76382361886834,thin,12,7
income_pnad,income_3_5sm,Mais de 3 até 5 salários mínimos,ln_admissoes,Admissões (log),strict_no_tail_binning,control,Not Exposed,-10,estimated,-0.03645965873482471,0.147884960586288,0.05589526119398668,7,96.41969900382152,86.41452847443391,107.5832793410199,thin,12,7
income_pnad,income_3_5sm,Mais de 3 até 5 salários mínimos,ln_admissoes,Admissões (log),strict_no_tail_binning,control,Not Exposed,-9,estimated,0.031416867609875866,0.19365354150420963,0.0731941587610091,7,103.19155864206601,89.40052033158896,119.11002011490966,thin,12,7
income_pnad,income_3_5sm,Mais de 3 até 5 salários mínimos,ln_admissoes,Admissões (log),strict_no_tail_binning,control,Not Exposed,-8,estimated,0.04172108810437081,0.08375238772805615,0.03165542709089921,7,104.26036436353256,97.98815823122933,110.93405339413937,thin,12,7
income_pnad,income_3_5sm,Mais de 3 até 5 salários mínimos,ln_admissoes,Admissões (log),strict_no_tail_binning,control,Not Exposed,-7,estimated,0.06294657470789934,0.20242067960923757,0.07650782549467511,7,106.49699413812301,91.66690625870999,123.72632854485315,thin,12,7
income_pnad,income_3_5sm,Mais de 3 até 5 salários mínimos,ln_admissoes,Admissões (log),strict_no_tail_binning,control,Not Exposed,-6,estimated,0.014044382444762629,0.12232971020980118,0.046236284452818986,7,101.41434681061313,92.62799806867025,111.03413604381875,thin,12,7
income_pnad,income_3_5sm,Mais de 3 até 5 salários mínimos,ln_admissoes,Admissões (log),strict_no_tail_binning,control,Not Exposed,-5,estimated,0.0396868586258865,0.04731271789201576,0.01788252648468997,7,104.04849043007012,100.46478747329559,107.76002849410358,thin,12,7
income_pnad,income_3_5sm,Mais de 3 até 5 salários mínimos,ln_admissoes,Admissões (log),strict_no_tail_binning,control,Not Exposed,-4,estimated,0.12939169749056528,0.11555070960366802,0.04367406306119263,7,113.81358418199528,104.47634894234517,123.98530457357846,thin,12,7
income_pnad,income_3_5sm,Mais de 3 até 5 salários mínimos,ln_admissoes,Admissões (log),strict_no_tail_binning,control,Not Exposed,-3,estimated,0.17757891556324928,0.07739650118772712,0.029253127784177307,7,119.43223048010216,112.77706242549155,126.48013142633576,thin,12,7
income_pnad,income_3_5sm,Mais de 3 até 5 salários mínimos,ln_admissoes,Admissões (log),strict_no_tail_binning,control,Not Exposed,-2,estimated,0.045890824707911095,0.12359721352687213,0.046715355676093154,7,104.6960102542223,95.5355962433831,114.7347689674508,thin,12,7
income_pnad,income_3_5sm,Mais de 3 até 5 salários mínimos,ln_admissoes,Admissões (log),strict_no_tail_binning,control,Not Exposed,-1,estimated,-0.05765418231684359,0.1036448465738653,0.03917406981541321,7,94.39763347073239,87.42093866836116,101.93110873218887,thin,12,7
income_pnad,income_3_5sm,Mais de 3 até 5 salários mínimos,ln_admissoes,Admissões (log),strict_no_tail_binning,control,Not Exposed,0,estimated,-0.1945270382885599,0.25770636878210806,0.09740385186785104,7,82.32239193897219,68.01522641912537,99.63910393817518,thin,12,7
income_pnad,income_3_5sm,Mais de 3 até 5 salários mínimos,ln_admissoes,Admissões (log),strict_no_tail_binning,control,Not Exposed,1,estimated,0.183195109615871,0.27301940990535944,0.10319163738616936,7,120.1048721376369,98.11200030196142,147.02768536775747,thin,12,7
income_pnad,income_3_5sm,Mais de 3 até 5 salários mínimos,ln_admissoes,Admissões (log),strict_no_tail_binning,control,Not Exposed,2,estimated,0.11850464533510115,0.260304937460889,0.09838601850910476,7,112.58121038643219,92.83634715571858,136.5255023532383,thin,12,7
income_pnad,income_3_5sm,Mais de 3 até 5 salários mínimos,ln_admissoes,Admissões (log),strict_no_tail_binning,control,Not Exposed,3,estimated,0.2313251369145291,0.04615772428682908,0.01744597993537656,7,126.02689327946928,121.79035954047548,130.41079679542534,thin,12,7
income_pnad,income_3_5sm,Mais de 3 até 5 salários mínimos,ln_admissoes,Admissões (log),strict_no_tail_binning,control,Not Exposed,4,estimated,0.1780615624222568,0.08521374940845293,0.03220776988830626,7,119.48988798399496,112.17997704226181,127.27612990194088,thin,12,7
income_pnad,income_3_5sm,Mais de 3 até 5 salários mínimos,ln_admissoes,Admissões (log),strict_no_tail_binning,control,Not Exposed,5,estimated,0.0127368461997861,0.20454482443300753,0.07731067677358659,7,101.28183053019717,87.04089848409082,117.85274938795031,thin,12,7
income_pnad,income_3_5sm,Mais de 3 até 5 salários mínimos,ln_admissoes,Admissões (log),strict_no_tail_binning,control,Not Exposed,6,estimated,0.06579142179805407,0.12001740463277373,0.045362315093961506,7,106.8003931592971,97.71464741755011,116.73095365364634,thin,12,7
income_pnad,income_3_5sm,Mais de 3 até 5 salários mínimos,ln_admissoes,Admissões (log),strict_no_tail_binning,control,Not Exposed,7,estimated,0.005903137550448737,0.12878238120151145,0.048675164843702684,7,100.59205954020463,91.43880954657878,110.66157239706398,thin,12,7
income_pnad,income_3_5sm,Mais de 3 até 5 salários mínimos,ln_admissoes,Admissões (log),strict_no_tail_binning,control,Not Exposed,8,estimated,0.05556785114027792,0.1218047448670393,0.04603786620369388,7,105.7140742843894,96.5927628204683,115.69671656019021,thin,12,7
income_pnad,income_3_5sm,Mais de 3 até 5 salários mínimos,ln_admissoes,Admissões (log),strict_no_tail_binning,control,Not Exposed,9,estimated,-0.03228670774025603,0.11754430755583734,0.04442757226057658,7,96.82289435480862,88.74840324757946,105.63201734559794,thin,12,7
income_pnad,income_3_5sm,Mais de 3 até 5 salários mínimos,ln_admissoes,Admissões (log),strict_no_tail_binning,control,Not Exposed,10,estimated,-0.12195885462631535,0.25917809294363475,0.09796011131497742,7,88.51847890122781,73.05477579895955,107.25542610040708,thin,12,7
income_pnad,income_3_5sm,Mais de 3 até 5 salários mínimos,ln_admissoes,Admissões (log),strict_no_tail_binning,control,Not Exposed,11,estimated,-0.24109279525334587,0.18489250333009638,0.06988279758451667,7,78.57687073988554,68.51872787039186,90.11148932817117,thin,12,7
income_pnad,income_3_5sm,Mais de 3 até 5 salários mínimos,ln_admissoes,Admissões (log),strict_no_tail_binning,control,Not Exposed,12,estimated,-0.2892276794909751,0.2688692234606799,0.10162301435371601,7,74.88416900971647,61.36019888678682,91.38886232461866,thin,12,7
income_pnad,income_3_5sm,Mais de 3 até 5 salários mínimos,ln_admissoes,Admissões (log),strict_no_tail_binning,control,Not Exposed,13,estimated,0.057122447919196774,0.1958407563944657,0.07402084828436267,7,105.87854485334267,91.57989596893276,122.40968546267214,thin,12,7
income_pnad,income_3_5sm,Mais de 3 até 5 salários mínimos,ln_admissoes,Admissões (log),strict_no_tail_binning,control,Not Exposed,14,estimated,0.018741548892788833,0.194246436881792,0.07341825214994663,7,101.89182740280667,88.2357280274992,117.66145895286031,thin,12,7
income_pnad,income_3_5sm,Mais de 3 até 5 salários mínimos,ln_admissoes,Admissões (log),strict_no_tail_binning,control,Not Exposed,15,estimated,0.10763720138052246,0.11900236965333386,0.044978667932871585,7,111.36436437106067,101.96699660394937,121.62780178709332,thin,12,7
income_pnad,income_3_5sm,Mais de 3 até 5 salários mínimos,ln_admissoes,Admissões (log),strict_no_tail_binning,control,Not Exposed,16,estimated,0.14631914266983884,0.17660932416203515,0.06675205013541939,7,115.75655576694462,101.56056402071663,131.93684312635833,thin,12,7
income_pnad,income_3_5sm,Mais de 3 até 5 salários mínimos,ln_admissoes,Admissões (log),strict_no_tail_binning,control,Not Exposed,17,estimated,0.15464976089676302,0.32295870166874885,0.12206691547997289,7,116.724907323638,91.88784823994138,148.2753623105254,thin,12,7
income_pnad,income_3_5sm,Mais de 3 até 5 salários mínimos,ln_admissoes,Admissões (log),strict_no_tail_binning,control,Not Exposed,18,estimated,-0.015039214079230081,0.12193784662314724,0.04608817393879783,7,98.50733101028275,89.99896326524099,107.82006715089724,thin,12,7
income_pnad,income_3_5sm,Mais de 3 até 5 salários mínimos,ln_admissoes,Admissões (log),strict_no_tail_binning,control,Not Exposed,19,estimated,0.2092142077178623,0.16496509579876367,0.062350945498496395,7,123.27090260381361,109.09036118877734,139.29475769599125,thin,12,7
income_pnad,income_3_5sm,Mais de 3 até 5 salários mínimos,ln_admissoes,Admissões (log),strict_no_tail_binning,control,Not Exposed,20,estimated,0.06778427325254656,0.18585249117392103,0.0702456388840031,7,107.01344269567446,93.24896945369879,122.8096887790984,thin,12,7
income_pnad,income_3_5sm,Mais de 3 até 5 salários mínimos,ln_admissoes,Admissões (log),strict_no_tail_binning,control,Not Exposed,21,estimated,0.01386432297402023,0.2545511802046057,0.09621130267991063,7,101.39608784090024,83.9700641122963,122.43847540345057,thin,12,7
income_pnad,income_3_5sm,Mais de 3 até 5 salários mínimos,ln_admissoes,Admissões (log),strict_no_tail_binning,control,Not Exposed,22,estimated,-0.04530196903871949,0.17700625978424336,0.0669020776986859,7,95.57088437745644,83.82574204797362,108.96168310042349,thin,12,7
income_pnad,income_3_5sm,Mais de 3 até 5 salários mínimos,ln_admissoes,Admissões (log),strict_no_tail_binning,control,Not Exposed,23,estimated,-0.20998995369449855,0.15820380316794488,0.0597954170924278,7,81.05923893880623,72.09474918436983,91.13840177923788,thin,12,7
income_pnad,income_3_5sm,Mais de 3 até 5 salários mínimos,ln_admissoes,Admissões (log),strict_no_tail_binning,control,Not Exposed,24,estimated,-0.2550914077796746,0.4671824645174151,0.17657837400047677,7,77.48456678018321,54.816166806754566,109.5271420615435,thin,12,7
income_pnad,income_3_5sm,Mais de 3 até 5 salários mínimos,ln_salario_real_adm,Salário real de admissão (log),strict_no_tail_binning,treated,Exposed,-12,estimated,0.15692504238624597,0.23864107091760656,0.06888974326699036,12,116.9907917108405,102.21427361516548,133.90346436995623,thin,12,7
income_pnad,income_3_5sm,Mais de 3 até 5 salários mínimos,ln_salario_real_adm,Salário real de admissão (log),strict_no_tail_binning,treated,Exposed,-11,estimated,0.019153755889280106,0.22831503465806674,0.06590887335993678,12,101.93383658459187,89.58093784594466,115.99015695418578,thin,12,7
income_pnad,income_3_5sm,Mais de 3 até 5 salários mínimos,ln_salario_real_adm,Salário real de admissão (log),strict_no_tail_binning,treated,Exposed,-10,estimated,-0.1405032888594905,0.2074101652045547,0.059874157356757204,12,86.89208071696339,77.27060014017437,97.71159635911486,thin,12,7
income_pnad,income_3_5sm,Mais de 3 até 5 salários mínimos,ln_salario_real_adm,Salário real de admissão (log),strict_no_tail_binning,treated,Exposed,-9,estimated,-0.0006187664267286822,0.20577855225718517,0.05940315126956867,12,99.93814249697381,88.95416553362858,112.27841063800075,thin,12,7
income_pnad,income_3_5sm,Mais de 3 até 5 salários mínimos,ln_salario_real_adm,Salário real de admissão (log),strict_no_tail_binning,treated,Exposed,-8,estimated,-0.022948044665876594,0.13973673647790466,0.040338521210599027,12,97.73132590911607,90.30191251343584,105.77197977432344,thin,12,7
income_pnad,income_3_5sm,Mais de 3 até 5 salários mínimos,ln_salario_real_adm,Salário real de admissão (log),strict_no_tail_binning,treated,Exposed,-7,estimated,-0.11905107885633703,0.4286165567687484,0.1237309422147837,12,88.77624537129876,69.65862042891156,113.14065213605598,thin,12,7
income_pnad,income_3_5sm,Mais de 3 até 5 salários mínimos,ln_salario_real_adm,Salário real de admissão (log),strict_no_tail_binning,treated,Exposed,-6,estimated,-0.05132986814983168,0.2010417269439025,0.05803574758470467,12,94.99652555612043,84.7825931756541,106.4409512579764,thin,12,7
income_pnad,income_3_5sm,Mais de 3 até 5 salários mínimos,ln_salario_real_adm,Salário real de admissão (log),strict_no_tail_binning,treated,Exposed,-5,estimated,0.055007174341135556,0.29702578873720065,0.08574395954184186,12,105.65481946854783,89.3105122775045,124.99022334846859,thin,12,7
income_pnad,income_3_5sm,Mais de 3 até 5 salários mínimos,ln_salario_real_adm,Salário real de admissão (log),strict_no_tail_binning,treated,Exposed,-4,estimated,0.0447794348373316,0.13146222839040547,0.037949876474734336,12,104.579716804587,97.08315341120519,112.65514955620807,thin,12,7
income_pnad,income_3_5sm,Mais de 3 até 5 salários mínimos,ln_salario_real_adm,Salário real de admissão (log),strict_no_tail_binning,treated,Exposed,-3,estimated,0.05173043620883814,0.3699100496384624,0.10678383336735706,12,105.30918288228395,85.42205381051637,129.82623929804208,thin,12,7
income_pnad,income_3_5sm,Mais de 3 até 5 salários mínimos,ln_salario_real_adm,Salário real de admissão (log),strict_no_tail_binning,treated,Exposed,-2,estimated,0.0030562234949118583,0.1268754948344607,0.03662580054812143,12,100.30608985073516,93.35783896791213,107.77147128054145,thin,12,7
income_pnad,income_3_5sm,Mais de 3 até 5 salários mínimos,ln_salario_real_adm,Salário real de admissão (log),strict_no_tail_binning,treated,Exposed,-1,estimated,0.003798979800523128,0.0811313667218073,0.023420608208278848,12,100.38062050709404,95.87687092424784,105.09593060614661,thin,12,7
income_pnad,income_3_5sm,Mais de 3 até 5 salários mínimos,ln_salario_real_adm,Salário real de admissão (log),strict_no_tail_binning,treated,Exposed,0,estimated,0.023255953027629356,0.1832480339476619,0.05289915086407614,12,102.35284812370406,92.27228294782283,113.53469519073185,thin,12,7
income_pnad,income_3_5sm,Mais de 3 até 5 salários mínimos,ln_salario_real_adm,Salário real de admissão (log),strict_no_tail_binning,treated,Exposed,1,estimated,-0.0455785488372733,0.1616615076453467,0.046667657478320836,12,95.54445505658431,87.19291071702617,104.695930173565,thin,12,7
income_pnad,income_3_5sm,Mais de 3 até 5 salários mínimos,ln_salario_real_adm,Salário real de admissão (log),strict_no_tail_binning,treated,Exposed,2,estimated,0.05583297306815297,0.22175997849790222,0.06401659164062473,12,105.74210511919748,93.272996505615,119.87813422898121,thin,12,7
income_pnad,income_3_5sm,Mais de 3 até 5 salários mínimos,ln_salario_real_adm,Salário real de admissão (log),strict_no_tail_binning,treated,Exposed,3,estimated,-0.09714456465757652,0.1756408670487148,0.05070315093563738,12,90.74248150930369,82.15826478896597,100.22361075440085,thin,12,7
income_pnad,income_3_5sm,Mais de 3 até 5 salários mínimos,ln_salario_real_adm,Salário real de admissão (log),strict_no_tail_binning,treated,Exposed,4,estimated,0.03415806123496375,0.19838430258198117,0.0572686152493515,12,103.47481473731095,92.48826405003815,115.76644231454148,thin,12,7
income_pnad,income_3_5sm,Mais de 3 até 5 salários mínimos,ln_salario_real_adm,Salário real de admissão (log),strict_no_tail_binning,treated,Exposed,5,estimated,0.009206000637548062,0.25875038854131716,0.07469480323862486,12,100.92485061966919,87.17994991228744,116.83678968444684,thin,12,7
income_pnad,income_3_5sm,Mais de 3 até 5 salários mínimos,ln_salario_real_adm,Salário real de admissão (log),strict_no_tail_binning,treated,Exposed,6,estimated,0.07714206824471,0.19895872349328858,0.057434436283237245,12,108.01955269745758,96.5190848365255,120.8903273867681,thin,12,7
income_pnad,income_3_5sm,Mais de 3 até 5 salários mínimos,ln_salario_real_adm,Salário real de admissão (log),strict_no_tail_binning,treated,Exposed,7,estimated,0.03446072633847752,0.29275961335240613,0.08451242078843123,12,103.50613769276815,87.70567158479604,122.15310990140675,thin,12,7
income_pnad,income_3_5sm,Mais de 3 até 5 salários mínimos,ln_salario_real_adm,Salário real de admissão (log),strict_no_tail_binning,treated,Exposed,8,estimated,0.029269265234824687,0.17558078456741325,0.05068580661726087,12,102.97018200522265,93.23239715540174,113.72504307183704,thin,12,7
income_pnad,income_3_5sm,Mais de 3 até 5 salários mínimos,ln_salario_real_adm,Salário real de admissão (log),strict_no_tail_binning,treated,Exposed,9,estimated,0.014341258603842277,0.2844534359060657,0.0821146338961405,12,101.44445878191183,86.36364071284721,119.15868914989076,thin,12,7
income_pnad,income_3_5sm,Mais de 3 até 5 salários mínimos,ln_salario_real_adm,Salário real de admissão (log),strict_no_tail_binning,treated,Exposed,10,estimated,0.05608116638687166,0.23332173544961726,0.0673541833848136,12,105.76835286031756,92.68782746946238,120.69486115067679,thin,12,7
income_pnad,income_3_5sm,Mais de 3 até 5 salários mínimos,ln_salario_real_adm,Salário real de admissão (log),strict_no_tail_binning,treated,Exposed,11,estimated,-0.003461814738976887,0.1907056816182247,0.05505198830913655,12,99.65441704331556,89.46133083103864,111.00888779532328,thin,12,7
income_pnad,income_3_5sm,Mais de 3 até 5 salários mínimos,ln_salario_real_adm,Salário real de admissão (log),strict_no_tail_binning,treated,Exposed,12,estimated,-0.02398901731586678,0.20089930786875884,0.05799463473901871,12,97.6296432054363,87.13962215258174,109.38247145174704,thin,12,7
income_pnad,income_3_5sm,Mais de 3 até 5 salários mínimos,ln_salario_real_adm,Salário real de admissão (log),strict_no_tail_binning,treated,Exposed,13,estimated,-0.035560623252595715,0.14171620866165124,0.04090994560966876,12,96.50642271241608,89.07031102378804,104.5633445948132,thin,12,7
income_pnad,income_3_5sm,Mais de 3 até 5 salários mínimos,ln_salario_real_adm,Salário real de admissão (log),strict_no_tail_binning,treated,Exposed,14,estimated,0.04766542382010508,0.23265422232887054,0.06716148894483823,12,104.88196865307273,91.94578330885774,119.6381927770733,thin,12,7
income_pnad,income_3_5sm,Mais de 3 até 5 salários mínimos,ln_salario_real_adm,Salário real de admissão (log),strict_no_tail_binning,treated,Exposed,15,estimated,-0.003656056827715748,0.16237904674328932,0.04687479317399646,12,99.63506184105533,90.88905024160573,109.2226788780617,thin,12,7
income_pnad,income_3_5sm,Mais de 3 até 5 salários mínimos,ln_salario_real_adm,Salário real de admissão (log),strict_no_tail_binning,treated,Exposed,16,estimated,0.012444692721525966,0.12713786009621134,0.0367015388753703,12,101.25224501308954,94.2244651201794,108.80419546149389,thin,12,7
income_pnad,income_3_5sm,Mais de 3 até 5 salários mínimos,ln_salario_real_adm,Salário real de admissão (log),strict_no_tail_binning,treated,Exposed,17,estimated,0.11871712600813389,0.32761497775664394,0.09457429779917582,12,112.60513425937624,93.55239824016039,135.53812088302922,thin,12,7
income_pnad,income_3_5sm,Mais de 3 até 5 salários mínimos,ln_salario_real_adm,Salário real de admissão (log),strict_no_tail_binning,treated,Exposed,18,estimated,0.14592222121682363,0.20328952548046766,0.05868463112978965,12,115.71061862395544,103.13827154977717,129.81550942393497,thin,12,7
income_pnad,income_3_5sm,Mais de 3 até 5 salários mínimos,ln_salario_real_adm,Salário real de admissão (log),strict_no_tail_binning,treated,Exposed,19,estimated,0.09938078560543777,0.2157062998152436,0.062269045132114516,12,110.44867921668882,97.75884132712311,124.78575415895861,thin,12,7
income_pnad,income_3_5sm,Mais de 3 até 5 salários mínimos,ln_salario_real_adm,Salário real de admissão (log),strict_no_tail_binning,treated,Exposed,20,estimated,0.0990709344569655,0.2620005535304798,0.07563304505432673,12,110.41446186800243,95.2019430843171,128.0578210342104,thin,12,7
income_pnad,income_3_5sm,Mais de 3 até 5 salários mínimos,ln_salario_real_adm,Salário real de admissão (log),strict_no_tail_binning,treated,Exposed,21,estimated,0.11602021553647764,0.22573223416411556,0.06516328307971388,12,112.30185743267398,98.83683574418446,127.60128435789895,thin,12,7
income_pnad,income_3_5sm,Mais de 3 até 5 salários mínimos,ln_salario_real_adm,Salário real de admissão (log),strict_no_tail_binning,treated,Exposed,22,estimated,0.08654469683318207,0.16521094188534777,0.04769229088528858,12,109.0400104060144,99.30917789246499,119.72432076940851,thin,12,7
income_pnad,income_3_5sm,Mais de 3 até 5 salários mínimos,ln_salario_real_adm,Salário real de admissão (log),strict_no_tail_binning,treated,Exposed,23,estimated,-0.05587074106337401,0.12404508011322637,0.03580873019750997,12,94.56613631729537,88.15656079852164,101.44173113127233,thin,12,7
income_pnad,income_3_5sm,Mais de 3 até 5 salários mínimos,ln_salario_real_adm,Salário real de admissão (log),strict_no_tail_binning,treated,Exposed,24,estimated,-0.004640962462400348,0.33706788898316437,0.09730311821980442,12,99.53697901632798,82.25425425845138,120.45103661831496,thin,12,7
income_pnad,income_3_5sm,Mais de 3 até 5 salários mínimos,ln_salario_real_adm,Salário real de admissão (log),strict_no_tail_binning,control,Not Exposed,-12,estimated,0.04723781712242011,0.08345733954671915,0.03154390936052784,7,104.83713000814596,98.55176476692624,111.52335885956042,thin,12,7
income_pnad,income_3_5sm,Mais de 3 até 5 salários mínimos,ln_salario_real_adm,Salário real de admissão (log),strict_no_tail_binning,control,Not Exposed,-11,estimated,0.014867312071510088,0.09728448739271066,0.03677008000935869,7,101.4978380301681,94.44032383757671,109.08275942081498,thin,12,7
income_pnad,income_3_5sm,Mais de 3 até 5 salários mínimos,ln_salario_real_adm,Salário real de admissão (log),strict_no_tail_binning,control,Not Exposed,-10,estimated,-0.05718706204231262,0.09943547211472305,0.03758307581626501,7,94.44173881964367,87.73494628714045,101.6612240473339,thin,12,7
income_pnad,income_3_5sm,Mais de 3 até 5 salários mínimos,ln_salario_real_adm,Salário real de admissão (log),strict_no_tail_binning,control,Not Exposed,-9,estimated,-0.09979679514788664,0.16341027950869547,0.0617632801787946,7,90.50213040723129,80.18346821884555,102.14868214346522,thin,12,7
income_pnad,income_3_5sm,Mais de 3 até 5 salários mínimos,ln_salario_real_adm,Salário real de admissão (log),strict_no_tail_binning,control,Not Exposed,-8,estimated,0.047218936703886376,0.07733316560794783,0.029229189185143296,7,104.83515065793907,98.99802613337397,111.01644389016481,thin,12,7
income_pnad,income_3_5sm,Mais de 3 até 5 salários mínimos,ln_salario_real_adm,Salário real de admissão (log),strict_no_tail_binning,control,Not Exposed,-7,estimated,-0.031094279921740915,0.11030187668800959,0.041690190694312304,7,96.93841753034216,89.33230068730758,105.19215021876285,thin,12,7
income_pnad,income_3_5sm,Mais de 3 até 5 salários mínimos,ln_salario_real_adm,Salário real de admissão (log),strict_no_tail_binning,control,Not Exposed,-6,estimated,0.02218439415520506,0.08492240954400078,0.03209765376997202,7,102.24322976293175,96.00911921258401,108.88213659380679,thin,12,7
income_pnad,income_3_5sm,Mais de 3 até 5 salários mínimos,ln_salario_real_adm,Salário real de admissão (log),strict_no_tail_binning,control,Not Exposed,-5,estimated,-0.04820209065058988,0.05907720548288484,0.022329084837196395,7,95.29411871123567,91.21351610970432,99.55727449459587,thin,12,7
income_pnad,income_3_5sm,Mais de 3 até 5 salários mínimos,ln_salario_real_adm,Salário real de admissão (log),strict_no_tail_binning,control,Not Exposed,-4,estimated,0.020245935346749584,0.05034300472083387,0.01902786724901101,7,102.04522744526274,98.30958219793241,105.92282269484011,thin,12,7
income_pnad,income_3_5sm,Mais de 3 até 5 salários mínimos,ln_salario_real_adm,Salário real de admissão (log),strict_no_tail_binning,control,Not Exposed,-3,estimated,0.05975959403682702,0.101441323471711,0.0383412163673438,7,106.15813053896323,98.47286184419924,114.44319245395644,thin,12,7
income_pnad,income_3_5sm,Mais de 3 até 5 salários mínimos,ln_salario_real_adm,Salário real de admissão (log),strict_no_tail_binning,control,Not Exposed,-2,estimated,-0.024790060812200414,0.09179072588590821,0.03469363333660173,7,97.5514689293751,91.13852518449059,104.41565815351007,thin,12,7
income_pnad,income_3_5sm,Mais de 3 até 5 salários mínimos,ln_salario_real_adm,Salário real de admissão (log),strict_no_tail_binning,control,Not Exposed,-1,estimated,0.04955629913812994,0.07991605845519968,0.030205430918994143,7,105.08047499513091,99.04000312854558,111.48935658726573,thin,12,7
income_pnad,income_3_5sm,Mais de 3 até 5 salários mínimos,ln_salario_real_adm,Salário real de admissão (log),strict_no_tail_binning,control,Not Exposed,0,estimated,0.2217542553530793,0.3305686383222245,0.12494320117683741,7,124.82645858296691,97.7131130001308,159.46319059903752,thin,12,7
income_pnad,income_3_5sm,Mais de 3 até 5 salários mínimos,ln_salario_real_adm,Salário real de admissão (log),strict_no_tail_binning,control,Not Exposed,1,estimated,0.11583812664272385,0.2397390609093396,0.09061284781632557,7,112.28141037333528,94.01056136550287,134.10317875254702,thin,12,7
income_pnad,income_3_5sm,Mais de 3 até 5 salários mínimos,ln_salario_real_adm,Salário real de admissão (log),strict_no_tail_binning,control,Not Exposed,2,estimated,0.1120855629331002,0.1435290552915724,0.05424888374479139,7,111.8608567980554,100.57743584994527,124.41012417798545,thin,12,7
income_pnad,income_3_5sm,Mais de 3 até 5 salários mínimos,ln_salario_real_adm,Salário real de admissão (log),strict_no_tail_binning,control,Not Exposed,3,estimated,-0.01532067099601621,0.12427627559093642,0.04697201701127777,7,98.47960934202642,89.81790667860939,107.97661418296917,thin,12,7
income_pnad,income_3_5sm,Mais de 3 até 5 salários mínimos,ln_salario_real_adm,Salário real de admissão (log),strict_no_tail_binning,control,Not Exposed,4,estimated,0.014635143233853145,0.07275414763883316,0.02749848307154709,7,101.47427613036322,96.14988753984545,107.09350764361542,thin,12,7
income_pnad,income_3_5sm,Mais de 3 até 5 salários mínimos,ln_salario_real_adm,Salário real de admissão (log),strict_no_tail_binning,control,Not Exposed,5,estimated,0.003154709286357717,0.0954698013475251,0.036084193154612934,7,100.31596906185393,93.46620028777114,107.66773034353778,thin,12,7
income_pnad,income_3_5sm,Mais de 3 até 5 salários mínimos,ln_salario_real_adm,Salário real de admissão (log),strict_no_tail_binning,control,Not Exposed,6,estimated,0.04867211838045853,0.17731227331334795,0.06701773994094762,7,104.98760592370644,92.0643265253631,119.72495551308772,thin,12,7
income_pnad,income_3_5sm,Mais de 3 até 5 salários mínimos,ln_salario_real_adm,Salário real de admissão (log),strict_no_tail_binning,control,Not Exposed,7,estimated,-0.039250894307606386,0.1330713293724439,0.05029623487889306,7,96.15094416356936,87.12454714609007,106.11250636452492,thin,12,7
income_pnad,income_3_5sm,Mais de 3 até 5 salários mínimos,ln_salario_real_adm,Salário real de admissão (log),strict_no_tail_binning,control,Not Exposed,8,estimated,0.09429500958947098,0.33526309687614964,0.1267175397302354,7,109.88838793857161,85.72108411634672,140.8691680491155,thin,12,7
income_pnad,income_3_5sm,Mais de 3 até 5 salários mínimos,ln_salario_real_adm,Salário real de admissão (log),strict_no_tail_binning,control,Not Exposed,9,estimated,0.1149879731135796,0.4116894731892875,0.15560399477743542,7,112.18599450086634,82.6962560331428,152.19186412870192,thin,12,7
income_pnad,income_3_5sm,Mais de 3 até 5 salários mínimos,ln_salario_real_adm,Salário real de admissão (log),strict_no_tail_binning,control,Not Exposed,10,estimated,0.01965439735624435,0.06928547469220166,0.02618744792923215,7,101.9848816666491,96.88233349510915,107.35616818194704,thin,12,7
income_pnad,income_3_5sm,Mais de 3 até 5 salários mínimos,ln_salario_real_adm,Salário real de admissão (log),strict_no_tail_binning,control,Not Exposed,11,estimated,0.01842232361651064,0.0812528206990469,0.03071067955602849,7,101.8593061471331,95.90897625588256,108.17880300478153,thin,12,7
income_pnad,income_3_5sm,Mais de 3 até 5 salários mínimos,ln_salario_real_adm,Salário real de admissão (log),strict_no_tail_binning,control,Not Exposed,12,estimated,0.04530704390303798,0.16092624854014856,0.06082440472282917,7,104.63490856981963,92.8756402449781,117.8830537537695,thin,12,7
income_pnad,income_3_5sm,Mais de 3 até 5 salários mínimos,ln_salario_real_adm,Salário real de admissão (log),strict_no_tail_binning,control,Not Exposed,13,estimated,-0.0674210243273158,0.18013661671952041,0.06808524140805867,7,93.48015442816381,81.80203233743494,106.825454358722,thin,12,7
income_pnad,income_3_5sm,Mais de 3 até 5 salários mínimos,ln_salario_real_adm,Salário real de admissão (log),strict_no_tail_binning,control,Not Exposed,14,estimated,0.0008048698037835018,0.17910943411851563,0.06769700287758566,7,100.08051937984025,87.64450616364896,114.28109755831817,thin,12,7
income_pnad,income_3_5sm,Mais de 3 até 5 salários mínimos,ln_salario_real_adm,Salário real de admissão (log),strict_no_tail_binning,control,Not Exposed,15,estimated,-0.02650771422377802,0.20233179289786205,0.07647422947565252,7,97.38405313827755,83.82849470689742,113.13162473927316,thin,12,7
income_pnad,income_3_5sm,Mais de 3 até 5 salários mínimos,ln_salario_real_adm,Salário real de admissão (log),strict_no_tail_binning,control,Not Exposed,16,estimated,0.1134358880013505,0.30043749751937915,0.11355470042212315,7,112.01200734536529,89.6612662264441,139.93433639282838,thin,12,7
income_pnad,income_3_5sm,Mais de 3 até 5 salários mínimos,ln_salario_real_adm,Salário real de admissão (log),strict_no_tail_binning,control,Not Exposed,17,estimated,-0.06476122575045462,0.2972524567591035,0.11235086816965266,7,93.72912376724513,75.20376217483874,116.81794085981035,thin,12,7
income_pnad,income_3_5sm,Mais de 3 até 5 salários mínimos,ln_salario_real_adm,Salário real de admissão (log),strict_no_tail_binning,control,Not Exposed,18,estimated,0.08429940488781387,0.1865372692639747,0.07050446067393852,7,108.79545839699402,94.7536957003577,124.91810140306087,thin,12,7
income_pnad,income_3_5sm,Mais de 3 até 5 salários mínimos,ln_salario_real_adm,Salário real de admissão (log),strict_no_tail_binning,control,Not Exposed,19,estimated,0.06411964419380897,0.19856255943926154,0.07504959313782385,7,106.62199581577994,92.03718016443845,123.51801708210837,thin,12,7
income_pnad,income_3_5sm,Mais de 3 até 5 salários mínimos,ln_salario_real_adm,Salário real de admissão (log),strict_no_tail_binning,control,Not Exposed,20,estimated,0.011453438280627535,0.15198941674854374,0.05744659980434315,7,101.15192800362409,90.38047762965284,113.20710851713226,thin,12,7
income_pnad,income_3_5sm,Mais de 3 até 5 salários mínimos,ln_salario_real_adm,Salário real de admissão (log),strict_no_tail_binning,control,Not Exposed,21,estimated,-0.13674474671223205,0.14339986396265092,0.05420005401223823,7,87.21928278078616,78.42896678467544,96.99481710220802,thin,12,7
income_pnad,income_3_5sm,Mais de 3 até 5 salários mínimos,ln_salario_real_adm,Salário real de admissão (log),strict_no_tail_binning,control,Not Exposed,22,estimated,0.023926274757299533,0.11908951476156267,0.045011605687778615,7,102.42148046219906,93.77269481652995,111.86795559830121,thin,12,7
income_pnad,income_3_5sm,Mais de 3 até 5 salários mínimos,ln_salario_real_adm,Salário real de admissão (log),strict_no_tail_binning,control,Not Exposed,23,estimated,-0.0027291101695980607,0.16101653945568795,0.06085853148113853,7,99.72746104661164,88.51378956018299,112.36177477229323,thin,12,7
income_pnad,income_3_5sm,Mais de 3 até 5 salários mínimos,ln_salario_real_adm,Salário real de admissão (log),strict_no_tail_binning,control,Not Exposed,24,estimated,0.030655107075584404,0.25605835201446164,0.09678096007875718,7,103.11298131757256,85.29660144374127,124.65076845073084,thin,12,7
income_pnad,income_5_plus_sm,Mais de 5 salários mínimos,ln_admissoes,Admissões (log),strict_no_tail_binning,treated,Exposed,-12,estimated,-0.2135951974819322,0.06887411132624435,0.039764486714403434,3,80.76752678389265,74.71169164467601,87.31422404155502,thin,3,7
income_pnad,income_5_plus_sm,Mais de 5 salários mínimos,ln_admissoes,Admissões (log),strict_no_tail_binning,treated,Exposed,-11,estimated,0.08011073573999698,0.061365292122378456,0.03542926792575522,3,108.34070329121236,101.0726491306636,116.13139747094559,thin,3,7
income_pnad,income_5_plus_sm,Mais de 5 salários mínimos,ln_admissoes,Admissões (log),strict_no_tail_binning,treated,Exposed,-10,estimated,0.00808192189633298,0.1423658232863325,0.08219494639776675,3,100.81146687869258,85.81124108979749,118.43380570150094,thin,3,7
income_pnad,income_5_plus_sm,Mais de 5 salários mínimos,ln_admissoes,Admissões (log),strict_no_tail_binning,treated,Exposed,-9,estimated,0.0774546890161103,0.06408261052327628,0.03699811243598751,3,108.05332713236804,100.49506025802108,116.18005376978371,thin,3,7
income_pnad,income_5_plus_sm,Mais de 5 salários mínimos,ln_admissoes,Admissões (log),strict_no_tail_binning,treated,Exposed,-8,estimated,0.09735088052112999,0.08361841333832205,0.048277113450089636,3,110.22470628000023,100.27314618216421,121.16390416673069,thin,3,7
income_pnad,income_5_plus_sm,Mais de 5 salários mínimos,ln_admissoes,Admissões (log),strict_no_tail_binning,treated,Exposed,-7,estimated,0.07523038717048713,0.05687115698091161,0.03283457779205479,3,107.81325101725649,101.09339582381061,114.97978676241303,thin,3,7
income_pnad,income_5_plus_sm,Mais de 5 salários mínimos,ln_admissoes,Admissões (log),strict_no_tail_binning,treated,Exposed,-6,estimated,0.018319907495714993,0.09617575152428688,0.055527096032061594,3,101.84887464631662,91.3462275455125,113.55907677252199,thin,3,7
income_pnad,income_5_plus_sm,Mais de 5 salários mínimos,ln_admissoes,Admissões (log),strict_no_tail_binning,treated,Exposed,-5,estimated,-0.008423150093221032,0.08482399032944453,0.04897315365044302,3,99.16122252419271,90.08553922090641,109.1512371189815,thin,3,7
income_pnad,income_5_plus_sm,Mais de 5 salários mínimos,ln_admissoes,Admissões (log),strict_no_tail_binning,treated,Exposed,-4,estimated,0.1056632151394652,0.09685342845441955,0.055918352990097286,3,111.14474947775,99.60709821469376,124.01882554439784,thin,3,7
income_pnad,income_5_plus_sm,Mais de 5 salários mínimos,ln_admissoes,Admissões (log),strict_no_tail_binning,treated,Exposed,-3,estimated,0.01317368507873636,0.052966927849679456,0.03058047005215992,3,101.32608403662636,95.431255421918,107.58503868366189,thin,3,7
income_pnad,income_5_plus_sm,Mais de 5 salários mínimos,ln_admissoes,Admissões (log),strict_no_tail_binning,treated,Exposed,-2,estimated,-0.08323157278885003,0.037916821509241555,0.021891287105175607,3,92.01380436136921,88.14927555359245,96.04775694276573,thin,3,7
income_pnad,income_5_plus_sm,Mais de 5 salários mínimos,ln_admissoes,Admissões (log),strict_no_tail_binning,treated,Exposed,-1,estimated,-0.17013550169397126,0.08033110552122223,0.04637918539697789,3,84.35505063293832,77.02511064135531,92.38252964566442,thin,3,7
income_pnad,income_5_plus_sm,Mais de 5 salários mínimos,ln_admissoes,Admissões (log),strict_no_tail_binning,treated,Exposed,0,estimated,-0.5478019447912476,0.18804184393501067,0.10856600921479201,3,57.821937268925325,46.738996691103566,71.53290969482713,thin,3,7
income_pnad,income_5_plus_sm,Mais de 5 salários mínimos,ln_admissoes,Admissões (log),strict_no_tail_binning,treated,Exposed,1,estimated,0.008536512738373858,0.11102196646183639,0.06409856222270284,3,100.85730526637458,88.94992018147589,114.35868638039612,thin,3,7
income_pnad,income_5_plus_sm,Mais de 5 salários mínimos,ln_admissoes,Admissões (log),strict_no_tail_binning,treated,Exposed,2,estimated,-0.14110248258395833,0.11175063840430209,0.06451926116483635,3,86.84003112294418,76.52442351559134,98.54619818073435,thin,3,7
income_pnad,income_5_plus_sm,Mais de 5 salários mínimos,ln_admissoes,Admissões (log),strict_no_tail_binning,treated,Exposed,3,estimated,-0.08381927379512592,0.06938942809258425,0.0400620049881677,3,91.95974364327999,85.01514205225243,99.47162642791494,thin,3,7
income_pnad,income_5_plus_sm,Mais de 5 salários mínimos,ln_admissoes,Admissões (log),strict_no_tail_binning,treated,Exposed,4,estimated,-0.16447171329139287,0.07964723367851052,0.04598435180449708,3,84.83417534009251,77.52257181341845,92.83537861662963,thin,3,7
income_pnad,income_5_plus_sm,Mais de 5 salários mínimos,ln_admissoes,Admissões (log),strict_no_tail_binning,treated,Exposed,5,estimated,-0.21020626037978887,0.20997918705267216,0.12123154016907906,3,81.04170717970594,63.90196466723162,102.77866004281229,thin,3,7
income_pnad,income_5_plus_sm,Mais de 5 salários mínimos,ln_admissoes,Admissões (log),strict_no_tail_binning,treated,Exposed,6,estimated,-0.13489232233772755,0.18402923136747035,0.10624932626876893,3,87.38099964402174,70.9538158331643,107.6113949493844,thin,3,7
income_pnad,income_5_plus_sm,Mais de 5 salários mínimos,ln_admissoes,Admissões (log),strict_no_tail_binning,treated,Exposed,7,estimated,-0.1319039818773741,0.12357681326766959,0.07134710640568516,3,87.64251437363343,76.20490841823954,100.79679229552167,thin,3,7
income_pnad,income_5_plus_sm,Mais de 5 salários mínimos,ln_admissoes,Admissões (log),strict_no_tail_binning,treated,Exposed,8,estimated,-0.027108035246729518,0.07567373788792803,0.04369025294018043,3,97.32560898825959,89.33820777311809,106.0271344259696,thin,3,7
income_pnad,income_5_plus_sm,Mais de 5 salários mínimos,ln_admissoes,Admissões (log),strict_no_tail_binning,treated,Exposed,9,estimated,-0.14193898677493197,0.07554949083327533,0.04361851886973068,3,86.7674194471852,79.65771574042896,94.51168675306067,thin,3,7
income_pnad,income_5_plus_sm,Mais de 5 salários mínimos,ln_admissoes,Admissões (log),strict_no_tail_binning,treated,Exposed,10,estimated,-0.18151161730539833,0.07055221070653532,0.04073333784334136,3,83.40085563150961,77.00121696813348,90.3323738759413,thin,3,7
income_pnad,income_5_plus_sm,Mais de 5 salários mínimos,ln_admissoes,Admissões (log),strict_no_tail_binning,treated,Exposed,11,estimated,-0.12288507932519159,0.134860822442057,0.07786193214005593,3,88.43652885769842,75.91966332338774,103.01704846982891,thin,3,7
income_pnad,income_5_plus_sm,Mais de 5 salários mínimos,ln_admissoes,Admissões (log),strict_no_tail_binning,treated,Exposed,12,estimated,-0.40123031329040665,0.24749887578454896,0.1428935425583391,3,66.94958494881223,50.59579799577432,88.58931180792081,thin,3,7
income_pnad,income_5_plus_sm,Mais de 5 salários mínimos,ln_admissoes,Admissões (log),strict_no_tail_binning,treated,Exposed,13,estimated,0.007746932903992902,0.2195292218478173,0.1267452553288264,3,100.7777018027667,78.60980352570681,129.196928692566,thin,3,7
income_pnad,income_5_plus_sm,Mais de 5 salários mínimos,ln_admissoes,Admissões (log),strict_no_tail_binning,treated,Exposed,14,estimated,-0.05974644023013139,0.18353204495223097,0.10596227555809305,3,94.20033574594386,76.53419892156428,115.94428869298967,thin,3,7
income_pnad,income_5_plus_sm,Mais de 5 salários mínimos,ln_admissoes,Admissões (log),strict_no_tail_binning,treated,Exposed,15,estimated,-0.14143455601917942,0.16814885379736502,0.09708078600383573,3,86.81119864300976,71.76933454873215,105.005630290733,thin,3,7
income_pnad,income_5_plus_sm,Mais de 5 salários mínimos,ln_admissoes,Admissões (log),strict_no_tail_binning,treated,Exposed,16,estimated,0.28140299663801177,0.4010816626162548,0.23156460587851738,3,132.4987461849093,84.15888960994755,208.6044364646407,thin,3,7
income_pnad,income_5_plus_sm,Mais de 5 salários mínimos,ln_admissoes,Admissões (log),strict_no_tail_binning,treated,Exposed,17,estimated,0.09014783040259289,0.43820645194410524,0.25299861299056,3,109.43360478866147,66.64904613231862,179.68319956545994,thin,3,7
income_pnad,income_5_plus_sm,Mais de 5 salários mínimos,ln_admissoes,Admissões (log),strict_no_tail_binning,treated,Exposed,18,estimated,0.09111438904332807,0.2679044497942648,0.15467470620581739,3,109.53942991981542,80.89258397833933,148.33110919501723,thin,3,7
income_pnad,income_5_plus_sm,Mais de 5 salários mínimos,ln_admissoes,Admissões (log),strict_no_tail_binning,treated,Exposed,19,estimated,0.20636907848964667,0.38354344167313537,0.22143890929590024,3,122.92067940720123,79.64020093689349,189.72194002750743,thin,3,7
income_pnad,income_5_plus_sm,Mais de 5 salários mínimos,ln_admissoes,Admissões (log),strict_no_tail_binning,treated,Exposed,20,estimated,0.1336614918752188,0.38778871799155745,0.22388992072112557,3,114.3005837387395,73.70034153061633,177.26679648545922,thin,3,7
income_pnad,income_5_plus_sm,Mais de 5 salários mínimos,ln_admissoes,Admissões (log),strict_no_tail_binning,treated,Exposed,21,estimated,0.09265646872716686,0.3361349160530614,0.19406758426726728,3,109.70847875916444,74.99745574428869,160.484781679632,thin,3,7
income_pnad,income_5_plus_sm,Mais de 5 salários mínimos,ln_admissoes,Admissões (log),strict_no_tail_binning,treated,Exposed,22,estimated,0.10911583722705398,0.48081550508676146,0.27759896129238765,3,111.52915351378863,64.7278824913761,192.16992128793154,thin,3,7
income_pnad,income_5_plus_sm,Mais de 5 salários mínimos,ln_admissoes,Admissões (log),strict_no_tail_binning,treated,Exposed,23,estimated,0.06412582528203241,0.35332527201798897,0.20399244091108368,3,106.62265485777942,71.48379831889032,159.03450566807587,thin,3,7
income_pnad,income_5_plus_sm,Mais de 5 salários mínimos,ln_admissoes,Admissões (log),strict_no_tail_binning,treated,Exposed,24,estimated,-0.2166267870292966,0.34777032517455525,0.20078529085569316,3,80.52304356755397,54.32607036184842,119.35265153902401,thin,3,7
income_pnad,income_5_plus_sm,Mais de 5 salários mínimos,ln_admissoes,Admissões (log),strict_no_tail_binning,control,Not Exposed,-12,estimated,-0.2847305950776282,0.27983242931031604,0.10576671667516543,7,75.22168779538667,61.138196993584174,92.54938145101671,thin,3,7
income_pnad,income_5_plus_sm,Mais de 5 salários mínimos,ln_admissoes,Admissões (log),strict_no_tail_binning,control,Not Exposed,-11,estimated,0.14137171053768638,0.5596642199446434,0.21153319195349737,7,115.18527242150458,76.09152106255817,174.36432860776054,thin,3,7
income_pnad,income_5_plus_sm,Mais de 5 salários mínimos,ln_admissoes,Admissões (log),strict_no_tail_binning,control,Not Exposed,-10,estimated,-0.059263232865379364,0.18629745833423422,0.0704138206622573,7,94.2458650410979,82.09653940738933,108.19314847448203,thin,3,7
income_pnad,income_5_plus_sm,Mais de 5 salários mínimos,ln_admissoes,Admissões (log),strict_no_tail_binning,control,Not Exposed,-9,estimated,0.025590136475967133,0.13469181702658015,0.05090872164110662,7,102.59203749502024,92.8494373538035,113.35691908690373,thin,3,7
income_pnad,income_5_plus_sm,Mais de 5 salários mínimos,ln_admissoes,Admissões (log),strict_no_tail_binning,control,Not Exposed,-8,estimated,-0.03549765437676866,0.16675337982816543,0.06302685332926004,7,96.51249980469619,85.29705247431214,109.2026318418994,thin,3,7
income_pnad,income_5_plus_sm,Mais de 5 salários mínimos,ln_admissoes,Admissões (log),strict_no_tail_binning,control,Not Exposed,-7,estimated,0.037468070738899115,0.07972880233396641,0.03013465475781446,7,103.81788482691034,97.86356682133311,110.13448170769217,thin,3,7
income_pnad,income_5_plus_sm,Mais de 5 salários mínimos,ln_admissoes,Admissões (log),strict_no_tail_binning,control,Not Exposed,-6,estimated,-0.0186057370341502,0.15791524524274608,0.0596863524482974,7,98.15662811970897,87.31997087647395,110.33814541075004,thin,3,7
income_pnad,income_5_plus_sm,Mais de 5 salários mínimos,ln_admissoes,Admissões (log),strict_no_tail_binning,control,Not Exposed,-5,estimated,0.0566804250012658,0.11542906575916283,0.043628086009609414,7,105.83175445197703,97.15810134470125,115.27973576435475,thin,3,7
income_pnad,income_5_plus_sm,Mais de 5 salários mínimos,ln_admissoes,Admissões (log),strict_no_tail_binning,control,Not Exposed,-4,estimated,0.1448050963620681,0.18671830199227207,0.07057288461368685,7,115.58142759062417,100.6503297723675,132.727497605818,thin,3,7
income_pnad,income_5_plus_sm,Mais de 5 salários mínimos,ln_admissoes,Admissões (log),strict_no_tail_binning,control,Not Exposed,-3,estimated,0.027287907310067805,0.2516795076761991,0.09512591248605635,7,102.76636320476966,85.28608446815416,123.8294086566735,thin,3,7
income_pnad,income_5_plus_sm,Mais de 5 salários mínimos,ln_admissoes,Admissões (log),strict_no_tail_binning,control,Not Exposed,-2,estimated,0.012252941093338585,0.19038905208991666,0.07196029773989165,7,101.23283159158771,87.91592354443024,116.56689458391078,thin,3,7
income_pnad,income_5_plus_sm,Mais de 5 salários mínimos,ln_admissoes,Admissões (log),strict_no_tail_binning,control,Not Exposed,-1,estimated,-0.047359068165366267,0.1495529718411405,0.056525710188900465,7,95.37448766767774,85.37221750005921,106.5486309743062,thin,3,7
income_pnad,income_5_plus_sm,Mais de 5 salários mínimos,ln_admissoes,Admissões (log),strict_no_tail_binning,control,Not Exposed,0,estimated,-0.0921228082495981,0.32960016572185413,0.12457715294081455,7,91.19931423860676,71.44130174912254,116.42165965563889,thin,3,7
income_pnad,income_5_plus_sm,Mais de 5 salários mínimos,ln_admissoes,Admissões (log),strict_no_tail_binning,control,Not Exposed,1,estimated,0.015288654343026271,0.261172375150611,0.09871387913836886,7,101.54061237048376,83.67829603341738,123.21589288165342,thin,3,7
income_pnad,income_5_plus_sm,Mais de 5 salários mínimos,ln_admissoes,Admissões (log),strict_no_tail_binning,control,Not Exposed,2,estimated,0.0011098669222198154,0.17533712552826627,0.06627120424924388,7,100.1110483052432,87.91658723044473,113.99694083330083,thin,3,7
income_pnad,income_5_plus_sm,Mais de 5 salários mínimos,ln_admissoes,Admissões (log),strict_no_tail_binning,control,Not Exposed,3,estimated,0.06156801213396695,0.24623977321704252,0.09306988611789109,7,106.35028251657788,88.61677921422522,127.63251713328268,thin,3,7
income_pnad,income_5_plus_sm,Mais de 5 salários mínimos,ln_admissoes,Admissões (log),strict_no_tail_binning,control,Not Exposed,4,estimated,0.021780470501956004,0.20015594126109895,0.0756518348584171,7,102.20193964363521,88.11766821997952,118.53736802074091,thin,3,7
income_pnad,income_5_plus_sm,Mais de 5 salários mínimos,ln_admissoes,Admissões (log),strict_no_tail_binning,control,Not Exposed,5,estimated,0.03921861913897657,0.29783761737421055,0.11257203809316735,7,103.99978222274034,83.40828212292504,129.67482877104615,thin,3,7
income_pnad,income_5_plus_sm,Mais de 5 salários mínimos,ln_admissoes,Admissões (log),strict_no_tail_binning,control,Not Exposed,6,estimated,0.16171580963788276,0.21458152022356522,0.08110419120881866,7,117.55261206524051,100.27553839803285,137.80645633144778,thin,3,7
income_pnad,income_5_plus_sm,Mais de 5 salários mínimos,ln_admissoes,Admissões (log),strict_no_tail_binning,control,Not Exposed,7,estimated,0.025001162258056313,0.1955039208293689,0.07389353640751009,7,102.53163122058804,88.70710760038058,118.51063218196467,thin,3,7
income_pnad,income_5_plus_sm,Mais de 5 salários mínimos,ln_admissoes,Admissões (log),strict_no_tail_binning,control,Not Exposed,8,estimated,0.06649517782688084,0.22644898736719457,0.08558967217371484,7,106.87558103372079,90.36975170340054,126.39616249897921,thin,3,7
income_pnad,income_5_plus_sm,Mais de 5 salários mínimos,ln_admissoes,Admissões (log),strict_no_tail_binning,control,Not Exposed,9,estimated,-0.004779243986318856,0.12446250625265606,0.04704240558519279,7,99.52321584280159,90.75720165305337,109.13591771545813,thin,3,7
income_pnad,income_5_plus_sm,Mais de 5 salários mínimos,ln_admissoes,Admissões (log),strict_no_tail_binning,control,Not Exposed,10,estimated,-0.00147500782685585,0.32765434741997745,0.12384170275177403,7,99.85260794625364,78.33272353355744,127.28452253287084,thin,3,7
income_pnad,income_5_plus_sm,Mais de 5 salários mínimos,ln_admissoes,Admissões (log),strict_no_tail_binning,control,Not Exposed,11,estimated,-0.09075312247739184,0.25243600130378746,0.09541184020134262,7,91.32431422756548,75.74783451469239,110.1038785144073,thin,3,7
income_pnad,income_5_plus_sm,Mais de 5 salários mínimos,ln_admissoes,Admissões (log),strict_no_tail_binning,control,Not Exposed,12,estimated,-0.20012923102592758,0.3031546150545404,0.1145816743194045,7,81.86249544991799,65.39598553329238,102.4752223953594,thin,3,7
income_pnad,income_5_plus_sm,Mais de 5 salários mínimos,ln_admissoes,Admissões (log),strict_no_tail_binning,control,Not Exposed,13,estimated,0.10027405425317897,0.1824215980662662,0.06894888317861737,7,110.54738363723638,96.57350509419713,126.54323789033349,thin,3,7
income_pnad,income_5_plus_sm,Mais de 5 salários mínimos,ln_admissoes,Admissões (log),strict_no_tail_binning,control,Not Exposed,14,estimated,-0.03976491041514458,0.13695009352893617,0.051762269929228735,7,96.10153372948169,86.82991685502726,106.36316513556572,thin,3,7
income_pnad,income_5_plus_sm,Mais de 5 salários mínimos,ln_admissoes,Admissões (log),strict_no_tail_binning,control,Not Exposed,15,estimated,0.07858199277329835,0.30812446934088383,0.11646010267567494,7,108.17520473765524,86.09836119537565,135.91286474639816,thin,3,7
income_pnad,income_5_plus_sm,Mais de 5 salários mínimos,ln_admissoes,Admissões (log),strict_no_tail_binning,control,Not Exposed,16,estimated,0.18986817298703373,0.19954470314842243,0.07542080856727616,7,120.90901964017881,104.29397290416087,140.17100531574357,thin,3,7
income_pnad,income_5_plus_sm,Mais de 5 salários mínimos,ln_admissoes,Admissões (log),strict_no_tail_binning,control,Not Exposed,17,estimated,0.05996208056731035,0.25480547675684956,0.09630741774226753,7,106.17962830692944,87.91493750863842,128.2388839358489,thin,3,7
income_pnad,income_5_plus_sm,Mais de 5 salários mínimos,ln_admissoes,Admissões (log),strict_no_tail_binning,control,Not Exposed,18,estimated,0.15132862198574085,0.2040247060636638,0.07711409050821517,7,116.33789071572942,100.01850217040436,135.32001102281936,thin,3,7
income_pnad,income_5_plus_sm,Mais de 5 salários mínimos,ln_admissoes,Admissões (log),strict_no_tail_binning,control,Not Exposed,19,estimated,0.14824639449322538,0.3080982334627762,0.11645018644583206,7,115.97986291555094,92.3120065684716,145.71591607569036,thin,3,7
income_pnad,income_5_plus_sm,Mais de 5 salários mínimos,ln_admissoes,Admissões (log),strict_no_tail_binning,control,Not Exposed,20,estimated,0.11383625061055687,0.23040486078692762,0.08708485178609546,7,112.05686174330127,94.47357134684754,132.91272982215187,thin,3,7
income_pnad,income_5_plus_sm,Mais de 5 salários mínimos,ln_admissoes,Admissões (log),strict_no_tail_binning,control,Not Exposed,21,estimated,0.009105960087724796,0.1261555279711524,0.04768230764681744,7,100.9147545471391,91.91082588105523,110.80074178082677,thin,3,7
income_pnad,income_5_plus_sm,Mais de 5 salários mínimos,ln_admissoes,Admissões (log),strict_no_tail_binning,control,Not Exposed,22,estimated,-0.004672400587068193,0.18905691966743327,0.07145679901084921,7,99.53384980956105,86.52578476959165,114.49751405657216,thin,3,7
income_pnad,income_5_plus_sm,Mais de 5 salários mínimos,ln_admissoes,Admissões (log),strict_no_tail_binning,control,Not Exposed,23,estimated,-0.12979755568099907,0.20421161141536115,0.07718473409097207,7,87.8273214347107,75.4968211570752,102.1716977241645,thin,3,7
income_pnad,income_5_plus_sm,Mais de 5 salários mínimos,ln_admissoes,Admissões (log),strict_no_tail_binning,control,Not Exposed,24,estimated,-0.3256408492624314,0.4295229255944683,0.16234440621769472,7,72.20644708552922,52.52736650457032,99.25818383188292,thin,3,7
income_pnad,income_5_plus_sm,Mais de 5 salários mínimos,ln_salario_real_adm,Salário real de admissão (log),strict_no_tail_binning,treated,Exposed,-12,estimated,-0.007640985292893514,0.02365260329578764,0.013655836879858423,3,99.23881328243283,96.6178745074793,101.93084987543577,thin,3,7
income_pnad,income_5_plus_sm,Mais de 5 salários mínimos,ln_salario_real_adm,Salário real de admissão (log),strict_no_tail_binning,treated,Exposed,-11,estimated,-0.03327444516434911,0.027868132096353172,0.016089673567641554,3,96.72730597442722,93.7245330640744,99.82628256653096,thin,3,7
income_pnad,income_5_plus_sm,Mais de 5 salários mínimos,ln_salario_real_adm,Salário real de admissão (log),strict_no_tail_binning,treated,Exposed,-10,estimated,-0.04958174862034662,0.042365745711701146,0.024459874691069892,3,95.16273607327663,90.70813849990208,99.83609504853725,thin,3,7
income_pnad,income_5_plus_sm,Mais de 5 salários mínimos,ln_salario_real_adm,Salário real de admissão (log),strict_no_tail_binning,treated,Exposed,-9,estimated,-0.02726479303316154,0.06603557353481262,0.038125656156415395,3,97.31035363696023,90.30376075413757,104.86058217145057,thin,3,7
income_pnad,income_5_plus_sm,Mais de 5 salários mínimos,ln_salario_real_adm,Salário real de admissão (log),strict_no_tail_binning,treated,Exposed,-8,estimated,0.10462161869277864,0.17863548804475302,0.10313524710945833,3,111.0290417724546,90.70810560669553,135.90238749291586,thin,3,7
income_pnad,income_5_plus_sm,Mais de 5 salários mínimos,ln_salario_real_adm,Salário real de admissão (log),strict_no_tail_binning,treated,Exposed,-7,estimated,0.02321109615236298,0.029117225168460457,0.016810837789065593,3,102.34825699773518,99.030911628889,105.7767270660837,thin,3,7
income_pnad,income_5_plus_sm,Mais de 5 salários mínimos,ln_salario_real_adm,Salário real de admissão (log),strict_no_tail_binning,treated,Exposed,-6,estimated,-0.02708629155995131,0.055656279395211325,0.03213316789091828,3,97.32772522882426,91.38696791999222,103.65467105233974,thin,3,7
income_pnad,income_5_plus_sm,Mais de 5 salários mínimos,ln_salario_real_adm,Salário real de admissão (log),strict_no_tail_binning,treated,Exposed,-5,estimated,-0.04118983285841734,0.04047286537088452,0.02336701971675566,3,95.96469401338223,91.66870035880986,100.46201659928984,thin,3,7
income_pnad,income_5_plus_sm,Mais de 5 salários mínimos,ln_salario_real_adm,Salário real de admissão (log),strict_no_tail_binning,treated,Exposed,-4,estimated,-0.008779305318759256,0.022170115060003437,0.01279992189785796,3,99.1259120250026,96.66999200278283,101.64422517491982,thin,3,7
income_pnad,income_5_plus_sm,Mais de 5 salários mínimos,ln_salario_real_adm,Salário real de admissão (log),strict_no_tail_binning,treated,Exposed,-3,estimated,-0.012730421198888564,0.05641267574844339,0.03256987352907087,3,98.73502678482751,92.62905049237095,105.24350041786852,thin,3,7
income_pnad,income_5_plus_sm,Mais de 5 salários mínimos,ln_salario_real_adm,Salário real de admissão (log),strict_no_tail_binning,treated,Exposed,-2,estimated,0.04174549627093901,0.03544320527068251,0.020463144103971712,3,104.26290919892966,100.16390756456126,108.52965403348949,thin,3,7
income_pnad,income_5_plus_sm,Mais de 5 salários mínimos,ln_salario_real_adm,Salário real de admissão (log),strict_no_tail_binning,treated,Exposed,-1,estimated,0.03796961193069196,0.03257230281254176,0.01880562779694699,3,103.86996683213961,100.11111983726133,107.76994630814359,thin,3,7
income_pnad,income_5_plus_sm,Mais de 5 salários mínimos,ln_salario_real_adm,Salário real de admissão (log),strict_no_tail_binning,treated,Exposed,0,estimated,0.03798064051106328,0.04441912954601868,0.025645396400562747,3,103.87111237673383,98.7790808012154,109.22563663142849,thin,3,7
income_pnad,income_5_plus_sm,Mais de 5 salários mínimos,ln_salario_real_adm,Salário real de admissão (log),strict_no_tail_binning,treated,Exposed,1,estimated,-0.05440908810192724,0.11179163551836038,0.0645429308596739,3,94.70446025666733,83.45077636344219,107.47575017691221,thin,3,7
income_pnad,income_5_plus_sm,Mais de 5 salários mínimos,ln_salario_real_adm,Salário real de admissão (log),strict_no_tail_binning,treated,Exposed,2,estimated,-0.09390672549385985,0.14443807089766514,0.08339135911399723,3,91.03676723757768,77.30946527164963,107.20153036821091,thin,3,7
income_pnad,income_5_plus_sm,Mais de 5 salários mínimos,ln_salario_real_adm,Salário real de admissão (log),strict_no_tail_binning,treated,Exposed,3,estimated,0.016991466357318668,0.06527280991984254,0.037685274377984364,3,101.71366424075407,94.47152955570124,109.51097692539167,thin,3,7
income_pnad,income_5_plus_sm,Mais de 5 salários mínimos,ln_salario_real_adm,Salário real de admissão (log),strict_no_tail_binning,treated,Exposed,4,estimated,-0.02580782937654824,0.12859439406750206,0.07424400803114914,3,97.45223461824003,84.25467867040908,112.71704054844261,thin,3,7
income_pnad,income_5_plus_sm,Mais de 5 salários mínimos,ln_salario_real_adm,Salário real de admissão (log),strict_no_tail_binning,treated,Exposed,5,estimated,0.021555717636790206,0.10360115928674465,0.05981415720255932,3,102.17897204598817,90.87547433731172,114.88844932596022,thin,3,7
income_pnad,income_5_plus_sm,Mais de 5 salários mínimos,ln_salario_real_adm,Salário real de admissão (log),strict_no_tail_binning,treated,Exposed,6,estimated,0.004619303252389055,0.07856372875990171,0.04535878994807,3,100.46299886803997,91.91702435893492,109.8035343501491,thin,3,7
income_pnad,income_5_plus_sm,Mais de 5 salários mínimos,ln_salario_real_adm,Salário real de admissão (log),strict_no_tail_binning,treated,Exposed,7,estimated,0.10606966105091804,0.16532758914010026,0.09545192809450874,3,111.18993298845925,92.21788276332722,134.06511652092058,thin,3,7
income_pnad,income_5_plus_sm,Mais de 5 salários mínimos,ln_salario_real_adm,Salário real de admissão (log),strict_no_tail_binning,treated,Exposed,8,estimated,-0.027619118165199314,0.044298407736521404,0.025575697631352434,3,97.27588024081516,92.51980229442705,102.27644938661302,thin,3,7
income_pnad,income_5_plus_sm,Mais de 5 salários mínimos,ln_salario_real_adm,Salário real de admissão (log),strict_no_tail_binning,treated,Exposed,9,estimated,0.05243922604594786,0.06803091046089603,0.03927766446781365,3,105.38385141988952,97.57537826099744,113.81719792449438,thin,3,7
income_pnad,income_5_plus_sm,Mais de 5 salários mínimos,ln_salario_real_adm,Salário real de admissão (log),strict_no_tail_binning,treated,Exposed,10,estimated,0.03429493569067373,0.06441153140566055,0.037188014995974156,3,103.48897876558252,96.21416693701033,111.31384355232024,thin,3,7
income_pnad,income_5_plus_sm,Mais de 5 salários mínimos,ln_salario_real_adm,Salário real de admissão (log),strict_no_tail_binning,treated,Exposed,11,estimated,0.057672936710802127,0.2632781693342608,0.15200372193688735,3,105.93684585110654,78.64278011970096,142.70369500924738,thin,3,7
income_pnad,income_5_plus_sm,Mais de 5 salários mínimos,ln_salario_real_adm,Salário real de admissão (log),strict_no_tail_binning,treated,Exposed,12,estimated,0.03125941045178848,0.07010240007632468,0.0404736395549049,3,103.1753116716381,95.30680964290534,111.69343490171156,thin,3,7
income_pnad,income_5_plus_sm,Mais de 5 salários mínimos,ln_salario_real_adm,Salário real de admissão (log),strict_no_tail_binning,treated,Exposed,13,estimated,-0.025183030454880278,0.01392498278603398,0.008039592559977623,3,97.51314169470011,95.9886114897553,99.06188510900088,thin,3,7
income_pnad,income_5_plus_sm,Mais de 5 salários mínimos,ln_salario_real_adm,Salário real de admissão (log),strict_no_tail_binning,treated,Exposed,14,estimated,-0.03476760539818299,0.05997426482510843,0.03462615794122626,3,96.5829843820657,90.24564227675312,103.36535523277306,thin,3,7
income_pnad,income_5_plus_sm,Mais de 5 salários mínimos,ln_salario_real_adm,Salário real de admissão (log),strict_no_tail_binning,treated,Exposed,15,estimated,0.14313484415818856,0.3012778570728662,0.1739428518818929,3,115.38853858794684,82.05395678612615,162.26536000166837,thin,3,7
income_pnad,income_5_plus_sm,Mais de 5 salários mínimos,ln_salario_real_adm,Salário real de admissão (log),strict_no_tail_binning,treated,Exposed,16,estimated,-0.03486098005541057,0.039149630856057965,0.022603049913419545,3,96.57396640003705,92.38893571210845,100.9485704575895,thin,3,7
income_pnad,income_5_plus_sm,Mais de 5 salários mínimos,ln_salario_real_adm,Salário real de admissão (log),strict_no_tail_binning,treated,Exposed,17,estimated,-0.035201771658545176,0.032528107069132645,0.018780111372592702,3,96.54106041056744,93.05208554846254,100.16085389448668,thin,3,7
income_pnad,income_5_plus_sm,Mais de 5 salários mínimos,ln_salario_real_adm,Salário real de admissão (log),strict_no_tail_binning,treated,Exposed,18,estimated,-0.021460271665070845,0.0590064824082132,0.03406740850231481,3,97.8768361534028,91.55480856462849,104.63541135185301,thin,3,7
income_pnad,income_5_plus_sm,Mais de 5 salários mínimos,ln_salario_real_adm,Salário real de admissão (log),strict_no_tail_binning,treated,Exposed,19,estimated,-0.005810902166500043,0.0653235586593434,0.037714574176396225,3,99.42059484705607,92.33642663644909,107.04826946206147,thin,3,7
income_pnad,income_5_plus_sm,Mais de 5 salários mínimos,ln_salario_real_adm,Salário real de admissão (log),strict_no_tail_binning,treated,Exposed,20,estimated,-0.014463668336385163,0.05297050967582984,0.03058253802045204,3,98.56404280383492,92.82952468560396,104.65280918693307,thin,3,7
income_pnad,income_5_plus_sm,Mais de 5 salários mínimos,ln_salario_real_adm,Salário real de admissão (log),strict_no_tail_binning,treated,Exposed,21,estimated,0.05670364087694265,0.11725441557652386,0.0676968683967783,3,105.8342114573517,92.68326844036811,120.85115796284221,thin,3,7
income_pnad,income_5_plus_sm,Mais de 5 salários mínimos,ln_salario_real_adm,Salário real de admissão (log),strict_no_tail_binning,treated,Exposed,22,estimated,-0.023752213186931215,0.06744479809398389,0.03893927233500156,3,97.65276504561942,90.47711981560869,105.39750315316552,thin,3,7
income_pnad,income_5_plus_sm,Mais de 5 salários mínimos,ln_salario_real_adm,Salário real de admissão (log),strict_no_tail_binning,treated,Exposed,23,estimated,0.014983373204001893,0.08130156406341475,0.04693947989755012,3,101.5096186678192,92.58731808921098,111.29172865940046,thin,3,7
income_pnad,income_5_plus_sm,Mais de 5 salários mínimos,ln_salario_real_adm,Salário real de admissão (log),strict_no_tail_binning,treated,Exposed,24,estimated,-0.014521903545774725,0.1160295839918478,0.06698971155165362,3,98.55830307329279,86.43117632346207,112.38698254359178,thin,3,7
income_pnad,income_5_plus_sm,Mais de 5 salários mínimos,ln_salario_real_adm,Salário real de admissão (log),strict_no_tail_binning,control,Not Exposed,-12,estimated,-0.05769479011162255,0.29056623606176846,0.10982371428736103,7,94.39380026883426,76.11313987579999,117.06506319056153,thin,3,7
income_pnad,income_5_plus_sm,Mais de 5 salários mínimos,ln_salario_real_adm,Salário real de admissão (log),strict_no_tail_binning,control,Not Exposed,-11,estimated,0.038026136047552485,0.2586187363233401,0.09774869438476352,7,103.87583815621726,85.76481845110075,125.81137519469854,thin,3,7
income_pnad,income_5_plus_sm,Mais de 5 salários mínimos,ln_salario_real_adm,Salário real de admissão (log),strict_no_tail_binning,control,Not Exposed,-10,estimated,-0.01868588436843918,0.12020118857724924,0.04543177889568275,7,98.14876144287318,89.78680393257413,107.28947852965247,thin,3,7
income_pnad,income_5_plus_sm,Mais de 5 salários mínimos,ln_salario_real_adm,Salário real de admissão (log),strict_no_tail_binning,control,Not Exposed,-9,estimated,0.020194259063547295,0.1374123032994099,0.05193696880154556,7,102.03995426344024,92.16385137803162,112.97436153549066,thin,3,7
income_pnad,income_5_plus_sm,Mais de 5 salários mínimos,ln_salario_real_adm,Salário real de admissão (log),strict_no_tail_binning,control,Not Exposed,-8,estimated,-0.0320389925170471,0.11125540193212295,0.04205058936070461,7,96.84688183060427,89.18492636120634,105.16708263371784,thin,3,7
income_pnad,income_5_plus_sm,Mais de 5 salários mínimos,ln_salario_real_adm,Salário real de admissão (log),strict_no_tail_binning,control,Not Exposed,-7,estimated,0.004361735206506115,0.10559875657946112,0.039912578380985685,7,100.43712614187478,92.87952911614761,108.60968400285617,thin,3,7
income_pnad,income_5_plus_sm,Mais de 5 salários mínimos,ln_salario_real_adm,Salário real de admissão (log),strict_no_tail_binning,control,Not Exposed,-6,estimated,0.011509915351102304,0.10192910292952446,0.03852557967306099,7,101.15764092951376,93.80047924116532,109.09185540635956,thin,3,7
income_pnad,income_5_plus_sm,Mais de 5 salários mínimos,ln_salario_real_adm,Salário real de admissão (log),strict_no_tail_binning,control,Not Exposed,-5,estimated,-0.02382607033490431,0.13054204213555157,0.04934025416131208,7,97.64555295723689,88.64478620151954,107.56023474013536,thin,3,7
income_pnad,income_5_plus_sm,Mais de 5 salários mínimos,ln_salario_real_adm,Salário real de admissão (log),strict_no_tail_binning,control,Not Exposed,-4,estimated,0.004424526513562098,0.11421568514806026,0.043169471246374415,7,100.44343291830549,92.29431517347425,109.31207623623736,thin,3,7
income_pnad,income_5_plus_sm,Mais de 5 salários mínimos,ln_salario_real_adm,Salário real de admissão (log),strict_no_tail_binning,control,Not Exposed,-3,estimated,0.007324315539068442,0.15769519611075566,0.0596031816940885,7,100.73512039444272,89.62840281098995,113.21817819605964,thin,3,7
income_pnad,income_5_plus_sm,Mais de 5 salários mínimos,ln_salario_real_adm,Salário real de admissão (log),strict_no_tail_binning,control,Not Exposed,-2,estimated,0.028230193192646018,0.12383862631183257,0.046806601132138415,7,102.86324413561974,93.84640354257037,112.7464302806708,thin,3,7
income_pnad,income_5_plus_sm,Mais de 5 salários mínimos,ln_salario_real_adm,Salário real de admissão (log),strict_no_tail_binning,control,Not Exposed,-1,estimated,0.01817465641802813,0.09648846623697038,0.03646921229272512,7,101.83408206185847,94.80908009929855,109.37961067146827,thin,3,7
income_pnad,income_5_plus_sm,Mais de 5 salários mínimos,ln_salario_real_adm,Salário real de admissão (log),strict_no_tail_binning,control,Not Exposed,0,estimated,-0.0008963232867803381,0.11970591712934216,0.04524458388387803,7,99.91040782909467,91.43190415130069,109.17512530481429,thin,3,7
income_pnad,income_5_plus_sm,Mais de 5 salários mínimos,ln_salario_real_adm,Salário real de admissão (log),strict_no_tail_binning,control,Not Exposed,1,estimated,0.04851096222324003,0.19221902384645032,0.07265196205047167,7,104.97068788783963,91.03857361597188,121.03490727048352,thin,3,7
income_pnad,income_5_plus_sm,Mais de 5 salários mínimos,ln_salario_real_adm,Salário real de admissão (log),strict_no_tail_binning,control,Not Exposed,2,estimated,0.037738436286554995,0.22163928685080897,0.08377177625270696,7,103.84595740095548,88.12144684404143,122.37637096003094,thin,3,7
income_pnad,income_5_plus_sm,Mais de 5 salários mínimos,ln_salario_real_adm,Salário real de admissão (log),strict_no_tail_binning,control,Not Exposed,3,estimated,-0.0017635797381197551,0.12628925705369268,0.047732852489025784,7,99.82379744548446,90.90820083960404,109.61376910339162,thin,3,7
income_pnad,income_5_plus_sm,Mais de 5 salários mínimos,ln_salario_real_adm,Salário real de admissão (log),strict_no_tail_binning,control,Not Exposed,4,estimated,0.0229143572726286,0.16810711960553015,0.06353851887080333,7,102.31789079625003,90.33717385193678,115.88751707189806,thin,3,7
income_pnad,income_5_plus_sm,Mais de 5 salários mínimos,ln_salario_real_adm,Salário real de admissão (log),strict_no_tail_binning,control,Not Exposed,5,estimated,0.012905556309923532,0.13213474138538614,0.049942237893938,7,101.29891924045941,91.85295250735635,111.71628956035238,thin,3,7
income_pnad,income_5_plus_sm,Mais de 5 salários mínimos,ln_salario_real_adm,Salário real de admissão (log),strict_no_tail_binning,control,Not Exposed,6,estimated,0.013366161126326302,0.20362188579300572,0.07696183875689845,7,101.3455887578351,87.15526150758126,117.84633747876263,thin,3,7
income_pnad,income_5_plus_sm,Mais de 5 salários mínimos,ln_salario_real_adm,Salário real de admissão (log),strict_no_tail_binning,control,Not Exposed,7,estimated,-0.026272949659783457,0.12816838315046328,0.04844309539390957,7,97.40691814689445,88.58377986552897,107.10886030466116,thin,3,7
income_pnad,income_5_plus_sm,Mais de 5 salários mínimos,ln_salario_real_adm,Salário real de admissão (log),strict_no_tail_binning,control,Not Exposed,8,estimated,-0.10890875949796909,0.13335619873494683,0.050403905377367955,7,89.68122393643917,81.24503989908331,98.99339007929387,thin,3,7
income_pnad,income_5_plus_sm,Mais de 5 salários mínimos,ln_salario_real_adm,Salário real de admissão (log),strict_no_tail_binning,control,Not Exposed,9,estimated,-0.05932872513895937,0.17171941563226722,0.06490383843490233,7,94.2396928672379,82.98251620849271,107.0239867082074,thin,3,7
income_pnad,income_5_plus_sm,Mais de 5 salários mínimos,ln_salario_real_adm,Salário real de admissão (log),strict_no_tail_binning,control,Not Exposed,10,estimated,0.008124682547158812,0.1997263714383185,0.07548947272672922,7,100.81577773479387,86.95019661074225,116.89244459989723,thin,3,7
income_pnad,income_5_plus_sm,Mais de 5 salários mínimos,ln_salario_real_adm,Salário real de admissão (log),strict_no_tail_binning,control,Not Exposed,11,estimated,0.0460267315491996,0.18464305991709565,0.06978851683637623,7,104.71024012521796,91.32379925370213,120.05889457819872,thin,3,7
income_pnad,income_5_plus_sm,Mais de 5 salários mínimos,ln_salario_real_adm,Salário real de admissão (log),strict_no_tail_binning,control,Not Exposed,12,estimated,0.0910876158397598,0.21348552493982842,0.08068994392898048,7,109.53649723761825,93.51347202340065,128.30498074207242,thin,3,7
income_pnad,income_5_plus_sm,Mais de 5 salários mínimos,ln_salario_real_adm,Salário real de admissão (log),strict_no_tail_binning,control,Not Exposed,13,estimated,-0.13739304347535278,0.22204275486701214,0.08392427282882726,7,87.1627571267567,73.94233759531649,102.74690356041964,thin,3,7
income_pnad,income_5_plus_sm,Mais de 5 salários mínimos,ln_salario_real_adm,Salário real de admissão (log),strict_no_tail_binning,control,Not Exposed,14,estimated,-0.07320306643207378,0.1238843153006075,0.04682386994670306,7,92.9412078467188,84.79124838461797,101.87452455970704,thin,3,7
income_pnad,income_5_plus_sm,Mais de 5 salários mínimos,ln_salario_real_adm,Salário real de admissão (log),strict_no_tail_binning,control,Not Exposed,15,estimated,0.029560788598696215,0.1448828085592543,0.05476055438519531,7,103.00020459498984,92.51772872003431,114.67036959709131,thin,3,7
income_pnad,income_5_plus_sm,Mais de 5 salários mínimos,ln_salario_real_adm,Salário real de admissão (log),strict_no_tail_binning,control,Not Exposed,16,estimated,-0.05222839516315604,0.05500201331129293,0.020788806975649332,7,94.91120694801351,91.1216775358933,98.85833369101769,thin,3,7
income_pnad,income_5_plus_sm,Mais de 5 salários mínimos,ln_salario_real_adm,Salário real de admissão (log),strict_no_tail_binning,control,Not Exposed,17,estimated,0.023869275481674532,0.0788762602339289,0.0298124241322556,7,102.41564267838056,96.6027404796423,108.57832617529243,thin,3,7
income_pnad,income_5_plus_sm,Mais de 5 salários mínimos,ln_salario_real_adm,Salário real de admissão (log),strict_no_tail_binning,control,Not Exposed,18,estimated,0.061028061832561216,0.11973062319506766,0.04525392189899011,7,106.29287414970572,97.27096725937034,116.1515651929204,thin,3,7
income_pnad,income_5_plus_sm,Mais de 5 salários mínimos,ln_salario_real_adm,Salário real de admissão (log),strict_no_tail_binning,control,Not Exposed,19,estimated,-0.01912568028519601,0.11969285903845514,0.04523964838943741,7,98.10560550895323,89.78112777907509,107.20192617720208,thin,3,7
income_pnad,income_5_plus_sm,Mais de 5 salários mínimos,ln_salario_real_adm,Salário real de admissão (log),strict_no_tail_binning,control,Not Exposed,20,estimated,0.083528756470527,0.09892892966407185,0.03739162076584782,7,108.71164764763097,101.02938001291135,116.9780744250071,thin,3,7
income_pnad,income_5_plus_sm,Mais de 5 salários mínimos,ln_salario_real_adm,Salário real de admissão (log),strict_no_tail_binning,control,Not Exposed,21,estimated,0.0534890682773924,0.20548375953104547,0.07766556088310637,7,105.4945459333429,90.59823711199225,122.84012996770628,thin,3,7
income_pnad,income_5_plus_sm,Mais de 5 salários mínimos,ln_salario_real_adm,Salário real de admissão (log),strict_no_tail_binning,control,Not Exposed,22,estimated,-0.008011059185981344,0.08631125862149513,0.032622589379636524,7,99.20209438322803,93.0576181785347,105.75228253895807,thin,3,7
income_pnad,income_5_plus_sm,Mais de 5 salários mínimos,ln_salario_real_adm,Salário real de admissão (log),strict_no_tail_binning,control,Not Exposed,23,estimated,0.02476637842670978,0.1593314764311066,0.06022163752306531,7,102.5075612771032,91.09493048105443,115.34999877039745,thin,3,7
income_pnad,income_5_plus_sm,Mais de 5 salários mínimos,ln_salario_real_adm,Salário real de admissão (log),strict_no_tail_binning,control,Not Exposed,24,estimated,0.0012700158367900474,0.0993229485791148,0.0375405459174277,7,100.12708226484213,93.02429837033128,107.77219262604969,thin,3,7
