repetition,seed,outcome,estimator,coefficient,n_obs,n_clusters,treated_cbo_count,control_cbo_count
1,20260726,admissoes,ppml,0.012592894025146961,22049,341,75,266
1,20260726,asinh_saldo,ols,0.2513570039516052,22049,341,75,266
1,20260726,desligamentos,ppml,-0.018947329837828875,22049,341,75,266
1,20260726,ln_salario_real_adm,ols,-0.002276868939290184,22012,341,75,266
1,20260726,n_movimentacoes,ppml,-0.003047744045034051,22049,341,75,266
2,20260726,admissoes,ppml,-0.01877870224416256,22049,341,75,266
2,20260726,asinh_saldo,ols,0.29114024726126503,22049,341,75,266
2,20260726,desligamentos,ppml,-0.02605240512639284,22049,341,75,266
2,20260726,ln_salario_real_adm,ols,-0.010188136442195052,22012,341,75,266
2,20260726,n_movimentacoes,ppml,-0.021088339388370514,22049,341,75,266
3,20260726,admissoes,ppml,-0.043803094420582056,22049,341,75,266
3,20260726,asinh_saldo,ols,0.13351630174395168,22049,341,75,266
3,20260726,desligamentos,ppml,-0.024811103474348783,22049,341,75,266
3,20260726,ln_salario_real_adm,ols,-0.0010056045432179279,22012,341,75,266
3,20260726,n_movimentacoes,ppml,-0.03501849668100476,22049,341,75,266
4,20260726,admissoes,ppml,0.026204793248325586,22049,341,75,266
4,20260726,asinh_saldo,ols,0.016252065125583904,22049,341,75,266
4,20260726,desligamentos,ppml,0.005292695946991444,22049,341,75,266
4,20260726,ln_salario_real_adm,ols,0.0038438433717488847,22012,341,75,266
4,20260726,n_movimentacoes,ppml,0.015988261438906193,22049,341,75,266
5,20260726,admissoes,ppml,-0.052003202959895134,22049,341,75,266
5,20260726,asinh_saldo,ols,0.06464954314002422,22049,341,75,266
5,20260726,desligamentos,ppml,-0.03548552468419075,22049,341,75,266
5,20260726,ln_salario_real_adm,ols,-0.005112311379410681,22012,341,75,266
5,20260726,n_movimentacoes,ppml,-0.04392720386385918,22049,341,75,266
6,20260726,admissoes,ppml,0.04341018944978714,22049,341,75,266
6,20260726,asinh_saldo,ols,0.10481527737215764,22049,341,75,266
6,20260726,desligamentos,ppml,0.00530759384855628,22049,341,75,266
6,20260726,ln_salario_real_adm,ols,-0.015350541589290067,22012,341,75,266
6,20260726,n_movimentacoes,ppml,0.0247612320818007,22049,341,75,266
7,20260726,admissoes,ppml,0.10228006029501557,22049,341,75,266
7,20260726,asinh_saldo,ols,-0.44428759750352526,22049,341,75,266
7,20260726,desligamentos,ppml,0.08576585538685322,22049,341,75,266
7,20260726,ln_salario_real_adm,ols,0.010284859065817187,22012,341,75,266
7,20260726,n_movimentacoes,ppml,0.09411093033850193,22049,341,75,266
8,20260726,admissoes,ppml,-0.02094110380858183,22049,341,75,266
8,20260726,asinh_saldo,ols,0.03850896953356731,22049,341,75,266
8,20260726,desligamentos,ppml,-0.00012769410386681557,22049,341,75,266
8,20260726,ln_salario_real_adm,ols,0.0016726824032314448,22012,341,75,266
8,20260726,n_movimentacoes,ppml,-0.01039704866707325,22049,341,75,266
9,20260726,admissoes,ppml,0.07525748899206519,22049,341,75,266
9,20260726,asinh_saldo,ols,0.5402955542110494,22049,341,75,266
9,20260726,desligamentos,ppml,0.04393515409901738,22049,341,75,266
9,20260726,ln_salario_real_adm,ols,-0.003427285992178304,22012,341,75,266
9,20260726,n_movimentacoes,ppml,0.06018995400518179,22049,341,75,266
10,20260726,admissoes,ppml,0.022641037590801716,22049,341,75,266
10,20260726,asinh_saldo,ols,-0.4530725196044805,22049,341,75,266
10,20260726,desligamentos,ppml,0.05112727824598551,22049,341,75,266
10,20260726,ln_salario_real_adm,ols,0.008633266776871045,22012,341,75,266
10,20260726,n_movimentacoes,ppml,0.03666472155600786,22049,341,75,266
11,20260726,admissoes,ppml,0.007127623539417982,22049,341,75,266
11,20260726,asinh_saldo,ols,0.16752115909161866,22049,341,75,266
11,20260726,desligamentos,ppml,0.0304019832983613,22049,341,75,266
11,20260726,ln_salario_real_adm,ols,-0.014406961522626957,22012,341,75,266
11,20260726,n_movimentacoes,ppml,0.01910570589825511,22049,341,75,266
12,20260726,admissoes,ppml,0.03592073731124401,22049,341,75,266
12,20260726,asinh_saldo,ols,0.39145432943545816,22049,341,75,266
12,20260726,desligamentos,ppml,-0.0004594489000737667,22049,341,75,266
12,20260726,ln_salario_real_adm,ols,0.023806100823288913,22012,341,75,266
12,20260726,n_movimentacoes,ppml,0.018616131506860256,22049,341,75,266
13,20260726,admissoes,ppml,-0.08254283247515559,22049,341,75,266
13,20260726,asinh_saldo,ols,0.17074732381862132,22049,341,75,266
13,20260726,desligamentos,ppml,-0.09917864482849836,22049,341,75,266
13,20260726,ln_salario_real_adm,ols,0.005604095099720196,22012,341,75,266
13,20260726,n_movimentacoes,ppml,-0.08997776918113232,22049,341,75,266
14,20260726,admissoes,ppml,-0.04162488831207156,22049,341,75,266
14,20260726,asinh_saldo,ols,-0.04257389005445669,22049,341,75,266
14,20260726,desligamentos,ppml,-0.015721596777439117,22049,341,75,266
14,20260726,ln_salario_real_adm,ols,-0.014650115087250799,22012,341,75,266
14,20260726,n_movimentacoes,ppml,-0.02849984634667635,22049,341,75,266
15,20260726,admissoes,ppml,0.016325682401657104,22049,341,75,266
15,20260726,asinh_saldo,ols,-0.11923695454464567,22049,341,75,266
15,20260726,desligamentos,ppml,0.04155497718602419,22049,341,75,266
15,20260726,ln_salario_real_adm,ols,0.0072201519003162965,22012,341,75,266
15,20260726,n_movimentacoes,ppml,0.028747500851750374,22049,341,75,266
16,20260726,admissoes,ppml,-0.039872100576758385,22049,341,75,266
16,20260726,asinh_saldo,ols,0.45451583427096964,22049,341,75,266
16,20260726,desligamentos,ppml,-0.01672500930726528,22049,341,75,266
16,20260726,ln_salario_real_adm,ols,-0.00462668874237505,22012,341,75,266
16,20260726,n_movimentacoes,ppml,-0.028421679511666298,22049,341,75,266
17,20260726,admissoes,ppml,0.04275378119200468,22049,341,75,266
17,20260726,asinh_saldo,ols,0.4901632647430822,22049,341,75,266
17,20260726,desligamentos,ppml,-0.006473137065768242,22049,341,75,266
17,20260726,ln_salario_real_adm,ols,0.00816715091356422,22012,341,75,266
17,20260726,n_movimentacoes,ppml,0.019332066643983126,22049,341,75,266
18,20260726,admissoes,ppml,0.0028600492514669895,22049,341,75,266
18,20260726,asinh_saldo,ols,-0.01634225358437644,22049,341,75,266
18,20260726,desligamentos,ppml,-0.016154568642377853,22049,341,75,266
18,20260726,ln_salario_real_adm,ols,-0.019479523468522927,22012,341,75,266
18,20260726,n_movimentacoes,ppml,-0.006030122749507427,22049,341,75,266
19,20260726,admissoes,ppml,-0.017967623891308904,22049,341,75,266
19,20260726,asinh_saldo,ols,-0.29989689293712246,22049,341,75,266
19,20260726,desligamentos,ppml,-0.0467490591108799,22049,341,75,266
19,20260726,ln_salario_real_adm,ols,-0.009110706558248515,22012,341,75,266
19,20260726,n_movimentacoes,ppml,-0.032063317485153675,22049,341,75,266
20,20260726,admissoes,ppml,0.09157301438972354,22049,341,75,266
20,20260726,asinh_saldo,ols,0.26361115649401845,22049,341,75,266
20,20260726,desligamentos,ppml,0.03062076773494482,22049,341,75,266
20,20260726,ln_salario_real_adm,ols,0.0049449407286126955,22012,341,75,266
20,20260726,n_movimentacoes,ppml,0.06212874921038747,22049,341,75,266
21,20260726,admissoes,ppml,-0.006427789106965065,22049,341,75,266
21,20260726,asinh_saldo,ols,0.5042518860228361,22049,341,75,266
21,20260726,desligamentos,ppml,-0.00999070331454277,22049,341,75,266
21,20260726,ln_salario_real_adm,ols,0.008799918834717677,22012,341,75,266
21,20260726,n_movimentacoes,ppml,-0.007863684557378292,22049,341,75,266
22,20260726,admissoes,ppml,-0.032679520547389984,22049,341,75,266
22,20260726,asinh_saldo,ols,-0.4316734605129128,22049,341,75,266
22,20260726,desligamentos,ppml,-0.03586127469316125,22049,341,75,266
22,20260726,ln_salario_real_adm,ols,-0.003895250566240724,22012,341,75,266
22,20260726,n_movimentacoes,ppml,-0.03397374972701073,22049,341,75,266
23,20260726,admissoes,ppml,0.06295880256220698,22049,341,75,266
23,20260726,asinh_saldo,ols,0.06996889834994419,22049,341,75,266
23,20260726,desligamentos,ppml,0.026891837362200022,22049,341,75,266
23,20260726,ln_salario_real_adm,ols,0.0024215471029772253,22012,341,75,266
23,20260726,n_movimentacoes,ppml,0.04564402066171169,22049,341,75,266
24,20260726,admissoes,ppml,-0.08792965766042471,22049,341,75,266
24,20260726,asinh_saldo,ols,0.2417634653281438,22049,341,75,266
24,20260726,desligamentos,ppml,-0.08471966255456209,22049,341,75,266
24,20260726,ln_salario_real_adm,ols,0.01880822571319375,22012,341,75,266
24,20260726,n_movimentacoes,ppml,-0.0858117463067174,22049,341,75,266
25,20260726,admissoes,ppml,-0.00368239963427186,22049,341,75,266
25,20260726,asinh_saldo,ols,0.39887612456070615,22049,341,75,266
25,20260726,desligamentos,ppml,-0.0173136405646801,22049,341,75,266
25,20260726,ln_salario_real_adm,ols,0.014891330230634233,22012,341,75,266
25,20260726,n_movimentacoes,ppml,-0.010686441790312529,22049,341,75,266
26,20260726,admissoes,ppml,0.0805525304749608,22049,341,75,266
26,20260726,asinh_saldo,ols,0.28442029780516537,22049,341,75,266
26,20260726,desligamentos,ppml,0.06733055924996734,22049,341,75,266
26,20260726,ln_salario_real_adm,ols,0.00540653990220128,22012,341,75,266
26,20260726,n_movimentacoes,ppml,0.0741343479603529,22049,341,75,266
27,20260726,admissoes,ppml,-0.03241575509309769,22049,341,75,266
27,20260726,asinh_saldo,ols,-0.1340106632529867,22049,341,75,266
27,20260726,desligamentos,ppml,-0.01976257422938943,22049,341,75,266
27,20260726,ln_salario_real_adm,ols,-0.00645801034703992,22012,341,75,266
27,20260726,n_movimentacoes,ppml,-0.02669348893687129,22049,341,75,266
28,20260726,admissoes,ppml,-0.020388404838740826,22049,341,75,266
28,20260726,asinh_saldo,ols,-0.11788779102736345,22049,341,75,266
28,20260726,desligamentos,ppml,0.019207551144063473,22049,341,75,266
28,20260726,ln_salario_real_adm,ols,-0.00030274564065492987,22012,341,75,266
28,20260726,n_movimentacoes,ppml,-0.0007187230512499809,22049,341,75,266
29,20260726,admissoes,ppml,0.04956143954768777,22049,341,75,266
29,20260726,asinh_saldo,ols,0.9763824712018548,22049,341,75,266
29,20260726,desligamentos,ppml,0.014879155438393354,22049,341,75,266
29,20260726,ln_salario_real_adm,ols,0.023564432933476483,22012,341,75,266
29,20260726,n_movimentacoes,ppml,0.03300798591226339,22049,341,75,266
30,20260726,admissoes,ppml,0.038450004532933235,22049,341,75,266
30,20260726,asinh_saldo,ols,-0.4683257016062601,22049,341,75,266
30,20260726,desligamentos,ppml,0.05147351883351803,22049,341,75,266
30,20260726,ln_salario_real_adm,ols,-0.02772340636948328,22012,341,75,266
30,20260726,n_movimentacoes,ppml,0.045255431439727545,22049,341,75,266
31,20260726,admissoes,ppml,-0.0462364237755537,22049,341,75,266
31,20260726,asinh_saldo,ols,-0.4287733102665428,22049,341,75,266
31,20260726,desligamentos,ppml,-0.01874576136469841,22049,341,75,266
31,20260726,ln_salario_real_adm,ols,-0.031096185745830757,22012,341,75,266
31,20260726,n_movimentacoes,ppml,-0.03322489466518164,22049,341,75,266
32,20260726,admissoes,ppml,0.02738071884959936,22049,341,75,266
32,20260726,asinh_saldo,ols,-0.578880518348764,22049,341,75,266
32,20260726,desligamentos,ppml,0.00012093363329768181,22049,341,75,266
32,20260726,ln_salario_real_adm,ols,-0.0016309126868975271,22012,341,75,266
32,20260726,n_movimentacoes,ppml,0.014211964327841997,22049,341,75,266
33,20260726,admissoes,ppml,0.03690625308081508,22049,341,75,266
33,20260726,asinh_saldo,ols,-0.30011654719543784,22049,341,75,266
33,20260726,desligamentos,ppml,0.020012990105897188,22049,341,75,266
33,20260726,ln_salario_real_adm,ols,-0.00043847288684378507,22012,341,75,266
33,20260726,n_movimentacoes,ppml,0.028871036134660244,22049,341,75,266
34,20260726,admissoes,ppml,0.025152598042041063,22049,341,75,266
34,20260726,asinh_saldo,ols,-0.22055051061270547,22049,341,75,266
34,20260726,desligamentos,ppml,0.011252597905695438,22049,341,75,266
34,20260726,ln_salario_real_adm,ols,-0.01575331790357049,22012,341,75,266
34,20260726,n_movimentacoes,ppml,0.01864387420937419,22049,341,75,266
35,20260726,admissoes,ppml,0.005191559437662363,22049,341,75,266
35,20260726,asinh_saldo,ols,0.7288683869892348,22049,341,75,266
35,20260726,desligamentos,ppml,-0.007821661420166492,22049,341,75,266
35,20260726,ln_salario_real_adm,ols,0.01596304889841508,22012,341,75,266
35,20260726,n_movimentacoes,ppml,-0.0012108082883059978,22049,341,75,266
36,20260726,admissoes,ppml,-0.05967356450855732,22049,341,75,266
36,20260726,asinh_saldo,ols,-0.1384538677047548,22049,341,75,266
36,20260726,desligamentos,ppml,-0.040975864976644516,22049,341,75,266
36,20260726,ln_salario_real_adm,ols,-0.020856465971341193,22012,341,75,266
36,20260726,n_movimentacoes,ppml,-0.051192255690693855,22049,341,75,266
37,20260726,admissoes,ppml,0.0008414005860686302,22049,341,75,266
37,20260726,asinh_saldo,ols,0.03781837235087834,22049,341,75,266
37,20260726,desligamentos,ppml,0.014136910438537598,22049,341,75,266
37,20260726,ln_salario_real_adm,ols,-0.006801807955778347,22012,341,75,266
37,20260726,n_movimentacoes,ppml,0.007387818302959204,22049,341,75,266
38,20260726,admissoes,ppml,0.02475324971601367,22049,341,75,266
38,20260726,asinh_saldo,ols,-0.15893633574921498,22049,341,75,266
38,20260726,desligamentos,ppml,0.016761532984673977,22049,341,75,266
38,20260726,ln_salario_real_adm,ols,0.009235483511538443,22012,341,75,266
38,20260726,n_movimentacoes,ppml,0.021220661234110594,22049,341,75,266
39,20260726,admissoes,ppml,-0.05194327421486378,22049,341,75,266
39,20260726,asinh_saldo,ols,-0.2532664966772739,22049,341,75,266
39,20260726,desligamentos,ppml,-0.007330369204282761,22049,341,75,266
39,20260726,ln_salario_real_adm,ols,0.019468325107071447,22012,341,75,266
39,20260726,n_movimentacoes,ppml,-0.029468565247952938,22049,341,75,266
40,20260726,admissoes,ppml,0.07774545485153794,22049,341,75,266
40,20260726,asinh_saldo,ols,-0.15837888183852541,22049,341,75,266
40,20260726,desligamentos,ppml,0.08276109863072634,22049,341,75,266
40,20260726,ln_salario_real_adm,ols,-0.007207326673840532,22012,341,75,266
40,20260726,n_movimentacoes,ppml,0.08040810562670231,22049,341,75,266
41,20260726,admissoes,ppml,-0.038272048346698284,22049,341,75,266
41,20260726,asinh_saldo,ols,-0.22371196689677597,22049,341,75,266
41,20260726,desligamentos,ppml,-0.012425454333424568,22049,341,75,266
41,20260726,ln_salario_real_adm,ols,0.003928986257884268,22012,341,75,266
41,20260726,n_movimentacoes,ppml,-0.02617527497932315,22049,341,75,266
42,20260726,admissoes,ppml,0.05407685553655028,22049,341,75,266
42,20260726,asinh_saldo,ols,-0.4230990486777678,22049,341,75,266
42,20260726,desligamentos,ppml,0.01950195711106062,22049,341,75,266
42,20260726,ln_salario_real_adm,ols,0.0008876045025074295,22012,341,75,266
42,20260726,n_movimentacoes,ppml,0.03741622157394886,22049,341,75,266
43,20260726,admissoes,ppml,-0.009695804677903652,22049,341,75,266
43,20260726,asinh_saldo,ols,0.6105978648786526,22049,341,75,266
43,20260726,desligamentos,ppml,-0.009736231528222561,22049,341,75,266
43,20260726,ln_salario_real_adm,ols,-0.0042433350162715735,22012,341,75,266
43,20260726,n_movimentacoes,ppml,-0.009514323435723782,22049,341,75,266
44,20260726,admissoes,ppml,0.0426919786259532,22049,341,75,266
44,20260726,asinh_saldo,ols,0.6113625806747714,22049,341,75,266
44,20260726,desligamentos,ppml,0.0036695837043225765,22049,341,75,266
44,20260726,ln_salario_real_adm,ols,0.003551885609754273,22012,341,75,266
44,20260726,n_movimentacoes,ppml,0.024041962809860706,22049,341,75,266
45,20260726,admissoes,ppml,0.03934963885694742,22049,341,75,266
45,20260726,asinh_saldo,ols,0.5309122551944819,22049,341,75,266
45,20260726,desligamentos,ppml,-0.014304254669696093,22049,341,75,266
45,20260726,ln_salario_real_adm,ols,0.006229144661139735,22012,341,75,266
45,20260726,n_movimentacoes,ppml,0.013668082654476166,22049,341,75,266
46,20260726,admissoes,ppml,-0.03048880398273468,22049,341,75,266
46,20260726,asinh_saldo,ols,-0.3550411048322037,22049,341,75,266
46,20260726,desligamentos,ppml,-0.010861947201192379,22049,341,75,266
46,20260726,ln_salario_real_adm,ols,0.022843125059076225,22012,341,75,266
46,20260726,n_movimentacoes,ppml,-0.021000150591135025,22049,341,75,266
47,20260726,admissoes,ppml,-0.011150805745273829,22049,341,75,266
47,20260726,asinh_saldo,ols,-0.027814366752124082,22049,341,75,266
47,20260726,desligamentos,ppml,-0.016043865587562323,22049,341,75,266
47,20260726,ln_salario_real_adm,ols,-0.002203593505118342,22012,341,75,266
47,20260726,n_movimentacoes,ppml,-0.013347806874662638,22049,341,75,266
48,20260726,admissoes,ppml,0.010842730291187763,22049,341,75,266
48,20260726,asinh_saldo,ols,-0.30505638987024514,22049,341,75,266
48,20260726,desligamentos,ppml,0.03354678163304925,22049,341,75,266
48,20260726,ln_salario_real_adm,ols,-0.0007791449965951117,22012,341,75,266
48,20260726,n_movimentacoes,ppml,0.021427910774946213,22049,341,75,266
49,20260726,admissoes,ppml,0.03730015177279711,22049,341,75,266
49,20260726,asinh_saldo,ols,-0.22779942158126523,22049,341,75,266
49,20260726,desligamentos,ppml,0.028484002221375704,22049,341,75,266
49,20260726,ln_salario_real_adm,ols,-0.017490056788975816,22012,341,75,266
49,20260726,n_movimentacoes,ppml,0.03272917587310076,22049,341,75,266
50,20260726,admissoes,ppml,-0.0022498052567243576,22049,341,75,266
50,20260726,asinh_saldo,ols,-0.04759828052006014,22049,341,75,266
50,20260726,desligamentos,ppml,-0.01054217154160142,22049,341,75,266
50,20260726,ln_salario_real_adm,ols,-0.005577155294190941,22012,341,75,266
50,20260726,n_movimentacoes,ppml,-0.006423304323107004,22049,341,75,266
51,20260726,admissoes,ppml,0.026711249258369207,22049,341,75,266
51,20260726,asinh_saldo,ols,-0.22548760747991592,22049,341,75,266
51,20260726,desligamentos,ppml,0.012400784995406866,22049,341,75,266
51,20260726,ln_salario_real_adm,ols,0.024844060771474094,22012,341,75,266
51,20260726,n_movimentacoes,ppml,0.019652404822409153,22049,341,75,266
52,20260726,admissoes,ppml,-0.08710393449291587,22049,341,75,266
52,20260726,asinh_saldo,ols,-0.2614663204031777,22049,341,75,266
52,20260726,desligamentos,ppml,-0.04994095955044031,22049,341,75,266
52,20260726,ln_salario_real_adm,ols,-0.0006634745663964693,22012,341,75,266
52,20260726,n_movimentacoes,ppml,-0.06809190381318331,22049,341,75,266
53,20260726,admissoes,ppml,-0.023782345931977034,22049,341,75,266
53,20260726,asinh_saldo,ols,0.025733285092376927,22049,341,75,266
53,20260726,desligamentos,ppml,-0.033162175212055445,22049,341,75,266
53,20260726,ln_salario_real_adm,ols,0.005554034015749857,22012,341,75,266
53,20260726,n_movimentacoes,ppml,-0.02811782853677869,22049,341,75,266
54,20260726,admissoes,ppml,-0.049541058018803596,22049,341,75,266
54,20260726,asinh_saldo,ols,0.4400908422051751,22049,341,75,266
54,20260726,desligamentos,ppml,-0.031064797658473253,22049,341,75,266
54,20260726,ln_salario_real_adm,ols,-0.0036397121750556174,22012,341,75,266
54,20260726,n_movimentacoes,ppml,-0.04088763054460287,22049,341,75,266
55,20260726,admissoes,ppml,0.00681530823931098,22049,341,75,266
55,20260726,asinh_saldo,ols,-0.2255784182448082,22049,341,75,266
55,20260726,desligamentos,ppml,-0.0022126655094325542,22049,341,75,266
55,20260726,ln_salario_real_adm,ols,-0.003067020022830665,22012,341,75,266
55,20260726,n_movimentacoes,ppml,0.0026479875668883324,22049,341,75,266
56,20260726,admissoes,ppml,0.017598829232156277,22049,341,75,266
56,20260726,asinh_saldo,ols,-0.024617312275189072,22049,341,75,266
56,20260726,desligamentos,ppml,-0.006765574216842651,22049,341,75,266
56,20260726,ln_salario_real_adm,ols,0.003744623141581319,22012,341,75,266
56,20260726,n_movimentacoes,ppml,0.006075635086745024,22049,341,75,266
57,20260726,admissoes,ppml,0.030534175224602222,22049,341,75,266
57,20260726,asinh_saldo,ols,0.130300595864343,22049,341,75,266
57,20260726,desligamentos,ppml,-0.0017922287806868553,22049,341,75,266
57,20260726,ln_salario_real_adm,ols,-0.004622713016643432,22012,341,75,266
57,20260726,n_movimentacoes,ppml,0.014622768387198448,22049,341,75,266
58,20260726,admissoes,ppml,-0.04516863403841853,22049,341,75,266
58,20260726,asinh_saldo,ols,0.6555966397744756,22049,341,75,266
58,20260726,desligamentos,ppml,-0.06888407235965133,22049,341,75,266
58,20260726,ln_salario_real_adm,ols,0.012886388591251215,22012,341,75,266
58,20260726,n_movimentacoes,ppml,-0.05643821135163307,22049,341,75,266
59,20260726,admissoes,ppml,-0.00197749026119709,22049,341,75,266
59,20260726,asinh_saldo,ols,0.24192947327615016,22049,341,75,266
59,20260726,desligamentos,ppml,0.03360518626868725,22049,341,75,266
59,20260726,ln_salario_real_adm,ols,-0.01302488767885382,22012,341,75,266
59,20260726,n_movimentacoes,ppml,0.015577005222439766,22049,341,75,266
60,20260726,admissoes,ppml,0.07563955057412386,22049,341,75,266
60,20260726,asinh_saldo,ols,0.49257818550269705,22049,341,75,266
60,20260726,desligamentos,ppml,0.05019701877608895,22049,341,75,266
60,20260726,ln_salario_real_adm,ols,0.023776816532657223,22012,341,75,266
60,20260726,n_movimentacoes,ppml,0.06272983294911683,22049,341,75,266
61,20260726,admissoes,ppml,0.05859395395964384,22049,341,75,266
61,20260726,asinh_saldo,ols,-0.45738733556988326,22049,341,75,266
61,20260726,desligamentos,ppml,0.04606080427765846,22049,341,75,266
61,20260726,ln_salario_real_adm,ols,-0.016916918683624098,22012,341,75,266
61,20260726,n_movimentacoes,ppml,0.05216870829463005,22049,341,75,266
62,20260726,admissoes,ppml,0.060782273299992085,22049,341,75,266
62,20260726,asinh_saldo,ols,-0.021269133855841147,22049,341,75,266
62,20260726,desligamentos,ppml,0.021577862091362476,22049,341,75,266
62,20260726,ln_salario_real_adm,ols,0.001207709743085069,22012,341,75,266
62,20260726,n_movimentacoes,ppml,0.04187548207119107,22049,341,75,266
63,20260726,admissoes,ppml,-0.011812510434538126,22049,341,75,266
63,20260726,asinh_saldo,ols,-0.007711693420829458,22049,341,75,266
63,20260726,desligamentos,ppml,-0.005729128606617451,22049,341,75,266
63,20260726,ln_salario_real_adm,ols,-0.014717647628621152,22012,341,75,266
63,20260726,n_movimentacoes,ppml,-0.008848507422953844,22049,341,75,266
64,20260726,admissoes,ppml,-0.05255501717329025,22049,341,75,266
64,20260726,asinh_saldo,ols,0.013747218824904659,22049,341,75,266
64,20260726,desligamentos,ppml,-0.03882579272612929,22049,341,75,266
64,20260726,ln_salario_real_adm,ols,0.009655441560430396,22012,341,75,266
64,20260726,n_movimentacoes,ppml,-0.04613172775134444,22049,341,75,266
65,20260726,admissoes,ppml,-0.03135869465768337,22049,341,75,266
65,20260726,asinh_saldo,ols,0.18934246679263173,22049,341,75,266
65,20260726,desligamentos,ppml,-0.006664240267127752,22049,341,75,266
65,20260726,ln_salario_real_adm,ols,-0.004652933416408855,22012,341,75,266
65,20260726,n_movimentacoes,ppml,-0.018988361582159996,22049,341,75,266
66,20260726,admissoes,ppml,-0.036694987677037716,22049,341,75,266
66,20260726,asinh_saldo,ols,-0.5845438083173782,22049,341,75,266
66,20260726,desligamentos,ppml,-0.012872572522610426,22049,341,75,266
66,20260726,ln_salario_real_adm,ols,0.0014214379782265844,22012,341,75,266
66,20260726,n_movimentacoes,ppml,-0.024918819777667522,22049,341,75,266
67,20260726,admissoes,ppml,0.03787903138436377,22049,341,75,266
67,20260726,asinh_saldo,ols,-0.2616030566911017,22049,341,75,266
67,20260726,desligamentos,ppml,0.004369245609268546,22049,341,75,266
67,20260726,ln_salario_real_adm,ols,0.0030999044986532256,22012,341,75,266
67,20260726,n_movimentacoes,ppml,0.0218648430891335,22049,341,75,266
68,20260726,admissoes,ppml,-0.047334423288702965,22049,341,75,266
68,20260726,asinh_saldo,ols,0.2648332973550214,22049,341,75,266
68,20260726,desligamentos,ppml,-0.01813825685530901,22049,341,75,266
68,20260726,ln_salario_real_adm,ols,-0.010235470346801914,22012,341,75,266
68,20260726,n_movimentacoes,ppml,-0.03318550484254956,22049,341,75,266
69,20260726,admissoes,ppml,0.046716563403606415,22049,341,75,266
69,20260726,asinh_saldo,ols,0.19450677303953318,22049,341,75,266
69,20260726,desligamentos,ppml,0.0535653131082654,22049,341,75,266
69,20260726,ln_salario_real_adm,ols,0.008722325693513456,22012,341,75,266
69,20260726,n_movimentacoes,ppml,0.05004560295492411,22049,341,75,266
70,20260726,admissoes,ppml,0.04256686847656965,22049,341,75,266
70,20260726,asinh_saldo,ols,0.6645665602537075,22049,341,75,266
70,20260726,desligamentos,ppml,0.030003455467522144,22049,341,75,266
70,20260726,ln_salario_real_adm,ols,-0.0015163994707703156,22012,341,75,266
70,20260726,n_movimentacoes,ppml,0.03697324823588133,22049,341,75,266
71,20260726,admissoes,ppml,-0.08872556779533625,22049,341,75,266
71,20260726,asinh_saldo,ols,0.6316098929056643,22049,341,75,266
71,20260726,desligamentos,ppml,-0.049153270199894905,22049,341,75,266
71,20260726,ln_salario_real_adm,ols,0.003968967120287685,22012,341,75,266
71,20260726,n_movimentacoes,ppml,-0.06955243833363056,22049,341,75,266
72,20260726,admissoes,ppml,0.03817616356536746,22049,341,75,266
72,20260726,asinh_saldo,ols,0.7347364338889198,22049,341,75,266
72,20260726,desligamentos,ppml,0.0260324040427804,22049,341,75,266
72,20260726,ln_salario_real_adm,ols,0.019924536642508962,22012,341,75,266
72,20260726,n_movimentacoes,ppml,0.03160189324989915,22049,341,75,266
73,20260726,admissoes,ppml,0.08464338583871722,22049,341,75,266
73,20260726,asinh_saldo,ols,0.2015594107691111,22049,341,75,266
73,20260726,desligamentos,ppml,0.026172453304752707,22049,341,75,266
73,20260726,ln_salario_real_adm,ols,0.011113179903054717,22012,341,75,266
73,20260726,n_movimentacoes,ppml,0.05619561253115535,22049,341,75,266
74,20260726,admissoes,ppml,0.01393949519842863,22049,341,75,266
74,20260726,asinh_saldo,ols,-0.030553674540004867,22049,341,75,266
74,20260726,desligamentos,ppml,-0.009035761933773756,22049,341,75,266
74,20260726,ln_salario_real_adm,ols,0.001933293323882319,22012,341,75,266
74,20260726,n_movimentacoes,ppml,0.0027875532396137714,22049,341,75,266
75,20260726,admissoes,ppml,-0.061457300558686256,22049,341,75,266
75,20260726,asinh_saldo,ols,-0.48929722108205564,22049,341,75,266
75,20260726,desligamentos,ppml,-0.023518607951700687,22049,341,75,266
75,20260726,ln_salario_real_adm,ols,-0.014546781218163864,22012,341,75,266
75,20260726,n_movimentacoes,ppml,-0.04337474377825856,22049,341,75,266
76,20260726,admissoes,ppml,-0.05920505803078413,22049,341,75,266
76,20260726,asinh_saldo,ols,-0.3803147012613563,22049,341,75,266
76,20260726,desligamentos,ppml,-0.030912622343748808,22049,341,75,266
76,20260726,ln_salario_real_adm,ols,-0.010307344580509508,22012,341,75,266
76,20260726,n_movimentacoes,ppml,-0.04603732144460082,22049,341,75,266
77,20260726,admissoes,ppml,-0.02839793125167489,22049,341,75,266
77,20260726,asinh_saldo,ols,-0.013925673565584456,22049,341,75,266
77,20260726,desligamentos,ppml,-0.020557576790452003,22049,341,75,266
77,20260726,ln_salario_real_adm,ols,0.009380997978982676,22012,341,75,266
77,20260726,n_movimentacoes,ppml,-0.023969267029315233,22049,341,75,266
78,20260726,admissoes,ppml,-0.07788574416190386,22049,341,75,266
78,20260726,asinh_saldo,ols,-0.2296992068505868,22049,341,75,266
78,20260726,desligamentos,ppml,-0.032410372979938984,22049,341,75,266
78,20260726,ln_salario_real_adm,ols,0.026032416044822433,22012,341,75,266
78,20260726,n_movimentacoes,ppml,-0.054936548694968224,22049,341,75,266
79,20260726,admissoes,ppml,-0.10193138103932142,22049,341,75,266
79,20260726,asinh_saldo,ols,0.07230431275394202,22049,341,75,266
79,20260726,desligamentos,ppml,-0.09301122603937984,22049,341,75,266
79,20260726,ln_salario_real_adm,ols,-0.008359784594338508,22012,341,75,266
79,20260726,n_movimentacoes,ppml,-0.09744002763181925,22049,341,75,266
80,20260726,admissoes,ppml,0.006364156492054462,22049,341,75,266
80,20260726,asinh_saldo,ols,0.004764477676025628,22049,341,75,266
80,20260726,desligamentos,ppml,0.015498081687837839,22049,341,75,266
80,20260726,ln_salario_real_adm,ols,0.01718833101406327,22012,341,75,266
80,20260726,n_movimentacoes,ppml,0.011136757675558329,22049,341,75,266
81,20260726,admissoes,ppml,-0.028402365744113922,22049,341,75,266
81,20260726,asinh_saldo,ols,0.25664961961509225,22049,341,75,266
81,20260726,desligamentos,ppml,-0.018998587504029274,22049,341,75,266
81,20260726,ln_salario_real_adm,ols,0.0054061770823032925,22012,341,75,266
81,20260726,n_movimentacoes,ppml,-0.023635675199329853,22049,341,75,266
82,20260726,admissoes,ppml,0.10013810452073812,22049,341,75,266
82,20260726,asinh_saldo,ols,0.04136648525477005,22049,341,75,266
82,20260726,desligamentos,ppml,0.055728461127728224,22049,341,75,266
82,20260726,ln_salario_real_adm,ols,-0.005918849144344109,22012,341,75,266
82,20260726,n_movimentacoes,ppml,0.07842564629390836,22049,341,75,266
83,20260726,admissoes,ppml,0.06447449093684554,22049,341,75,266
83,20260726,asinh_saldo,ols,0.4132107395415724,22049,341,75,266
83,20260726,desligamentos,ppml,0.004305846989154816,22049,341,75,266
83,20260726,ln_salario_real_adm,ols,0.012111816171476327,22012,341,75,266
83,20260726,n_movimentacoes,ppml,0.035754626616835594,22049,341,75,266
84,20260726,admissoes,ppml,0.0017373324371874332,22049,341,75,266
84,20260726,asinh_saldo,ols,0.22320419588916046,22049,341,75,266
84,20260726,desligamentos,ppml,-0.007838306948542595,22049,341,75,266
84,20260726,ln_salario_real_adm,ols,0.011574052034765676,22012,341,75,266
84,20260726,n_movimentacoes,ppml,-0.003149897325783968,22049,341,75,266
85,20260726,admissoes,ppml,0.03277668450027704,22049,341,75,266
85,20260726,asinh_saldo,ols,-0.40084956487029916,22049,341,75,266
85,20260726,desligamentos,ppml,0.019638427067548037,22049,341,75,266
85,20260726,ln_salario_real_adm,ols,-0.01238092176428816,22012,341,75,266
85,20260726,n_movimentacoes,ppml,0.026396924629807472,22049,341,75,266
86,20260726,admissoes,ppml,0.038448378909379244,22049,341,75,266
86,20260726,asinh_saldo,ols,0.08687852817345755,22049,341,75,266
86,20260726,desligamentos,ppml,0.03930246690288186,22049,341,75,266
86,20260726,ln_salario_real_adm,ols,0.0006872795403326882,22012,341,75,266
86,20260726,n_movimentacoes,ppml,0.038041946943849325,22049,341,75,266
87,20260726,admissoes,ppml,-0.022050010040402412,22049,341,75,266
87,20260726,asinh_saldo,ols,-0.25322380789389826,22049,341,75,266
87,20260726,desligamentos,ppml,-0.00929713249206543,22049,341,75,266
87,20260726,ln_salario_real_adm,ols,-0.0038942230769784666,22012,341,75,266
87,20260726,n_movimentacoes,ppml,-0.015573855489492416,22049,341,75,266
88,20260726,admissoes,ppml,-0.08143216371536255,22049,341,75,266
88,20260726,asinh_saldo,ols,-0.2573974536711616,22049,341,75,266
88,20260726,desligamentos,ppml,-0.05482290033251047,22049,341,75,266
88,20260726,ln_salario_real_adm,ols,-0.015556706772412344,22012,341,75,266
88,20260726,n_movimentacoes,ppml,-0.068233463447541,22049,341,75,266
89,20260726,admissoes,ppml,-0.006733911111950874,22049,341,75,266
89,20260726,asinh_saldo,ols,0.04604528716792311,22049,341,75,266
89,20260726,desligamentos,ppml,-0.024089058861136436,22049,341,75,266
89,20260726,ln_salario_real_adm,ols,-0.005123075373678663,22012,341,75,266
89,20260726,n_movimentacoes,ppml,-0.01529568899422884,22049,341,75,266
90,20260726,admissoes,ppml,-0.10991839459165931,22049,341,75,266
90,20260726,asinh_saldo,ols,-0.5645078325713346,22049,341,75,266
90,20260726,desligamentos,ppml,-0.07014860026538372,22049,341,75,266
90,20260726,ln_salario_real_adm,ols,-0.00867155276533127,22012,341,75,266
90,20260726,n_movimentacoes,ppml,-0.08997479919344187,22049,341,75,266
91,20260726,admissoes,ppml,-0.061104695312678814,22049,341,75,266
91,20260726,asinh_saldo,ols,-0.33241391258151703,22049,341,75,266
91,20260726,desligamentos,ppml,-0.04728402802720666,22049,341,75,266
91,20260726,ln_salario_real_adm,ols,-0.0036390043016772773,22012,341,75,266
91,20260726,n_movimentacoes,ppml,-0.05487184366211295,22049,341,75,266
92,20260726,admissoes,ppml,-0.021937916055321693,22049,341,75,266
92,20260726,asinh_saldo,ols,-0.44237717821839445,22049,341,75,266
92,20260726,desligamentos,ppml,0.03282254748046398,22049,341,75,266
92,20260726,ln_salario_real_adm,ols,-0.01824136052404816,22012,341,75,266
92,20260726,n_movimentacoes,ppml,0.00513832364231348,22049,341,75,266
93,20260726,admissoes,ppml,0.08708974160254002,22049,341,75,266
93,20260726,asinh_saldo,ols,0.09190295495175589,22049,341,75,266
93,20260726,desligamentos,ppml,0.08934803493320942,22049,341,75,266
93,20260726,ln_salario_real_adm,ols,0.011586079414977586,22012,341,75,266
93,20260726,n_movimentacoes,ppml,0.08807301241904497,22049,341,75,266
94,20260726,admissoes,ppml,-0.117855004966259,22049,341,75,266
94,20260726,asinh_saldo,ols,-0.21514890988362362,22049,341,75,266
94,20260726,desligamentos,ppml,-0.08828417584300041,22049,341,75,266
94,20260726,ln_salario_real_adm,ols,-0.011910562689189427,22012,341,75,266
94,20260726,n_movimentacoes,ppml,-0.10253915656358004,22049,341,75,266
95,20260726,admissoes,ppml,0.04434859752655029,22049,341,75,266
95,20260726,asinh_saldo,ols,0.26080457746914265,22049,341,75,266
95,20260726,desligamentos,ppml,0.015072269830852747,22049,341,75,266
95,20260726,ln_salario_real_adm,ols,0.0014457125499661887,22012,341,75,266
95,20260726,n_movimentacoes,ppml,0.03028327226638794,22049,341,75,266
96,20260726,admissoes,ppml,0.031091390177607536,22049,341,75,266
96,20260726,asinh_saldo,ols,0.26359911037789024,22049,341,75,266
96,20260726,desligamentos,ppml,-0.015267744660377502,22049,341,75,266
96,20260726,ln_salario_real_adm,ols,0.009446600740493626,22012,341,75,266
96,20260726,n_movimentacoes,ppml,0.008771797642111778,22049,341,75,266
97,20260726,admissoes,ppml,0.006750845350325108,22049,341,75,266
97,20260726,asinh_saldo,ols,-0.03277713151819195,22049,341,75,266
97,20260726,desligamentos,ppml,0.024501276202499866,22049,341,75,266
97,20260726,ln_salario_real_adm,ols,-0.005437636121415209,22012,341,75,266
97,20260726,n_movimentacoes,ppml,0.015955371782183647,22049,341,75,266
98,20260726,admissoes,ppml,0.07041078829206526,22049,341,75,266
98,20260726,asinh_saldo,ols,-0.2836781889172934,22049,341,75,266
98,20260726,desligamentos,ppml,0.06742956768721342,22049,341,75,266
98,20260726,ln_salario_real_adm,ols,-0.00703612503911038,22012,341,75,266
98,20260726,n_movimentacoes,ppml,0.06892660073935986,22049,341,75,266
99,20260726,admissoes,ppml,0.03924527345225215,22049,341,75,266
99,20260726,asinh_saldo,ols,0.4701569624511684,22049,341,75,266
99,20260726,desligamentos,ppml,0.01714640762656927,22049,341,75,266
99,20260726,ln_salario_real_adm,ols,0.0016065560788979623,22012,341,75,266
99,20260726,n_movimentacoes,ppml,0.02924220124259591,22049,341,75,266
100,20260726,admissoes,ppml,-0.014211732428520918,22049,341,75,266
100,20260726,asinh_saldo,ols,0.7044127537143138,22049,341,75,266
100,20260726,desligamentos,ppml,-0.06965436041355133,22049,341,75,266
100,20260726,ln_salario_real_adm,ols,-0.0077790413152115595,22012,341,75,266
100,20260726,n_movimentacoes,ppml,-0.04065197752788663,22049,341,75,266
101,20260726,admissoes,ppml,-0.0787134189158678,22049,341,75,266
101,20260726,asinh_saldo,ols,-0.2793744232181273,22049,341,75,266
101,20260726,desligamentos,ppml,-0.0416872613132,22049,341,75,266
101,20260726,ln_salario_real_adm,ols,-0.018659652684249982,22012,341,75,266
101,20260726,n_movimentacoes,ppml,-0.06062186602503061,22049,341,75,266
102,20260726,admissoes,ppml,-0.04953223094344139,22049,341,75,266
102,20260726,asinh_saldo,ols,-0.5052826202979644,22049,341,75,266
102,20260726,desligamentos,ppml,-0.03556004632264376,22049,341,75,266
102,20260726,ln_salario_real_adm,ols,-0.026704822466916592,22012,341,75,266
102,20260726,n_movimentacoes,ppml,-0.04333657259121537,22049,341,75,266
103,20260726,admissoes,ppml,-0.010735616087913513,22049,341,75,266
103,20260726,asinh_saldo,ols,0.7852232590198704,22049,341,75,266
103,20260726,desligamentos,ppml,0.00019198842346668243,22049,341,75,266
103,20260726,ln_salario_real_adm,ols,0.004524749689591275,22012,341,75,266
103,20260726,n_movimentacoes,ppml,-0.005244709551334381,22049,341,75,266
104,20260726,admissoes,ppml,0.00818154588341713,22049,341,75,266
104,20260726,asinh_saldo,ols,0.12460014294541306,22049,341,75,266
104,20260726,desligamentos,ppml,-0.004910740070044994,22049,341,75,266
104,20260726,ln_salario_real_adm,ols,-0.00524059730680676,22012,341,75,266
104,20260726,n_movimentacoes,ppml,0.0016426160000264645,22049,341,75,266
105,20260726,admissoes,ppml,-0.042885708156973124,22049,341,75,266
105,20260726,asinh_saldo,ols,0.011475049770388462,22049,341,75,266
105,20260726,desligamentos,ppml,0.005247978027909994,22049,341,75,266
105,20260726,ln_salario_real_adm,ols,0.025926409158985544,22012,341,75,266
105,20260726,n_movimentacoes,ppml,-0.01927800290286541,22049,341,75,266
106,20260726,admissoes,ppml,-0.05297464411705732,22049,341,75,266
106,20260726,asinh_saldo,ols,0.4564679079604532,22049,341,75,266
106,20260726,desligamentos,ppml,-0.030525917187333107,22049,341,75,266
106,20260726,ln_salario_real_adm,ols,-0.0032566246479891017,22012,341,75,266
106,20260726,n_movimentacoes,ppml,-0.0421679625287652,22049,341,75,266
107,20260726,admissoes,ppml,-0.06328072538599372,22049,341,75,266
107,20260726,asinh_saldo,ols,0.15327611197218108,22049,341,75,266
107,20260726,desligamentos,ppml,-0.03954853117465973,22049,341,75,266
107,20260726,ln_salario_real_adm,ols,0.012120010723772065,22012,341,75,266
107,20260726,n_movimentacoes,ppml,-0.05201743450015783,22049,341,75,266
108,20260726,admissoes,ppml,0.03167519485577941,22049,341,75,266
108,20260726,asinh_saldo,ols,0.4157858871732849,22049,341,75,266
108,20260726,desligamentos,ppml,0.027761644683778286,22049,341,75,266
108,20260726,ln_salario_real_adm,ols,0.00932215575021597,22012,341,75,266
108,20260726,n_movimentacoes,ppml,0.02976715099066496,22049,341,75,266
109,20260726,admissoes,ppml,-0.0612697908654809,22049,341,75,266
109,20260726,asinh_saldo,ols,-0.2616772780692235,22049,341,75,266
109,20260726,desligamentos,ppml,-0.0014734603464603424,22049,341,75,266
109,20260726,ln_salario_real_adm,ols,0.002951661706339556,22012,341,75,266
109,20260726,n_movimentacoes,ppml,-0.032088367734104395,22049,341,75,266
110,20260726,admissoes,ppml,-0.03944357577711344,22049,341,75,266
110,20260726,asinh_saldo,ols,0.11310749903022425,22049,341,75,266
110,20260726,desligamentos,ppml,-0.057894058991223574,22049,341,75,266
110,20260726,ln_salario_real_adm,ols,-0.015644961484326394,22012,341,75,266
110,20260726,n_movimentacoes,ppml,-0.048860734328627586,22049,341,75,266
111,20260726,admissoes,ppml,0.04738742206245661,22049,341,75,266
111,20260726,asinh_saldo,ols,0.3891595600714441,22049,341,75,266
111,20260726,desligamentos,ppml,0.020914880791679025,22049,341,75,266
111,20260726,ln_salario_real_adm,ols,0.015744871486842765,22012,341,75,266
111,20260726,n_movimentacoes,ppml,0.033995987847447395,22049,341,75,266
112,20260726,admissoes,ppml,-0.04572696564719081,22049,341,75,266
112,20260726,asinh_saldo,ols,-0.01613294402632338,22049,341,75,266
112,20260726,desligamentos,ppml,-0.02496298123151064,22049,341,75,266
112,20260726,ln_salario_real_adm,ols,-0.012879016165228975,22012,341,75,266
112,20260726,n_movimentacoes,ppml,-0.03573314566165209,22049,341,75,266
113,20260726,admissoes,ppml,0.04194727633148432,22049,341,75,266
113,20260726,asinh_saldo,ols,-0.31092543820189505,22049,341,75,266
113,20260726,desligamentos,ppml,0.06905257236212492,22049,341,75,266
113,20260726,ln_salario_real_adm,ols,0.015093800539906803,22012,341,75,266
113,20260726,n_movimentacoes,ppml,0.054802979808300734,22049,341,75,266
114,20260726,admissoes,ppml,0.0900165755301714,22049,341,75,266
114,20260726,asinh_saldo,ols,-0.17954543937080214,22049,341,75,266
114,20260726,desligamentos,ppml,0.07103300653398037,22049,341,75,266
114,20260726,ln_salario_real_adm,ols,0.007284103472005029,22012,341,75,266
114,20260726,n_movimentacoes,ppml,0.08053871104493737,22049,341,75,266
115,20260726,admissoes,ppml,-0.009747599251568317,22049,341,75,266
115,20260726,asinh_saldo,ols,-0.6146954728091196,22049,341,75,266
115,20260726,desligamentos,ppml,-0.008028329815715551,22049,341,75,266
115,20260726,ln_salario_real_adm,ols,0.005551096077708688,22012,341,75,266
115,20260726,n_movimentacoes,ppml,-0.009325549472123384,22049,341,75,266
116,20260726,admissoes,ppml,-0.023108956404030323,22049,341,75,266
116,20260726,asinh_saldo,ols,-0.0703709635165514,22049,341,75,266
116,20260726,desligamentos,ppml,0.008044956251978874,22049,341,75,266
116,20260726,ln_salario_real_adm,ols,-0.0015476076593933772,22012,341,75,266
116,20260726,n_movimentacoes,ppml,-0.0073260413482785225,22049,341,75,266
117,20260726,admissoes,ppml,-0.0559966959990561,22049,341,75,266
117,20260726,asinh_saldo,ols,0.24528193301634618,22049,341,75,266
117,20260726,desligamentos,ppml,-0.03552220482379198,22049,341,75,266
117,20260726,ln_salario_real_adm,ols,-0.004257200625582908,22012,341,75,266
117,20260726,n_movimentacoes,ppml,-0.04563541943207383,22049,341,75,266
118,20260726,admissoes,ppml,-0.03078833408653736,22049,341,75,266
118,20260726,asinh_saldo,ols,0.06517861330131343,22049,341,75,266
118,20260726,desligamentos,ppml,-0.016745940316468477,22049,341,75,266
118,20260726,ln_salario_real_adm,ols,-0.02304982819550174,22012,341,75,266
118,20260726,n_movimentacoes,ppml,-0.024530319031327963,22049,341,75,266
119,20260726,admissoes,ppml,-0.029345730785280466,22049,341,75,266
119,20260726,asinh_saldo,ols,-0.39313966861029737,22049,341,75,266
119,20260726,desligamentos,ppml,0.0023934729397296906,22049,341,75,266
119,20260726,ln_salario_real_adm,ols,-0.005693974417027482,22012,341,75,266
119,20260726,n_movimentacoes,ppml,-0.013858618214726448,22049,341,75,266
120,20260726,admissoes,ppml,-0.042427669279277325,22049,341,75,266
120,20260726,asinh_saldo,ols,0.1587257000152018,22049,341,75,266
120,20260726,desligamentos,ppml,-0.025624463334679604,22049,341,75,266
120,20260726,ln_salario_real_adm,ols,0.0020579546374716114,22012,341,75,266
120,20260726,n_movimentacoes,ppml,-0.03416607994586229,22049,341,75,266
121,20260726,admissoes,ppml,-0.008352797478437424,22049,341,75,266
121,20260726,asinh_saldo,ols,0.25123771997722183,22049,341,75,266
121,20260726,desligamentos,ppml,0.021440624725073576,22049,341,75,266
121,20260726,ln_salario_real_adm,ols,0.003776834730646949,22012,341,75,266
121,20260726,n_movimentacoes,ppml,0.006085535511374474,22049,341,75,266
122,20260726,admissoes,ppml,0.0010647540912032127,22049,341,75,266
122,20260726,asinh_saldo,ols,-0.12392722395505021,22049,341,75,266
122,20260726,desligamentos,ppml,-0.012178043369203806,22049,341,75,266
122,20260726,ln_salario_real_adm,ols,-0.02040103286034907,22012,341,75,266
122,20260726,n_movimentacoes,ppml,-0.0053084236569702625,22049,341,75,266
123,20260726,admissoes,ppml,-0.04030820541083813,22049,341,75,266
123,20260726,asinh_saldo,ols,-0.36545874654884747,22049,341,75,266
123,20260726,desligamentos,ppml,-0.005021926015615463,22049,341,75,266
123,20260726,ln_salario_real_adm,ols,-0.010536859082565669,22012,341,75,266
123,20260726,n_movimentacoes,ppml,-0.022665977478027344,22049,341,75,266
124,20260726,admissoes,ppml,0.017203313298523426,22049,341,75,266
124,20260726,asinh_saldo,ols,0.3150038150584731,22049,341,75,266
124,20260726,desligamentos,ppml,-0.016818810254335403,22049,341,75,266
124,20260726,ln_salario_real_adm,ols,0.010399220010959524,22012,341,75,266
124,20260726,n_movimentacoes,ppml,0.0010922704823315144,22049,341,75,266
125,20260726,admissoes,ppml,-0.029460597783327103,22049,341,75,266
125,20260726,asinh_saldo,ols,-0.3777995034578365,22049,341,75,266
125,20260726,desligamentos,ppml,-0.06047822115942836,22049,341,75,266
125,20260726,ln_salario_real_adm,ols,-0.001358501269901164,22012,341,75,266
125,20260726,n_movimentacoes,ppml,-0.04412839328870177,22049,341,75,266
126,20260726,admissoes,ppml,0.004490160383284092,22049,341,75,266
126,20260726,asinh_saldo,ols,-0.12271367853825861,22049,341,75,266
126,20260726,desligamentos,ppml,0.0013401173055171967,22049,341,75,266
126,20260726,ln_salario_real_adm,ols,0.002052481975983882,22012,341,75,266
126,20260726,n_movimentacoes,ppml,0.0030105924233794212,22049,341,75,266
127,20260726,admissoes,ppml,-0.031406887806952,22049,341,75,266
127,20260726,asinh_saldo,ols,-0.1465266909722966,22049,341,75,266
127,20260726,desligamentos,ppml,-0.007785690017044544,22049,341,75,266
127,20260726,ln_salario_real_adm,ols,-0.012170265175941304,22012,341,75,266
127,20260726,n_movimentacoes,ppml,-0.019202083349227905,22049,341,75,266
128,20260726,admissoes,ppml,0.032429177314043045,22049,341,75,266
128,20260726,asinh_saldo,ols,0.12010029072636588,22049,341,75,266
128,20260726,desligamentos,ppml,0.023529554717242718,22049,341,75,266
128,20260726,ln_salario_real_adm,ols,-0.011901505002249827,22012,341,75,266
128,20260726,n_movimentacoes,ppml,0.0282989414408803,22049,341,75,266
129,20260726,admissoes,ppml,-0.05168057605624199,22049,341,75,266
129,20260726,asinh_saldo,ols,0.03948484976209809,22049,341,75,266
129,20260726,desligamentos,ppml,-0.04450274771079421,22049,341,75,266
129,20260726,ln_salario_real_adm,ols,0.003235640675300288,22012,341,75,266
129,20260726,n_movimentacoes,ppml,-0.048012356739491224,22049,341,75,266
130,20260726,admissoes,ppml,0.0369303566403687,22049,341,75,266
130,20260726,asinh_saldo,ols,-0.8355128242488944,22049,341,75,266
130,20260726,desligamentos,ppml,0.06914712116122246,22049,341,75,266
130,20260726,ln_salario_real_adm,ols,-0.016886594656010848,22012,341,75,266
130,20260726,n_movimentacoes,ppml,0.05225885659456253,22049,341,75,266
131,20260726,admissoes,ppml,0.009519091807305813,22049,341,75,266
131,20260726,asinh_saldo,ols,-0.4056494468583593,22049,341,75,266
131,20260726,desligamentos,ppml,0.055064978543668985,22049,341,75,266
131,20260726,ln_salario_real_adm,ols,-0.01530769453655934,22012,341,75,266
131,20260726,n_movimentacoes,ppml,0.031739425379782915,22049,341,75,266
132,20260726,admissoes,ppml,-0.09993825107812881,22049,341,75,266
132,20260726,asinh_saldo,ols,-0.13361202721872034,22049,341,75,266
132,20260726,desligamentos,ppml,-0.09290592418983579,22049,341,75,266
132,20260726,ln_salario_real_adm,ols,0.004962320413562534,22012,341,75,266
132,20260726,n_movimentacoes,ppml,-0.09614048711955547,22049,341,75,266
133,20260726,admissoes,ppml,-0.0707440604455769,22049,341,75,266
133,20260726,asinh_saldo,ols,-0.5441590871536056,22049,341,75,266
133,20260726,desligamentos,ppml,-0.06539015006273985,22049,341,75,266
133,20260726,ln_salario_real_adm,ols,0.0033040404610866357,22012,341,75,266
133,20260726,n_movimentacoes,ppml,-0.06756380666047335,22049,341,75,266
134,20260726,admissoes,ppml,-0.02509616012685001,22049,341,75,266
134,20260726,asinh_saldo,ols,0.00691777218791647,22049,341,75,266
134,20260726,desligamentos,ppml,-0.062429819256067276,22049,341,75,266
134,20260726,ln_salario_real_adm,ols,-0.0006418458953278625,22012,341,75,266
134,20260726,n_movimentacoes,ppml,-0.04311154969036579,22049,341,75,266
135,20260726,admissoes,ppml,-0.05825502751395106,22049,341,75,266
135,20260726,asinh_saldo,ols,-0.2080118217321686,22049,341,75,266
135,20260726,desligamentos,ppml,-0.040241660084575415,22049,341,75,266
135,20260726,ln_salario_real_adm,ols,-0.0006822375917071186,22012,341,75,266
135,20260726,n_movimentacoes,ppml,-0.04979941202327609,22049,341,75,266
136,20260726,admissoes,ppml,-0.005559188313782215,22049,341,75,266
136,20260726,asinh_saldo,ols,0.17592552280135137,22049,341,75,266
136,20260726,desligamentos,ppml,-0.0034935902804136276,22049,341,75,266
136,20260726,ln_salario_real_adm,ols,-0.006038360222502481,22012,341,75,266
136,20260726,n_movimentacoes,ppml,-0.004849724005907774,22049,341,75,266
137,20260726,admissoes,ppml,0.05300102708861232,22049,341,75,266
137,20260726,asinh_saldo,ols,-0.24492356331710533,22049,341,75,266
137,20260726,desligamentos,ppml,0.06959002930670977,22049,341,75,266
137,20260726,ln_salario_real_adm,ols,-0.001599979767914403,22012,341,75,266
137,20260726,n_movimentacoes,ppml,0.06180480495095253,22049,341,75,266
138,20260726,admissoes,ppml,0.08449981221929193,22049,341,75,266
138,20260726,asinh_saldo,ols,0.29983123795773003,22049,341,75,266
138,20260726,desligamentos,ppml,0.042902279645204544,22049,341,75,266
138,20260726,ln_salario_real_adm,ols,0.0005123362611978426,22012,341,75,266
138,20260726,n_movimentacoes,ppml,0.06414809683337808,22049,341,75,266
139,20260726,admissoes,ppml,0.10717933857813478,22049,341,75,266
139,20260726,asinh_saldo,ols,-0.061665264365014294,22049,341,75,266
139,20260726,desligamentos,ppml,0.06063259346410632,22049,341,75,266
139,20260726,ln_salario_real_adm,ols,0.011334075456408204,22012,341,75,266
139,20260726,n_movimentacoes,ppml,0.08464396372437477,22049,341,75,266
140,20260726,admissoes,ppml,-0.007495864760130644,22049,341,75,266
140,20260726,asinh_saldo,ols,0.22420557918872355,22049,341,75,266
140,20260726,desligamentos,ppml,0.006761830300092697,22049,341,75,266
140,20260726,ln_salario_real_adm,ols,-0.005865170104254595,22012,341,75,266
140,20260726,n_movimentacoes,ppml,-0.0007635485380887985,22049,341,75,266
141,20260726,admissoes,ppml,-0.0023147528991103172,22049,341,75,266
141,20260726,asinh_saldo,ols,0.08984899467493955,22049,341,75,266
141,20260726,desligamentos,ppml,-0.058042030315846205,22049,341,75,266
141,20260726,ln_salario_real_adm,ols,-0.010420515809596851,22012,341,75,266
141,20260726,n_movimentacoes,ppml,-0.02891234355047345,22049,341,75,266
142,20260726,admissoes,ppml,0.05748758930712938,22049,341,75,266
142,20260726,asinh_saldo,ols,0.23607226476669407,22049,341,75,266
142,20260726,desligamentos,ppml,0.05650231707841158,22049,341,75,266
142,20260726,ln_salario_real_adm,ols,0.01271977736365957,22012,341,75,266
142,20260726,n_movimentacoes,ppml,0.05652974406257272,22049,341,75,266
143,20260726,admissoes,ppml,0.022204152774065733,22049,341,75,266
143,20260726,asinh_saldo,ols,0.10221260790676857,22049,341,75,266
143,20260726,desligamentos,ppml,-0.023882584180682898,22049,341,75,266
143,20260726,ln_salario_real_adm,ols,-0.0035466333971635707,22012,341,75,266
143,20260726,n_movimentacoes,ppml,7.447833195328712e-05,22049,341,75,266
144,20260726,admissoes,ppml,-0.043207778595387936,22049,341,75,266
144,20260726,asinh_saldo,ols,-0.3418652546886986,22049,341,75,266
144,20260726,desligamentos,ppml,-0.03096039779484272,22049,341,75,266
144,20260726,ln_salario_real_adm,ols,0.02056770499637814,22012,341,75,266
144,20260726,n_movimentacoes,ppml,-0.03755925642326474,22049,341,75,266
145,20260726,admissoes,ppml,-0.062004477716982365,22049,341,75,266
145,20260726,asinh_saldo,ols,0.1594201389520583,22049,341,75,266
145,20260726,desligamentos,ppml,-0.07854293379932642,22049,341,75,266
145,20260726,ln_salario_real_adm,ols,0.014213040022769302,22012,341,75,266
145,20260726,n_movimentacoes,ppml,-0.0695585897192359,22049,341,75,266
146,20260726,admissoes,ppml,-0.11008248385041952,22049,341,75,266
146,20260726,asinh_saldo,ols,-0.030113294134675467,22049,341,75,266
146,20260726,desligamentos,ppml,-0.045129090547561646,22049,341,75,266
146,20260726,ln_salario_real_adm,ols,0.01859223298503578,22012,341,75,266
146,20260726,n_movimentacoes,ppml,-0.0778662720695138,22049,341,75,266
147,20260726,admissoes,ppml,-0.026643825694918633,22049,341,75,266
147,20260726,asinh_saldo,ols,-0.15256662088863557,22049,341,75,266
147,20260726,desligamentos,ppml,0.00021258974447846413,22049,341,75,266
147,20260726,ln_salario_real_adm,ols,0.002423672238149308,22012,341,75,266
147,20260726,n_movimentacoes,ppml,-0.013411046471446753,22049,341,75,266
148,20260726,admissoes,ppml,-0.042613895144313574,22049,341,75,266
148,20260726,asinh_saldo,ols,-0.1707223856256021,22049,341,75,266
148,20260726,desligamentos,ppml,-0.01487812353298068,22049,341,75,266
148,20260726,ln_salario_real_adm,ols,0.020246075020648513,22012,341,75,266
148,20260726,n_movimentacoes,ppml,-0.029411463998258114,22049,341,75,266
149,20260726,admissoes,ppml,0.05040521267801523,22049,341,75,266
149,20260726,asinh_saldo,ols,-0.1330133796181344,22049,341,75,266
149,20260726,desligamentos,ppml,0.06148822419345379,22049,341,75,266
149,20260726,ln_salario_real_adm,ols,0.0020519772374256685,22012,341,75,266
149,20260726,n_movimentacoes,ppml,0.05534266075119376,22049,341,75,266
150,20260726,admissoes,ppml,0.040852964390069246,22049,341,75,266
150,20260726,asinh_saldo,ols,-0.03738428899727661,22049,341,75,266
150,20260726,desligamentos,ppml,-0.0016024522483348846,22049,341,75,266
150,20260726,ln_salario_real_adm,ols,-0.00910397889482885,22012,341,75,266
150,20260726,n_movimentacoes,ppml,0.02047151979058981,22049,341,75,266
151,20260726,admissoes,ppml,0.07060472993180156,22049,341,75,266
151,20260726,asinh_saldo,ols,-0.017739377047502773,22049,341,75,266
151,20260726,desligamentos,ppml,0.08840262424200773,22049,341,75,266
151,20260726,ln_salario_real_adm,ols,-0.014064690671635455,22012,341,75,266
151,20260726,n_movimentacoes,ppml,0.0787381730042398,22049,341,75,266
152,20260726,admissoes,ppml,0.044486450497061014,22049,341,75,266
152,20260726,asinh_saldo,ols,-0.2463871530225249,22049,341,75,266
152,20260726,desligamentos,ppml,0.04802909353747964,22049,341,75,266
152,20260726,ln_salario_real_adm,ols,0.01048890611035781,22012,341,75,266
152,20260726,n_movimentacoes,ppml,0.045748778618872166,22049,341,75,266
153,20260726,admissoes,ppml,0.0532176629640162,22049,341,75,266
153,20260726,asinh_saldo,ols,0.007755072103916739,22049,341,75,266
153,20260726,desligamentos,ppml,0.058688572607934475,22049,341,75,266
153,20260726,ln_salario_real_adm,ols,-0.005431697758304649,22012,341,75,266
153,20260726,n_movimentacoes,ppml,0.05569760035723448,22049,341,75,266
154,20260726,admissoes,ppml,0.04129512421786785,22049,341,75,266
154,20260726,asinh_saldo,ols,-0.4282714643478513,22049,341,75,266
154,20260726,desligamentos,ppml,0.06517405714839697,22049,341,75,266
154,20260726,ln_salario_real_adm,ols,0.01594799383282235,22012,341,75,266
154,20260726,n_movimentacoes,ppml,0.0527368956245482,22049,341,75,266
155,20260726,admissoes,ppml,0.08551917783915997,22049,341,75,266
155,20260726,asinh_saldo,ols,0.30674293640587647,22049,341,75,266
155,20260726,desligamentos,ppml,0.06695664441213012,22049,341,75,266
155,20260726,ln_salario_real_adm,ols,0.01653460347285524,22012,341,75,266
155,20260726,n_movimentacoes,ppml,0.07668825658038259,22049,341,75,266
156,20260726,admissoes,ppml,-0.003455032594501972,22049,341,75,266
156,20260726,asinh_saldo,ols,-0.14084599569901682,22049,341,75,266
156,20260726,desligamentos,ppml,-0.022647407837212086,22049,341,75,266
156,20260726,ln_salario_real_adm,ols,-0.005817412963376054,22012,341,75,266
156,20260726,n_movimentacoes,ppml,-0.013086660765111446,22049,341,75,266
157,20260726,admissoes,ppml,-0.08118503168225288,22049,341,75,266
157,20260726,asinh_saldo,ols,0.5078267416562322,22049,341,75,266
157,20260726,desligamentos,ppml,-0.02846050076186657,22049,341,75,266
157,20260726,ln_salario_real_adm,ols,-0.009413328662149681,22012,341,75,266
157,20260726,n_movimentacoes,ppml,-0.05541541054844856,22049,341,75,266
158,20260726,admissoes,ppml,-0.02127687633037567,22049,341,75,266
158,20260726,asinh_saldo,ols,0.19094095764157465,22049,341,75,266
158,20260726,desligamentos,ppml,-0.002417762763798237,22049,341,75,266
158,20260726,ln_salario_real_adm,ols,0.004660129057952631,22012,341,75,266
158,20260726,n_movimentacoes,ppml,-0.011530375108122826,22049,341,75,266
159,20260726,admissoes,ppml,0.022176142316311598,22049,341,75,266
159,20260726,asinh_saldo,ols,-0.01624951944443507,22049,341,75,266
159,20260726,desligamentos,ppml,-0.006103696767240763,22049,341,75,266
159,20260726,ln_salario_real_adm,ols,-0.021633398757462455,22012,341,75,266
159,20260726,n_movimentacoes,ppml,0.008414564654231071,22049,341,75,266
160,20260726,admissoes,ppml,0.016528147272765636,22049,341,75,266
160,20260726,asinh_saldo,ols,-0.30792130730626893,22049,341,75,266
160,20260726,desligamentos,ppml,0.024533258751034737,22049,341,75,266
160,20260726,ln_salario_real_adm,ols,0.001108174907362591,22012,341,75,266
160,20260726,n_movimentacoes,ppml,0.02056762669235468,22049,341,75,266
161,20260726,admissoes,ppml,0.03880195692181587,22049,341,75,266
161,20260726,asinh_saldo,ols,0.26597245309414647,22049,341,75,266
161,20260726,desligamentos,ppml,0.034980606753379107,22049,341,75,266
161,20260726,ln_salario_real_adm,ols,0.012042774643555122,22012,341,75,266
161,20260726,n_movimentacoes,ppml,0.03659596899524331,22049,341,75,266
162,20260726,admissoes,ppml,0.07592409802600741,22049,341,75,266
162,20260726,asinh_saldo,ols,0.336402700117584,22049,341,75,266
162,20260726,desligamentos,ppml,0.06021424289792776,22049,341,75,266
162,20260726,ln_salario_real_adm,ols,0.008712594397242793,22012,341,75,266
162,20260726,n_movimentacoes,ppml,0.06820745300501585,22049,341,75,266
163,20260726,admissoes,ppml,-0.0785099295899272,22049,341,75,266
163,20260726,asinh_saldo,ols,0.16667013432421338,22049,341,75,266
163,20260726,desligamentos,ppml,-0.04085046611726284,22049,341,75,266
163,20260726,ln_salario_real_adm,ols,-0.005400745646366681,22012,341,75,266
163,20260726,n_movimentacoes,ppml,-0.06038089469075203,22049,341,75,266
164,20260726,admissoes,ppml,0.04388023307546973,22049,341,75,266
164,20260726,asinh_saldo,ols,-0.026211536758364122,22049,341,75,266
164,20260726,desligamentos,ppml,0.0019350424408912659,22049,341,75,266
164,20260726,ln_salario_real_adm,ols,-0.007404094488790096,22012,341,75,266
164,20260726,n_movimentacoes,ppml,0.023570256773382425,22049,341,75,266
165,20260726,admissoes,ppml,-0.06564935157075524,22049,341,75,266
165,20260726,asinh_saldo,ols,-0.09803790990724252,22049,341,75,266
165,20260726,desligamentos,ppml,-0.05442202836275101,22049,341,75,266
165,20260726,ln_salario_real_adm,ols,0.015685312150609285,22012,341,75,266
165,20260726,n_movimentacoes,ppml,-0.06022885348647833,22049,341,75,266
166,20260726,admissoes,ppml,-0.0421086004935205,22049,341,75,266
166,20260726,asinh_saldo,ols,-0.9613216798766695,22049,341,75,266
166,20260726,desligamentos,ppml,-0.008036206010729074,22049,341,75,266
166,20260726,ln_salario_real_adm,ols,0.0007499119622275213,22012,341,75,266
166,20260726,n_movimentacoes,ppml,-0.02544809691607952,22049,341,75,266
167,20260726,admissoes,ppml,0.056965059135109186,22049,341,75,266
167,20260726,asinh_saldo,ols,0.5122773358160686,22049,341,75,266
167,20260726,desligamentos,ppml,0.011088801547884941,22049,341,75,266
167,20260726,ln_salario_real_adm,ols,-0.005331056004295311,22012,341,75,266
167,20260726,n_movimentacoes,ppml,0.034610478673130274,22049,341,75,266
168,20260726,admissoes,ppml,0.06811310537159443,22049,341,75,266
168,20260726,asinh_saldo,ols,-0.15674940019290887,22049,341,75,266
168,20260726,desligamentos,ppml,0.05272483918815851,22049,341,75,266
168,20260726,ln_salario_real_adm,ols,0.010908124638073646,22012,341,75,266
168,20260726,n_movimentacoes,ppml,0.06054670922458172,22049,341,75,266
169,20260726,admissoes,ppml,0.011935844086110592,22049,341,75,266
169,20260726,asinh_saldo,ols,0.19341602921632023,22049,341,75,266
169,20260726,desligamentos,ppml,0.03618060937151313,22049,341,75,266
169,20260726,ln_salario_real_adm,ols,-0.007554701630231269,22012,341,75,266
169,20260726,n_movimentacoes,ppml,0.023188187275081873,22049,341,75,266
170,20260726,admissoes,ppml,0.02601327747106552,22049,341,75,266
170,20260726,asinh_saldo,ols,0.48932526011890265,22049,341,75,266
170,20260726,desligamentos,ppml,-0.013669698964804411,22049,341,75,266
170,20260726,ln_salario_real_adm,ols,-0.0003765344210109221,22012,341,75,266
170,20260726,n_movimentacoes,ppml,0.007036750670522451,22049,341,75,266
171,20260726,admissoes,ppml,0.01810002140700817,22049,341,75,266
171,20260726,asinh_saldo,ols,0.24286524450155095,22049,341,75,266
171,20260726,desligamentos,ppml,0.0029763621278107166,22049,341,75,266
171,20260726,ln_salario_real_adm,ols,0.002111930121021207,22012,341,75,266
171,20260726,n_movimentacoes,ppml,0.010705479886382818,22049,341,75,266
172,20260726,admissoes,ppml,0.01313556544482708,22049,341,75,266
172,20260726,asinh_saldo,ols,-0.8002309954996073,22049,341,75,266
172,20260726,desligamentos,ppml,0.0208696611225605,22049,341,75,266
172,20260726,ln_salario_real_adm,ols,-0.010230278141522685,22012,341,75,266
172,20260726,n_movimentacoes,ppml,0.017346168402582407,22049,341,75,266
173,20260726,admissoes,ppml,-0.055305864196270704,22049,341,75,266
173,20260726,asinh_saldo,ols,-0.12161398586630039,22049,341,75,266
173,20260726,desligamentos,ppml,-0.027570420876145363,22049,341,75,266
173,20260726,ln_salario_real_adm,ols,0.0009692745162166418,22012,341,75,266
173,20260726,n_movimentacoes,ppml,-0.04076403705403209,22049,341,75,266
174,20260726,admissoes,ppml,0.02218282362446189,22049,341,75,266
174,20260726,asinh_saldo,ols,0.04878117552887211,22049,341,75,266
174,20260726,desligamentos,ppml,0.03198376065120101,22049,341,75,266
174,20260726,ln_salario_real_adm,ols,-0.0039885442888074945,22012,341,75,266
174,20260726,n_movimentacoes,ppml,0.026245676912367344,22049,341,75,266
175,20260726,admissoes,ppml,0.05747170327231288,22049,341,75,266
175,20260726,asinh_saldo,ols,0.6201130737464292,22049,341,75,266
175,20260726,desligamentos,ppml,-0.002635704353451729,22049,341,75,266
175,20260726,ln_salario_real_adm,ols,-0.01086708633205243,22012,341,75,266
175,20260726,n_movimentacoes,ppml,0.028301896061748266,22049,341,75,266
176,20260726,admissoes,ppml,-0.024010402616113424,22049,341,75,266
176,20260726,asinh_saldo,ols,0.408347887030164,22049,341,75,266
176,20260726,desligamentos,ppml,0.00048096152022480965,22049,341,75,266
176,20260726,ln_salario_real_adm,ols,-0.006111257523042373,22012,341,75,266
176,20260726,n_movimentacoes,ppml,-0.012516995891928673,22049,341,75,266
177,20260726,admissoes,ppml,0.07252640556544065,22049,341,75,266
177,20260726,asinh_saldo,ols,0.18859942355640372,22049,341,75,266
177,20260726,desligamentos,ppml,0.061093163676559925,22049,341,75,266
177,20260726,ln_salario_real_adm,ols,-0.004795490690246722,22012,341,75,266
177,20260726,n_movimentacoes,ppml,0.06670647487044334,22049,341,75,266
178,20260726,admissoes,ppml,0.02103016059845686,22049,341,75,266
178,20260726,asinh_saldo,ols,0.29722235727140284,22049,341,75,266
178,20260726,desligamentos,ppml,-0.024443086236715317,22049,341,75,266
178,20260726,ln_salario_real_adm,ols,-0.00286408748301685,22012,341,75,266
178,20260726,n_movimentacoes,ppml,-0.0007789470255374908,22049,341,75,266
179,20260726,admissoes,ppml,-0.10681758029386401,22049,341,75,266
179,20260726,asinh_saldo,ols,0.1909369740847985,22049,341,75,266
179,20260726,desligamentos,ppml,-0.09053528308868408,22049,341,75,266
179,20260726,ln_salario_real_adm,ols,-0.007648177905320211,22012,341,75,266
179,20260726,n_movimentacoes,ppml,-0.09854463394731283,22049,341,75,266
180,20260726,admissoes,ppml,-0.012839739210903645,22049,341,75,266
180,20260726,asinh_saldo,ols,-0.5809421915464025,22049,341,75,266
180,20260726,desligamentos,ppml,0.009980822447687387,22049,341,75,266
180,20260726,ln_salario_real_adm,ols,0.005405561353198858,22012,341,75,266
180,20260726,n_movimentacoes,ppml,-0.0017084591090679169,22049,341,75,266
181,20260726,admissoes,ppml,-0.0436805197969079,22049,341,75,266
181,20260726,asinh_saldo,ols,-0.0966946950761851,22049,341,75,266
181,20260726,desligamentos,ppml,-0.004634407348930836,22049,341,75,266
181,20260726,ln_salario_real_adm,ols,0.007859464889624706,22012,341,75,266
181,20260726,n_movimentacoes,ppml,-0.02527449745684862,22049,341,75,266
182,20260726,admissoes,ppml,0.020628740079700947,22049,341,75,266
182,20260726,asinh_saldo,ols,-0.09924457230724465,22049,341,75,266
182,20260726,desligamentos,ppml,-0.012859504902735353,22049,341,75,266
182,20260726,ln_salario_real_adm,ols,0.013037685672020101,22012,341,75,266
182,20260726,n_movimentacoes,ppml,0.004849659278988838,22049,341,75,266
183,20260726,admissoes,ppml,-0.06085497327148914,22049,341,75,266
183,20260726,asinh_saldo,ols,-0.24896303871853323,22049,341,75,266
183,20260726,desligamentos,ppml,-0.03372538648545742,22049,341,75,266
183,20260726,ln_salario_real_adm,ols,-0.012767299467174005,22012,341,75,266
183,20260726,n_movimentacoes,ppml,-0.047140087466686964,22049,341,75,266
184,20260726,admissoes,ppml,-0.005141709465533495,22049,341,75,266
184,20260726,asinh_saldo,ols,-0.4234003570085405,22049,341,75,266
184,20260726,desligamentos,ppml,-0.007492246106266975,22049,341,75,266
184,20260726,ln_salario_real_adm,ols,-0.007343489581301958,22012,341,75,266
184,20260726,n_movimentacoes,ppml,-0.006819319212809205,22049,341,75,266
185,20260726,admissoes,ppml,0.03568775625899434,22049,341,75,266
185,20260726,asinh_saldo,ols,0.3246045526454363,22049,341,75,266
185,20260726,desligamentos,ppml,-0.0006173592992126942,22049,341,75,266
185,20260726,ln_salario_real_adm,ols,0.016104798464865355,22012,341,75,266
185,20260726,n_movimentacoes,ppml,0.01829275907948613,22049,341,75,266
186,20260726,admissoes,ppml,-0.002943216823041439,22049,341,75,266
186,20260726,asinh_saldo,ols,-0.06395838400322083,22049,341,75,266
186,20260726,desligamentos,ppml,-0.019487038254737854,22049,341,75,266
186,20260726,ln_salario_real_adm,ols,-0.004608875506714806,22012,341,75,266
186,20260726,n_movimentacoes,ppml,-0.011268224567174911,22049,341,75,266
187,20260726,admissoes,ppml,-0.03892641281709075,22049,341,75,266
187,20260726,asinh_saldo,ols,-0.15181023084723683,22049,341,75,266
187,20260726,desligamentos,ppml,-0.017429690808057785,22049,341,75,266
187,20260726,ln_salario_real_adm,ols,-0.007822447366946228,22012,341,75,266
187,20260726,n_movimentacoes,ppml,-0.028844039887189865,22049,341,75,266
188,20260726,admissoes,ppml,0.03945723967626691,22049,341,75,266
188,20260726,asinh_saldo,ols,-0.26326767594031,22049,341,75,266
188,20260726,desligamentos,ppml,0.022385564632713795,22049,341,75,266
188,20260726,ln_salario_real_adm,ols,-0.015373874631898403,22012,341,75,266
188,20260726,n_movimentacoes,ppml,0.030538539169356227,22049,341,75,266
189,20260726,admissoes,ppml,-0.03827675757929683,22049,341,75,266
189,20260726,asinh_saldo,ols,-0.41261128145440984,22049,341,75,266
189,20260726,desligamentos,ppml,-0.006575903855264187,22049,341,75,266
189,20260726,ln_salario_real_adm,ols,-0.0038945916668140313,22012,341,75,266
189,20260726,n_movimentacoes,ppml,-0.02262990502640605,22049,341,75,266
190,20260726,admissoes,ppml,-0.06767803616821766,22049,341,75,266
190,20260726,asinh_saldo,ols,0.17115937534586,22049,341,75,266
190,20260726,desligamentos,ppml,-0.07170032244175673,22049,341,75,266
190,20260726,ln_salario_real_adm,ols,-0.00768550068705339,22012,341,75,266
190,20260726,n_movimentacoes,ppml,-0.06989109143614769,22049,341,75,266
191,20260726,admissoes,ppml,-0.0023439116775989532,22049,341,75,266
191,20260726,asinh_saldo,ols,0.1146983055445256,22049,341,75,266
191,20260726,desligamentos,ppml,-0.038304857444018126,22049,341,75,266
191,20260726,ln_salario_real_adm,ols,-0.014052723920213712,22012,341,75,266
191,20260726,n_movimentacoes,ppml,-0.01976878196001053,22049,341,75,266
192,20260726,admissoes,ppml,-0.040769752115011215,22049,341,75,266
192,20260726,asinh_saldo,ols,-0.2170904942324297,22049,341,75,266
192,20260726,desligamentos,ppml,-0.024965033400803804,22049,341,75,266
192,20260726,ln_salario_real_adm,ols,0.014020150190215887,22012,341,75,266
192,20260726,n_movimentacoes,ppml,-0.033349636010825634,22049,341,75,266
193,20260726,admissoes,ppml,0.04379939194768667,22049,341,75,266
193,20260726,asinh_saldo,ols,-1.0567133857894735,22049,341,75,266
193,20260726,desligamentos,ppml,0.061406745575368404,22049,341,75,266
193,20260726,ln_salario_real_adm,ols,0.006895918833130941,22012,341,75,266
193,20260726,n_movimentacoes,ppml,0.05234698811545968,22049,341,75,266
194,20260726,admissoes,ppml,0.1157225442584604,22049,341,75,266
194,20260726,asinh_saldo,ols,0.19702710811699928,22049,341,75,266
194,20260726,desligamentos,ppml,0.07251285621896386,22049,341,75,266
194,20260726,ln_salario_real_adm,ols,0.01034663324082788,22012,341,75,266
194,20260726,n_movimentacoes,ppml,0.09463350917212665,22049,341,75,266
195,20260726,admissoes,ppml,0.012703970074653625,22049,341,75,266
195,20260726,asinh_saldo,ols,-0.7184033977306201,22049,341,75,266
195,20260726,desligamentos,ppml,0.055430150590837,22049,341,75,266
195,20260726,ln_salario_real_adm,ols,-0.0036072061516170375,22012,341,75,266
195,20260726,n_movimentacoes,ppml,0.03405460063368082,22049,341,75,266
196,20260726,admissoes,ppml,-0.015087592415511608,22049,341,75,266
196,20260726,asinh_saldo,ols,-0.04478996767969671,22049,341,75,266
196,20260726,desligamentos,ppml,-0.010416180826723576,22049,341,75,266
196,20260726,ln_salario_real_adm,ols,0.00019786834214466687,22012,341,75,266
196,20260726,n_movimentacoes,ppml,-0.012857872061431408,22049,341,75,266
197,20260726,admissoes,ppml,0.014160686638206244,22049,341,75,266
197,20260726,asinh_saldo,ols,-0.21593552790399603,22049,341,75,266
197,20260726,desligamentos,ppml,-0.00461711548268795,22049,341,75,266
197,20260726,ln_salario_real_adm,ols,-0.006204379123378622,22012,341,75,266
197,20260726,n_movimentacoes,ppml,0.005061321426182985,22049,341,75,266
198,20260726,admissoes,ppml,0.03593465080484748,22049,341,75,266
198,20260726,asinh_saldo,ols,-0.3330981458153099,22049,341,75,266
198,20260726,desligamentos,ppml,0.006592833669856191,22049,341,75,266
198,20260726,ln_salario_real_adm,ols,0.0006079084809185078,22012,341,75,266
198,20260726,n_movimentacoes,ppml,0.02179716806858778,22049,341,75,266
199,20260726,admissoes,ppml,0.047697571106255054,22049,341,75,266
199,20260726,asinh_saldo,ols,0.16340829831102088,22049,341,75,266
199,20260726,desligamentos,ppml,0.030328650260344148,22049,341,75,266
199,20260726,ln_salario_real_adm,ols,0.005457677456156515,22012,341,75,266
199,20260726,n_movimentacoes,ppml,0.0395828103646636,22049,341,75,266
200,20260726,admissoes,ppml,-0.07934877183288336,22049,341,75,266
200,20260726,asinh_saldo,ols,-0.062006509884458064,22049,341,75,266
200,20260726,desligamentos,ppml,-0.07271758932620287,22049,341,75,266
200,20260726,ln_salario_real_adm,ols,-0.005919072988686411,22012,341,75,266
200,20260726,n_movimentacoes,ppml,-0.07575667509809136,22049,341,75,266
201,20260726,admissoes,ppml,-0.0317604448646307,22049,341,75,266
201,20260726,asinh_saldo,ols,0.3915444667619805,22049,341,75,266
201,20260726,desligamentos,ppml,0.0007002018392086029,22049,341,75,266
201,20260726,ln_salario_real_adm,ols,-0.004368404610037608,22012,341,75,266
201,20260726,n_movimentacoes,ppml,-0.01647137850522995,22049,341,75,266
202,20260726,admissoes,ppml,0.011019457597285509,22049,341,75,266
202,20260726,asinh_saldo,ols,-0.2223788873786362,22049,341,75,266
202,20260726,desligamentos,ppml,0.03627321310341358,22049,341,75,266
202,20260726,ln_salario_real_adm,ols,-0.008572698899633111,22012,341,75,266
202,20260726,n_movimentacoes,ppml,0.024340761359781027,22049,341,75,266
203,20260726,admissoes,ppml,0.008718917844817042,22049,341,75,266
203,20260726,asinh_saldo,ols,0.33983954924245663,22049,341,75,266
203,20260726,desligamentos,ppml,-2.9697082936763763e-05,22049,341,75,266
203,20260726,ln_salario_real_adm,ols,-0.009130004877255753,22012,341,75,266
203,20260726,n_movimentacoes,ppml,0.004339827690273523,22049,341,75,266
204,20260726,admissoes,ppml,-0.016587824560701847,22049,341,75,266
204,20260726,asinh_saldo,ols,-0.29355097419613935,22049,341,75,266
204,20260726,desligamentos,ppml,-0.0004814527928829193,22049,341,75,266
204,20260726,ln_salario_real_adm,ols,-0.005892706716333759,22012,341,75,266
204,20260726,n_movimentacoes,ppml,-0.008418482262641191,22049,341,75,266
205,20260726,admissoes,ppml,0.0050249481573700905,22049,341,75,266
205,20260726,asinh_saldo,ols,0.040123643335452194,22049,341,75,266
205,20260726,desligamentos,ppml,0.009958615992218256,22049,341,75,266
205,20260726,ln_salario_real_adm,ols,-0.009251325678873283,22012,341,75,266
205,20260726,n_movimentacoes,ppml,0.00695203198119998,22049,341,75,266
206,20260726,admissoes,ppml,0.02277427539229393,22049,341,75,266
206,20260726,asinh_saldo,ols,0.29746547917891064,22049,341,75,266
206,20260726,desligamentos,ppml,0.017800633795559406,22049,341,75,266
206,20260726,ln_salario_real_adm,ols,0.013243528274079907,22012,341,75,266
206,20260726,n_movimentacoes,ppml,0.020615756046026945,22049,341,75,266
207,20260726,admissoes,ppml,-0.06412568362429738,22049,341,75,266
207,20260726,asinh_saldo,ols,0.19961145435034633,22049,341,75,266
207,20260726,desligamentos,ppml,-0.02322770096361637,22049,341,75,266
207,20260726,ln_salario_real_adm,ols,0.01512911842635122,22012,341,75,266
207,20260726,n_movimentacoes,ppml,-0.04367747623473406,22049,341,75,266
208,20260726,admissoes,ppml,-0.022748654708266258,22049,341,75,266
208,20260726,asinh_saldo,ols,-0.37171857990749596,22049,341,75,266
208,20260726,desligamentos,ppml,-0.02260614512488246,22049,341,75,266
208,20260726,ln_salario_real_adm,ols,0.0014080090258452957,22012,341,75,266
208,20260726,n_movimentacoes,ppml,-0.021862477995455265,22049,341,75,266
209,20260726,admissoes,ppml,0.03000480681657791,22049,341,75,266
209,20260726,asinh_saldo,ols,0.025392150534148096,22049,341,75,266
209,20260726,desligamentos,ppml,0.028017951175570488,22049,341,75,266
209,20260726,ln_salario_real_adm,ols,0.0081019443971497,22012,341,75,266
209,20260726,n_movimentacoes,ppml,0.029293025378137827,22049,341,75,266
210,20260726,admissoes,ppml,0.05436972016468644,22049,341,75,266
210,20260726,asinh_saldo,ols,-0.22695488396665775,22049,341,75,266
210,20260726,desligamentos,ppml,0.02396922092884779,22049,341,75,266
210,20260726,ln_salario_real_adm,ols,-0.024216828651500082,22012,341,75,266
210,20260726,n_movimentacoes,ppml,0.03992013493552804,22049,341,75,266
211,20260726,admissoes,ppml,-0.03908898867666721,22049,341,75,266
211,20260726,asinh_saldo,ols,0.3449361554781887,22049,341,75,266
211,20260726,desligamentos,ppml,-0.02297809859737754,22049,341,75,266
211,20260726,ln_salario_real_adm,ols,0.011275305542929678,22012,341,75,266
211,20260726,n_movimentacoes,ppml,-0.03172172233462334,22049,341,75,266
212,20260726,admissoes,ppml,-0.04863198660314083,22049,341,75,266
212,20260726,asinh_saldo,ols,-0.3230461619963319,22049,341,75,266
212,20260726,desligamentos,ppml,0.0010399064049124718,22049,341,75,266
212,20260726,ln_salario_real_adm,ols,-0.003686725866611033,22012,341,75,266
212,20260726,n_movimentacoes,ppml,-0.024521369487047195,22049,341,75,266
213,20260726,admissoes,ppml,0.013793476391583681,22049,341,75,266
213,20260726,asinh_saldo,ols,-0.14163497091637867,22049,341,75,266
213,20260726,desligamentos,ppml,0.028250854928046465,22049,341,75,266
213,20260726,ln_salario_real_adm,ols,0.02620285297685931,22012,341,75,266
213,20260726,n_movimentacoes,ppml,0.020110398530960083,22049,341,75,266
214,20260726,admissoes,ppml,0.052240761928260326,22049,341,75,266
214,20260726,asinh_saldo,ols,-0.07305327436079073,22049,341,75,266
214,20260726,desligamentos,ppml,0.037154027726501226,22049,341,75,266
214,20260726,ln_salario_real_adm,ols,0.002254461768363683,22012,341,75,266
214,20260726,n_movimentacoes,ppml,0.045035372488200665,22049,341,75,266
215,20260726,admissoes,ppml,0.06884532794356346,22049,341,75,266
215,20260726,asinh_saldo,ols,0.4771911246681355,22049,341,75,266
215,20260726,desligamentos,ppml,0.08212136197835207,22049,341,75,266
215,20260726,ln_salario_real_adm,ols,-0.022819598909145953,22012,341,75,266
215,20260726,n_movimentacoes,ppml,0.07596940267831087,22049,341,75,266
216,20260726,admissoes,ppml,-0.02158428356051445,22049,341,75,266
216,20260726,asinh_saldo,ols,-0.122168401983815,22049,341,75,266
216,20260726,desligamentos,ppml,-0.021716829854995012,22049,341,75,266
216,20260726,ln_salario_real_adm,ols,-0.003726092452629735,22012,341,75,266
216,20260726,n_movimentacoes,ppml,-0.022082151379436255,22049,341,75,266
217,20260726,admissoes,ppml,-0.03714066743850708,22049,341,75,266
217,20260726,asinh_saldo,ols,0.31227511772940775,22049,341,75,266
217,20260726,desligamentos,ppml,-0.030990349128842354,22049,341,75,266
217,20260726,ln_salario_real_adm,ols,-0.006031252224343798,22012,341,75,266
217,20260726,n_movimentacoes,ppml,-0.03323261113837361,22049,341,75,266
218,20260726,admissoes,ppml,0.10173254180699587,22049,341,75,266
218,20260726,asinh_saldo,ols,0.5535292024770133,22049,341,75,266
218,20260726,desligamentos,ppml,0.05557345459237695,22049,341,75,266
218,20260726,ln_salario_real_adm,ols,-0.0038062961593045134,22012,341,75,266
218,20260726,n_movimentacoes,ppml,0.07928346493281424,22049,341,75,266
219,20260726,admissoes,ppml,0.03087784443050623,22049,341,75,266
219,20260726,asinh_saldo,ols,0.29586457242418374,22049,341,75,266
219,20260726,desligamentos,ppml,0.027111690491437912,22049,341,75,266
219,20260726,ln_salario_real_adm,ols,0.004506041326405976,22012,341,75,266
219,20260726,n_movimentacoes,ppml,0.029492356814444065,22049,341,75,266
220,20260726,admissoes,ppml,0.042088591028004885,22049,341,75,266
220,20260726,asinh_saldo,ols,0.4194050269576388,22049,341,75,266
220,20260726,desligamentos,ppml,0.04833787167444825,22049,341,75,266
220,20260726,ln_salario_real_adm,ols,0.0062183985506640005,22012,341,75,266
220,20260726,n_movimentacoes,ppml,0.04436146840453148,22049,341,75,266
221,20260726,admissoes,ppml,-0.006139617413282394,22049,341,75,266
221,20260726,asinh_saldo,ols,0.486851273558191,22049,341,75,266
221,20260726,desligamentos,ppml,-0.02012600377202034,22049,341,75,266
221,20260726,ln_salario_real_adm,ols,0.005561135191602266,22012,341,75,266
221,20260726,n_movimentacoes,ppml,-0.013000087812542915,22049,341,75,266
222,20260726,admissoes,ppml,-0.07453805487602949,22049,341,75,266
222,20260726,asinh_saldo,ols,0.2134224448897203,22049,341,75,266
222,20260726,desligamentos,ppml,-0.013060297816991806,22049,341,75,266
222,20260726,ln_salario_real_adm,ols,0.001319227217000199,22012,341,75,266
222,20260726,n_movimentacoes,ppml,-0.045046708546578884,22049,341,75,266
223,20260726,admissoes,ppml,0.055280831176787615,22049,341,75,266
223,20260726,asinh_saldo,ols,0.16450761555433355,22049,341,75,266
223,20260726,desligamentos,ppml,0.06284766411408782,22049,341,75,266
223,20260726,ln_salario_real_adm,ols,0.018280174384337242,22012,341,75,266
223,20260726,n_movimentacoes,ppml,0.05889269942417741,22049,341,75,266
224,20260726,admissoes,ppml,-0.015431981533765793,22049,341,75,266
224,20260726,asinh_saldo,ols,0.030285874254615004,22049,341,75,266
224,20260726,desligamentos,ppml,0.009434937499463558,22049,341,75,266
224,20260726,ln_salario_real_adm,ols,-0.014194869355099686,22012,341,75,266
224,20260726,n_movimentacoes,ppml,-0.0027450090274214745,22049,341,75,266
225,20260726,admissoes,ppml,-0.0006675776094198227,22049,341,75,266
225,20260726,asinh_saldo,ols,-0.17801348396098546,22049,341,75,266
225,20260726,desligamentos,ppml,0.03704970423132181,22049,341,75,266
225,20260726,ln_salario_real_adm,ols,-0.009882668891301107,22012,341,75,266
225,20260726,n_movimentacoes,ppml,0.018094039522111416,22049,341,75,266
226,20260726,admissoes,ppml,0.03560262871906161,22049,341,75,266
226,20260726,asinh_saldo,ols,0.06381503456991125,22049,341,75,266
226,20260726,desligamentos,ppml,0.011176432948559523,22049,341,75,266
226,20260726,ln_salario_real_adm,ols,0.00905443515115504,22012,341,75,266
226,20260726,n_movimentacoes,ppml,0.02380603225901723,22049,341,75,266
227,20260726,admissoes,ppml,0.08253537630662322,22049,341,75,266
227,20260726,asinh_saldo,ols,-0.1949715617415333,22049,341,75,266
227,20260726,desligamentos,ppml,0.053897992707788944,22049,341,75,266
227,20260726,ln_salario_real_adm,ols,0.0049090826368223175,22012,341,75,266
227,20260726,n_movimentacoes,ppml,0.06839215522632003,22049,341,75,266
228,20260726,admissoes,ppml,-0.050473080947995186,22049,341,75,266
228,20260726,asinh_saldo,ols,0.08450027564655914,22049,341,75,266
228,20260726,desligamentos,ppml,-0.027833133935928345,22049,341,75,266
228,20260726,ln_salario_real_adm,ols,0.00826915738936468,22012,341,75,266
228,20260726,n_movimentacoes,ppml,-0.03924341034144163,22049,341,75,266
229,20260726,admissoes,ppml,0.023624021094292402,22049,341,75,266
229,20260726,asinh_saldo,ols,-0.06269553058356109,22049,341,75,266
229,20260726,desligamentos,ppml,-0.01583214569836855,22049,341,75,266
229,20260726,ln_salario_real_adm,ols,-0.006913362438312191,22012,341,75,266
229,20260726,n_movimentacoes,ppml,0.004768449813127518,22049,341,75,266
230,20260726,admissoes,ppml,-0.04016110301017761,22049,341,75,266
230,20260726,asinh_saldo,ols,-0.3957247243991522,22049,341,75,266
230,20260726,desligamentos,ppml,-0.02720413776114583,22049,341,75,266
230,20260726,ln_salario_real_adm,ols,-0.016140484496316606,22012,341,75,266
230,20260726,n_movimentacoes,ppml,-0.03430093266069889,22049,341,75,266
231,20260726,admissoes,ppml,0.021722692530602217,22049,341,75,266
231,20260726,asinh_saldo,ols,0.058823674457976594,22049,341,75,266
231,20260726,desligamentos,ppml,0.016416093334555626,22049,341,75,266
231,20260726,ln_salario_real_adm,ols,-0.012490160896047823,22012,341,75,266
231,20260726,n_movimentacoes,ppml,0.01887130131945014,22049,341,75,266
232,20260726,admissoes,ppml,0.06588439410552382,22049,341,75,266
232,20260726,asinh_saldo,ols,0.48203270676728854,22049,341,75,266
232,20260726,desligamentos,ppml,0.04763294570147991,22049,341,75,266
232,20260726,ln_salario_real_adm,ols,0.009238105779632296,22012,341,75,266
232,20260726,n_movimentacoes,ppml,0.057199930772185326,22049,341,75,266
233,20260726,admissoes,ppml,0.02637224644422531,22049,341,75,266
233,20260726,asinh_saldo,ols,-0.1968902727831216,22049,341,75,266
233,20260726,desligamentos,ppml,0.014633479062467813,22049,341,75,266
233,20260726,ln_salario_real_adm,ols,-0.007674144255104699,22012,341,75,266
233,20260726,n_movimentacoes,ppml,0.020673970226198435,22049,341,75,266
234,20260726,admissoes,ppml,0.025650499388575554,22049,341,75,266
234,20260726,asinh_saldo,ols,0.12785227994079482,22049,341,75,266
234,20260726,desligamentos,ppml,0.0026386501267552376,22049,341,75,266
234,20260726,ln_salario_real_adm,ols,-0.02269203654512187,22012,341,75,266
234,20260726,n_movimentacoes,ppml,0.014031131286174059,22049,341,75,266
235,20260726,admissoes,ppml,-0.06604560278356075,22049,341,75,266
235,20260726,asinh_saldo,ols,-0.6049585719895957,22049,341,75,266
235,20260726,desligamentos,ppml,-0.0075338613241910934,22049,341,75,266
235,20260726,ln_salario_real_adm,ols,-0.014028859925814475,22012,341,75,266
235,20260726,n_movimentacoes,ppml,-0.036962808575481176,22049,341,75,266
236,20260726,admissoes,ppml,0.10138903325423598,22049,341,75,266
236,20260726,asinh_saldo,ols,-0.20619261997743465,22049,341,75,266
236,20260726,desligamentos,ppml,0.07220676215365529,22049,341,75,266
236,20260726,ln_salario_real_adm,ols,0.025780471137866183,22012,341,75,266
236,20260726,n_movimentacoes,ppml,0.08745264820754528,22049,341,75,266
237,20260726,admissoes,ppml,-0.05631375638768077,22049,341,75,266
237,20260726,asinh_saldo,ols,0.043192683715833874,22049,341,75,266
237,20260726,desligamentos,ppml,-0.06636425666511059,22049,341,75,266
237,20260726,ln_salario_real_adm,ols,-0.002810160306417385,22012,341,75,266
237,20260726,n_movimentacoes,ppml,-0.0608684029430151,22049,341,75,266
238,20260726,admissoes,ppml,-0.010638321749866009,22049,341,75,266
238,20260726,asinh_saldo,ols,-0.5746920142366186,22049,341,75,266
238,20260726,desligamentos,ppml,0.0028571803122758865,22049,341,75,266
238,20260726,ln_salario_real_adm,ols,-0.017053580112497125,22012,341,75,266
238,20260726,n_movimentacoes,ppml,-0.004373463802039623,22049,341,75,266
239,20260726,admissoes,ppml,0.03582931077107787,22049,341,75,266
239,20260726,asinh_saldo,ols,0.11000701185457289,22049,341,75,266
239,20260726,desligamentos,ppml,0.04621733259409666,22049,341,75,266
239,20260726,ln_salario_real_adm,ols,-0.003642719888291051,22012,341,75,266
239,20260726,n_movimentacoes,ppml,0.04140849132090807,22049,341,75,266
240,20260726,admissoes,ppml,-0.019927614368498325,22049,341,75,266
240,20260726,asinh_saldo,ols,-0.42513759533743894,22049,341,75,266
240,20260726,desligamentos,ppml,-0.026932253502309322,22049,341,75,266
240,20260726,ln_salario_real_adm,ols,0.003763538369251265,22012,341,75,266
240,20260726,n_movimentacoes,ppml,-0.02327337209135294,22049,341,75,266
241,20260726,admissoes,ppml,-0.048143650870770216,22049,341,75,266
241,20260726,asinh_saldo,ols,0.42446587118320606,22049,341,75,266
241,20260726,desligamentos,ppml,-0.05417465232312679,22049,341,75,266
241,20260726,ln_salario_real_adm,ols,-0.008021164929157111,22012,341,75,266
241,20260726,n_movimentacoes,ppml,-0.05145617388188839,22049,341,75,266
242,20260726,admissoes,ppml,-0.0786888413131237,22049,341,75,266
242,20260726,asinh_saldo,ols,0.1697671066963817,22049,341,75,266
242,20260726,desligamentos,ppml,-0.04796289373189211,22049,341,75,266
242,20260726,ln_salario_real_adm,ols,0.006515903066102421,22012,341,75,266
242,20260726,n_movimentacoes,ppml,-0.06399096036329865,22049,341,75,266
243,20260726,admissoes,ppml,0.05861432896926999,22049,341,75,266
243,20260726,asinh_saldo,ols,-0.11708385568119843,22049,341,75,266
243,20260726,desligamentos,ppml,0.08636517589911819,22049,341,75,266
243,20260726,ln_salario_real_adm,ols,0.014820509266916053,22012,341,75,266
243,20260726,n_movimentacoes,ppml,0.07185836276039481,22049,341,75,266
244,20260726,admissoes,ppml,-0.0390236503444612,22049,341,75,266
244,20260726,asinh_saldo,ols,-0.19492811442289737,22049,341,75,266
244,20260726,desligamentos,ppml,-0.00589678343385458,22049,341,75,266
244,20260726,ln_salario_real_adm,ols,-0.001538145712758011,22012,341,75,266
244,20260726,n_movimentacoes,ppml,-0.022572600282728672,22049,341,75,266
245,20260726,admissoes,ppml,-0.06915239430963993,22049,341,75,266
245,20260726,asinh_saldo,ols,-0.2780314309761183,22049,341,75,266
245,20260726,desligamentos,ppml,-0.002586686983704567,22049,341,75,266
245,20260726,ln_salario_real_adm,ols,-0.021279894175113948,22012,341,75,266
245,20260726,n_movimentacoes,ppml,-0.036406888626515865,22049,341,75,266
246,20260726,admissoes,ppml,0.04112032987177372,22049,341,75,266
246,20260726,asinh_saldo,ols,-0.07446995112618134,22049,341,75,266
246,20260726,desligamentos,ppml,0.059186147060245275,22049,341,75,266
246,20260726,ln_salario_real_adm,ols,0.00922765846988198,22012,341,75,266
246,20260726,n_movimentacoes,ppml,0.05043471558019519,22049,341,75,266
247,20260726,admissoes,ppml,-0.116855813190341,22049,341,75,266
247,20260726,asinh_saldo,ols,0.06202703827758028,22049,341,75,266
247,20260726,desligamentos,ppml,-0.0934196263551712,22049,341,75,266
247,20260726,ln_salario_real_adm,ols,-0.0026443383832984854,22012,341,75,266
247,20260726,n_movimentacoes,ppml,-0.1042895307764411,22049,341,75,266
248,20260726,admissoes,ppml,-0.009896744042634964,22049,341,75,266
248,20260726,asinh_saldo,ols,0.21588873441396364,22049,341,75,266
248,20260726,desligamentos,ppml,-0.0011134380474686623,22049,341,75,266
248,20260726,ln_salario_real_adm,ols,-0.006662677406466728,22012,341,75,266
248,20260726,n_movimentacoes,ppml,-0.0053984494879841805,22049,341,75,266
249,20260726,admissoes,ppml,0.06812411732971668,22049,341,75,266
249,20260726,asinh_saldo,ols,0.14447986961837228,22049,341,75,266
249,20260726,desligamentos,ppml,0.06225447170436382,22049,341,75,266
249,20260726,ln_salario_real_adm,ols,-0.00910892392032463,22012,341,75,266
249,20260726,n_movimentacoes,ppml,0.06540493108332157,22049,341,75,266
250,20260726,admissoes,ppml,0.02763510262593627,22049,341,75,266
250,20260726,asinh_saldo,ols,0.48497514842608125,22049,341,75,266
250,20260726,desligamentos,ppml,0.00364520400762558,22049,341,75,266
250,20260726,ln_salario_real_adm,ols,0.012226812324680142,22012,341,75,266
250,20260726,n_movimentacoes,ppml,0.016182908322662115,22049,341,75,266
251,20260726,admissoes,ppml,-0.016464367974549532,22049,341,75,266
251,20260726,asinh_saldo,ols,-0.615281182346942,22049,341,75,266
251,20260726,desligamentos,ppml,0.00041351327672600746,22049,341,75,266
251,20260726,ln_salario_real_adm,ols,-0.0005417875690088823,22012,341,75,266
251,20260726,n_movimentacoes,ppml,-0.008776452392339706,22049,341,75,266
252,20260726,admissoes,ppml,-0.02363534364849329,22049,341,75,266
252,20260726,asinh_saldo,ols,0.04673700967230769,22049,341,75,266
252,20260726,desligamentos,ppml,-0.024437744170427322,22049,341,75,266
252,20260726,ln_salario_real_adm,ols,-0.004212600791453668,22012,341,75,266
252,20260726,n_movimentacoes,ppml,-0.023672173265367746,22049,341,75,266
253,20260726,admissoes,ppml,-0.07072991132736206,22049,341,75,266
253,20260726,asinh_saldo,ols,-0.01589406358936034,22049,341,75,266
253,20260726,desligamentos,ppml,-0.045737496577203274,22049,341,75,266
253,20260726,ln_salario_real_adm,ols,-0.0016868841531256637,22012,341,75,266
253,20260726,n_movimentacoes,ppml,-0.05904810409992933,22049,341,75,266
254,20260726,admissoes,ppml,0.04436395317316055,22049,341,75,266
254,20260726,asinh_saldo,ols,0.15231545272957328,22049,341,75,266
254,20260726,desligamentos,ppml,0.008815714856609702,22049,341,75,266
254,20260726,ln_salario_real_adm,ols,-0.001995036828758339,22012,341,75,266
254,20260726,n_movimentacoes,ppml,0.026962413918226957,22049,341,75,266
255,20260726,admissoes,ppml,-0.02647780440747738,22049,341,75,266
255,20260726,asinh_saldo,ols,0.6257010534648647,22049,341,75,266
255,20260726,desligamentos,ppml,-0.032458873465657234,22049,341,75,266
255,20260726,ln_salario_real_adm,ols,-0.003833591306428181,22012,341,75,266
255,20260726,n_movimentacoes,ppml,-0.029692210722714663,22049,341,75,266
256,20260726,admissoes,ppml,-0.028880194760859013,22049,341,75,266
256,20260726,asinh_saldo,ols,-0.1668103139935654,22049,341,75,266
256,20260726,desligamentos,ppml,-0.010853804647922516,22049,341,75,266
256,20260726,ln_salario_real_adm,ols,-0.004277183725541131,22012,341,75,266
256,20260726,n_movimentacoes,ppml,-0.02033967897295952,22049,341,75,266
257,20260726,admissoes,ppml,-0.05316379014402628,22049,341,75,266
257,20260726,asinh_saldo,ols,-0.10675774531237366,22049,341,75,266
257,20260726,desligamentos,ppml,0.005182073451578617,22049,341,75,266
257,20260726,ln_salario_real_adm,ols,-0.01616810293555145,22012,341,75,266
257,20260726,n_movimentacoes,ppml,-0.024253787472844124,22049,341,75,266
258,20260726,admissoes,ppml,0.02922912547364831,22049,341,75,266
258,20260726,asinh_saldo,ols,-0.22502695717906127,22049,341,75,266
258,20260726,desligamentos,ppml,0.0021793008781969547,22049,341,75,266
258,20260726,ln_salario_real_adm,ols,0.0015877632608484085,22012,341,75,266
258,20260726,n_movimentacoes,ppml,0.016636554151773453,22049,341,75,266
259,20260726,admissoes,ppml,-0.011573584750294685,22049,341,75,266
259,20260726,asinh_saldo,ols,-0.2141721570989889,22049,341,75,266
259,20260726,desligamentos,ppml,-0.03291974635794759,22049,341,75,266
259,20260726,ln_salario_real_adm,ols,0.013333670818151882,22012,341,75,266
259,20260726,n_movimentacoes,ppml,-0.021587833296507597,22049,341,75,266
260,20260726,admissoes,ppml,0.009426841046661139,22049,341,75,266
260,20260726,asinh_saldo,ols,0.02402041871861861,22049,341,75,266
260,20260726,desligamentos,ppml,0.011435354128479958,22049,341,75,266
260,20260726,ln_salario_real_adm,ols,0.010194988775996878,22012,341,75,266
260,20260726,n_movimentacoes,ppml,0.010617569088935852,22049,341,75,266
261,20260726,admissoes,ppml,-0.018482221756130457,22049,341,75,266
261,20260726,asinh_saldo,ols,-0.3056144948543227,22049,341,75,266
261,20260726,desligamentos,ppml,-0.013553163036704063,22049,341,75,266
261,20260726,ln_salario_real_adm,ols,-0.013908663143746442,22012,341,75,266
261,20260726,n_movimentacoes,ppml,-0.016626778524369,22049,341,75,266
262,20260726,admissoes,ppml,-0.03368521109223366,22049,341,75,266
262,20260726,asinh_saldo,ols,0.26590383289249886,22049,341,75,266
262,20260726,desligamentos,ppml,-0.044960048981010914,22049,341,75,266
262,20260726,ln_salario_real_adm,ols,0.008059769965308662,22012,341,75,266
262,20260726,n_movimentacoes,ppml,-0.03911350853741169,22049,341,75,266
263,20260726,admissoes,ppml,-0.017390665598213673,22049,341,75,266
263,20260726,asinh_saldo,ols,-0.22091347958289595,22049,341,75,266
263,20260726,desligamentos,ppml,0.024380946531891823,22049,341,75,266
263,20260726,ln_salario_real_adm,ols,-0.019548299734825393,22012,341,75,266
263,20260726,n_movimentacoes,ppml,0.0036156950518488884,22049,341,75,266
264,20260726,admissoes,ppml,-0.058309427462518215,22049,341,75,266
264,20260726,asinh_saldo,ols,0.49250173974563544,22049,341,75,266
264,20260726,desligamentos,ppml,-0.03450474701821804,22049,341,75,266
264,20260726,ln_salario_real_adm,ols,0.01147097479703045,22012,341,75,266
264,20260726,n_movimentacoes,ppml,-0.046270281076431274,22049,341,75,266
265,20260726,admissoes,ppml,-0.030460461974143982,22049,341,75,266
265,20260726,asinh_saldo,ols,0.20335912158243447,22049,341,75,266
265,20260726,desligamentos,ppml,-0.0014537209644913673,22049,341,75,266
265,20260726,ln_salario_real_adm,ols,0.001463008443074022,22012,341,75,266
265,20260726,n_movimentacoes,ppml,-0.016171655617654324,22049,341,75,266
266,20260726,admissoes,ppml,0.0534027679823339,22049,341,75,266
266,20260726,asinh_saldo,ols,-0.6269338006736818,22049,341,75,266
266,20260726,desligamentos,ppml,0.04768248135223985,22049,341,75,266
266,20260726,ln_salario_real_adm,ols,0.0061676579466409835,22012,341,75,266
266,20260726,n_movimentacoes,ppml,0.0508621116168797,22049,341,75,266
267,20260726,admissoes,ppml,0.020997085142880678,22049,341,75,266
267,20260726,asinh_saldo,ols,-0.47959556845507595,22049,341,75,266
267,20260726,desligamentos,ppml,0.013234182260930538,22049,341,75,266
267,20260726,ln_salario_real_adm,ols,0.007042918925190985,22012,341,75,266
267,20260726,n_movimentacoes,ppml,0.017547831404954195,22049,341,75,266
268,20260726,admissoes,ppml,-0.020180161111056805,22049,341,75,266
268,20260726,asinh_saldo,ols,0.3911244371631117,22049,341,75,266
268,20260726,desligamentos,ppml,-0.02924112882465124,22049,341,75,266
268,20260726,ln_salario_real_adm,ols,-0.009230023958455541,22012,341,75,266
268,20260726,n_movimentacoes,ppml,-0.02459743618965149,22049,341,75,266
269,20260726,admissoes,ppml,-0.06596020376309752,22049,341,75,266
269,20260726,asinh_saldo,ols,-0.013185616399818162,22049,341,75,266
269,20260726,desligamentos,ppml,-0.06112781539559364,22049,341,75,266
269,20260726,ln_salario_real_adm,ols,-0.003925559721341562,22012,341,75,266
269,20260726,n_movimentacoes,ppml,-0.06257643084973097,22049,341,75,266
270,20260726,admissoes,ppml,0.007139438297599554,22049,341,75,266
270,20260726,asinh_saldo,ols,0.45157655209327596,22049,341,75,266
270,20260726,desligamentos,ppml,-0.01052264729514718,22049,341,75,266
270,20260726,ln_salario_real_adm,ols,-0.0002482443781298516,22012,341,75,266
270,20260726,n_movimentacoes,ppml,-0.0014850767329335213,22049,341,75,266
271,20260726,admissoes,ppml,-0.0771234268322587,22049,341,75,266
271,20260726,asinh_saldo,ols,0.07569448141596938,22049,341,75,266
271,20260726,desligamentos,ppml,-0.023779580369591713,22049,341,75,266
271,20260726,ln_salario_real_adm,ols,-0.0040435603818763325,22012,341,75,266
271,20260726,n_movimentacoes,ppml,-0.050789196975529194,22049,341,75,266
272,20260726,admissoes,ppml,-0.05034373048692942,22049,341,75,266
272,20260726,asinh_saldo,ols,0.07804274647790806,22049,341,75,266
272,20260726,desligamentos,ppml,0.015669355168938637,22049,341,75,266
272,20260726,ln_salario_real_adm,ols,0.0033745155901118043,22012,341,75,266
272,20260726,n_movimentacoes,ppml,-0.01795675978064537,22049,341,75,266
273,20260726,admissoes,ppml,0.027011800091713667,22049,341,75,266
273,20260726,asinh_saldo,ols,-0.3953150600348669,22049,341,75,266
273,20260726,desligamentos,ppml,0.055954691022634506,22049,341,75,266
273,20260726,ln_salario_real_adm,ols,-0.005721253900670788,22012,341,75,266
273,20260726,n_movimentacoes,ppml,0.041201272048056126,22049,341,75,266
274,20260726,admissoes,ppml,-0.07230559084564447,22049,341,75,266
274,20260726,asinh_saldo,ols,0.39544293191538693,22049,341,75,266
274,20260726,desligamentos,ppml,-0.031927079893648624,22049,341,75,266
274,20260726,ln_salario_real_adm,ols,0.0007536453700962356,22012,341,75,266
274,20260726,n_movimentacoes,ppml,-0.052418596111238,22049,341,75,266
275,20260726,admissoes,ppml,-0.05295559065416455,22049,341,75,266
275,20260726,asinh_saldo,ols,-0.23050257706238625,22049,341,75,266
275,20260726,desligamentos,ppml,-0.0006723697297275066,22049,341,75,266
275,20260726,ln_salario_real_adm,ols,-0.002629431731200182,22012,341,75,266
275,20260726,n_movimentacoes,ppml,-0.027592947706580162,22049,341,75,266
276,20260726,admissoes,ppml,-0.004912925884127617,22049,341,75,266
276,20260726,asinh_saldo,ols,-0.011897339034346099,22049,341,75,266
276,20260726,desligamentos,ppml,0.02449752762913704,22049,341,75,266
276,20260726,ln_salario_real_adm,ols,-0.022196423955404214,22012,341,75,266
276,20260726,n_movimentacoes,ppml,0.00960991159081459,22049,341,75,266
277,20260726,admissoes,ppml,0.031213779002428055,22049,341,75,266
277,20260726,asinh_saldo,ols,-0.032428489769090886,22049,341,75,266
277,20260726,desligamentos,ppml,0.035796789452433586,22049,341,75,266
277,20260726,ln_salario_real_adm,ols,-0.012905158360629639,22012,341,75,266
277,20260726,n_movimentacoes,ppml,0.033723083790391684,22049,341,75,266
278,20260726,admissoes,ppml,0.09692360321059823,22049,341,75,266
278,20260726,asinh_saldo,ols,0.2201749397443083,22049,341,75,266
278,20260726,desligamentos,ppml,0.06286741327494383,22049,341,75,266
278,20260726,ln_salario_real_adm,ols,-0.013457216969588072,22012,341,75,266
278,20260726,n_movimentacoes,ppml,0.0802335343323648,22049,341,75,266
279,20260726,admissoes,ppml,0.0555073288269341,22049,341,75,266
279,20260726,asinh_saldo,ols,0.11259242016998787,22049,341,75,266
279,20260726,desligamentos,ppml,0.01668324740603566,22049,341,75,266
279,20260726,ln_salario_real_adm,ols,-0.010755592926926098,22012,341,75,266
279,20260726,n_movimentacoes,ppml,0.03679013578221202,22049,341,75,266
280,20260726,admissoes,ppml,-0.037367517594248056,22049,341,75,266
280,20260726,asinh_saldo,ols,-0.5279936415822353,22049,341,75,266
280,20260726,desligamentos,ppml,0.026964901946485043,22049,341,75,266
280,20260726,ln_salario_real_adm,ols,-0.014681688499808023,22012,341,75,266
280,20260726,n_movimentacoes,ppml,-0.005395220592617989,22049,341,75,266
281,20260726,admissoes,ppml,0.013362102676182985,22049,341,75,266
281,20260726,asinh_saldo,ols,-0.4063476984544661,22049,341,75,266
281,20260726,desligamentos,ppml,0.02508471440523863,22049,341,75,266
281,20260726,ln_salario_real_adm,ols,-0.019159759381854786,22012,341,75,266
281,20260726,n_movimentacoes,ppml,0.018695936538279057,22049,341,75,266
282,20260726,admissoes,ppml,0.055483645759522915,22049,341,75,266
282,20260726,asinh_saldo,ols,-0.5238377500036253,22049,341,75,266
282,20260726,desligamentos,ppml,0.06487650284543633,22049,341,75,266
282,20260726,ln_salario_real_adm,ols,-0.009864540701983253,22012,341,75,266
282,20260726,n_movimentacoes,ppml,0.059876734390854836,22049,341,75,266
283,20260726,admissoes,ppml,0.022332461550831795,22049,341,75,266
283,20260726,asinh_saldo,ols,0.28748777549076954,22049,341,75,266
283,20260726,desligamentos,ppml,-0.027878016233444214,22049,341,75,266
283,20260726,ln_salario_real_adm,ols,0.01855357805519074,22012,341,75,266
283,20260726,n_movimentacoes,ppml,-0.002340382896363735,22049,341,75,266
284,20260726,admissoes,ppml,-0.0550532341003418,22049,341,75,266
284,20260726,asinh_saldo,ols,-0.04983169095984789,22049,341,75,266
284,20260726,desligamentos,ppml,-0.033162536565214396,22049,341,75,266
284,20260726,ln_salario_real_adm,ols,0.02052332716815443,22012,341,75,266
284,20260726,n_movimentacoes,ppml,-0.04479962633922696,22049,341,75,266
285,20260726,admissoes,ppml,-0.006649789400398731,22049,341,75,266
285,20260726,asinh_saldo,ols,-0.33741188789080695,22049,341,75,266
285,20260726,desligamentos,ppml,0.01645386777818203,22049,341,75,266
285,20260726,ln_salario_real_adm,ols,-0.007743263527318084,22012,341,75,266
285,20260726,n_movimentacoes,ppml,0.004519030451774597,22049,341,75,266
286,20260726,admissoes,ppml,0.03905376512557268,22049,341,75,266
286,20260726,asinh_saldo,ols,-0.16291763827400027,22049,341,75,266
286,20260726,desligamentos,ppml,0.046348138246685266,22049,341,75,266
286,20260726,ln_salario_real_adm,ols,-0.010605856303454847,22012,341,75,266
286,20260726,n_movimentacoes,ppml,0.04341820254921913,22049,341,75,266
287,20260726,admissoes,ppml,-0.0717836245894432,22049,341,75,266
287,20260726,asinh_saldo,ols,0.12260861893959671,22049,341,75,266
287,20260726,desligamentos,ppml,-0.07728656474500895,22049,341,75,266
287,20260726,ln_salario_real_adm,ols,-0.014278801906047118,22012,341,75,266
287,20260726,n_movimentacoes,ppml,-0.07376342639327049,22049,341,75,266
288,20260726,admissoes,ppml,-0.06934212660416961,22049,341,75,266
288,20260726,asinh_saldo,ols,-0.15466302792884318,22049,341,75,266
288,20260726,desligamentos,ppml,-0.06405792012810707,22049,341,75,266
288,20260726,ln_salario_real_adm,ols,0.006742993457282751,22012,341,75,266
288,20260726,n_movimentacoes,ppml,-0.0659700995311141,22049,341,75,266
289,20260726,admissoes,ppml,0.0560830719769001,22049,341,75,266
289,20260726,asinh_saldo,ols,0.30703308545478836,22049,341,75,266
289,20260726,desligamentos,ppml,0.022408429998904467,22049,341,75,266
289,20260726,ln_salario_real_adm,ols,-0.013988730077943864,22012,341,75,266
289,20260726,n_movimentacoes,ppml,0.039827225264161825,22049,341,75,266
290,20260726,admissoes,ppml,-0.025701438076794147,22049,341,75,266
290,20260726,asinh_saldo,ols,-0.41735615453085023,22049,341,75,266
290,20260726,desligamentos,ppml,0.021297365427017212,22049,341,75,266
290,20260726,ln_salario_real_adm,ols,0.015367592175935302,22012,341,75,266
290,20260726,n_movimentacoes,ppml,-0.001995472237467766,22049,341,75,266
291,20260726,admissoes,ppml,-0.08362784329801798,22049,341,75,266
291,20260726,asinh_saldo,ols,0.6292798261685013,22049,341,75,266
291,20260726,desligamentos,ppml,-0.07561540091410279,22049,341,75,266
291,20260726,ln_salario_real_adm,ols,0.007072300996552295,22012,341,75,266
291,20260726,n_movimentacoes,ppml,-0.07986635901033878,22049,341,75,266
292,20260726,admissoes,ppml,0.037457162979990244,22049,341,75,266
292,20260726,asinh_saldo,ols,-0.04878497528071503,22049,341,75,266
292,20260726,desligamentos,ppml,0.032593201380223036,22049,341,75,266
292,20260726,ln_salario_real_adm,ols,-0.010289485775398814,22012,341,75,266
292,20260726,n_movimentacoes,ppml,0.03475635452196002,22049,341,75,266
293,20260726,admissoes,ppml,0.0038623246364295483,22049,341,75,266
293,20260726,asinh_saldo,ols,-0.6964451653737023,22049,341,75,266
293,20260726,desligamentos,ppml,0.026506302412599325,22049,341,75,266
293,20260726,ln_salario_real_adm,ols,-0.0173988410142172,22012,341,75,266
293,20260726,n_movimentacoes,ppml,0.014685312751680613,22049,341,75,266
294,20260726,admissoes,ppml,0.04846741771325469,22049,341,75,266
294,20260726,asinh_saldo,ols,-0.3313406537004871,22049,341,75,266
294,20260726,desligamentos,ppml,0.041537854354828596,22049,341,75,266
294,20260726,ln_salario_real_adm,ols,0.004099445324474394,22012,341,75,266
294,20260726,n_movimentacoes,ppml,0.04551951866596937,22049,341,75,266
295,20260726,admissoes,ppml,-0.007931245490908623,22049,341,75,266
295,20260726,asinh_saldo,ols,-0.14258272990996768,22049,341,75,266
295,20260726,desligamentos,ppml,0.009612133726477623,22049,341,75,266
295,20260726,ln_salario_real_adm,ols,-0.0043286359134594625,22012,341,75,266
295,20260726,n_movimentacoes,ppml,0.0007830187678337097,22049,341,75,266
296,20260726,admissoes,ppml,0.025526827201247215,22049,341,75,266
296,20260726,asinh_saldo,ols,0.2689794950050926,22049,341,75,266
296,20260726,desligamentos,ppml,0.026658596005290747,22049,341,75,266
296,20260726,ln_salario_real_adm,ols,0.011816349979822505,22012,341,75,266
296,20260726,n_movimentacoes,ppml,0.025534121319651604,22049,341,75,266
297,20260726,admissoes,ppml,-0.04215166624635458,22049,341,75,266
297,20260726,asinh_saldo,ols,0.2689565185801124,22049,341,75,266
297,20260726,desligamentos,ppml,-0.02118767099454999,22049,341,75,266
297,20260726,ln_salario_real_adm,ols,-0.0029339676794367126,22012,341,75,266
297,20260726,n_movimentacoes,ppml,-0.03196742385625839,22049,341,75,266
298,20260726,admissoes,ppml,0.01100404467433691,22049,341,75,266
298,20260726,asinh_saldo,ols,-0.32001341423183094,22049,341,75,266
298,20260726,desligamentos,ppml,0.05280753457918763,22049,341,75,266
298,20260726,ln_salario_real_adm,ols,0.01909642805841846,22012,341,75,266
298,20260726,n_movimentacoes,ppml,0.031161502469331026,22049,341,75,266
299,20260726,admissoes,ppml,-0.05832804972305894,22049,341,75,266
299,20260726,asinh_saldo,ols,0.02249708871258214,22049,341,75,266
299,20260726,desligamentos,ppml,-0.05420965142548084,22049,341,75,266
299,20260726,ln_salario_real_adm,ols,-0.0012068489976212653,22012,341,75,266
299,20260726,n_movimentacoes,ppml,-0.05633674608543515,22049,341,75,266
300,20260726,admissoes,ppml,0.05691060936078429,22049,341,75,266
300,20260726,asinh_saldo,ols,0.37334200794155153,22049,341,75,266
300,20260726,desligamentos,ppml,0.031138368882238865,22049,341,75,266
300,20260726,ln_salario_real_adm,ols,-0.0019682493503373473,22012,341,75,266
300,20260726,n_movimentacoes,ppml,0.04494998278096318,22049,341,75,266
301,20260726,admissoes,ppml,-0.024775614961981773,22049,341,75,266
301,20260726,asinh_saldo,ols,0.29877633454430486,22049,341,75,266
301,20260726,desligamentos,ppml,-0.013637746684253216,22049,341,75,266
301,20260726,ln_salario_real_adm,ols,0.013818118254382662,22012,341,75,266
301,20260726,n_movimentacoes,ppml,-0.019591627176851034,22049,341,75,266
302,20260726,admissoes,ppml,-0.04987029964104295,22049,341,75,266
302,20260726,asinh_saldo,ols,0.1827810220032839,22049,341,75,266
302,20260726,desligamentos,ppml,-0.04424214502796531,22049,341,75,266
302,20260726,ln_salario_real_adm,ols,-0.005243846056476465,22012,341,75,266
302,20260726,n_movimentacoes,ppml,-0.0473027010448277,22049,341,75,266
303,20260726,admissoes,ppml,0.01872424501925707,22049,341,75,266
303,20260726,asinh_saldo,ols,0.3423817553599119,22049,341,75,266
303,20260726,desligamentos,ppml,-0.011188886128365993,22049,341,75,266
303,20260726,ln_salario_real_adm,ols,0.0034763275796651713,22012,341,75,266
303,20260726,n_movimentacoes,ppml,0.0044371518306434155,22049,341,75,266
304,20260726,admissoes,ppml,0.013472027610987425,22049,341,75,266
304,20260726,asinh_saldo,ols,0.07984488055502233,22049,341,75,266
304,20260726,desligamentos,ppml,-0.019226237665861845,22049,341,75,266
304,20260726,ln_salario_real_adm,ols,0.005917183618057203,22012,341,75,266
304,20260726,n_movimentacoes,ppml,-0.0027027297765016556,22049,341,75,266
305,20260726,admissoes,ppml,0.0004854295402765274,22049,341,75,266
305,20260726,asinh_saldo,ols,-0.030912384915723456,22049,341,75,266
305,20260726,desligamentos,ppml,-0.02548046736046672,22049,341,75,266
305,20260726,ln_salario_real_adm,ols,0.006986046843259504,22012,341,75,266
305,20260726,n_movimentacoes,ppml,-0.012052647303789854,22049,341,75,266
306,20260726,admissoes,ppml,0.05142242228612304,22049,341,75,266
306,20260726,asinh_saldo,ols,-0.2830254618442782,22049,341,75,266
306,20260726,desligamentos,ppml,0.057924737222492695,22049,341,75,266
306,20260726,ln_salario_real_adm,ols,-0.003517087225054107,22012,341,75,266
306,20260726,n_movimentacoes,ppml,0.054106303956359625,22049,341,75,266
307,20260726,admissoes,ppml,-0.03889947384595871,22049,341,75,266
307,20260726,asinh_saldo,ols,-0.1515390746589312,22049,341,75,266
307,20260726,desligamentos,ppml,-0.005551569163799286,22049,341,75,266
307,20260726,ln_salario_real_adm,ols,0.00490094158220207,22012,341,75,266
307,20260726,n_movimentacoes,ppml,-0.021799021400511265,22049,341,75,266
308,20260726,admissoes,ppml,0.013409096747636795,22049,341,75,266
308,20260726,asinh_saldo,ols,-0.01740347320318361,22049,341,75,266
308,20260726,desligamentos,ppml,0.01363697275519371,22049,341,75,266
308,20260726,ln_salario_real_adm,ols,0.00445099883922656,22012,341,75,266
308,20260726,n_movimentacoes,ppml,0.013161883689463139,22049,341,75,266
309,20260726,admissoes,ppml,0.04264424927532673,22049,341,75,266
309,20260726,asinh_saldo,ols,-0.15974954612903583,22049,341,75,266
309,20260726,desligamentos,ppml,0.034044393338263035,22049,341,75,266
309,20260726,ln_salario_real_adm,ols,0.011999202100306007,22012,341,75,266
309,20260726,n_movimentacoes,ppml,0.03801249712705612,22049,341,75,266
310,20260726,admissoes,ppml,-0.036303730215877295,22049,341,75,266
310,20260726,asinh_saldo,ols,-0.3967772386896748,22049,341,75,266
310,20260726,desligamentos,ppml,-0.05374154355376959,22049,341,75,266
310,20260726,ln_salario_real_adm,ols,0.0024288163125242663,22012,341,75,266
310,20260726,n_movimentacoes,ppml,-0.04461898561567068,22049,341,75,266
311,20260726,admissoes,ppml,0.04081647889688611,22049,341,75,266
311,20260726,asinh_saldo,ols,0.19303699313312667,22049,341,75,266
311,20260726,desligamentos,ppml,0.02451642695814371,22049,341,75,266
311,20260726,ln_salario_real_adm,ols,-0.0022207978234297806,22012,341,75,266
311,20260726,n_movimentacoes,ppml,0.032720990013331175,22049,341,75,266
312,20260726,admissoes,ppml,0.0017274431884288788,22049,341,75,266
312,20260726,asinh_saldo,ols,0.2743205754402735,22049,341,75,266
312,20260726,desligamentos,ppml,-0.017340858932584524,22049,341,75,266
312,20260726,ln_salario_real_adm,ols,-0.003316618301319102,22012,341,75,266
312,20260726,n_movimentacoes,ppml,-0.007572725415229797,22049,341,75,266
313,20260726,admissoes,ppml,0.05447237752377987,22049,341,75,266
313,20260726,asinh_saldo,ols,0.06277030127436577,22049,341,75,266
313,20260726,desligamentos,ppml,0.0396603774279356,22049,341,75,266
313,20260726,ln_salario_real_adm,ols,0.008342538058639428,22012,341,75,266
313,20260726,n_movimentacoes,ppml,0.04706762032583356,22049,341,75,266
314,20260726,admissoes,ppml,-0.08304659649729729,22049,341,75,266
314,20260726,asinh_saldo,ols,0.3270027600115268,22049,341,75,266
314,20260726,desligamentos,ppml,-0.059072011616081,22049,341,75,266
314,20260726,ln_salario_real_adm,ols,-0.008429472749177653,22012,341,75,266
314,20260726,n_movimentacoes,ppml,-0.07161557395011187,22049,341,75,266
315,20260726,admissoes,ppml,-0.002281313296407461,22049,341,75,266
315,20260726,asinh_saldo,ols,0.15231153090328814,22049,341,75,266
315,20260726,desligamentos,ppml,-0.01987778046168387,22049,341,75,266
315,20260726,ln_salario_real_adm,ols,0.009780935059445859,22012,341,75,266
315,20260726,n_movimentacoes,ppml,-0.011022471357136965,22049,341,75,266
316,20260726,admissoes,ppml,-0.046902348287403584,22049,341,75,266
316,20260726,asinh_saldo,ols,0.11728134307516977,22049,341,75,266
316,20260726,desligamentos,ppml,-0.025880888104438782,22049,341,75,266
316,20260726,ln_salario_real_adm,ols,0.0014612799003733135,22012,341,75,266
316,20260726,n_movimentacoes,ppml,-0.03620852343738079,22049,341,75,266
317,20260726,admissoes,ppml,0.08201685408130288,22049,341,75,266
317,20260726,asinh_saldo,ols,-0.40320841846813565,22049,341,75,266
317,20260726,desligamentos,ppml,0.04002057854086161,22049,341,75,266
317,20260726,ln_salario_real_adm,ols,-0.00785625682501484,22012,341,75,266
317,20260726,n_movimentacoes,ppml,0.06205220427364111,22049,341,75,266
318,20260726,admissoes,ppml,-0.060844442807137966,22049,341,75,266
318,20260726,asinh_saldo,ols,0.4578417852801284,22049,341,75,266
318,20260726,desligamentos,ppml,-0.02661431021988392,22049,341,75,266
318,20260726,ln_salario_real_adm,ols,-0.014005876994171431,22012,341,75,266
318,20260726,n_movimentacoes,ppml,-0.04403702262789011,22049,341,75,266
319,20260726,admissoes,ppml,0.06253807712346315,22049,341,75,266
319,20260726,asinh_saldo,ols,-0.01239554240728459,22049,341,75,266
319,20260726,desligamentos,ppml,0.04692629398778081,22049,341,75,266
319,20260726,ln_salario_real_adm,ols,0.009031014082669748,22012,341,75,266
319,20260726,n_movimentacoes,ppml,0.05508313374593854,22049,341,75,266
320,20260726,admissoes,ppml,-0.062038333155214787,22049,341,75,266
320,20260726,asinh_saldo,ols,0.14888160624810348,22049,341,75,266
320,20260726,desligamentos,ppml,-0.018087237142026424,22049,341,75,266
320,20260726,ln_salario_real_adm,ols,-0.012777288954295099,22012,341,75,266
320,20260726,n_movimentacoes,ppml,-0.04048206843435764,22049,341,75,266
321,20260726,admissoes,ppml,-0.0655388617888093,22049,341,75,266
321,20260726,asinh_saldo,ols,-0.9525763206348873,22049,341,75,266
321,20260726,desligamentos,ppml,0.0034747496247291565,22049,341,75,266
321,20260726,ln_salario_real_adm,ols,-0.013112509494934728,22012,341,75,266
321,20260726,n_movimentacoes,ppml,-0.03141899220645428,22049,341,75,266
322,20260726,admissoes,ppml,0.091441644821316,22049,341,75,266
322,20260726,asinh_saldo,ols,0.2500244037151802,22049,341,75,266
322,20260726,desligamentos,ppml,0.08508129976689816,22049,341,75,266
322,20260726,ln_salario_real_adm,ols,-0.0005338893923539007,22012,341,75,266
322,20260726,n_movimentacoes,ppml,0.08793123485520482,22049,341,75,266
323,20260726,admissoes,ppml,0.0558311827480793,22049,341,75,266
323,20260726,asinh_saldo,ols,0.2728086338100706,22049,341,75,266
323,20260726,desligamentos,ppml,0.0440151821821928,22049,341,75,266
323,20260726,ln_salario_real_adm,ols,-0.012656792930297447,22012,341,75,266
323,20260726,n_movimentacoes,ppml,0.05023845471441746,22049,341,75,266
324,20260726,admissoes,ppml,-0.07075561303645372,22049,341,75,266
324,20260726,asinh_saldo,ols,0.1354277206476156,22049,341,75,266
324,20260726,desligamentos,ppml,-0.05993741936981678,22049,341,75,266
324,20260726,ln_salario_real_adm,ols,0.007108026331673108,22012,341,75,266
324,20260726,n_movimentacoes,ppml,-0.06480839941650629,22049,341,75,266
325,20260726,admissoes,ppml,-0.053315271623432636,22049,341,75,266
325,20260726,asinh_saldo,ols,0.3443427902742137,22049,341,75,266
325,20260726,desligamentos,ppml,-0.045928021892905235,22049,341,75,266
325,20260726,ln_salario_real_adm,ols,-0.008730208840833935,22012,341,75,266
325,20260726,n_movimentacoes,ppml,-0.04944827267900109,22049,341,75,266
326,20260726,admissoes,ppml,-0.048221939243376255,22049,341,75,266
326,20260726,asinh_saldo,ols,-0.15777503385683955,22049,341,75,266
326,20260726,desligamentos,ppml,-0.028108753729611635,22049,341,75,266
326,20260726,ln_salario_real_adm,ols,-0.006490957929744394,22012,341,75,266
326,20260726,n_movimentacoes,ppml,-0.03827030444517732,22049,341,75,266
327,20260726,admissoes,ppml,-0.0824390728957951,22049,341,75,266
327,20260726,asinh_saldo,ols,-0.1915983545683978,22049,341,75,266
327,20260726,desligamentos,ppml,-0.04576666001230478,22049,341,75,266
327,20260726,ln_salario_real_adm,ols,0.013716937167148401,22012,341,75,266
327,20260726,n_movimentacoes,ppml,-0.06444662064313889,22049,341,75,266
328,20260726,admissoes,ppml,0.01392208132892847,22049,341,75,266
328,20260726,asinh_saldo,ols,-0.5573745681467145,22049,341,75,266
328,20260726,desligamentos,ppml,0.05519069731235504,22049,341,75,266
328,20260726,ln_salario_real_adm,ols,-0.012199787859928384,22012,341,75,266
328,20260726,n_movimentacoes,ppml,0.03481795731931925,22049,341,75,266
329,20260726,admissoes,ppml,0.06833361694589257,22049,341,75,266
329,20260726,asinh_saldo,ols,-0.27697638521295614,22049,341,75,266
329,20260726,desligamentos,ppml,0.04633537121117115,22049,341,75,266
329,20260726,ln_salario_real_adm,ols,-0.008832127983245307,22012,341,75,266
329,20260726,n_movimentacoes,ppml,0.057672477792948484,22049,341,75,266
330,20260726,admissoes,ppml,-0.06471982132643461,22049,341,75,266
330,20260726,asinh_saldo,ols,-0.09676594741042462,22049,341,75,266
330,20260726,desligamentos,ppml,-0.032588258385658264,22049,341,75,266
330,20260726,ln_salario_real_adm,ols,0.01965030890969954,22012,341,75,266
330,20260726,n_movimentacoes,ppml,-0.04891609773039818,22049,341,75,266
331,20260726,admissoes,ppml,-0.05351528059691191,22049,341,75,266
331,20260726,asinh_saldo,ols,-0.48109584395711047,22049,341,75,266
331,20260726,desligamentos,ppml,-0.017605217173695564,22049,341,75,266
331,20260726,ln_salario_real_adm,ols,-0.019491136901902285,22012,341,75,266
331,20260726,n_movimentacoes,ppml,-0.035970848985016346,22049,341,75,266
332,20260726,admissoes,ppml,-0.020729948300868273,22049,341,75,266
332,20260726,asinh_saldo,ols,0.324796200394578,22049,341,75,266
332,20260726,desligamentos,ppml,-0.03806914249435067,22049,341,75,266
332,20260726,ln_salario_real_adm,ols,-0.0019523758391104876,22012,341,75,266
332,20260726,n_movimentacoes,ppml,-0.029066129121929407,22049,341,75,266
333,20260726,admissoes,ppml,-0.09464753698557615,22049,341,75,266
333,20260726,asinh_saldo,ols,0.2557177414602044,22049,341,75,266
333,20260726,desligamentos,ppml,-0.07632893417030573,22049,341,75,266
333,20260726,ln_salario_real_adm,ols,-0.005136551652522668,22012,341,75,266
333,20260726,n_movimentacoes,ppml,-0.08559674490243196,22049,341,75,266
334,20260726,admissoes,ppml,0.09836169937625527,22049,341,75,266
334,20260726,asinh_saldo,ols,0.012352046236156723,22049,341,75,266
334,20260726,desligamentos,ppml,0.07459181547164917,22049,341,75,266
334,20260726,ln_salario_real_adm,ols,-0.011515094365549943,22012,341,75,266
334,20260726,n_movimentacoes,ppml,0.0866089966148138,22049,341,75,266
335,20260726,admissoes,ppml,-0.016692971345037222,22049,341,75,266
335,20260726,asinh_saldo,ols,-0.2786991383263098,22049,341,75,266
335,20260726,desligamentos,ppml,-0.006834487430751324,22049,341,75,266
335,20260726,ln_salario_real_adm,ols,-0.00800394617393686,22012,341,75,266
335,20260726,n_movimentacoes,ppml,-0.011764259077608585,22049,341,75,266
336,20260726,admissoes,ppml,0.025583046954125166,22049,341,75,266
336,20260726,asinh_saldo,ols,-0.09398735716935372,22049,341,75,266
336,20260726,desligamentos,ppml,0.016585467383265495,22049,341,75,266
336,20260726,ln_salario_real_adm,ols,0.00970650092908044,22012,341,75,266
336,20260726,n_movimentacoes,ppml,0.021484500728547573,22049,341,75,266
337,20260726,admissoes,ppml,0.000599653460085392,22049,341,75,266
337,20260726,asinh_saldo,ols,0.316402158712793,22049,341,75,266
337,20260726,desligamentos,ppml,-0.015174724627286196,22049,341,75,266
337,20260726,ln_salario_real_adm,ols,-0.02795176728515287,22012,341,75,266
337,20260726,n_movimentacoes,ppml,-0.007542673498392105,22049,341,75,266
338,20260726,admissoes,ppml,-0.05728218052536249,22049,341,75,266
338,20260726,asinh_saldo,ols,-0.09646038427294416,22049,341,75,266
338,20260726,desligamentos,ppml,-0.02468105498701334,22049,341,75,266
338,20260726,ln_salario_real_adm,ols,-0.010130647498633401,22012,341,75,266
338,20260726,n_movimentacoes,ppml,-0.041810662019997835,22049,341,75,266
339,20260726,admissoes,ppml,0.008910895325243473,22049,341,75,266
339,20260726,asinh_saldo,ols,-0.044857866999798116,22049,341,75,266
339,20260726,desligamentos,ppml,0.03381563536822796,22049,341,75,266
339,20260726,ln_salario_real_adm,ols,0.006838762686459983,22012,341,75,266
339,20260726,n_movimentacoes,ppml,0.02154211513698101,22049,341,75,266
340,20260726,admissoes,ppml,-0.02126437146216631,22049,341,75,266
340,20260726,asinh_saldo,ols,0.08984687136530578,22049,341,75,266
340,20260726,desligamentos,ppml,0.0495320213958621,22049,341,75,266
340,20260726,ln_salario_real_adm,ols,-0.0014044264572326552,22012,341,75,266
340,20260726,n_movimentacoes,ppml,0.013658802025020123,22049,341,75,266
341,20260726,admissoes,ppml,0.09786277450621128,22049,341,75,266
341,20260726,asinh_saldo,ols,0.2565600530073001,22049,341,75,266
341,20260726,desligamentos,ppml,0.07313932944089174,22049,341,75,266
341,20260726,ln_salario_real_adm,ols,0.014987292331576718,22012,341,75,266
341,20260726,n_movimentacoes,ppml,0.08598985429853201,22049,341,75,266
342,20260726,admissoes,ppml,0.07415649062022567,22049,341,75,266
342,20260726,asinh_saldo,ols,0.4169029631505827,22049,341,75,266
342,20260726,desligamentos,ppml,0.02654235251247883,22049,341,75,266
342,20260726,ln_salario_real_adm,ols,-0.010400017167133102,22012,341,75,266
342,20260726,n_movimentacoes,ppml,0.0511761880479753,22049,341,75,266
343,20260726,admissoes,ppml,-0.05992144299671054,22049,341,75,266
343,20260726,asinh_saldo,ols,-0.05377551192912901,22049,341,75,266
343,20260726,desligamentos,ppml,-0.03420393913984299,22049,341,75,266
343,20260726,ln_salario_real_adm,ols,0.017031745744469435,22012,341,75,266
343,20260726,n_movimentacoes,ppml,-0.04778646072372794,22049,341,75,266
344,20260726,admissoes,ppml,-0.04385849740356207,22049,341,75,266
344,20260726,asinh_saldo,ols,-0.1790481821067788,22049,341,75,266
344,20260726,desligamentos,ppml,-0.013167263939976692,22049,341,75,266
344,20260726,ln_salario_real_adm,ols,0.001395408667886646,22012,341,75,266
344,20260726,n_movimentacoes,ppml,-0.028847895562648773,22049,341,75,266
345,20260726,admissoes,ppml,-0.008746686391532421,22049,341,75,266
345,20260726,asinh_saldo,ols,0.08156984887557019,22049,341,75,266
345,20260726,desligamentos,ppml,-0.02437206357717514,22049,341,75,266
345,20260726,ln_salario_real_adm,ols,-0.006370875672419092,22012,341,75,266
345,20260726,n_movimentacoes,ppml,-0.01581046497449279,22049,341,75,266
346,20260726,admissoes,ppml,-0.041409553959965706,22049,341,75,266
346,20260726,asinh_saldo,ols,-0.13295156317551712,22049,341,75,266
346,20260726,desligamentos,ppml,-0.03042286355048418,22049,341,75,266
346,20260726,ln_salario_real_adm,ols,0.01757563053690435,22012,341,75,266
346,20260726,n_movimentacoes,ppml,-0.035548643209040165,22049,341,75,266
347,20260726,admissoes,ppml,-0.06809207191690803,22049,341,75,266
347,20260726,asinh_saldo,ols,-0.4139512849834531,22049,341,75,266
347,20260726,desligamentos,ppml,-0.007764298468828201,22049,341,75,266
347,20260726,ln_salario_real_adm,ols,-0.005726713024700243,22012,341,75,266
347,20260726,n_movimentacoes,ppml,-0.038566991686820984,22049,341,75,266
348,20260726,admissoes,ppml,0.03815349470824003,22049,341,75,266
348,20260726,asinh_saldo,ols,0.18762048400392983,22049,341,75,266
348,20260726,desligamentos,ppml,0.03861583396792412,22049,341,75,266
348,20260726,ln_salario_real_adm,ols,-0.005228090834808763,22012,341,75,266
348,20260726,n_movimentacoes,ppml,0.03778136894106865,22049,341,75,266
349,20260726,admissoes,ppml,-0.06493392726406455,22049,341,75,266
349,20260726,asinh_saldo,ols,0.4136314664642412,22049,341,75,266
349,20260726,desligamentos,ppml,-0.05904918443411589,22049,341,75,266
349,20260726,ln_salario_real_adm,ols,-0.003981740437334497,22012,341,75,266
349,20260726,n_movimentacoes,ppml,-0.06163845397531986,22049,341,75,266
350,20260726,admissoes,ppml,0.030731852166354656,22049,341,75,266
350,20260726,asinh_saldo,ols,-0.01784706245865578,22049,341,75,266
350,20260726,desligamentos,ppml,0.043384451419115067,22049,341,75,266
350,20260726,ln_salario_real_adm,ols,-0.013410945692629095,22012,341,75,266
350,20260726,n_movimentacoes,ppml,0.0376064321026206,22049,341,75,266
351,20260726,admissoes,ppml,0.08891912503167987,22049,341,75,266
351,20260726,asinh_saldo,ols,0.3614057197107452,22049,341,75,266
351,20260726,desligamentos,ppml,0.07225163606926799,22049,341,75,266
351,20260726,ln_salario_real_adm,ols,-0.008752920161733523,22012,341,75,266
351,20260726,n_movimentacoes,ppml,0.08069906197488308,22049,341,75,266
352,20260726,admissoes,ppml,-0.06342195346951485,22049,341,75,266
352,20260726,asinh_saldo,ols,0.36175105344723396,22049,341,75,266
352,20260726,desligamentos,ppml,-0.08353740349411964,22049,341,75,266
352,20260726,ln_salario_real_adm,ols,0.014903452338908834,22012,341,75,266
352,20260726,n_movimentacoes,ppml,-0.07301518460735679,22049,341,75,266
353,20260726,admissoes,ppml,-0.03688355442136526,22049,341,75,266
353,20260726,asinh_saldo,ols,-0.608004987616715,22049,341,75,266
353,20260726,desligamentos,ppml,-0.031794714741408825,22049,341,75,266
353,20260726,ln_salario_real_adm,ols,-0.01713845600015946,22012,341,75,266
353,20260726,n_movimentacoes,ppml,-0.03450993308797479,22049,341,75,266
354,20260726,admissoes,ppml,0.011967324186116457,22049,341,75,266
354,20260726,asinh_saldo,ols,-0.06004370486507246,22049,341,75,266
354,20260726,desligamentos,ppml,0.009160254616290331,22049,341,75,266
354,20260726,ln_salario_real_adm,ols,-0.020660626335959248,22012,341,75,266
354,20260726,n_movimentacoes,ppml,0.010203693993389606,22049,341,75,266
355,20260726,admissoes,ppml,-0.02948162890970707,22049,341,75,266
355,20260726,asinh_saldo,ols,-0.15771636714859757,22049,341,75,266
355,20260726,desligamentos,ppml,0.011973125860095024,22049,341,75,266
355,20260726,ln_salario_real_adm,ols,0.02134554815690526,22012,341,75,266
355,20260726,n_movimentacoes,ppml,-0.009151037782430649,22049,341,75,266
356,20260726,admissoes,ppml,0.0474839610978961,22049,341,75,266
356,20260726,asinh_saldo,ols,-0.6011941627617978,22049,341,75,266
356,20260726,desligamentos,ppml,0.023155934177339077,22049,341,75,266
356,20260726,ln_salario_real_adm,ols,-0.001008274874275386,22012,341,75,266
356,20260726,n_movimentacoes,ppml,0.034705961123108864,22049,341,75,266
357,20260726,admissoes,ppml,-0.053858055267482996,22049,341,75,266
357,20260726,asinh_saldo,ols,-0.887942707823285,22049,341,75,266
357,20260726,desligamentos,ppml,-0.017221344634890556,22049,341,75,266
357,20260726,ln_salario_real_adm,ols,0.004236364890318151,22012,341,75,266
357,20260726,n_movimentacoes,ppml,-0.036331226117908955,22049,341,75,266
358,20260726,admissoes,ppml,-0.06666112598031759,22049,341,75,266
358,20260726,asinh_saldo,ols,0.21641952245970134,22049,341,75,266
358,20260726,desligamentos,ppml,-0.05006352346390486,22049,341,75,266
358,20260726,ln_salario_real_adm,ols,-0.021548743701512788,22012,341,75,266
358,20260726,n_movimentacoes,ppml,-0.05906102666631341,22049,341,75,266
359,20260726,admissoes,ppml,-0.03924602922052145,22049,341,75,266
359,20260726,asinh_saldo,ols,-0.20231363318824716,22049,341,75,266
359,20260726,desligamentos,ppml,-0.009256284683942795,22049,341,75,266
359,20260726,ln_salario_real_adm,ols,0.014591765527458042,22012,341,75,266
359,20260726,n_movimentacoes,ppml,-0.024851634167134762,22049,341,75,266
360,20260726,admissoes,ppml,-0.04506315616890788,22049,341,75,266
360,20260726,asinh_saldo,ols,-0.3703718105692473,22049,341,75,266
360,20260726,desligamentos,ppml,0.028073133435100317,22049,341,75,266
360,20260726,ln_salario_real_adm,ols,0.01408988937676165,22012,341,75,266
360,20260726,n_movimentacoes,ppml,-0.008727466687560081,22049,341,75,266
361,20260726,admissoes,ppml,-0.042437685653567314,22049,341,75,266
361,20260726,asinh_saldo,ols,-0.3399056956624429,22049,341,75,266
361,20260726,desligamentos,ppml,-0.014792933128774166,22049,341,75,266
361,20260726,ln_salario_real_adm,ols,-0.0026110698726537094,22012,341,75,266
361,20260726,n_movimentacoes,ppml,-0.0286754141561687,22049,341,75,266
362,20260726,admissoes,ppml,0.08323312737047672,22049,341,75,266
362,20260726,asinh_saldo,ols,0.41447878016340395,22049,341,75,266
362,20260726,desligamentos,ppml,0.07531874906271696,22049,341,75,266
362,20260726,ln_salario_real_adm,ols,0.019829724070871236,22012,341,75,266
362,20260726,n_movimentacoes,ppml,0.07952514896169305,22049,341,75,266
363,20260726,admissoes,ppml,0.021888819988816977,22049,341,75,266
363,20260726,asinh_saldo,ols,0.031263531440546645,22049,341,75,266
363,20260726,desligamentos,ppml,0.0069662032183259726,22049,341,75,266
363,20260726,ln_salario_real_adm,ols,-0.01700620012968513,22012,341,75,266
363,20260726,n_movimentacoes,ppml,0.014198778197169304,22049,341,75,266
364,20260726,admissoes,ppml,0.08109952230006456,22049,341,75,266
364,20260726,asinh_saldo,ols,-0.5385071376620463,22049,341,75,266
364,20260726,desligamentos,ppml,0.08220900595188141,22049,341,75,266
364,20260726,ln_salario_real_adm,ols,0.006149507389206587,22012,341,75,266
364,20260726,n_movimentacoes,ppml,0.08130573108792305,22049,341,75,266
365,20260726,admissoes,ppml,0.007407953031361103,22049,341,75,266
365,20260726,asinh_saldo,ols,-0.371239113774692,22049,341,75,266
365,20260726,desligamentos,ppml,0.04215845884755254,22049,341,75,266
365,20260726,ln_salario_real_adm,ols,0.009997674487363887,22012,341,75,266
365,20260726,n_movimentacoes,ppml,0.0238779429346323,22049,341,75,266
366,20260726,admissoes,ppml,-0.07039338210597634,22049,341,75,266
366,20260726,asinh_saldo,ols,-0.29168492932101575,22049,341,75,266
366,20260726,desligamentos,ppml,-0.03413580544292927,22049,341,75,266
366,20260726,ln_salario_real_adm,ols,-0.018164165190796135,22012,341,75,266
366,20260726,n_movimentacoes,ppml,-0.05265898257493973,22049,341,75,266
367,20260726,admissoes,ppml,-0.07165111089125276,22049,341,75,266
367,20260726,asinh_saldo,ols,-0.29183879961549625,22049,341,75,266
367,20260726,desligamentos,ppml,-0.036233607679605484,22049,341,75,266
367,20260726,ln_salario_real_adm,ols,-0.011697575304739938,22012,341,75,266
367,20260726,n_movimentacoes,ppml,-0.05375252850353718,22049,341,75,266
368,20260726,admissoes,ppml,0.06355407717637718,22049,341,75,266
368,20260726,asinh_saldo,ols,0.21640727965828935,22049,341,75,266
368,20260726,desligamentos,ppml,0.042750694788992405,22049,341,75,266
368,20260726,ln_salario_real_adm,ols,0.002423828825551152,22012,341,75,266
368,20260726,n_movimentacoes,ppml,0.05353131890296936,22049,341,75,266
369,20260726,admissoes,ppml,-0.010117135010659695,22049,341,75,266
369,20260726,asinh_saldo,ols,-0.3369270471009659,22049,341,75,266
369,20260726,desligamentos,ppml,-0.025403286796063185,22049,341,75,266
369,20260726,ln_salario_real_adm,ols,0.007755296647405342,22012,341,75,266
369,20260726,n_movimentacoes,ppml,-0.017175099346786737,22049,341,75,266
370,20260726,admissoes,ppml,0.007044551428407431,22049,341,75,266
370,20260726,asinh_saldo,ols,-0.1867400574132526,22049,341,75,266
370,20260726,desligamentos,ppml,0.041145166382193565,22049,341,75,266
370,20260726,ln_salario_real_adm,ols,-0.011856662716558173,22012,341,75,266
370,20260726,n_movimentacoes,ppml,0.024219240993261337,22049,341,75,266
371,20260726,admissoes,ppml,-0.0023484560661017895,22049,341,75,266
371,20260726,asinh_saldo,ols,-0.7184353243492088,22049,341,75,266
371,20260726,desligamentos,ppml,0.0006121210753917694,22049,341,75,266
371,20260726,ln_salario_real_adm,ols,0.0019960110910748337,22012,341,75,266
371,20260726,n_movimentacoes,ppml,-3.441842272877693e-05,22049,341,75,266
372,20260726,admissoes,ppml,0.008676910772919655,22049,341,75,266
372,20260726,asinh_saldo,ols,0.11169437386527331,22049,341,75,266
372,20260726,desligamentos,ppml,0.020206309854984283,22049,341,75,266
372,20260726,ln_salario_real_adm,ols,0.010384428596439454,22012,341,75,266
372,20260726,n_movimentacoes,ppml,0.01432865485548973,22049,341,75,266
373,20260726,admissoes,ppml,0.02166538778692484,22049,341,75,266
373,20260726,asinh_saldo,ols,-0.11488881328493095,22049,341,75,266
373,20260726,desligamentos,ppml,0.009963703341782093,22049,341,75,266
373,20260726,ln_salario_real_adm,ols,0.011641429600723063,22012,341,75,266
373,20260726,n_movimentacoes,ppml,0.016665317118167877,22049,341,75,266
374,20260726,admissoes,ppml,0.03495938656851649,22049,341,75,266
374,20260726,asinh_saldo,ols,0.09950474508360442,22049,341,75,266
374,20260726,desligamentos,ppml,-0.017002745531499386,22049,341,75,266
374,20260726,ln_salario_real_adm,ols,0.0015517702510660742,22012,341,75,266
374,20260726,n_movimentacoes,ppml,0.01001889118924737,22049,341,75,266
375,20260726,admissoes,ppml,-0.0243713753297925,22049,341,75,266
375,20260726,asinh_saldo,ols,0.14845599225798284,22049,341,75,266
375,20260726,desligamentos,ppml,-0.02993912063539028,22049,341,75,266
375,20260726,ln_salario_real_adm,ols,0.00011545735508361091,22012,341,75,266
375,20260726,n_movimentacoes,ppml,-0.026481951121240854,22049,341,75,266
376,20260726,admissoes,ppml,0.08773586805909872,22049,341,75,266
376,20260726,asinh_saldo,ols,0.286837828896835,22049,341,75,266
376,20260726,desligamentos,ppml,0.08270543348044157,22049,341,75,266
376,20260726,ln_salario_real_adm,ols,-0.00379637031267384,22012,341,75,266
376,20260726,n_movimentacoes,ppml,0.08523876732215285,22049,341,75,266
377,20260726,admissoes,ppml,-0.019949316512793303,22049,341,75,266
377,20260726,asinh_saldo,ols,0.2166971104853164,22049,341,75,266
377,20260726,desligamentos,ppml,-0.006611987017095089,22049,341,75,266
377,20260726,ln_salario_real_adm,ols,-0.019975298500069138,22012,341,75,266
377,20260726,n_movimentacoes,ppml,-0.013873844873160124,22049,341,75,266
378,20260726,admissoes,ppml,0.022271147929131985,22049,341,75,266
378,20260726,asinh_saldo,ols,0.43488937575157866,22049,341,75,266
378,20260726,desligamentos,ppml,0.0011248430237174034,22049,341,75,266
378,20260726,ln_salario_real_adm,ols,-0.00626869004697764,22012,341,75,266
378,20260726,n_movimentacoes,ppml,0.012323502451181412,22049,341,75,266
379,20260726,admissoes,ppml,0.03345601446926594,22049,341,75,266
379,20260726,asinh_saldo,ols,-0.28176616393351744,22049,341,75,266
379,20260726,desligamentos,ppml,0.04061861848458648,22049,341,75,266
379,20260726,ln_salario_real_adm,ols,-0.0007520438506315352,22012,341,75,266
379,20260726,n_movimentacoes,ppml,0.03622383298352361,22049,341,75,266
380,20260726,admissoes,ppml,-0.06868394277989864,22049,341,75,266
380,20260726,asinh_saldo,ols,-0.5683222234333052,22049,341,75,266
380,20260726,desligamentos,ppml,-0.05024209292605519,22049,341,75,266
380,20260726,ln_salario_real_adm,ols,-0.0010150461356901353,22012,341,75,266
380,20260726,n_movimentacoes,ppml,-0.059981715865433216,22049,341,75,266
381,20260726,admissoes,ppml,0.024489554576575756,22049,341,75,266
381,20260726,asinh_saldo,ols,-0.4155807131197022,22049,341,75,266
381,20260726,desligamentos,ppml,0.01091883284971118,22049,341,75,266
381,20260726,ln_salario_real_adm,ols,0.0017038797469094728,22012,341,75,266
381,20260726,n_movimentacoes,ppml,0.018068690784275532,22049,341,75,266
382,20260726,admissoes,ppml,0.021586477756500244,22049,341,75,266
382,20260726,asinh_saldo,ols,0.0851522049508327,22049,341,75,266
382,20260726,desligamentos,ppml,0.009052577428519726,22049,341,75,266
382,20260726,ln_salario_real_adm,ols,-0.00044931505811191447,22012,341,75,266
382,20260726,n_movimentacoes,ppml,0.01500034425407648,22049,341,75,266
383,20260726,admissoes,ppml,0.009968503378331661,22049,341,75,266
383,20260726,asinh_saldo,ols,0.41305271062218385,22049,341,75,266
383,20260726,desligamentos,ppml,0.012289484962821007,22049,341,75,266
383,20260726,ln_salario_real_adm,ols,0.00863413181954029,22012,341,75,266
383,20260726,n_movimentacoes,ppml,0.01149593386799097,22049,341,75,266
384,20260726,admissoes,ppml,-0.09473536955192685,22049,341,75,266
384,20260726,asinh_saldo,ols,-0.2978635293139543,22049,341,75,266
384,20260726,desligamentos,ppml,-0.04762738384306431,22049,341,75,266
384,20260726,ln_salario_real_adm,ols,-0.002146642543216828,22012,341,75,266
384,20260726,n_movimentacoes,ppml,-0.07266873167827725,22049,341,75,266
385,20260726,admissoes,ppml,0.02351884078234434,22049,341,75,266
385,20260726,asinh_saldo,ols,0.5492496327267145,22049,341,75,266
385,20260726,desligamentos,ppml,-0.009705206379294395,22049,341,75,266
385,20260726,ln_salario_real_adm,ols,0.0040539707026287265,22012,341,75,266
385,20260726,n_movimentacoes,ppml,0.0075350855477154255,22049,341,75,266
386,20260726,admissoes,ppml,-0.03648619633167982,22049,341,75,266
386,20260726,asinh_saldo,ols,-0.10749300658287292,22049,341,75,266
386,20260726,desligamentos,ppml,-0.021832175552845,22049,341,75,266
386,20260726,ln_salario_real_adm,ols,-0.006004091230023262,22012,341,75,266
386,20260726,n_movimentacoes,ppml,-0.02958820015192032,22049,341,75,266
387,20260726,admissoes,ppml,-0.026324594393372536,22049,341,75,266
387,20260726,asinh_saldo,ols,-0.343618236076974,22049,341,75,266
387,20260726,desligamentos,ppml,-0.01976304268464446,22049,341,75,266
387,20260726,ln_salario_real_adm,ols,0.0008819415789404528,22012,341,75,266
387,20260726,n_movimentacoes,ppml,-0.023568628821521997,22049,341,75,266
388,20260726,admissoes,ppml,-0.047537005972117186,22049,341,75,266
388,20260726,asinh_saldo,ols,0.041689686929706024,22049,341,75,266
388,20260726,desligamentos,ppml,-0.047378385439515114,22049,341,75,266
388,20260726,ln_salario_real_adm,ols,-0.015414022068998872,22012,341,75,266
388,20260726,n_movimentacoes,ppml,-0.04753195866942406,22049,341,75,266
389,20260726,admissoes,ppml,-0.04444346996024251,22049,341,75,266
389,20260726,asinh_saldo,ols,0.01996137499211693,22049,341,75,266
389,20260726,desligamentos,ppml,0.0012220144271850586,22049,341,75,266
389,20260726,ln_salario_real_adm,ols,-0.012869272408830698,22012,341,75,266
389,20260726,n_movimentacoes,ppml,-0.022355313412845135,22049,341,75,266
390,20260726,admissoes,ppml,0.054767397698014975,22049,341,75,266
390,20260726,asinh_saldo,ols,0.4667765057916318,22049,341,75,266
390,20260726,desligamentos,ppml,0.049213658552616835,22049,341,75,266
390,20260726,ln_salario_real_adm,ols,0.017303652080873765,22012,341,75,266
390,20260726,n_movimentacoes,ppml,0.051749096252024174,22049,341,75,266
391,20260726,admissoes,ppml,-0.03807618888095021,22049,341,75,266
391,20260726,asinh_saldo,ols,-0.0512899988085308,22049,341,75,266
391,20260726,desligamentos,ppml,-0.021854219026863575,22049,341,75,266
391,20260726,ln_salario_real_adm,ols,-0.01079646918862048,22012,341,75,266
391,20260726,n_movimentacoes,ppml,-0.03014235943555832,22049,341,75,266
392,20260726,admissoes,ppml,-0.014126152265816927,22049,341,75,266
392,20260726,asinh_saldo,ols,0.33773630444775493,22049,341,75,266
392,20260726,desligamentos,ppml,-0.013764455448836088,22049,341,75,266
392,20260726,ln_salario_real_adm,ols,-0.009505169428935357,22012,341,75,266
392,20260726,n_movimentacoes,ppml,-0.01437253737822175,22049,341,75,266
393,20260726,admissoes,ppml,-0.026946865022182465,22049,341,75,266
393,20260726,asinh_saldo,ols,-0.3005048043570123,22049,341,75,266
393,20260726,desligamentos,ppml,-0.005038692615926266,22049,341,75,266
393,20260726,ln_salario_real_adm,ols,-0.014151622528200347,22012,341,75,266
393,20260726,n_movimentacoes,ppml,-0.016435501165688038,22049,341,75,266
394,20260726,admissoes,ppml,-0.13019004371017218,22049,341,75,266
394,20260726,asinh_saldo,ols,0.04165541059335151,22049,341,75,266
394,20260726,desligamentos,ppml,-0.09219518769532442,22049,341,75,266
394,20260726,ln_salario_real_adm,ols,-0.010616420365947858,22012,341,75,266
394,20260726,n_movimentacoes,ppml,-0.11098250467330217,22049,341,75,266
395,20260726,admissoes,ppml,-0.004346889443695545,22049,341,75,266
395,20260726,asinh_saldo,ols,-0.1596477969326342,22049,341,75,266
395,20260726,desligamentos,ppml,-0.02242435747757554,22049,341,75,266
395,20260726,ln_salario_real_adm,ols,-0.0006058473917379951,22012,341,75,266
395,20260726,n_movimentacoes,ppml,-0.013405309990048409,22049,341,75,266
396,20260726,admissoes,ppml,-0.02390179131180048,22049,341,75,266
396,20260726,asinh_saldo,ols,0.12483732759660317,22049,341,75,266
396,20260726,desligamentos,ppml,-0.017680424265563488,22049,341,75,266
396,20260726,ln_salario_real_adm,ols,-0.002019267410762383,22012,341,75,266
396,20260726,n_movimentacoes,ppml,-0.020761296153068542,22049,341,75,266
397,20260726,admissoes,ppml,-0.03625151328742504,22049,341,75,266
397,20260726,asinh_saldo,ols,-0.03422384884013495,22049,341,75,266
397,20260726,desligamentos,ppml,-0.032283282838761806,22049,341,75,266
397,20260726,ln_salario_real_adm,ols,0.023155414150594005,22012,341,75,266
397,20260726,n_movimentacoes,ppml,-0.03431728528812528,22049,341,75,266
398,20260726,admissoes,ppml,-0.04968404117971659,22049,341,75,266
398,20260726,asinh_saldo,ols,0.03549521734738591,22049,341,75,266
398,20260726,desligamentos,ppml,-0.03513139206916094,22049,341,75,266
398,20260726,ln_salario_real_adm,ols,0.02187904265264379,22012,341,75,266
398,20260726,n_movimentacoes,ppml,-0.0422351798042655,22049,341,75,266
399,20260726,admissoes,ppml,-0.027990538626909256,22049,341,75,266
399,20260726,asinh_saldo,ols,0.1978933422833689,22049,341,75,266
399,20260726,desligamentos,ppml,-0.0247623180039227,22049,341,75,266
399,20260726,ln_salario_real_adm,ols,0.010109126315599492,22012,341,75,266
399,20260726,n_movimentacoes,ppml,-0.026551819406449795,22049,341,75,266
400,20260726,admissoes,ppml,0.10052434634417295,22049,341,75,266
400,20260726,asinh_saldo,ols,0.2773291539427638,22049,341,75,266
400,20260726,desligamentos,ppml,0.06191665260121226,22049,341,75,266
400,20260726,ln_salario_real_adm,ols,0.022353237003687212,22012,341,75,266
400,20260726,n_movimentacoes,ppml,0.08190971054136753,22049,341,75,266
401,20260726,admissoes,ppml,-0.02300973329693079,22049,341,75,266
401,20260726,asinh_saldo,ols,-0.18159739233173075,22049,341,75,266
401,20260726,desligamentos,ppml,-0.0015374929644167423,22049,341,75,266
401,20260726,ln_salario_real_adm,ols,-0.008674508850736,22012,341,75,266
401,20260726,n_movimentacoes,ppml,-0.012973788660019636,22049,341,75,266
402,20260726,admissoes,ppml,-0.022265393752604723,22049,341,75,266
402,20260726,asinh_saldo,ols,-0.3327055290525002,22049,341,75,266
402,20260726,desligamentos,ppml,0.007441530469805002,22049,341,75,266
402,20260726,ln_salario_real_adm,ols,-0.014590856269647736,22012,341,75,266
402,20260726,n_movimentacoes,ppml,-0.008142724633216858,22049,341,75,266
403,20260726,admissoes,ppml,-0.007080860435962677,22049,341,75,266
403,20260726,asinh_saldo,ols,-0.13310618847975694,22049,341,75,266
403,20260726,desligamentos,ppml,-0.0011836807243525982,22049,341,75,266
403,20260726,ln_salario_real_adm,ols,-0.015415981387370931,22012,341,75,266
403,20260726,n_movimentacoes,ppml,-0.004947345238178968,22049,341,75,266
404,20260726,admissoes,ppml,0.010870243888348341,22049,341,75,266
404,20260726,asinh_saldo,ols,-0.07552080293570371,22049,341,75,266
404,20260726,desligamentos,ppml,0.023739857599139214,22049,341,75,266
404,20260726,ln_salario_real_adm,ols,0.022126958493916264,22012,341,75,266
404,20260726,n_movimentacoes,ppml,0.017598259262740612,22049,341,75,266
405,20260726,admissoes,ppml,0.038148474879562855,22049,341,75,266
405,20260726,asinh_saldo,ols,0.16864590530514978,22049,341,75,266
405,20260726,desligamentos,ppml,0.026505548506975174,22049,341,75,266
405,20260726,ln_salario_real_adm,ols,-0.015537757028153033,22012,341,75,266
405,20260726,n_movimentacoes,ppml,0.03266801405698061,22049,341,75,266
406,20260726,admissoes,ppml,-0.07183344475924969,22049,341,75,266
406,20260726,asinh_saldo,ols,0.05037660690017542,22049,341,75,266
406,20260726,desligamentos,ppml,-0.009255181066691875,22049,341,75,266
406,20260726,ln_salario_real_adm,ols,-0.017070049351000243,22012,341,75,266
406,20260726,n_movimentacoes,ppml,-0.04159914329648018,22049,341,75,266
407,20260726,admissoes,ppml,-0.017268904019147158,22049,341,75,266
407,20260726,asinh_saldo,ols,-0.7233403519900968,22049,341,75,266
407,20260726,desligamentos,ppml,0.012904420495033264,22049,341,75,266
407,20260726,ln_salario_real_adm,ols,0.0023507306439960137,22012,341,75,266
407,20260726,n_movimentacoes,ppml,-0.002532960381358862,22049,341,75,266
408,20260726,admissoes,ppml,-0.021947540808469057,22049,341,75,266
408,20260726,asinh_saldo,ols,0.4272925374158044,22049,341,75,266
408,20260726,desligamentos,ppml,-0.033564985264092684,22049,341,75,266
408,20260726,ln_salario_real_adm,ols,-0.001234229281676104,22012,341,75,266
408,20260726,n_movimentacoes,ppml,-0.02809292869642377,22049,341,75,266
409,20260726,admissoes,ppml,-0.12248633801937103,22049,341,75,266
409,20260726,asinh_saldo,ols,-0.44973578174273304,22049,341,75,266
409,20260726,desligamentos,ppml,-0.05459396913647652,22049,341,75,266
409,20260726,ln_salario_real_adm,ols,0.024891217107013287,22012,341,75,266
409,20260726,n_movimentacoes,ppml,-0.08916226029396057,22049,341,75,266
410,20260726,admissoes,ppml,-0.0612864475697279,22049,341,75,266
410,20260726,asinh_saldo,ols,0.09433767686329002,22049,341,75,266
410,20260726,desligamentos,ppml,-0.05491279624402523,22049,341,75,266
410,20260726,ln_salario_real_adm,ols,-0.021493936603437937,22012,341,75,266
410,20260726,n_movimentacoes,ppml,-0.05775028793141246,22049,341,75,266
411,20260726,admissoes,ppml,-0.0007333913818001747,22049,341,75,266
411,20260726,asinh_saldo,ols,0.4729768584479486,22049,341,75,266
411,20260726,desligamentos,ppml,0.019404669292271137,22049,341,75,266
411,20260726,ln_salario_real_adm,ols,0.015167357078418936,22012,341,75,266
411,20260726,n_movimentacoes,ppml,0.009404155425727367,22049,341,75,266
412,20260726,admissoes,ppml,0.013321347068995237,22049,341,75,266
412,20260726,asinh_saldo,ols,-0.02797176138005476,22049,341,75,266
412,20260726,desligamentos,ppml,0.014392138924449682,22049,341,75,266
412,20260726,ln_salario_real_adm,ols,-0.019268548622574638,22012,341,75,266
412,20260726,n_movimentacoes,ppml,0.013761168345808983,22049,341,75,266
413,20260726,admissoes,ppml,-0.011700730305165052,22049,341,75,266
413,20260726,asinh_saldo,ols,-0.09972968549415165,22049,341,75,266
413,20260726,desligamentos,ppml,-0.0035480810329318047,22049,341,75,266
413,20260726,ln_salario_real_adm,ols,0.00281716173716979,22012,341,75,266
413,20260726,n_movimentacoes,ppml,-0.008107584435492754,22049,341,75,266
414,20260726,admissoes,ppml,-0.035570609383285046,22049,341,75,266
414,20260726,asinh_saldo,ols,0.07999080426076768,22049,341,75,266
414,20260726,desligamentos,ppml,-0.006456315517425537,22049,341,75,266
414,20260726,ln_salario_real_adm,ols,-0.004540579505458612,22012,341,75,266
414,20260726,n_movimentacoes,ppml,-0.021474067587405443,22049,341,75,266
415,20260726,admissoes,ppml,-0.060936097986996174,22049,341,75,266
415,20260726,asinh_saldo,ols,-0.3866672621903586,22049,341,75,266
415,20260726,desligamentos,ppml,-0.02179154846817255,22049,341,75,266
415,20260726,ln_salario_real_adm,ols,-0.02719193195749945,22012,341,75,266
415,20260726,n_movimentacoes,ppml,-0.0409901007078588,22049,341,75,266
416,20260726,admissoes,ppml,0.05425139726139605,22049,341,75,266
416,20260726,asinh_saldo,ols,-0.21548237990116617,22049,341,75,266
416,20260726,desligamentos,ppml,0.04621559428051114,22049,341,75,266
416,20260726,ln_salario_real_adm,ols,0.00046635177125533113,22012,341,75,266
416,20260726,n_movimentacoes,ppml,0.05027439398691058,22049,341,75,266
417,20260726,admissoes,ppml,-0.023157302755862474,22049,341,75,266
417,20260726,asinh_saldo,ols,-0.11029978333309513,22049,341,75,266
417,20260726,desligamentos,ppml,-0.00707118259742856,22049,341,75,266
417,20260726,ln_salario_real_adm,ols,0.005730803337760647,22012,341,75,266
417,20260726,n_movimentacoes,ppml,-0.01571946172043681,22049,341,75,266
418,20260726,admissoes,ppml,-0.07328538782894611,22049,341,75,266
418,20260726,asinh_saldo,ols,0.11530324103775799,22049,341,75,266
418,20260726,desligamentos,ppml,-0.054460184648633,22049,341,75,266
418,20260726,ln_salario_real_adm,ols,-0.005872663268213567,22012,341,75,266
418,20260726,n_movimentacoes,ppml,-0.06409933371469378,22049,341,75,266
419,20260726,admissoes,ppml,-0.03633275767788291,22049,341,75,266
419,20260726,asinh_saldo,ols,0.046354334581787705,22049,341,75,266
419,20260726,desligamentos,ppml,-0.019599088933318853,22049,341,75,266
419,20260726,ln_salario_real_adm,ols,-0.012040612119682203,22012,341,75,266
419,20260726,n_movimentacoes,ppml,-0.02863911259919405,22049,341,75,266
420,20260726,admissoes,ppml,-0.01975721027702093,22049,341,75,266
420,20260726,asinh_saldo,ols,-0.4074683055575289,22049,341,75,266
420,20260726,desligamentos,ppml,0.010700000915676355,22049,341,75,266
420,20260726,ln_salario_real_adm,ols,0.017006332857713552,22012,341,75,266
420,20260726,n_movimentacoes,ppml,-0.004365009255707264,22049,341,75,266
421,20260726,admissoes,ppml,0.052336485125124454,22049,341,75,266
421,20260726,asinh_saldo,ols,0.023024435116458516,22049,341,75,266
421,20260726,desligamentos,ppml,0.03258898667991161,22049,341,75,266
421,20260726,ln_salario_real_adm,ols,-0.013929231033090093,22012,341,75,266
421,20260726,n_movimentacoes,ppml,0.043075294233858585,22049,341,75,266
422,20260726,admissoes,ppml,-0.012697596102952957,22049,341,75,266
422,20260726,asinh_saldo,ols,-0.09123875348124551,22049,341,75,266
422,20260726,desligamentos,ppml,-0.018613881897181273,22049,341,75,266
422,20260726,ln_salario_real_adm,ols,0.002157987078649553,22012,341,75,266
422,20260726,n_movimentacoes,ppml,-0.015478059649467468,22049,341,75,266
423,20260726,admissoes,ppml,-0.007016221061348915,22049,341,75,266
423,20260726,asinh_saldo,ols,-0.08722230569713839,22049,341,75,266
423,20260726,desligamentos,ppml,-0.017636142671108246,22049,341,75,266
423,20260726,ln_salario_real_adm,ols,0.00410058365627117,22012,341,75,266
423,20260726,n_movimentacoes,ppml,-0.012176241725683212,22049,341,75,266
424,20260726,admissoes,ppml,0.019706917461007833,22049,341,75,266
424,20260726,asinh_saldo,ols,-0.07492806853554572,22049,341,75,266
424,20260726,desligamentos,ppml,0.01587582379579544,22049,341,75,266
424,20260726,ln_salario_real_adm,ols,-0.01870099036298655,22012,341,75,266
424,20260726,n_movimentacoes,ppml,0.017895094584673643,22049,341,75,266
425,20260726,admissoes,ppml,0.07049507927149534,22049,341,75,266
425,20260726,asinh_saldo,ols,0.13643382719211916,22049,341,75,266
425,20260726,desligamentos,ppml,0.04999377345666289,22049,341,75,266
425,20260726,ln_salario_real_adm,ols,0.01641376531590052,22012,341,75,266
425,20260726,n_movimentacoes,ppml,0.060556404292583466,22049,341,75,266
426,20260726,admissoes,ppml,0.0004580048844218254,22049,341,75,266
426,20260726,asinh_saldo,ols,0.1945330409116189,22049,341,75,266
426,20260726,desligamentos,ppml,0.02143430057913065,22049,341,75,266
426,20260726,ln_salario_real_adm,ols,-0.002461142341732808,22012,341,75,266
426,20260726,n_movimentacoes,ppml,0.011214524041861296,22049,341,75,266
427,20260726,admissoes,ppml,-0.05494251986965537,22049,341,75,266
427,20260726,asinh_saldo,ols,0.3149910689276992,22049,341,75,266
427,20260726,desligamentos,ppml,-0.050237652845680714,22049,341,75,266
427,20260726,ln_salario_real_adm,ols,-0.006192925499348463,22012,341,75,266
427,20260726,n_movimentacoes,ppml,-0.05310243275016546,22049,341,75,266
428,20260726,admissoes,ppml,-0.02011564513668418,22049,341,75,266
428,20260726,asinh_saldo,ols,-0.31517458481195293,22049,341,75,266
428,20260726,desligamentos,ppml,0.027855077758431435,22049,341,75,266
428,20260726,ln_salario_real_adm,ols,-0.011629644384661308,22012,341,75,266
428,20260726,n_movimentacoes,ppml,0.0035856664180755615,22049,341,75,266
429,20260726,admissoes,ppml,-0.016310528852045536,22049,341,75,266
429,20260726,asinh_saldo,ols,0.07885511081736625,22049,341,75,266
429,20260726,desligamentos,ppml,-0.017559519037604332,22049,341,75,266
429,20260726,ln_salario_real_adm,ols,-0.009443846335475395,22012,341,75,266
429,20260726,n_movimentacoes,ppml,-0.017115633934736252,22049,341,75,266
430,20260726,admissoes,ppml,8.421018719673157e-06,22049,341,75,266
430,20260726,asinh_saldo,ols,-0.1467757137658237,22049,341,75,266
430,20260726,desligamentos,ppml,0.0031832605600357056,22049,341,75,266
430,20260726,ln_salario_real_adm,ols,-0.004433871066951616,22012,341,75,266
430,20260726,n_movimentacoes,ppml,0.0011465102434158325,22049,341,75,266
431,20260726,admissoes,ppml,-0.031100498978048563,22049,341,75,266
431,20260726,asinh_saldo,ols,0.08026234661604632,22049,341,75,266
431,20260726,desligamentos,ppml,-0.020324904937297106,22049,341,75,266
431,20260726,ln_salario_real_adm,ols,-0.003577372977596027,22012,341,75,266
431,20260726,n_movimentacoes,ppml,-0.026083532720804214,22049,341,75,266
432,20260726,admissoes,ppml,-0.14301555417478085,22049,341,75,266
432,20260726,asinh_saldo,ols,-0.051046327618994955,22049,341,75,266
432,20260726,desligamentos,ppml,-0.10063057579100132,22049,341,75,266
432,20260726,ln_salario_real_adm,ols,-0.003052941760738773,22012,341,75,266
432,20260726,n_movimentacoes,ppml,-0.12190085556358099,22049,341,75,266
433,20260726,admissoes,ppml,0.020385207142680883,22049,341,75,266
433,20260726,asinh_saldo,ols,-0.6723815689105546,22049,341,75,266
433,20260726,desligamentos,ppml,0.043490064796060324,22049,341,75,266
433,20260726,ln_salario_real_adm,ols,0.005141985096881268,22012,341,75,266
433,20260726,n_movimentacoes,ppml,0.03160157660022378,22049,341,75,266
434,20260726,admissoes,ppml,-0.0018337559886276722,22049,341,75,266
434,20260726,asinh_saldo,ols,-0.044813558855323794,22049,341,75,266
434,20260726,desligamentos,ppml,-0.009507685899734497,22049,341,75,266
434,20260726,ln_salario_real_adm,ols,0.007080078523359691,22012,341,75,266
434,20260726,n_movimentacoes,ppml,-0.005280028097331524,22049,341,75,266
435,20260726,admissoes,ppml,0.03758703172206879,22049,341,75,266
435,20260726,asinh_saldo,ols,0.09654176710270372,22049,341,75,266
435,20260726,desligamentos,ppml,0.024940285831689835,22049,341,75,266
435,20260726,ln_salario_real_adm,ols,0.003849525030590788,22012,341,75,266
435,20260726,n_movimentacoes,ppml,0.031538225710392,22049,341,75,266
436,20260726,admissoes,ppml,0.013380242511630058,22049,341,75,266
436,20260726,asinh_saldo,ols,0.13791536849868574,22049,341,75,266
436,20260726,desligamentos,ppml,-0.002307976596057415,22049,341,75,266
436,20260726,ln_salario_real_adm,ols,0.01138495430028898,22012,341,75,266
436,20260726,n_movimentacoes,ppml,0.006130980793386698,22049,341,75,266
437,20260726,admissoes,ppml,-0.030946187442168593,22049,341,75,266
437,20260726,asinh_saldo,ols,-0.18874330388320326,22049,341,75,266
437,20260726,desligamentos,ppml,-0.05234256689436734,22049,341,75,266
437,20260726,ln_salario_real_adm,ols,0.0017029897183011959,22012,341,75,266
437,20260726,n_movimentacoes,ppml,-0.04136577621102333,22049,341,75,266
438,20260726,admissoes,ppml,-0.03344679530709982,22049,341,75,266
438,20260726,asinh_saldo,ols,0.17555591909401613,22049,341,75,266
438,20260726,desligamentos,ppml,-0.011440523900091648,22049,341,75,266
438,20260726,ln_salario_real_adm,ols,-0.004655526341700527,22012,341,75,266
438,20260726,n_movimentacoes,ppml,-0.022841098718345165,22049,341,75,266
439,20260726,admissoes,ppml,-0.04716020985506475,22049,341,75,266
439,20260726,asinh_saldo,ols,0.026267911938787893,22049,341,75,266
439,20260726,desligamentos,ppml,-0.05653530638664961,22049,341,75,266
439,20260726,ln_salario_real_adm,ols,0.0018517146367268882,22012,341,75,266
439,20260726,n_movimentacoes,ppml,-0.051287783309817314,22049,341,75,266
440,20260726,admissoes,ppml,-0.03685665829107165,22049,341,75,266
440,20260726,asinh_saldo,ols,-0.33790896882302485,22049,341,75,266
440,20260726,desligamentos,ppml,-0.01515009580180049,22049,341,75,266
440,20260726,ln_salario_real_adm,ols,-0.018175756096152053,22012,341,75,266
440,20260726,n_movimentacoes,ppml,-0.026548332069069147,22049,341,75,266
441,20260726,admissoes,ppml,0.041438777931034565,22049,341,75,266
441,20260726,asinh_saldo,ols,-0.37442788489715423,22049,341,75,266
441,20260726,desligamentos,ppml,0.03482686635106802,22049,341,75,266
441,20260726,ln_salario_real_adm,ols,0.011193053138479495,22012,341,75,266
441,20260726,n_movimentacoes,ppml,0.03774455073289573,22049,341,75,266
442,20260726,admissoes,ppml,0.0012910878285765648,22049,341,75,266
442,20260726,asinh_saldo,ols,-0.11661646274599383,22049,341,75,266
442,20260726,desligamentos,ppml,-0.008223419077694416,22049,341,75,266
442,20260726,ln_salario_real_adm,ols,-0.008322445976310674,22012,341,75,266
442,20260726,n_movimentacoes,ppml,-0.0037312759086489677,22049,341,75,266
443,20260726,admissoes,ppml,0.008346700109541416,22049,341,75,266
443,20260726,asinh_saldo,ols,-0.8665167076112241,22049,341,75,266
443,20260726,desligamentos,ppml,-0.0025206091813743114,22049,341,75,266
443,20260726,ln_salario_real_adm,ols,-0.008888204218265795,22012,341,75,266
443,20260726,n_movimentacoes,ppml,0.0027168653905391693,22049,341,75,266
444,20260726,admissoes,ppml,0.008966068271547556,22049,341,75,266
444,20260726,asinh_saldo,ols,0.1416212679883453,22049,341,75,266
444,20260726,desligamentos,ppml,0.021071065682917833,22049,341,75,266
444,20260726,ln_salario_real_adm,ols,-0.0037242322600233475,22012,341,75,266
444,20260726,n_movimentacoes,ppml,0.015126100275665522,22049,341,75,266
445,20260726,admissoes,ppml,-0.06840033456683159,22049,341,75,266
445,20260726,asinh_saldo,ols,0.14120451563196673,22049,341,75,266
445,20260726,desligamentos,ppml,-0.07092994078993797,22049,341,75,266
445,20260726,ln_salario_real_adm,ols,0.010335846920408037,22012,341,75,266
445,20260726,n_movimentacoes,ppml,-0.06939485762268305,22049,341,75,266
446,20260726,admissoes,ppml,-0.001492365263402462,22049,341,75,266
446,20260726,asinh_saldo,ols,0.29460001900389315,22049,341,75,266
446,20260726,desligamentos,ppml,-0.009390505496412516,22049,341,75,266
446,20260726,ln_salario_real_adm,ols,0.012159542516851961,22012,341,75,266
446,20260726,n_movimentacoes,ppml,-0.005573750473558903,22049,341,75,266
447,20260726,admissoes,ppml,-0.06630238983780146,22049,341,75,266
447,20260726,asinh_saldo,ols,-0.7415097646167645,22049,341,75,266
447,20260726,desligamentos,ppml,-0.04415213083848357,22049,341,75,266
447,20260726,ln_salario_real_adm,ols,0.0036093367795184223,22012,341,75,266
447,20260726,n_movimentacoes,ppml,-0.05611731298267841,22049,341,75,266
448,20260726,admissoes,ppml,-0.03656191937625408,22049,341,75,266
448,20260726,asinh_saldo,ols,-0.0547623547128653,22049,341,75,266
448,20260726,desligamentos,ppml,-0.029278941452503204,22049,341,75,266
448,20260726,ln_salario_real_adm,ols,-0.015774826912200748,22012,341,75,266
448,20260726,n_movimentacoes,ppml,-0.0323686096817255,22049,341,75,266
449,20260726,admissoes,ppml,-0.04333347640931606,22049,341,75,266
449,20260726,asinh_saldo,ols,0.23391846485316325,22049,341,75,266
449,20260726,desligamentos,ppml,-0.057592031080275774,22049,341,75,266
449,20260726,ln_salario_real_adm,ols,0.017371559184355123,22012,341,75,266
449,20260726,n_movimentacoes,ppml,-0.04981137253344059,22049,341,75,266
450,20260726,admissoes,ppml,0.035317000932991505,22049,341,75,266
450,20260726,asinh_saldo,ols,0.3336555661673647,22049,341,75,266
450,20260726,desligamentos,ppml,0.0034052240662276745,22049,341,75,266
450,20260726,ln_salario_real_adm,ols,-0.0006401532491917145,22012,341,75,266
450,20260726,n_movimentacoes,ppml,0.019577960018068552,22049,341,75,266
451,20260726,admissoes,ppml,-0.026820681057870388,22049,341,75,266
451,20260726,asinh_saldo,ols,-0.8843380265419535,22049,341,75,266
451,20260726,desligamentos,ppml,0.011321545578539371,22049,341,75,266
451,20260726,ln_salario_real_adm,ols,-0.012112853370482868,22012,341,75,266
451,20260726,n_movimentacoes,ppml,-0.008000249974429607,22049,341,75,266
452,20260726,admissoes,ppml,0.07457607053220272,22049,341,75,266
452,20260726,asinh_saldo,ols,0.28255010909880973,22049,341,75,266
452,20260726,desligamentos,ppml,0.017559006344527006,22049,341,75,266
452,20260726,ln_salario_real_adm,ols,0.01171005316760699,22012,341,75,266
452,20260726,n_movimentacoes,ppml,0.04712418559938669,22049,341,75,266
453,20260726,admissoes,ppml,0.03464673785492778,22049,341,75,266
453,20260726,asinh_saldo,ols,0.017522587851199582,22049,341,75,266
453,20260726,desligamentos,ppml,0.048651393968611956,22049,341,75,266
453,20260726,ln_salario_real_adm,ols,0.0075255321020578,22012,341,75,266
453,20260726,n_movimentacoes,ppml,0.04134105937555432,22049,341,75,266
454,20260726,admissoes,ppml,0.04665082786232233,22049,341,75,266
454,20260726,asinh_saldo,ols,-0.11289629340734572,22049,341,75,266
454,20260726,desligamentos,ppml,0.016801558900624514,22049,341,75,266
454,20260726,ln_salario_real_adm,ols,-0.01339048442024452,22012,341,75,266
454,20260726,n_movimentacoes,ppml,0.032352530397474766,22049,341,75,266
455,20260726,admissoes,ppml,0.026407257188111544,22049,341,75,266
455,20260726,asinh_saldo,ols,0.0654452458716239,22049,341,75,266
455,20260726,desligamentos,ppml,0.03710855497047305,22049,341,75,266
455,20260726,ln_salario_real_adm,ols,-0.007267049664781378,22012,341,75,266
455,20260726,n_movimentacoes,ppml,0.03193571511656046,22049,341,75,266
456,20260726,admissoes,ppml,0.010161020793020725,22049,341,75,266
456,20260726,asinh_saldo,ols,0.11281142249070428,22049,341,75,266
456,20260726,desligamentos,ppml,0.05139117920771241,22049,341,75,266
456,20260726,ln_salario_real_adm,ols,0.0083487893883078,22012,341,75,266
456,20260726,n_movimentacoes,ppml,0.030449402518570423,22049,341,75,266
457,20260726,admissoes,ppml,0.04652660200372338,22049,341,75,266
457,20260726,asinh_saldo,ols,0.03120182153177535,22049,341,75,266
457,20260726,desligamentos,ppml,0.022942414041608572,22049,341,75,266
457,20260726,ln_salario_real_adm,ols,0.005920554566894891,22012,341,75,266
457,20260726,n_movimentacoes,ppml,0.035601158160716295,22049,341,75,266
458,20260726,admissoes,ppml,-0.006782724987715483,22049,341,75,266
458,20260726,asinh_saldo,ols,0.30046885081898417,22049,341,75,266
458,20260726,desligamentos,ppml,-0.023290520533919334,22049,341,75,266
458,20260726,ln_salario_real_adm,ols,0.004027668368736773,22012,341,75,266
458,20260726,n_movimentacoes,ppml,-0.014780201949179173,22049,341,75,266
459,20260726,admissoes,ppml,-0.03913392499089241,22049,341,75,266
459,20260726,asinh_saldo,ols,0.02296968309669847,22049,341,75,266
459,20260726,desligamentos,ppml,-0.013203233480453491,22049,341,75,266
459,20260726,ln_salario_real_adm,ols,-0.004811513753867115,22012,341,75,266
459,20260726,n_movimentacoes,ppml,-0.026259854435920715,22049,341,75,266
460,20260726,admissoes,ppml,0.036323396023362875,22049,341,75,266
460,20260726,asinh_saldo,ols,0.5231109131371724,22049,341,75,266
460,20260726,desligamentos,ppml,0.028512405697256327,22049,341,75,266
460,20260726,ln_salario_real_adm,ols,-0.011254011837087047,22012,341,75,266
460,20260726,n_movimentacoes,ppml,0.03182803001254797,22049,341,75,266
461,20260726,admissoes,ppml,0.06629547430202365,22049,341,75,266
461,20260726,asinh_saldo,ols,-0.1884904426307437,22049,341,75,266
461,20260726,desligamentos,ppml,0.06689162272959948,22049,341,75,266
461,20260726,ln_salario_real_adm,ols,0.020601467518017415,22012,341,75,266
461,20260726,n_movimentacoes,ppml,0.06647008191794157,22049,341,75,266
462,20260726,admissoes,ppml,-0.04897877248004079,22049,341,75,266
462,20260726,asinh_saldo,ols,-0.03270556905449375,22049,341,75,266
462,20260726,desligamentos,ppml,-0.071315448731184,22049,341,75,266
462,20260726,ln_salario_real_adm,ols,-0.0034193740757935912,22012,341,75,266
462,20260726,n_movimentacoes,ppml,-0.059710406232625246,22049,341,75,266
463,20260726,admissoes,ppml,-0.03376904642209411,22049,341,75,266
463,20260726,asinh_saldo,ols,-0.15183342706924519,22049,341,75,266
463,20260726,desligamentos,ppml,-0.035714651457965374,22049,341,75,266
463,20260726,ln_salario_real_adm,ols,0.024187909052995227,22012,341,75,266
463,20260726,n_movimentacoes,ppml,-0.03446055622771382,22049,341,75,266
464,20260726,admissoes,ppml,0.01916837366297841,22049,341,75,266
464,20260726,asinh_saldo,ols,-0.3564971362193512,22049,341,75,266
464,20260726,desligamentos,ppml,0.006497520953416824,22049,341,75,266
464,20260726,ln_salario_real_adm,ols,0.019676853203901657,22012,341,75,266
464,20260726,n_movimentacoes,ppml,0.012926438357681036,22049,341,75,266
465,20260726,admissoes,ppml,0.02831577556207776,22049,341,75,266
465,20260726,asinh_saldo,ols,-0.2442390962220743,22049,341,75,266
465,20260726,desligamentos,ppml,0.039796046912670135,22049,341,75,266
465,20260726,ln_salario_real_adm,ols,0.003282824136160861,22012,341,75,266
465,20260726,n_movimentacoes,ppml,0.03337531303986907,22049,341,75,266
466,20260726,admissoes,ppml,-0.010208804160356522,22049,341,75,266
466,20260726,asinh_saldo,ols,0.30508918186168993,22049,341,75,266
466,20260726,desligamentos,ppml,-0.0024464228190481663,22049,341,75,266
466,20260726,ln_salario_real_adm,ols,-0.015050352795682696,22012,341,75,266
466,20260726,n_movimentacoes,ppml,-0.0067129123490303755,22049,341,75,266
467,20260726,admissoes,ppml,-0.07113617192953825,22049,341,75,266
467,20260726,asinh_saldo,ols,0.43075404523811833,22049,341,75,266
467,20260726,desligamentos,ppml,-0.0502777979709208,22049,341,75,266
467,20260726,ln_salario_real_adm,ols,0.008256594896836044,22012,341,75,266
467,20260726,n_movimentacoes,ppml,-0.06067776493728161,22049,341,75,266
468,20260726,admissoes,ppml,-0.041551357600837946,22049,341,75,266
468,20260726,asinh_saldo,ols,0.023763670403046395,22049,341,75,266
468,20260726,desligamentos,ppml,-0.03333078324794769,22049,341,75,266
468,20260726,ln_salario_real_adm,ols,-0.024152516267426236,22012,341,75,266
468,20260726,n_movimentacoes,ppml,-0.037040252704173326,22049,341,75,266
469,20260726,admissoes,ppml,0.05541925597935915,22049,341,75,266
469,20260726,asinh_saldo,ols,-0.3810845218740532,22049,341,75,266
469,20260726,desligamentos,ppml,0.047365743201225996,22049,341,75,266
469,20260726,ln_salario_real_adm,ols,0.00455231320277696,22012,341,75,266
469,20260726,n_movimentacoes,ppml,0.05164630338549614,22049,341,75,266
470,20260726,admissoes,ppml,0.07811211328953505,22049,341,75,266
470,20260726,asinh_saldo,ols,0.17509828878556705,22049,341,75,266
470,20260726,desligamentos,ppml,0.07571698678657413,22049,341,75,266
470,20260726,ln_salario_real_adm,ols,-0.0036582226456366653,22012,341,75,266
470,20260726,n_movimentacoes,ppml,0.0768942260183394,22049,341,75,266
471,20260726,admissoes,ppml,0.018633239902555943,22049,341,75,266
471,20260726,asinh_saldo,ols,0.1979134360457402,22049,341,75,266
471,20260726,desligamentos,ppml,-0.01624814048409462,22049,341,75,266
471,20260726,ln_salario_real_adm,ols,-0.008648811441271392,22012,341,75,266
471,20260726,n_movimentacoes,ppml,0.0020036008208990097,22049,341,75,266
472,20260726,admissoes,ppml,0.10987675888463855,22049,341,75,266
472,20260726,asinh_saldo,ols,-0.21327935172015539,22049,341,75,266
472,20260726,desligamentos,ppml,0.061787940096110106,22049,341,75,266
472,20260726,ln_salario_real_adm,ols,-0.012128629430914297,22012,341,75,266
472,20260726,n_movimentacoes,ppml,0.08706862712278962,22049,341,75,266
473,20260726,admissoes,ppml,0.013955112546682358,22049,341,75,266
473,20260726,asinh_saldo,ols,-0.8407121469745032,22049,341,75,266
473,20260726,desligamentos,ppml,-0.006592647638171911,22049,341,75,266
473,20260726,ln_salario_real_adm,ols,0.010006352810231984,22012,341,75,266
473,20260726,n_movimentacoes,ppml,0.0041658622212708,22049,341,75,266
474,20260726,admissoes,ppml,-0.07976818643510342,22049,341,75,266
474,20260726,asinh_saldo,ols,-0.008272881684460465,22049,341,75,266
474,20260726,desligamentos,ppml,-0.04306980222463608,22049,341,75,266
474,20260726,ln_salario_real_adm,ols,-0.0058765799713782745,22012,341,75,266
474,20260726,n_movimentacoes,ppml,-0.06190179102122784,22049,341,75,266
475,20260726,admissoes,ppml,-0.03170415386557579,22049,341,75,266
475,20260726,asinh_saldo,ols,-0.059024548392763464,22049,341,75,266
475,20260726,desligamentos,ppml,0.04131167475134134,22049,341,75,266
475,20260726,ln_salario_real_adm,ols,-0.0047130484369336,22012,341,75,266
475,20260726,n_movimentacoes,ppml,0.003804495558142662,22049,341,75,266
476,20260726,admissoes,ppml,-0.014336371794342995,22049,341,75,266
476,20260726,asinh_saldo,ols,0.4581134901200407,22049,341,75,266
476,20260726,desligamentos,ppml,-0.03257223963737488,22049,341,75,266
476,20260726,ln_salario_real_adm,ols,0.007819600649016793,22012,341,75,266
476,20260726,n_movimentacoes,ppml,-0.023134654853492975,22049,341,75,266
477,20260726,admissoes,ppml,0.03993698535487056,22049,341,75,266
477,20260726,asinh_saldo,ols,-0.3533283403260623,22049,341,75,266
477,20260726,desligamentos,ppml,0.01304913405328989,22049,341,75,266
477,20260726,ln_salario_real_adm,ols,0.0031794239372147904,22012,341,75,266
477,20260726,n_movimentacoes,ppml,0.026590034132823348,22049,341,75,266
478,20260726,admissoes,ppml,-0.07586130313575268,22049,341,75,266
478,20260726,asinh_saldo,ols,-0.15649373737997183,22049,341,75,266
478,20260726,desligamentos,ppml,-0.07131671067327261,22049,341,75,266
478,20260726,ln_salario_real_adm,ols,0.020951901766416356,22012,341,75,266
478,20260726,n_movimentacoes,ppml,-0.07323411479592323,22049,341,75,266
479,20260726,admissoes,ppml,0.00020978646352887154,22049,341,75,266
479,20260726,asinh_saldo,ols,0.12391555700811284,22049,341,75,266
479,20260726,desligamentos,ppml,-0.02144286734983325,22049,341,75,266
479,20260726,ln_salario_real_adm,ols,0.01909296575483076,22012,341,75,266
479,20260726,n_movimentacoes,ppml,-0.01007896289229393,22049,341,75,266
480,20260726,admissoes,ppml,0.07173109613358974,22049,341,75,266
480,20260726,asinh_saldo,ols,-0.5057115647401238,22049,341,75,266
480,20260726,desligamentos,ppml,0.06414965121075511,22049,341,75,266
480,20260726,ln_salario_real_adm,ols,-0.019515912170360843,22012,341,75,266
480,20260726,n_movimentacoes,ppml,0.0677269003354013,22049,341,75,266
481,20260726,admissoes,ppml,-0.0727155078202486,22049,341,75,266
481,20260726,asinh_saldo,ols,-0.11750055238915474,22049,341,75,266
481,20260726,desligamentos,ppml,-0.06943230330944061,22049,341,75,266
481,20260726,ln_salario_real_adm,ols,0.0015318034408238134,22012,341,75,266
481,20260726,n_movimentacoes,ppml,-0.07114643044769764,22049,341,75,266
482,20260726,admissoes,ppml,-0.04040594073012471,22049,341,75,266
482,20260726,asinh_saldo,ols,-0.14758067864418214,22049,341,75,266
482,20260726,desligamentos,ppml,-0.04860836360603571,22049,341,75,266
482,20260726,ln_salario_real_adm,ols,0.004398182348528101,22012,341,75,266
482,20260726,n_movimentacoes,ppml,-0.04385977704077959,22049,341,75,266
483,20260726,admissoes,ppml,-0.0036568487994372845,22049,341,75,266
483,20260726,asinh_saldo,ols,0.10092412052330661,22049,341,75,266
483,20260726,desligamentos,ppml,-0.015158068388700485,22049,341,75,266
483,20260726,ln_salario_real_adm,ols,-0.025875439719615655,22012,341,75,266
483,20260726,n_movimentacoes,ppml,-0.009696829598397017,22049,341,75,266
484,20260726,admissoes,ppml,-0.03129024803638458,22049,341,75,266
484,20260726,asinh_saldo,ols,-0.08129566531140049,22049,341,75,266
484,20260726,desligamentos,ppml,0.0411760900169611,22049,341,75,266
484,20260726,ln_salario_real_adm,ols,-0.00030560567886310535,22012,341,75,266
484,20260726,n_movimentacoes,ppml,0.0042707305401563644,22049,341,75,266
485,20260726,admissoes,ppml,-0.08669818192720413,22049,341,75,266
485,20260726,asinh_saldo,ols,0.17330937952196204,22049,341,75,266
485,20260726,desligamentos,ppml,-0.0808422053232789,22049,341,75,266
485,20260726,ln_salario_real_adm,ols,-0.0016170390101967055,22012,341,75,266
485,20260726,n_movimentacoes,ppml,-0.08271928690373898,22049,341,75,266
486,20260726,admissoes,ppml,-0.03892543539404869,22049,341,75,266
486,20260726,asinh_saldo,ols,-0.4575629890999865,22049,341,75,266
486,20260726,desligamentos,ppml,-0.020198105834424496,22049,341,75,266
486,20260726,ln_salario_real_adm,ols,-0.014047566735490933,22012,341,75,266
486,20260726,n_movimentacoes,ppml,-0.029989704955369234,22049,341,75,266
487,20260726,admissoes,ppml,-0.07552653923630714,22049,341,75,266
487,20260726,asinh_saldo,ols,0.05969277315630646,22049,341,75,266
487,20260726,desligamentos,ppml,-0.026643887162208557,22049,341,75,266
487,20260726,ln_salario_real_adm,ols,-0.004038906713900864,22012,341,75,266
487,20260726,n_movimentacoes,ppml,-0.051781547255814075,22049,341,75,266
488,20260726,admissoes,ppml,0.022305044811218977,22049,341,75,266
488,20260726,asinh_saldo,ols,-0.08732394549359039,22049,341,75,266
488,20260726,desligamentos,ppml,0.013531743315979838,22049,341,75,266
488,20260726,ln_salario_real_adm,ols,0.004296015202628331,22012,341,75,266
488,20260726,n_movimentacoes,ppml,0.01795494183897972,22049,341,75,266
489,20260726,admissoes,ppml,0.012354631442576647,22049,341,75,266
489,20260726,asinh_saldo,ols,0.30051286711920805,22049,341,75,266
489,20260726,desligamentos,ppml,0.027826382778584957,22049,341,75,266
489,20260726,ln_salario_real_adm,ols,0.003301457625196885,22012,341,75,266
489,20260726,n_movimentacoes,ppml,0.019909075926989317,22049,341,75,266
490,20260726,admissoes,ppml,0.027666651643812656,22049,341,75,266
490,20260726,asinh_saldo,ols,-0.6401912048787988,22049,341,75,266
490,20260726,desligamentos,ppml,0.011592889204621315,22049,341,75,266
490,20260726,ln_salario_real_adm,ols,-0.01229968150737759,22012,341,75,266
490,20260726,n_movimentacoes,ppml,0.020212248899042606,22049,341,75,266
491,20260726,admissoes,ppml,-0.01697988575324416,22049,341,75,266
491,20260726,asinh_saldo,ols,-0.27305349938497026,22049,341,75,266
491,20260726,desligamentos,ppml,0.0055863396264612675,22049,341,75,266
491,20260726,ln_salario_real_adm,ols,0.0026226927358315435,22012,341,75,266
491,20260726,n_movimentacoes,ppml,-0.006276038009673357,22049,341,75,266
492,20260726,admissoes,ppml,-0.11042471323162317,22049,341,75,266
492,20260726,asinh_saldo,ols,0.21981129173345226,22049,341,75,266
492,20260726,desligamentos,ppml,-0.1190718486905098,22049,341,75,266
492,20260726,ln_salario_real_adm,ols,0.012633995521801632,22012,341,75,266
492,20260726,n_movimentacoes,ppml,-0.11440530559048057,22049,341,75,266
493,20260726,admissoes,ppml,0.03613944724202156,22049,341,75,266
493,20260726,asinh_saldo,ols,0.7918356668504892,22049,341,75,266
493,20260726,desligamentos,ppml,0.002797860186547041,22049,341,75,266
493,20260726,ln_salario_real_adm,ols,0.002035075574598661,22012,341,75,266
493,20260726,n_movimentacoes,ppml,0.020066970493644476,22049,341,75,266
494,20260726,admissoes,ppml,-0.05070770811289549,22049,341,75,266
494,20260726,asinh_saldo,ols,-0.08097079172590539,22049,341,75,266
494,20260726,desligamentos,ppml,-0.058141367975622416,22049,341,75,266
494,20260726,ln_salario_real_adm,ols,-0.0022925745958347885,22012,341,75,266
494,20260726,n_movimentacoes,ppml,-0.05424152920022607,22049,341,75,266
495,20260726,admissoes,ppml,0.005317309871315956,22049,341,75,266
495,20260726,asinh_saldo,ols,-0.14028260532425774,22049,341,75,266
495,20260726,desligamentos,ppml,-0.03339770250022411,22049,341,75,266
495,20260726,ln_salario_real_adm,ols,0.0023896387575870325,22012,341,75,266
495,20260726,n_movimentacoes,ppml,-0.013281633611768484,22049,341,75,266
496,20260726,admissoes,ppml,-0.03505708230659366,22049,341,75,266
496,20260726,asinh_saldo,ols,-0.1514943929074426,22049,341,75,266
496,20260726,desligamentos,ppml,-0.022117184940725565,22049,341,75,266
496,20260726,ln_salario_real_adm,ols,0.001386889890815953,22012,341,75,266
496,20260726,n_movimentacoes,ppml,-0.02953520556911826,22049,341,75,266
497,20260726,admissoes,ppml,0.07450104644522071,22049,341,75,266
497,20260726,asinh_saldo,ols,-0.14753057917314624,22049,341,75,266
497,20260726,desligamentos,ppml,0.07972183916717768,22049,341,75,266
497,20260726,ln_salario_real_adm,ols,0.0048878788714037755,22012,341,75,266
497,20260726,n_movimentacoes,ppml,0.07663050945848227,22049,341,75,266
498,20260726,admissoes,ppml,-0.011273701675236225,22049,341,75,266
498,20260726,asinh_saldo,ols,0.3291807111855016,22049,341,75,266
498,20260726,desligamentos,ppml,0.0017509646713733673,22049,341,75,266
498,20260726,ln_salario_real_adm,ols,0.00044726622909954916,22012,341,75,266
498,20260726,n_movimentacoes,ppml,-0.004449015483260155,22049,341,75,266
499,20260726,admissoes,ppml,-0.0006547109223902225,22049,341,75,266
499,20260726,asinh_saldo,ols,0.26079011129346286,22049,341,75,266
499,20260726,desligamentos,ppml,-0.02329622581601143,22049,341,75,266
499,20260726,ln_salario_real_adm,ols,0.0011169442272490942,22012,341,75,266
499,20260726,n_movimentacoes,ppml,-0.011311516165733337,22049,341,75,266
500,20260726,admissoes,ppml,-0.02841475699096918,22049,341,75,266
500,20260726,asinh_saldo,ols,0.16223629508092516,22049,341,75,266
500,20260726,desligamentos,ppml,-0.007080364041030407,22049,341,75,266
500,20260726,ln_salario_real_adm,ols,-0.008832093746070602,22012,341,75,266
500,20260726,n_movimentacoes,ppml,-0.01787510048598051,22049,341,75,266
