position,term,event_time,coefficient,standard_error,ci_low,ci_high,nominal_p_value,is_reference,beyond_frozen_window,pre_coefficient_mean,pre_window,model_id,dimension,source_dimension,group_id,group_label,outcome,estimator,event_window,reference_event_time,reference_period,source_panel,is_causal_effect,formula,n_obs,minimum_clusters
0.0,"C(event_time, contr.treatment(base=-1))[-23]:treatment",-23,-0.06423245155973911,0.0565993639686215,-0.17556146105726372,0.0470965579377855,0.25723268295181834,False,False,-0.03205582209823901,-23_to_-2,group_event__sex__men__admissoes,sex,sex,men,Men,admissoes,ppml,-23_to_41,-1,2022-11,frozen,False,"admissoes ~ i(event_time, treatment, ref=-1) | cbo_4d + periodo",22049,341
1.0,"C(event_time, contr.treatment(base=-1))[-22]:treatment",-22,-0.07286936473310922,0.06079522643776499,-0.1924514919323902,0.04671276246617177,0.2315169572822544,False,False,-0.03205582209823901,-23_to_-2,group_event__sex__men__admissoes,sex,sex,men,Men,admissoes,ppml,-23_to_41,-1,2022-11,frozen,False,"admissoes ~ i(event_time, treatment, ref=-1) | cbo_4d + periodo",22049,341
2.0,"C(event_time, contr.treatment(base=-1))[-21]:treatment",-21,-0.06957071880459391,0.055018696095654504,-0.1777906087590167,0.03864917114982887,0.206919473350204,False,False,-0.03205582209823901,-23_to_-2,group_event__sex__men__admissoes,sex,sex,men,Men,admissoes,ppml,-23_to_41,-1,2022-11,frozen,False,"admissoes ~ i(event_time, treatment, ref=-1) | cbo_4d + periodo",22049,341
3.0,"C(event_time, contr.treatment(base=-1))[-20]:treatment",-20,-0.03648340081025014,0.057248372764716435,-0.149088988370816,0.07612218675031573,0.5243695665663002,False,False,-0.03205582209823901,-23_to_-2,group_event__sex__men__admissoes,sex,sex,men,Men,admissoes,ppml,-23_to_41,-1,2022-11,frozen,False,"admissoes ~ i(event_time, treatment, ref=-1) | cbo_4d + periodo",22049,341
4.0,"C(event_time, contr.treatment(base=-1))[-19]:treatment",-19,-0.06423232561084637,0.04944003530581361,-0.1614791809495448,0.03301452972785207,0.19475676696643318,False,False,-0.03205582209823901,-23_to_-2,group_event__sex__men__admissoes,sex,sex,men,Men,admissoes,ppml,-23_to_41,-1,2022-11,frozen,False,"admissoes ~ i(event_time, treatment, ref=-1) | cbo_4d + periodo",22049,341
5.0,"C(event_time, contr.treatment(base=-1))[-18]:treatment",-18,-0.012940117351765774,0.04491990351036519,-0.10129602833524981,0.07541579363171827,0.7734679841530199,False,False,-0.03205582209823901,-23_to_-2,group_event__sex__men__admissoes,sex,sex,men,Men,admissoes,ppml,-23_to_41,-1,2022-11,frozen,False,"admissoes ~ i(event_time, treatment, ref=-1) | cbo_4d + periodo",22049,341
6.0,"C(event_time, contr.treatment(base=-1))[-17]:treatment",-17,-0.02183175045230848,0.040578882965513666,-0.1016490227730921,0.05798552186847514,0.5909237448666225,False,False,-0.03205582209823901,-23_to_-2,group_event__sex__men__admissoes,sex,sex,men,Men,admissoes,ppml,-23_to_41,-1,2022-11,frozen,False,"admissoes ~ i(event_time, treatment, ref=-1) | cbo_4d + periodo",22049,341
7.0,"C(event_time, contr.treatment(base=-1))[-16]:treatment",-16,-0.011369726232781631,0.04449920089592775,-0.09889812958942545,0.0761586771238622,0.7984883096161894,False,False,-0.03205582209823901,-23_to_-2,group_event__sex__men__admissoes,sex,sex,men,Men,admissoes,ppml,-23_to_41,-1,2022-11,frozen,False,"admissoes ~ i(event_time, treatment, ref=-1) | cbo_4d + periodo",22049,341
8.0,"C(event_time, contr.treatment(base=-1))[-15]:treatment",-15,-0.031670030389083205,0.05176548102701876,-0.13349095777787665,0.07015089699971022,0.5410801275196087,False,False,-0.03205582209823901,-23_to_-2,group_event__sex__men__admissoes,sex,sex,men,Men,admissoes,ppml,-23_to_41,-1,2022-11,frozen,False,"admissoes ~ i(event_time, treatment, ref=-1) | cbo_4d + periodo",22049,341
9.0,"C(event_time, contr.treatment(base=-1))[-14]:treatment",-14,0.0163637213988905,0.031653691501516416,-0.0458980051420246,0.07862544793980561,0.6055195559012274,False,False,-0.03205582209823901,-23_to_-2,group_event__sex__men__admissoes,sex,sex,men,Men,admissoes,ppml,-23_to_41,-1,2022-11,frozen,False,"admissoes ~ i(event_time, treatment, ref=-1) | cbo_4d + periodo",22049,341
10.0,"C(event_time, contr.treatment(base=-1))[-13]:treatment",-13,0.0678163551219469,0.023943742999984283,0.02071983309513832,0.11491287714875549,0.004896600748170776,False,False,-0.03205582209823901,-23_to_-2,group_event__sex__men__admissoes,sex,sex,men,Men,admissoes,ppml,-23_to_41,-1,2022-11,frozen,False,"admissoes ~ i(event_time, treatment, ref=-1) | cbo_4d + periodo",22049,341
11.0,"C(event_time, contr.treatment(base=-1))[-12]:treatment",-12,0.1387145832921063,0.041314226578693776,0.057450915281416035,0.21997825130279658,0.0008754508730866029,False,False,-0.03205582209823901,-23_to_-2,group_event__sex__men__admissoes,sex,sex,men,Men,admissoes,ppml,-23_to_41,-1,2022-11,frozen,False,"admissoes ~ i(event_time, treatment, ref=-1) | cbo_4d + periodo",22049,341
12.0,"C(event_time, contr.treatment(base=-1))[-11]:treatment",-11,-0.053138180635634816,0.04707789951348506,-0.14573879581155721,0.03946243454028758,0.2598080426003786,False,False,-0.03205582209823901,-23_to_-2,group_event__sex__men__admissoes,sex,sex,men,Men,admissoes,ppml,-23_to_41,-1,2022-11,frozen,False,"admissoes ~ i(event_time, treatment, ref=-1) | cbo_4d + periodo",22049,341
13.0,"C(event_time, contr.treatment(base=-1))[-10]:treatment",-10,-0.021136731759724803,0.04831029657535845,-0.11616142972714444,0.07388796620769483,0.6620118988876733,False,False,-0.03205582209823901,-23_to_-2,group_event__sex__men__admissoes,sex,sex,men,Men,admissoes,ppml,-23_to_41,-1,2022-11,frozen,False,"admissoes ~ i(event_time, treatment, ref=-1) | cbo_4d + periodo",22049,341
14.0,"C(event_time, contr.treatment(base=-1))[-9]:treatment",-9,-0.03851202230128581,0.04051650697978409,-0.11820660319550931,0.04118255859293769,0.3425198626125239,False,False,-0.03205582209823901,-23_to_-2,group_event__sex__men__admissoes,sex,sex,men,Men,admissoes,ppml,-23_to_41,-1,2022-11,frozen,False,"admissoes ~ i(event_time, treatment, ref=-1) | cbo_4d + periodo",22049,341
15.0,"C(event_time, contr.treatment(base=-1))[-8]:treatment",-8,-0.012448979399558097,0.0419043716744036,-0.09487344259165041,0.06997548379253422,0.7665863249561622,False,False,-0.03205582209823901,-23_to_-2,group_event__sex__men__admissoes,sex,sex,men,Men,admissoes,ppml,-23_to_41,-1,2022-11,frozen,False,"admissoes ~ i(event_time, treatment, ref=-1) | cbo_4d + periodo",22049,341
16.0,"C(event_time, contr.treatment(base=-1))[-7]:treatment",-7,-0.0865591004499936,0.034950486464752614,-0.15530550971591234,-0.017812691184074844,0.013749219953887337,False,False,-0.03205582209823901,-23_to_-2,group_event__sex__men__admissoes,sex,sex,men,Men,admissoes,ppml,-23_to_41,-1,2022-11,frozen,False,"admissoes ~ i(event_time, treatment, ref=-1) | cbo_4d + periodo",22049,341
17.0,"C(event_time, contr.treatment(base=-1))[-6]:treatment",-6,-0.07047427406207893,0.03591152422773466,-0.14111101167694917,0.00016246355279130043,0.050526275701211265,False,False,-0.03205582209823901,-23_to_-2,group_event__sex__men__admissoes,sex,sex,men,Men,admissoes,ppml,-23_to_41,-1,2022-11,frozen,False,"admissoes ~ i(event_time, treatment, ref=-1) | cbo_4d + periodo",22049,341
18.0,"C(event_time, contr.treatment(base=-1))[-5]:treatment",-5,-0.08722025782387118,0.03749859326228492,-0.16097870584733587,-0.013461809800406468,0.020608206512422456,False,False,-0.03205582209823901,-23_to_-2,group_event__sex__men__admissoes,sex,sex,men,Men,admissoes,ppml,-23_to_41,-1,2022-11,frozen,False,"admissoes ~ i(event_time, treatment, ref=-1) | cbo_4d + periodo",22049,341
19.0,"C(event_time, contr.treatment(base=-1))[-4]:treatment",-4,-0.06881242287737378,0.0453598420953588,-0.15803367798264395,0.020408832227896398,0.13018730020680724,False,False,-0.03205582209823901,-23_to_-2,group_event__sex__men__admissoes,sex,sex,men,Men,admissoes,ppml,-23_to_41,-1,2022-11,frozen,False,"admissoes ~ i(event_time, treatment, ref=-1) | cbo_4d + periodo",22049,341
20.0,"C(event_time, contr.treatment(base=-1))[-3]:treatment",-3,-0.05432168371450507,0.044747766362409486,-0.14233900682639639,0.03369563939738624,0.22560823786317075,False,False,-0.03205582209823901,-23_to_-2,group_event__sex__men__admissoes,sex,sex,men,Men,admissoes,ppml,-23_to_41,-1,2022-11,frozen,False,"admissoes ~ i(event_time, treatment, ref=-1) | cbo_4d + periodo",22049,341
21.0,"C(event_time, contr.treatment(base=-1))[-2]:treatment",-2,-0.0502992070056979,0.0227800602650444,-0.09510680496752846,-0.005491609043867335,0.027908746129392092,False,False,-0.03205582209823901,-23_to_-2,group_event__sex__men__admissoes,sex,sex,men,Men,admissoes,ppml,-23_to_41,-1,2022-11,frozen,False,"admissoes ~ i(event_time, treatment, ref=-1) | cbo_4d + periodo",22049,341
,reference_event_time,-1,0.0,0.0,0.0,0.0,,True,False,-0.03205582209823901,-23_to_-2,group_event__sex__men__admissoes,sex,sex,men,Men,admissoes,ppml,-23_to_41,-1,2022-11,frozen,False,"admissoes ~ i(event_time, treatment, ref=-1) | cbo_4d + periodo",22049,341
22.0,"C(event_time, contr.treatment(base=-1))[0]:treatment",0,0.024142834709383502,0.036341120032525646,-0.0473389031330191,0.0956245725517861,0.5069234513600589,False,False,-0.03205582209823901,-23_to_-2,group_event__sex__men__admissoes,sex,sex,men,Men,admissoes,ppml,-23_to_41,-1,2022-11,frozen,False,"admissoes ~ i(event_time, treatment, ref=-1) | cbo_4d + periodo",22049,341
23.0,"C(event_time, contr.treatment(base=-1))[1]:treatment",1,-0.11842420251801869,0.03845874448423787,-0.19407123509460877,-0.042777169941428606,0.002244157229818633,False,False,-0.03205582209823901,-23_to_-2,group_event__sex__men__admissoes,sex,sex,men,Men,admissoes,ppml,-23_to_41,-1,2022-11,frozen,False,"admissoes ~ i(event_time, treatment, ref=-1) | cbo_4d + periodo",22049,341
24.0,"C(event_time, contr.treatment(base=-1))[2]:treatment",2,-0.12053588287487566,0.054107764597653284,-0.22696400178662743,-0.014107763963123882,0.0265544552839585,False,False,-0.03205582209823901,-23_to_-2,group_event__sex__men__admissoes,sex,sex,men,Men,admissoes,ppml,-23_to_41,-1,2022-11,frozen,False,"admissoes ~ i(event_time, treatment, ref=-1) | cbo_4d + periodo",22049,341
25.0,"C(event_time, contr.treatment(base=-1))[3]:treatment",3,-0.12662295948561483,0.04005762701186873,-0.20541493920688883,-0.047830979764340836,0.0017135263121090816,False,False,-0.03205582209823901,-23_to_-2,group_event__sex__men__admissoes,sex,sex,men,Men,admissoes,ppml,-23_to_41,-1,2022-11,frozen,False,"admissoes ~ i(event_time, treatment, ref=-1) | cbo_4d + periodo",22049,341
26.0,"C(event_time, contr.treatment(base=-1))[4]:treatment",4,-0.10348635740891876,0.03414445797266409,-0.17064733625019976,-0.03632537856763776,0.0026258068899354114,False,False,-0.03205582209823901,-23_to_-2,group_event__sex__men__admissoes,sex,sex,men,Men,admissoes,ppml,-23_to_41,-1,2022-11,frozen,False,"admissoes ~ i(event_time, treatment, ref=-1) | cbo_4d + periodo",22049,341
27.0,"C(event_time, contr.treatment(base=-1))[5]:treatment",5,-0.16445289550573763,0.03091623274917025,-0.2252640659504836,-0.10364172506099166,1.892931023039779e-07,False,False,-0.03205582209823901,-23_to_-2,group_event__sex__men__admissoes,sex,sex,men,Men,admissoes,ppml,-23_to_41,-1,2022-11,frozen,False,"admissoes ~ i(event_time, treatment, ref=-1) | cbo_4d + periodo",22049,341
28.0,"C(event_time, contr.treatment(base=-1))[6]:treatment",6,-0.13147785015592672,0.0327325710122963,-0.19586169572575685,-0.06709400458609661,7.267413183242866e-05,False,False,-0.03205582209823901,-23_to_-2,group_event__sex__men__admissoes,sex,sex,men,Men,admissoes,ppml,-23_to_41,-1,2022-11,frozen,False,"admissoes ~ i(event_time, treatment, ref=-1) | cbo_4d + periodo",22049,341
29.0,"C(event_time, contr.treatment(base=-1))[7]:treatment",7,-0.12443957217171944,0.02922983786456798,-0.18193366166430935,-0.06694548267912953,2.6803773125916308e-05,False,False,-0.03205582209823901,-23_to_-2,group_event__sex__men__admissoes,sex,sex,men,Men,admissoes,ppml,-23_to_41,-1,2022-11,frozen,False,"admissoes ~ i(event_time, treatment, ref=-1) | cbo_4d + periodo",22049,341
30.0,"C(event_time, contr.treatment(base=-1))[8]:treatment",8,-0.11839619673634601,0.03465071416369153,-0.1865529641580485,-0.050239429314643494,0.0007103176048750548,False,False,-0.03205582209823901,-23_to_-2,group_event__sex__men__admissoes,sex,sex,men,Men,admissoes,ppml,-23_to_41,-1,2022-11,frozen,False,"admissoes ~ i(event_time, treatment, ref=-1) | cbo_4d + periodo",22049,341
31.0,"C(event_time, contr.treatment(base=-1))[9]:treatment",9,-0.13288626300791928,0.037395023169092254,-0.20644099220699758,-0.05933153380884097,0.00043374367924564616,False,False,-0.03205582209823901,-23_to_-2,group_event__sex__men__admissoes,sex,sex,men,Men,admissoes,ppml,-23_to_41,-1,2022-11,frozen,False,"admissoes ~ i(event_time, treatment, ref=-1) | cbo_4d + periodo",22049,341
32.0,"C(event_time, contr.treatment(base=-1))[10]:treatment",10,-0.09427049171632701,0.024196593146330856,-0.14186436131685876,-0.04667662211579526,0.00011776217043468762,False,False,-0.03205582209823901,-23_to_-2,group_event__sex__men__admissoes,sex,sex,men,Men,admissoes,ppml,-23_to_41,-1,2022-11,frozen,False,"admissoes ~ i(event_time, treatment, ref=-1) | cbo_4d + periodo",22049,341
33.0,"C(event_time, contr.treatment(base=-1))[11]:treatment",11,-0.04010556295909442,0.01811615378592549,-0.07573941668950121,-0.004471709228687622,0.02750565927353099,False,False,-0.03205582209823901,-23_to_-2,group_event__sex__men__admissoes,sex,sex,men,Men,admissoes,ppml,-23_to_41,-1,2022-11,frozen,False,"admissoes ~ i(event_time, treatment, ref=-1) | cbo_4d + periodo",22049,341
34.0,"C(event_time, contr.treatment(base=-1))[12]:treatment",12,0.030277801851982023,0.03816368078744919,-0.04478885054365103,0.10534445424761507,0.4281173836319361,False,False,-0.03205582209823901,-23_to_-2,group_event__sex__men__admissoes,sex,sex,men,Men,admissoes,ppml,-23_to_41,-1,2022-11,frozen,False,"admissoes ~ i(event_time, treatment, ref=-1) | cbo_4d + periodo",22049,341
35.0,"C(event_time, contr.treatment(base=-1))[13]:treatment",13,-0.14489511025561425,0.04303098401580447,-0.22953558131884416,-0.06025463919238434,0.0008462608758252887,False,False,-0.03205582209823901,-23_to_-2,group_event__sex__men__admissoes,sex,sex,men,Men,admissoes,ppml,-23_to_41,-1,2022-11,frozen,False,"admissoes ~ i(event_time, treatment, ref=-1) | cbo_4d + periodo",22049,341
36.0,"C(event_time, contr.treatment(base=-1))[14]:treatment",14,-0.14653615126096137,0.04505702020921183,-0.2351617660926482,-0.057910536429274545,0.001259744838342014,False,False,-0.03205582209823901,-23_to_-2,group_event__sex__men__admissoes,sex,sex,men,Men,admissoes,ppml,-23_to_41,-1,2022-11,frozen,False,"admissoes ~ i(event_time, treatment, ref=-1) | cbo_4d + periodo",22049,341
37.0,"C(event_time, contr.treatment(base=-1))[15]:treatment",15,-0.11017541940946073,0.04174583245945767,-0.192288041398245,-0.028062797420676452,0.008692931207278543,False,False,-0.03205582209823901,-23_to_-2,group_event__sex__men__admissoes,sex,sex,men,Men,admissoes,ppml,-23_to_41,-1,2022-11,frozen,False,"admissoes ~ i(event_time, treatment, ref=-1) | cbo_4d + periodo",22049,341
38.0,"C(event_time, contr.treatment(base=-1))[16]:treatment",16,-0.12873230063062774,0.0331248664610298,-0.19388777790575581,-0.06357682335549966,0.00012237998466324562,False,False,-0.03205582209823901,-23_to_-2,group_event__sex__men__admissoes,sex,sex,men,Men,admissoes,ppml,-23_to_41,-1,2022-11,frozen,False,"admissoes ~ i(event_time, treatment, ref=-1) | cbo_4d + periodo",22049,341
39.0,"C(event_time, contr.treatment(base=-1))[17]:treatment",17,-0.15794958488792088,0.029612158461951615,-0.21619568589500093,-0.09970348388084083,1.7573212240939995e-07,False,False,-0.03205582209823901,-23_to_-2,group_event__sex__men__admissoes,sex,sex,men,Men,admissoes,ppml,-23_to_41,-1,2022-11,frozen,False,"admissoes ~ i(event_time, treatment, ref=-1) | cbo_4d + periodo",22049,341
40.0,"C(event_time, contr.treatment(base=-1))[18]:treatment",18,-0.14885694183988185,0.027900834286237863,-0.2037369268334144,-0.0939769568463493,1.746001276892173e-07,False,False,-0.03205582209823901,-23_to_-2,group_event__sex__men__admissoes,sex,sex,men,Men,admissoes,ppml,-23_to_41,-1,2022-11,frozen,False,"admissoes ~ i(event_time, treatment, ref=-1) | cbo_4d + periodo",22049,341
41.0,"C(event_time, contr.treatment(base=-1))[19]:treatment",19,-0.12614723600937636,0.03541110747165983,-0.1957996710122833,-0.05649480100646942,0.00041999296997441427,False,False,-0.03205582209823901,-23_to_-2,group_event__sex__men__admissoes,sex,sex,men,Men,admissoes,ppml,-23_to_41,-1,2022-11,frozen,False,"admissoes ~ i(event_time, treatment, ref=-1) | cbo_4d + periodo",22049,341
42.0,"C(event_time, contr.treatment(base=-1))[20]:treatment",20,-0.12337329134785194,0.03789769301334658,-0.19791675490613847,-0.04882982778956539,0.001246096308902489,False,False,-0.03205582209823901,-23_to_-2,group_event__sex__men__admissoes,sex,sex,men,Men,admissoes,ppml,-23_to_41,-1,2022-11,frozen,False,"admissoes ~ i(event_time, treatment, ref=-1) | cbo_4d + periodo",22049,341
43.0,"C(event_time, contr.treatment(base=-1))[21]:treatment",21,-0.09693644123986064,0.03948822647614306,-0.17460842961839018,-0.019264452861331105,0.014595996354119789,False,False,-0.03205582209823901,-23_to_-2,group_event__sex__men__admissoes,sex,sex,men,Men,admissoes,ppml,-23_to_41,-1,2022-11,frozen,False,"admissoes ~ i(event_time, treatment, ref=-1) | cbo_4d + periodo",22049,341
44.0,"C(event_time, contr.treatment(base=-1))[22]:treatment",22,-0.11420056881418318,0.028181135004980783,-0.16963189571672366,-0.05876924191164271,6.287496895396316e-05,False,False,-0.03205582209823901,-23_to_-2,group_event__sex__men__admissoes,sex,sex,men,Men,admissoes,ppml,-23_to_41,-1,2022-11,frozen,False,"admissoes ~ i(event_time, treatment, ref=-1) | cbo_4d + periodo",22049,341
45.0,"C(event_time, contr.treatment(base=-1))[23]:treatment",23,-0.033514551680940766,0.023525110695165302,-0.07978763830898761,0.012758534947106076,0.15518172737242075,False,False,-0.03205582209823901,-23_to_-2,group_event__sex__men__admissoes,sex,sex,men,Men,admissoes,ppml,-23_to_41,-1,2022-11,frozen,False,"admissoes ~ i(event_time, treatment, ref=-1) | cbo_4d + periodo",22049,341
46.0,"C(event_time, contr.treatment(base=-1))[24]:treatment",24,0.03753808794149213,0.05525659964454413,-0.07114975014161476,0.14622592602459902,0.4973838682497769,False,True,-0.03205582209823901,-23_to_-2,group_event__sex__men__admissoes,sex,sex,men,Men,admissoes,ppml,-23_to_41,-1,2022-11,frozen,False,"admissoes ~ i(event_time, treatment, ref=-1) | cbo_4d + periodo",22049,341
47.0,"C(event_time, contr.treatment(base=-1))[25]:treatment",25,-0.1953434551381876,0.04158335479388088,-0.2771364891262275,-0.11355042115014768,3.826359986636163e-06,False,True,-0.03205582209823901,-23_to_-2,group_event__sex__men__admissoes,sex,sex,men,Men,admissoes,ppml,-23_to_41,-1,2022-11,frozen,False,"admissoes ~ i(event_time, treatment, ref=-1) | cbo_4d + periodo",22049,341
48.0,"C(event_time, contr.treatment(base=-1))[26]:treatment",26,-0.1398969995188582,0.046810299057310746,-0.23197125376705907,-0.04782274527065733,0.0030065858601640016,False,True,-0.03205582209823901,-23_to_-2,group_event__sex__men__admissoes,sex,sex,men,Men,admissoes,ppml,-23_to_41,-1,2022-11,frozen,False,"admissoes ~ i(event_time, treatment, ref=-1) | cbo_4d + periodo",22049,341
49.0,"C(event_time, contr.treatment(base=-1))[27]:treatment",27,-0.12298523854438934,0.03700364993211725,-0.19577014999709821,-0.05020032709168046,0.000985442348623966,False,True,-0.03205582209823901,-23_to_-2,group_event__sex__men__admissoes,sex,sex,men,Men,admissoes,ppml,-23_to_41,-1,2022-11,frozen,False,"admissoes ~ i(event_time, treatment, ref=-1) | cbo_4d + periodo",22049,341
50.0,"C(event_time, contr.treatment(base=-1))[28]:treatment",28,-0.11203649029085257,0.03265948560398184,-0.1762765793668662,-0.04779640121483893,0.0006767965282268307,False,True,-0.03205582209823901,-23_to_-2,group_event__sex__men__admissoes,sex,sex,men,Men,admissoes,ppml,-23_to_41,-1,2022-11,frozen,False,"admissoes ~ i(event_time, treatment, ref=-1) | cbo_4d + periodo",22049,341
51.0,"C(event_time, contr.treatment(base=-1))[29]:treatment",29,-0.1543261133373142,0.028864636946068608,-0.2111018651371579,-0.09755036153747047,1.6481652465039076e-07,False,True,-0.03205582209823901,-23_to_-2,group_event__sex__men__admissoes,sex,sex,men,Men,admissoes,ppml,-23_to_41,-1,2022-11,frozen,False,"admissoes ~ i(event_time, treatment, ref=-1) | cbo_4d + periodo",22049,341
52.0,"C(event_time, contr.treatment(base=-1))[30]:treatment",30,-0.11298979161484314,0.03128876614699158,-0.17453372248790752,-0.051445860741778766,0.0003507008332230832,False,True,-0.03205582209823901,-23_to_-2,group_event__sex__men__admissoes,sex,sex,men,Men,admissoes,ppml,-23_to_41,-1,2022-11,frozen,False,"admissoes ~ i(event_time, treatment, ref=-1) | cbo_4d + periodo",22049,341
53.0,"C(event_time, contr.treatment(base=-1))[31]:treatment",31,-0.12323040453914845,0.03261556360674089,-0.18738410055161636,-0.059076708526680524,0.00018641471090696804,False,True,-0.03205582209823901,-23_to_-2,group_event__sex__men__admissoes,sex,sex,men,Men,admissoes,ppml,-23_to_41,-1,2022-11,frozen,False,"admissoes ~ i(event_time, treatment, ref=-1) | cbo_4d + periodo",22049,341
54.0,"C(event_time, contr.treatment(base=-1))[32]:treatment",32,-0.0966257664616018,0.03691086087248327,-0.1692281650135123,-0.024023367909691326,0.009245140304067867,False,True,-0.03205582209823901,-23_to_-2,group_event__sex__men__admissoes,sex,sex,men,Men,admissoes,ppml,-23_to_41,-1,2022-11,frozen,False,"admissoes ~ i(event_time, treatment, ref=-1) | cbo_4d + periodo",22049,341
55.0,"C(event_time, contr.treatment(base=-1))[33]:treatment",33,-0.12792064128555508,0.037248266610196375,-0.20118670536203234,-0.05465457720907782,0.0006676271500303255,False,True,-0.03205582209823901,-23_to_-2,group_event__sex__men__admissoes,sex,sex,men,Men,admissoes,ppml,-23_to_41,-1,2022-11,frozen,False,"admissoes ~ i(event_time, treatment, ref=-1) | cbo_4d + periodo",22049,341
56.0,"C(event_time, contr.treatment(base=-1))[34]:treatment",34,-0.11494120845712445,0.021442097995445393,-0.15711708048114947,-0.07276533643309943,1.5346760084966604e-07,False,True,-0.03205582209823901,-23_to_-2,group_event__sex__men__admissoes,sex,sex,men,Men,admissoes,ppml,-23_to_41,-1,2022-11,frozen,False,"admissoes ~ i(event_time, treatment, ref=-1) | cbo_4d + periodo",22049,341
57.0,"C(event_time, contr.treatment(base=-1))[35]:treatment",35,-0.03245785280008514,0.020752028162149907,-0.07327638110788925,0.008360675507718976,0.11872879289479865,False,True,-0.03205582209823901,-23_to_-2,group_event__sex__men__admissoes,sex,sex,men,Men,admissoes,ppml,-23_to_41,-1,2022-11,frozen,False,"admissoes ~ i(event_time, treatment, ref=-1) | cbo_4d + periodo",22049,341
58.0,"C(event_time, contr.treatment(base=-1))[36]:treatment",36,0.07074962275306426,0.054500383959602945,-0.03645076499018249,0.177950010496311,0.19511600868939105,False,True,-0.03205582209823901,-23_to_-2,group_event__sex__men__admissoes,sex,sex,men,Men,admissoes,ppml,-23_to_41,-1,2022-11,frozen,False,"admissoes ~ i(event_time, treatment, ref=-1) | cbo_4d + periodo",22049,341
59.0,"C(event_time, contr.treatment(base=-1))[37]:treatment",37,-0.18234947524779427,0.03777082966416517,-0.25664340294532917,-0.10805554755025935,2.090069258553484e-06,False,True,-0.03205582209823901,-23_to_-2,group_event__sex__men__admissoes,sex,sex,men,Men,admissoes,ppml,-23_to_41,-1,2022-11,frozen,False,"admissoes ~ i(event_time, treatment, ref=-1) | cbo_4d + periodo",22049,341
60.0,"C(event_time, contr.treatment(base=-1))[38]:treatment",38,-0.15741686841785205,0.049390060004061966,-0.25456542405045424,-0.06026831278524987,0.001569755193093103,False,True,-0.03205582209823901,-23_to_-2,group_event__sex__men__admissoes,sex,sex,men,Men,admissoes,ppml,-23_to_41,-1,2022-11,frozen,False,"admissoes ~ i(event_time, treatment, ref=-1) | cbo_4d + periodo",22049,341
61.0,"C(event_time, contr.treatment(base=-1))[39]:treatment",39,-0.11559164052556295,0.04365216645451422,-0.20145395616035294,-0.02972932489077297,0.00847389180115532,False,True,-0.03205582209823901,-23_to_-2,group_event__sex__men__admissoes,sex,sex,men,Men,admissoes,ppml,-23_to_41,-1,2022-11,frozen,False,"admissoes ~ i(event_time, treatment, ref=-1) | cbo_4d + periodo",22049,341
62.0,"C(event_time, contr.treatment(base=-1))[40]:treatment",40,-0.12473966305561013,0.031461618966368156,-0.18662358950142893,-0.06285573660979131,8.957048702162851e-05,False,True,-0.03205582209823901,-23_to_-2,group_event__sex__men__admissoes,sex,sex,men,Men,admissoes,ppml,-23_to_41,-1,2022-11,frozen,False,"admissoes ~ i(event_time, treatment, ref=-1) | cbo_4d + periodo",22049,341
63.0,"C(event_time, contr.treatment(base=-1))[41]:treatment",41,-0.15565302234352896,0.032526865920328184,-0.2196322530461301,-0.09167379164092782,2.5490948021289483e-06,False,True,-0.03205582209823901,-23_to_-2,group_event__sex__men__admissoes,sex,sex,men,Men,admissoes,ppml,-23_to_41,-1,2022-11,frozen,False,"admissoes ~ i(event_time, treatment, ref=-1) | cbo_4d + periodo",22049,341
0.0,"C(event_time, contr.treatment(base=-1))[-23]:treatment",-23,0.026650020205355188,0.019891469419907562,-0.012475818544287288,0.06577585895499766,0.1812144653930181,False,False,0.047596797266007324,-23_to_-2,group_event__sex__men__ln_salario_real_adm,sex,sex,men,Men,ln_salario_real_adm,ols,-23_to_41,-1,2022-11,frozen,False,"ln_salario_real_adm ~ i(event_time, treatment, ref=-1) | cbo_4d + periodo",21949,341
1.0,"C(event_time, contr.treatment(base=-1))[-22]:treatment",-22,0.02485788512932309,0.02799360980653506,-0.030204586133596355,0.07992035639224254,0.37517695736465617,False,False,0.047596797266007324,-23_to_-2,group_event__sex__men__ln_salario_real_adm,sex,sex,men,Men,ln_salario_real_adm,ols,-23_to_41,-1,2022-11,frozen,False,"ln_salario_real_adm ~ i(event_time, treatment, ref=-1) | cbo_4d + periodo",21949,341
2.0,"C(event_time, contr.treatment(base=-1))[-21]:treatment",-21,0.08036523932434195,0.02866303395441569,0.023986033700969404,0.13674444494771448,0.005340540902086355,False,False,0.047596797266007324,-23_to_-2,group_event__sex__men__ln_salario_real_adm,sex,sex,men,Men,ln_salario_real_adm,ols,-23_to_41,-1,2022-11,frozen,False,"ln_salario_real_adm ~ i(event_time, treatment, ref=-1) | cbo_4d + periodo",21949,341
3.0,"C(event_time, contr.treatment(base=-1))[-20]:treatment",-20,0.08144547783381335,0.03377967402944946,0.01500201650918151,0.1478889391584452,0.016435179340960282,False,False,0.047596797266007324,-23_to_-2,group_event__sex__men__ln_salario_real_adm,sex,sex,men,Men,ln_salario_real_adm,ols,-23_to_41,-1,2022-11,frozen,False,"ln_salario_real_adm ~ i(event_time, treatment, ref=-1) | cbo_4d + periodo",21949,341
4.0,"C(event_time, contr.treatment(base=-1))[-19]:treatment",-19,0.10765668614150842,0.03396543864752322,0.0408478321785193,0.17446554010449755,0.0016651795465929542,False,False,0.047596797266007324,-23_to_-2,group_event__sex__men__ln_salario_real_adm,sex,sex,men,Men,ln_salario_real_adm,ols,-23_to_41,-1,2022-11,frozen,False,"ln_salario_real_adm ~ i(event_time, treatment, ref=-1) | cbo_4d + periodo",21949,341
5.0,"C(event_time, contr.treatment(base=-1))[-18]:treatment",-18,0.05312284707663449,0.021245660033230612,0.01133336179316026,0.09491233236010872,0.012875258836780867,False,False,0.047596797266007324,-23_to_-2,group_event__sex__men__ln_salario_real_adm,sex,sex,men,Men,ln_salario_real_adm,ols,-23_to_41,-1,2022-11,frozen,False,"ln_salario_real_adm ~ i(event_time, treatment, ref=-1) | cbo_4d + periodo",21949,341
6.0,"C(event_time, contr.treatment(base=-1))[-17]:treatment",-17,0.03252909463366468,0.022883626574522024,-0.012482214710114459,0.07754040397744381,0.1560877861411849,False,False,0.047596797266007324,-23_to_-2,group_event__sex__men__ln_salario_real_adm,sex,sex,men,Men,ln_salario_real_adm,ols,-23_to_41,-1,2022-11,frozen,False,"ln_salario_real_adm ~ i(event_time, treatment, ref=-1) | cbo_4d + periodo",21949,341
7.0,"C(event_time, contr.treatment(base=-1))[-16]:treatment",-16,0.09099755048209114,0.04337197802448102,0.00568635588826473,0.17630874507591754,0.03663637389040186,False,False,0.047596797266007324,-23_to_-2,group_event__sex__men__ln_salario_real_adm,sex,sex,men,Men,ln_salario_real_adm,ols,-23_to_41,-1,2022-11,frozen,False,"ln_salario_real_adm ~ i(event_time, treatment, ref=-1) | cbo_4d + periodo",21949,341
8.0,"C(event_time, contr.treatment(base=-1))[-15]:treatment",-15,0.06816746132784506,0.022357955030621313,0.024190129898304415,0.1121447927573857,0.0024768505898600246,False,False,0.047596797266007324,-23_to_-2,group_event__sex__men__ln_salario_real_adm,sex,sex,men,Men,ln_salario_real_adm,ols,-23_to_41,-1,2022-11,frozen,False,"ln_salario_real_adm ~ i(event_time, treatment, ref=-1) | cbo_4d + periodo",21949,341
9.0,"C(event_time, contr.treatment(base=-1))[-14]:treatment",-14,0.029106301777779443,0.01933694154943788,-0.008928799652051681,0.06714140320761057,0.13319658442441984,False,False,0.047596797266007324,-23_to_-2,group_event__sex__men__ln_salario_real_adm,sex,sex,men,Men,ln_salario_real_adm,ols,-23_to_41,-1,2022-11,frozen,False,"ln_salario_real_adm ~ i(event_time, treatment, ref=-1) | cbo_4d + periodo",21949,341
10.0,"C(event_time, contr.treatment(base=-1))[-13]:treatment",-13,0.027179508145590607,0.02429156776964072,-0.020601173284599678,0.07496018957578089,0.263978407333306,False,False,0.047596797266007324,-23_to_-2,group_event__sex__men__ln_salario_real_adm,sex,sex,men,Men,ln_salario_real_adm,ols,-23_to_41,-1,2022-11,frozen,False,"ln_salario_real_adm ~ i(event_time, treatment, ref=-1) | cbo_4d + periodo",21949,341
11.0,"C(event_time, contr.treatment(base=-1))[-12]:treatment",-12,0.09048196142891167,0.032036423164415725,0.02746741482172263,0.1534965080361007,0.005017190608136213,False,False,0.047596797266007324,-23_to_-2,group_event__sex__men__ln_salario_real_adm,sex,sex,men,Men,ln_salario_real_adm,ols,-23_to_41,-1,2022-11,frozen,False,"ln_salario_real_adm ~ i(event_time, treatment, ref=-1) | cbo_4d + periodo",21949,341
12.0,"C(event_time, contr.treatment(base=-1))[-11]:treatment",-11,0.0466061513572613,0.02104294335723888,0.005215402829191286,0.08799689988533133,0.027435541445777645,False,False,0.047596797266007324,-23_to_-2,group_event__sex__men__ln_salario_real_adm,sex,sex,men,Men,ln_salario_real_adm,ols,-23_to_41,-1,2022-11,frozen,False,"ln_salario_real_adm ~ i(event_time, treatment, ref=-1) | cbo_4d + periodo",21949,341
13.0,"C(event_time, contr.treatment(base=-1))[-10]:treatment",-10,0.003124174789801178,0.0163414598179387,-0.029018916717080706,0.03526726629668306,0.848497989944593,False,False,0.047596797266007324,-23_to_-2,group_event__sex__men__ln_salario_real_adm,sex,sex,men,Men,ln_salario_real_adm,ols,-23_to_41,-1,2022-11,frozen,False,"ln_salario_real_adm ~ i(event_time, treatment, ref=-1) | cbo_4d + periodo",21949,341
14.0,"C(event_time, contr.treatment(base=-1))[-9]:treatment",-9,0.03862636126826006,0.01994614914452354,-0.000607030626051483,0.0778597531625716,0.053630903778074224,False,False,0.047596797266007324,-23_to_-2,group_event__sex__men__ln_salario_real_adm,sex,sex,men,Men,ln_salario_real_adm,ols,-23_to_41,-1,2022-11,frozen,False,"ln_salario_real_adm ~ i(event_time, treatment, ref=-1) | cbo_4d + periodo",21949,341
15.0,"C(event_time, contr.treatment(base=-1))[-8]:treatment",-8,0.03223271954376252,0.023562052106313982,-0.014113029574182673,0.07857846866170771,0.17221772437711458,False,False,0.047596797266007324,-23_to_-2,group_event__sex__men__ln_salario_real_adm,sex,sex,men,Men,ln_salario_real_adm,ols,-23_to_41,-1,2022-11,frozen,False,"ln_salario_real_adm ~ i(event_time, treatment, ref=-1) | cbo_4d + periodo",21949,341
16.0,"C(event_time, contr.treatment(base=-1))[-7]:treatment",-7,0.06859402815766415,0.018413748466125607,0.03237481588865647,0.10481324042667182,0.0002284697515637646,False,False,0.047596797266007324,-23_to_-2,group_event__sex__men__ln_salario_real_adm,sex,sex,men,Men,ln_salario_real_adm,ols,-23_to_41,-1,2022-11,frozen,False,"ln_salario_real_adm ~ i(event_time, treatment, ref=-1) | cbo_4d + periodo",21949,341
17.0,"C(event_time, contr.treatment(base=-1))[-6]:treatment",-6,0.04087361785609025,0.022046305688232695,-0.0024907099959205273,0.08423794570810103,0.0646065419729871,False,False,0.047596797266007324,-23_to_-2,group_event__sex__men__ln_salario_real_adm,sex,sex,men,Men,ln_salario_real_adm,ols,-23_to_41,-1,2022-11,frozen,False,"ln_salario_real_adm ~ i(event_time, treatment, ref=-1) | cbo_4d + periodo",21949,341
18.0,"C(event_time, contr.treatment(base=-1))[-5]:treatment",-5,0.044547431572601895,0.022073875649314498,0.0011288745518530374,0.08796598859335075,0.0443651505318019,False,False,0.047596797266007324,-23_to_-2,group_event__sex__men__ln_salario_real_adm,sex,sex,men,Men,ln_salario_real_adm,ols,-23_to_41,-1,2022-11,frozen,False,"ln_salario_real_adm ~ i(event_time, treatment, ref=-1) | cbo_4d + periodo",21949,341
19.0,"C(event_time, contr.treatment(base=-1))[-4]:treatment",-4,0.042937620712807725,0.01608605211981034,0.011296907396366941,0.07457833402924852,0.007966893024994981,False,False,0.047596797266007324,-23_to_-2,group_event__sex__men__ln_salario_real_adm,sex,sex,men,Men,ln_salario_real_adm,ols,-23_to_41,-1,2022-11,frozen,False,"ln_salario_real_adm ~ i(event_time, treatment, ref=-1) | cbo_4d + periodo",21949,341
20.0,"C(event_time, contr.treatment(base=-1))[-3]:treatment",-3,0.020825636932751197,0.021690643006310732,-0.021839114611024793,0.06349038847652719,0.337676708195791,False,False,0.047596797266007324,-23_to_-2,group_event__sex__men__ln_salario_real_adm,sex,sex,men,Men,ln_salario_real_adm,ols,-23_to_41,-1,2022-11,frozen,False,"ln_salario_real_adm ~ i(event_time, treatment, ref=-1) | cbo_4d + periodo",21949,341
21.0,"C(event_time, contr.treatment(base=-1))[-2]:treatment",-2,-0.003798235845698311,0.021778898163648412,-0.04663658225981417,0.039040110568417545,0.8616550569495283,False,False,0.047596797266007324,-23_to_-2,group_event__sex__men__ln_salario_real_adm,sex,sex,men,Men,ln_salario_real_adm,ols,-23_to_41,-1,2022-11,frozen,False,"ln_salario_real_adm ~ i(event_time, treatment, ref=-1) | cbo_4d + periodo",21949,341
,reference_event_time,-1,0.0,0.0,0.0,0.0,,True,False,0.047596797266007324,-23_to_-2,group_event__sex__men__ln_salario_real_adm,sex,sex,men,Men,ln_salario_real_adm,ols,-23_to_41,-1,2022-11,frozen,False,"ln_salario_real_adm ~ i(event_time, treatment, ref=-1) | cbo_4d + periodo",21949,341
22.0,"C(event_time, contr.treatment(base=-1))[0]:treatment",0,0.028746529866348593,0.019697317857463852,-0.009997419412747215,0.0674904791454444,0.14537462776855659,False,False,0.047596797266007324,-23_to_-2,group_event__sex__men__ln_salario_real_adm,sex,sex,men,Men,ln_salario_real_adm,ols,-23_to_41,-1,2022-11,frozen,False,"ln_salario_real_adm ~ i(event_time, treatment, ref=-1) | cbo_4d + periodo",21949,341
23.0,"C(event_time, contr.treatment(base=-1))[1]:treatment",1,-0.020495449263283345,0.01934835003223998,-0.05855299078786415,0.017562092261297457,0.29022119383097333,False,False,0.047596797266007324,-23_to_-2,group_event__sex__men__ln_salario_real_adm,sex,sex,men,Men,ln_salario_real_adm,ols,-23_to_41,-1,2022-11,frozen,False,"ln_salario_real_adm ~ i(event_time, treatment, ref=-1) | cbo_4d + periodo",21949,341
24.0,"C(event_time, contr.treatment(base=-1))[2]:treatment",2,-0.006912185183797985,0.026324193968348453,-0.05869097269705848,0.04486660232946251,0.7930339808568359,False,False,0.047596797266007324,-23_to_-2,group_event__sex__men__ln_salario_real_adm,sex,sex,men,Men,ln_salario_real_adm,ols,-23_to_41,-1,2022-11,frozen,False,"ln_salario_real_adm ~ i(event_time, treatment, ref=-1) | cbo_4d + periodo",21949,341
25.0,"C(event_time, contr.treatment(base=-1))[3]:treatment",3,-0.02183708196278041,0.021808719145447023,-0.06473408522625104,0.02105992130069022,0.31739361731589977,False,False,0.047596797266007324,-23_to_-2,group_event__sex__men__ln_salario_real_adm,sex,sex,men,Men,ln_salario_real_adm,ols,-23_to_41,-1,2022-11,frozen,False,"ln_salario_real_adm ~ i(event_time, treatment, ref=-1) | cbo_4d + periodo",21949,341
26.0,"C(event_time, contr.treatment(base=-1))[4]:treatment",4,0.01634133960736163,0.022698896634578348,-0.028306612274487927,0.060989291489211186,0.4720702009984219,False,False,0.047596797266007324,-23_to_-2,group_event__sex__men__ln_salario_real_adm,sex,sex,men,Men,ln_salario_real_adm,ols,-23_to_41,-1,2022-11,frozen,False,"ln_salario_real_adm ~ i(event_time, treatment, ref=-1) | cbo_4d + periodo",21949,341
27.0,"C(event_time, contr.treatment(base=-1))[5]:treatment",5,-0.01579907930778091,0.02082759764365335,-0.05676625019624519,0.02516809158068337,0.4486385364001948,False,False,0.047596797266007324,-23_to_-2,group_event__sex__men__ln_salario_real_adm,sex,sex,men,Men,ln_salario_real_adm,ols,-23_to_41,-1,2022-11,frozen,False,"ln_salario_real_adm ~ i(event_time, treatment, ref=-1) | cbo_4d + periodo",21949,341
28.0,"C(event_time, contr.treatment(base=-1))[6]:treatment",6,0.028192889583149295,0.023893579532113636,-0.018804962621254636,0.07519074178755322,0.2388506510393713,False,False,0.047596797266007324,-23_to_-2,group_event__sex__men__ln_salario_real_adm,sex,sex,men,Men,ln_salario_real_adm,ols,-23_to_41,-1,2022-11,frozen,False,"ln_salario_real_adm ~ i(event_time, treatment, ref=-1) | cbo_4d + periodo",21949,341
29.0,"C(event_time, contr.treatment(base=-1))[7]:treatment",7,-0.0001870308204643612,0.02430155241239903,-0.04798735170082736,0.04761329005989864,0.9938638553468788,False,False,0.047596797266007324,-23_to_-2,group_event__sex__men__ln_salario_real_adm,sex,sex,men,Men,ln_salario_real_adm,ols,-23_to_41,-1,2022-11,frozen,False,"ln_salario_real_adm ~ i(event_time, treatment, ref=-1) | cbo_4d + periodo",21949,341
30.0,"C(event_time, contr.treatment(base=-1))[8]:treatment",8,0.01863711929391325,0.021878868268939217,-0.02439786489174292,0.06167210347956942,0.39490694854997455,False,False,0.047596797266007324,-23_to_-2,group_event__sex__men__ln_salario_real_adm,sex,sex,men,Men,ln_salario_real_adm,ols,-23_to_41,-1,2022-11,frozen,False,"ln_salario_real_adm ~ i(event_time, treatment, ref=-1) | cbo_4d + periodo",21949,341
31.0,"C(event_time, contr.treatment(base=-1))[9]:treatment",9,-0.02365354767783432,0.02430049855860441,-0.07145179566389456,0.024144700308225922,0.33105792758858565,False,False,0.047596797266007324,-23_to_-2,group_event__sex__men__ln_salario_real_adm,sex,sex,men,Men,ln_salario_real_adm,ols,-23_to_41,-1,2022-11,frozen,False,"ln_salario_real_adm ~ i(event_time, treatment, ref=-1) | cbo_4d + periodo",21949,341
32.0,"C(event_time, contr.treatment(base=-1))[10]:treatment",10,-0.016937309879204006,0.02116389869088718,-0.05856597340391557,0.024691353645507556,0.42410015501635323,False,False,0.047596797266007324,-23_to_-2,group_event__sex__men__ln_salario_real_adm,sex,sex,men,Men,ln_salario_real_adm,ols,-23_to_41,-1,2022-11,frozen,False,"ln_salario_real_adm ~ i(event_time, treatment, ref=-1) | cbo_4d + periodo",21949,341
33.0,"C(event_time, contr.treatment(base=-1))[11]:treatment",11,-0.01604549259209178,0.02027669264070926,-0.055929052217026695,0.023838067032843135,0.42930492656094565,False,False,0.047596797266007324,-23_to_-2,group_event__sex__men__ln_salario_real_adm,sex,sex,men,Men,ln_salario_real_adm,ols,-23_to_41,-1,2022-11,frozen,False,"ln_salario_real_adm ~ i(event_time, treatment, ref=-1) | cbo_4d + periodo",21949,341
34.0,"C(event_time, contr.treatment(base=-1))[12]:treatment",12,-0.028794009762118832,0.020942589059773264,-0.06998736482580538,0.012399345301567718,0.17006715744017908,False,False,0.047596797266007324,-23_to_-2,group_event__sex__men__ln_salario_real_adm,sex,sex,men,Men,ln_salario_real_adm,ols,-23_to_41,-1,2022-11,frozen,False,"ln_salario_real_adm ~ i(event_time, treatment, ref=-1) | cbo_4d + periodo",21949,341
35.0,"C(event_time, contr.treatment(base=-1))[13]:treatment",13,0.0031856625433595393,0.02126614222001137,-0.03864411049967166,0.045015435586390734,0.8810114364345369,False,False,0.047596797266007324,-23_to_-2,group_event__sex__men__ln_salario_real_adm,sex,sex,men,Men,ln_salario_real_adm,ols,-23_to_41,-1,2022-11,frozen,False,"ln_salario_real_adm ~ i(event_time, treatment, ref=-1) | cbo_4d + periodo",21949,341
36.0,"C(event_time, contr.treatment(base=-1))[14]:treatment",14,-0.027075613340719354,0.021824153853814844,-0.07000297614666515,0.01585174946522644,0.21559932397280046,False,False,0.047596797266007324,-23_to_-2,group_event__sex__men__ln_salario_real_adm,sex,sex,men,Men,ln_salario_real_adm,ols,-23_to_41,-1,2022-11,frozen,False,"ln_salario_real_adm ~ i(event_time, treatment, ref=-1) | cbo_4d + periodo",21949,341
37.0,"C(event_time, contr.treatment(base=-1))[15]:treatment",15,-0.024682512853201194,0.022780698456318877,-0.06949136611540044,0.020126340408998057,0.279361580311011,False,False,0.047596797266007324,-23_to_-2,group_event__sex__men__ln_salario_real_adm,sex,sex,men,Men,ln_salario_real_adm,ols,-23_to_41,-1,2022-11,frozen,False,"ln_salario_real_adm ~ i(event_time, treatment, ref=-1) | cbo_4d + periodo",21949,341
38.0,"C(event_time, contr.treatment(base=-1))[16]:treatment",16,-0.018004280630513243,0.01933976958140085,-0.056044944702310445,0.02003638344128396,0.35254204422504465,False,False,0.047596797266007324,-23_to_-2,group_event__sex__men__ln_salario_real_adm,sex,sex,men,Men,ln_salario_real_adm,ols,-23_to_41,-1,2022-11,frozen,False,"ln_salario_real_adm ~ i(event_time, treatment, ref=-1) | cbo_4d + periodo",21949,341
39.0,"C(event_time, contr.treatment(base=-1))[17]:treatment",17,-0.00806402682691362,0.02130978568452687,-0.04997964506916375,0.0338515914153365,0.7053555573814545,False,False,0.047596797266007324,-23_to_-2,group_event__sex__men__ln_salario_real_adm,sex,sex,men,Men,ln_salario_real_adm,ols,-23_to_41,-1,2022-11,frozen,False,"ln_salario_real_adm ~ i(event_time, treatment, ref=-1) | cbo_4d + periodo",21949,341
40.0,"C(event_time, contr.treatment(base=-1))[18]:treatment",18,0.01786525487852856,0.02065805696660978,-0.022768435307656723,0.05849894506471384,0.3877538699326182,False,False,0.047596797266007324,-23_to_-2,group_event__sex__men__ln_salario_real_adm,sex,sex,men,Men,ln_salario_real_adm,ols,-23_to_41,-1,2022-11,frozen,False,"ln_salario_real_adm ~ i(event_time, treatment, ref=-1) | cbo_4d + periodo",21949,341
41.0,"C(event_time, contr.treatment(base=-1))[19]:treatment",19,0.008709743205024215,0.019690313446953225,-0.030020428638609698,0.04743991504865813,0.6585270095211964,False,False,0.047596797266007324,-23_to_-2,group_event__sex__men__ln_salario_real_adm,sex,sex,men,Men,ln_salario_real_adm,ols,-23_to_41,-1,2022-11,frozen,False,"ln_salario_real_adm ~ i(event_time, treatment, ref=-1) | cbo_4d + periodo",21949,341
42.0,"C(event_time, contr.treatment(base=-1))[20]:treatment",20,0.009340956200822337,0.02073834282186826,-0.03145065351158843,0.050132565913233104,0.6526949859497593,False,False,0.047596797266007324,-23_to_-2,group_event__sex__men__ln_salario_real_adm,sex,sex,men,Men,ln_salario_real_adm,ols,-23_to_41,-1,2022-11,frozen,False,"ln_salario_real_adm ~ i(event_time, treatment, ref=-1) | cbo_4d + periodo",21949,341
43.0,"C(event_time, contr.treatment(base=-1))[21]:treatment",21,0.022593968502002824,0.02009896915063833,-0.016940015107819822,0.062127952111825466,0.2617484992171544,False,False,0.047596797266007324,-23_to_-2,group_event__sex__men__ln_salario_real_adm,sex,sex,men,Men,ln_salario_real_adm,ols,-23_to_41,-1,2022-11,frozen,False,"ln_salario_real_adm ~ i(event_time, treatment, ref=-1) | cbo_4d + periodo",21949,341
44.0,"C(event_time, contr.treatment(base=-1))[22]:treatment",22,-0.0029479598940384487,0.019100405385175875,-0.040517802793893304,0.03462188300581641,0.8774330956077567,False,False,0.047596797266007324,-23_to_-2,group_event__sex__men__ln_salario_real_adm,sex,sex,men,Men,ln_salario_real_adm,ols,-23_to_41,-1,2022-11,frozen,False,"ln_salario_real_adm ~ i(event_time, treatment, ref=-1) | cbo_4d + periodo",21949,341
45.0,"C(event_time, contr.treatment(base=-1))[23]:treatment",23,-0.02925364504269979,0.022683046107274403,-0.07387041948047524,0.015363129395075663,0.19804180997998921,False,False,0.047596797266007324,-23_to_-2,group_event__sex__men__ln_salario_real_adm,sex,sex,men,Men,ln_salario_real_adm,ols,-23_to_41,-1,2022-11,frozen,False,"ln_salario_real_adm ~ i(event_time, treatment, ref=-1) | cbo_4d + periodo",21949,341
46.0,"C(event_time, contr.treatment(base=-1))[24]:treatment",24,0.03343219032583129,0.026202481536540166,-0.01810719300464963,0.08497157365631222,0.2028558333876398,False,True,0.047596797266007324,-23_to_-2,group_event__sex__men__ln_salario_real_adm,sex,sex,men,Men,ln_salario_real_adm,ols,-23_to_41,-1,2022-11,frozen,False,"ln_salario_real_adm ~ i(event_time, treatment, ref=-1) | cbo_4d + periodo",21949,341
47.0,"C(event_time, contr.treatment(base=-1))[25]:treatment",25,-0.022865017276697305,0.020745377309931787,-0.06367046358608588,0.01794042903269128,0.2711655714872554,False,True,0.047596797266007324,-23_to_-2,group_event__sex__men__ln_salario_real_adm,sex,sex,men,Men,ln_salario_real_adm,ols,-23_to_41,-1,2022-11,frozen,False,"ln_salario_real_adm ~ i(event_time, treatment, ref=-1) | cbo_4d + periodo",21949,341
48.0,"C(event_time, contr.treatment(base=-1))[26]:treatment",26,-0.032699315555195126,0.024718722998328897,-0.08132019668335211,0.015921565572961864,0.18677222684892314,False,True,0.047596797266007324,-23_to_-2,group_event__sex__men__ln_salario_real_adm,sex,sex,men,Men,ln_salario_real_adm,ols,-23_to_41,-1,2022-11,frozen,False,"ln_salario_real_adm ~ i(event_time, treatment, ref=-1) | cbo_4d + periodo",21949,341
49.0,"C(event_time, contr.treatment(base=-1))[27]:treatment",27,-0.010853080950638213,0.019633736243505163,-0.04947196737375919,0.02776580547248276,0.5807792462615797,False,True,0.047596797266007324,-23_to_-2,group_event__sex__men__ln_salario_real_adm,sex,sex,men,Men,ln_salario_real_adm,ols,-23_to_41,-1,2022-11,frozen,False,"ln_salario_real_adm ~ i(event_time, treatment, ref=-1) | cbo_4d + periodo",21949,341
50.0,"C(event_time, contr.treatment(base=-1))[28]:treatment",28,0.012576547432403839,0.020051331111689493,-0.02686373378716723,0.052016828651974906,0.5309375832683452,False,True,0.047596797266007324,-23_to_-2,group_event__sex__men__ln_salario_real_adm,sex,sex,men,Men,ln_salario_real_adm,ols,-23_to_41,-1,2022-11,frozen,False,"ln_salario_real_adm ~ i(event_time, treatment, ref=-1) | cbo_4d + periodo",21949,341
51.0,"C(event_time, contr.treatment(base=-1))[29]:treatment",29,0.012465434533571485,0.020366373985453302,-0.027594525223462008,0.052525394290604974,0.5409074117807058,False,True,0.047596797266007324,-23_to_-2,group_event__sex__men__ln_salario_real_adm,sex,sex,men,Men,ln_salario_real_adm,ols,-23_to_41,-1,2022-11,frozen,False,"ln_salario_real_adm ~ i(event_time, treatment, ref=-1) | cbo_4d + periodo",21949,341
52.0,"C(event_time, contr.treatment(base=-1))[30]:treatment",30,0.01391762083663303,0.02065163969594295,-0.02670344679804422,0.054538688471310284,0.5008179869710472,False,True,0.047596797266007324,-23_to_-2,group_event__sex__men__ln_salario_real_adm,sex,sex,men,Men,ln_salario_real_adm,ols,-23_to_41,-1,2022-11,frozen,False,"ln_salario_real_adm ~ i(event_time, treatment, ref=-1) | cbo_4d + periodo",21949,341
53.0,"C(event_time, contr.treatment(base=-1))[31]:treatment",31,-0.01279552115293192,0.01991155550404234,-0.05196086854179954,0.0263698262359357,0.5209051864566385,False,True,0.047596797266007324,-23_to_-2,group_event__sex__men__ln_salario_real_adm,sex,sex,men,Men,ln_salario_real_adm,ols,-23_to_41,-1,2022-11,frozen,False,"ln_salario_real_adm ~ i(event_time, treatment, ref=-1) | cbo_4d + periodo",21949,341
54.0,"C(event_time, contr.treatment(base=-1))[32]:treatment",32,0.016443638874912764,0.024349160293862845,-0.031450325076962146,0.06433760282678767,0.49992721759353276,False,True,0.047596797266007324,-23_to_-2,group_event__sex__men__ln_salario_real_adm,sex,sex,men,Men,ln_salario_real_adm,ols,-23_to_41,-1,2022-11,frozen,False,"ln_salario_real_adm ~ i(event_time, treatment, ref=-1) | cbo_4d + periodo",21949,341
55.0,"C(event_time, contr.treatment(base=-1))[33]:treatment",33,0.006611462941158947,0.021285714820612915,-0.035256808736582504,0.0484797346189004,0.7562907651306103,False,True,0.047596797266007324,-23_to_-2,group_event__sex__men__ln_salario_real_adm,sex,sex,men,Men,ln_salario_real_adm,ols,-23_to_41,-1,2022-11,frozen,False,"ln_salario_real_adm ~ i(event_time, treatment, ref=-1) | cbo_4d + periodo",21949,341
56.0,"C(event_time, contr.treatment(base=-1))[34]:treatment",34,0.015188294134835086,0.02493549797325242,-0.03385897594100453,0.0642355642106747,0.5428627388622767,False,True,0.047596797266007324,-23_to_-2,group_event__sex__men__ln_salario_real_adm,sex,sex,men,Men,ln_salario_real_adm,ols,-23_to_41,-1,2022-11,frozen,False,"ln_salario_real_adm ~ i(event_time, treatment, ref=-1) | cbo_4d + periodo",21949,341
57.0,"C(event_time, contr.treatment(base=-1))[35]:treatment",35,-0.004449569172037419,0.028883972240603968,-0.061263352833690714,0.052364214489615875,0.8776618931104796,False,True,0.047596797266007324,-23_to_-2,group_event__sex__men__ln_salario_real_adm,sex,sex,men,Men,ln_salario_real_adm,ols,-23_to_41,-1,2022-11,frozen,False,"ln_salario_real_adm ~ i(event_time, treatment, ref=-1) | cbo_4d + periodo",21949,341
58.0,"C(event_time, contr.treatment(base=-1))[36]:treatment",36,0.02168825800319149,0.023194491084574814,-0.023934511179805926,0.06731102718618891,0.35042062485523395,False,True,0.047596797266007324,-23_to_-2,group_event__sex__men__ln_salario_real_adm,sex,sex,men,Men,ln_salario_real_adm,ols,-23_to_41,-1,2022-11,frozen,False,"ln_salario_real_adm ~ i(event_time, treatment, ref=-1) | cbo_4d + periodo",21949,341
59.0,"C(event_time, contr.treatment(base=-1))[37]:treatment",37,-0.005205150626618953,0.02074097959627536,-0.046001946783937,0.0355916455306991,0.8019968398685844,False,True,0.047596797266007324,-23_to_-2,group_event__sex__men__ln_salario_real_adm,sex,sex,men,Men,ln_salario_real_adm,ols,-23_to_41,-1,2022-11,frozen,False,"ln_salario_real_adm ~ i(event_time, treatment, ref=-1) | cbo_4d + periodo",21949,341
60.0,"C(event_time, contr.treatment(base=-1))[38]:treatment",38,-0.04410441271843791,0.02178407180623338,-0.08695293551023883,-0.0012558899266369924,0.04368794112952479,False,True,0.047596797266007324,-23_to_-2,group_event__sex__men__ln_salario_real_adm,sex,sex,men,Men,ln_salario_real_adm,ols,-23_to_41,-1,2022-11,frozen,False,"ln_salario_real_adm ~ i(event_time, treatment, ref=-1) | cbo_4d + periodo",21949,341
61.0,"C(event_time, contr.treatment(base=-1))[39]:treatment",39,-0.019551428407520038,0.019926411627330977,-0.05874599728183781,0.019643140466797732,0.32720085313451586,False,True,0.047596797266007324,-23_to_-2,group_event__sex__men__ln_salario_real_adm,sex,sex,men,Men,ln_salario_real_adm,ols,-23_to_41,-1,2022-11,frozen,False,"ln_salario_real_adm ~ i(event_time, treatment, ref=-1) | cbo_4d + periodo",21949,341
62.0,"C(event_time, contr.treatment(base=-1))[40]:treatment",40,-0.011353657445215356,0.020471815277161083,-0.05162101660999616,0.028913701719565456,0.5795332950414469,False,True,0.047596797266007324,-23_to_-2,group_event__sex__men__ln_salario_real_adm,sex,sex,men,Men,ln_salario_real_adm,ols,-23_to_41,-1,2022-11,frozen,False,"ln_salario_real_adm ~ i(event_time, treatment, ref=-1) | cbo_4d + periodo",21949,341
63.0,"C(event_time, contr.treatment(base=-1))[41]:treatment",41,-0.010350317767883529,0.021756298269056572,-0.05314421096374321,0.03244357542797616,0.6345659094814904,False,True,0.047596797266007324,-23_to_-2,group_event__sex__men__ln_salario_real_adm,sex,sex,men,Men,ln_salario_real_adm,ols,-23_to_41,-1,2022-11,frozen,False,"ln_salario_real_adm ~ i(event_time, treatment, ref=-1) | cbo_4d + periodo",21949,341
0.0,"C(event_time, contr.treatment(base=-1))[-23]:treatment",-23,-0.06751510109441611,0.14117890274301437,-0.3452091651662451,0.2101789629774129,0.6327983184053694,False,False,-0.09510611237809076,-23_to_-2,group_event__sex__women__admissoes,sex,sex,women,Women,admissoes,ppml,-23_to_41,-1,2022-11,frozen,False,"admissoes ~ i(event_time, treatment, ref=-1) | cbo_4d + periodo",22049,341
1.0,"C(event_time, contr.treatment(base=-1))[-22]:treatment",-22,-0.20582115037348173,0.1404515139985411,-0.48208446570956964,0.07044216496260616,0.143729148570249,False,False,-0.09510611237809076,-23_to_-2,group_event__sex__women__admissoes,sex,sex,women,Women,admissoes,ppml,-23_to_41,-1,2022-11,frozen,False,"admissoes ~ i(event_time, treatment, ref=-1) | cbo_4d + periodo",22049,341
2.0,"C(event_time, contr.treatment(base=-1))[-21]:treatment",-21,-0.12437380879376009,0.12394224289066866,-0.3681639535658731,0.11941633597835294,0.31634198705021044,False,False,-0.09510611237809076,-23_to_-2,group_event__sex__women__admissoes,sex,sex,women,Women,admissoes,ppml,-23_to_41,-1,2022-11,frozen,False,"admissoes ~ i(event_time, treatment, ref=-1) | cbo_4d + periodo",22049,341
3.0,"C(event_time, contr.treatment(base=-1))[-20]:treatment",-20,-0.02568807471822014,0.12255769318648234,-0.26675485766505524,0.215378708228615,0.834105526220559,False,False,-0.09510611237809076,-23_to_-2,group_event__sex__women__admissoes,sex,sex,women,Women,admissoes,ppml,-23_to_41,-1,2022-11,frozen,False,"admissoes ~ i(event_time, treatment, ref=-1) | cbo_4d + periodo",22049,341
4.0,"C(event_time, contr.treatment(base=-1))[-19]:treatment",-19,-0.06686030190198233,0.10775227075847019,-0.27880532625420096,0.14508472245023632,0.5353442351851325,False,False,-0.09510611237809076,-23_to_-2,group_event__sex__women__admissoes,sex,sex,women,Women,admissoes,ppml,-23_to_41,-1,2022-11,frozen,False,"admissoes ~ i(event_time, treatment, ref=-1) | cbo_4d + periodo",22049,341
5.0,"C(event_time, contr.treatment(base=-1))[-18]:treatment",-18,-0.05206981085565495,0.09713444008124868,-0.24312992609541717,0.13899030438410725,0.5922681496965541,False,False,-0.09510611237809076,-23_to_-2,group_event__sex__women__admissoes,sex,sex,women,Women,admissoes,ppml,-23_to_41,-1,2022-11,frozen,False,"admissoes ~ i(event_time, treatment, ref=-1) | cbo_4d + periodo",22049,341
6.0,"C(event_time, contr.treatment(base=-1))[-17]:treatment",-17,-0.0680871640114761,0.10246893316660437,-0.269640044358869,0.13346571633591683,0.5068422288053358,False,False,-0.09510611237809076,-23_to_-2,group_event__sex__women__admissoes,sex,sex,women,Women,admissoes,ppml,-23_to_41,-1,2022-11,frozen,False,"admissoes ~ i(event_time, treatment, ref=-1) | cbo_4d + periodo",22049,341
7.0,"C(event_time, contr.treatment(base=-1))[-16]:treatment",-16,-0.12606205291054373,0.10798063643732694,-0.3384562647279157,0.08633215890682819,0.2438465391272342,False,False,-0.09510611237809076,-23_to_-2,group_event__sex__women__admissoes,sex,sex,women,Women,admissoes,ppml,-23_to_41,-1,2022-11,frozen,False,"admissoes ~ i(event_time, treatment, ref=-1) | cbo_4d + periodo",22049,341
8.0,"C(event_time, contr.treatment(base=-1))[-15]:treatment",-15,-0.11954283522446812,0.0900657157432988,-0.29669901190776016,0.05761334145882391,0.18530512588640446,False,False,-0.09510611237809076,-23_to_-2,group_event__sex__women__admissoes,sex,sex,women,Women,admissoes,ppml,-23_to_41,-1,2022-11,frozen,False,"admissoes ~ i(event_time, treatment, ref=-1) | cbo_4d + periodo",22049,341
9.0,"C(event_time, contr.treatment(base=-1))[-14]:treatment",-14,-0.06862472564337795,0.08081383976470716,-0.22758277930073673,0.09033332801398082,0.3963839422767026,False,False,-0.09510611237809076,-23_to_-2,group_event__sex__women__admissoes,sex,sex,women,Women,admissoes,ppml,-23_to_41,-1,2022-11,frozen,False,"admissoes ~ i(event_time, treatment, ref=-1) | cbo_4d + periodo",22049,341
10.0,"C(event_time, contr.treatment(base=-1))[-13]:treatment",-13,0.043837697459731755,0.04467345687049247,-0.04403346142784121,0.13170885634730473,0.3271465950098853,False,False,-0.09510611237809076,-23_to_-2,group_event__sex__women__admissoes,sex,sex,women,Women,admissoes,ppml,-23_to_41,-1,2022-11,frozen,False,"admissoes ~ i(event_time, treatment, ref=-1) | cbo_4d + periodo",22049,341
11.0,"C(event_time, contr.treatment(base=-1))[-12]:treatment",-12,0.09000397259045381,0.04231139820098074,0.006778902167718884,0.17322904301318875,0.034124554932478235,False,False,-0.09510611237809076,-23_to_-2,group_event__sex__women__admissoes,sex,sex,women,Women,admissoes,ppml,-23_to_41,-1,2022-11,frozen,False,"admissoes ~ i(event_time, treatment, ref=-1) | cbo_4d + periodo",22049,341
12.0,"C(event_time, contr.treatment(base=-1))[-11]:treatment",-11,-0.11737949127240008,0.11343782708483893,-0.34050781009782044,0.10574882755302029,0.3015223204227646,False,False,-0.09510611237809076,-23_to_-2,group_event__sex__women__admissoes,sex,sex,women,Women,admissoes,ppml,-23_to_41,-1,2022-11,frozen,False,"admissoes ~ i(event_time, treatment, ref=-1) | cbo_4d + periodo",22049,341
13.0,"C(event_time, contr.treatment(base=-1))[-10]:treatment",-10,-0.22482665288747034,0.14121084334514683,-0.50258354302922,0.05293023725427942,0.1122837428242689,False,False,-0.09510611237809076,-23_to_-2,group_event__sex__women__admissoes,sex,sex,women,Women,admissoes,ppml,-23_to_41,-1,2022-11,frozen,False,"admissoes ~ i(event_time, treatment, ref=-1) | cbo_4d + periodo",22049,341
14.0,"C(event_time, contr.treatment(base=-1))[-9]:treatment",-9,-0.14022825282250775,0.11269259879313279,-0.3618907331340683,0.08143422748905274,0.2142304398574968,False,False,-0.09510611237809076,-23_to_-2,group_event__sex__women__admissoes,sex,sex,women,Women,admissoes,ppml,-23_to_41,-1,2022-11,frozen,False,"admissoes ~ i(event_time, treatment, ref=-1) | cbo_4d + periodo",22049,341
15.0,"C(event_time, contr.treatment(base=-1))[-8]:treatment",-8,-0.058081979217634395,0.09662540998859284,-0.2481408497075223,0.1319768912722535,0.5481708431858414,False,False,-0.09510611237809076,-23_to_-2,group_event__sex__women__admissoes,sex,sex,women,Women,admissoes,ppml,-23_to_41,-1,2022-11,frozen,False,"admissoes ~ i(event_time, treatment, ref=-1) | cbo_4d + periodo",22049,341
16.0,"C(event_time, contr.treatment(base=-1))[-7]:treatment",-7,-0.12826607034092977,0.08631641262285673,-0.29804749625959837,0.041515355577738805,0.13820612953305167,False,False,-0.09510611237809076,-23_to_-2,group_event__sex__women__admissoes,sex,sex,women,Women,admissoes,ppml,-23_to_41,-1,2022-11,frozen,False,"admissoes ~ i(event_time, treatment, ref=-1) | cbo_4d + periodo",22049,341
17.0,"C(event_time, contr.treatment(base=-1))[-6]:treatment",-6,-0.12940608854207403,0.08991216145756553,-0.3062602292070062,0.04744805212285813,0.15099965818603422,False,False,-0.09510611237809076,-23_to_-2,group_event__sex__women__admissoes,sex,sex,women,Women,admissoes,ppml,-23_to_41,-1,2022-11,frozen,False,"admissoes ~ i(event_time, treatment, ref=-1) | cbo_4d + periodo",22049,341
18.0,"C(event_time, contr.treatment(base=-1))[-5]:treatment",-5,-0.14352375206294365,0.0888067148102025,-0.31820351705164884,0.03115601292576156,0.10699231393943487,False,False,-0.09510611237809076,-23_to_-2,group_event__sex__women__admissoes,sex,sex,women,Women,admissoes,ppml,-23_to_41,-1,2022-11,frozen,False,"admissoes ~ i(event_time, treatment, ref=-1) | cbo_4d + periodo",22049,341
19.0,"C(event_time, contr.treatment(base=-1))[-4]:treatment",-4,-0.16652510480731092,0.09086592646953479,-0.3452552685691598,0.012205058954537967,0.06772955677289172,False,False,-0.09510611237809076,-23_to_-2,group_event__sex__women__admissoes,sex,sex,women,Women,admissoes,ppml,-23_to_41,-1,2022-11,frozen,False,"admissoes ~ i(event_time, treatment, ref=-1) | cbo_4d + periodo",22049,341
20.0,"C(event_time, contr.treatment(base=-1))[-3]:treatment",-3,-0.10320462587834305,0.07602267969104462,-0.25273863184427103,0.046329380087584957,0.17550671565176268,False,False,-0.09510611237809076,-23_to_-2,group_event__sex__women__admissoes,sex,sex,women,Women,admissoes,ppml,-23_to_41,-1,2022-11,frozen,False,"admissoes ~ i(event_time, treatment, ref=-1) | cbo_4d + periodo",22049,341
21.0,"C(event_time, contr.treatment(base=-1))[-2]:treatment",-2,-0.09008909900918699,0.052496413798973574,-0.19334774611433841,0.013169548095964448,0.08705461911197143,False,False,-0.09510611237809076,-23_to_-2,group_event__sex__women__admissoes,sex,sex,women,Women,admissoes,ppml,-23_to_41,-1,2022-11,frozen,False,"admissoes ~ i(event_time, treatment, ref=-1) | cbo_4d + periodo",22049,341
,reference_event_time,-1,0.0,0.0,0.0,0.0,,True,False,-0.09510611237809076,-23_to_-2,group_event__sex__women__admissoes,sex,sex,women,Women,admissoes,ppml,-23_to_41,-1,2022-11,frozen,False,"admissoes ~ i(event_time, treatment, ref=-1) | cbo_4d + periodo",22049,341
22.0,"C(event_time, contr.treatment(base=-1))[0]:treatment",0,-0.0011797277693033137,0.052376861156656795,-0.10420321892359781,0.1018437633849912,0.9820433121323133,False,False,-0.09510611237809076,-23_to_-2,group_event__sex__women__admissoes,sex,sex,women,Women,admissoes,ppml,-23_to_41,-1,2022-11,frozen,False,"admissoes ~ i(event_time, treatment, ref=-1) | cbo_4d + periodo",22049,341
23.0,"C(event_time, contr.treatment(base=-1))[1]:treatment",1,-0.13495625287025376,0.09276264393309654,-0.3174171948901773,0.04750468914966979,0.1466318225629224,False,False,-0.09510611237809076,-23_to_-2,group_event__sex__women__admissoes,sex,sex,women,Women,admissoes,ppml,-23_to_41,-1,2022-11,frozen,False,"admissoes ~ i(event_time, treatment, ref=-1) | cbo_4d + periodo",22049,341
24.0,"C(event_time, contr.treatment(base=-1))[2]:treatment",2,-0.2788546201060096,0.11584157741528735,-0.5067110334647277,-0.05099820674729147,0.01660748003498913,False,False,-0.09510611237809076,-23_to_-2,group_event__sex__women__admissoes,sex,sex,women,Women,admissoes,ppml,-23_to_41,-1,2022-11,frozen,False,"admissoes ~ i(event_time, treatment, ref=-1) | cbo_4d + periodo",22049,341
25.0,"C(event_time, contr.treatment(base=-1))[3]:treatment",3,-0.19388783912619045,0.08126831985056827,-0.35373983953926397,-0.03403583871311694,0.017590139590946574,False,False,-0.09510611237809076,-23_to_-2,group_event__sex__women__admissoes,sex,sex,women,Women,admissoes,ppml,-23_to_41,-1,2022-11,frozen,False,"admissoes ~ i(event_time, treatment, ref=-1) | cbo_4d + periodo",22049,341
26.0,"C(event_time, contr.treatment(base=-1))[4]:treatment",4,-0.14168676227584437,0.07116845552007503,-0.28167267563188736,-0.0017008489198013788,0.04729585222183674,False,False,-0.09510611237809076,-23_to_-2,group_event__sex__women__admissoes,sex,sex,women,Women,admissoes,ppml,-23_to_41,-1,2022-11,frozen,False,"admissoes ~ i(event_time, treatment, ref=-1) | cbo_4d + periodo",22049,341
27.0,"C(event_time, contr.treatment(base=-1))[5]:treatment",5,-0.19881406986033753,0.06839830071621039,-0.333351183639056,-0.06427695608161904,0.0038921515868390877,False,False,-0.09510611237809076,-23_to_-2,group_event__sex__women__admissoes,sex,sex,women,Women,admissoes,ppml,-23_to_41,-1,2022-11,frozen,False,"admissoes ~ i(event_time, treatment, ref=-1) | cbo_4d + periodo",22049,341
28.0,"C(event_time, contr.treatment(base=-1))[6]:treatment",6,-0.14302913506814485,0.06764527620287868,-0.2760850754322106,-0.009973194704079091,0.03520864750656605,False,False,-0.09510611237809076,-23_to_-2,group_event__sex__women__admissoes,sex,sex,women,Women,admissoes,ppml,-23_to_41,-1,2022-11,frozen,False,"admissoes ~ i(event_time, treatment, ref=-1) | cbo_4d + periodo",22049,341
29.0,"C(event_time, contr.treatment(base=-1))[7]:treatment",7,-0.13941890303806465,0.06675219072980121,-0.27071817487897415,-0.008119631197155142,0.037486809973943824,False,False,-0.09510611237809076,-23_to_-2,group_event__sex__women__admissoes,sex,sex,women,Women,admissoes,ppml,-23_to_41,-1,2022-11,frozen,False,"admissoes ~ i(event_time, treatment, ref=-1) | cbo_4d + periodo",22049,341
30.0,"C(event_time, contr.treatment(base=-1))[8]:treatment",8,-0.18600435351627143,0.07169993574894844,-0.32703567027085434,-0.04497303676168854,0.009891210619734192,False,False,-0.09510611237809076,-23_to_-2,group_event__sex__women__admissoes,sex,sex,women,Women,admissoes,ppml,-23_to_41,-1,2022-11,frozen,False,"admissoes ~ i(event_time, treatment, ref=-1) | cbo_4d + periodo",22049,341
31.0,"C(event_time, contr.treatment(base=-1))[9]:treatment",9,-0.15549816546024278,0.05819608617195446,-0.2699678728185828,-0.041028458101902754,0.007903851682668828,False,False,-0.09510611237809076,-23_to_-2,group_event__sex__women__admissoes,sex,sex,women,Women,admissoes,ppml,-23_to_41,-1,2022-11,frozen,False,"admissoes ~ i(event_time, treatment, ref=-1) | cbo_4d + periodo",22049,341
32.0,"C(event_time, contr.treatment(base=-1))[10]:treatment",10,-0.12161994421392065,0.04941883902508565,-0.21882510719473705,-0.024414781233104255,0.014351208228580825,False,False,-0.09510611237809076,-23_to_-2,group_event__sex__women__admissoes,sex,sex,women,Women,admissoes,ppml,-23_to_41,-1,2022-11,frozen,False,"admissoes ~ i(event_time, treatment, ref=-1) | cbo_4d + periodo",22049,341
33.0,"C(event_time, contr.treatment(base=-1))[11]:treatment",11,-0.02658235970625016,0.018984737929162956,-0.06392468868357833,0.010759969271078005,0.16236640179516137,False,False,-0.09510611237809076,-23_to_-2,group_event__sex__women__admissoes,sex,sex,women,Women,admissoes,ppml,-23_to_41,-1,2022-11,frozen,False,"admissoes ~ i(event_time, treatment, ref=-1) | cbo_4d + periodo",22049,341
34.0,"C(event_time, contr.treatment(base=-1))[12]:treatment",12,0.005963610978725863,0.04549457018496427,-0.08352264966221759,0.09544987161966931,0.8957863728551805,False,False,-0.09510611237809076,-23_to_-2,group_event__sex__women__admissoes,sex,sex,women,Women,admissoes,ppml,-23_to_41,-1,2022-11,frozen,False,"admissoes ~ i(event_time, treatment, ref=-1) | cbo_4d + periodo",22049,341
35.0,"C(event_time, contr.treatment(base=-1))[13]:treatment",13,-0.15594061805383416,0.09069399224579837,-0.33433259308907626,0.02245135698140796,0.0864489148750176,False,False,-0.09510611237809076,-23_to_-2,group_event__sex__women__admissoes,sex,sex,women,Women,admissoes,ppml,-23_to_41,-1,2022-11,frozen,False,"admissoes ~ i(event_time, treatment, ref=-1) | cbo_4d + periodo",22049,341
36.0,"C(event_time, contr.treatment(base=-1))[14]:treatment",14,-0.28792988944527853,0.10009047516936018,-0.48480442441212157,-0.09105535447843549,0.004272328532835212,False,False,-0.09510611237809076,-23_to_-2,group_event__sex__women__admissoes,sex,sex,women,Women,admissoes,ppml,-23_to_41,-1,2022-11,frozen,False,"admissoes ~ i(event_time, treatment, ref=-1) | cbo_4d + periodo",22049,341
37.0,"C(event_time, contr.treatment(base=-1))[15]:treatment",15,-0.19425237525171524,0.07517977398846874,-0.34212841458360804,-0.04637633591982243,0.01018746477181054,False,False,-0.09510611237809076,-23_to_-2,group_event__sex__women__admissoes,sex,sex,women,Women,admissoes,ppml,-23_to_41,-1,2022-11,frozen,False,"admissoes ~ i(event_time, treatment, ref=-1) | cbo_4d + periodo",22049,341
38.0,"C(event_time, contr.treatment(base=-1))[16]:treatment",16,-0.1988099456963022,0.07044607372251924,-0.33737495880962315,-0.06024493258298125,0.005050757427693675,False,False,-0.09510611237809076,-23_to_-2,group_event__sex__women__admissoes,sex,sex,women,Women,admissoes,ppml,-23_to_41,-1,2022-11,frozen,False,"admissoes ~ i(event_time, treatment, ref=-1) | cbo_4d + periodo",22049,341
39.0,"C(event_time, contr.treatment(base=-1))[17]:treatment",17,-0.21483220093583555,0.058284187329846596,-0.329475200252883,-0.1001892016187881,0.00026508945857250943,False,False,-0.09510611237809076,-23_to_-2,group_event__sex__women__admissoes,sex,sex,women,Women,admissoes,ppml,-23_to_41,-1,2022-11,frozen,False,"admissoes ~ i(event_time, treatment, ref=-1) | cbo_4d + periodo",22049,341
40.0,"C(event_time, contr.treatment(base=-1))[18]:treatment",18,-0.22661318215286097,0.0577785945951462,-0.34026169788534827,-0.11296466642037367,0.0001062103648732382,False,False,-0.09510611237809076,-23_to_-2,group_event__sex__women__admissoes,sex,sex,women,Women,admissoes,ppml,-23_to_41,-1,2022-11,frozen,False,"admissoes ~ i(event_time, treatment, ref=-1) | cbo_4d + periodo",22049,341
41.0,"C(event_time, contr.treatment(base=-1))[19]:treatment",19,-0.18838474592524485,0.06774280840963172,-0.321632528797964,-0.05513696305252572,0.005723203305562752,False,False,-0.09510611237809076,-23_to_-2,group_event__sex__women__admissoes,sex,sex,women,Women,admissoes,ppml,-23_to_41,-1,2022-11,frozen,False,"admissoes ~ i(event_time, treatment, ref=-1) | cbo_4d + periodo",22049,341
42.0,"C(event_time, contr.treatment(base=-1))[20]:treatment",20,-0.2013968650357766,0.07044791851709793,-0.33996550679682025,-0.06282822327473295,0.0045147369344202826,False,False,-0.09510611237809076,-23_to_-2,group_event__sex__women__admissoes,sex,sex,women,Women,admissoes,ppml,-23_to_41,-1,2022-11,frozen,False,"admissoes ~ i(event_time, treatment, ref=-1) | cbo_4d + periodo",22049,341
43.0,"C(event_time, contr.treatment(base=-1))[21]:treatment",21,-0.1936640177527131,0.07566124373276996,-0.3424870915736471,-0.04484094393177909,0.010910675595813935,False,False,-0.09510611237809076,-23_to_-2,group_event__sex__women__admissoes,sex,sex,women,Women,admissoes,ppml,-23_to_41,-1,2022-11,frozen,False,"admissoes ~ i(event_time, treatment, ref=-1) | cbo_4d + periodo",22049,341
44.0,"C(event_time, contr.treatment(base=-1))[22]:treatment",22,-0.20060684803430817,0.05231872932399134,-0.3035159958656899,-0.09769770020292642,0.00015001993457319784,False,False,-0.09510611237809076,-23_to_-2,group_event__sex__women__admissoes,sex,sex,women,Women,admissoes,ppml,-23_to_41,-1,2022-11,frozen,False,"admissoes ~ i(event_time, treatment, ref=-1) | cbo_4d + periodo",22049,341
45.0,"C(event_time, contr.treatment(base=-1))[23]:treatment",23,-0.08957849376635334,0.0353441798277995,-0.15909928438712367,-0.020057703145583,0.011710123263767303,False,False,-0.09510611237809076,-23_to_-2,group_event__sex__women__admissoes,sex,sex,women,Women,admissoes,ppml,-23_to_41,-1,2022-11,frozen,False,"admissoes ~ i(event_time, treatment, ref=-1) | cbo_4d + periodo",22049,341
46.0,"C(event_time, contr.treatment(base=-1))[24]:treatment",24,-0.04433691701851848,0.06242870020677268,-0.16713203114897124,0.07845819711193426,0.47806640545678514,False,True,-0.09510611237809076,-23_to_-2,group_event__sex__women__admissoes,sex,sex,women,Women,admissoes,ppml,-23_to_41,-1,2022-11,frozen,False,"admissoes ~ i(event_time, treatment, ref=-1) | cbo_4d + periodo",22049,341
47.0,"C(event_time, contr.treatment(base=-1))[25]:treatment",25,-0.2290170407720225,0.07831709472046407,-0.383064082480598,-0.07496999906344706,0.0036847949745537623,False,True,-0.09510611237809076,-23_to_-2,group_event__sex__women__admissoes,sex,sex,women,Women,admissoes,ppml,-23_to_41,-1,2022-11,frozen,False,"admissoes ~ i(event_time, treatment, ref=-1) | cbo_4d + periodo",22049,341
48.0,"C(event_time, contr.treatment(base=-1))[26]:treatment",26,-0.3030448350226174,0.09155165856807757,-0.4831238103250651,-0.12296585972016977,0.0010326481443116986,False,True,-0.09510611237809076,-23_to_-2,group_event__sex__women__admissoes,sex,sex,women,Women,admissoes,ppml,-23_to_41,-1,2022-11,frozen,False,"admissoes ~ i(event_time, treatment, ref=-1) | cbo_4d + periodo",22049,341
49.0,"C(event_time, contr.treatment(base=-1))[27]:treatment",27,-0.21444709397405096,0.06432596581006648,-0.3409740645346488,-0.08792012341345312,0.0009512539286817834,False,True,-0.09510611237809076,-23_to_-2,group_event__sex__women__admissoes,sex,sex,women,Women,admissoes,ppml,-23_to_41,-1,2022-11,frozen,False,"admissoes ~ i(event_time, treatment, ref=-1) | cbo_4d + periodo",22049,341
50.0,"C(event_time, contr.treatment(base=-1))[28]:treatment",28,-0.20262947677335527,0.061879933254739235,-0.32434518511315763,-0.08091376843355291,0.00116714146231911,False,True,-0.09510611237809076,-23_to_-2,group_event__sex__women__admissoes,sex,sex,women,Women,admissoes,ppml,-23_to_41,-1,2022-11,frozen,False,"admissoes ~ i(event_time, treatment, ref=-1) | cbo_4d + periodo",22049,341
51.0,"C(event_time, contr.treatment(base=-1))[29]:treatment",29,-0.23179494571905038,0.049127243437411136,-0.3284265501706994,-0.13516334126740137,3.479843202924826e-06,False,True,-0.09510611237809076,-23_to_-2,group_event__sex__women__admissoes,sex,sex,women,Women,admissoes,ppml,-23_to_41,-1,2022-11,frozen,False,"admissoes ~ i(event_time, treatment, ref=-1) | cbo_4d + periodo",22049,341
52.0,"C(event_time, contr.treatment(base=-1))[30]:treatment",30,-0.1808926761682339,0.06106519869370845,-0.3010058295441105,-0.06077952279235735,0.0032686138645412477,False,True,-0.09510611237809076,-23_to_-2,group_event__sex__women__admissoes,sex,sex,women,Women,admissoes,ppml,-23_to_41,-1,2022-11,frozen,False,"admissoes ~ i(event_time, treatment, ref=-1) | cbo_4d + periodo",22049,341
53.0,"C(event_time, contr.treatment(base=-1))[31]:treatment",31,-0.20576997782832135,0.06306011953210014,-0.32980707213553495,-0.08173288352110773,0.0012139600581799748,False,True,-0.09510611237809076,-23_to_-2,group_event__sex__women__admissoes,sex,sex,women,Women,admissoes,ppml,-23_to_41,-1,2022-11,frozen,False,"admissoes ~ i(event_time, treatment, ref=-1) | cbo_4d + periodo",22049,341
54.0,"C(event_time, contr.treatment(base=-1))[32]:treatment",32,-0.22100061657606607,0.0622565510262245,-0.343457119167229,-0.09854411398490313,0.0004397340141044648,False,True,-0.09510611237809076,-23_to_-2,group_event__sex__women__admissoes,sex,sex,women,Women,admissoes,ppml,-23_to_41,-1,2022-11,frozen,False,"admissoes ~ i(event_time, treatment, ref=-1) | cbo_4d + periodo",22049,341
55.0,"C(event_time, contr.treatment(base=-1))[33]:treatment",33,-0.2183256325331855,0.06140965270695688,-0.3391163151500912,-0.09753494991627976,0.0004311257649618483,False,True,-0.09510611237809076,-23_to_-2,group_event__sex__women__admissoes,sex,sex,women,Women,admissoes,ppml,-23_to_41,-1,2022-11,frozen,False,"admissoes ~ i(event_time, treatment, ref=-1) | cbo_4d + periodo",22049,341
56.0,"C(event_time, contr.treatment(base=-1))[34]:treatment",34,-0.21183721987424237,0.03875646822420512,-0.28806986484557295,-0.13560457490291178,8.928763617355173e-08,False,True,-0.09510611237809076,-23_to_-2,group_event__sex__women__admissoes,sex,sex,women,Women,admissoes,ppml,-23_to_41,-1,2022-11,frozen,False,"admissoes ~ i(event_time, treatment, ref=-1) | cbo_4d + periodo",22049,341
57.0,"C(event_time, contr.treatment(base=-1))[35]:treatment",35,-0.10361936174976735,0.031185962015472454,-0.1649610804188108,-0.0422776430807239,0.0009887629340630255,False,True,-0.09510611237809076,-23_to_-2,group_event__sex__women__admissoes,sex,sex,women,Women,admissoes,ppml,-23_to_41,-1,2022-11,frozen,False,"admissoes ~ i(event_time, treatment, ref=-1) | cbo_4d + periodo",22049,341
58.0,"C(event_time, contr.treatment(base=-1))[36]:treatment",36,-0.06257280185605364,0.07591197273686896,-0.21188905103659272,0.08674344732448545,0.41035773946914045,False,True,-0.09510611237809076,-23_to_-2,group_event__sex__women__admissoes,sex,sex,women,Women,admissoes,ppml,-23_to_41,-1,2022-11,frozen,False,"admissoes ~ i(event_time, treatment, ref=-1) | cbo_4d + periodo",22049,341
59.0,"C(event_time, contr.treatment(base=-1))[37]:treatment",37,-0.22231936401935937,0.06766449327178267,-0.35541310369946894,-0.0892256243392498,0.0011236560386977956,False,True,-0.09510611237809076,-23_to_-2,group_event__sex__women__admissoes,sex,sex,women,Women,admissoes,ppml,-23_to_41,-1,2022-11,frozen,False,"admissoes ~ i(event_time, treatment, ref=-1) | cbo_4d + periodo",22049,341
60.0,"C(event_time, contr.treatment(base=-1))[38]:treatment",38,-0.3283194633358962,0.09100437283188634,-0.5073219463484999,-0.14931698032329246,0.0003552344223889392,False,True,-0.09510611237809076,-23_to_-2,group_event__sex__women__admissoes,sex,sex,women,Women,admissoes,ppml,-23_to_41,-1,2022-11,frozen,False,"admissoes ~ i(event_time, treatment, ref=-1) | cbo_4d + periodo",22049,341
61.0,"C(event_time, contr.treatment(base=-1))[39]:treatment",39,-0.2242122526494734,0.06766316927135506,-0.35730338806610995,-0.09112111723283686,0.0010200139907228234,False,True,-0.09510611237809076,-23_to_-2,group_event__sex__women__admissoes,sex,sex,women,Women,admissoes,ppml,-23_to_41,-1,2022-11,frozen,False,"admissoes ~ i(event_time, treatment, ref=-1) | cbo_4d + periodo",22049,341
62.0,"C(event_time, contr.treatment(base=-1))[40]:treatment",40,-0.20080889084966408,0.05600329730897687,-0.31096545765243466,-0.0906523240468935,0.00038546768279723587,False,True,-0.09510611237809076,-23_to_-2,group_event__sex__women__admissoes,sex,sex,women,Women,admissoes,ppml,-23_to_41,-1,2022-11,frozen,False,"admissoes ~ i(event_time, treatment, ref=-1) | cbo_4d + periodo",22049,341
63.0,"C(event_time, contr.treatment(base=-1))[41]:treatment",41,-0.24748836301752894,0.056812493353689195,-0.3592365907124092,-0.13574013532264867,1.7542409711523987e-05,False,True,-0.09510611237809076,-23_to_-2,group_event__sex__women__admissoes,sex,sex,women,Women,admissoes,ppml,-23_to_41,-1,2022-11,frozen,False,"admissoes ~ i(event_time, treatment, ref=-1) | cbo_4d + periodo",22049,341
0.0,"C(event_time, contr.treatment(base=-1))[-23]:treatment",-23,-0.02430795338200083,0.023025910889903398,-0.06959960835095971,0.020983701586958056,0.2918669942585852,False,False,0.022259210776415954,-23_to_-2,group_event__sex__women__ln_salario_real_adm,sex,sex,women,Women,ln_salario_real_adm,ols,-23_to_41,-1,2022-11,frozen,False,"ln_salario_real_adm ~ i(event_time, treatment, ref=-1) | cbo_4d + periodo",21342,340
1.0,"C(event_time, contr.treatment(base=-1))[-22]:treatment",-22,0.009150073883348318,0.031374807813263426,-0.05256374829681232,0.07086389606350896,0.7707420933209137,False,False,0.022259210776415954,-23_to_-2,group_event__sex__women__ln_salario_real_adm,sex,sex,women,Women,ln_salario_real_adm,ols,-23_to_41,-1,2022-11,frozen,False,"ln_salario_real_adm ~ i(event_time, treatment, ref=-1) | cbo_4d + periodo",21342,340
2.0,"C(event_time, contr.treatment(base=-1))[-21]:treatment",-21,0.02099014047396804,0.028745056747805153,-0.0355509969650554,0.07753127791299148,0.465761622073503,False,False,0.022259210776415954,-23_to_-2,group_event__sex__women__ln_salario_real_adm,sex,sex,women,Women,ln_salario_real_adm,ols,-23_to_41,-1,2022-11,frozen,False,"ln_salario_real_adm ~ i(event_time, treatment, ref=-1) | cbo_4d + periodo",21342,340
3.0,"C(event_time, contr.treatment(base=-1))[-20]:treatment",-20,0.008699574449251403,0.024371256665663154,-0.039238357445775834,0.05663750634427864,0.7213435186253503,False,False,0.022259210776415954,-23_to_-2,group_event__sex__women__ln_salario_real_adm,sex,sex,women,Women,ln_salario_real_adm,ols,-23_to_41,-1,2022-11,frozen,False,"ln_salario_real_adm ~ i(event_time, treatment, ref=-1) | cbo_4d + periodo",21342,340
4.0,"C(event_time, contr.treatment(base=-1))[-19]:treatment",-19,0.018738281688019456,0.02544753176150171,-0.03131666874866199,0.0687932321247009,0.46202715611436274,False,False,0.022259210776415954,-23_to_-2,group_event__sex__women__ln_salario_real_adm,sex,sex,women,Women,ln_salario_real_adm,ols,-23_to_41,-1,2022-11,frozen,False,"ln_salario_real_adm ~ i(event_time, treatment, ref=-1) | cbo_4d + periodo",21342,340
5.0,"C(event_time, contr.treatment(base=-1))[-18]:treatment",-18,0.057440489633990226,0.030238468903534738,-0.0020381692958078707,0.11691914856378832,0.05833634770752161,False,False,0.022259210776415954,-23_to_-2,group_event__sex__women__ln_salario_real_adm,sex,sex,women,Women,ln_salario_real_adm,ols,-23_to_41,-1,2022-11,frozen,False,"ln_salario_real_adm ~ i(event_time, treatment, ref=-1) | cbo_4d + periodo",21342,340
6.0,"C(event_time, contr.treatment(base=-1))[-17]:treatment",-17,0.032017487122742265,0.023054065399969088,-0.013329547386327432,0.07736452163181196,0.16580528907328596,False,False,0.022259210776415954,-23_to_-2,group_event__sex__women__ln_salario_real_adm,sex,sex,women,Women,ln_salario_real_adm,ols,-23_to_41,-1,2022-11,frozen,False,"ln_salario_real_adm ~ i(event_time, treatment, ref=-1) | cbo_4d + periodo",21342,340
7.0,"C(event_time, contr.treatment(base=-1))[-16]:treatment",-16,0.014478248472158076,0.024306136415738325,-0.033331592772940476,0.06228808971725663,0.5517983277662504,False,False,0.022259210776415954,-23_to_-2,group_event__sex__women__ln_salario_real_adm,sex,sex,women,Women,ln_salario_real_adm,ols,-23_to_41,-1,2022-11,frozen,False,"ln_salario_real_adm ~ i(event_time, treatment, ref=-1) | cbo_4d + periodo",21342,340
8.0,"C(event_time, contr.treatment(base=-1))[-15]:treatment",-15,0.047581516179613696,0.025499243260831642,-0.002575150076119484,0.09773818243534688,0.06290516184581252,False,False,0.022259210776415954,-23_to_-2,group_event__sex__women__ln_salario_real_adm,sex,sex,women,Women,ln_salario_real_adm,ols,-23_to_41,-1,2022-11,frozen,False,"ln_salario_real_adm ~ i(event_time, treatment, ref=-1) | cbo_4d + periodo",21342,340
9.0,"C(event_time, contr.treatment(base=-1))[-14]:treatment",-14,0.028249756185173436,0.02363297819165258,-0.018235991947145046,0.07473550431749192,0.232784588753701,False,False,0.022259210776415954,-23_to_-2,group_event__sex__women__ln_salario_real_adm,sex,sex,women,Women,ln_salario_real_adm,ols,-23_to_41,-1,2022-11,frozen,False,"ln_salario_real_adm ~ i(event_time, treatment, ref=-1) | cbo_4d + periodo",21342,340
10.0,"C(event_time, contr.treatment(base=-1))[-13]:treatment",-13,0.030106258883968187,0.01875401677197772,-0.0067826381928868945,0.06699515596082327,0.10935379932823452,False,False,0.022259210776415954,-23_to_-2,group_event__sex__women__ln_salario_real_adm,sex,sex,women,Women,ln_salario_real_adm,ols,-23_to_41,-1,2022-11,frozen,False,"ln_salario_real_adm ~ i(event_time, treatment, ref=-1) | cbo_4d + periodo",21342,340
11.0,"C(event_time, contr.treatment(base=-1))[-12]:treatment",-12,0.050227887928373696,0.022174904822962496,0.006610150371180651,0.09384562548556674,0.02413860940794943,False,False,0.022259210776415954,-23_to_-2,group_event__sex__women__ln_salario_real_adm,sex,sex,women,Women,ln_salario_real_adm,ols,-23_to_41,-1,2022-11,frozen,False,"ln_salario_real_adm ~ i(event_time, treatment, ref=-1) | cbo_4d + periodo",21342,340
12.0,"C(event_time, contr.treatment(base=-1))[-11]:treatment",-11,0.03594624244603357,0.02995172683730941,-0.022968398721745893,0.09486088361381304,0.23092328604047907,False,False,0.022259210776415954,-23_to_-2,group_event__sex__women__ln_salario_real_adm,sex,sex,women,Women,ln_salario_real_adm,ols,-23_to_41,-1,2022-11,frozen,False,"ln_salario_real_adm ~ i(event_time, treatment, ref=-1) | cbo_4d + periodo",21342,340
13.0,"C(event_time, contr.treatment(base=-1))[-10]:treatment",-10,0.008678384241963696,0.020414930653393948,-0.031477507952259086,0.04883427643618648,0.6710335810985311,False,False,0.022259210776415954,-23_to_-2,group_event__sex__women__ln_salario_real_adm,sex,sex,women,Women,ln_salario_real_adm,ols,-23_to_41,-1,2022-11,frozen,False,"ln_salario_real_adm ~ i(event_time, treatment, ref=-1) | cbo_4d + periodo",21342,340
14.0,"C(event_time, contr.treatment(base=-1))[-9]:treatment",-9,0.01123104019422438,0.024634247634678665,-0.037224191376179674,0.05968627176462844,0.648745430588044,False,False,0.022259210776415954,-23_to_-2,group_event__sex__women__ln_salario_real_adm,sex,sex,women,Women,ln_salario_real_adm,ols,-23_to_41,-1,2022-11,frozen,False,"ln_salario_real_adm ~ i(event_time, treatment, ref=-1) | cbo_4d + periodo",21342,340
15.0,"C(event_time, contr.treatment(base=-1))[-8]:treatment",-8,0.030115723198941527,0.01966529229029551,-0.008565640484540019,0.06879708688242307,0.12659948716632585,False,False,0.022259210776415954,-23_to_-2,group_event__sex__women__ln_salario_real_adm,sex,sex,women,Women,ln_salario_real_adm,ols,-23_to_41,-1,2022-11,frozen,False,"ln_salario_real_adm ~ i(event_time, treatment, ref=-1) | cbo_4d + periodo",21342,340
16.0,"C(event_time, contr.treatment(base=-1))[-7]:treatment",-7,0.00733020746827525,0.026445434024297543,-0.044687603208567656,0.059348018145118156,0.7818090365613868,False,False,0.022259210776415954,-23_to_-2,group_event__sex__women__ln_salario_real_adm,sex,sex,women,Women,ln_salario_real_adm,ols,-23_to_41,-1,2022-11,frozen,False,"ln_salario_real_adm ~ i(event_time, treatment, ref=-1) | cbo_4d + periodo",21342,340
17.0,"C(event_time, contr.treatment(base=-1))[-6]:treatment",-6,0.015977968872323854,0.022790088456273255,-0.0288498265625221,0.06080576430716981,0.48372601137334525,False,False,0.022259210776415954,-23_to_-2,group_event__sex__women__ln_salario_real_adm,sex,sex,women,Women,ln_salario_real_adm,ols,-23_to_41,-1,2022-11,frozen,False,"ln_salario_real_adm ~ i(event_time, treatment, ref=-1) | cbo_4d + periodo",21342,340
18.0,"C(event_time, contr.treatment(base=-1))[-5]:treatment",-5,0.0406247305653098,0.020440590585723048,0.0004183656316095949,0.08083109549900999,0.047676425706351555,False,False,0.022259210776415954,-23_to_-2,group_event__sex__women__ln_salario_real_adm,sex,sex,women,Women,ln_salario_real_adm,ols,-23_to_41,-1,2022-11,frozen,False,"ln_salario_real_adm ~ i(event_time, treatment, ref=-1) | cbo_4d + periodo",21342,340
19.0,"C(event_time, contr.treatment(base=-1))[-4]:treatment",-4,0.01608523211011514,0.020493450881109855,-0.024225108308926938,0.05639557252915722,0.433062580759513,False,False,0.022259210776415954,-23_to_-2,group_event__sex__women__ln_salario_real_adm,sex,sex,women,Women,ln_salario_real_adm,ols,-23_to_41,-1,2022-11,frozen,False,"ln_salario_real_adm ~ i(event_time, treatment, ref=-1) | cbo_4d + periodo",21342,340
20.0,"C(event_time, contr.treatment(base=-1))[-3]:treatment",-3,-0.0019845203068993445,0.020998627264196455,-0.04328853583180912,0.03931949521801043,0.9247621420153802,False,False,0.022259210776415954,-23_to_-2,group_event__sex__women__ln_salario_real_adm,sex,sex,women,Women,ln_salario_real_adm,ols,-23_to_41,-1,2022-11,frozen,False,"ln_salario_real_adm ~ i(event_time, treatment, ref=-1) | cbo_4d + periodo",21342,340
21.0,"C(event_time, contr.treatment(base=-1))[-2]:treatment",-2,0.032325866772257184,0.021226484732334204,-0.009426341307480927,0.0740780748519953,0.12871535674532497,False,False,0.022259210776415954,-23_to_-2,group_event__sex__women__ln_salario_real_adm,sex,sex,women,Women,ln_salario_real_adm,ols,-23_to_41,-1,2022-11,frozen,False,"ln_salario_real_adm ~ i(event_time, treatment, ref=-1) | cbo_4d + periodo",21342,340
,reference_event_time,-1,0.0,0.0,0.0,0.0,,True,False,0.022259210776415954,-23_to_-2,group_event__sex__women__ln_salario_real_adm,sex,sex,women,Women,ln_salario_real_adm,ols,-23_to_41,-1,2022-11,frozen,False,"ln_salario_real_adm ~ i(event_time, treatment, ref=-1) | cbo_4d + periodo",21342,340
22.0,"C(event_time, contr.treatment(base=-1))[0]:treatment",0,-0.005599757906861161,0.024008636559487515,-0.05282442096261238,0.041624905148890064,0.815716349032797,False,False,0.022259210776415954,-23_to_-2,group_event__sex__women__ln_salario_real_adm,sex,sex,women,Women,ln_salario_real_adm,ols,-23_to_41,-1,2022-11,frozen,False,"ln_salario_real_adm ~ i(event_time, treatment, ref=-1) | cbo_4d + periodo",21342,340
23.0,"C(event_time, contr.treatment(base=-1))[1]:treatment",1,-0.04078281543153378,0.024364842968945383,-0.08870813167195322,0.007142500808885663,0.0950846786352546,False,False,0.022259210776415954,-23_to_-2,group_event__sex__women__ln_salario_real_adm,sex,sex,women,Women,ln_salario_real_adm,ols,-23_to_41,-1,2022-11,frozen,False,"ln_salario_real_adm ~ i(event_time, treatment, ref=-1) | cbo_4d + periodo",21342,340
24.0,"C(event_time, contr.treatment(base=-1))[2]:treatment",2,-0.05567338039796258,0.031072160630358017,-0.11679189966693677,0.005445138871011612,0.07406563925706555,False,False,0.022259210776415954,-23_to_-2,group_event__sex__women__ln_salario_real_adm,sex,sex,women,Women,ln_salario_real_adm,ols,-23_to_41,-1,2022-11,frozen,False,"ln_salario_real_adm ~ i(event_time, treatment, ref=-1) | cbo_4d + periodo",21342,340
25.0,"C(event_time, contr.treatment(base=-1))[3]:treatment",3,-0.042918981470932815,0.025884090683159285,-0.09383263739587382,0.007994674454008185,0.09821781242131156,False,False,0.022259210776415954,-23_to_-2,group_event__sex__women__ln_salario_real_adm,sex,sex,women,Women,ln_salario_real_adm,ols,-23_to_41,-1,2022-11,frozen,False,"ln_salario_real_adm ~ i(event_time, treatment, ref=-1) | cbo_4d + periodo",21342,340
26.0,"C(event_time, contr.treatment(base=-1))[4]:treatment",4,-0.012907015217095943,0.02657502832417393,-0.0651797361271978,0.03936570569300592,0.6275063426430321,False,False,0.022259210776415954,-23_to_-2,group_event__sex__women__ln_salario_real_adm,sex,sex,women,Women,ln_salario_real_adm,ols,-23_to_41,-1,2022-11,frozen,False,"ln_salario_real_adm ~ i(event_time, treatment, ref=-1) | cbo_4d + periodo",21342,340
27.0,"C(event_time, contr.treatment(base=-1))[5]:treatment",5,-0.034406979466392,0.02291341071787067,-0.07947734812012029,0.010663389187336295,0.13412901871670657,False,False,0.022259210776415954,-23_to_-2,group_event__sex__women__ln_salario_real_adm,sex,sex,women,Women,ln_salario_real_adm,ols,-23_to_41,-1,2022-11,frozen,False,"ln_salario_real_adm ~ i(event_time, treatment, ref=-1) | cbo_4d + periodo",21342,340
28.0,"C(event_time, contr.treatment(base=-1))[6]:treatment",6,0.014730872638793443,0.025565510189539238,-0.03555613976850906,0.06501788504609594,0.5648616693630484,False,False,0.022259210776415954,-23_to_-2,group_event__sex__women__ln_salario_real_adm,sex,sex,women,Women,ln_salario_real_adm,ols,-23_to_41,-1,2022-11,frozen,False,"ln_salario_real_adm ~ i(event_time, treatment, ref=-1) | cbo_4d + periodo",21342,340
29.0,"C(event_time, contr.treatment(base=-1))[7]:treatment",7,-0.012244265420699472,0.025578655298599404,-0.06255713407954959,0.038068603238150645,0.6324672472082349,False,False,0.022259210776415954,-23_to_-2,group_event__sex__women__ln_salario_real_adm,sex,sex,women,Women,ln_salario_real_adm,ols,-23_to_41,-1,2022-11,frozen,False,"ln_salario_real_adm ~ i(event_time, treatment, ref=-1) | cbo_4d + periodo",21342,340
30.0,"C(event_time, contr.treatment(base=-1))[8]:treatment",8,-0.034386680593197834,0.026276408475331203,-0.08607202030368782,0.017298659117292156,0.19153866235986383,False,False,0.022259210776415954,-23_to_-2,group_event__sex__women__ln_salario_real_adm,sex,sex,women,Women,ln_salario_real_adm,ols,-23_to_41,-1,2022-11,frozen,False,"ln_salario_real_adm ~ i(event_time, treatment, ref=-1) | cbo_4d + periodo",21342,340
31.0,"C(event_time, contr.treatment(base=-1))[9]:treatment",9,-0.015908174908962836,0.021505456986804606,-0.058209117636194366,0.026392767818268697,0.45997738656054876,False,False,0.022259210776415954,-23_to_-2,group_event__sex__women__ln_salario_real_adm,sex,sex,women,Women,ln_salario_real_adm,ols,-23_to_41,-1,2022-11,frozen,False,"ln_salario_real_adm ~ i(event_time, treatment, ref=-1) | cbo_4d + periodo",21342,340
32.0,"C(event_time, contr.treatment(base=-1))[10]:treatment",10,-0.03391366666007805,0.02478876295385846,-0.08267282777130121,0.014845494451145108,0.17218487131295124,False,False,0.022259210776415954,-23_to_-2,group_event__sex__women__ln_salario_real_adm,sex,sex,women,Women,ln_salario_real_adm,ols,-23_to_41,-1,2022-11,frozen,False,"ln_salario_real_adm ~ i(event_time, treatment, ref=-1) | cbo_4d + periodo",21342,340
33.0,"C(event_time, contr.treatment(base=-1))[11]:treatment",11,-0.02256233753720196,0.020891014678336952,-0.06365468056271006,0.01853000548830614,0.2809090556464293,False,False,0.022259210776415954,-23_to_-2,group_event__sex__women__ln_salario_real_adm,sex,sex,women,Women,ln_salario_real_adm,ols,-23_to_41,-1,2022-11,frozen,False,"ln_salario_real_adm ~ i(event_time, treatment, ref=-1) | cbo_4d + periodo",21342,340
34.0,"C(event_time, contr.treatment(base=-1))[12]:treatment",12,-0.02727382969037903,0.022761466476232235,-0.07204532607800185,0.017497666697243786,0.23165840699282247,False,False,0.022259210776415954,-23_to_-2,group_event__sex__women__ln_salario_real_adm,sex,sex,women,Women,ln_salario_real_adm,ols,-23_to_41,-1,2022-11,frozen,False,"ln_salario_real_adm ~ i(event_time, treatment, ref=-1) | cbo_4d + periodo",21342,340
35.0,"C(event_time, contr.treatment(base=-1))[13]:treatment",13,-0.03445616960510342,0.02401154655773437,-0.08168655658800728,0.012774217377800434,0.1522137624786324,False,False,0.022259210776415954,-23_to_-2,group_event__sex__women__ln_salario_real_adm,sex,sex,women,Women,ln_salario_real_adm,ols,-23_to_41,-1,2022-11,frozen,False,"ln_salario_real_adm ~ i(event_time, treatment, ref=-1) | cbo_4d + periodo",21342,340
36.0,"C(event_time, contr.treatment(base=-1))[14]:treatment",14,-0.05107385600679257,0.02587563467476318,-0.10197087907770569,-0.0001768329358794521,0.049213785924874465,False,False,0.022259210776415954,-23_to_-2,group_event__sex__women__ln_salario_real_adm,sex,sex,women,Women,ln_salario_real_adm,ols,-23_to_41,-1,2022-11,frozen,False,"ln_salario_real_adm ~ i(event_time, treatment, ref=-1) | cbo_4d + periodo",21342,340
37.0,"C(event_time, contr.treatment(base=-1))[15]:treatment",15,-0.0734341593971062,0.03080181493277497,-0.13402091233918806,-0.01284740645502433,0.0176713107954638,False,False,0.022259210776415954,-23_to_-2,group_event__sex__women__ln_salario_real_adm,sex,sex,women,Women,ln_salario_real_adm,ols,-23_to_41,-1,2022-11,frozen,False,"ln_salario_real_adm ~ i(event_time, treatment, ref=-1) | cbo_4d + periodo",21342,340
38.0,"C(event_time, contr.treatment(base=-1))[16]:treatment",16,-0.05097492113954155,0.028344442178173775,-0.10672805514408465,0.00477821286500154,0.07300159805063733,False,False,0.022259210776415954,-23_to_-2,group_event__sex__women__ln_salario_real_adm,sex,sex,women,Women,ln_salario_real_adm,ols,-23_to_41,-1,2022-11,frozen,False,"ln_salario_real_adm ~ i(event_time, treatment, ref=-1) | cbo_4d + periodo",21342,340
39.0,"C(event_time, contr.treatment(base=-1))[17]:treatment",17,-0.054098465605521055,0.035776278265651856,-0.12446992057331907,0.016272989362276953,0.13143184659662666,False,False,0.022259210776415954,-23_to_-2,group_event__sex__women__ln_salario_real_adm,sex,sex,women,Women,ln_salario_real_adm,ols,-23_to_41,-1,2022-11,frozen,False,"ln_salario_real_adm ~ i(event_time, treatment, ref=-1) | cbo_4d + periodo",21342,340
40.0,"C(event_time, contr.treatment(base=-1))[18]:treatment",18,-0.021064317194994218,0.026513495623519318,-0.07321600411600951,0.03108736972602107,0.4274746090924646,False,False,0.022259210776415954,-23_to_-2,group_event__sex__women__ln_salario_real_adm,sex,sex,women,Women,ln_salario_real_adm,ols,-23_to_41,-1,2022-11,frozen,False,"ln_salario_real_adm ~ i(event_time, treatment, ref=-1) | cbo_4d + periodo",21342,340
41.0,"C(event_time, contr.treatment(base=-1))[19]:treatment",19,-0.011723860917640463,0.027760615899975735,-0.06632861653748513,0.042880894702204214,0.6730592457044802,False,False,0.022259210776415954,-23_to_-2,group_event__sex__women__ln_salario_real_adm,sex,sex,women,Women,ln_salario_real_adm,ols,-23_to_41,-1,2022-11,frozen,False,"ln_salario_real_adm ~ i(event_time, treatment, ref=-1) | cbo_4d + periodo",21342,340
42.0,"C(event_time, contr.treatment(base=-1))[20]:treatment",20,-0.03112860143010967,0.03039338617963241,-0.09091198054454216,0.028654777684322834,0.3064758340521525,False,False,0.022259210776415954,-23_to_-2,group_event__sex__women__ln_salario_real_adm,sex,sex,women,Women,ln_salario_real_adm,ols,-23_to_41,-1,2022-11,frozen,False,"ln_salario_real_adm ~ i(event_time, treatment, ref=-1) | cbo_4d + periodo",21342,340
43.0,"C(event_time, contr.treatment(base=-1))[21]:treatment",21,-0.006466363548040071,0.029629834086140467,-0.06474784603242753,0.051815118936347396,0.8273747868980792,False,False,0.022259210776415954,-23_to_-2,group_event__sex__women__ln_salario_real_adm,sex,sex,women,Women,ln_salario_real_adm,ols,-23_to_41,-1,2022-11,frozen,False,"ln_salario_real_adm ~ i(event_time, treatment, ref=-1) | cbo_4d + periodo",21342,340
44.0,"C(event_time, contr.treatment(base=-1))[22]:treatment",22,0.0007198315747868246,0.022020321945336797,-0.04259384355503871,0.04403350670461236,0.9739414981350558,False,False,0.022259210776415954,-23_to_-2,group_event__sex__women__ln_salario_real_adm,sex,sex,women,Women,ln_salario_real_adm,ols,-23_to_41,-1,2022-11,frozen,False,"ln_salario_real_adm ~ i(event_time, treatment, ref=-1) | cbo_4d + periodo",21342,340
45.0,"C(event_time, contr.treatment(base=-1))[23]:treatment",23,-0.019197625638395263,0.021997009116922154,-0.0624654447503653,0.024070193473574773,0.3834236415492511,False,False,0.022259210776415954,-23_to_-2,group_event__sex__women__ln_salario_real_adm,sex,sex,women,Women,ln_salario_real_adm,ols,-23_to_41,-1,2022-11,frozen,False,"ln_salario_real_adm ~ i(event_time, treatment, ref=-1) | cbo_4d + periodo",21342,340
46.0,"C(event_time, contr.treatment(base=-1))[24]:treatment",24,-0.07826231716840294,0.03399692382011571,-0.14513380603279508,-0.011390828304010808,0.02193846237015662,False,True,0.022259210776415954,-23_to_-2,group_event__sex__women__ln_salario_real_adm,sex,sex,women,Women,ln_salario_real_adm,ols,-23_to_41,-1,2022-11,frozen,False,"ln_salario_real_adm ~ i(event_time, treatment, ref=-1) | cbo_4d + periodo",21342,340
47.0,"C(event_time, contr.treatment(base=-1))[25]:treatment",25,-0.06939024684050898,0.03389160460394983,-0.1360545742326365,-0.002725919448381464,0.04138753881795587,False,True,0.022259210776415954,-23_to_-2,group_event__sex__women__ln_salario_real_adm,sex,sex,women,Women,ln_salario_real_adm,ols,-23_to_41,-1,2022-11,frozen,False,"ln_salario_real_adm ~ i(event_time, treatment, ref=-1) | cbo_4d + periodo",21342,340
48.0,"C(event_time, contr.treatment(base=-1))[26]:treatment",26,-0.0668188272730726,0.025871349190533636,-0.11770742085452807,-0.015930233691617147,0.010220709123823779,False,True,0.022259210776415954,-23_to_-2,group_event__sex__women__ln_salario_real_adm,sex,sex,women,Women,ln_salario_real_adm,ols,-23_to_41,-1,2022-11,frozen,False,"ln_salario_real_adm ~ i(event_time, treatment, ref=-1) | cbo_4d + periodo",21342,340
49.0,"C(event_time, contr.treatment(base=-1))[27]:treatment",27,-0.04452455640713157,0.023494029916199286,-0.09073699516287628,0.001687882348613147,0.05892395682343898,False,True,0.022259210776415954,-23_to_-2,group_event__sex__women__ln_salario_real_adm,sex,sex,women,Women,ln_salario_real_adm,ols,-23_to_41,-1,2022-11,frozen,False,"ln_salario_real_adm ~ i(event_time, treatment, ref=-1) | cbo_4d + periodo",21342,340
50.0,"C(event_time, contr.treatment(base=-1))[28]:treatment",28,-0.0019765067379640625,0.022143616830775526,-0.045532701238138455,0.041579687762210334,0.9289291579186059,False,True,0.022259210776415954,-23_to_-2,group_event__sex__women__ln_salario_real_adm,sex,sex,women,Women,ln_salario_real_adm,ols,-23_to_41,-1,2022-11,frozen,False,"ln_salario_real_adm ~ i(event_time, treatment, ref=-1) | cbo_4d + periodo",21342,340
51.0,"C(event_time, contr.treatment(base=-1))[29]:treatment",29,-0.05148946021181266,0.022606918954514214,-0.09595696371665968,-0.007021956706965635,0.023372802962781325,False,True,0.022259210776415954,-23_to_-2,group_event__sex__women__ln_salario_real_adm,sex,sex,women,Women,ln_salario_real_adm,ols,-23_to_41,-1,2022-11,frozen,False,"ln_salario_real_adm ~ i(event_time, treatment, ref=-1) | cbo_4d + periodo",21342,340
52.0,"C(event_time, contr.treatment(base=-1))[30]:treatment",30,-0.040261761361336634,0.026035514383045234,-0.09147326565380368,0.0109497429311304,0.12293689156898013,False,True,0.022259210776415954,-23_to_-2,group_event__sex__women__ln_salario_real_adm,sex,sex,women,Women,ln_salario_real_adm,ols,-23_to_41,-1,2022-11,frozen,False,"ln_salario_real_adm ~ i(event_time, treatment, ref=-1) | cbo_4d + periodo",21342,340
53.0,"C(event_time, contr.treatment(base=-1))[31]:treatment",31,-0.05635763583398681,0.025684164823009614,-0.10687804029884154,-0.005837231369132091,0.028895127812640364,False,True,0.022259210776415954,-23_to_-2,group_event__sex__women__ln_salario_real_adm,sex,sex,women,Women,ln_salario_real_adm,ols,-23_to_41,-1,2022-11,frozen,False,"ln_salario_real_adm ~ i(event_time, treatment, ref=-1) | cbo_4d + periodo",21342,340
54.0,"C(event_time, contr.treatment(base=-1))[32]:treatment",32,-0.03620612722475836,0.026417513469103045,-0.08816901854755455,0.015756764098037813,0.1714267601120012,False,True,0.022259210776415954,-23_to_-2,group_event__sex__women__ln_salario_real_adm,sex,sex,women,Women,ln_salario_real_adm,ols,-23_to_41,-1,2022-11,frozen,False,"ln_salario_real_adm ~ i(event_time, treatment, ref=-1) | cbo_4d + periodo",21342,340
55.0,"C(event_time, contr.treatment(base=-1))[33]:treatment",33,-0.02582035198422221,0.024595571312964696,-0.07419950775345978,0.02255880378501536,0.29455935775808406,False,True,0.022259210776415954,-23_to_-2,group_event__sex__women__ln_salario_real_adm,sex,sex,women,Women,ln_salario_real_adm,ols,-23_to_41,-1,2022-11,frozen,False,"ln_salario_real_adm ~ i(event_time, treatment, ref=-1) | cbo_4d + periodo",21342,340
56.0,"C(event_time, contr.treatment(base=-1))[34]:treatment",34,-0.018978567701922296,0.02485930443985789,-0.0678764829610339,0.029919347557189304,0.44573247396826376,False,True,0.022259210776415954,-23_to_-2,group_event__sex__women__ln_salario_real_adm,sex,sex,women,Women,ln_salario_real_adm,ols,-23_to_41,-1,2022-11,frozen,False,"ln_salario_real_adm ~ i(event_time, treatment, ref=-1) | cbo_4d + periodo",21342,340
57.0,"C(event_time, contr.treatment(base=-1))[35]:treatment",35,0.012245357690502974,0.02595289373720776,-0.03880363291021586,0.06329434829122181,0.6373515750265135,False,True,0.022259210776415954,-23_to_-2,group_event__sex__women__ln_salario_real_adm,sex,sex,women,Women,ln_salario_real_adm,ols,-23_to_41,-1,2022-11,frozen,False,"ln_salario_real_adm ~ i(event_time, treatment, ref=-1) | cbo_4d + periodo",21342,340
58.0,"C(event_time, contr.treatment(base=-1))[36]:treatment",36,0.01420109577444836,0.03367700045395597,-0.05204110816020105,0.08044329970909778,0.6735220101176471,False,True,0.022259210776415954,-23_to_-2,group_event__sex__women__ln_salario_real_adm,sex,sex,women,Women,ln_salario_real_adm,ols,-23_to_41,-1,2022-11,frozen,False,"ln_salario_real_adm ~ i(event_time, treatment, ref=-1) | cbo_4d + periodo",21342,340
59.0,"C(event_time, contr.treatment(base=-1))[37]:treatment",37,-0.03815989544725951,0.02409961361739428,-0.08556350914416044,0.009243718249641417,0.11425739102269317,False,True,0.022259210776415954,-23_to_-2,group_event__sex__women__ln_salario_real_adm,sex,sex,women,Women,ln_salario_real_adm,ols,-23_to_41,-1,2022-11,frozen,False,"ln_salario_real_adm ~ i(event_time, treatment, ref=-1) | cbo_4d + periodo",21342,340
60.0,"C(event_time, contr.treatment(base=-1))[38]:treatment",38,-0.055204384234864956,0.026639581214303244,-0.10760407980585929,-0.002804688663870618,0.03899591669275071,False,True,0.022259210776415954,-23_to_-2,group_event__sex__women__ln_salario_real_adm,sex,sex,women,Women,ln_salario_real_adm,ols,-23_to_41,-1,2022-11,frozen,False,"ln_salario_real_adm ~ i(event_time, treatment, ref=-1) | cbo_4d + periodo",21342,340
61.0,"C(event_time, contr.treatment(base=-1))[39]:treatment",39,-0.06091492421815518,0.028124705305096778,-0.1162358387684084,-0.00559400966790196,0.031016567364500647,False,True,0.022259210776415954,-23_to_-2,group_event__sex__women__ln_salario_real_adm,sex,sex,women,Women,ln_salario_real_adm,ols,-23_to_41,-1,2022-11,frozen,False,"ln_salario_real_adm ~ i(event_time, treatment, ref=-1) | cbo_4d + periodo",21342,340
62.0,"C(event_time, contr.treatment(base=-1))[40]:treatment",40,-0.002984710615264614,0.020423884102852063,-0.043158214123349324,0.0371887928928201,0.8838991141683454,False,True,0.022259210776415954,-23_to_-2,group_event__sex__women__ln_salario_real_adm,sex,sex,women,Women,ln_salario_real_adm,ols,-23_to_41,-1,2022-11,frozen,False,"ln_salario_real_adm ~ i(event_time, treatment, ref=-1) | cbo_4d + periodo",21342,340
63.0,"C(event_time, contr.treatment(base=-1))[41]:treatment",41,0.005720235280216888,0.0362893990717019,-0.06566052136585711,0.07710099192629087,0.8748435696791292,False,True,0.022259210776415954,-23_to_-2,group_event__sex__women__ln_salario_real_adm,sex,sex,women,Women,ln_salario_real_adm,ols,-23_to_41,-1,2022-11,frozen,False,"ln_salario_real_adm ~ i(event_time, treatment, ref=-1) | cbo_4d + periodo",21342,340
0.0,"C(event_time, contr.treatment(base=-1))[-23]:treatment",-23,-0.17574407105482623,0.10161692501268751,-0.37562108055830007,0.02413293844864761,0.08463147069207588,False,False,-0.10367984389873804,-23_to_-2,group_event__race__race_white__admissoes,race,race_color,race_white,White,admissoes,ppml,-23_to_41,-1,2022-11,frozen,False,"admissoes ~ i(event_time, treatment, ref=-1) | cbo_4d + periodo",22049,341
1.0,"C(event_time, contr.treatment(base=-1))[-22]:treatment",-22,-0.24443152112604383,0.09791262157793797,-0.43702229270469617,-0.051840749547391485,0.013018103557150607,False,False,-0.10367984389873804,-23_to_-2,group_event__race__race_white__admissoes,race,race_color,race_white,White,admissoes,ppml,-23_to_41,-1,2022-11,frozen,False,"admissoes ~ i(event_time, treatment, ref=-1) | cbo_4d + periodo",22049,341
2.0,"C(event_time, contr.treatment(base=-1))[-21]:treatment",-21,-0.19741939985455492,0.09080143644392605,-0.37602271394584086,-0.018816085763268958,0.030380282785198887,False,False,-0.10367984389873804,-23_to_-2,group_event__race__race_white__admissoes,race,race_color,race_white,White,admissoes,ppml,-23_to_41,-1,2022-11,frozen,False,"admissoes ~ i(event_time, treatment, ref=-1) | cbo_4d + periodo",22049,341
3.0,"C(event_time, contr.treatment(base=-1))[-20]:treatment",-20,-0.12483809786331072,0.09394010596685189,-0.3096150673568221,0.05993887163020066,0.18476825315759915,False,False,-0.10367984389873804,-23_to_-2,group_event__race__race_white__admissoes,race,race_color,race_white,White,admissoes,ppml,-23_to_41,-1,2022-11,frozen,False,"admissoes ~ i(event_time, treatment, ref=-1) | cbo_4d + periodo",22049,341
4.0,"C(event_time, contr.treatment(base=-1))[-19]:treatment",-19,-0.14736951405495965,0.08001272579496667,-0.30475180398473867,0.010012775874819357,0.06637139291408989,False,False,-0.10367984389873804,-23_to_-2,group_event__race__race_white__admissoes,race,race_color,race_white,White,admissoes,ppml,-23_to_41,-1,2022-11,frozen,False,"admissoes ~ i(event_time, treatment, ref=-1) | cbo_4d + periodo",22049,341
5.0,"C(event_time, contr.treatment(base=-1))[-18]:treatment",-18,-0.09202980590707806,0.0733065956189264,-0.23622136757224388,0.05216175575808778,0.21019220912515202,False,False,-0.10367984389873804,-23_to_-2,group_event__race__race_white__admissoes,race,race_color,race_white,White,admissoes,ppml,-23_to_41,-1,2022-11,frozen,False,"admissoes ~ i(event_time, treatment, ref=-1) | cbo_4d + periodo",22049,341
6.0,"C(event_time, contr.treatment(base=-1))[-17]:treatment",-17,-0.0929562103780811,0.07229473285847673,-0.2351574726658415,0.04924505190967929,0.199389605198796,False,False,-0.10367984389873804,-23_to_-2,group_event__race__race_white__admissoes,race,race_color,race_white,White,admissoes,ppml,-23_to_41,-1,2022-11,frozen,False,"admissoes ~ i(event_time, treatment, ref=-1) | cbo_4d + periodo",22049,341
7.0,"C(event_time, contr.treatment(base=-1))[-16]:treatment",-16,-0.07798457857319308,0.0733634078441658,-0.22228788793868218,0.06631873079229603,0.28854082835147343,False,False,-0.10367984389873804,-23_to_-2,group_event__race__race_white__admissoes,race,race_color,race_white,White,admissoes,ppml,-23_to_41,-1,2022-11,frozen,False,"admissoes ~ i(event_time, treatment, ref=-1) | cbo_4d + periodo",22049,341
8.0,"C(event_time, contr.treatment(base=-1))[-15]:treatment",-15,-0.0681923944278772,0.06273580154114185,-0.1915915663599272,0.055206777504172785,0.27781681018649484,False,False,-0.10367984389873804,-23_to_-2,group_event__race__race_white__admissoes,race,race_color,race_white,White,admissoes,ppml,-23_to_41,-1,2022-11,frozen,False,"admissoes ~ i(event_time, treatment, ref=-1) | cbo_4d + periodo",22049,341
9.0,"C(event_time, contr.treatment(base=-1))[-14]:treatment",-14,-0.05433392011923763,0.05448598949399144,-0.16150599444186603,0.05283815420339076,0.319372232661852,False,False,-0.10367984389873804,-23_to_-2,group_event__race__race_white__admissoes,race,race_color,race_white,White,admissoes,ppml,-23_to_41,-1,2022-11,frozen,False,"admissoes ~ i(event_time, treatment, ref=-1) | cbo_4d + periodo",22049,341
10.0,"C(event_time, contr.treatment(base=-1))[-13]:treatment",-13,0.02598176015523739,0.032263381271423607,-0.03747920527150993,0.0894427255819847,0.4212083289549924,False,False,-0.10367984389873804,-23_to_-2,group_event__race__race_white__admissoes,race,race_color,race_white,White,admissoes,ppml,-23_to_41,-1,2022-11,frozen,False,"admissoes ~ i(event_time, treatment, ref=-1) | cbo_4d + periodo",22049,341
11.0,"C(event_time, contr.treatment(base=-1))[-12]:treatment",-12,0.09767707429040573,0.030678344562105265,0.0373338217581612,0.15802032682265027,0.0015872730951387304,False,False,-0.10367984389873804,-23_to_-2,group_event__race__race_white__admissoes,race,race_color,race_white,White,admissoes,ppml,-23_to_41,-1,2022-11,frozen,False,"admissoes ~ i(event_time, treatment, ref=-1) | cbo_4d + periodo",22049,341
12.0,"C(event_time, contr.treatment(base=-1))[-11]:treatment",-11,-0.14159901601010444,0.08585675384787364,-0.3104763088690078,0.027278276848798938,0.10002056296045714,False,False,-0.10367984389873804,-23_to_-2,group_event__race__race_white__admissoes,race,race_color,race_white,White,admissoes,ppml,-23_to_41,-1,2022-11,frozen,False,"admissoes ~ i(event_time, treatment, ref=-1) | cbo_4d + periodo",22049,341
13.0,"C(event_time, contr.treatment(base=-1))[-10]:treatment",-10,-0.17042882606819992,0.09183773292718775,-0.3510704998324189,0.010212847696019017,0.06435286238117821,False,False,-0.10367984389873804,-23_to_-2,group_event__race__race_white__admissoes,race,race_color,race_white,White,admissoes,ppml,-23_to_41,-1,2022-11,frozen,False,"admissoes ~ i(event_time, treatment, ref=-1) | cbo_4d + periodo",22049,341
14.0,"C(event_time, contr.treatment(base=-1))[-9]:treatment",-9,-0.12029982888796009,0.0828646646546783,-0.28329178483050943,0.042692127054589274,0.1474896983443017,False,False,-0.10367984389873804,-23_to_-2,group_event__race__race_white__admissoes,race,race_color,race_white,White,admissoes,ppml,-23_to_41,-1,2022-11,frozen,False,"admissoes ~ i(event_time, treatment, ref=-1) | cbo_4d + periodo",22049,341
15.0,"C(event_time, contr.treatment(base=-1))[-8]:treatment",-8,-0.062161722658635184,0.07835441591767803,-0.21628217388328566,0.09195872856601531,0.4281328163293885,False,False,-0.10367984389873804,-23_to_-2,group_event__race__race_white__admissoes,race,race_color,race_white,White,admissoes,ppml,-23_to_41,-1,2022-11,frozen,False,"admissoes ~ i(event_time, treatment, ref=-1) | cbo_4d + periodo",22049,341
16.0,"C(event_time, contr.treatment(base=-1))[-7]:treatment",-7,-0.12737478439019448,0.06661320416765003,-0.25840067442585374,0.0036511056454647806,0.056696453858533724,False,False,-0.10367984389873804,-23_to_-2,group_event__race__race_white__admissoes,race,race_color,race_white,White,admissoes,ppml,-23_to_41,-1,2022-11,frozen,False,"admissoes ~ i(event_time, treatment, ref=-1) | cbo_4d + periodo",22049,341
17.0,"C(event_time, contr.treatment(base=-1))[-6]:treatment",-6,-0.10932273132176941,0.07094660154902077,-0.24887226551877706,0.030226802875238226,0.12426746319115867,False,False,-0.10367984389873804,-23_to_-2,group_event__race__race_white__admissoes,race,race_color,race_white,White,admissoes,ppml,-23_to_41,-1,2022-11,frozen,False,"admissoes ~ i(event_time, treatment, ref=-1) | cbo_4d + periodo",22049,341
18.0,"C(event_time, contr.treatment(base=-1))[-5]:treatment",-5,-0.13290573121243704,0.06724782262962528,-0.265179894017022,-0.0006315684078520289,0.04892219735689274,False,False,-0.10367984389873804,-23_to_-2,group_event__race__race_white__admissoes,race,race_color,race_white,White,admissoes,ppml,-23_to_41,-1,2022-11,frozen,False,"admissoes ~ i(event_time, treatment, ref=-1) | cbo_4d + periodo",22049,341
19.0,"C(event_time, contr.treatment(base=-1))[-4]:treatment",-4,-0.10960891594690561,0.0676182193493317,-0.2426116364071722,0.023393804513360983,0.10594531862631018,False,False,-0.10367984389873804,-23_to_-2,group_event__race__race_white__admissoes,race,race_color,race_white,White,admissoes,ppml,-23_to_41,-1,2022-11,frozen,False,"admissoes ~ i(event_time, treatment, ref=-1) | cbo_4d + periodo",22049,341
20.0,"C(event_time, contr.treatment(base=-1))[-3]:treatment",-3,-0.09073640441098876,0.05567835182140039,-0.20025381457424948,0.018781005752271956,0.10410088131320938,False,False,-0.10367984389873804,-23_to_-2,group_event__race__race_white__admissoes,race,race_color,race_white,White,admissoes,ppml,-23_to_41,-1,2022-11,frozen,False,"admissoes ~ i(event_time, treatment, ref=-1) | cbo_4d + periodo",22049,341
21.0,"C(event_time, contr.treatment(base=-1))[-2]:treatment",-2,-0.06487792595152246,0.04303658314052588,-0.14952941030122027,0.01977355839817535,0.1326094707280383,False,False,-0.10367984389873804,-23_to_-2,group_event__race__race_white__admissoes,race,race_color,race_white,White,admissoes,ppml,-23_to_41,-1,2022-11,frozen,False,"admissoes ~ i(event_time, treatment, ref=-1) | cbo_4d + periodo",22049,341
,reference_event_time,-1,0.0,0.0,0.0,0.0,,True,False,-0.10367984389873804,-23_to_-2,group_event__race__race_white__admissoes,race,race_color,race_white,White,admissoes,ppml,-23_to_41,-1,2022-11,frozen,False,"admissoes ~ i(event_time, treatment, ref=-1) | cbo_4d + periodo",22049,341
22.0,"C(event_time, contr.treatment(base=-1))[0]:treatment",0,0.027586773835049868,0.0437225988878172,-0.05841407998261561,0.11358762765271535,0.5284971155932612,False,False,-0.10367984389873804,-23_to_-2,group_event__race__race_white__admissoes,race,race_color,race_white,White,admissoes,ppml,-23_to_41,-1,2022-11,frozen,False,"admissoes ~ i(event_time, treatment, ref=-1) | cbo_4d + periodo",22049,341
23.0,"C(event_time, contr.treatment(base=-1))[1]:treatment",1,-0.13398924935430906,0.07771667523604305,-0.2868552865109488,0.018876787802330708,0.08560355841892586,False,False,-0.10367984389873804,-23_to_-2,group_event__race__race_white__admissoes,race,race_color,race_white,White,admissoes,ppml,-23_to_41,-1,2022-11,frozen,False,"admissoes ~ i(event_time, treatment, ref=-1) | cbo_4d + periodo",22049,341
24.0,"C(event_time, contr.treatment(base=-1))[2]:treatment",2,-0.21784798709362066,0.09032937682463407,-0.3955227760893121,-0.040173198097929214,0.016407409926706418,False,False,-0.10367984389873804,-23_to_-2,group_event__race__race_white__admissoes,race,race_color,race_white,White,admissoes,ppml,-23_to_41,-1,2022-11,frozen,False,"admissoes ~ i(event_time, treatment, ref=-1) | cbo_4d + periodo",22049,341
25.0,"C(event_time, contr.treatment(base=-1))[3]:treatment",3,-0.16104962142591717,0.07161480548440097,-0.30191348986720123,-0.0201857529846331,0.02516301900548834,False,False,-0.10367984389873804,-23_to_-2,group_event__race__race_white__admissoes,race,race_color,race_white,White,admissoes,ppml,-23_to_41,-1,2022-11,frozen,False,"admissoes ~ i(event_time, treatment, ref=-1) | cbo_4d + periodo",22049,341
26.0,"C(event_time, contr.treatment(base=-1))[4]:treatment",4,-0.12390971472611739,0.058038970851979996,-0.2380703816337672,-0.009749047818467596,0.033480452864586896,False,False,-0.10367984389873804,-23_to_-2,group_event__race__race_white__admissoes,race,race_color,race_white,White,admissoes,ppml,-23_to_41,-1,2022-11,frozen,False,"admissoes ~ i(event_time, treatment, ref=-1) | cbo_4d + periodo",22049,341
27.0,"C(event_time, contr.treatment(base=-1))[5]:treatment",5,-0.1822312259283208,0.06138817262837989,-0.30297965796670007,-0.06148279388994156,0.0032048440404504053,False,False,-0.10367984389873804,-23_to_-2,group_event__race__race_white__admissoes,race,race_color,race_white,White,admissoes,ppml,-23_to_41,-1,2022-11,frozen,False,"admissoes ~ i(event_time, treatment, ref=-1) | cbo_4d + periodo",22049,341
28.0,"C(event_time, contr.treatment(base=-1))[6]:treatment",6,-0.13549461871241444,0.06114978565894456,-0.25577415175046103,-0.01521508567436787,0.02736829412260189,False,False,-0.10367984389873804,-23_to_-2,group_event__race__race_white__admissoes,race,race_color,race_white,White,admissoes,ppml,-23_to_41,-1,2022-11,frozen,False,"admissoes ~ i(event_time, treatment, ref=-1) | cbo_4d + periodo",22049,341
29.0,"C(event_time, contr.treatment(base=-1))[7]:treatment",7,-0.13648420681901322,0.05619486751899095,-0.24701758566055376,-0.025950827977472668,0.0156681723069807,False,False,-0.10367984389873804,-23_to_-2,group_event__race__race_white__admissoes,race,race_color,race_white,White,admissoes,ppml,-23_to_41,-1,2022-11,frozen,False,"admissoes ~ i(event_time, treatment, ref=-1) | cbo_4d + periodo",22049,341
30.0,"C(event_time, contr.treatment(base=-1))[8]:treatment",8,-0.1431114034238958,0.0626757998450748,-0.26639255407579465,-0.01983025277199693,0.023025672174469047,False,False,-0.10367984389873804,-23_to_-2,group_event__race__race_white__admissoes,race,race_color,race_white,White,admissoes,ppml,-23_to_41,-1,2022-11,frozen,False,"admissoes ~ i(event_time, treatment, ref=-1) | cbo_4d + periodo",22049,341
31.0,"C(event_time, contr.treatment(base=-1))[9]:treatment",9,-0.11595807941555533,0.052687887674763005,-0.21959334907335784,-0.012322809757752823,0.028418501305418342,False,False,-0.10367984389873804,-23_to_-2,group_event__race__race_white__admissoes,race,race_color,race_white,White,admissoes,ppml,-23_to_41,-1,2022-11,frozen,False,"admissoes ~ i(event_time, treatment, ref=-1) | cbo_4d + periodo",22049,341
32.0,"C(event_time, contr.treatment(base=-1))[10]:treatment",10,-0.10555410917651499,0.03961483231748093,-0.18347512690669168,-0.027633091446338298,0.008077563430712864,False,False,-0.10367984389873804,-23_to_-2,group_event__race__race_white__admissoes,race,race_color,race_white,White,admissoes,ppml,-23_to_41,-1,2022-11,frozen,False,"admissoes ~ i(event_time, treatment, ref=-1) | cbo_4d + periodo",22049,341
33.0,"C(event_time, contr.treatment(base=-1))[11]:treatment",11,-0.03707310864729892,0.020101220129016054,-0.07661151985445873,0.0024653025598608824,0.0660061132545684,False,False,-0.10367984389873804,-23_to_-2,group_event__race__race_white__admissoes,race,race_color,race_white,White,admissoes,ppml,-23_to_41,-1,2022-11,frozen,False,"admissoes ~ i(event_time, treatment, ref=-1) | cbo_4d + periodo",22049,341
34.0,"C(event_time, contr.treatment(base=-1))[12]:treatment",12,0.029145149970491703,0.04049680357106415,-0.05051067499393492,0.10880097493491833,0.47221021027092,False,False,-0.10367984389873804,-23_to_-2,group_event__race__race_white__admissoes,race,race_color,race_white,White,admissoes,ppml,-23_to_41,-1,2022-11,frozen,False,"admissoes ~ i(event_time, treatment, ref=-1) | cbo_4d + periodo",22049,341
35.0,"C(event_time, contr.treatment(base=-1))[13]:treatment",13,-0.17081272985762824,0.07787916541710656,-0.32399837963254585,-0.017627080082710606,0.02896219362872876,False,False,-0.10367984389873804,-23_to_-2,group_event__race__race_white__admissoes,race,race_color,race_white,White,admissoes,ppml,-23_to_41,-1,2022-11,frozen,False,"admissoes ~ i(event_time, treatment, ref=-1) | cbo_4d + periodo",22049,341
36.0,"C(event_time, contr.treatment(base=-1))[14]:treatment",14,-0.21071654718227223,0.08361376489966826,-0.37518195763811474,-0.04625113672642972,0.012188960148438621,False,False,-0.10367984389873804,-23_to_-2,group_event__race__race_white__admissoes,race,race_color,race_white,White,admissoes,ppml,-23_to_41,-1,2022-11,frozen,False,"admissoes ~ i(event_time, treatment, ref=-1) | cbo_4d + periodo",22049,341
37.0,"C(event_time, contr.treatment(base=-1))[15]:treatment",15,-0.13976566412908442,0.07030300993889793,-0.2780492756822331,-0.001482052575935755,0.047608141333067344,False,False,-0.10367984389873804,-23_to_-2,group_event__race__race_white__admissoes,race,race_color,race_white,White,admissoes,ppml,-23_to_41,-1,2022-11,frozen,False,"admissoes ~ i(event_time, treatment, ref=-1) | cbo_4d + periodo",22049,341
38.0,"C(event_time, contr.treatment(base=-1))[16]:treatment",16,-0.14582603079072168,0.06426971224909332,-0.2722423525244648,-0.019409709056978558,0.023896390954841307,False,False,-0.10367984389873804,-23_to_-2,group_event__race__race_white__admissoes,race,race_color,race_white,White,admissoes,ppml,-23_to_41,-1,2022-11,frozen,False,"admissoes ~ i(event_time, treatment, ref=-1) | cbo_4d + periodo",22049,341
39.0,"C(event_time, contr.treatment(base=-1))[17]:treatment",17,-0.1638385737009615,0.058268413622016596,-0.2784505466752078,-0.04922660072671518,0.005212549274203893,False,False,-0.10367984389873804,-23_to_-2,group_event__race__race_white__admissoes,race,race_color,race_white,White,admissoes,ppml,-23_to_41,-1,2022-11,frozen,False,"admissoes ~ i(event_time, treatment, ref=-1) | cbo_4d + periodo",22049,341
40.0,"C(event_time, contr.treatment(base=-1))[18]:treatment",18,-0.14975110967408944,0.059099381434971114,-0.26599756786254836,-0.033504651485630504,0.011729027231542233,False,False,-0.10367984389873804,-23_to_-2,group_event__race__race_white__admissoes,race,race_color,race_white,White,admissoes,ppml,-23_to_41,-1,2022-11,frozen,False,"admissoes ~ i(event_time, treatment, ref=-1) | cbo_4d + periodo",22049,341
41.0,"C(event_time, contr.treatment(base=-1))[19]:treatment",19,-0.13765310851132304,0.06478286631217701,-0.26507878670346047,-0.010227430319185604,0.0343210443930424,False,False,-0.10367984389873804,-23_to_-2,group_event__race__race_white__admissoes,race,race_color,race_white,White,admissoes,ppml,-23_to_41,-1,2022-11,frozen,False,"admissoes ~ i(event_time, treatment, ref=-1) | cbo_4d + periodo",22049,341
42.0,"C(event_time, contr.treatment(base=-1))[20]:treatment",20,-0.12275885715895599,0.06599012947687453,-0.2525591806280816,0.0070414663101696084,0.06371189831084378,False,False,-0.10367984389873804,-23_to_-2,group_event__race__race_white__admissoes,race,race_color,race_white,White,admissoes,ppml,-23_to_41,-1,2022-11,frozen,False,"admissoes ~ i(event_time, treatment, ref=-1) | cbo_4d + periodo",22049,341
43.0,"C(event_time, contr.treatment(base=-1))[21]:treatment",21,-0.11114674689601549,0.06457929569527696,-0.23817200866024307,0.01587851486821211,0.08614427749258757,False,False,-0.10367984389873804,-23_to_-2,group_event__race__race_white__admissoes,race,race_color,race_white,White,admissoes,ppml,-23_to_41,-1,2022-11,frozen,False,"admissoes ~ i(event_time, treatment, ref=-1) | cbo_4d + periodo",22049,341
44.0,"C(event_time, contr.treatment(base=-1))[22]:treatment",22,-0.11935850260558907,0.04745833052732669,-0.2127074125499228,-0.026009592661255354,0.012363394065984412,False,False,-0.10367984389873804,-23_to_-2,group_event__race__race_white__admissoes,race,race_color,race_white,White,admissoes,ppml,-23_to_41,-1,2022-11,frozen,False,"admissoes ~ i(event_time, treatment, ref=-1) | cbo_4d + periodo",22049,341
45.0,"C(event_time, contr.treatment(base=-1))[23]:treatment",23,-0.02158604545431057,0.03260065429341388,-0.08571041535834549,0.04253832444972434,0.5083330241398702,False,False,-0.10367984389873804,-23_to_-2,group_event__race__race_white__admissoes,race,race_color,race_white,White,admissoes,ppml,-23_to_41,-1,2022-11,frozen,False,"admissoes ~ i(event_time, treatment, ref=-1) | cbo_4d + periodo",22049,341
46.0,"C(event_time, contr.treatment(base=-1))[24]:treatment",24,0.05299653917453164,0.04784950467862679,-0.04112179692147081,0.1471148752705341,0.2688317255239612,False,True,-0.10367984389873804,-23_to_-2,group_event__race__race_white__admissoes,race,race_color,race_white,White,admissoes,ppml,-23_to_41,-1,2022-11,frozen,False,"admissoes ~ i(event_time, treatment, ref=-1) | cbo_4d + periodo",22049,341
47.0,"C(event_time, contr.treatment(base=-1))[25]:treatment",25,-0.17967596333789773,0.07163196628081227,-0.3205735864776925,-0.038778340198102945,0.012595735593656565,False,True,-0.10367984389873804,-23_to_-2,group_event__race__race_white__admissoes,race,race_color,race_white,White,admissoes,ppml,-23_to_41,-1,2022-11,frozen,False,"admissoes ~ i(event_time, treatment, ref=-1) | cbo_4d + periodo",22049,341
48.0,"C(event_time, contr.treatment(base=-1))[26]:treatment",26,-0.17671060465824304,0.08237130041096442,-0.3387321300389824,-0.014689079277503708,0.032637329566223894,False,True,-0.10367984389873804,-23_to_-2,group_event__race__race_white__admissoes,race,race_color,race_white,White,admissoes,ppml,-23_to_41,-1,2022-11,frozen,False,"admissoes ~ i(event_time, treatment, ref=-1) | cbo_4d + periodo",22049,341
49.0,"C(event_time, contr.treatment(base=-1))[27]:treatment",27,-0.13662693816144963,0.0646036597249652,-0.26370012313721836,-0.009553753185680913,0.03517008360543428,False,True,-0.10367984389873804,-23_to_-2,group_event__race__race_white__admissoes,race,race_color,race_white,White,admissoes,ppml,-23_to_41,-1,2022-11,frozen,False,"admissoes ~ i(event_time, treatment, ref=-1) | cbo_4d + periodo",22049,341
50.0,"C(event_time, contr.treatment(base=-1))[28]:treatment",28,-0.11573072825642669,0.062327769297268715,-0.23832731474637467,0.006865858233521288,0.06420312133553874,False,True,-0.10367984389873804,-23_to_-2,group_event__race__race_white__admissoes,race,race_color,race_white,White,admissoes,ppml,-23_to_41,-1,2022-11,frozen,False,"admissoes ~ i(event_time, treatment, ref=-1) | cbo_4d + periodo",22049,341
51.0,"C(event_time, contr.treatment(base=-1))[29]:treatment",29,-0.13976251680493423,0.05358813528588443,-0.2451685426660083,-0.034356490943860174,0.009506600745467386,False,True,-0.10367984389873804,-23_to_-2,group_event__race__race_white__admissoes,race,race_color,race_white,White,admissoes,ppml,-23_to_41,-1,2022-11,frozen,False,"admissoes ~ i(event_time, treatment, ref=-1) | cbo_4d + periodo",22049,341
52.0,"C(event_time, contr.treatment(base=-1))[30]:treatment",30,-0.10215549074839587,0.058588421682410664,-0.21739690861206967,0.013085927115277937,0.08213058172326315,False,True,-0.10367984389873804,-23_to_-2,group_event__race__race_white__admissoes,race,race_color,race_white,White,admissoes,ppml,-23_to_41,-1,2022-11,frozen,False,"admissoes ~ i(event_time, treatment, ref=-1) | cbo_4d + periodo",22049,341
53.0,"C(event_time, contr.treatment(base=-1))[31]:treatment",31,-0.1115772128553957,0.06250289594823719,-0.23451826746692447,0.011363841756133086,0.07512789498421468,False,True,-0.10367984389873804,-23_to_-2,group_event__race__race_white__admissoes,race,race_color,race_white,White,admissoes,ppml,-23_to_41,-1,2022-11,frozen,False,"admissoes ~ i(event_time, treatment, ref=-1) | cbo_4d + periodo",22049,341
54.0,"C(event_time, contr.treatment(base=-1))[32]:treatment",32,-0.09718044232377757,0.06641849168354677,-0.2278233395752063,0.03346245492765118,0.14434921861998573,False,True,-0.10367984389873804,-23_to_-2,group_event__race__race_white__admissoes,race,race_color,race_white,White,admissoes,ppml,-23_to_41,-1,2022-11,frozen,False,"admissoes ~ i(event_time, treatment, ref=-1) | cbo_4d + periodo",22049,341
55.0,"C(event_time, contr.treatment(base=-1))[33]:treatment",33,-0.1067248310234386,0.05876306451688084,-0.22230976535821947,0.008860103311342266,0.07022194670439186,False,True,-0.10367984389873804,-23_to_-2,group_event__race__race_white__admissoes,race,race_color,race_white,White,admissoes,ppml,-23_to_41,-1,2022-11,frozen,False,"admissoes ~ i(event_time, treatment, ref=-1) | cbo_4d + periodo",22049,341
56.0,"C(event_time, contr.treatment(base=-1))[34]:treatment",34,-0.09399143542056625,0.04094564426562445,-0.17453011465125778,-0.013452756189874696,0.022311744396189326,False,True,-0.10367984389873804,-23_to_-2,group_event__race__race_white__admissoes,race,race_color,race_white,White,admissoes,ppml,-23_to_41,-1,2022-11,frozen,False,"admissoes ~ i(event_time, treatment, ref=-1) | cbo_4d + periodo",22049,341
57.0,"C(event_time, contr.treatment(base=-1))[35]:treatment",35,-0.007507412636361709,0.028716071878985706,-0.06399094203997069,0.048976116767247266,0.7939146563796331,False,True,-0.10367984389873804,-23_to_-2,group_event__race__race_white__admissoes,race,race_color,race_white,White,admissoes,ppml,-23_to_41,-1,2022-11,frozen,False,"admissoes ~ i(event_time, treatment, ref=-1) | cbo_4d + periodo",22049,341
58.0,"C(event_time, contr.treatment(base=-1))[36]:treatment",36,0.07697225458364347,0.06063756401304791,-0.04229975602866559,0.19624426519595253,0.20517292059990622,False,True,-0.10367984389873804,-23_to_-2,group_event__race__race_white__admissoes,race,race_color,race_white,White,admissoes,ppml,-23_to_41,-1,2022-11,frozen,False,"admissoes ~ i(event_time, treatment, ref=-1) | cbo_4d + periodo",22049,341
59.0,"C(event_time, contr.treatment(base=-1))[37]:treatment",37,-0.15111705235780803,0.06881849957561917,-0.28648068289448697,-0.0157534218211291,0.028775709610535882,False,True,-0.10367984389873804,-23_to_-2,group_event__race__race_white__admissoes,race,race_color,race_white,White,admissoes,ppml,-23_to_41,-1,2022-11,frozen,False,"admissoes ~ i(event_time, treatment, ref=-1) | cbo_4d + periodo",22049,341
60.0,"C(event_time, contr.treatment(base=-1))[38]:treatment",38,-0.18107255636774156,0.0820313215250431,-0.3424253549295598,-0.019719757805923332,0.027956478702428456,False,True,-0.10367984389873804,-23_to_-2,group_event__race__race_white__admissoes,race,race_color,race_white,White,admissoes,ppml,-23_to_41,-1,2022-11,frozen,False,"admissoes ~ i(event_time, treatment, ref=-1) | cbo_4d + periodo",22049,341
61.0,"C(event_time, contr.treatment(base=-1))[39]:treatment",39,-0.1125447951668053,0.07409107078146904,-0.2582793925959366,0.03318980226232601,0.12969025116989696,False,True,-0.10367984389873804,-23_to_-2,group_event__race__race_white__admissoes,race,race_color,race_white,White,admissoes,ppml,-23_to_41,-1,2022-11,frozen,False,"admissoes ~ i(event_time, treatment, ref=-1) | cbo_4d + periodo",22049,341
62.0,"C(event_time, contr.treatment(base=-1))[40]:treatment",40,-0.0919113192546955,0.06050937311722971,-0.21093118276750797,0.027108544258116957,0.12970186779546178,False,True,-0.10367984389873804,-23_to_-2,group_event__race__race_white__admissoes,race,race_color,race_white,White,admissoes,ppml,-23_to_41,-1,2022-11,frozen,False,"admissoes ~ i(event_time, treatment, ref=-1) | cbo_4d + periodo",22049,341
63.0,"C(event_time, contr.treatment(base=-1))[41]:treatment",41,-0.14404074197094902,0.05883520348096949,-0.25976757117618493,-0.028313912765713087,0.014861775311855618,False,True,-0.10367984389873804,-23_to_-2,group_event__race__race_white__admissoes,race,race_color,race_white,White,admissoes,ppml,-23_to_41,-1,2022-11,frozen,False,"admissoes ~ i(event_time, treatment, ref=-1) | cbo_4d + periodo",22049,341
0.0,"C(event_time, contr.treatment(base=-1))[-23]:treatment",-23,0.006983001049856273,0.02240901091533593,-0.03709475555544162,0.05106075765515417,0.7555235423409212,False,False,0.03770059366316374,-23_to_-2,group_event__race__race_white__ln_salario_real_adm,race,race_color,race_white,White,ln_salario_real_adm,ols,-23_to_41,-1,2022-11,frozen,False,"ln_salario_real_adm ~ i(event_time, treatment, ref=-1) | cbo_4d + periodo",21881,341
1.0,"C(event_time, contr.treatment(base=-1))[-22]:treatment",-22,0.009776250400125953,0.02426055385959387,-0.037943427731722046,0.05749592853197395,0.6872243187333253,False,False,0.03770059366316374,-23_to_-2,group_event__race__race_white__ln_salario_real_adm,race,race_color,race_white,White,ln_salario_real_adm,ols,-23_to_41,-1,2022-11,frozen,False,"ln_salario_real_adm ~ i(event_time, treatment, ref=-1) | cbo_4d + periodo",21881,341
2.0,"C(event_time, contr.treatment(base=-1))[-21]:treatment",-21,0.08367783545618858,0.039575189973464237,0.005834792858311705,0.16152087805406545,0.03520848375908758,False,False,0.03770059366316374,-23_to_-2,group_event__race__race_white__ln_salario_real_adm,race,race_color,race_white,White,ln_salario_real_adm,ols,-23_to_41,-1,2022-11,frozen,False,"ln_salario_real_adm ~ i(event_time, treatment, ref=-1) | cbo_4d + periodo",21881,341
3.0,"C(event_time, contr.treatment(base=-1))[-20]:treatment",-20,0.04434044253262912,0.023409672519143873,-0.001705581158777801,0.09038646622403604,0.059059228630062854,False,False,0.03770059366316374,-23_to_-2,group_event__race__race_white__ln_salario_real_adm,race,race_color,race_white,White,ln_salario_real_adm,ols,-23_to_41,-1,2022-11,frozen,False,"ln_salario_real_adm ~ i(event_time, treatment, ref=-1) | cbo_4d + periodo",21881,341
4.0,"C(event_time, contr.treatment(base=-1))[-19]:treatment",-19,0.042166845283014606,0.028690093272028556,-0.014265585090890286,0.0985992756569195,0.14255814553250623,False,False,0.03770059366316374,-23_to_-2,group_event__race__race_white__ln_salario_real_adm,race,race_color,race_white,White,ln_salario_real_adm,ols,-23_to_41,-1,2022-11,frozen,False,"ln_salario_real_adm ~ i(event_time, treatment, ref=-1) | cbo_4d + periodo",21881,341
5.0,"C(event_time, contr.treatment(base=-1))[-18]:treatment",-18,0.0767656958552417,0.02104565856594984,0.03536960660467633,0.11816178510580708,0.0003062150397528107,False,False,0.03770059366316374,-23_to_-2,group_event__race__race_white__ln_salario_real_adm,race,race_color,race_white,White,ln_salario_real_adm,ols,-23_to_41,-1,2022-11,frozen,False,"ln_salario_real_adm ~ i(event_time, treatment, ref=-1) | cbo_4d + periodo",21881,341
6.0,"C(event_time, contr.treatment(base=-1))[-17]:treatment",-17,0.042299573234713186,0.026530686057491537,-0.00988537714225226,0.09448452361167864,0.11178363169216299,False,False,0.03770059366316374,-23_to_-2,group_event__race__race_white__ln_salario_real_adm,race,race_color,race_white,White,ln_salario_real_adm,ols,-23_to_41,-1,2022-11,frozen,False,"ln_salario_real_adm ~ i(event_time, treatment, ref=-1) | cbo_4d + periodo",21881,341
7.0,"C(event_time, contr.treatment(base=-1))[-16]:treatment",-16,0.031812745537205894,0.02553645169347235,-0.018416579914079786,0.08204207098849157,0.21370373548087374,False,False,0.03770059366316374,-23_to_-2,group_event__race__race_white__ln_salario_real_adm,race,race_color,race_white,White,ln_salario_real_adm,ols,-23_to_41,-1,2022-11,frozen,False,"ln_salario_real_adm ~ i(event_time, treatment, ref=-1) | cbo_4d + periodo",21881,341
8.0,"C(event_time, contr.treatment(base=-1))[-15]:treatment",-15,0.030007724912623556,0.023063546142576486,-0.015357480056410844,0.07537292988165796,0.19410903569790805,False,False,0.03770059366316374,-23_to_-2,group_event__race__race_white__ln_salario_real_adm,race,race_color,race_white,White,ln_salario_real_adm,ols,-23_to_41,-1,2022-11,frozen,False,"ln_salario_real_adm ~ i(event_time, treatment, ref=-1) | cbo_4d + periodo",21881,341
9.0,"C(event_time, contr.treatment(base=-1))[-14]:treatment",-14,0.029836424906363606,0.024538943471547874,-0.018430836052924327,0.07810368586565154,0.22487392637990133,False,False,0.03770059366316374,-23_to_-2,group_event__race__race_white__ln_salario_real_adm,race,race_color,race_white,White,ln_salario_real_adm,ols,-23_to_41,-1,2022-11,frozen,False,"ln_salario_real_adm ~ i(event_time, treatment, ref=-1) | cbo_4d + periodo",21881,341
10.0,"C(event_time, contr.treatment(base=-1))[-13]:treatment",-13,0.03830892347237598,0.024373772599241967,-0.0096334520408166,0.08625129898556856,0.11694390341125849,False,False,0.03770059366316374,-23_to_-2,group_event__race__race_white__ln_salario_real_adm,race,race_color,race_white,White,ln_salario_real_adm,ols,-23_to_41,-1,2022-11,frozen,False,"ln_salario_real_adm ~ i(event_time, treatment, ref=-1) | cbo_4d + periodo",21881,341
11.0,"C(event_time, contr.treatment(base=-1))[-12]:treatment",-12,0.07126004333593983,0.025930036011159115,0.02025655101828938,0.12226353565359027,0.006312705418993092,False,False,0.03770059366316374,-23_to_-2,group_event__race__race_white__ln_salario_real_adm,race,race_color,race_white,White,ln_salario_real_adm,ols,-23_to_41,-1,2022-11,frozen,False,"ln_salario_real_adm ~ i(event_time, treatment, ref=-1) | cbo_4d + periodo",21881,341
12.0,"C(event_time, contr.treatment(base=-1))[-11]:treatment",-11,0.07615491822838508,0.02614381580693876,0.024730928377795468,0.12757890807897468,0.003817428356954977,False,False,0.03770059366316374,-23_to_-2,group_event__race__race_white__ln_salario_real_adm,race,race_color,race_white,White,ln_salario_real_adm,ols,-23_to_41,-1,2022-11,frozen,False,"ln_salario_real_adm ~ i(event_time, treatment, ref=-1) | cbo_4d + periodo",21881,341
13.0,"C(event_time, contr.treatment(base=-1))[-10]:treatment",-10,0.011832838043176822,0.02137483506574135,-0.0302107301029459,0.05387640618929954,0.5802251482459868,False,False,0.03770059366316374,-23_to_-2,group_event__race__race_white__ln_salario_real_adm,race,race_color,race_white,White,ln_salario_real_adm,ols,-23_to_41,-1,2022-11,frozen,False,"ln_salario_real_adm ~ i(event_time, treatment, ref=-1) | cbo_4d + periodo",21881,341
14.0,"C(event_time, contr.treatment(base=-1))[-9]:treatment",-9,0.03281217171054623,0.026663260472698257,-0.01963354799834776,0.08525789141944021,0.21931808472797254,False,False,0.03770059366316374,-23_to_-2,group_event__race__race_white__ln_salario_real_adm,race,race_color,race_white,White,ln_salario_real_adm,ols,-23_to_41,-1,2022-11,frozen,False,"ln_salario_real_adm ~ i(event_time, treatment, ref=-1) | cbo_4d + periodo",21881,341
15.0,"C(event_time, contr.treatment(base=-1))[-8]:treatment",-8,0.05862235319561026,0.02161674519004472,0.01610295612425354,0.10114175026696698,0.007029979126287111,False,False,0.03770059366316374,-23_to_-2,group_event__race__race_white__ln_salario_real_adm,race,race_color,race_white,White,ln_salario_real_adm,ols,-23_to_41,-1,2022-11,frozen,False,"ln_salario_real_adm ~ i(event_time, treatment, ref=-1) | cbo_4d + periodo",21881,341
16.0,"C(event_time, contr.treatment(base=-1))[-7]:treatment",-7,0.058705923624165116,0.017273827480212806,0.024728896874017164,0.09268295037431307,0.0007578880780556574,False,False,0.03770059366316374,-23_to_-2,group_event__race__race_white__ln_salario_real_adm,race,race_color,race_white,White,ln_salario_real_adm,ols,-23_to_41,-1,2022-11,frozen,False,"ln_salario_real_adm ~ i(event_time, treatment, ref=-1) | cbo_4d + periodo",21881,341
17.0,"C(event_time, contr.treatment(base=-1))[-6]:treatment",-6,0.028238286028774803,0.023518399375862375,-0.018021599664172647,0.07449817172172225,0.2307076550528333,False,False,0.03770059366316374,-23_to_-2,group_event__race__race_white__ln_salario_real_adm,race,race_color,race_white,White,ln_salario_real_adm,ols,-23_to_41,-1,2022-11,frozen,False,"ln_salario_real_adm ~ i(event_time, treatment, ref=-1) | cbo_4d + periodo",21881,341
18.0,"C(event_time, contr.treatment(base=-1))[-5]:treatment",-5,0.028454093189155986,0.020296982717554177,-0.011469376321674923,0.06837756269998689,0.1618610000797398,False,False,0.03770059366316374,-23_to_-2,group_event__race__race_white__ln_salario_real_adm,race,race_color,race_white,White,ln_salario_real_adm,ols,-23_to_41,-1,2022-11,frozen,False,"ln_salario_real_adm ~ i(event_time, treatment, ref=-1) | cbo_4d + periodo",21881,341
19.0,"C(event_time, contr.treatment(base=-1))[-4]:treatment",-4,0.014782302171694475,0.027270608113018645,-0.03885804953438968,0.06842265387777863,0.5881323365165927,False,False,0.03770059366316374,-23_to_-2,group_event__race__race_white__ln_salario_real_adm,race,race_color,race_white,White,ln_salario_real_adm,ols,-23_to_41,-1,2022-11,frozen,False,"ln_salario_real_adm ~ i(event_time, treatment, ref=-1) | cbo_4d + periodo",21881,341
20.0,"C(event_time, contr.treatment(base=-1))[-3]:treatment",-3,0.0095373061519343,0.02038365410997943,-0.03055664301792288,0.04963125532179148,0.6401630882042197,False,False,0.03770059366316374,-23_to_-2,group_event__race__race_white__ln_salario_real_adm,race,race_color,race_white,White,ln_salario_real_adm,ols,-23_to_41,-1,2022-11,frozen,False,"ln_salario_real_adm ~ i(event_time, treatment, ref=-1) | cbo_4d + periodo",21881,341
21.0,"C(event_time, contr.treatment(base=-1))[-2]:treatment",-2,0.0030373622698806973,0.025622290376344368,-0.047360804929273595,0.05343552946903499,0.9057068401860109,False,False,0.03770059366316374,-23_to_-2,group_event__race__race_white__ln_salario_real_adm,race,race_color,race_white,White,ln_salario_real_adm,ols,-23_to_41,-1,2022-11,frozen,False,"ln_salario_real_adm ~ i(event_time, treatment, ref=-1) | cbo_4d + periodo",21881,341
,reference_event_time,-1,0.0,0.0,0.0,0.0,,True,False,0.03770059366316374,-23_to_-2,group_event__race__race_white__ln_salario_real_adm,race,race_color,race_white,White,ln_salario_real_adm,ols,-23_to_41,-1,2022-11,frozen,False,"ln_salario_real_adm ~ i(event_time, treatment, ref=-1) | cbo_4d + periodo",21881,341
22.0,"C(event_time, contr.treatment(base=-1))[0]:treatment",0,0.04164931625357358,0.02027027341586907,0.0017783830239387274,0.08152024948320843,0.04067188458147486,False,False,0.03770059366316374,-23_to_-2,group_event__race__race_white__ln_salario_real_adm,race,race_color,race_white,White,ln_salario_real_adm,ols,-23_to_41,-1,2022-11,frozen,False,"ln_salario_real_adm ~ i(event_time, treatment, ref=-1) | cbo_4d + periodo",21881,341
23.0,"C(event_time, contr.treatment(base=-1))[1]:treatment",1,-0.04639238720322318,0.027695765853961177,-0.10086900961732409,0.008084235210877727,0.0948396390331907,False,False,0.03770059366316374,-23_to_-2,group_event__race__race_white__ln_salario_real_adm,race,race_color,race_white,White,ln_salario_real_adm,ols,-23_to_41,-1,2022-11,frozen,False,"ln_salario_real_adm ~ i(event_time, treatment, ref=-1) | cbo_4d + periodo",21881,341
24.0,"C(event_time, contr.treatment(base=-1))[2]:treatment",2,-0.023121393084113998,0.02655587827946798,-0.07535589569847267,0.029113109530244687,0.3845489529818229,False,False,0.03770059366316374,-23_to_-2,group_event__race__race_white__ln_salario_real_adm,race,race_color,race_white,White,ln_salario_real_adm,ols,-23_to_41,-1,2022-11,frozen,False,"ln_salario_real_adm ~ i(event_time, treatment, ref=-1) | cbo_4d + periodo",21881,341
25.0,"C(event_time, contr.treatment(base=-1))[3]:treatment",3,-0.031945083214444656,0.02799387581388096,-0.08700807770469851,0.023117911275809193,0.2546125208940504,False,False,0.03770059366316374,-23_to_-2,group_event__race__race_white__ln_salario_real_adm,race,race_color,race_white,White,ln_salario_real_adm,ols,-23_to_41,-1,2022-11,frozen,False,"ln_salario_real_adm ~ i(event_time, treatment, ref=-1) | cbo_4d + periodo",21881,341
26.0,"C(event_time, contr.treatment(base=-1))[4]:treatment",4,-0.0027350967825021584,0.023195309876033895,-0.04835947650024296,0.04288928293523864,0.9062038914586195,False,False,0.03770059366316374,-23_to_-2,group_event__race__race_white__ln_salario_real_adm,race,race_color,race_white,White,ln_salario_real_adm,ols,-23_to_41,-1,2022-11,frozen,False,"ln_salario_real_adm ~ i(event_time, treatment, ref=-1) | cbo_4d + periodo",21881,341
27.0,"C(event_time, contr.treatment(base=-1))[5]:treatment",5,-0.028755953366565064,0.023705588990028913,-0.07538403461635548,0.017872127883225356,0.22595460055684913,False,False,0.03770059366316374,-23_to_-2,group_event__race__race_white__ln_salario_real_adm,race,race_color,race_white,White,ln_salario_real_adm,ols,-23_to_41,-1,2022-11,frozen,False,"ln_salario_real_adm ~ i(event_time, treatment, ref=-1) | cbo_4d + periodo",21881,341
28.0,"C(event_time, contr.treatment(base=-1))[6]:treatment",6,0.026464276156364996,0.025695849142066875,-0.024078578614407372,0.07700713092713736,0.30378681886401515,False,False,0.03770059366316374,-23_to_-2,group_event__race__race_white__ln_salario_real_adm,race,race_color,race_white,White,ln_salario_real_adm,ols,-23_to_41,-1,2022-11,frozen,False,"ln_salario_real_adm ~ i(event_time, treatment, ref=-1) | cbo_4d + periodo",21881,341
29.0,"C(event_time, contr.treatment(base=-1))[7]:treatment",7,-0.00541087774066268,0.025043258107939195,-0.05467010830893202,0.043848352827606664,0.8290695672732569,False,False,0.03770059366316374,-23_to_-2,group_event__race__race_white__ln_salario_real_adm,race,race_color,race_white,White,ln_salario_real_adm,ols,-23_to_41,-1,2022-11,frozen,False,"ln_salario_real_adm ~ i(event_time, treatment, ref=-1) | cbo_4d + periodo",21881,341
30.0,"C(event_time, contr.treatment(base=-1))[8]:treatment",8,-0.011657944380299459,0.025205743766834446,-0.06123677867189668,0.03792088991129776,0.6440104621516147,False,False,0.03770059366316374,-23_to_-2,group_event__race__race_white__ln_salario_real_adm,race,race_color,race_white,White,ln_salario_real_adm,ols,-23_to_41,-1,2022-11,frozen,False,"ln_salario_real_adm ~ i(event_time, treatment, ref=-1) | cbo_4d + periodo",21881,341
31.0,"C(event_time, contr.treatment(base=-1))[9]:treatment",9,-0.030653310282015428,0.028268960554925292,-0.0862573870318743,0.024950766467843437,0.27898009367766896,False,False,0.03770059366316374,-23_to_-2,group_event__race__race_white__ln_salario_real_adm,race,race_color,race_white,White,ln_salario_real_adm,ols,-23_to_41,-1,2022-11,frozen,False,"ln_salario_real_adm ~ i(event_time, treatment, ref=-1) | cbo_4d + periodo",21881,341
32.0,"C(event_time, contr.treatment(base=-1))[10]:treatment",10,-0.03350417167228474,0.024408349645863758,-0.0815145590513684,0.014506215706798914,0.17076527247571338,False,False,0.03770059366316374,-23_to_-2,group_event__race__race_white__ln_salario_real_adm,race,race_color,race_white,White,ln_salario_real_adm,ols,-23_to_41,-1,2022-11,frozen,False,"ln_salario_real_adm ~ i(event_time, treatment, ref=-1) | cbo_4d + periodo",21881,341
33.0,"C(event_time, contr.treatment(base=-1))[11]:treatment",11,-0.03608306405920808,0.023896185980885214,-0.08308604305903336,0.010919914940617205,0.13197406343334483,False,False,0.03770059366316374,-23_to_-2,group_event__race__race_white__ln_salario_real_adm,race,race_color,race_white,White,ln_salario_real_adm,ols,-23_to_41,-1,2022-11,frozen,False,"ln_salario_real_adm ~ i(event_time, treatment, ref=-1) | cbo_4d + periodo",21881,341
34.0,"C(event_time, contr.treatment(base=-1))[12]:treatment",12,-0.01717085529105305,0.025090978118376232,-0.06652394948468243,0.03218223890257633,0.49422428647568895,False,False,0.03770059366316374,-23_to_-2,group_event__race__race_white__ln_salario_real_adm,race,race_color,race_white,White,ln_salario_real_adm,ols,-23_to_41,-1,2022-11,frozen,False,"ln_salario_real_adm ~ i(event_time, treatment, ref=-1) | cbo_4d + periodo",21881,341
35.0,"C(event_time, contr.treatment(base=-1))[13]:treatment",13,-0.03487535017898967,0.022602776850452404,-0.07933423773909544,0.0095835373811161,0.12376885766470247,False,False,0.03770059366316374,-23_to_-2,group_event__race__race_white__ln_salario_real_adm,race,race_color,race_white,White,ln_salario_real_adm,ols,-23_to_41,-1,2022-11,frozen,False,"ln_salario_real_adm ~ i(event_time, treatment, ref=-1) | cbo_4d + periodo",21881,341
36.0,"C(event_time, contr.treatment(base=-1))[14]:treatment",14,-0.0268888750737203,0.020100191579411012,-0.06642526315905117,0.012647513011610573,0.18187457517301997,False,False,0.03770059366316374,-23_to_-2,group_event__race__race_white__ln_salario_real_adm,race,race_color,race_white,White,ln_salario_real_adm,ols,-23_to_41,-1,2022-11,frozen,False,"ln_salario_real_adm ~ i(event_time, treatment, ref=-1) | cbo_4d + periodo",21881,341
37.0,"C(event_time, contr.treatment(base=-1))[15]:treatment",15,-0.04539333023569707,0.024269849866493623,-0.09313129329458075,0.0023446328231866084,0.062292995197755774,False,False,0.03770059366316374,-23_to_-2,group_event__race__race_white__ln_salario_real_adm,race,race_color,race_white,White,ln_salario_real_adm,ols,-23_to_41,-1,2022-11,frozen,False,"ln_salario_real_adm ~ i(event_time, treatment, ref=-1) | cbo_4d + periodo",21881,341
38.0,"C(event_time, contr.treatment(base=-1))[16]:treatment",16,-0.0423672543968898,0.02523271297097842,-0.09199913618891387,0.007264627395134275,0.09405893541385524,False,False,0.03770059366316374,-23_to_-2,group_event__race__race_white__ln_salario_real_adm,race,race_color,race_white,White,ln_salario_real_adm,ols,-23_to_41,-1,2022-11,frozen,False,"ln_salario_real_adm ~ i(event_time, treatment, ref=-1) | cbo_4d + periodo",21881,341
39.0,"C(event_time, contr.treatment(base=-1))[17]:treatment",17,-0.009679525941462028,0.01994192541368798,-0.04890460990195,0.029545558019025947,0.6277153713628418,False,False,0.03770059366316374,-23_to_-2,group_event__race__race_white__ln_salario_real_adm,race,race_color,race_white,White,ln_salario_real_adm,ols,-23_to_41,-1,2022-11,frozen,False,"ln_salario_real_adm ~ i(event_time, treatment, ref=-1) | cbo_4d + periodo",21881,341
40.0,"C(event_time, contr.treatment(base=-1))[18]:treatment",18,-0.009155631355934236,0.023501245999760167,-0.0553817769458647,0.037070514233996224,0.6970905506356215,False,False,0.03770059366316374,-23_to_-2,group_event__race__race_white__ln_salario_real_adm,race,race_color,race_white,White,ln_salario_real_adm,ols,-23_to_41,-1,2022-11,frozen,False,"ln_salario_real_adm ~ i(event_time, treatment, ref=-1) | cbo_4d + periodo",21881,341
41.0,"C(event_time, contr.treatment(base=-1))[19]:treatment",19,-0.0020561658973151198,0.02360648727743924,-0.048489317474252086,0.04437698567962185,0.9306419242736084,False,False,0.03770059366316374,-23_to_-2,group_event__race__race_white__ln_salario_real_adm,race,race_color,race_white,White,ln_salario_real_adm,ols,-23_to_41,-1,2022-11,frozen,False,"ln_salario_real_adm ~ i(event_time, treatment, ref=-1) | cbo_4d + periodo",21881,341
42.0,"C(event_time, contr.treatment(base=-1))[20]:treatment",20,-0.018225683359475338,0.021891919292568084,-0.06128633846140428,0.024834971742453603,0.4056941422960314,False,False,0.03770059366316374,-23_to_-2,group_event__race__race_white__ln_salario_real_adm,race,race_color,race_white,White,ln_salario_real_adm,ols,-23_to_41,-1,2022-11,frozen,False,"ln_salario_real_adm ~ i(event_time, treatment, ref=-1) | cbo_4d + periodo",21881,341
43.0,"C(event_time, contr.treatment(base=-1))[21]:treatment",21,-0.010442741603683272,0.021028620848311707,-0.051805318247467355,0.030919835040100808,0.61979446449465,False,False,0.03770059366316374,-23_to_-2,group_event__race__race_white__ln_salario_real_adm,race,race_color,race_white,White,ln_salario_real_adm,ols,-23_to_41,-1,2022-11,frozen,False,"ln_salario_real_adm ~ i(event_time, treatment, ref=-1) | cbo_4d + periodo",21881,341
44.0,"C(event_time, contr.treatment(base=-1))[22]:treatment",22,-0.012717494803126443,0.02074456733412408,-0.05352134791785583,0.028086358311602944,0.5402519309902765,False,False,0.03770059366316374,-23_to_-2,group_event__race__race_white__ln_salario_real_adm,race,race_color,race_white,White,ln_salario_real_adm,ols,-23_to_41,-1,2022-11,frozen,False,"ln_salario_real_adm ~ i(event_time, treatment, ref=-1) | cbo_4d + periodo",21881,341
45.0,"C(event_time, contr.treatment(base=-1))[23]:treatment",23,-0.028526388698732093,0.02255400530446584,-0.07288934429908372,0.015836566901619546,0.2068079485856078,False,False,0.03770059366316374,-23_to_-2,group_event__race__race_white__ln_salario_real_adm,race,race_color,race_white,White,ln_salario_real_adm,ols,-23_to_41,-1,2022-11,frozen,False,"ln_salario_real_adm ~ i(event_time, treatment, ref=-1) | cbo_4d + periodo",21881,341
46.0,"C(event_time, contr.treatment(base=-1))[24]:treatment",24,-0.03208605416651188,0.030395762486950664,-0.09187347743985949,0.027701369106835717,0.2918961840774028,False,True,0.03770059366316374,-23_to_-2,group_event__race__race_white__ln_salario_real_adm,race,race_color,race_white,White,ln_salario_real_adm,ols,-23_to_41,-1,2022-11,frozen,False,"ln_salario_real_adm ~ i(event_time, treatment, ref=-1) | cbo_4d + periodo",21881,341
47.0,"C(event_time, contr.treatment(base=-1))[25]:treatment",25,-0.03533949713491873,0.026993331873285616,-0.0884344559785709,0.017755461708733433,0.19135286081300418,False,True,0.03770059366316374,-23_to_-2,group_event__race__race_white__ln_salario_real_adm,race,race_color,race_white,White,ln_salario_real_adm,ols,-23_to_41,-1,2022-11,frozen,False,"ln_salario_real_adm ~ i(event_time, treatment, ref=-1) | cbo_4d + periodo",21881,341
48.0,"C(event_time, contr.treatment(base=-1))[26]:treatment",26,-0.033779117444766305,0.02180637369765876,-0.07667150729280633,0.009113272403273719,0.12230048573899532,False,True,0.03770059366316374,-23_to_-2,group_event__race__race_white__ln_salario_real_adm,race,race_color,race_white,White,ln_salario_real_adm,ols,-23_to_41,-1,2022-11,frozen,False,"ln_salario_real_adm ~ i(event_time, treatment, ref=-1) | cbo_4d + periodo",21881,341
49.0,"C(event_time, contr.treatment(base=-1))[27]:treatment",27,-0.015719377817504623,0.022091001798211385,-0.05917162138629056,0.02773286575128132,0.4772166630357142,False,True,0.03770059366316374,-23_to_-2,group_event__race__race_white__ln_salario_real_adm,race,race_color,race_white,White,ln_salario_real_adm,ols,-23_to_41,-1,2022-11,frozen,False,"ln_salario_real_adm ~ i(event_time, treatment, ref=-1) | cbo_4d + periodo",21881,341
50.0,"C(event_time, contr.treatment(base=-1))[28]:treatment",28,0.016752023936381633,0.023888487540728216,-0.0302358124954489,0.06373986036821216,0.4836208917300131,False,True,0.03770059366316374,-23_to_-2,group_event__race__race_white__ln_salario_real_adm,race,race_color,race_white,White,ln_salario_real_adm,ols,-23_to_41,-1,2022-11,frozen,False,"ln_salario_real_adm ~ i(event_time, treatment, ref=-1) | cbo_4d + periodo",21881,341
51.0,"C(event_time, contr.treatment(base=-1))[29]:treatment",29,-0.016756174065384828,0.021542050946541148,-0.0591286501192363,0.025616301988466643,0.4372068534779838,False,True,0.03770059366316374,-23_to_-2,group_event__race__race_white__ln_salario_real_adm,race,race_color,race_white,White,ln_salario_real_adm,ols,-23_to_41,-1,2022-11,frozen,False,"ln_salario_real_adm ~ i(event_time, treatment, ref=-1) | cbo_4d + periodo",21881,341
52.0,"C(event_time, contr.treatment(base=-1))[30]:treatment",30,-0.020594357410737264,0.02027946356697828,-0.060483367352695036,0.019294652531220507,0.31057644432744747,False,True,0.03770059366316374,-23_to_-2,group_event__race__race_white__ln_salario_real_adm,race,race_color,race_white,White,ln_salario_real_adm,ols,-23_to_41,-1,2022-11,frozen,False,"ln_salario_real_adm ~ i(event_time, treatment, ref=-1) | cbo_4d + periodo",21881,341
53.0,"C(event_time, contr.treatment(base=-1))[31]:treatment",31,-0.027587546386465656,0.023128963235147973,-0.07308142453501192,0.017906331762080605,0.23379096600721283,False,True,0.03770059366316374,-23_to_-2,group_event__race__race_white__ln_salario_real_adm,race,race_color,race_white,White,ln_salario_real_adm,ols,-23_to_41,-1,2022-11,frozen,False,"ln_salario_real_adm ~ i(event_time, treatment, ref=-1) | cbo_4d + periodo",21881,341
54.0,"C(event_time, contr.treatment(base=-1))[32]:treatment",32,-0.001113697420587686,0.026538214003539135,-0.05331345500947683,0.05108606016830146,0.9665505935873775,False,True,0.03770059366316374,-23_to_-2,group_event__race__race_white__ln_salario_real_adm,race,race_color,race_white,White,ln_salario_real_adm,ols,-23_to_41,-1,2022-11,frozen,False,"ln_salario_real_adm ~ i(event_time, treatment, ref=-1) | cbo_4d + periodo",21881,341
55.0,"C(event_time, contr.treatment(base=-1))[33]:treatment",33,-0.01859699247497053,0.023298708969374856,-0.06442475466624889,0.02723076971630783,0.425312513249152,False,True,0.03770059366316374,-23_to_-2,group_event__race__race_white__ln_salario_real_adm,race,race_color,race_white,White,ln_salario_real_adm,ols,-23_to_41,-1,2022-11,frozen,False,"ln_salario_real_adm ~ i(event_time, treatment, ref=-1) | cbo_4d + periodo",21881,341
56.0,"C(event_time, contr.treatment(base=-1))[34]:treatment",34,-0.013539113077640792,0.023670665171079488,-0.06009850037225416,0.03302027421697257,0.5677144605938436,False,True,0.03770059366316374,-23_to_-2,group_event__race__race_white__ln_salario_real_adm,race,race_color,race_white,White,ln_salario_real_adm,ols,-23_to_41,-1,2022-11,frozen,False,"ln_salario_real_adm ~ i(event_time, treatment, ref=-1) | cbo_4d + periodo",21881,341
57.0,"C(event_time, contr.treatment(base=-1))[35]:treatment",35,-0.006021855851960357,0.022115969533217636,-0.04952321009996142,0.03747949839604071,0.785567851956646,False,True,0.03770059366316374,-23_to_-2,group_event__race__race_white__ln_salario_real_adm,race,race_color,race_white,White,ln_salario_real_adm,ols,-23_to_41,-1,2022-11,frozen,False,"ln_salario_real_adm ~ i(event_time, treatment, ref=-1) | cbo_4d + periodo",21881,341
58.0,"C(event_time, contr.treatment(base=-1))[36]:treatment",36,-0.004006465958092077,0.022751352380516825,-0.04875759649475871,0.040744664578574556,0.8603218491204916,False,True,0.03770059366316374,-23_to_-2,group_event__race__race_white__ln_salario_real_adm,race,race_color,race_white,White,ln_salario_real_adm,ols,-23_to_41,-1,2022-11,frozen,False,"ln_salario_real_adm ~ i(event_time, treatment, ref=-1) | cbo_4d + periodo",21881,341
59.0,"C(event_time, contr.treatment(base=-1))[37]:treatment",37,-0.018066173657750782,0.02498185250748567,-0.06720462151404687,0.031072274198545302,0.47007147488531853,False,True,0.03770059366316374,-23_to_-2,group_event__race__race_white__ln_salario_real_adm,race,race_color,race_white,White,ln_salario_real_adm,ols,-23_to_41,-1,2022-11,frozen,False,"ln_salario_real_adm ~ i(event_time, treatment, ref=-1) | cbo_4d + periodo",21881,341
60.0,"C(event_time, contr.treatment(base=-1))[38]:treatment",38,-0.03521765804096688,0.022844521502966807,-0.08015204904896779,0.009716732967034028,0.12409520953954001,False,True,0.03770059366316374,-23_to_-2,group_event__race__race_white__ln_salario_real_adm,race,race_color,race_white,White,ln_salario_real_adm,ols,-23_to_41,-1,2022-11,frozen,False,"ln_salario_real_adm ~ i(event_time, treatment, ref=-1) | cbo_4d + periodo",21881,341
61.0,"C(event_time, contr.treatment(base=-1))[39]:treatment",39,-0.03736412257195277,0.025734049864334585,-0.08798211685444318,0.013253871710537643,0.1474422925886989,False,True,0.03770059366316374,-23_to_-2,group_event__race__race_white__ln_salario_real_adm,race,race_color,race_white,White,ln_salario_real_adm,ols,-23_to_41,-1,2022-11,frozen,False,"ln_salario_real_adm ~ i(event_time, treatment, ref=-1) | cbo_4d + periodo",21881,341
62.0,"C(event_time, contr.treatment(base=-1))[40]:treatment",40,-0.011026825048094182,0.022315378121470712,-0.05492040915627215,0.032866759060083794,0.6215294320145792,False,True,0.03770059366316374,-23_to_-2,group_event__race__race_white__ln_salario_real_adm,race,race_color,race_white,White,ln_salario_real_adm,ols,-23_to_41,-1,2022-11,frozen,False,"ln_salario_real_adm ~ i(event_time, treatment, ref=-1) | cbo_4d + periodo",21881,341
63.0,"C(event_time, contr.treatment(base=-1))[41]:treatment",41,-0.027939942976396577,0.021785448870832815,-0.07079117440707822,0.014911288454285056,0.20053929296891093,False,True,0.03770059366316374,-23_to_-2,group_event__race__race_white__ln_salario_real_adm,race,race_color,race_white,White,ln_salario_real_adm,ols,-23_to_41,-1,2022-11,frozen,False,"ln_salario_real_adm ~ i(event_time, treatment, ref=-1) | cbo_4d + periodo",21881,341
0.0,"C(event_time, contr.treatment(base=-1))[-23]:treatment",-23,-0.08862525738912004,0.0981211650584634,-0.2816262268480336,0.10437571206979353,0.36704721438875954,False,False,-0.09822823359394142,-23_to_-2,group_event__race__race_negra__admissoes,race,race_aggregate,race_negra,Black or Pardo,admissoes,ppml,-23_to_41,-1,2022-11,alternative,False,"admissoes ~ i(event_time, treatment, ref=-1) | cbo_4d + periodo",22049,341
1.0,"C(event_time, contr.treatment(base=-1))[-22]:treatment",-22,-0.11824933398440104,0.0925850213532844,-0.3003608984762336,0.0638622305074315,0.20240410819997368,False,False,-0.09822823359394142,-23_to_-2,group_event__race__race_negra__admissoes,race,race_aggregate,race_negra,Black or Pardo,admissoes,ppml,-23_to_41,-1,2022-11,alternative,False,"admissoes ~ i(event_time, treatment, ref=-1) | cbo_4d + periodo",22049,341
2.0,"C(event_time, contr.treatment(base=-1))[-21]:treatment",-21,-0.14007065295085966,0.08873733233420354,-0.3146139449867287,0.03447263908500933,0.1153838441342685,False,False,-0.09822823359394142,-23_to_-2,group_event__race__race_negra__admissoes,race,race_aggregate,race_negra,Black or Pardo,admissoes,ppml,-23_to_41,-1,2022-11,alternative,False,"admissoes ~ i(event_time, treatment, ref=-1) | cbo_4d + periodo",22049,341
3.0,"C(event_time, contr.treatment(base=-1))[-20]:treatment",-20,-0.12184338752385367,0.09603156832645042,-0.3107341918128328,0.06704741676512548,0.2053857965346919,False,False,-0.09822823359394142,-23_to_-2,group_event__race__race_negra__admissoes,race,race_aggregate,race_negra,Black or Pardo,admissoes,ppml,-23_to_41,-1,2022-11,alternative,False,"admissoes ~ i(event_time, treatment, ref=-1) | cbo_4d + periodo",22049,341
4.0,"C(event_time, contr.treatment(base=-1))[-19]:treatment",-19,-0.13969143559582312,0.0842913532024959,-0.30548963902514725,0.02610676783350102,0.09839231654695535,False,False,-0.09822823359394142,-23_to_-2,group_event__race__race_negra__admissoes,race,race_aggregate,race_negra,Black or Pardo,admissoes,ppml,-23_to_41,-1,2022-11,alternative,False,"admissoes ~ i(event_time, treatment, ref=-1) | cbo_4d + periodo",22049,341
5.0,"C(event_time, contr.treatment(base=-1))[-18]:treatment",-18,-0.10035407357741905,0.07148874999887282,-0.24096999519807527,0.04026184804323718,0.16129875222216228,False,False,-0.09822823359394142,-23_to_-2,group_event__race__race_negra__admissoes,race,race_aggregate,race_negra,Black or Pardo,admissoes,ppml,-23_to_41,-1,2022-11,alternative,False,"admissoes ~ i(event_time, treatment, ref=-1) | cbo_4d + periodo",22049,341
6.0,"C(event_time, contr.treatment(base=-1))[-17]:treatment",-17,-0.11173445323672146,0.0712568476514913,-0.2518942308864234,0.028425324412980457,0.11779913823180532,False,False,-0.09822823359394142,-23_to_-2,group_event__race__race_negra__admissoes,race,race_aggregate,race_negra,Black or Pardo,admissoes,ppml,-23_to_41,-1,2022-11,alternative,False,"admissoes ~ i(event_time, treatment, ref=-1) | cbo_4d + periodo",22049,341
7.0,"C(event_time, contr.treatment(base=-1))[-16]:treatment",-16,-0.117660056891424,0.08115410660849953,-0.27728740377096905,0.041967289988121076,0.14802635046923185,False,False,-0.09822823359394142,-23_to_-2,group_event__race__race_negra__admissoes,race,race_aggregate,race_negra,Black or Pardo,admissoes,ppml,-23_to_41,-1,2022-11,alternative,False,"admissoes ~ i(event_time, treatment, ref=-1) | cbo_4d + periodo",22049,341
8.0,"C(event_time, contr.treatment(base=-1))[-15]:treatment",-15,-0.1507895430740354,0.08596914950215187,-0.31988791433356456,0.018308828185493814,0.0803321362440288,False,False,-0.09822823359394142,-23_to_-2,group_event__race__race_negra__admissoes,race,race_aggregate,race_negra,Black or Pardo,admissoes,ppml,-23_to_41,-1,2022-11,alternative,False,"admissoes ~ i(event_time, treatment, ref=-1) | cbo_4d + periodo",22049,341
9.0,"C(event_time, contr.treatment(base=-1))[-14]:treatment",-14,-0.036204778518844745,0.06247775898325623,-0.15909638958159697,0.0866868325439075,0.5626472899738786,False,False,-0.09822823359394142,-23_to_-2,group_event__race__race_negra__admissoes,race,race_aggregate,race_negra,Black or Pardo,admissoes,ppml,-23_to_41,-1,2022-11,alternative,False,"admissoes ~ i(event_time, treatment, ref=-1) | cbo_4d + periodo",22049,341
10.0,"C(event_time, contr.treatment(base=-1))[-13]:treatment",-13,0.0706048721072673,0.029102319518401254,0.013361606832055083,0.12784813738247952,0.015782129120052613,False,False,-0.09822823359394142,-23_to_-2,group_event__race__race_negra__admissoes,race,race_aggregate,race_negra,Black or Pardo,admissoes,ppml,-23_to_41,-1,2022-11,alternative,False,"admissoes ~ i(event_time, treatment, ref=-1) | cbo_4d + periodo",22049,341
11.0,"C(event_time, contr.treatment(base=-1))[-12]:treatment",-12,0.12050441331329205,0.042853221853980036,0.03621359433118844,0.20479523229539565,0.005208808492696004,False,False,-0.09822823359394142,-23_to_-2,group_event__race__race_negra__admissoes,race,race_aggregate,race_negra,Black or Pardo,admissoes,ppml,-23_to_41,-1,2022-11,alternative,False,"admissoes ~ i(event_time, treatment, ref=-1) | cbo_4d + periodo",22049,341
12.0,"C(event_time, contr.treatment(base=-1))[-11]:treatment",-11,-0.10292507464044418,0.08548250785106956,-0.2710662384475139,0.0652160891666255,0.2294084388929334,False,False,-0.09822823359394142,-23_to_-2,group_event__race__race_negra__admissoes,race,race_aggregate,race_negra,Black or Pardo,admissoes,ppml,-23_to_41,-1,2022-11,alternative,False,"admissoes ~ i(event_time, treatment, ref=-1) | cbo_4d + periodo",22049,341
13.0,"C(event_time, contr.treatment(base=-1))[-10]:treatment",-10,-0.0834598325516689,0.08647762521851932,-0.25355835812190936,0.08663869301857156,0.33517906341618886,False,False,-0.09822823359394142,-23_to_-2,group_event__race__race_negra__admissoes,race,race_aggregate,race_negra,Black or Pardo,admissoes,ppml,-23_to_41,-1,2022-11,alternative,False,"admissoes ~ i(event_time, treatment, ref=-1) | cbo_4d + periodo",22049,341
14.0,"C(event_time, contr.treatment(base=-1))[-9]:treatment",-9,-0.10473191799746023,0.07803181942026163,-0.25821783296575546,0.04875399697083499,0.18043662837297347,False,False,-0.09822823359394142,-23_to_-2,group_event__race__race_negra__admissoes,race,race_aggregate,race_negra,Black or Pardo,admissoes,ppml,-23_to_41,-1,2022-11,alternative,False,"admissoes ~ i(event_time, treatment, ref=-1) | cbo_4d + periodo",22049,341
15.0,"C(event_time, contr.treatment(base=-1))[-8]:treatment",-8,-0.0713379713463394,0.0757103313669993,-0.22025759886177004,0.07758165616909124,0.3467342692821669,False,False,-0.09822823359394142,-23_to_-2,group_event__race__race_negra__admissoes,race,race_aggregate,race_negra,Black or Pardo,admissoes,ppml,-23_to_41,-1,2022-11,alternative,False,"admissoes ~ i(event_time, treatment, ref=-1) | cbo_4d + periodo",22049,341
16.0,"C(event_time, contr.treatment(base=-1))[-7]:treatment",-7,-0.1603342142267753,0.06274526368435956,-0.2837519978703056,-0.03691643058324501,0.011043769528375602,False,False,-0.09822823359394142,-23_to_-2,group_event__race__race_negra__admissoes,race,race_aggregate,race_negra,Black or Pardo,admissoes,ppml,-23_to_41,-1,2022-11,alternative,False,"admissoes ~ i(event_time, treatment, ref=-1) | cbo_4d + periodo",22049,341
17.0,"C(event_time, contr.treatment(base=-1))[-6]:treatment",-6,-0.15859097640999198,0.06633085312401175,-0.28906149161783046,-0.02812046120215353,0.017350193736193065,False,False,-0.09822823359394142,-23_to_-2,group_event__race__race_negra__admissoes,race,race_aggregate,race_negra,Black or Pardo,admissoes,ppml,-23_to_41,-1,2022-11,alternative,False,"admissoes ~ i(event_time, treatment, ref=-1) | cbo_4d + periodo",22049,341
18.0,"C(event_time, contr.treatment(base=-1))[-5]:treatment",-5,-0.1457059850222584,0.06802114610580894,-0.27950124860586345,-0.011910721438653349,0.032897926571256564,False,False,-0.09822823359394142,-23_to_-2,group_event__race__race_negra__admissoes,race,race_aggregate,race_negra,Black or Pardo,admissoes,ppml,-23_to_41,-1,2022-11,alternative,False,"admissoes ~ i(event_time, treatment, ref=-1) | cbo_4d + periodo",22049,341
19.0,"C(event_time, contr.treatment(base=-1))[-4]:treatment",-4,-0.16570660159220346,0.06847157338920239,-0.30038784020794235,-0.031025362976464577,0.01604087332319737,False,False,-0.09822823359394142,-23_to_-2,group_event__race__race_negra__admissoes,race,race_aggregate,race_negra,Black or Pardo,admissoes,ppml,-23_to_41,-1,2022-11,alternative,False,"admissoes ~ i(event_time, treatment, ref=-1) | cbo_4d + periodo",22049,341
20.0,"C(event_time, contr.treatment(base=-1))[-3]:treatment",-3,-0.1337805090025147,0.07085463204505325,-0.273149142336637,0.00558812433160763,0.0598639879365519,False,False,-0.09822823359394142,-23_to_-2,group_event__race__race_negra__admissoes,race,race_aggregate,race_negra,Black or Pardo,admissoes,ppml,-23_to_41,-1,2022-11,alternative,False,"admissoes ~ i(event_time, treatment, ref=-1) | cbo_4d + periodo",22049,341
21.0,"C(event_time, contr.treatment(base=-1))[-2]:treatment",-2,-0.1003343689551118,0.040139913961973035,-0.1792882042876037,-0.021380533622619907,0.012903592455238533,False,False,-0.09822823359394142,-23_to_-2,group_event__race__race_negra__admissoes,race,race_aggregate,race_negra,Black or Pardo,admissoes,ppml,-23_to_41,-1,2022-11,alternative,False,"admissoes ~ i(event_time, treatment, ref=-1) | cbo_4d + periodo",22049,341
,reference_event_time,-1,0.0,0.0,0.0,0.0,,True,False,-0.09822823359394142,-23_to_-2,group_event__race__race_negra__admissoes,race,race_aggregate,race_negra,Black or Pardo,admissoes,ppml,-23_to_41,-1,2022-11,alternative,False,"admissoes ~ i(event_time, treatment, ref=-1) | cbo_4d + periodo",22049,341
22.0,"C(event_time, contr.treatment(base=-1))[0]:treatment",0,0.023078646503050068,0.0421146602201402,-0.05975944705277762,0.10591674005887776,0.5840545444522101,False,False,-0.09822823359394142,-23_to_-2,group_event__race__race_negra__admissoes,race,race_aggregate,race_negra,Black or Pardo,admissoes,ppml,-23_to_41,-1,2022-11,alternative,False,"admissoes ~ i(event_time, treatment, ref=-1) | cbo_4d + periodo",22049,341
23.0,"C(event_time, contr.treatment(base=-1))[1]:treatment",1,-0.17209492902148657,0.07372247370002641,-0.3171045086217349,-0.02708534942123822,0.02015863338868895,False,False,-0.09822823359394142,-23_to_-2,group_event__race__race_negra__admissoes,race,race_aggregate,race_negra,Black or Pardo,admissoes,ppml,-23_to_41,-1,2022-11,alternative,False,"admissoes ~ i(event_time, treatment, ref=-1) | cbo_4d + periodo",22049,341
24.0,"C(event_time, contr.treatment(base=-1))[2]:treatment",2,-0.1831447101272974,0.07630393558935945,-0.3332319368077212,-0.03305748344687365,0.016923260590508304,False,False,-0.09822823359394142,-23_to_-2,group_event__race__race_negra__admissoes,race,race_aggregate,race_negra,Black or Pardo,admissoes,ppml,-23_to_41,-1,2022-11,alternative,False,"admissoes ~ i(event_time, treatment, ref=-1) | cbo_4d + periodo",22049,341
25.0,"C(event_time, contr.treatment(base=-1))[3]:treatment",3,-0.1770286130410208,0.061165100497913245,-0.29733826984254186,-0.05671895623949973,0.004045759235220325,False,False,-0.09822823359394142,-23_to_-2,group_event__race__race_negra__admissoes,race,race_aggregate,race_negra,Black or Pardo,admissoes,ppml,-23_to_41,-1,2022-11,alternative,False,"admissoes ~ i(event_time, treatment, ref=-1) | cbo_4d + periodo",22049,341
26.0,"C(event_time, contr.treatment(base=-1))[4]:treatment",4,-0.16472378578295727,0.05996645634058695,-0.2826757505996512,-0.0467718209662633,0.0063359758187226944,False,False,-0.09822823359394142,-23_to_-2,group_event__race__race_negra__admissoes,race,race_aggregate,race_negra,Black or Pardo,admissoes,ppml,-23_to_41,-1,2022-11,alternative,False,"admissoes ~ i(event_time, treatment, ref=-1) | cbo_4d + periodo",22049,341
27.0,"C(event_time, contr.treatment(base=-1))[5]:treatment",5,-0.21945521690073416,0.0566839778723896,-0.33095065904759813,-0.10795977475387017,0.00012967680381392732,False,False,-0.09822823359394142,-23_to_-2,group_event__race__race_negra__admissoes,race,race_aggregate,race_negra,Black or Pardo,admissoes,ppml,-23_to_41,-1,2022-11,alternative,False,"admissoes ~ i(event_time, treatment, ref=-1) | cbo_4d + periodo",22049,341
28.0,"C(event_time, contr.treatment(base=-1))[6]:treatment",6,-0.1878504670849551,0.059016723764090895,-0.303934340467133,-0.07176659370277717,0.0015920999681884318,False,False,-0.09822823359394142,-23_to_-2,group_event__race__race_negra__admissoes,race,race_aggregate,race_negra,Black or Pardo,admissoes,ppml,-23_to_41,-1,2022-11,alternative,False,"admissoes ~ i(event_time, treatment, ref=-1) | cbo_4d + periodo",22049,341
29.0,"C(event_time, contr.treatment(base=-1))[7]:treatment",7,-0.16568127275676628,0.057266968822716605,-0.27832343812620763,-0.05303910738732494,0.004060067650492716,False,False,-0.09822823359394142,-23_to_-2,group_event__race__race_negra__admissoes,race,race_aggregate,race_negra,Black or Pardo,admissoes,ppml,-23_to_41,-1,2022-11,alternative,False,"admissoes ~ i(event_time, treatment, ref=-1) | cbo_4d + periodo",22049,341
30.0,"C(event_time, contr.treatment(base=-1))[8]:treatment",8,-0.19865927194626676,0.057566365907202745,-0.31189034112177855,-0.08542820277075495,0.0006289923860773872,False,False,-0.09822823359394142,-23_to_-2,group_event__race__race_negra__admissoes,race,race_aggregate,race_negra,Black or Pardo,admissoes,ppml,-23_to_41,-1,2022-11,alternative,False,"admissoes ~ i(event_time, treatment, ref=-1) | cbo_4d + periodo",22049,341
31.0,"C(event_time, contr.treatment(base=-1))[9]:treatment",9,-0.19818563173979217,0.05574436765641978,-0.30783289278844334,-0.08853837069114102,0.0004310858341263213,False,False,-0.09822823359394142,-23_to_-2,group_event__race__race_negra__admissoes,race,race_aggregate,race_negra,Black or Pardo,admissoes,ppml,-23_to_41,-1,2022-11,alternative,False,"admissoes ~ i(event_time, treatment, ref=-1) | cbo_4d + periodo",22049,341
32.0,"C(event_time, contr.treatment(base=-1))[10]:treatment",10,-0.11860306832212604,0.039466187365570116,-0.19623170652534883,-0.04097443011890327,0.0028514129620105244,False,False,-0.09822823359394142,-23_to_-2,group_event__race__race_negra__admissoes,race,race_aggregate,race_negra,Black or Pardo,admissoes,ppml,-23_to_41,-1,2022-11,alternative,False,"admissoes ~ i(event_time, treatment, ref=-1) | cbo_4d + periodo",22049,341
33.0,"C(event_time, contr.treatment(base=-1))[11]:treatment",11,-0.02919151451415719,0.016135676577892003,-0.06092983743921736,0.002546808410902976,0.0713141389755616,False,False,-0.09822823359394142,-23_to_-2,group_event__race__race_negra__admissoes,race,race_aggregate,race_negra,Black or Pardo,admissoes,ppml,-23_to_41,-1,2022-11,alternative,False,"admissoes ~ i(event_time, treatment, ref=-1) | cbo_4d + periodo",22049,341
34.0,"C(event_time, contr.treatment(base=-1))[12]:treatment",12,0.029416770838277935,0.04239980464087767,-0.05398219202240708,0.11281573369896294,0.488284526622333,False,False,-0.09822823359394142,-23_to_-2,group_event__race__race_negra__admissoes,race,race_aggregate,race_negra,Black or Pardo,admissoes,ppml,-23_to_41,-1,2022-11,alternative,False,"admissoes ~ i(event_time, treatment, ref=-1) | cbo_4d + periodo",22049,341
35.0,"C(event_time, contr.treatment(base=-1))[13]:treatment",13,-0.16478322556920486,0.06783455087919818,-0.2982114627359219,-0.03135498840248779,0.01565006448053219,False,False,-0.09822823359394142,-23_to_-2,group_event__race__race_negra__admissoes,race,race_aggregate,race_negra,Black or Pardo,admissoes,ppml,-23_to_41,-1,2022-11,alternative,False,"admissoes ~ i(event_time, treatment, ref=-1) | cbo_4d + periodo",22049,341
36.0,"C(event_time, contr.treatment(base=-1))[14]:treatment",14,-0.19350530811904362,0.059062430038055745,-0.3096790841759433,-0.07733153206214395,0.001160252628628733,False,False,-0.09822823359394142,-23_to_-2,group_event__race__race_negra__admissoes,race,race_aggregate,race_negra,Black or Pardo,admissoes,ppml,-23_to_41,-1,2022-11,alternative,False,"admissoes ~ i(event_time, treatment, ref=-1) | cbo_4d + periodo",22049,341
37.0,"C(event_time, contr.treatment(base=-1))[15]:treatment",15,-0.157537588378906,0.060502963372620525,-0.27654484414370795,-0.03853033261410406,0.009623934612000395,False,False,-0.09822823359394142,-23_to_-2,group_event__race__race_negra__admissoes,race,race_aggregate,race_negra,Black or Pardo,admissoes,ppml,-23_to_41,-1,2022-11,alternative,False,"admissoes ~ i(event_time, treatment, ref=-1) | cbo_4d + periodo",22049,341
38.0,"C(event_time, contr.treatment(base=-1))[16]:treatment",16,-0.1833960862292739,0.05842559974118671,-0.2983172389138023,-0.0684749335447455,0.0018438740834110234,False,False,-0.09822823359394142,-23_to_-2,group_event__race__race_negra__admissoes,race,race_aggregate,race_negra,Black or Pardo,admissoes,ppml,-23_to_41,-1,2022-11,alternative,False,"admissoes ~ i(event_time, treatment, ref=-1) | cbo_4d + periodo",22049,341
39.0,"C(event_time, contr.treatment(base=-1))[17]:treatment",17,-0.20863971115388455,0.04975202658953495,-0.3065002426569974,-0.11077917965077172,3.50648344074056e-05,False,False,-0.09822823359394142,-23_to_-2,group_event__race__race_negra__admissoes,race,race_aggregate,race_negra,Black or Pardo,admissoes,ppml,-23_to_41,-1,2022-11,alternative,False,"admissoes ~ i(event_time, treatment, ref=-1) | cbo_4d + periodo",22049,341
40.0,"C(event_time, contr.treatment(base=-1))[18]:treatment",18,-0.21476963089154233,0.050161200470288665,-0.313434993397382,-0.11610426838570262,2.417039995861181e-05,False,False,-0.09822823359394142,-23_to_-2,group_event__race__race_negra__admissoes,race,race_aggregate,race_negra,Black or Pardo,admissoes,ppml,-23_to_41,-1,2022-11,alternative,False,"admissoes ~ i(event_time, treatment, ref=-1) | cbo_4d + periodo",22049,341
41.0,"C(event_time, contr.treatment(base=-1))[19]:treatment",19,-0.18482645065347258,0.05660304582994905,-0.29616270224606617,-0.07349019906087902,0.0012047208222527583,False,False,-0.09822823359394142,-23_to_-2,group_event__race__race_negra__admissoes,race,race_aggregate,race_negra,Black or Pardo,admissoes,ppml,-23_to_41,-1,2022-11,alternative,False,"admissoes ~ i(event_time, treatment, ref=-1) | cbo_4d + periodo",22049,341
42.0,"C(event_time, contr.treatment(base=-1))[20]:treatment",20,-0.18240613133808423,0.057742363167789926,-0.2959833810944646,-0.06882888158170386,0.001725300765801574,False,False,-0.09822823359394142,-23_to_-2,group_event__race__race_negra__admissoes,race,race_aggregate,race_negra,Black or Pardo,admissoes,ppml,-23_to_41,-1,2022-11,alternative,False,"admissoes ~ i(event_time, treatment, ref=-1) | cbo_4d + periodo",22049,341
43.0,"C(event_time, contr.treatment(base=-1))[21]:treatment",21,-0.15394392663708548,0.06691963375638178,-0.2855725531736911,-0.0223153001004798,0.022028791456701002,False,False,-0.09822823359394142,-23_to_-2,group_event__race__race_negra__admissoes,race,race_aggregate,race_negra,Black or Pardo,admissoes,ppml,-23_to_41,-1,2022-11,alternative,False,"admissoes ~ i(event_time, treatment, ref=-1) | cbo_4d + periodo",22049,341
44.0,"C(event_time, contr.treatment(base=-1))[22]:treatment",22,-0.17043336105467422,0.04129438476436839,-0.25165800089648427,-0.08920872121286413,4.622153461508738e-05,False,False,-0.09822823359394142,-23_to_-2,group_event__race__race_negra__admissoes,race,race_aggregate,race_negra,Black or Pardo,admissoes,ppml,-23_to_41,-1,2022-11,alternative,False,"admissoes ~ i(event_time, treatment, ref=-1) | cbo_4d + periodo",22049,341
45.0,"C(event_time, contr.treatment(base=-1))[23]:treatment",23,-0.06933226410093773,0.03702064671636996,-0.1421506076458614,0.0034860794439859344,0.06195397295412408,False,False,-0.09822823359394142,-23_to_-2,group_event__race__race_negra__admissoes,race,race_aggregate,race_negra,Black or Pardo,admissoes,ppml,-23_to_41,-1,2022-11,alternative,False,"admissoes ~ i(event_time, treatment, ref=-1) | cbo_4d + periodo",22049,341
46.0,"C(event_time, contr.treatment(base=-1))[24]:treatment",24,-0.005755567925679986,0.06422686676790577,-0.13208761406606664,0.12057647821470667,0.9286474472058739,False,True,-0.09822823359394142,-23_to_-2,group_event__race__race_negra__admissoes,race,race_aggregate,race_negra,Black or Pardo,admissoes,ppml,-23_to_41,-1,2022-11,alternative,False,"admissoes ~ i(event_time, treatment, ref=-1) | cbo_4d + periodo",22049,341
47.0,"C(event_time, contr.treatment(base=-1))[25]:treatment",25,-0.21704423129617553,0.05554384602227828,-0.3262970731615268,-0.10779138943082431,0.0001124844507680578,False,True,-0.09822823359394142,-23_to_-2,group_event__race__race_negra__admissoes,race,race_aggregate,race_negra,Black or Pardo,admissoes,ppml,-23_to_41,-1,2022-11,alternative,False,"admissoes ~ i(event_time, treatment, ref=-1) | cbo_4d + periodo",22049,341
48.0,"C(event_time, contr.treatment(base=-1))[26]:treatment",26,-0.2022830899174215,0.06171588685695571,-0.3236761246139829,-0.08089005522086011,0.0011548258359126429,False,True,-0.09822823359394142,-23_to_-2,group_event__race__race_negra__admissoes,race,race_aggregate,race_negra,Black or Pardo,admissoes,ppml,-23_to_41,-1,2022-11,alternative,False,"admissoes ~ i(event_time, treatment, ref=-1) | cbo_4d + periodo",22049,341
49.0,"C(event_time, contr.treatment(base=-1))[27]:treatment",27,-0.1667351376984746,0.05039800146729176,-0.26586627965121756,-0.06760399574573163,0.0010388416029016856,False,True,-0.09822823359394142,-23_to_-2,group_event__race__race_negra__admissoes,race,race_aggregate,race_negra,Black or Pardo,admissoes,ppml,-23_to_41,-1,2022-11,alternative,False,"admissoes ~ i(event_time, treatment, ref=-1) | cbo_4d + periodo",22049,341
50.0,"C(event_time, contr.treatment(base=-1))[28]:treatment",28,-0.17231810742149198,0.05317107143265554,-0.2769037829743376,-0.06773243186864639,0.0013096869352082763,False,True,-0.09822823359394142,-23_to_-2,group_event__race__race_negra__admissoes,race,race_aggregate,race_negra,Black or Pardo,admissoes,ppml,-23_to_41,-1,2022-11,alternative,False,"admissoes ~ i(event_time, treatment, ref=-1) | cbo_4d + periodo",22049,341
51.0,"C(event_time, contr.treatment(base=-1))[29]:treatment",29,-0.20867493327409606,0.048378510331594196,-0.30383380536262494,-0.1135160611855672,2.109774228786776e-05,False,True,-0.09822823359394142,-23_to_-2,group_event__race__race_negra__admissoes,race,race_aggregate,race_negra,Black or Pardo,admissoes,ppml,-23_to_41,-1,2022-11,alternative,False,"admissoes ~ i(event_time, treatment, ref=-1) | cbo_4d + periodo",22049,341
52.0,"C(event_time, contr.treatment(base=-1))[30]:treatment",30,-0.16670396138849505,0.05105344000897888,-0.267124328493538,-0.0662835942834521,0.0012048266084583314,False,True,-0.09822823359394142,-23_to_-2,group_event__race__race_negra__admissoes,race,race_aggregate,race_negra,Black or Pardo,admissoes,ppml,-23_to_41,-1,2022-11,alternative,False,"admissoes ~ i(event_time, treatment, ref=-1) | cbo_4d + periodo",22049,341
53.0,"C(event_time, contr.treatment(base=-1))[31]:treatment",31,-0.18216088210502768,0.05400855704536881,-0.288393863160873,-0.07592790104918232,0.0008298220097187059,False,True,-0.09822823359394142,-23_to_-2,group_event__race__race_negra__admissoes,race,race_aggregate,race_negra,Black or Pardo,admissoes,ppml,-23_to_41,-1,2022-11,alternative,False,"admissoes ~ i(event_time, treatment, ref=-1) | cbo_4d + periodo",22049,341
54.0,"C(event_time, contr.treatment(base=-1))[32]:treatment",32,-0.17173603665773282,0.059225980556575,-0.2882315109803524,-0.055240562335113236,0.003978402146688209,False,True,-0.09822823359394142,-23_to_-2,group_event__race__race_negra__admissoes,race,race_aggregate,race_negra,Black or Pardo,admissoes,ppml,-23_to_41,-1,2022-11,alternative,False,"admissoes ~ i(event_time, treatment, ref=-1) | cbo_4d + periodo",22049,341
55.0,"C(event_time, contr.treatment(base=-1))[33]:treatment",33,-0.19334307096436204,0.0623373201070032,-0.3159584435697906,-0.07072769835893351,0.0020860814831893393,False,True,-0.09822823359394142,-23_to_-2,group_event__race__race_negra__admissoes,race,race_aggregate,race_negra,Black or Pardo,admissoes,ppml,-23_to_41,-1,2022-11,alternative,False,"admissoes ~ i(event_time, treatment, ref=-1) | cbo_4d + periodo",22049,341
56.0,"C(event_time, contr.treatment(base=-1))[34]:treatment",34,-0.1714670674631629,0.04182232601603223,-0.25373014965660795,-0.08920398526971784,5.175253079148234e-05,False,True,-0.09822823359394142,-23_to_-2,group_event__race__race_negra__admissoes,race,race_aggregate,race_negra,Black or Pardo,admissoes,ppml,-23_to_41,-1,2022-11,alternative,False,"admissoes ~ i(event_time, treatment, ref=-1) | cbo_4d + periodo",22049,341
57.0,"C(event_time, contr.treatment(base=-1))[35]:treatment",35,-0.07638080331826275,0.040505387931921225,-0.1560535134263443,0.003291906789818805,0.060188384106597326,False,True,-0.09822823359394142,-23_to_-2,group_event__race__race_negra__admissoes,race,race_aggregate,race_negra,Black or Pardo,admissoes,ppml,-23_to_41,-1,2022-11,alternative,False,"admissoes ~ i(event_time, treatment, ref=-1) | cbo_4d + periodo",22049,341
58.0,"C(event_time, contr.treatment(base=-1))[36]:treatment",36,0.007475562687323767,0.0726363866525023,-0.1353977209062065,0.15034884628085404,0.9180890423594268,False,True,-0.09822823359394142,-23_to_-2,group_event__race__race_negra__admissoes,race,race_aggregate,race_negra,Black or Pardo,admissoes,ppml,-23_to_41,-1,2022-11,alternative,False,"admissoes ~ i(event_time, treatment, ref=-1) | cbo_4d + periodo",22049,341
59.0,"C(event_time, contr.treatment(base=-1))[37]:treatment",37,-0.2242633339600528,0.0508985169557669,-0.3243789727280073,-0.12414769519209828,1.4126432810845913e-05,False,True,-0.09822823359394142,-23_to_-2,group_event__race__race_negra__admissoes,race,race_aggregate,race_negra,Black or Pardo,admissoes,ppml,-23_to_41,-1,2022-11,alternative,False,"admissoes ~ i(event_time, treatment, ref=-1) | cbo_4d + periodo",22049,341
60.0,"C(event_time, contr.treatment(base=-1))[38]:treatment",38,-0.22303521634457718,0.062340922098451726,-0.34565767394375946,-0.10041275874539493,0.00039699953049154857,False,True,-0.09822823359394142,-23_to_-2,group_event__race__race_negra__admissoes,race,race_aggregate,race_negra,Black or Pardo,admissoes,ppml,-23_to_41,-1,2022-11,alternative,False,"admissoes ~ i(event_time, treatment, ref=-1) | cbo_4d + periodo",22049,341
61.0,"C(event_time, contr.treatment(base=-1))[39]:treatment",39,-0.16869976729817202,0.06231489154143051,-0.29127102368365426,-0.046128510912689755,0.007127720029480589,False,True,-0.09822823359394142,-23_to_-2,group_event__race__race_negra__admissoes,race,race_aggregate,race_negra,Black or Pardo,admissoes,ppml,-23_to_41,-1,2022-11,alternative,False,"admissoes ~ i(event_time, treatment, ref=-1) | cbo_4d + periodo",22049,341
62.0,"C(event_time, contr.treatment(base=-1))[40]:treatment",40,-0.17875420835522504,0.05184630172722238,-0.2807341072919241,-0.07677430941852599,0.0006362095051963834,False,True,-0.09822823359394142,-23_to_-2,group_event__race__race_negra__admissoes,race,race_aggregate,race_negra,Black or Pardo,admissoes,ppml,-23_to_41,-1,2022-11,alternative,False,"admissoes ~ i(event_time, treatment, ref=-1) | cbo_4d + periodo",22049,341
63.0,"C(event_time, contr.treatment(base=-1))[41]:treatment",41,-0.19943511716061293,0.054176489588939926,-0.3059984157753011,-0.09287181854592474,0.00026986473467438543,False,True,-0.09822823359394142,-23_to_-2,group_event__race__race_negra__admissoes,race,race_aggregate,race_negra,Black or Pardo,admissoes,ppml,-23_to_41,-1,2022-11,alternative,False,"admissoes ~ i(event_time, treatment, ref=-1) | cbo_4d + periodo",22049,341
0.0,"C(event_time, contr.treatment(base=-1))[-23]:treatment",-23,0.008486637616221423,0.02069137129476671,-0.03221258071190275,0.0491858559443456,0.681951696914245,False,False,0.033587914308466686,-23_to_-2,group_event__race__race_negra__ln_salario_real_adm,race,race_aggregate,race_negra,Black or Pardo,ln_salario_real_adm,ols,-23_to_41,-1,2022-11,alternative,False,"ln_salario_real_adm ~ i(event_time, treatment, ref=-1) | cbo_4d + periodo",21918,341
1.0,"C(event_time, contr.treatment(base=-1))[-22]:treatment",-22,0.03396705042542266,0.03748871867570289,-0.0397719746245969,0.10770607547544223,0.36554542601758433,False,False,0.033587914308466686,-23_to_-2,group_event__race__race_negra__ln_salario_real_adm,race,race_aggregate,race_negra,Black or Pardo,ln_salario_real_adm,ols,-23_to_41,-1,2022-11,alternative,False,"ln_salario_real_adm ~ i(event_time, treatment, ref=-1) | cbo_4d + periodo",21918,341
2.0,"C(event_time, contr.treatment(base=-1))[-21]:treatment",-21,0.0274184351672445,0.026309064720460767,-0.024330593633838375,0.07916746396832738,0.2980747887435613,False,False,0.033587914308466686,-23_to_-2,group_event__race__race_negra__ln_salario_real_adm,race,race_aggregate,race_negra,Black or Pardo,ln_salario_real_adm,ols,-23_to_41,-1,2022-11,alternative,False,"ln_salario_real_adm ~ i(event_time, treatment, ref=-1) | cbo_4d + periodo",21918,341
3.0,"C(event_time, contr.treatment(base=-1))[-20]:treatment",-20,0.06343804469910848,0.04771318675800339,-0.030412158718085447,0.1572882481163024,0.184551176459951,False,False,0.033587914308466686,-23_to_-2,group_event__race__race_negra__ln_salario_real_adm,race,race_aggregate,race_negra,Black or Pardo,ln_salario_real_adm,ols,-23_to_41,-1,2022-11,alternative,False,"ln_salario_real_adm ~ i(event_time, treatment, ref=-1) | cbo_4d + periodo",21918,341
4.0,"C(event_time, contr.treatment(base=-1))[-19]:treatment",-19,0.04149791415317686,0.019093106906849233,0.003942427110101503,0.0790534011962522,0.030436210922982543,False,False,0.033587914308466686,-23_to_-2,group_event__race__race_negra__ln_salario_real_adm,race,race_aggregate,race_negra,Black or Pardo,ln_salario_real_adm,ols,-23_to_41,-1,2022-11,alternative,False,"ln_salario_real_adm ~ i(event_time, treatment, ref=-1) | cbo_4d + periodo",21918,341
5.0,"C(event_time, contr.treatment(base=-1))[-18]:treatment",-18,0.06271817920165794,0.027130004872220503,0.00935438925232563,0.11608196915099026,0.02138788698505656,False,False,0.033587914308466686,-23_to_-2,group_event__race__race_negra__ln_salario_real_adm,race,race_aggregate,race_negra,Black or Pardo,ln_salario_real_adm,ols,-23_to_41,-1,2022-11,alternative,False,"ln_salario_real_adm ~ i(event_time, treatment, ref=-1) | cbo_4d + periodo",21918,341
6.0,"C(event_time, contr.treatment(base=-1))[-17]:treatment",-17,0.05294900479057573,0.026662399687215548,0.0005049782172306325,0.10539303136392084,0.047846592690062195,False,False,0.033587914308466686,-23_to_-2,group_event__race__race_negra__ln_salario_real_adm,race,race_aggregate,race_negra,Black or Pardo,ln_salario_real_adm,ols,-23_to_41,-1,2022-11,alternative,False,"ln_salario_real_adm ~ i(event_time, treatment, ref=-1) | cbo_4d + periodo",21918,341
7.0,"C(event_time, contr.treatment(base=-1))[-16]:treatment",-16,0.021755407603883878,0.04058191028385557,-0.05806781934834444,0.1015786345561122,0.5922494208671556,False,False,0.033587914308466686,-23_to_-2,group_event__race__race_negra__ln_salario_real_adm,race,race_aggregate,race_negra,Black or Pardo,ln_salario_real_adm,ols,-23_to_41,-1,2022-11,alternative,False,"ln_salario_real_adm ~ i(event_time, treatment, ref=-1) | cbo_4d + periodo",21918,341
8.0,"C(event_time, contr.treatment(base=-1))[-15]:treatment",-15,0.06405542519861096,0.026014061688570206,0.012886657252709259,0.11522419314451265,0.014298857835897794,False,False,0.033587914308466686,-23_to_-2,group_event__race__race_negra__ln_salario_real_adm,race,race_aggregate,race_negra,Black or Pardo,ln_salario_real_adm,ols,-23_to_41,-1,2022-11,alternative,False,"ln_salario_real_adm ~ i(event_time, treatment, ref=-1) | cbo_4d + periodo",21918,341
9.0,"C(event_time, contr.treatment(base=-1))[-14]:treatment",-14,0.052701830412323826,0.023915876531957318,0.005660120773254375,0.09974354005139327,0.028220057019091804,False,False,0.033587914308466686,-23_to_-2,group_event__race__race_negra__ln_salario_real_adm,race,race_aggregate,race_negra,Black or Pardo,ln_salario_real_adm,ols,-23_to_41,-1,2022-11,alternative,False,"ln_salario_real_adm ~ i(event_time, treatment, ref=-1) | cbo_4d + periodo",21918,341
10.0,"C(event_time, contr.treatment(base=-1))[-13]:treatment",-13,0.04531816633330348,0.020074381593136334,0.005832545606572211,0.08480378706003475,0.024610024179765988,False,False,0.033587914308466686,-23_to_-2,group_event__race__race_negra__ln_salario_real_adm,race,race_aggregate,race_negra,Black or Pardo,ln_salario_real_adm,ols,-23_to_41,-1,2022-11,alternative,False,"ln_salario_real_adm ~ i(event_time, treatment, ref=-1) | cbo_4d + periodo",21918,341
11.0,"C(event_time, contr.treatment(base=-1))[-12]:treatment",-12,0.04977763685041046,0.023900276891029738,0.002766611170509657,0.09678866253031126,0.03802358011583662,False,False,0.033587914308466686,-23_to_-2,group_event__race__race_negra__ln_salario_real_adm,race,race_aggregate,race_negra,Black or Pardo,ln_salario_real_adm,ols,-23_to_41,-1,2022-11,alternative,False,"ln_salario_real_adm ~ i(event_time, treatment, ref=-1) | cbo_4d + periodo",21918,341
12.0,"C(event_time, contr.treatment(base=-1))[-11]:treatment",-11,0.04044089572161921,0.02392310363673572,-0.006615029384906025,0.08749682082814444,0.09185772077025245,False,False,0.033587914308466686,-23_to_-2,group_event__race__race_negra__ln_salario_real_adm,race,race_aggregate,race_negra,Black or Pardo,ln_salario_real_adm,ols,-23_to_41,-1,2022-11,alternative,False,"ln_salario_real_adm ~ i(event_time, treatment, ref=-1) | cbo_4d + periodo",21918,341
13.0,"C(event_time, contr.treatment(base=-1))[-10]:treatment",-10,-0.0089888166371071,0.01659007998736333,-0.041620935498050696,0.023643302223836496,0.5882982512299144,False,False,0.033587914308466686,-23_to_-2,group_event__race__race_negra__ln_salario_real_adm,race,race_aggregate,race_negra,Black or Pardo,ln_salario_real_adm,ols,-23_to_41,-1,2022-11,alternative,False,"ln_salario_real_adm ~ i(event_time, treatment, ref=-1) | cbo_4d + periodo",21918,341
14.0,"C(event_time, contr.treatment(base=-1))[-9]:treatment",-9,0.027137997389428684,0.02849039763484804,-0.028901638508895006,0.08317763328775238,0.3415042301455118,False,False,0.033587914308466686,-23_to_-2,group_event__race__race_negra__ln_salario_real_adm,race,race_aggregate,race_negra,Black or Pardo,ln_salario_real_adm,ols,-23_to_41,-1,2022-11,alternative,False,"ln_salario_real_adm ~ i(event_time, treatment, ref=-1) | cbo_4d + periodo",21918,341
15.0,"C(event_time, contr.treatment(base=-1))[-8]:treatment",-8,0.020583798524806265,0.026949169319642988,-0.03242429408910097,0.0735918911387135,0.44551562629472663,False,False,0.033587914308466686,-23_to_-2,group_event__race__race_negra__ln_salario_real_adm,race,race_aggregate,race_negra,Black or Pardo,ln_salario_real_adm,ols,-23_to_41,-1,2022-11,alternative,False,"ln_salario_real_adm ~ i(event_time, treatment, ref=-1) | cbo_4d + periodo",21918,341
16.0,"C(event_time, contr.treatment(base=-1))[-7]:treatment",-7,0.030674616520078968,0.020498166131127978,-0.009644573871518715,0.07099380691167664,0.1354623751219166,False,False,0.033587914308466686,-23_to_-2,group_event__race__race_negra__ln_salario_real_adm,race,race_aggregate,race_negra,Black or Pardo,ln_salario_real_adm,ols,-23_to_41,-1,2022-11,alternative,False,"ln_salario_real_adm ~ i(event_time, treatment, ref=-1) | cbo_4d + periodo",21918,341
17.0,"C(event_time, contr.treatment(base=-1))[-6]:treatment",-6,0.019720794977978285,0.017455208027237847,-0.014613001092998294,0.05405459104895487,0.2593593179212146,False,False,0.033587914308466686,-23_to_-2,group_event__race__race_negra__ln_salario_real_adm,race,race_aggregate,race_negra,Black or Pardo,ln_salario_real_adm,ols,-23_to_41,-1,2022-11,alternative,False,"ln_salario_real_adm ~ i(event_time, treatment, ref=-1) | cbo_4d + periodo",21918,341
18.0,"C(event_time, contr.treatment(base=-1))[-5]:treatment",-5,0.02902762071551254,0.026563689044427494,-0.02322224540587853,0.08127748683690361,0.27527476576424936,False,False,0.033587914308466686,-23_to_-2,group_event__race__race_negra__ln_salario_real_adm,race,race_aggregate,race_negra,Black or Pardo,ln_salario_real_adm,ols,-23_to_41,-1,2022-11,alternative,False,"ln_salario_real_adm ~ i(event_time, treatment, ref=-1) | cbo_4d + periodo",21918,341
19.0,"C(event_time, contr.treatment(base=-1))[-4]:treatment",-4,0.026335696884540603,0.026602649224597374,-0.02599080257623856,0.07866219634531976,0.32289511720411257,False,False,0.033587914308466686,-23_to_-2,group_event__race__race_negra__ln_salario_real_adm,race,race_aggregate,race_negra,Black or Pardo,ln_salario_real_adm,ols,-23_to_41,-1,2022-11,alternative,False,"ln_salario_real_adm ~ i(event_time, treatment, ref=-1) | cbo_4d + periodo",21918,341
20.0,"C(event_time, contr.treatment(base=-1))[-3]:treatment",-3,0.015733996458574723,0.026312028659103294,-0.03602086230825595,0.06748885522540539,0.5502531583554982,False,False,0.033587914308466686,-23_to_-2,group_event__race__race_negra__ln_salario_real_adm,race,race_aggregate,race_negra,Black or Pardo,ln_salario_real_adm,ols,-23_to_41,-1,2022-11,alternative,False,"ln_salario_real_adm ~ i(event_time, treatment, ref=-1) | cbo_4d + periodo",21918,341
21.0,"C(event_time, contr.treatment(base=-1))[-2]:treatment",-2,0.01418378177889469,0.018740305586341193,-0.022677757155799907,0.05104532071358929,0.4496580772649339,False,False,0.033587914308466686,-23_to_-2,group_event__race__race_negra__ln_salario_real_adm,race,race_aggregate,race_negra,Black or Pardo,ln_salario_real_adm,ols,-23_to_41,-1,2022-11,alternative,False,"ln_salario_real_adm ~ i(event_time, treatment, ref=-1) | cbo_4d + periodo",21918,341
,reference_event_time,-1,0.0,0.0,0.0,0.0,,True,False,0.033587914308466686,-23_to_-2,group_event__race__race_negra__ln_salario_real_adm,race,race_aggregate,race_negra,Black or Pardo,ln_salario_real_adm,ols,-23_to_41,-1,2022-11,alternative,False,"ln_salario_real_adm ~ i(event_time, treatment, ref=-1) | cbo_4d + periodo",21918,341
22.0,"C(event_time, contr.treatment(base=-1))[0]:treatment",0,0.003040395064472786,0.03309386803335979,-0.06205410936561774,0.06813489949456332,0.9268539581733541,False,False,0.033587914308466686,-23_to_-2,group_event__race__race_negra__ln_salario_real_adm,race,race_aggregate,race_negra,Black or Pardo,ln_salario_real_adm,ols,-23_to_41,-1,2022-11,alternative,False,"ln_salario_real_adm ~ i(event_time, treatment, ref=-1) | cbo_4d + periodo",21918,341
23.0,"C(event_time, contr.treatment(base=-1))[1]:treatment",1,-0.011712555231410085,0.018852042551150965,-0.04879387694711664,0.025368766484296472,0.5348261976202138,False,False,0.033587914308466686,-23_to_-2,group_event__race__race_negra__ln_salario_real_adm,race,race_aggregate,race_negra,Black or Pardo,ln_salario_real_adm,ols,-23_to_41,-1,2022-11,alternative,False,"ln_salario_real_adm ~ i(event_time, treatment, ref=-1) | cbo_4d + periodo",21918,341
24.0,"C(event_time, contr.treatment(base=-1))[2]:treatment",2,-0.0498950894487559,0.02745148045602351,-0.10389121085577506,0.004101031958263265,0.07000936379489842,False,False,0.033587914308466686,-23_to_-2,group_event__race__race_negra__ln_salario_real_adm,race,race_aggregate,race_negra,Black or Pardo,ln_salario_real_adm,ols,-23_to_41,-1,2022-11,alternative,False,"ln_salario_real_adm ~ i(event_time, treatment, ref=-1) | cbo_4d + periodo",21918,341
25.0,"C(event_time, contr.treatment(base=-1))[3]:treatment",3,-0.01236095833361754,0.02555152084444285,-0.062619924288504,0.03789800762126893,0.6288633321842636,False,False,0.033587914308466686,-23_to_-2,group_event__race__race_negra__ln_salario_real_adm,race,race_aggregate,race_negra,Black or Pardo,ln_salario_real_adm,ols,-23_to_41,-1,2022-11,alternative,False,"ln_salario_real_adm ~ i(event_time, treatment, ref=-1) | cbo_4d + periodo",21918,341
26.0,"C(event_time, contr.treatment(base=-1))[4]:treatment",4,-0.04551060954399878,0.02486376095105283,-0.0944167753553062,0.0033955562673086415,0.06806549326699196,False,False,0.033587914308466686,-23_to_-2,group_event__race__race_negra__ln_salario_real_adm,race,race_aggregate,race_negra,Black or Pardo,ln_salario_real_adm,ols,-23_to_41,-1,2022-11,alternative,False,"ln_salario_real_adm ~ i(event_time, treatment, ref=-1) | cbo_4d + periodo",21918,341
27.0,"C(event_time, contr.treatment(base=-1))[5]:treatment",5,-0.031279887254320855,0.02494575557728358,-0.08034733368580362,0.017787559177161905,0.2107339101022796,False,False,0.033587914308466686,-23_to_-2,group_event__race__race_negra__ln_salario_real_adm,race,race_aggregate,race_negra,Black or Pardo,ln_salario_real_adm,ols,-23_to_41,-1,2022-11,alternative,False,"ln_salario_real_adm ~ i(event_time, treatment, ref=-1) | cbo_4d + periodo",21918,341
28.0,"C(event_time, contr.treatment(base=-1))[6]:treatment",6,0.012501905058024147,0.019793440426059038,-0.02643111401977103,0.05143492413581933,0.5280605570221413,False,False,0.033587914308466686,-23_to_-2,group_event__race__race_negra__ln_salario_real_adm,race,race_aggregate,race_negra,Black or Pardo,ln_salario_real_adm,ols,-23_to_41,-1,2022-11,alternative,False,"ln_salario_real_adm ~ i(event_time, treatment, ref=-1) | cbo_4d + periodo",21918,341
29.0,"C(event_time, contr.treatment(base=-1))[7]:treatment",7,0.005481841800452099,0.02877088820713617,-0.05110950944229743,0.062073193043201635,0.8490041612882702,False,False,0.033587914308466686,-23_to_-2,group_event__race__race_negra__ln_salario_real_adm,race,race_aggregate,race_negra,Black or Pardo,ln_salario_real_adm,ols,-23_to_41,-1,2022-11,alternative,False,"ln_salario_real_adm ~ i(event_time, treatment, ref=-1) | cbo_4d + periodo",21918,341
30.0,"C(event_time, contr.treatment(base=-1))[8]:treatment",8,0.027303858265287126,0.02304638132893551,-0.018027584103483443,0.0726353006340577,0.23694964795302442,False,False,0.033587914308466686,-23_to_-2,group_event__race__race_negra__ln_salario_real_adm,race,race_aggregate,race_negra,Black or Pardo,ln_salario_real_adm,ols,-23_to_41,-1,2022-11,alternative,False,"ln_salario_real_adm ~ i(event_time, treatment, ref=-1) | cbo_4d + periodo",21918,341
31.0,"C(event_time, contr.treatment(base=-1))[9]:treatment",9,-0.026785140938622606,0.023023110171415864,-0.07207080973795944,0.01850052786071423,0.24548210673197968,False,False,0.033587914308466686,-23_to_-2,group_event__race__race_negra__ln_salario_real_adm,race,race_aggregate,race_negra,Black or Pardo,ln_salario_real_adm,ols,-23_to_41,-1,2022-11,alternative,False,"ln_salario_real_adm ~ i(event_time, treatment, ref=-1) | cbo_4d + periodo",21918,341
32.0,"C(event_time, contr.treatment(base=-1))[10]:treatment",10,-0.04989610131152281,0.0271675217277163,-0.10333368563006613,0.0035414830070205072,0.06714054375186507,False,False,0.033587914308466686,-23_to_-2,group_event__race__race_negra__ln_salario_real_adm,race,race_aggregate,race_negra,Black or Pardo,ln_salario_real_adm,ols,-23_to_41,-1,2022-11,alternative,False,"ln_salario_real_adm ~ i(event_time, treatment, ref=-1) | cbo_4d + periodo",21918,341
33.0,"C(event_time, contr.treatment(base=-1))[11]:treatment",11,-0.0020325520835850572,0.023047233461955762,-0.04736567056880735,0.043300566401637236,0.9297770144444031,False,False,0.033587914308466686,-23_to_-2,group_event__race__race_negra__ln_salario_real_adm,race,race_aggregate,race_negra,Black or Pardo,ln_salario_real_adm,ols,-23_to_41,-1,2022-11,alternative,False,"ln_salario_real_adm ~ i(event_time, treatment, ref=-1) | cbo_4d + periodo",21918,341
34.0,"C(event_time, contr.treatment(base=-1))[12]:treatment",12,0.011946308639885338,0.02503252274463966,-0.03729180583663082,0.0611844231164015,0.6335038884106672,False,False,0.033587914308466686,-23_to_-2,group_event__race__race_negra__ln_salario_real_adm,race,race_aggregate,race_negra,Black or Pardo,ln_salario_real_adm,ols,-23_to_41,-1,2022-11,alternative,False,"ln_salario_real_adm ~ i(event_time, treatment, ref=-1) | cbo_4d + periodo",21918,341
35.0,"C(event_time, contr.treatment(base=-1))[13]:treatment",13,-0.0040104725295325066,0.026961332540682757,-0.05704248978244113,0.04902154472337611,0.8818398421145877,False,False,0.033587914308466686,-23_to_-2,group_event__race__race_negra__ln_salario_real_adm,race,race_aggregate,race_negra,Black or Pardo,ln_salario_real_adm,ols,-23_to_41,-1,2022-11,alternative,False,"ln_salario_real_adm ~ i(event_time, treatment, ref=-1) | cbo_4d + periodo",21918,341
36.0,"C(event_time, contr.treatment(base=-1))[14]:treatment",14,-0.04871446505721769,0.02307960637545486,-0.09411125995400535,-0.003317670160430032,0.035526623635209864,False,False,0.033587914308466686,-23_to_-2,group_event__race__race_negra__ln_salario_real_adm,race,race_aggregate,race_negra,Black or Pardo,ln_salario_real_adm,ols,-23_to_41,-1,2022-11,alternative,False,"ln_salario_real_adm ~ i(event_time, treatment, ref=-1) | cbo_4d + periodo",21918,341
37.0,"C(event_time, contr.treatment(base=-1))[15]:treatment",15,-0.04600839940997114,0.02280529578139862,-0.0908656347677525,-0.0011511640521897765,0.04443458709080805,False,False,0.033587914308466686,-23_to_-2,group_event__race__race_negra__ln_salario_real_adm,race,race_aggregate,race_negra,Black or Pardo,ln_salario_real_adm,ols,-23_to_41,-1,2022-11,alternative,False,"ln_salario_real_adm ~ i(event_time, treatment, ref=-1) | cbo_4d + periodo",21918,341
38.0,"C(event_time, contr.treatment(base=-1))[16]:treatment",16,-0.03816135536168195,0.022635757800948203,-0.08268511532129065,0.006362404597926752,0.09273475696786315,False,False,0.033587914308466686,-23_to_-2,group_event__race__race_negra__ln_salario_real_adm,race,race_aggregate,race_negra,Black or Pardo,ln_salario_real_adm,ols,-23_to_41,-1,2022-11,alternative,False,"ln_salario_real_adm ~ i(event_time, treatment, ref=-1) | cbo_4d + periodo",21918,341
39.0,"C(event_time, contr.treatment(base=-1))[17]:treatment",17,-0.030055283950837928,0.023481509979067058,-0.07624260946433777,0.016132041562661913,0.20143347410418322,False,False,0.033587914308466686,-23_to_-2,group_event__race__race_negra__ln_salario_real_adm,race,race_aggregate,race_negra,Black or Pardo,ln_salario_real_adm,ols,-23_to_41,-1,2022-11,alternative,False,"ln_salario_real_adm ~ i(event_time, treatment, ref=-1) | cbo_4d + periodo",21918,341
40.0,"C(event_time, contr.treatment(base=-1))[18]:treatment",18,-0.009036869740057386,0.02220369431901411,-0.05271077563575043,0.03463703615563566,0.6842652067903414,False,False,0.033587914308466686,-23_to_-2,group_event__race__race_negra__ln_salario_real_adm,race,race_aggregate,race_negra,Black or Pardo,ln_salario_real_adm,ols,-23_to_41,-1,2022-11,alternative,False,"ln_salario_real_adm ~ i(event_time, treatment, ref=-1) | cbo_4d + periodo",21918,341
41.0,"C(event_time, contr.treatment(base=-1))[19]:treatment",19,-0.054732998927194965,0.0212320719285038,-0.09649575687428033,-0.012970240980109592,0.01036231544641586,False,False,0.033587914308466686,-23_to_-2,group_event__race__race_negra__ln_salario_real_adm,race,race_aggregate,race_negra,Black or Pardo,ln_salario_real_adm,ols,-23_to_41,-1,2022-11,alternative,False,"ln_salario_real_adm ~ i(event_time, treatment, ref=-1) | cbo_4d + periodo",21918,341
42.0,"C(event_time, contr.treatment(base=-1))[20]:treatment",20,-0.005091396127304931,0.021260980546186296,-0.04691101633479166,0.0367282240801818,0.8108843898854667,False,False,0.033587914308466686,-23_to_-2,group_event__race__race_negra__ln_salario_real_adm,race,race_aggregate,race_negra,Black or Pardo,ln_salario_real_adm,ols,-23_to_41,-1,2022-11,alternative,False,"ln_salario_real_adm ~ i(event_time, treatment, ref=-1) | cbo_4d + periodo",21918,341
43.0,"C(event_time, contr.treatment(base=-1))[21]:treatment",21,0.0018283718874313325,0.0264315419201314,-0.05016156536861089,0.053818309143473554,0.9448918913270639,False,False,0.033587914308466686,-23_to_-2,group_event__race__race_negra__ln_salario_real_adm,race,race_aggregate,race_negra,Black or Pardo,ln_salario_real_adm,ols,-23_to_41,-1,2022-11,alternative,False,"ln_salario_real_adm ~ i(event_time, treatment, ref=-1) | cbo_4d + periodo",21918,341
44.0,"C(event_time, contr.treatment(base=-1))[22]:treatment",22,-0.00714593845515361,0.020943425807301477,-0.048340939372556235,0.03404906246224902,0.7331622872081001,False,False,0.033587914308466686,-23_to_-2,group_event__race__race_negra__ln_salario_real_adm,race,race_aggregate,race_negra,Black or Pardo,ln_salario_real_adm,ols,-23_to_41,-1,2022-11,alternative,False,"ln_salario_real_adm ~ i(event_time, treatment, ref=-1) | cbo_4d + periodo",21918,341
45.0,"C(event_time, contr.treatment(base=-1))[23]:treatment",23,-0.04113836404575858,0.021098957793837025,-0.08263929105123147,0.00036256295971430486,0.05202383600176108,False,False,0.033587914308466686,-23_to_-2,group_event__race__race_negra__ln_salario_real_adm,race,race_aggregate,race_negra,Black or Pardo,ln_salario_real_adm,ols,-23_to_41,-1,2022-11,alternative,False,"ln_salario_real_adm ~ i(event_time, treatment, ref=-1) | cbo_4d + periodo",21918,341
46.0,"C(event_time, contr.treatment(base=-1))[24]:treatment",24,-0.022457486995060765,0.02281045987387633,-0.06732487994579345,0.02240990595567192,0.3255571090391496,False,True,0.033587914308466686,-23_to_-2,group_event__race__race_negra__ln_salario_real_adm,race,race_aggregate,race_negra,Black or Pardo,ln_salario_real_adm,ols,-23_to_41,-1,2022-11,alternative,False,"ln_salario_real_adm ~ i(event_time, treatment, ref=-1) | cbo_4d + periodo",21918,341
47.0,"C(event_time, contr.treatment(base=-1))[25]:treatment",25,-0.05779086586747617,0.021854820431700023,-0.10077854878130389,-0.01480318295364845,0.00856537672295321,False,True,0.033587914308466686,-23_to_-2,group_event__race__race_negra__ln_salario_real_adm,race,race_aggregate,race_negra,Black or Pardo,ln_salario_real_adm,ols,-23_to_41,-1,2022-11,alternative,False,"ln_salario_real_adm ~ i(event_time, treatment, ref=-1) | cbo_4d + periodo",21918,341
48.0,"C(event_time, contr.treatment(base=-1))[26]:treatment",26,-0.0560032891574059,0.03074345130954786,-0.11647460443092802,0.004468026116116228,0.06938922054107932,False,True,0.033587914308466686,-23_to_-2,group_event__race__race_negra__ln_salario_real_adm,race,race_aggregate,race_negra,Black or Pardo,ln_salario_real_adm,ols,-23_to_41,-1,2022-11,alternative,False,"ln_salario_real_adm ~ i(event_time, treatment, ref=-1) | cbo_4d + periodo",21918,341
49.0,"C(event_time, contr.treatment(base=-1))[27]:treatment",27,-0.03756621426003117,0.02311728472701869,-0.08303712118326184,0.007904692663199507,0.10508335822290227,False,True,0.033587914308466686,-23_to_-2,group_event__race__race_negra__ln_salario_real_adm,race,race_aggregate,race_negra,Black or Pardo,ln_salario_real_adm,ols,-23_to_41,-1,2022-11,alternative,False,"ln_salario_real_adm ~ i(event_time, treatment, ref=-1) | cbo_4d + periodo",21918,341
50.0,"C(event_time, contr.treatment(base=-1))[28]:treatment",28,-0.016420693434308218,0.019848693964631025,-0.05546239432916168,0.022621007460545243,0.40865103510777656,False,True,0.033587914308466686,-23_to_-2,group_event__race__race_negra__ln_salario_real_adm,race,race_aggregate,race_negra,Black or Pardo,ln_salario_real_adm,ols,-23_to_41,-1,2022-11,alternative,False,"ln_salario_real_adm ~ i(event_time, treatment, ref=-1) | cbo_4d + periodo",21918,341
51.0,"C(event_time, contr.treatment(base=-1))[29]:treatment",29,-0.030978363564246405,0.021595954982942492,-0.07345686701062842,0.01150013988213561,0.15236239432903065,False,True,0.033587914308466686,-23_to_-2,group_event__race__race_negra__ln_salario_real_adm,race,race_aggregate,race_negra,Black or Pardo,ln_salario_real_adm,ols,-23_to_41,-1,2022-11,alternative,False,"ln_salario_real_adm ~ i(event_time, treatment, ref=-1) | cbo_4d + periodo",21918,341
52.0,"C(event_time, contr.treatment(base=-1))[30]:treatment",30,-0.02123716750391953,0.026029672793660273,-0.07243664195860466,0.029962306950765603,0.41513826675402266,False,True,0.033587914308466686,-23_to_-2,group_event__race__race_negra__ln_salario_real_adm,race,race_aggregate,race_negra,Black or Pardo,ln_salario_real_adm,ols,-23_to_41,-1,2022-11,alternative,False,"ln_salario_real_adm ~ i(event_time, treatment, ref=-1) | cbo_4d + periodo",21918,341
53.0,"C(event_time, contr.treatment(base=-1))[31]:treatment",31,-0.04524492552284046,0.02089768408340793,-0.08634995403672631,-0.0041398970089546044,0.031077604823466443,False,True,0.033587914308466686,-23_to_-2,group_event__race__race_negra__ln_salario_real_adm,race,race_aggregate,race_negra,Black or Pardo,ln_salario_real_adm,ols,-23_to_41,-1,2022-11,alternative,False,"ln_salario_real_adm ~ i(event_time, treatment, ref=-1) | cbo_4d + periodo",21918,341
54.0,"C(event_time, contr.treatment(base=-1))[32]:treatment",32,-0.03364897346088935,0.029220512038939783,-0.0911247193740265,0.023826772452247798,0.250313852165827,False,True,0.033587914308466686,-23_to_-2,group_event__race__race_negra__ln_salario_real_adm,race,race_aggregate,race_negra,Black or Pardo,ln_salario_real_adm,ols,-23_to_41,-1,2022-11,alternative,False,"ln_salario_real_adm ~ i(event_time, treatment, ref=-1) | cbo_4d + periodo",21918,341
55.0,"C(event_time, contr.treatment(base=-1))[33]:treatment",33,-0.012559843643370877,0.019948519588022514,-0.0517978981188195,0.02667821083207774,0.5293707819057745,False,True,0.033587914308466686,-23_to_-2,group_event__race__race_negra__ln_salario_real_adm,race,race_aggregate,race_negra,Black or Pardo,ln_salario_real_adm,ols,-23_to_41,-1,2022-11,alternative,False,"ln_salario_real_adm ~ i(event_time, treatment, ref=-1) | cbo_4d + periodo",21918,341
56.0,"C(event_time, contr.treatment(base=-1))[34]:treatment",34,-0.01523654203471361,0.02272446377374153,-0.05993478360321583,0.029461699533788615,0.503000191995177,False,True,0.033587914308466686,-23_to_-2,group_event__race__race_negra__ln_salario_real_adm,race,race_aggregate,race_negra,Black or Pardo,ln_salario_real_adm,ols,-23_to_41,-1,2022-11,alternative,False,"ln_salario_real_adm ~ i(event_time, treatment, ref=-1) | cbo_4d + periodo",21918,341
57.0,"C(event_time, contr.treatment(base=-1))[35]:treatment",35,0.020771695152565363,0.028143358392498874,-0.034585326447673224,0.07612871675280394,0.4609826070495575,False,True,0.033587914308466686,-23_to_-2,group_event__race__race_negra__ln_salario_real_adm,race,race_aggregate,race_negra,Black or Pardo,ln_salario_real_adm,ols,-23_to_41,-1,2022-11,alternative,False,"ln_salario_real_adm ~ i(event_time, treatment, ref=-1) | cbo_4d + periodo",21918,341
58.0,"C(event_time, contr.treatment(base=-1))[36]:treatment",36,0.03108601264890576,0.024289011263058668,-0.016689640220438652,0.07886166551825016,0.2014745082339866,False,True,0.033587914308466686,-23_to_-2,group_event__race__race_negra__ln_salario_real_adm,race,race_aggregate,race_negra,Black or Pardo,ln_salario_real_adm,ols,-23_to_41,-1,2022-11,alternative,False,"ln_salario_real_adm ~ i(event_time, treatment, ref=-1) | cbo_4d + periodo",21918,341
59.0,"C(event_time, contr.treatment(base=-1))[37]:treatment",37,-0.07487368217602254,0.0328013779108533,-0.13939286855758323,-0.010354495794461849,0.023068660891789605,False,True,0.033587914308466686,-23_to_-2,group_event__race__race_negra__ln_salario_real_adm,race,race_aggregate,race_negra,Black or Pardo,ln_salario_real_adm,ols,-23_to_41,-1,2022-11,alternative,False,"ln_salario_real_adm ~ i(event_time, treatment, ref=-1) | cbo_4d + periodo",21918,341
60.0,"C(event_time, contr.treatment(base=-1))[38]:treatment",38,-0.06417603288738483,0.023594727583131993,-0.11058605354857608,-0.017766012226193575,0.006865012706672058,False,True,0.033587914308466686,-23_to_-2,group_event__race__race_negra__ln_salario_real_adm,race,race_aggregate,race_negra,Black or Pardo,ln_salario_real_adm,ols,-23_to_41,-1,2022-11,alternative,False,"ln_salario_real_adm ~ i(event_time, treatment, ref=-1) | cbo_4d + periodo",21918,341
61.0,"C(event_time, contr.treatment(base=-1))[39]:treatment",39,-0.04896414815056341,0.026742345026967002,-0.10156542446779973,0.003637128166672922,0.06798162191043455,False,True,0.033587914308466686,-23_to_-2,group_event__race__race_negra__ln_salario_real_adm,race,race_aggregate,race_negra,Black or Pardo,ln_salario_real_adm,ols,-23_to_41,-1,2022-11,alternative,False,"ln_salario_real_adm ~ i(event_time, treatment, ref=-1) | cbo_4d + periodo",21918,341
62.0,"C(event_time, contr.treatment(base=-1))[40]:treatment",40,-0.028569330473257076,0.01860385759199966,-0.06516248087859668,0.008023819932082524,0.12555009017700325,False,True,0.033587914308466686,-23_to_-2,group_event__race__race_negra__ln_salario_real_adm,race,race_aggregate,race_negra,Black or Pardo,ln_salario_real_adm,ols,-23_to_41,-1,2022-11,alternative,False,"ln_salario_real_adm ~ i(event_time, treatment, ref=-1) | cbo_4d + periodo",21918,341
63.0,"C(event_time, contr.treatment(base=-1))[41]:treatment",41,-0.007776133200064044,0.02795085102975753,-0.06275449941423052,0.047202233014102424,0.7810222755306286,False,True,0.033587914308466686,-23_to_-2,group_event__race__race_negra__ln_salario_real_adm,race,race_aggregate,race_negra,Black or Pardo,ln_salario_real_adm,ols,-23_to_41,-1,2022-11,alternative,False,"ln_salario_real_adm ~ i(event_time, treatment, ref=-1) | cbo_4d + periodo",21918,341
0.0,"C(event_time, contr.treatment(base=-1))[-23]:treatment",-23,-0.1575658681986858,0.11207173775770524,-0.37800713612792913,0.06287539973055756,0.16065585691014794,False,False,-0.11789393280124512,-23_to_-2,group_event__age__age_18_24__admissoes,age,age_pnad,age_18_24,Age 18–24,admissoes,ppml,-23_to_41,-1,2022-11,alternative,False,"admissoes ~ i(event_time, treatment, ref=-1) | cbo_4d + periodo",22049,341
1.0,"C(event_time, contr.treatment(base=-1))[-22]:treatment",-22,-0.19120079326464826,0.10852377756876977,-0.4046633450763427,0.02226175854704618,0.07899613001736139,False,False,-0.11789393280124512,-23_to_-2,group_event__age__age_18_24__admissoes,age,age_pnad,age_18_24,Age 18–24,admissoes,ppml,-23_to_41,-1,2022-11,alternative,False,"admissoes ~ i(event_time, treatment, ref=-1) | cbo_4d + periodo",22049,341
2.0,"C(event_time, contr.treatment(base=-1))[-21]:treatment",-21,-0.19875806656279496,0.10051845780040336,-0.3964744286996853,-0.0010417044259045938,0.048811814639019735,False,False,-0.11789393280124512,-23_to_-2,group_event__age__age_18_24__admissoes,age,age_pnad,age_18_24,Age 18–24,admissoes,ppml,-23_to_41,-1,2022-11,alternative,False,"admissoes ~ i(event_time, treatment, ref=-1) | cbo_4d + periodo",22049,341
3.0,"C(event_time, contr.treatment(base=-1))[-20]:treatment",-20,-0.13390024241619974,0.1039799230415555,-0.33842518807217736,0.07062470323977788,0.1987084767814309,False,False,-0.11789393280124512,-23_to_-2,group_event__age__age_18_24__admissoes,age,age_pnad,age_18_24,Age 18–24,admissoes,ppml,-23_to_41,-1,2022-11,alternative,False,"admissoes ~ i(event_time, treatment, ref=-1) | cbo_4d + periodo",22049,341
4.0,"C(event_time, contr.treatment(base=-1))[-19]:treatment",-19,-0.14032226494813835,0.08871067628301707,-0.3148131254447174,0.03416859554844073,0.11462571976993119,False,False,-0.11789393280124512,-23_to_-2,group_event__age__age_18_24__admissoes,age,age_pnad,age_18_24,Age 18–24,admissoes,ppml,-23_to_41,-1,2022-11,alternative,False,"admissoes ~ i(event_time, treatment, ref=-1) | cbo_4d + periodo",22049,341
5.0,"C(event_time, contr.treatment(base=-1))[-18]:treatment",-18,-0.10834302160592454,0.07767337205000213,-0.26112388287944494,0.044437839667595846,0.16397040503455562,False,False,-0.11789393280124512,-23_to_-2,group_event__age__age_18_24__admissoes,age,age_pnad,age_18_24,Age 18–24,admissoes,ppml,-23_to_41,-1,2022-11,alternative,False,"admissoes ~ i(event_time, treatment, ref=-1) | cbo_4d + periodo",22049,341
6.0,"C(event_time, contr.treatment(base=-1))[-17]:treatment",-17,-0.14492465098995586,0.07525520809544581,-0.29294906662545417,0.0030997646455424854,0.0549660251716384,False,False,-0.11789393280124512,-23_to_-2,group_event__age__age_18_24__admissoes,age,age_pnad,age_18_24,Age 18–24,admissoes,ppml,-23_to_41,-1,2022-11,alternative,False,"admissoes ~ i(event_time, treatment, ref=-1) | cbo_4d + periodo",22049,341
7.0,"C(event_time, contr.treatment(base=-1))[-16]:treatment",-16,-0.14318295236340672,0.085563118001793,-0.3114826735747692,0.025116768847955745,0.09516455162890725,False,False,-0.11789393280124512,-23_to_-2,group_event__age__age_18_24__admissoes,age,age_pnad,age_18_24,Age 18–24,admissoes,ppml,-23_to_41,-1,2022-11,alternative,False,"admissoes ~ i(event_time, treatment, ref=-1) | cbo_4d + periodo",22049,341
8.0,"C(event_time, contr.treatment(base=-1))[-15]:treatment",-15,-0.16384899531432676,0.07194800482580362,-0.3053682554427709,-0.022329735185882577,0.02338739619169683,False,False,-0.11789393280124512,-23_to_-2,group_event__age__age_18_24__admissoes,age,age_pnad,age_18_24,Age 18–24,admissoes,ppml,-23_to_41,-1,2022-11,alternative,False,"admissoes ~ i(event_time, treatment, ref=-1) | cbo_4d + periodo",22049,341
9.0,"C(event_time, contr.treatment(base=-1))[-14]:treatment",-14,-0.09244517741672882,0.06468766716790493,-0.21968360215416843,0.034793247320710805,0.1538934474616358,False,False,-0.11789393280124512,-23_to_-2,group_event__age__age_18_24__admissoes,age,age_pnad,age_18_24,Age 18–24,admissoes,ppml,-23_to_41,-1,2022-11,alternative,False,"admissoes ~ i(event_time, treatment, ref=-1) | cbo_4d + periodo",22049,341
10.0,"C(event_time, contr.treatment(base=-1))[-13]:treatment",-13,0.04216570144705916,0.03741390815044517,-0.03142617386322925,0.11575757675734757,0.2605346697650679,False,False,-0.11789393280124512,-23_to_-2,group_event__age__age_18_24__admissoes,age,age_pnad,age_18_24,Age 18–24,admissoes,ppml,-23_to_41,-1,2022-11,alternative,False,"admissoes ~ i(event_time, treatment, ref=-1) | cbo_4d + periodo",22049,341
11.0,"C(event_time, contr.treatment(base=-1))[-12]:treatment",-12,0.1269871542275625,0.049899533955694395,0.028836480789688285,0.2251378276654367,0.011373699500221823,False,False,-0.11789393280124512,-23_to_-2,group_event__age__age_18_24__admissoes,age,age_pnad,age_18_24,Age 18–24,admissoes,ppml,-23_to_41,-1,2022-11,alternative,False,"admissoes ~ i(event_time, treatment, ref=-1) | cbo_4d + periodo",22049,341
12.0,"C(event_time, contr.treatment(base=-1))[-11]:treatment",-11,-0.1342538105511112,0.09181300201391675,-0.3148468394563534,0.046339218354130934,0.1445956569525504,False,False,-0.11789393280124512,-23_to_-2,group_event__age__age_18_24__admissoes,age,age_pnad,age_18_24,Age 18–24,admissoes,ppml,-23_to_41,-1,2022-11,alternative,False,"admissoes ~ i(event_time, treatment, ref=-1) | cbo_4d + periodo",22049,341
13.0,"C(event_time, contr.treatment(base=-1))[-10]:treatment",-10,-0.11715573719897225,0.0873596368641967,-0.2889891494533278,0.054677675055383304,0.1807916171062609,False,False,-0.11789393280124512,-23_to_-2,group_event__age__age_18_24__admissoes,age,age_pnad,age_18_24,Age 18–24,admissoes,ppml,-23_to_41,-1,2022-11,alternative,False,"admissoes ~ i(event_time, treatment, ref=-1) | cbo_4d + periodo",22049,341
14.0,"C(event_time, contr.treatment(base=-1))[-9]:treatment",-9,-0.12101509002442187,0.07838524529682148,-0.27519618158145076,0.033166001532607015,0.1235547980685614,False,False,-0.11789393280124512,-23_to_-2,group_event__age__age_18_24__admissoes,age,age_pnad,age_18_24,Age 18–24,admissoes,ppml,-23_to_41,-1,2022-11,alternative,False,"admissoes ~ i(event_time, treatment, ref=-1) | cbo_4d + periodo",22049,341
15.0,"C(event_time, contr.treatment(base=-1))[-8]:treatment",-8,-0.07335759299916,0.07914700990698173,-0.229037049441816,0.08232186344349599,0.3546606402337613,False,False,-0.11789393280124512,-23_to_-2,group_event__age__age_18_24__admissoes,age,age_pnad,age_18_24,Age 18–24,admissoes,ppml,-23_to_41,-1,2022-11,alternative,False,"admissoes ~ i(event_time, treatment, ref=-1) | cbo_4d + periodo",22049,341
16.0,"C(event_time, contr.treatment(base=-1))[-7]:treatment",-7,-0.14334708084396997,0.06729073246541815,-0.27570564582521495,-0.010988515862724979,0.033867253899038996,False,False,-0.11789393280124512,-23_to_-2,group_event__age__age_18_24__admissoes,age,age_pnad,age_18_24,Age 18–24,admissoes,ppml,-23_to_41,-1,2022-11,alternative,False,"admissoes ~ i(event_time, treatment, ref=-1) | cbo_4d + periodo",22049,341
17.0,"C(event_time, contr.treatment(base=-1))[-6]:treatment",-6,-0.13820824861915745,0.07061920895536333,-0.2771138128028463,0.0006973155645313978,0.051154685612228246,False,False,-0.11789393280124512,-23_to_-2,group_event__age__age_18_24__admissoes,age,age_pnad,age_18_24,Age 18–24,admissoes,ppml,-23_to_41,-1,2022-11,alternative,False,"admissoes ~ i(event_time, treatment, ref=-1) | cbo_4d + periodo",22049,341
18.0,"C(event_time, contr.treatment(base=-1))[-5]:treatment",-5,-0.15731419343154626,0.07389720407662481,-0.30266746169526815,-0.011960925167824349,0.03398717636090032,False,False,-0.11789393280124512,-23_to_-2,group_event__age__age_18_24__admissoes,age,age_pnad,age_18_24,Age 18–24,admissoes,ppml,-23_to_41,-1,2022-11,alternative,False,"admissoes ~ i(event_time, treatment, ref=-1) | cbo_4d + periodo",22049,341
19.0,"C(event_time, contr.treatment(base=-1))[-4]:treatment",-4,-0.16426890867047345,0.08202248672413416,-0.3256043294816363,-0.0029334878593106073,0.045999833744502894,False,False,-0.11789393280124512,-23_to_-2,group_event__age__age_18_24__admissoes,age,age_pnad,age_18_24,Age 18–24,admissoes,ppml,-23_to_41,-1,2022-11,alternative,False,"admissoes ~ i(event_time, treatment, ref=-1) | cbo_4d + periodo",22049,341
20.0,"C(event_time, contr.treatment(base=-1))[-3]:treatment",-3,-0.13500580916831212,0.07341081212511277,-0.27940236113007305,0.009390742793448814,0.06678040012124686,False,False,-0.11789393280124512,-23_to_-2,group_event__age__age_18_24__admissoes,age,age_pnad,age_18_24,Age 18–24,admissoes,ppml,-23_to_41,-1,2022-11,alternative,False,"admissoes ~ i(event_time, treatment, ref=-1) | cbo_4d + periodo",22049,341
21.0,"C(event_time, contr.treatment(base=-1))[-2]:treatment",-2,-0.10440087271408034,0.04687774566681691,-0.19660779213206034,-0.012193953296100346,0.0265957379879187,False,False,-0.11789393280124512,-23_to_-2,group_event__age__age_18_24__admissoes,age,age_pnad,age_18_24,Age 18–24,admissoes,ppml,-23_to_41,-1,2022-11,alternative,False,"admissoes ~ i(event_time, treatment, ref=-1) | cbo_4d + periodo",22049,341
,reference_event_time,-1,0.0,0.0,0.0,0.0,,True,False,-0.11789393280124512,-23_to_-2,group_event__age__age_18_24__admissoes,age,age_pnad,age_18_24,Age 18–24,admissoes,ppml,-23_to_41,-1,2022-11,alternative,False,"admissoes ~ i(event_time, treatment, ref=-1) | cbo_4d + periodo",22049,341
22.0,"C(event_time, contr.treatment(base=-1))[0]:treatment",0,0.06144164862057622,0.048947973660013494,-0.034837338321773825,0.15772063556292626,0.2102522485661087,False,False,-0.11789393280124512,-23_to_-2,group_event__age__age_18_24__admissoes,age,age_pnad,age_18_24,Age 18–24,admissoes,ppml,-23_to_41,-1,2022-11,alternative,False,"admissoes ~ i(event_time, treatment, ref=-1) | cbo_4d + periodo",22049,341
23.0,"C(event_time, contr.treatment(base=-1))[1]:treatment",1,-0.15105707970478294,0.07975074172670757,-0.30792405594941896,0.0058098965398531155,0.05905825952636157,False,False,-0.11789393280124512,-23_to_-2,group_event__age__age_18_24__admissoes,age,age_pnad,age_18_24,Age 18–24,admissoes,ppml,-23_to_41,-1,2022-11,alternative,False,"admissoes ~ i(event_time, treatment, ref=-1) | cbo_4d + periodo",22049,341
24.0,"C(event_time, contr.treatment(base=-1))[2]:treatment",2,-0.1812388046967909,0.07899693313380383,-0.3366230652691233,-0.025854544124458534,0.02238518491139918,False,False,-0.11789393280124512,-23_to_-2,group_event__age__age_18_24__admissoes,age,age_pnad,age_18_24,Age 18–24,admissoes,ppml,-23_to_41,-1,2022-11,alternative,False,"admissoes ~ i(event_time, treatment, ref=-1) | cbo_4d + periodo",22049,341
25.0,"C(event_time, contr.treatment(base=-1))[3]:treatment",3,-0.16753680116041347,0.06395789836814446,-0.2933397956749168,-0.04173380664591014,0.009200858212154106,False,False,-0.11789393280124512,-23_to_-2,group_event__age__age_18_24__admissoes,age,age_pnad,age_18_24,Age 18–24,admissoes,ppml,-23_to_41,-1,2022-11,alternative,False,"admissoes ~ i(event_time, treatment, ref=-1) | cbo_4d + periodo",22049,341
26.0,"C(event_time, contr.treatment(base=-1))[4]:treatment",4,-0.13984689884159437,0.06288435274397933,-0.26353826589938345,-0.016155531783805327,0.026813399288583728,False,False,-0.11789393280124512,-23_to_-2,group_event__age__age_18_24__admissoes,age,age_pnad,age_18_24,Age 18–24,admissoes,ppml,-23_to_41,-1,2022-11,alternative,False,"admissoes ~ i(event_time, treatment, ref=-1) | cbo_4d + periodo",22049,341
27.0,"C(event_time, contr.treatment(base=-1))[5]:treatment",5,-0.1948336945491153,0.06032226588837099,-0.3134855245541623,-0.07618186454406835,0.0013592932409269842,False,False,-0.11789393280124512,-23_to_-2,group_event__age__age_18_24__admissoes,age,age_pnad,age_18_24,Age 18–24,admissoes,ppml,-23_to_41,-1,2022-11,alternative,False,"admissoes ~ i(event_time, treatment, ref=-1) | cbo_4d + periodo",22049,341
28.0,"C(event_time, contr.treatment(base=-1))[6]:treatment",6,-0.1595637140853,0.06367039442825392,-0.284801198201623,-0.03432622996897702,0.012674019646527146,False,False,-0.11789393280124512,-23_to_-2,group_event__age__age_18_24__admissoes,age,age_pnad,age_18_24,Age 18–24,admissoes,ppml,-23_to_41,-1,2022-11,alternative,False,"admissoes ~ i(event_time, treatment, ref=-1) | cbo_4d + periodo",22049,341
29.0,"C(event_time, contr.treatment(base=-1))[7]:treatment",7,-0.16291036327681344,0.06158497682891261,-0.2840459024339654,-0.04177482411966149,0.008540958203558269,False,False,-0.11789393280124512,-23_to_-2,group_event__age__age_18_24__admissoes,age,age_pnad,age_18_24,Age 18–24,admissoes,ppml,-23_to_41,-1,2022-11,alternative,False,"admissoes ~ i(event_time, treatment, ref=-1) | cbo_4d + periodo",22049,341
30.0,"C(event_time, contr.treatment(base=-1))[8]:treatment",8,-0.18120127293933058,0.06889534435374826,-0.31671605452143314,-0.04568649135722802,0.00892425290258636,False,False,-0.11789393280124512,-23_to_-2,group_event__age__age_18_24__admissoes,age,age_pnad,age_18_24,Age 18–24,admissoes,ppml,-23_to_41,-1,2022-11,alternative,False,"admissoes ~ i(event_time, treatment, ref=-1) | cbo_4d + periodo",22049,341
31.0,"C(event_time, contr.treatment(base=-1))[9]:treatment",9,-0.18573865714059115,0.060482215726968956,-0.30470510299733344,-0.06677221128384887,0.002305653141171371,False,False,-0.11789393280124512,-23_to_-2,group_event__age__age_18_24__admissoes,age,age_pnad,age_18_24,Age 18–24,admissoes,ppml,-23_to_41,-1,2022-11,alternative,False,"admissoes ~ i(event_time, treatment, ref=-1) | cbo_4d + periodo",22049,341
32.0,"C(event_time, contr.treatment(base=-1))[10]:treatment",10,-0.1449306919611517,0.049345272178325454,-0.24199115147522576,-0.047870232447077596,0.0035392061124606133,False,False,-0.11789393280124512,-23_to_-2,group_event__age__age_18_24__admissoes,age,age_pnad,age_18_24,Age 18–24,admissoes,ppml,-23_to_41,-1,2022-11,alternative,False,"admissoes ~ i(event_time, treatment, ref=-1) | cbo_4d + periodo",22049,341
33.0,"C(event_time, contr.treatment(base=-1))[11]:treatment",11,-0.05304438773567878,0.019117422398486572,-0.09064770251761231,-0.015441072953745243,0.005831282235534863,False,False,-0.11789393280124512,-23_to_-2,group_event__age__age_18_24__admissoes,age,age_pnad,age_18_24,Age 18–24,admissoes,ppml,-23_to_41,-1,2022-11,alternative,False,"admissoes ~ i(event_time, treatment, ref=-1) | cbo_4d + periodo",22049,341
34.0,"C(event_time, contr.treatment(base=-1))[12]:treatment",12,0.06282484344942968,0.039996133965041605,-0.01584618155585063,0.14149586845471,0.11716552436510552,False,False,-0.11789393280124512,-23_to_-2,group_event__age__age_18_24__admissoes,age,age_pnad,age_18_24,Age 18–24,admissoes,ppml,-23_to_41,-1,2022-11,alternative,False,"admissoes ~ i(event_time, treatment, ref=-1) | cbo_4d + periodo",22049,341
35.0,"C(event_time, contr.treatment(base=-1))[13]:treatment",13,-0.1849711498784452,0.0801569825662578,-0.34263718793426423,-0.027305111822626182,0.02162080984958603,False,False,-0.11789393280124512,-23_to_-2,group_event__age__age_18_24__admissoes,age,age_pnad,age_18_24,Age 18–24,admissoes,ppml,-23_to_41,-1,2022-11,alternative,False,"admissoes ~ i(event_time, treatment, ref=-1) | cbo_4d + periodo",22049,341
36.0,"C(event_time, contr.treatment(base=-1))[14]:treatment",14,-0.20382077572665563,0.07146861489043055,-0.34439709227895376,-0.06324445917435753,0.00461170640453612,False,False,-0.11789393280124512,-23_to_-2,group_event__age__age_18_24__admissoes,age,age_pnad,age_18_24,Age 18–24,admissoes,ppml,-23_to_41,-1,2022-11,alternative,False,"admissoes ~ i(event_time, treatment, ref=-1) | cbo_4d + periodo",22049,341
37.0,"C(event_time, contr.treatment(base=-1))[15]:treatment",15,-0.17361957613383294,0.06763466562921179,-0.3066546458630769,-0.040584506404588966,0.010684957438509723,False,False,-0.11789393280124512,-23_to_-2,group_event__age__age_18_24__admissoes,age,age_pnad,age_18_24,Age 18–24,admissoes,ppml,-23_to_41,-1,2022-11,alternative,False,"admissoes ~ i(event_time, treatment, ref=-1) | cbo_4d + periodo",22049,341
38.0,"C(event_time, contr.treatment(base=-1))[16]:treatment",16,-0.19083212423835985,0.0652929130863361,-0.31926104695805096,-0.06240320151866874,0.003702378590709099,False,False,-0.11789393280124512,-23_to_-2,group_event__age__age_18_24__admissoes,age,age_pnad,age_18_24,Age 18–24,admissoes,ppml,-23_to_41,-1,2022-11,alternative,False,"admissoes ~ i(event_time, treatment, ref=-1) | cbo_4d + periodo",22049,341
39.0,"C(event_time, contr.treatment(base=-1))[17]:treatment",17,-0.19231198986726425,0.05777116101526999,-0.30594588400285344,-0.07867809573167507,0.000967598616564036,False,False,-0.11789393280124512,-23_to_-2,group_event__age__age_18_24__admissoes,age,age_pnad,age_18_24,Age 18–24,admissoes,ppml,-23_to_41,-1,2022-11,alternative,False,"admissoes ~ i(event_time, treatment, ref=-1) | cbo_4d + periodo",22049,341
40.0,"C(event_time, contr.treatment(base=-1))[18]:treatment",18,-0.1874593104271824,0.05753202483913764,-0.3006228318985381,-0.07429578895582667,0.0012337441234329116,False,False,-0.11789393280124512,-23_to_-2,group_event__age__age_18_24__admissoes,age,age_pnad,age_18_24,Age 18–24,admissoes,ppml,-23_to_41,-1,2022-11,alternative,False,"admissoes ~ i(event_time, treatment, ref=-1) | cbo_4d + periodo",22049,341
41.0,"C(event_time, contr.treatment(base=-1))[19]:treatment",19,-0.19604748869934538,0.06650612451099155,-0.32686275671953935,-0.06523222067915138,0.0034215632904057713,False,False,-0.11789393280124512,-23_to_-2,group_event__age__age_18_24__admissoes,age,age_pnad,age_18_24,Age 18–24,admissoes,ppml,-23_to_41,-1,2022-11,alternative,False,"admissoes ~ i(event_time, treatment, ref=-1) | cbo_4d + periodo",22049,341
42.0,"C(event_time, contr.treatment(base=-1))[20]:treatment",20,-0.18212896671250198,0.07335751990310564,-0.3264206946996814,-0.03783723872532255,0.013518850684592021,False,False,-0.11789393280124512,-23_to_-2,group_event__age__age_18_24__admissoes,age,age_pnad,age_18_24,Age 18–24,admissoes,ppml,-23_to_41,-1,2022-11,alternative,False,"admissoes ~ i(event_time, treatment, ref=-1) | cbo_4d + periodo",22049,341
43.0,"C(event_time, contr.treatment(base=-1))[21]:treatment",21,-0.17393076685816777,0.07805784420839,-0.32746787169294844,-0.020393662023387105,0.02651883009837075,False,False,-0.11789393280124512,-23_to_-2,group_event__age__age_18_24__admissoes,age,age_pnad,age_18_24,Age 18–24,admissoes,ppml,-23_to_41,-1,2022-11,alternative,False,"admissoes ~ i(event_time, treatment, ref=-1) | cbo_4d + periodo",22049,341
44.0,"C(event_time, contr.treatment(base=-1))[22]:treatment",22,-0.17188912940839707,0.05669372885522245,-0.28340375140436697,-0.060374507412427184,0.0026169283716213076,False,False,-0.11789393280124512,-23_to_-2,group_event__age__age_18_24__admissoes,age,age_pnad,age_18_24,Age 18–24,admissoes,ppml,-23_to_41,-1,2022-11,alternative,False,"admissoes ~ i(event_time, treatment, ref=-1) | cbo_4d + periodo",22049,341
45.0,"C(event_time, contr.treatment(base=-1))[23]:treatment",23,-0.06178519522373363,0.034214499305117094,-0.12908394296591963,0.005513552518452369,0.07183090093336575,False,False,-0.11789393280124512,-23_to_-2,group_event__age__age_18_24__admissoes,age,age_pnad,age_18_24,Age 18–24,admissoes,ppml,-23_to_41,-1,2022-11,alternative,False,"admissoes ~ i(event_time, treatment, ref=-1) | cbo_4d + periodo",22049,341
46.0,"C(event_time, contr.treatment(base=-1))[24]:treatment",24,0.05601790869681939,0.05154648480614392,-0.045372260629618195,0.157408078023257,0.27791915031459746,False,True,-0.11789393280124512,-23_to_-2,group_event__age__age_18_24__admissoes,age,age_pnad,age_18_24,Age 18–24,admissoes,ppml,-23_to_41,-1,2022-11,alternative,False,"admissoes ~ i(event_time, treatment, ref=-1) | cbo_4d + periodo",22049,341
47.0,"C(event_time, contr.treatment(base=-1))[25]:treatment",25,-0.22194269783785783,0.07437261781903302,-0.36823108864241183,-0.07565430703330381,0.003048981152987462,False,True,-0.11789393280124512,-23_to_-2,group_event__age__age_18_24__admissoes,age,age_pnad,age_18_24,Age 18–24,admissoes,ppml,-23_to_41,-1,2022-11,alternative,False,"admissoes ~ i(event_time, treatment, ref=-1) | cbo_4d + periodo",22049,341
48.0,"C(event_time, contr.treatment(base=-1))[26]:treatment",26,-0.19022509321736528,0.07595009322062517,-0.33961632408321973,-0.04083386235151082,0.01272629334780162,False,True,-0.11789393280124512,-23_to_-2,group_event__age__age_18_24__admissoes,age,age_pnad,age_18_24,Age 18–24,admissoes,ppml,-23_to_41,-1,2022-11,alternative,False,"admissoes ~ i(event_time, treatment, ref=-1) | cbo_4d + periodo",22049,341
49.0,"C(event_time, contr.treatment(base=-1))[27]:treatment",27,-0.1596931041692652,0.06592933263469442,-0.28937384233308167,-0.03001236600544871,0.01594976264711545,False,True,-0.11789393280124512,-23_to_-2,group_event__age__age_18_24__admissoes,age,age_pnad,age_18_24,Age 18–24,admissoes,ppml,-23_to_41,-1,2022-11,alternative,False,"admissoes ~ i(event_time, treatment, ref=-1) | cbo_4d + periodo",22049,341
50.0,"C(event_time, contr.treatment(base=-1))[28]:treatment",28,-0.1678407056976868,0.06731106848617266,-0.30023927093492364,-0.03544214046044997,0.013123566497354133,False,True,-0.11789393280124512,-23_to_-2,group_event__age__age_18_24__admissoes,age,age_pnad,age_18_24,Age 18–24,admissoes,ppml,-23_to_41,-1,2022-11,alternative,False,"admissoes ~ i(event_time, treatment, ref=-1) | cbo_4d + periodo",22049,341
51.0,"C(event_time, contr.treatment(base=-1))[29]:treatment",29,-0.1794865826497138,0.05585658598753216,-0.28935457331039965,-0.06961859198902791,0.0014375435131332992,False,True,-0.11789393280124512,-23_to_-2,group_event__age__age_18_24__admissoes,age,age_pnad,age_18_24,Age 18–24,admissoes,ppml,-23_to_41,-1,2022-11,alternative,False,"admissoes ~ i(event_time, treatment, ref=-1) | cbo_4d + periodo",22049,341
52.0,"C(event_time, contr.treatment(base=-1))[30]:treatment",30,-0.16204405230206098,0.06676284435227206,-0.29336427945331456,-0.030723825150807405,0.015736539367261937,False,True,-0.11789393280124512,-23_to_-2,group_event__age__age_18_24__admissoes,age,age_pnad,age_18_24,Age 18–24,admissoes,ppml,-23_to_41,-1,2022-11,alternative,False,"admissoes ~ i(event_time, treatment, ref=-1) | cbo_4d + periodo",22049,341
53.0,"C(event_time, contr.treatment(base=-1))[31]:treatment",31,-0.17270041103664893,0.07031447034318246,-0.3110065648123241,-0.03439425726097378,0.014544399038764588,False,True,-0.11789393280124512,-23_to_-2,group_event__age__age_18_24__admissoes,age,age_pnad,age_18_24,Age 18–24,admissoes,ppml,-23_to_41,-1,2022-11,alternative,False,"admissoes ~ i(event_time, treatment, ref=-1) | cbo_4d + periodo",22049,341
54.0,"C(event_time, contr.treatment(base=-1))[32]:treatment",32,-0.16576256310476747,0.07883670166295137,-0.3208316538644103,-0.010693472345124633,0.03623500182716288,False,True,-0.11789393280124512,-23_to_-2,group_event__age__age_18_24__admissoes,age,age_pnad,age_18_24,Age 18–24,admissoes,ppml,-23_to_41,-1,2022-11,alternative,False,"admissoes ~ i(event_time, treatment, ref=-1) | cbo_4d + periodo",22049,341
55.0,"C(event_time, contr.treatment(base=-1))[33]:treatment",33,-0.19564469805712845,0.07293753654633094,-0.3391103331726443,-0.05217906294161265,0.007667499997009886,False,True,-0.11789393280124512,-23_to_-2,group_event__age__age_18_24__admissoes,age,age_pnad,age_18_24,Age 18–24,admissoes,ppml,-23_to_41,-1,2022-11,alternative,False,"admissoes ~ i(event_time, treatment, ref=-1) | cbo_4d + periodo",22049,341
56.0,"C(event_time, contr.treatment(base=-1))[34]:treatment",34,-0.1729919615866316,0.04704591823421447,-0.26552967068209643,-0.08045425249116679,0.0002740926413431488,False,True,-0.11789393280124512,-23_to_-2,group_event__age__age_18_24__admissoes,age,age_pnad,age_18_24,Age 18–24,admissoes,ppml,-23_to_41,-1,2022-11,alternative,False,"admissoes ~ i(event_time, treatment, ref=-1) | cbo_4d + periodo",22049,341
57.0,"C(event_time, contr.treatment(base=-1))[35]:treatment",35,-0.05780925387290889,0.03068738126167972,-0.11817028128356563,0.0025517735377478534,0.060443563207529305,False,True,-0.11789393280124512,-23_to_-2,group_event__age__age_18_24__admissoes,age,age_pnad,age_18_24,Age 18–24,admissoes,ppml,-23_to_41,-1,2022-11,alternative,False,"admissoes ~ i(event_time, treatment, ref=-1) | cbo_4d + periodo",22049,341
58.0,"C(event_time, contr.treatment(base=-1))[36]:treatment",36,0.08340115954811107,0.055183590299873776,-0.02514307165576092,0.19194539075198308,0.13163072732136194,False,True,-0.11789393280124512,-23_to_-2,group_event__age__age_18_24__admissoes,age,age_pnad,age_18_24,Age 18–24,admissoes,ppml,-23_to_41,-1,2022-11,alternative,False,"admissoes ~ i(event_time, treatment, ref=-1) | cbo_4d + periodo",22049,341
59.0,"C(event_time, contr.treatment(base=-1))[37]:treatment",37,-0.2018823140007702,0.07083353541482643,-0.34120945098613165,-0.06255517701540877,0.004637220678798348,False,True,-0.11789393280124512,-23_to_-2,group_event__age__age_18_24__admissoes,age,age_pnad,age_18_24,Age 18–24,admissoes,ppml,-23_to_41,-1,2022-11,alternative,False,"admissoes ~ i(event_time, treatment, ref=-1) | cbo_4d + periodo",22049,341
60.0,"C(event_time, contr.treatment(base=-1))[38]:treatment",38,-0.2000089863259424,0.07669346438124754,-0.35086240279245123,-0.04915556985943359,0.009511654715977258,False,True,-0.11789393280124512,-23_to_-2,group_event__age__age_18_24__admissoes,age,age_pnad,age_18_24,Age 18–24,admissoes,ppml,-23_to_41,-1,2022-11,alternative,False,"admissoes ~ i(event_time, treatment, ref=-1) | cbo_4d + periodo",22049,341
61.0,"C(event_time, contr.treatment(base=-1))[39]:treatment",39,-0.1498587452811765,0.07659121371776177,-0.3005110381963209,0.0007935476339679393,0.05121215272365598,False,True,-0.11789393280124512,-23_to_-2,group_event__age__age_18_24__admissoes,age,age_pnad,age_18_24,Age 18–24,admissoes,ppml,-23_to_41,-1,2022-11,alternative,False,"admissoes ~ i(event_time, treatment, ref=-1) | cbo_4d + periodo",22049,341
62.0,"C(event_time, contr.treatment(base=-1))[40]:treatment",40,-0.1558923728095665,0.06651660765369073,-0.28672826081223535,-0.02505648480689765,0.019671048099866306,False,True,-0.11789393280124512,-23_to_-2,group_event__age__age_18_24__admissoes,age,age_pnad,age_18_24,Age 18–24,admissoes,ppml,-23_to_41,-1,2022-11,alternative,False,"admissoes ~ i(event_time, treatment, ref=-1) | cbo_4d + periodo",22049,341
63.0,"C(event_time, contr.treatment(base=-1))[41]:treatment",41,-0.18995252860677672,0.06772414636529078,-0.3231636038777492,-0.05674145333580427,0.00532431951813872,False,True,-0.11789393280124512,-23_to_-2,group_event__age__age_18_24__admissoes,age,age_pnad,age_18_24,Age 18–24,admissoes,ppml,-23_to_41,-1,2022-11,alternative,False,"admissoes ~ i(event_time, treatment, ref=-1) | cbo_4d + periodo",22049,341
0.0,"C(event_time, contr.treatment(base=-1))[-23]:treatment",-23,0.04609888042362162,0.02708011781955337,-0.007166783402539734,0.09936454424978297,0.08961042801755736,False,False,0.023150533747491285,-23_to_-2,group_event__age__age_18_24__ln_salario_real_adm,age,age_pnad,age_18_24,Age 18–24,ln_salario_real_adm,ols,-23_to_41,-1,2022-11,alternative,False,"ln_salario_real_adm ~ i(event_time, treatment, ref=-1) | cbo_4d + periodo",21617,341
1.0,"C(event_time, contr.treatment(base=-1))[-22]:treatment",-22,0.020197656388792836,0.027331725811278514,-0.033562911735514886,0.07395822451310057,0.46042770304974434,False,False,0.023150533747491285,-23_to_-2,group_event__age__age_18_24__ln_salario_real_adm,age,age_pnad,age_18_24,Age 18–24,ln_salario_real_adm,ols,-23_to_41,-1,2022-11,alternative,False,"ln_salario_real_adm ~ i(event_time, treatment, ref=-1) | cbo_4d + periodo",21617,341
2.0,"C(event_time, contr.treatment(base=-1))[-21]:treatment",-21,0.043772493031133654,0.026502571246224238,-0.00835715647544863,0.09590214253771594,0.09953283704388571,False,False,0.023150533747491285,-23_to_-2,group_event__age__age_18_24__ln_salario_real_adm,age,age_pnad,age_18_24,Age 18–24,ln_salario_real_adm,ols,-23_to_41,-1,2022-11,alternative,False,"ln_salario_real_adm ~ i(event_time, treatment, ref=-1) | cbo_4d + periodo",21617,341
3.0,"C(event_time, contr.treatment(base=-1))[-20]:treatment",-20,0.017178429816782814,0.021825509621125703,-0.025751599737006834,0.060108459370572465,0.43178312264318874,False,False,0.023150533747491285,-23_to_-2,group_event__age__age_18_24__ln_salario_real_adm,age,age_pnad,age_18_24,Age 18–24,ln_salario_real_adm,ols,-23_to_41,-1,2022-11,alternative,False,"ln_salario_real_adm ~ i(event_time, treatment, ref=-1) | cbo_4d + periodo",21617,341
4.0,"C(event_time, contr.treatment(base=-1))[-19]:treatment",-19,0.0055561209286793065,0.023414674535935365,-0.040499741558357824,0.051611983415716434,0.8125729859637147,False,False,0.023150533747491285,-23_to_-2,group_event__age__age_18_24__ln_salario_real_adm,age,age_pnad,age_18_24,Age 18–24,ln_salario_real_adm,ols,-23_to_41,-1,2022-11,alternative,False,"ln_salario_real_adm ~ i(event_time, treatment, ref=-1) | cbo_4d + periodo",21617,341
5.0,"C(event_time, contr.treatment(base=-1))[-18]:treatment",-18,0.0055395236311449325,0.01896922678692184,-0.031772295460898374,0.04285134272318824,0.7704441966165347,False,False,0.023150533747491285,-23_to_-2,group_event__age__age_18_24__ln_salario_real_adm,age,age_pnad,age_18_24,Age 18–24,ln_salario_real_adm,ols,-23_to_41,-1,2022-11,alternative,False,"ln_salario_real_adm ~ i(event_time, treatment, ref=-1) | cbo_4d + periodo",21617,341
6.0,"C(event_time, contr.treatment(base=-1))[-17]:treatment",-17,0.0314816880726877,0.020167173461776804,-0.00818645108006149,0.07114982722543689,0.11944548612511774,False,False,0.023150533747491285,-23_to_-2,group_event__age__age_18_24__ln_salario_real_adm,age,age_pnad,age_18_24,Age 18–24,ln_salario_real_adm,ols,-23_to_41,-1,2022-11,alternative,False,"ln_salario_real_adm ~ i(event_time, treatment, ref=-1) | cbo_4d + periodo",21617,341
7.0,"C(event_time, contr.treatment(base=-1))[-16]:treatment",-16,0.057038435965089486,0.04639843040122528,-0.03422568674964587,0.14830255867982484,0.219802577704435,False,False,0.023150533747491285,-23_to_-2,group_event__age__age_18_24__ln_salario_real_adm,age,age_pnad,age_18_24,Age 18–24,ln_salario_real_adm,ols,-23_to_41,-1,2022-11,alternative,False,"ln_salario_real_adm ~ i(event_time, treatment, ref=-1) | cbo_4d + periodo",21617,341
8.0,"C(event_time, contr.treatment(base=-1))[-15]:treatment",-15,0.030246858404778587,0.022896845644051297,-0.014790452395801172,0.07528416920535835,0.18738790365344982,False,False,0.023150533747491285,-23_to_-2,group_event__age__age_18_24__ln_salario_real_adm,age,age_pnad,age_18_24,Age 18–24,ln_salario_real_adm,ols,-23_to_41,-1,2022-11,alternative,False,"ln_salario_real_adm ~ i(event_time, treatment, ref=-1) | cbo_4d + periodo",21617,341
9.0,"C(event_time, contr.treatment(base=-1))[-14]:treatment",-14,0.02423521179589457,0.022166449764093654,-0.019365435336488535,0.06783585892827768,0.2750236035605942,False,False,0.023150533747491285,-23_to_-2,group_event__age__age_18_24__ln_salario_real_adm,age,age_pnad,age_18_24,Age 18–24,ln_salario_real_adm,ols,-23_to_41,-1,2022-11,alternative,False,"ln_salario_real_adm ~ i(event_time, treatment, ref=-1) | cbo_4d + periodo",21617,341
10.0,"C(event_time, contr.treatment(base=-1))[-13]:treatment",-13,0.04258110549296166,0.02174113102251993,-0.00018295424867996457,0.08534516523460328,0.050982651699363,False,False,0.023150533747491285,-23_to_-2,group_event__age__age_18_24__ln_salario_real_adm,age,age_pnad,age_18_24,Age 18–24,ln_salario_real_adm,ols,-23_to_41,-1,2022-11,alternative,False,"ln_salario_real_adm ~ i(event_time, treatment, ref=-1) | cbo_4d + periodo",21617,341
11.0,"C(event_time, contr.treatment(base=-1))[-12]:treatment",-12,0.03013798659944116,0.02670245236391962,-0.022384822216539407,0.08266079541542172,0.2598370830336578,False,False,0.023150533747491285,-23_to_-2,group_event__age__age_18_24__ln_salario_real_adm,age,age_pnad,age_18_24,Age 18–24,ln_salario_real_adm,ols,-23_to_41,-1,2022-11,alternative,False,"ln_salario_real_adm ~ i(event_time, treatment, ref=-1) | cbo_4d + periodo",21617,341
12.0,"C(event_time, contr.treatment(base=-1))[-11]:treatment",-11,0.00855498392767668,0.02663790873846998,-0.04384086978869055,0.06095083764404391,0.7482878002238829,False,False,0.023150533747491285,-23_to_-2,group_event__age__age_18_24__ln_salario_real_adm,age,age_pnad,age_18_24,Age 18–24,ln_salario_real_adm,ols,-23_to_41,-1,2022-11,alternative,False,"ln_salario_real_adm ~ i(event_time, treatment, ref=-1) | cbo_4d + periodo",21617,341
13.0,"C(event_time, contr.treatment(base=-1))[-10]:treatment",-10,-0.00534830228610067,0.01936325080132405,-0.04343515311288142,0.032738548540680076,0.782555434241401,False,False,0.023150533747491285,-23_to_-2,group_event__age__age_18_24__ln_salario_real_adm,age,age_pnad,age_18_24,Age 18–24,ln_salario_real_adm,ols,-23_to_41,-1,2022-11,alternative,False,"ln_salario_real_adm ~ i(event_time, treatment, ref=-1) | cbo_4d + periodo",21617,341
14.0,"C(event_time, contr.treatment(base=-1))[-9]:treatment",-9,-0.0012031538515504658,0.025572779533329263,-0.051503934919028174,0.04909762721592724,0.9625024156507962,False,False,0.023150533747491285,-23_to_-2,group_event__age__age_18_24__ln_salario_real_adm,age,age_pnad,age_18_24,Age 18–24,ln_salario_real_adm,ols,-23_to_41,-1,2022-11,alternative,False,"ln_salario_real_adm ~ i(event_time, treatment, ref=-1) | cbo_4d + periodo",21617,341
15.0,"C(event_time, contr.treatment(base=-1))[-8]:treatment",-8,0.02746741927748257,0.019276614610701757,-0.0104490211310121,0.06538385968597724,0.15510081436759782,False,False,0.023150533747491285,-23_to_-2,group_event__age__age_18_24__ln_salario_real_adm,age,age_pnad,age_18_24,Age 18–24,ln_salario_real_adm,ols,-23_to_41,-1,2022-11,alternative,False,"ln_salario_real_adm ~ i(event_time, treatment, ref=-1) | cbo_4d + periodo",21617,341
16.0,"C(event_time, contr.treatment(base=-1))[-7]:treatment",-7,0.015254214410661745,0.027973881905083136,-0.03976945274609628,0.07027788156741976,0.5859033491450854,False,False,0.023150533747491285,-23_to_-2,group_event__age__age_18_24__ln_salario_real_adm,age,age_pnad,age_18_24,Age 18–24,ln_salario_real_adm,ols,-23_to_41,-1,2022-11,alternative,False,"ln_salario_real_adm ~ i(event_time, treatment, ref=-1) | cbo_4d + periodo",21617,341
17.0,"C(event_time, contr.treatment(base=-1))[-6]:treatment",-6,0.003676976977725729,0.024325159199923306,-0.044169777644789444,0.05152373160024091,0.8799396043162595,False,False,0.023150533747491285,-23_to_-2,group_event__age__age_18_24__ln_salario_real_adm,age,age_pnad,age_18_24,Age 18–24,ln_salario_real_adm,ols,-23_to_41,-1,2022-11,alternative,False,"ln_salario_real_adm ~ i(event_time, treatment, ref=-1) | cbo_4d + periodo",21617,341
18.0,"C(event_time, contr.treatment(base=-1))[-5]:treatment",-5,0.028380938443489188,0.021007131090882175,-0.012939368583797118,0.0697012454707755,0.1775891432393264,False,False,0.023150533747491285,-23_to_-2,group_event__age__age_18_24__ln_salario_real_adm,age,age_pnad,age_18_24,Age 18–24,ln_salario_real_adm,ols,-23_to_41,-1,2022-11,alternative,False,"ln_salario_real_adm ~ i(event_time, treatment, ref=-1) | cbo_4d + periodo",21617,341
19.0,"C(event_time, contr.treatment(base=-1))[-4]:treatment",-4,0.025479986797188887,0.01778975900380594,-0.00951185958100323,0.060471833175381004,0.15298127328537703,False,False,0.023150533747491285,-23_to_-2,group_event__age__age_18_24__ln_salario_real_adm,age,age_pnad,age_18_24,Age 18–24,ln_salario_real_adm,ols,-23_to_41,-1,2022-11,alternative,False,"ln_salario_real_adm ~ i(event_time, treatment, ref=-1) | cbo_4d + periodo",21617,341
20.0,"C(event_time, contr.treatment(base=-1))[-3]:treatment",-3,0.02103465983473325,0.022376646704746466,-0.022979437477324328,0.06504875714679083,0.34787088374942465,False,False,0.023150533747491285,-23_to_-2,group_event__age__age_18_24__ln_salario_real_adm,age,age_pnad,age_18_24,Age 18–24,ln_salario_real_adm,ols,-23_to_41,-1,2022-11,alternative,False,"ln_salario_real_adm ~ i(event_time, treatment, ref=-1) | cbo_4d + periodo",21617,341
21.0,"C(event_time, contr.treatment(base=-1))[-2]:treatment",-2,0.03194962836249294,0.02799382704701017,-0.0231132702049971,0.08701252692998299,0.25454424159567157,False,False,0.023150533747491285,-23_to_-2,group_event__age__age_18_24__ln_salario_real_adm,age,age_pnad,age_18_24,Age 18–24,ln_salario_real_adm,ols,-23_to_41,-1,2022-11,alternative,False,"ln_salario_real_adm ~ i(event_time, treatment, ref=-1) | cbo_4d + periodo",21617,341
,reference_event_time,-1,0.0,0.0,0.0,0.0,,True,False,0.023150533747491285,-23_to_-2,group_event__age__age_18_24__ln_salario_real_adm,age,age_pnad,age_18_24,Age 18–24,ln_salario_real_adm,ols,-23_to_41,-1,2022-11,alternative,False,"ln_salario_real_adm ~ i(event_time, treatment, ref=-1) | cbo_4d + periodo",21617,341
22.0,"C(event_time, contr.treatment(base=-1))[0]:treatment",0,0.005013360064397271,0.01775600371439302,-0.029912090816175362,0.039938810944969906,0.7778490013912744,False,False,0.023150533747491285,-23_to_-2,group_event__age__age_18_24__ln_salario_real_adm,age,age_pnad,age_18_24,Age 18–24,ln_salario_real_adm,ols,-23_to_41,-1,2022-11,alternative,False,"ln_salario_real_adm ~ i(event_time, treatment, ref=-1) | cbo_4d + periodo",21617,341
23.0,"C(event_time, contr.treatment(base=-1))[1]:treatment",1,-0.007567826386731202,0.020566693334606728,-0.048021807439424545,0.03288615466596214,0.7131281892559886,False,False,0.023150533747491285,-23_to_-2,group_event__age__age_18_24__ln_salario_real_adm,age,age_pnad,age_18_24,Age 18–24,ln_salario_real_adm,ols,-23_to_41,-1,2022-11,alternative,False,"ln_salario_real_adm ~ i(event_time, treatment, ref=-1) | cbo_4d + periodo",21617,341
24.0,"C(event_time, contr.treatment(base=-1))[2]:treatment",2,-0.03133621783475635,0.02687881783140719,-0.0842059314819616,0.021533495812448893,0.24449906951194844,False,False,0.023150533747491285,-23_to_-2,group_event__age__age_18_24__ln_salario_real_adm,age,age_pnad,age_18_24,Age 18–24,ln_salario_real_adm,ols,-23_to_41,-1,2022-11,alternative,False,"ln_salario_real_adm ~ i(event_time, treatment, ref=-1) | cbo_4d + periodo",21617,341
25.0,"C(event_time, contr.treatment(base=-1))[3]:treatment",3,-0.012703151480646937,0.024231468556839886,-0.060365619818612236,0.034959316857318366,0.6004518801079415,False,False,0.023150533747491285,-23_to_-2,group_event__age__age_18_24__ln_salario_real_adm,age,age_pnad,age_18_24,Age 18–24,ln_salario_real_adm,ols,-23_to_41,-1,2022-11,alternative,False,"ln_salario_real_adm ~ i(event_time, treatment, ref=-1) | cbo_4d + periodo",21617,341
26.0,"C(event_time, contr.treatment(base=-1))[4]:treatment",4,-0.01322395111423476,0.021497305363015216,-0.055508414138538895,0.029060511910069378,0.5388707303487483,False,False,0.023150533747491285,-23_to_-2,group_event__age__age_18_24__ln_salario_real_adm,age,age_pnad,age_18_24,Age 18–24,ln_salario_real_adm,ols,-23_to_41,-1,2022-11,alternative,False,"ln_salario_real_adm ~ i(event_time, treatment, ref=-1) | cbo_4d + periodo",21617,341
27.0,"C(event_time, contr.treatment(base=-1))[5]:treatment",5,-0.014268495329541955,0.02133282417728142,-0.05622942949760534,0.027692438838521433,0.5040439635560485,False,False,0.023150533747491285,-23_to_-2,group_event__age__age_18_24__ln_salario_real_adm,age,age_pnad,age_18_24,Age 18–24,ln_salario_real_adm,ols,-23_to_41,-1,2022-11,alternative,False,"ln_salario_real_adm ~ i(event_time, treatment, ref=-1) | cbo_4d + periodo",21617,341
28.0,"C(event_time, contr.treatment(base=-1))[6]:treatment",6,-0.010695063641646869,0.02356332352712208,-0.057043313600755194,0.03565318631746146,0.650200434566921,False,False,0.023150533747491285,-23_to_-2,group_event__age__age_18_24__ln_salario_real_adm,age,age_pnad,age_18_24,Age 18–24,ln_salario_real_adm,ols,-23_to_41,-1,2022-11,alternative,False,"ln_salario_real_adm ~ i(event_time, treatment, ref=-1) | cbo_4d + periodo",21617,341
29.0,"C(event_time, contr.treatment(base=-1))[7]:treatment",7,-0.03459044997657045,0.02563288105380766,-0.08500944867539584,0.015828548722254927,0.17808834828354092,False,False,0.023150533747491285,-23_to_-2,group_event__age__age_18_24__ln_salario_real_adm,age,age_pnad,age_18_24,Age 18–24,ln_salario_real_adm,ols,-23_to_41,-1,2022-11,alternative,False,"ln_salario_real_adm ~ i(event_time, treatment, ref=-1) | cbo_4d + periodo",21617,341
30.0,"C(event_time, contr.treatment(base=-1))[8]:treatment",8,-0.012751045742731134,0.027936948670078093,-0.06770206649178517,0.0421999750063229,0.6483777716001053,False,False,0.023150533747491285,-23_to_-2,group_event__age__age_18_24__ln_salario_real_adm,age,age_pnad,age_18_24,Age 18–24,ln_salario_real_adm,ols,-23_to_41,-1,2022-11,alternative,False,"ln_salario_real_adm ~ i(event_time, treatment, ref=-1) | cbo_4d + periodo",21617,341
31.0,"C(event_time, contr.treatment(base=-1))[9]:treatment",9,0.00599010975911843,0.021915906833969642,-0.03711772801479243,0.04909794753302928,0.784771294015393,False,False,0.023150533747491285,-23_to_-2,group_event__age__age_18_24__ln_salario_real_adm,age,age_pnad,age_18_24,Age 18–24,ln_salario_real_adm,ols,-23_to_41,-1,2022-11,alternative,False,"ln_salario_real_adm ~ i(event_time, treatment, ref=-1) | cbo_4d + periodo",21617,341
32.0,"C(event_time, contr.treatment(base=-1))[10]:treatment",10,-0.04123035524068618,0.023242061271067767,-0.08694669335047947,0.004485982869107105,0.07696564061772615,False,False,0.023150533747491285,-23_to_-2,group_event__age__age_18_24__ln_salario_real_adm,age,age_pnad,age_18_24,Age 18–24,ln_salario_real_adm,ols,-23_to_41,-1,2022-11,alternative,False,"ln_salario_real_adm ~ i(event_time, treatment, ref=-1) | cbo_4d + periodo",21617,341
33.0,"C(event_time, contr.treatment(base=-1))[11]:treatment",11,-0.033348597095179275,0.023205259137077886,-0.07899254666847311,0.012295352478114557,0.15160527544690883,False,False,0.023150533747491285,-23_to_-2,group_event__age__age_18_24__ln_salario_real_adm,age,age_pnad,age_18_24,Age 18–24,ln_salario_real_adm,ols,-23_to_41,-1,2022-11,alternative,False,"ln_salario_real_adm ~ i(event_time, treatment, ref=-1) | cbo_4d + periodo",21617,341
34.0,"C(event_time, contr.treatment(base=-1))[12]:treatment",12,-0.05498609794423045,0.027390207540046098,-0.10886169762509432,-0.001110498263366587,0.04548637759118557,False,False,0.023150533747491285,-23_to_-2,group_event__age__age_18_24__ln_salario_real_adm,age,age_pnad,age_18_24,Age 18–24,ln_salario_real_adm,ols,-23_to_41,-1,2022-11,alternative,False,"ln_salario_real_adm ~ i(event_time, treatment, ref=-1) | cbo_4d + periodo",21617,341
35.0,"C(event_time, contr.treatment(base=-1))[13]:treatment",13,-0.003008687931256486,0.022968173565695107,-0.048186298309593416,0.04216892244708045,0.8958576993006448,False,False,0.023150533747491285,-23_to_-2,group_event__age__age_18_24__ln_salario_real_adm,age,age_pnad,age_18_24,Age 18–24,ln_salario_real_adm,ols,-23_to_41,-1,2022-11,alternative,False,"ln_salario_real_adm ~ i(event_time, treatment, ref=-1) | cbo_4d + periodo",21617,341
36.0,"C(event_time, contr.treatment(base=-1))[14]:treatment",14,-0.039955146116090884,0.01935008117761038,-0.078016092744296,-0.0018941994878857796,0.03969434721157783,False,False,0.023150533747491285,-23_to_-2,group_event__age__age_18_24__ln_salario_real_adm,age,age_pnad,age_18_24,Age 18–24,ln_salario_real_adm,ols,-23_to_41,-1,2022-11,alternative,False,"ln_salario_real_adm ~ i(event_time, treatment, ref=-1) | cbo_4d + periodo",21617,341
37.0,"C(event_time, contr.treatment(base=-1))[15]:treatment",15,-0.054436369091781046,0.023224714818554003,-0.10011858732387176,-0.008754150859690335,0.019658738217926963,False,False,0.023150533747491285,-23_to_-2,group_event__age__age_18_24__ln_salario_real_adm,age,age_pnad,age_18_24,Age 18–24,ln_salario_real_adm,ols,-23_to_41,-1,2022-11,alternative,False,"ln_salario_real_adm ~ i(event_time, treatment, ref=-1) | cbo_4d + periodo",21617,341
38.0,"C(event_time, contr.treatment(base=-1))[16]:treatment",16,-0.05980724401859148,0.02085393899324073,-0.10082622743908382,-0.018788260598099148,0.0043898362017606996,False,False,0.023150533747491285,-23_to_-2,group_event__age__age_18_24__ln_salario_real_adm,age,age_pnad,age_18_24,Age 18–24,ln_salario_real_adm,ols,-23_to_41,-1,2022-11,alternative,False,"ln_salario_real_adm ~ i(event_time, treatment, ref=-1) | cbo_4d + periodo",21617,341
39.0,"C(event_time, contr.treatment(base=-1))[17]:treatment",17,-0.057642047133951047,0.027755903832259454,-0.11223695889068208,-0.0030471353772200185,0.03857537336965833,False,False,0.023150533747491285,-23_to_-2,group_event__age__age_18_24__ln_salario_real_adm,age,age_pnad,age_18_24,Age 18–24,ln_salario_real_adm,ols,-23_to_41,-1,2022-11,alternative,False,"ln_salario_real_adm ~ i(event_time, treatment, ref=-1) | cbo_4d + periodo",21617,341
40.0,"C(event_time, contr.treatment(base=-1))[18]:treatment",18,-0.03738306892962932,0.023738484972240025,-0.08407585544921821,0.009309717589959562,0.1162355138952853,False,False,0.023150533747491285,-23_to_-2,group_event__age__age_18_24__ln_salario_real_adm,age,age_pnad,age_18_24,Age 18–24,ln_salario_real_adm,ols,-23_to_41,-1,2022-11,alternative,False,"ln_salario_real_adm ~ i(event_time, treatment, ref=-1) | cbo_4d + periodo",21617,341
41.0,"C(event_time, contr.treatment(base=-1))[19]:treatment",19,-0.026093845631243427,0.023316584665343573,-0.07195676870396525,0.019769077441478395,0.26388279777523316,False,False,0.023150533747491285,-23_to_-2,group_event__age__age_18_24__ln_salario_real_adm,age,age_pnad,age_18_24,Age 18–24,ln_salario_real_adm,ols,-23_to_41,-1,2022-11,alternative,False,"ln_salario_real_adm ~ i(event_time, treatment, ref=-1) | cbo_4d + periodo",21617,341
42.0,"C(event_time, contr.treatment(base=-1))[20]:treatment",20,-0.04267595473426802,0.0296372740456126,-0.10097145723380088,0.015619547765264835,0.15080392760965977,False,False,0.023150533747491285,-23_to_-2,group_event__age__age_18_24__ln_salario_real_adm,age,age_pnad,age_18_24,Age 18–24,ln_salario_real_adm,ols,-23_to_41,-1,2022-11,alternative,False,"ln_salario_real_adm ~ i(event_time, treatment, ref=-1) | cbo_4d + periodo",21617,341
43.0,"C(event_time, contr.treatment(base=-1))[21]:treatment",21,-0.008059079270994368,0.026180812143611298,-0.059555839648105686,0.04343768110611695,0.7584048299865982,False,False,0.023150533747491285,-23_to_-2,group_event__age__age_18_24__ln_salario_real_adm,age,age_pnad,age_18_24,Age 18–24,ln_salario_real_adm,ols,-23_to_41,-1,2022-11,alternative,False,"ln_salario_real_adm ~ i(event_time, treatment, ref=-1) | cbo_4d + periodo",21617,341
44.0,"C(event_time, contr.treatment(base=-1))[22]:treatment",22,-0.06309678520274639,0.031225608131439007,-0.12451648642338578,-0.0016770839821070027,0.04409701228550689,False,False,0.023150533747491285,-23_to_-2,group_event__age__age_18_24__ln_salario_real_adm,age,age_pnad,age_18_24,Age 18–24,ln_salario_real_adm,ols,-23_to_41,-1,2022-11,alternative,False,"ln_salario_real_adm ~ i(event_time, treatment, ref=-1) | cbo_4d + periodo",21617,341
45.0,"C(event_time, contr.treatment(base=-1))[23]:treatment",23,-0.05018551463781228,0.028372273445329266,-0.1059928043029855,0.0056217750273609216,0.07782003593809095,False,False,0.023150533747491285,-23_to_-2,group_event__age__age_18_24__ln_salario_real_adm,age,age_pnad,age_18_24,Age 18–24,ln_salario_real_adm,ols,-23_to_41,-1,2022-11,alternative,False,"ln_salario_real_adm ~ i(event_time, treatment, ref=-1) | cbo_4d + periodo",21617,341
46.0,"C(event_time, contr.treatment(base=-1))[24]:treatment",24,-0.03778867401885659,0.024666063553708772,-0.08630597582386962,0.010728627786156443,0.12644968984099658,False,True,0.023150533747491285,-23_to_-2,group_event__age__age_18_24__ln_salario_real_adm,age,age_pnad,age_18_24,Age 18–24,ln_salario_real_adm,ols,-23_to_41,-1,2022-11,alternative,False,"ln_salario_real_adm ~ i(event_time, treatment, ref=-1) | cbo_4d + periodo",21617,341
47.0,"C(event_time, contr.treatment(base=-1))[25]:treatment",25,-0.045401873361764836,0.03096184227615698,-0.10630275618324173,0.015499009459712054,0.14346863848291402,False,True,0.023150533747491285,-23_to_-2,group_event__age__age_18_24__ln_salario_real_adm,age,age_pnad,age_18_24,Age 18–24,ln_salario_real_adm,ols,-23_to_41,-1,2022-11,alternative,False,"ln_salario_real_adm ~ i(event_time, treatment, ref=-1) | cbo_4d + periodo",21617,341
48.0,"C(event_time, contr.treatment(base=-1))[26]:treatment",26,-0.05601790345916543,0.02183295251793646,-0.09896257293594421,-0.013073233982386655,0.010723401528923704,False,True,0.023150533747491285,-23_to_-2,group_event__age__age_18_24__ln_salario_real_adm,age,age_pnad,age_18_24,Age 18–24,ln_salario_real_adm,ols,-23_to_41,-1,2022-11,alternative,False,"ln_salario_real_adm ~ i(event_time, treatment, ref=-1) | cbo_4d + periodo",21617,341
49.0,"C(event_time, contr.treatment(base=-1))[27]:treatment",27,-0.022945888173961447,0.02465914608904427,-0.07144958356301262,0.025557807215089733,0.3527608777758786,False,True,0.023150533747491285,-23_to_-2,group_event__age__age_18_24__ln_salario_real_adm,age,age_pnad,age_18_24,Age 18–24,ln_salario_real_adm,ols,-23_to_41,-1,2022-11,alternative,False,"ln_salario_real_adm ~ i(event_time, treatment, ref=-1) | cbo_4d + periodo",21617,341
50.0,"C(event_time, contr.treatment(base=-1))[28]:treatment",28,-0.036451903970817434,0.024911125383969366,-0.08545123399868626,0.012547426057051385,0.1443151296535945,False,True,0.023150533747491285,-23_to_-2,group_event__age__age_18_24__ln_salario_real_adm,age,age_pnad,age_18_24,Age 18–24,ln_salario_real_adm,ols,-23_to_41,-1,2022-11,alternative,False,"ln_salario_real_adm ~ i(event_time, treatment, ref=-1) | cbo_4d + periodo",21617,341
51.0,"C(event_time, contr.treatment(base=-1))[29]:treatment",29,-0.04142849907345167,0.028182550357310023,-0.09686260992552542,0.014005611778622078,0.14248505778011866,False,True,0.023150533747491285,-23_to_-2,group_event__age__age_18_24__ln_salario_real_adm,age,age_pnad,age_18_24,Age 18–24,ln_salario_real_adm,ols,-23_to_41,-1,2022-11,alternative,False,"ln_salario_real_adm ~ i(event_time, treatment, ref=-1) | cbo_4d + periodo",21617,341
52.0,"C(event_time, contr.treatment(base=-1))[30]:treatment",30,-0.026892333127167805,0.02838158900091721,-0.0827179461709765,0.028933279916640884,0.3440430500559335,False,True,0.023150533747491285,-23_to_-2,group_event__age__age_18_24__ln_salario_real_adm,age,age_pnad,age_18_24,Age 18–24,ln_salario_real_adm,ols,-23_to_41,-1,2022-11,alternative,False,"ln_salario_real_adm ~ i(event_time, treatment, ref=-1) | cbo_4d + periodo",21617,341
53.0,"C(event_time, contr.treatment(base=-1))[31]:treatment",31,-0.045854771115582574,0.02492677630818653,-0.09488488597509337,0.0031753437439282287,0.06670175513581555,False,True,0.023150533747491285,-23_to_-2,group_event__age__age_18_24__ln_salario_real_adm,age,age_pnad,age_18_24,Age 18–24,ln_salario_real_adm,ols,-23_to_41,-1,2022-11,alternative,False,"ln_salario_real_adm ~ i(event_time, treatment, ref=-1) | cbo_4d + periodo",21617,341
54.0,"C(event_time, contr.treatment(base=-1))[32]:treatment",32,-0.02889006420078113,0.02585709670755558,-0.0797500874075751,0.02196995900601283,0.26465612627053225,False,True,0.023150533747491285,-23_to_-2,group_event__age__age_18_24__ln_salario_real_adm,age,age_pnad,age_18_24,Age 18–24,ln_salario_real_adm,ols,-23_to_41,-1,2022-11,alternative,False,"ln_salario_real_adm ~ i(event_time, treatment, ref=-1) | cbo_4d + periodo",21617,341
55.0,"C(event_time, contr.treatment(base=-1))[33]:treatment",33,-0.03550471708072134,0.02581041214489171,-0.08627291335244452,0.01526347919100185,0.16985208894813075,False,True,0.023150533747491285,-23_to_-2,group_event__age__age_18_24__ln_salario_real_adm,age,age_pnad,age_18_24,Age 18–24,ln_salario_real_adm,ols,-23_to_41,-1,2022-11,alternative,False,"ln_salario_real_adm ~ i(event_time, treatment, ref=-1) | cbo_4d + periodo",21617,341
56.0,"C(event_time, contr.treatment(base=-1))[34]:treatment",34,-0.02145260910249904,0.022540032333723262,-0.0657880803481966,0.022882862143198512,0.3418968734261145,False,True,0.023150533747491285,-23_to_-2,group_event__age__age_18_24__ln_salario_real_adm,age,age_pnad,age_18_24,Age 18–24,ln_salario_real_adm,ols,-23_to_41,-1,2022-11,alternative,False,"ln_salario_real_adm ~ i(event_time, treatment, ref=-1) | cbo_4d + periodo",21617,341
57.0,"C(event_time, contr.treatment(base=-1))[35]:treatment",35,-0.0276374794091003,0.026660747151253092,-0.08007825550083289,0.024803296682632297,0.30064241503392,False,True,0.023150533747491285,-23_to_-2,group_event__age__age_18_24__ln_salario_real_adm,age,age_pnad,age_18_24,Age 18–24,ln_salario_real_adm,ols,-23_to_41,-1,2022-11,alternative,False,"ln_salario_real_adm ~ i(event_time, treatment, ref=-1) | cbo_4d + periodo",21617,341
58.0,"C(event_time, contr.treatment(base=-1))[36]:treatment",36,0.024239461248748612,0.04206548392357026,-0.05850190421679659,0.1069808267142938,0.5648398887949984,False,True,0.023150533747491285,-23_to_-2,group_event__age__age_18_24__ln_salario_real_adm,age,age_pnad,age_18_24,Age 18–24,ln_salario_real_adm,ols,-23_to_41,-1,2022-11,alternative,False,"ln_salario_real_adm ~ i(event_time, treatment, ref=-1) | cbo_4d + periodo",21617,341
59.0,"C(event_time, contr.treatment(base=-1))[37]:treatment",37,-0.036967878294280984,0.020819954316487414,-0.07792001502011545,0.003984258431553471,0.07669354634412073,False,True,0.023150533747491285,-23_to_-2,group_event__age__age_18_24__ln_salario_real_adm,age,age_pnad,age_18_24,Age 18–24,ln_salario_real_adm,ols,-23_to_41,-1,2022-11,alternative,False,"ln_salario_real_adm ~ i(event_time, treatment, ref=-1) | cbo_4d + periodo",21617,341
60.0,"C(event_time, contr.treatment(base=-1))[38]:treatment",38,-0.04188647495110278,0.02270293254717197,-0.08654236533472977,0.002769415432524208,0.0659098516999912,False,True,0.023150533747491285,-23_to_-2,group_event__age__age_18_24__ln_salario_real_adm,age,age_pnad,age_18_24,Age 18–24,ln_salario_real_adm,ols,-23_to_41,-1,2022-11,alternative,False,"ln_salario_real_adm ~ i(event_time, treatment, ref=-1) | cbo_4d + periodo",21617,341
61.0,"C(event_time, contr.treatment(base=-1))[39]:treatment",39,-0.03318512662014202,0.023017303875911447,-0.07845937463517967,0.012089121394895624,0.15029421341356208,False,True,0.023150533747491285,-23_to_-2,group_event__age__age_18_24__ln_salario_real_adm,age,age_pnad,age_18_24,Age 18–24,ln_salario_real_adm,ols,-23_to_41,-1,2022-11,alternative,False,"ln_salario_real_adm ~ i(event_time, treatment, ref=-1) | cbo_4d + periodo",21617,341
62.0,"C(event_time, contr.treatment(base=-1))[40]:treatment",40,-0.03583295286117674,0.02638160224324149,-0.08772466048400501,0.016058754761651535,0.1752832320607145,False,True,0.023150533747491285,-23_to_-2,group_event__age__age_18_24__ln_salario_real_adm,age,age_pnad,age_18_24,Age 18–24,ln_salario_real_adm,ols,-23_to_41,-1,2022-11,alternative,False,"ln_salario_real_adm ~ i(event_time, treatment, ref=-1) | cbo_4d + periodo",21617,341
63.0,"C(event_time, contr.treatment(base=-1))[41]:treatment",41,-3.442122040836653e-05,0.03025167792202857,-0.059538435091743044,0.059469592650926315,0.9990928117258897,False,True,0.023150533747491285,-23_to_-2,group_event__age__age_18_24__ln_salario_real_adm,age,age_pnad,age_18_24,Age 18–24,ln_salario_real_adm,ols,-23_to_41,-1,2022-11,alternative,False,"ln_salario_real_adm ~ i(event_time, treatment, ref=-1) | cbo_4d + periodo",21617,341
0.0,"C(event_time, contr.treatment(base=-1))[-23]:treatment",-23,-0.12944658160397984,0.08422369047158322,-0.2951116947601239,0.036218531552164174,0.12523857632489,False,False,-0.08687308781884974,-23_to_-2,group_event__age__age_25_34__admissoes,age,age_pnad,age_25_34,Age 25–34,admissoes,ppml,-23_to_41,-1,2022-11,alternative,False,"admissoes ~ i(event_time, treatment, ref=-1) | cbo_4d + periodo",22049,341
1.0,"C(event_time, contr.treatment(base=-1))[-22]:treatment",-22,-0.1812872930020163,0.07444666372260846,-0.3277213295616529,-0.034853256442379715,0.015400055552428293,False,False,-0.08687308781884974,-23_to_-2,group_event__age__age_25_34__admissoes,age,age_pnad,age_25_34,Age 25–34,admissoes,ppml,-23_to_41,-1,2022-11,alternative,False,"admissoes ~ i(event_time, treatment, ref=-1) | cbo_4d + periodo",22049,341
2.0,"C(event_time, contr.treatment(base=-1))[-21]:treatment",-21,-0.16656245533575992,0.07929395440808379,-0.3225309465768965,-0.010593964094623348,0.03641486413539363,False,False,-0.08687308781884974,-23_to_-2,group_event__age__age_25_34__admissoes,age,age_pnad,age_25_34,Age 25–34,admissoes,ppml,-23_to_41,-1,2022-11,alternative,False,"admissoes ~ i(event_time, treatment, ref=-1) | cbo_4d + periodo",22049,341
3.0,"C(event_time, contr.treatment(base=-1))[-20]:treatment",-20,-0.1030204253359615,0.08828514858377094,-0.27667428742921757,0.0706334367572946,0.24406630314366584,False,False,-0.08687308781884974,-23_to_-2,group_event__age__age_25_34__admissoes,age,age_pnad,age_25_34,Age 25–34,admissoes,ppml,-23_to_41,-1,2022-11,alternative,False,"admissoes ~ i(event_time, treatment, ref=-1) | cbo_4d + periodo",22049,341
4.0,"C(event_time, contr.treatment(base=-1))[-19]:treatment",-19,-0.10742435326540532,0.07219991203087235,-0.24943910623438992,0.03459039970357926,0.13771103489128134,False,False,-0.08687308781884974,-23_to_-2,group_event__age__age_25_34__admissoes,age,age_pnad,age_25_34,Age 25–34,admissoes,ppml,-23_to_41,-1,2022-11,alternative,False,"admissoes ~ i(event_time, treatment, ref=-1) | cbo_4d + periodo",22049,341
5.0,"C(event_time, contr.treatment(base=-1))[-18]:treatment",-18,-0.07539146958072543,0.06531048381791184,-0.2038549533273489,0.053072014165898046,0.2491654621425916,False,False,-0.08687308781884974,-23_to_-2,group_event__age__age_25_34__admissoes,age,age_pnad,age_25_34,Age 25–34,admissoes,ppml,-23_to_41,-1,2022-11,alternative,False,"admissoes ~ i(event_time, treatment, ref=-1) | cbo_4d + periodo",22049,341
6.0,"C(event_time, contr.treatment(base=-1))[-17]:treatment",-17,-0.07391780899168245,0.06407700734004014,-0.19995508677252716,0.05211946878916228,0.2494836069034876,False,False,-0.08687308781884974,-23_to_-2,group_event__age__age_25_34__admissoes,age,age_pnad,age_25_34,Age 25–34,admissoes,ppml,-23_to_41,-1,2022-11,alternative,False,"admissoes ~ i(event_time, treatment, ref=-1) | cbo_4d + periodo",22049,341
7.0,"C(event_time, contr.treatment(base=-1))[-16]:treatment",-16,-0.07985469669427993,0.06552925958387038,-0.20874850487599295,0.049039111487433104,0.22383661539551092,False,False,-0.08687308781884974,-23_to_-2,group_event__age__age_25_34__admissoes,age,age_pnad,age_25_34,Age 25–34,admissoes,ppml,-23_to_41,-1,2022-11,alternative,False,"admissoes ~ i(event_time, treatment, ref=-1) | cbo_4d + periodo",22049,341
8.0,"C(event_time, contr.treatment(base=-1))[-15]:treatment",-15,-0.088990545331259,0.061095382045916774,-0.20916306832666925,0.031181977664151275,0.14615414285090145,False,False,-0.08687308781884974,-23_to_-2,group_event__age__age_25_34__admissoes,age,age_pnad,age_25_34,Age 25–34,admissoes,ppml,-23_to_41,-1,2022-11,alternative,False,"admissoes ~ i(event_time, treatment, ref=-1) | cbo_4d + periodo",22049,341
9.0,"C(event_time, contr.treatment(base=-1))[-14]:treatment",-14,-0.03006280741177554,0.05462598339781571,-0.13751024494620767,0.07738463012265658,0.5824482749139905,False,False,-0.08687308781884974,-23_to_-2,group_event__age__age_25_34__admissoes,age,age_pnad,age_25_34,Age 25–34,admissoes,ppml,-23_to_41,-1,2022-11,alternative,False,"admissoes ~ i(event_time, treatment, ref=-1) | cbo_4d + periodo",22049,341
10.0,"C(event_time, contr.treatment(base=-1))[-13]:treatment",-13,0.053899352710127434,0.026964809530927246,0.0008604963365501442,0.10693820908370472,0.046417303407171984,False,False,-0.08687308781884974,-23_to_-2,group_event__age__age_25_34__admissoes,age,age_pnad,age_25_34,Age 25–34,admissoes,ppml,-23_to_41,-1,2022-11,alternative,False,"admissoes ~ i(event_time, treatment, ref=-1) | cbo_4d + periodo",22049,341
11.0,"C(event_time, contr.treatment(base=-1))[-12]:treatment",-12,0.11713196814606791,0.034681822072548836,0.048914012533583906,0.18534992375855192,0.0008167567367838302,False,False,-0.08687308781884974,-23_to_-2,group_event__age__age_25_34__admissoes,age,age_pnad,age_25_34,Age 25–34,admissoes,ppml,-23_to_41,-1,2022-11,alternative,False,"admissoes ~ i(event_time, treatment, ref=-1) | cbo_4d + periodo",22049,341
12.0,"C(event_time, contr.treatment(base=-1))[-11]:treatment",-11,-0.11263261288787818,0.0749171625415954,-0.2599921045023915,0.034726878726635185,0.13365679185915935,False,False,-0.08687308781884974,-23_to_-2,group_event__age__age_25_34__admissoes,age,age_pnad,age_25_34,Age 25–34,admissoes,ppml,-23_to_41,-1,2022-11,alternative,False,"admissoes ~ i(event_time, treatment, ref=-1) | cbo_4d + periodo",22049,341
13.0,"C(event_time, contr.treatment(base=-1))[-10]:treatment",-10,-0.12193660905741972,0.07387201923244135,-0.26724033959561444,0.02336712148077498,0.09973409892973106,False,False,-0.08687308781884974,-23_to_-2,group_event__age__age_25_34__admissoes,age,age_pnad,age_25_34,Age 25–34,admissoes,ppml,-23_to_41,-1,2022-11,alternative,False,"admissoes ~ i(event_time, treatment, ref=-1) | cbo_4d + periodo",22049,341
14.0,"C(event_time, contr.treatment(base=-1))[-9]:treatment",-9,-0.1026230060986028,0.0674685091110325,-0.23533125165009255,0.03008523945288695,0.12917660098513695,False,False,-0.08687308781884974,-23_to_-2,group_event__age__age_25_34__admissoes,age,age_pnad,age_25_34,Age 25–34,admissoes,ppml,-23_to_41,-1,2022-11,alternative,False,"admissoes ~ i(event_time, treatment, ref=-1) | cbo_4d + periodo",22049,341
15.0,"C(event_time, contr.treatment(base=-1))[-8]:treatment",-8,-0.05974826950195521,0.0664408848645534,-0.1904352133731013,0.07093867436919085,0.3691454993444294,False,False,-0.08687308781884974,-23_to_-2,group_event__age__age_25_34__admissoes,age,age_pnad,age_25_34,Age 25–34,admissoes,ppml,-23_to_41,-1,2022-11,alternative,False,"admissoes ~ i(event_time, treatment, ref=-1) | cbo_4d + periodo",22049,341
16.0,"C(event_time, contr.treatment(base=-1))[-7]:treatment",-7,-0.11849541827687167,0.057388739162533876,-0.23137710173216197,-0.005613734821581354,0.039701165917574555,False,False,-0.08687308781884974,-23_to_-2,group_event__age__age_25_34__admissoes,age,age_pnad,age_25_34,Age 25–34,admissoes,ppml,-23_to_41,-1,2022-11,alternative,False,"admissoes ~ i(event_time, treatment, ref=-1) | cbo_4d + periodo",22049,341
17.0,"C(event_time, contr.treatment(base=-1))[-6]:treatment",-6,-0.11309952678569045,0.0591912527802871,-0.22952669276233062,0.0033276391909497077,0.05687788907269331,False,False,-0.08687308781884974,-23_to_-2,group_event__age__age_25_34__admissoes,age,age_pnad,age_25_34,Age 25–34,admissoes,ppml,-23_to_41,-1,2022-11,alternative,False,"admissoes ~ i(event_time, treatment, ref=-1) | cbo_4d + periodo",22049,341
18.0,"C(event_time, contr.treatment(base=-1))[-5]:treatment",-5,-0.12416254445281548,0.05721807270451375,-0.2367085328332218,-0.011616556072409148,0.03069973906323864,False,False,-0.08687308781884974,-23_to_-2,group_event__age__age_25_34__admissoes,age,age_pnad,age_25_34,Age 25–34,admissoes,ppml,-23_to_41,-1,2022-11,alternative,False,"admissoes ~ i(event_time, treatment, ref=-1) | cbo_4d + periodo",22049,341
19.0,"C(event_time, contr.treatment(base=-1))[-4]:treatment",-4,-0.11845283994850024,0.06189098528815152,-0.24019028725931657,0.0032846073623160887,0.0564729281878007,False,False,-0.08687308781884974,-23_to_-2,group_event__age__age_25_34__admissoes,age,age_pnad,age_25_34,Age 25–34,admissoes,ppml,-23_to_41,-1,2022-11,alternative,False,"admissoes ~ i(event_time, treatment, ref=-1) | cbo_4d + periodo",22049,341
20.0,"C(event_time, contr.treatment(base=-1))[-3]:treatment",-3,-0.09589768961612763,0.05296474616389227,-0.20007753043523913,0.008282151202983867,0.07108620197088222,False,False,-0.08687308781884974,-23_to_-2,group_event__age__age_25_34__admissoes,age,age_pnad,age_25_34,Age 25–34,admissoes,ppml,-23_to_41,-1,2022-11,alternative,False,"admissoes ~ i(event_time, treatment, ref=-1) | cbo_4d + periodo",22049,341
21.0,"C(event_time, contr.treatment(base=-1))[-2]:treatment",-2,-0.07923229969218323,0.0360183359490222,-0.15007913230282516,-0.008385467081541323,0.028495221260600667,False,False,-0.08687308781884974,-23_to_-2,group_event__age__age_25_34__admissoes,age,age_pnad,age_25_34,Age 25–34,admissoes,ppml,-23_to_41,-1,2022-11,alternative,False,"admissoes ~ i(event_time, treatment, ref=-1) | cbo_4d + periodo",22049,341
,reference_event_time,-1,0.0,0.0,0.0,0.0,,True,False,-0.08687308781884974,-23_to_-2,group_event__age__age_25_34__admissoes,age,age_pnad,age_25_34,Age 25–34,admissoes,ppml,-23_to_41,-1,2022-11,alternative,False,"admissoes ~ i(event_time, treatment, ref=-1) | cbo_4d + periodo",22049,341
22.0,"C(event_time, contr.treatment(base=-1))[0]:treatment",0,0.006894600318689645,0.036484813655509846,-0.06486977795633,0.0786589785937093,0.8502276818592585,False,False,-0.08687308781884974,-23_to_-2,group_event__age__age_25_34__admissoes,age,age_pnad,age_25_34,Age 25–34,admissoes,ppml,-23_to_41,-1,2022-11,alternative,False,"admissoes ~ i(event_time, treatment, ref=-1) | cbo_4d + periodo",22049,341
23.0,"C(event_time, contr.treatment(base=-1))[1]:treatment",1,-0.17828506074355996,0.06194435188881113,-0.3001274783292186,-0.056442643157901345,0.0042531773939267215,False,False,-0.08687308781884974,-23_to_-2,group_event__age__age_25_34__admissoes,age,age_pnad,age_25_34,Age 25–34,admissoes,ppml,-23_to_41,-1,2022-11,alternative,False,"admissoes ~ i(event_time, treatment, ref=-1) | cbo_4d + periodo",22049,341
24.0,"C(event_time, contr.treatment(base=-1))[2]:treatment",2,-0.228971812727808,0.06030569472460084,-0.3475910478215451,-0.11035257763407091,0.00017351329142201166,False,False,-0.08687308781884974,-23_to_-2,group_event__age__age_25_34__admissoes,age,age_pnad,age_25_34,Age 25–34,admissoes,ppml,-23_to_41,-1,2022-11,alternative,False,"admissoes ~ i(event_time, treatment, ref=-1) | cbo_4d + periodo",22049,341
25.0,"C(event_time, contr.treatment(base=-1))[3]:treatment",3,-0.19763779591655814,0.049968628367926475,-0.2959243756957099,-0.09935121613740638,9.307210183950865e-05,False,False,-0.08687308781884974,-23_to_-2,group_event__age__age_25_34__admissoes,age,age_pnad,age_25_34,Age 25–34,admissoes,ppml,-23_to_41,-1,2022-11,alternative,False,"admissoes ~ i(event_time, treatment, ref=-1) | cbo_4d + periodo",22049,341
26.0,"C(event_time, contr.treatment(base=-1))[4]:treatment",4,-0.15492132922129886,0.04633820749557302,-0.24606699554420894,-0.06377566289838879,0.0009202270577748362,False,False,-0.08687308781884974,-23_to_-2,group_event__age__age_25_34__admissoes,age,age_pnad,age_25_34,Age 25–34,admissoes,ppml,-23_to_41,-1,2022-11,alternative,False,"admissoes ~ i(event_time, treatment, ref=-1) | cbo_4d + periodo",22049,341
27.0,"C(event_time, contr.treatment(base=-1))[5]:treatment",5,-0.1987875511098889,0.04681595943618611,-0.2908729391293796,-0.10670216309039823,2.809885405152812e-05,False,False,-0.08687308781884974,-23_to_-2,group_event__age__age_25_34__admissoes,age,age_pnad,age_25_34,Age 25–34,admissoes,ppml,-23_to_41,-1,2022-11,alternative,False,"admissoes ~ i(event_time, treatment, ref=-1) | cbo_4d + periodo",22049,341
28.0,"C(event_time, contr.treatment(base=-1))[6]:treatment",6,-0.16537717395633345,0.04709451813171098,-0.25801047738485416,-0.07274387052781275,0.000505507010062578,False,False,-0.08687308781884974,-23_to_-2,group_event__age__age_25_34__admissoes,age,age_pnad,age_25_34,Age 25–34,admissoes,ppml,-23_to_41,-1,2022-11,alternative,False,"admissoes ~ i(event_time, treatment, ref=-1) | cbo_4d + periodo",22049,341
29.0,"C(event_time, contr.treatment(base=-1))[7]:treatment",7,-0.15732228902532983,0.045096071603114615,-0.24602471661069186,-0.0686198614399678,0.0005493932911206922,False,False,-0.08687308781884974,-23_to_-2,group_event__age__age_25_34__admissoes,age,age_pnad,age_25_34,Age 25–34,admissoes,ppml,-23_to_41,-1,2022-11,alternative,False,"admissoes ~ i(event_time, treatment, ref=-1) | cbo_4d + periodo",22049,341
30.0,"C(event_time, contr.treatment(base=-1))[8]:treatment",8,-0.16639179232953902,0.04245759237949753,-0.24990442169193983,-0.08287916296713822,0.00010751867190084141,False,False,-0.08687308781884974,-23_to_-2,group_event__age__age_25_34__admissoes,age,age_pnad,age_25_34,Age 25–34,admissoes,ppml,-23_to_41,-1,2022-11,alternative,False,"admissoes ~ i(event_time, treatment, ref=-1) | cbo_4d + periodo",22049,341
31.0,"C(event_time, contr.treatment(base=-1))[9]:treatment",9,-0.16787035282588017,0.0391970416789045,-0.24496959068595375,-0.0907711149658066,2.4053039462179626e-05,False,False,-0.08687308781884974,-23_to_-2,group_event__age__age_25_34__admissoes,age,age_pnad,age_25_34,Age 25–34,admissoes,ppml,-23_to_41,-1,2022-11,alternative,False,"admissoes ~ i(event_time, treatment, ref=-1) | cbo_4d + periodo",22049,341
32.0,"C(event_time, contr.treatment(base=-1))[10]:treatment",10,-0.1260804964617171,0.034541264324889374,-0.19402197980089417,-0.05813901312254002,0.000303290876107587,False,False,-0.08687308781884974,-23_to_-2,group_event__age__age_25_34__admissoes,age,age_pnad,age_25_34,Age 25–34,admissoes,ppml,-23_to_41,-1,2022-11,alternative,False,"admissoes ~ i(event_time, treatment, ref=-1) | cbo_4d + periodo",22049,341
33.0,"C(event_time, contr.treatment(base=-1))[11]:treatment",11,-0.05076239293459643,0.016593837370216375,-0.08340190243886182,-0.01812288343033104,0.0023962702073756503,False,False,-0.08687308781884974,-23_to_-2,group_event__age__age_25_34__admissoes,age,age_pnad,age_25_34,Age 25–34,admissoes,ppml,-23_to_41,-1,2022-11,alternative,False,"admissoes ~ i(event_time, treatment, ref=-1) | cbo_4d + periodo",22049,341
34.0,"C(event_time, contr.treatment(base=-1))[12]:treatment",12,0.008953316339347487,0.0358719758234427,-0.06160563091944256,0.07951226359813753,0.8030545113836143,False,False,-0.08687308781884974,-23_to_-2,group_event__age__age_25_34__admissoes,age,age_pnad,age_25_34,Age 25–34,admissoes,ppml,-23_to_41,-1,2022-11,alternative,False,"admissoes ~ i(event_time, treatment, ref=-1) | cbo_4d + periodo",22049,341
35.0,"C(event_time, contr.treatment(base=-1))[13]:treatment",13,-0.19358198423888756,0.058844759567360294,-0.3093276099386062,-0.07783635853916891,0.001107940473398461,False,False,-0.08687308781884974,-23_to_-2,group_event__age__age_25_34__admissoes,age,age_pnad,age_25_34,Age 25–34,admissoes,ppml,-23_to_41,-1,2022-11,alternative,False,"admissoes ~ i(event_time, treatment, ref=-1) | cbo_4d + periodo",22049,341
36.0,"C(event_time, contr.treatment(base=-1))[14]:treatment",14,-0.23031597457299932,0.05153773476717215,-0.3316889328726075,-0.12894301627339116,1.0723604761952998e-05,False,False,-0.08687308781884974,-23_to_-2,group_event__age__age_25_34__admissoes,age,age_pnad,age_25_34,Age 25–34,admissoes,ppml,-23_to_41,-1,2022-11,alternative,False,"admissoes ~ i(event_time, treatment, ref=-1) | cbo_4d + periodo",22049,341
37.0,"C(event_time, contr.treatment(base=-1))[15]:treatment",15,-0.16832809187508105,0.04457261060335206,-0.25600088961077805,-0.08065529413938408,0.00018769576133981225,False,False,-0.08687308781884974,-23_to_-2,group_event__age__age_25_34__admissoes,age,age_pnad,age_25_34,Age 25–34,admissoes,ppml,-23_to_41,-1,2022-11,alternative,False,"admissoes ~ i(event_time, treatment, ref=-1) | cbo_4d + periodo",22049,341
38.0,"C(event_time, contr.treatment(base=-1))[16]:treatment",16,-0.17408871068524062,0.047820907775803195,-0.268150797653288,-0.08002662371719325,0.0003145119760574744,False,False,-0.08687308781884974,-23_to_-2,group_event__age__age_25_34__admissoes,age,age_pnad,age_25_34,Age 25–34,admissoes,ppml,-23_to_41,-1,2022-11,alternative,False,"admissoes ~ i(event_time, treatment, ref=-1) | cbo_4d + periodo",22049,341
39.0,"C(event_time, contr.treatment(base=-1))[17]:treatment",17,-0.18412280462825878,0.041900220960158975,-0.2665391035076599,-0.10170650574885763,1.4870274184231036e-05,False,False,-0.08687308781884974,-23_to_-2,group_event__age__age_25_34__admissoes,age,age_pnad,age_25_34,Age 25–34,admissoes,ppml,-23_to_41,-1,2022-11,alternative,False,"admissoes ~ i(event_time, treatment, ref=-1) | cbo_4d + periodo",22049,341
40.0,"C(event_time, contr.treatment(base=-1))[18]:treatment",18,-0.19020488548759512,0.04228646039520772,-0.27338090410089116,-0.10702886687429909,9.426556054847879e-06,False,False,-0.08687308781884974,-23_to_-2,group_event__age__age_25_34__admissoes,age,age_pnad,age_25_34,Age 25–34,admissoes,ppml,-23_to_41,-1,2022-11,alternative,False,"admissoes ~ i(event_time, treatment, ref=-1) | cbo_4d + periodo",22049,341
41.0,"C(event_time, contr.treatment(base=-1))[19]:treatment",19,-0.1668806986094449,0.04804448528812782,-0.2613825548831477,-0.07237884233574209,0.0005802048985636965,False,False,-0.08687308781884974,-23_to_-2,group_event__age__age_25_34__admissoes,age,age_pnad,age_25_34,Age 25–34,admissoes,ppml,-23_to_41,-1,2022-11,alternative,False,"admissoes ~ i(event_time, treatment, ref=-1) | cbo_4d + periodo",22049,341
42.0,"C(event_time, contr.treatment(base=-1))[20]:treatment",20,-0.17209510688358812,0.044549407710428604,-0.2597222653239729,-0.08446794844320334,0.0001340975760406593,False,False,-0.08687308781884974,-23_to_-2,group_event__age__age_25_34__admissoes,age,age_pnad,age_25_34,Age 25–34,admissoes,ppml,-23_to_41,-1,2022-11,alternative,False,"admissoes ~ i(event_time, treatment, ref=-1) | cbo_4d + periodo",22049,341
43.0,"C(event_time, contr.treatment(base=-1))[21]:treatment",21,-0.13987620239862053,0.04939887935205525,-0.2370421053865225,-0.04271029941071855,0.004907893137408026,False,False,-0.08687308781884974,-23_to_-2,group_event__age__age_25_34__admissoes,age,age_pnad,age_25_34,Age 25–34,admissoes,ppml,-23_to_41,-1,2022-11,alternative,False,"admissoes ~ i(event_time, treatment, ref=-1) | cbo_4d + periodo",22049,341
44.0,"C(event_time, contr.treatment(base=-1))[22]:treatment",22,-0.146426497394064,0.03722684358186433,-0.21965042310789168,-0.07320257168023629,0.00010156017212770152,False,False,-0.08687308781884974,-23_to_-2,group_event__age__age_25_34__admissoes,age,age_pnad,age_25_34,Age 25–34,admissoes,ppml,-23_to_41,-1,2022-11,alternative,False,"admissoes ~ i(event_time, treatment, ref=-1) | cbo_4d + periodo",22049,341
45.0,"C(event_time, contr.treatment(base=-1))[23]:treatment",23,-0.05375207018058364,0.02776721199059128,-0.10836922469726902,0.0008650843361017457,0.0537195876856158,False,False,-0.08687308781884974,-23_to_-2,group_event__age__age_25_34__admissoes,age,age_pnad,age_25_34,Age 25–34,admissoes,ppml,-23_to_41,-1,2022-11,alternative,False,"admissoes ~ i(event_time, treatment, ref=-1) | cbo_4d + periodo",22049,341
46.0,"C(event_time, contr.treatment(base=-1))[24]:treatment",24,0.002603592631935497,0.04898823102243332,-0.09375457916283915,0.09896176442671013,0.9576457507319209,False,True,-0.08687308781884974,-23_to_-2,group_event__age__age_25_34__admissoes,age,age_pnad,age_25_34,Age 25–34,admissoes,ppml,-23_to_41,-1,2022-11,alternative,False,"admissoes ~ i(event_time, treatment, ref=-1) | cbo_4d + periodo",22049,341
47.0,"C(event_time, contr.treatment(base=-1))[25]:treatment",25,-0.2359274490979961,0.051382611031475726,-0.33699528432494547,-0.13485961387104672,6.201779088055304e-06,False,True,-0.08687308781884974,-23_to_-2,group_event__age__age_25_34__admissoes,age,age_pnad,age_25_34,Age 25–34,admissoes,ppml,-23_to_41,-1,2022-11,alternative,False,"admissoes ~ i(event_time, treatment, ref=-1) | cbo_4d + periodo",22049,341
48.0,"C(event_time, contr.treatment(base=-1))[26]:treatment",26,-0.22773114991755278,0.04898423165514994,-0.32408145509392294,-0.13138084474118258,4.77865250525511e-06,False,True,-0.08687308781884974,-23_to_-2,group_event__age__age_25_34__admissoes,age,age_pnad,age_25_34,Age 25–34,admissoes,ppml,-23_to_41,-1,2022-11,alternative,False,"admissoes ~ i(event_time, treatment, ref=-1) | cbo_4d + periodo",22049,341
49.0,"C(event_time, contr.treatment(base=-1))[27]:treatment",27,-0.1855007492552755,0.040980928813759455,-0.26610883198309143,-0.10489266652745956,8.303863582082016e-06,False,True,-0.08687308781884974,-23_to_-2,group_event__age__age_25_34__admissoes,age,age_pnad,age_25_34,Age 25–34,admissoes,ppml,-23_to_41,-1,2022-11,alternative,False,"admissoes ~ i(event_time, treatment, ref=-1) | cbo_4d + periodo",22049,341
50.0,"C(event_time, contr.treatment(base=-1))[28]:treatment",28,-0.1662448831899401,0.04057373645583685,-0.24605203250253926,-0.08643773387734095,5.2296564294174175e-05,False,True,-0.08687308781884974,-23_to_-2,group_event__age__age_25_34__admissoes,age,age_pnad,age_25_34,Age 25–34,admissoes,ppml,-23_to_41,-1,2022-11,alternative,False,"admissoes ~ i(event_time, treatment, ref=-1) | cbo_4d + periodo",22049,341
51.0,"C(event_time, contr.treatment(base=-1))[29]:treatment",29,-0.19549526129112477,0.0332847161731203,-0.2609651574725389,-0.13002536510971063,1.0166321118276755e-08,False,True,-0.08687308781884974,-23_to_-2,group_event__age__age_25_34__admissoes,age,age_pnad,age_25_34,Age 25–34,admissoes,ppml,-23_to_41,-1,2022-11,alternative,False,"admissoes ~ i(event_time, treatment, ref=-1) | cbo_4d + periodo",22049,341
52.0,"C(event_time, contr.treatment(base=-1))[30]:treatment",30,-0.15716647362736338,0.04104988754085888,-0.2379101958084503,-0.07642275144627647,0.00015335989659481797,False,True,-0.08687308781884974,-23_to_-2,group_event__age__age_25_34__admissoes,age,age_pnad,age_25_34,Age 25–34,admissoes,ppml,-23_to_41,-1,2022-11,alternative,False,"admissoes ~ i(event_time, treatment, ref=-1) | cbo_4d + periodo",22049,341
53.0,"C(event_time, contr.treatment(base=-1))[31]:treatment",31,-0.17163666377703357,0.04328715325426827,-0.2567810109544495,-0.08649231659961763,8.94803199860128e-05,False,True,-0.08687308781884974,-23_to_-2,group_event__age__age_25_34__admissoes,age,age_pnad,age_25_34,Age 25–34,admissoes,ppml,-23_to_41,-1,2022-11,alternative,False,"admissoes ~ i(event_time, treatment, ref=-1) | cbo_4d + periodo",22049,341
54.0,"C(event_time, contr.treatment(base=-1))[32]:treatment",32,-0.16787556974759935,0.03922523221712114,-0.2450302574303706,-0.0907208820648281,2.4356949531290084e-05,False,True,-0.08687308781884974,-23_to_-2,group_event__age__age_25_34__admissoes,age,age_pnad,age_25_34,Age 25–34,admissoes,ppml,-23_to_41,-1,2022-11,alternative,False,"admissoes ~ i(event_time, treatment, ref=-1) | cbo_4d + periodo",22049,341
55.0,"C(event_time, contr.treatment(base=-1))[33]:treatment",33,-0.17299197403363092,0.0407063311048569,-0.2530599324773761,-0.09292401558988574,2.767275638571043e-05,False,True,-0.08687308781884974,-23_to_-2,group_event__age__age_25_34__admissoes,age,age_pnad,age_25_34,Age 25–34,admissoes,ppml,-23_to_41,-1,2022-11,alternative,False,"admissoes ~ i(event_time, treatment, ref=-1) | cbo_4d + periodo",22049,341
56.0,"C(event_time, contr.treatment(base=-1))[34]:treatment",34,-0.14118960362162894,0.028405797407993115,-0.1970628337726328,-0.08531637347062507,1.0609720488830021e-06,False,True,-0.08687308781884974,-23_to_-2,group_event__age__age_25_34__admissoes,age,age_pnad,age_25_34,Age 25–34,admissoes,ppml,-23_to_41,-1,2022-11,alternative,False,"admissoes ~ i(event_time, treatment, ref=-1) | cbo_4d + periodo",22049,341
57.0,"C(event_time, contr.treatment(base=-1))[35]:treatment",35,-0.05318564342583126,0.025589050965376895,-0.10351842984259121,-0.0028528570090712926,0.038417258500222706,False,True,-0.08687308781884974,-23_to_-2,group_event__age__age_25_34__admissoes,age,age_pnad,age_25_34,Age 25–34,admissoes,ppml,-23_to_41,-1,2022-11,alternative,False,"admissoes ~ i(event_time, treatment, ref=-1) | cbo_4d + periodo",22049,341
58.0,"C(event_time, contr.treatment(base=-1))[36]:treatment",36,0.013154112797446901,0.05354261491339442,-0.09216237605073634,0.11847060164563013,0.8060816115551248,False,True,-0.08687308781884974,-23_to_-2,group_event__age__age_25_34__admissoes,age,age_pnad,age_25_34,Age 25–34,admissoes,ppml,-23_to_41,-1,2022-11,alternative,False,"admissoes ~ i(event_time, treatment, ref=-1) | cbo_4d + periodo",22049,341
59.0,"C(event_time, contr.treatment(base=-1))[37]:treatment",37,-0.24209221022785854,0.04395569275495563,-0.32855155169501166,-0.15563286876070542,7.185686401456337e-08,False,True,-0.08687308781884974,-23_to_-2,group_event__age__age_25_34__admissoes,age,age_pnad,age_25_34,Age 25–34,admissoes,ppml,-23_to_41,-1,2022-11,alternative,False,"admissoes ~ i(event_time, treatment, ref=-1) | cbo_4d + periodo",22049,341
60.0,"C(event_time, contr.treatment(base=-1))[38]:treatment",38,-0.2625617740606268,0.04639072943278843,-0.3538107492343276,-0.17131279888692602,3.2234824809407314e-08,False,True,-0.08687308781884974,-23_to_-2,group_event__age__age_25_34__admissoes,age,age_pnad,age_25_34,Age 25–34,admissoes,ppml,-23_to_41,-1,2022-11,alternative,False,"admissoes ~ i(event_time, treatment, ref=-1) | cbo_4d + periodo",22049,341
61.0,"C(event_time, contr.treatment(base=-1))[39]:treatment",39,-0.19266262439888907,0.04491474980418149,-0.2810083982189062,-0.10431685057887193,2.3366299464644413e-05,False,True,-0.08687308781884974,-23_to_-2,group_event__age__age_25_34__admissoes,age,age_pnad,age_25_34,Age 25–34,admissoes,ppml,-23_to_41,-1,2022-11,alternative,False,"admissoes ~ i(event_time, treatment, ref=-1) | cbo_4d + periodo",22049,341
62.0,"C(event_time, contr.treatment(base=-1))[40]:treatment",40,-0.16924374533873193,0.040030254704598936,-0.2479818846695433,-0.09050560600792057,3.0353159041540678e-05,False,True,-0.08687308781884974,-23_to_-2,group_event__age__age_25_34__admissoes,age,age_pnad,age_25_34,Age 25–34,admissoes,ppml,-23_to_41,-1,2022-11,alternative,False,"admissoes ~ i(event_time, treatment, ref=-1) | cbo_4d + periodo",22049,341
63.0,"C(event_time, contr.treatment(base=-1))[41]:treatment",41,-0.19728960190743744,0.04109923581297223,-0.27813039044880783,-0.11644881336606705,2.377145707610495e-06,False,True,-0.08687308781884974,-23_to_-2,group_event__age__age_25_34__admissoes,age,age_pnad,age_25_34,Age 25–34,admissoes,ppml,-23_to_41,-1,2022-11,alternative,False,"admissoes ~ i(event_time, treatment, ref=-1) | cbo_4d + periodo",22049,341
0.0,"C(event_time, contr.treatment(base=-1))[-23]:treatment",-23,-0.009255733257015033,0.020584359232728208,-0.04974446252597524,0.031232996011945176,0.6532501838658811,False,False,0.023138031926055083,-23_to_-2,group_event__age__age_25_34__ln_salario_real_adm,age,age_pnad,age_25_34,Age 25–34,ln_salario_real_adm,ols,-23_to_41,-1,2022-11,alternative,False,"ln_salario_real_adm ~ i(event_time, treatment, ref=-1) | cbo_4d + periodo",21889,341
1.0,"C(event_time, contr.treatment(base=-1))[-22]:treatment",-22,0.009977558668066029,0.034499237802573,-0.0578812599417918,0.07783637727792386,0.7725961893745239,False,False,0.023138031926055083,-23_to_-2,group_event__age__age_25_34__ln_salario_real_adm,age,age_pnad,age_25_34,Age 25–34,ln_salario_real_adm,ols,-23_to_41,-1,2022-11,alternative,False,"ln_salario_real_adm ~ i(event_time, treatment, ref=-1) | cbo_4d + periodo",21889,341
2.0,"C(event_time, contr.treatment(base=-1))[-21]:treatment",-21,0.03253296340801672,0.018016025104259027,-0.00290394063655261,0.06796986745258606,0.0718371445534467,False,False,0.023138031926055083,-23_to_-2,group_event__age__age_25_34__ln_salario_real_adm,age,age_pnad,age_25_34,Age 25–34,ln_salario_real_adm,ols,-23_to_41,-1,2022-11,alternative,False,"ln_salario_real_adm ~ i(event_time, treatment, ref=-1) | cbo_4d + periodo",21889,341
3.0,"C(event_time, contr.treatment(base=-1))[-20]:treatment",-20,0.03337145914147403,0.022953952327314557,-0.011778178548272046,0.0785210968312201,0.14691206903879594,False,False,0.023138031926055083,-23_to_-2,group_event__age__age_25_34__ln_salario_real_adm,age,age_pnad,age_25_34,Age 25–34,ln_salario_real_adm,ols,-23_to_41,-1,2022-11,alternative,False,"ln_salario_real_adm ~ i(event_time, treatment, ref=-1) | cbo_4d + periodo",21889,341
4.0,"C(event_time, contr.treatment(base=-1))[-19]:treatment",-19,0.08368432725925407,0.04230111541011311,0.00047948273380657436,0.16688917178470156,0.048701640134811486,False,False,0.023138031926055083,-23_to_-2,group_event__age__age_25_34__ln_salario_real_adm,age,age_pnad,age_25_34,Age 25–34,ln_salario_real_adm,ols,-23_to_41,-1,2022-11,alternative,False,"ln_salario_real_adm ~ i(event_time, treatment, ref=-1) | cbo_4d + periodo",21889,341
5.0,"C(event_time, contr.treatment(base=-1))[-18]:treatment",-18,0.058188454167472,0.022903096510825862,0.013138848126138317,0.10323806020880569,0.011509218274159405,False,False,0.023138031926055083,-23_to_-2,group_event__age__age_25_34__ln_salario_real_adm,age,age_pnad,age_25_34,Age 25–34,ln_salario_real_adm,ols,-23_to_41,-1,2022-11,alternative,False,"ln_salario_real_adm ~ i(event_time, treatment, ref=-1) | cbo_4d + periodo",21889,341
6.0,"C(event_time, contr.treatment(base=-1))[-17]:treatment",-17,0.03749856736891296,0.024057342388719493,-0.009821400762951266,0.08481853550077718,0.11999388151286605,False,False,0.023138031926055083,-23_to_-2,group_event__age__age_25_34__ln_salario_real_adm,age,age_pnad,age_25_34,Age 25–34,ln_salario_real_adm,ols,-23_to_41,-1,2022-11,alternative,False,"ln_salario_real_adm ~ i(event_time, treatment, ref=-1) | cbo_4d + periodo",21889,341
7.0,"C(event_time, contr.treatment(base=-1))[-16]:treatment",-16,0.02265585617259912,0.023554097179993252,-0.023674245877855996,0.06898595822305424,0.33680109710201656,False,False,0.023138031926055083,-23_to_-2,group_event__age__age_25_34__ln_salario_real_adm,age,age_pnad,age_25_34,Age 25–34,ln_salario_real_adm,ols,-23_to_41,-1,2022-11,alternative,False,"ln_salario_real_adm ~ i(event_time, treatment, ref=-1) | cbo_4d + periodo",21889,341
8.0,"C(event_time, contr.treatment(base=-1))[-15]:treatment",-15,0.045623846227452795,0.021557483518206588,0.003221014833946524,0.08802667762095906,0.035038668802972905,False,False,0.023138031926055083,-23_to_-2,group_event__age__age_25_34__ln_salario_real_adm,age,age_pnad,age_25_34,Age 25–34,ln_salario_real_adm,ols,-23_to_41,-1,2022-11,alternative,False,"ln_salario_real_adm ~ i(event_time, treatment, ref=-1) | cbo_4d + periodo",21889,341
9.0,"C(event_time, contr.treatment(base=-1))[-14]:treatment",-14,0.026642451871754454,0.01632372384395711,-0.005465753582044947,0.05875065732555386,0.10357772626860817,False,False,0.023138031926055083,-23_to_-2,group_event__age__age_25_34__ln_salario_real_adm,age,age_pnad,age_25_34,Age 25–34,ln_salario_real_adm,ols,-23_to_41,-1,2022-11,alternative,False,"ln_salario_real_adm ~ i(event_time, treatment, ref=-1) | cbo_4d + periodo",21889,341
10.0,"C(event_time, contr.treatment(base=-1))[-13]:treatment",-13,0.010889198289994146,0.018865260162593406,-0.026218122014506202,0.0479965185944945,0.564180262567961,False,False,0.023138031926055083,-23_to_-2,group_event__age__age_25_34__ln_salario_real_adm,age,age_pnad,age_25_34,Age 25–34,ln_salario_real_adm,ols,-23_to_41,-1,2022-11,alternative,False,"ln_salario_real_adm ~ i(event_time, treatment, ref=-1) | cbo_4d + periodo",21889,341
11.0,"C(event_time, contr.treatment(base=-1))[-12]:treatment",-12,0.049388377326900004,0.020735788032264887,0.008601792798096877,0.09017496185570313,0.01777814217398621,False,False,0.023138031926055083,-23_to_-2,group_event__age__age_25_34__ln_salario_real_adm,age,age_pnad,age_25_34,Age 25–34,ln_salario_real_adm,ols,-23_to_41,-1,2022-11,alternative,False,"ln_salario_real_adm ~ i(event_time, treatment, ref=-1) | cbo_4d + periodo",21889,341
12.0,"C(event_time, contr.treatment(base=-1))[-11]:treatment",-11,0.03665001990589493,0.021567906268353466,-0.005773312680005228,0.07907335249179509,0.09018016989563016,False,False,0.023138031926055083,-23_to_-2,group_event__age__age_25_34__ln_salario_real_adm,age,age_pnad,age_25_34,Age 25–34,ln_salario_real_adm,ols,-23_to_41,-1,2022-11,alternative,False,"ln_salario_real_adm ~ i(event_time, treatment, ref=-1) | cbo_4d + periodo",21889,341
13.0,"C(event_time, contr.treatment(base=-1))[-10]:treatment",-10,-0.005353403253203025,0.021038936319955133,-0.0467362700762407,0.03602946356983464,0.7993000663580294,False,False,0.023138031926055083,-23_to_-2,group_event__age__age_25_34__ln_salario_real_adm,age,age_pnad,age_25_34,Age 25–34,ln_salario_real_adm,ols,-23_to_41,-1,2022-11,alternative,False,"ln_salario_real_adm ~ i(event_time, treatment, ref=-1) | cbo_4d + periodo",21889,341
14.0,"C(event_time, contr.treatment(base=-1))[-9]:treatment",-9,0.01900596876984814,0.018238114418387193,-0.016867777345518677,0.05487971488521496,0.2981049789858532,False,False,0.023138031926055083,-23_to_-2,group_event__age__age_25_34__ln_salario_real_adm,age,age_pnad,age_25_34,Age 25–34,ln_salario_real_adm,ols,-23_to_41,-1,2022-11,alternative,False,"ln_salario_real_adm ~ i(event_time, treatment, ref=-1) | cbo_4d + periodo",21889,341
15.0,"C(event_time, contr.treatment(base=-1))[-8]:treatment",-8,0.02944778201528592,0.01907273307648912,-0.008067630401598944,0.06696319443217079,0.1235251251556504,False,False,0.023138031926055083,-23_to_-2,group_event__age__age_25_34__ln_salario_real_adm,age,age_pnad,age_25_34,Age 25–34,ln_salario_real_adm,ols,-23_to_41,-1,2022-11,alternative,False,"ln_salario_real_adm ~ i(event_time, treatment, ref=-1) | cbo_4d + periodo",21889,341
16.0,"C(event_time, contr.treatment(base=-1))[-7]:treatment",-7,0.05706488886465845,0.015858465247268246,0.0258718311280365,0.0882579466012804,0.00036775459957483214,False,False,0.023138031926055083,-23_to_-2,group_event__age__age_25_34__ln_salario_real_adm,age,age_pnad,age_25_34,Age 25–34,ln_salario_real_adm,ols,-23_to_41,-1,2022-11,alternative,False,"ln_salario_real_adm ~ i(event_time, treatment, ref=-1) | cbo_4d + periodo",21889,341
17.0,"C(event_time, contr.treatment(base=-1))[-6]:treatment",-6,-0.015187400331737126,0.027192990184295385,-0.06867508023167164,0.03830027956819739,0.5768677251227017,False,False,0.023138031926055083,-23_to_-2,group_event__age__age_25_34__ln_salario_real_adm,age,age_pnad,age_25_34,Age 25–34,ln_salario_real_adm,ols,-23_to_41,-1,2022-11,alternative,False,"ln_salario_real_adm ~ i(event_time, treatment, ref=-1) | cbo_4d + periodo",21889,341
18.0,"C(event_time, contr.treatment(base=-1))[-5]:treatment",-5,0.013784408476890905,0.024304634516488868,-0.0340219747966057,0.061590791750387515,0.5709855458924031,False,False,0.023138031926055083,-23_to_-2,group_event__age__age_25_34__ln_salario_real_adm,age,age_pnad,age_25_34,Age 25–34,ln_salario_real_adm,ols,-23_to_41,-1,2022-11,alternative,False,"ln_salario_real_adm ~ i(event_time, treatment, ref=-1) | cbo_4d + periodo",21889,341
19.0,"C(event_time, contr.treatment(base=-1))[-4]:treatment",-4,0.0037462510003576327,0.02323776494452094,-0.0419616363823356,0.04945413838305086,0.872020674243422,False,False,0.023138031926055083,-23_to_-2,group_event__age__age_25_34__ln_salario_real_adm,age,age_pnad,age_25_34,Age 25–34,ln_salario_real_adm,ols,-23_to_41,-1,2022-11,alternative,False,"ln_salario_real_adm ~ i(event_time, treatment, ref=-1) | cbo_4d + periodo",21889,341
20.0,"C(event_time, contr.treatment(base=-1))[-3]:treatment",-3,-0.02188442002657817,0.02244747764861623,-0.06603783937814077,0.022268999324984436,0.330294708871004,False,False,0.023138031926055083,-23_to_-2,group_event__age__age_25_34__ln_salario_real_adm,age,age_pnad,age_25_34,Age 25–34,ln_salario_real_adm,ols,-23_to_41,-1,2022-11,alternative,False,"ln_salario_real_adm ~ i(event_time, treatment, ref=-1) | cbo_4d + periodo",21889,341
21.0,"C(event_time, contr.treatment(base=-1))[-2]:treatment",-2,-0.009434719693087049,0.023308634452077065,-0.05528200496873495,0.036412565582560855,0.6858984761518019,False,False,0.023138031926055083,-23_to_-2,group_event__age__age_25_34__ln_salario_real_adm,age,age_pnad,age_25_34,Age 25–34,ln_salario_real_adm,ols,-23_to_41,-1,2022-11,alternative,False,"ln_salario_real_adm ~ i(event_time, treatment, ref=-1) | cbo_4d + periodo",21889,341
,reference_event_time,-1,0.0,0.0,0.0,0.0,,True,False,0.023138031926055083,-23_to_-2,group_event__age__age_25_34__ln_salario_real_adm,age,age_pnad,age_25_34,Age 25–34,ln_salario_real_adm,ols,-23_to_41,-1,2022-11,alternative,False,"ln_salario_real_adm ~ i(event_time, treatment, ref=-1) | cbo_4d + periodo",21889,341
22.0,"C(event_time, contr.treatment(base=-1))[0]:treatment",0,0.005931511732494509,0.020259164973974755,-0.0339175715725751,0.04578059503756412,0.7698676543591039,False,False,0.023138031926055083,-23_to_-2,group_event__age__age_25_34__ln_salario_real_adm,age,age_pnad,age_25_34,Age 25–34,ln_salario_real_adm,ols,-23_to_41,-1,2022-11,alternative,False,"ln_salario_real_adm ~ i(event_time, treatment, ref=-1) | cbo_4d + periodo",21889,341
23.0,"C(event_time, contr.treatment(base=-1))[1]:treatment",1,-0.03165764313292529,0.01872968339457691,-0.06849828858039861,0.0051830023145480394,0.09189876977715672,False,False,0.023138031926055083,-23_to_-2,group_event__age__age_25_34__ln_salario_real_adm,age,age_pnad,age_25_34,Age 25–34,ln_salario_real_adm,ols,-23_to_41,-1,2022-11,alternative,False,"ln_salario_real_adm ~ i(event_time, treatment, ref=-1) | cbo_4d + periodo",21889,341
24.0,"C(event_time, contr.treatment(base=-1))[2]:treatment",2,-0.039466770023195076,0.027395836023016776,-0.09335344073719717,0.014419900690807015,0.15061455749014896,False,False,0.023138031926055083,-23_to_-2,group_event__age__age_25_34__ln_salario_real_adm,age,age_pnad,age_25_34,Age 25–34,ln_salario_real_adm,ols,-23_to_41,-1,2022-11,alternative,False,"ln_salario_real_adm ~ i(event_time, treatment, ref=-1) | cbo_4d + periodo",21889,341
25.0,"C(event_time, contr.treatment(base=-1))[3]:treatment",3,-0.04688799268130408,0.021238198877429393,-0.0886628021269806,-0.0051131832356275456,0.027931044691667406,False,False,0.023138031926055083,-23_to_-2,group_event__age__age_25_34__ln_salario_real_adm,age,age_pnad,age_25_34,Age 25–34,ln_salario_real_adm,ols,-23_to_41,-1,2022-11,alternative,False,"ln_salario_real_adm ~ i(event_time, treatment, ref=-1) | cbo_4d + periodo",21889,341
26.0,"C(event_time, contr.treatment(base=-1))[4]:treatment",4,-0.007418359619887439,0.02649116506321928,-0.05952557355534222,0.04468885431556734,0.7796236617495897,False,False,0.023138031926055083,-23_to_-2,group_event__age__age_25_34__ln_salario_real_adm,age,age_pnad,age_25_34,Age 25–34,ln_salario_real_adm,ols,-23_to_41,-1,2022-11,alternative,False,"ln_salario_real_adm ~ i(event_time, treatment, ref=-1) | cbo_4d + periodo",21889,341
27.0,"C(event_time, contr.treatment(base=-1))[5]:treatment",5,-0.04415177229522972,0.023394110945889682,-0.09016718690527714,0.0018636423148176914,0.059971189259429014,False,False,0.023138031926055083,-23_to_-2,group_event__age__age_25_34__ln_salario_real_adm,age,age_pnad,age_25_34,Age 25–34,ln_salario_real_adm,ols,-23_to_41,-1,2022-11,alternative,False,"ln_salario_real_adm ~ i(event_time, treatment, ref=-1) | cbo_4d + periodo",21889,341
28.0,"C(event_time, contr.treatment(base=-1))[6]:treatment",6,0.001631760338379001,0.025372892225322425,-0.04827584924356991,0.05153936992032791,0.9487602548241734,False,False,0.023138031926055083,-23_to_-2,group_event__age__age_25_34__ln_salario_real_adm,age,age_pnad,age_25_34,Age 25–34,ln_salario_real_adm,ols,-23_to_41,-1,2022-11,alternative,False,"ln_salario_real_adm ~ i(event_time, treatment, ref=-1) | cbo_4d + periodo",21889,341
29.0,"C(event_time, contr.treatment(base=-1))[7]:treatment",7,-0.016362553626285692,0.02262895205451315,-0.06087292691586174,0.028147819663290358,0.4701275573009789,False,False,0.023138031926055083,-23_to_-2,group_event__age__age_25_34__ln_salario_real_adm,age,age_pnad,age_25_34,Age 25–34,ln_salario_real_adm,ols,-23_to_41,-1,2022-11,alternative,False,"ln_salario_real_adm ~ i(event_time, treatment, ref=-1) | cbo_4d + periodo",21889,341
30.0,"C(event_time, contr.treatment(base=-1))[8]:treatment",8,-0.023773177856708835,0.025621014977056263,-0.07416883638916615,0.026622480675748475,0.35412904271995815,False,False,0.023138031926055083,-23_to_-2,group_event__age__age_25_34__ln_salario_real_adm,age,age_pnad,age_25_34,Age 25–34,ln_salario_real_adm,ols,-23_to_41,-1,2022-11,alternative,False,"ln_salario_real_adm ~ i(event_time, treatment, ref=-1) | cbo_4d + periodo",21889,341
31.0,"C(event_time, contr.treatment(base=-1))[9]:treatment",9,-0.0209838014583493,0.022451136991260848,-0.06514441861150316,0.023176815694804558,0.35063554588502344,False,False,0.023138031926055083,-23_to_-2,group_event__age__age_25_34__ln_salario_real_adm,age,age_pnad,age_25_34,Age 25–34,ln_salario_real_adm,ols,-23_to_41,-1,2022-11,alternative,False,"ln_salario_real_adm ~ i(event_time, treatment, ref=-1) | cbo_4d + periodo",21889,341
32.0,"C(event_time, contr.treatment(base=-1))[10]:treatment",10,-0.04417813440323623,0.025341453585429653,-0.0940239052577897,0.00566763645131723,0.08218255904561977,False,False,0.023138031926055083,-23_to_-2,group_event__age__age_25_34__ln_salario_real_adm,age,age_pnad,age_25_34,Age 25–34,ln_salario_real_adm,ols,-23_to_41,-1,2022-11,alternative,False,"ln_salario_real_adm ~ i(event_time, treatment, ref=-1) | cbo_4d + periodo",21889,341
33.0,"C(event_time, contr.treatment(base=-1))[11]:treatment",11,-0.01940207654711991,0.023673007765471463,-0.06596607164463116,0.027161918550391337,0.41302604390804554,False,False,0.023138031926055083,-23_to_-2,group_event__age__age_25_34__ln_salario_real_adm,age,age_pnad,age_25_34,Age 25–34,ln_salario_real_adm,ols,-23_to_41,-1,2022-11,alternative,False,"ln_salario_real_adm ~ i(event_time, treatment, ref=-1) | cbo_4d + periodo",21889,341
34.0,"C(event_time, contr.treatment(base=-1))[12]:treatment",12,-0.013198056979755452,0.022207406397075642,-0.05687926440579779,0.03048315044628689,0.5527008370509479,False,False,0.023138031926055083,-23_to_-2,group_event__age__age_25_34__ln_salario_real_adm,age,age_pnad,age_25_34,Age 25–34,ln_salario_real_adm,ols,-23_to_41,-1,2022-11,alternative,False,"ln_salario_real_adm ~ i(event_time, treatment, ref=-1) | cbo_4d + periodo",21889,341
35.0,"C(event_time, contr.treatment(base=-1))[13]:treatment",13,-0.009502883786347744,0.021326797184146713,-0.05145196306543558,0.03244619549274008,0.6561812129794802,False,False,0.023138031926055083,-23_to_-2,group_event__age__age_25_34__ln_salario_real_adm,age,age_pnad,age_25_34,Age 25–34,ln_salario_real_adm,ols,-23_to_41,-1,2022-11,alternative,False,"ln_salario_real_adm ~ i(event_time, treatment, ref=-1) | cbo_4d + periodo",21889,341
36.0,"C(event_time, contr.treatment(base=-1))[14]:treatment",14,-0.0715502791131844,0.02046715110085065,-0.11180846400298483,-0.031292094223383964,0.000535175777842456,False,False,0.023138031926055083,-23_to_-2,group_event__age__age_25_34__ln_salario_real_adm,age,age_pnad,age_25_34,Age 25–34,ln_salario_real_adm,ols,-23_to_41,-1,2022-11,alternative,False,"ln_salario_real_adm ~ i(event_time, treatment, ref=-1) | cbo_4d + periodo",21889,341
37.0,"C(event_time, contr.treatment(base=-1))[15]:treatment",15,-0.029869258059954808,0.026774021686323535,-0.08253284128071586,0.02279432516080624,0.2653787053252368,False,False,0.023138031926055083,-23_to_-2,group_event__age__age_25_34__ln_salario_real_adm,age,age_pnad,age_25_34,Age 25–34,ln_salario_real_adm,ols,-23_to_41,-1,2022-11,alternative,False,"ln_salario_real_adm ~ i(event_time, treatment, ref=-1) | cbo_4d + periodo",21889,341
38.0,"C(event_time, contr.treatment(base=-1))[16]:treatment",16,-0.044699964687791534,0.02240055769636084,-0.08876109410102268,-0.0006388352745603926,0.04678763015005738,False,False,0.023138031926055083,-23_to_-2,group_event__age__age_25_34__ln_salario_real_adm,age,age_pnad,age_25_34,Age 25–34,ln_salario_real_adm,ols,-23_to_41,-1,2022-11,alternative,False,"ln_salario_real_adm ~ i(event_time, treatment, ref=-1) | cbo_4d + periodo",21889,341
39.0,"C(event_time, contr.treatment(base=-1))[17]:treatment",17,-0.0159545354001139,0.020318378753552212,-0.05592009018059828,0.02401101938037048,0.432867422866845,False,False,0.023138031926055083,-23_to_-2,group_event__age__age_25_34__ln_salario_real_adm,age,age_pnad,age_25_34,Age 25–34,ln_salario_real_adm,ols,-23_to_41,-1,2022-11,alternative,False,"ln_salario_real_adm ~ i(event_time, treatment, ref=-1) | cbo_4d + periodo",21889,341
40.0,"C(event_time, contr.treatment(base=-1))[18]:treatment",18,-0.020805415344434707,0.02364866053804121,-0.06732152027987057,0.025710689591001156,0.37960454432358426,False,False,0.023138031926055083,-23_to_-2,group_event__age__age_25_34__ln_salario_real_adm,age,age_pnad,age_25_34,Age 25–34,ln_salario_real_adm,ols,-23_to_41,-1,2022-11,alternative,False,"ln_salario_real_adm ~ i(event_time, treatment, ref=-1) | cbo_4d + periodo",21889,341
41.0,"C(event_time, contr.treatment(base=-1))[19]:treatment",19,-0.028734377922656745,0.026028633266049137,-0.07993180766215113,0.02246305181683764,0.2703943741793491,False,False,0.023138031926055083,-23_to_-2,group_event__age__age_25_34__ln_salario_real_adm,age,age_pnad,age_25_34,Age 25–34,ln_salario_real_adm,ols,-23_to_41,-1,2022-11,alternative,False,"ln_salario_real_adm ~ i(event_time, treatment, ref=-1) | cbo_4d + periodo",21889,341
42.0,"C(event_time, contr.treatment(base=-1))[20]:treatment",20,-0.006034124025816487,0.022548645585712113,-0.05038653724303519,0.03831828919140221,0.7891658567352895,False,False,0.023138031926055083,-23_to_-2,group_event__age__age_25_34__ln_salario_real_adm,age,age_pnad,age_25_34,Age 25–34,ln_salario_real_adm,ols,-23_to_41,-1,2022-11,alternative,False,"ln_salario_real_adm ~ i(event_time, treatment, ref=-1) | cbo_4d + periodo",21889,341
43.0,"C(event_time, contr.treatment(base=-1))[21]:treatment",21,0.0017369395428350712,0.02701083431027721,-0.05139244599464263,0.054866325080312764,0.9487649314775801,False,False,0.023138031926055083,-23_to_-2,group_event__age__age_25_34__ln_salario_real_adm,age,age_pnad,age_25_34,Age 25–34,ln_salario_real_adm,ols,-23_to_41,-1,2022-11,alternative,False,"ln_salario_real_adm ~ i(event_time, treatment, ref=-1) | cbo_4d + periodo",21889,341
44.0,"C(event_time, contr.treatment(base=-1))[22]:treatment",22,-0.020959349357267447,0.02251439461006327,-0.06524439207902574,0.023325693364490856,0.3525497454592301,False,False,0.023138031926055083,-23_to_-2,group_event__age__age_25_34__ln_salario_real_adm,age,age_pnad,age_25_34,Age 25–34,ln_salario_real_adm,ols,-23_to_41,-1,2022-11,alternative,False,"ln_salario_real_adm ~ i(event_time, treatment, ref=-1) | cbo_4d + periodo",21889,341
45.0,"C(event_time, contr.treatment(base=-1))[23]:treatment",23,-0.022382054689880772,0.020821956237039873,-0.06333812912484428,0.018574019745082732,0.28317024161698257,False,False,0.023138031926055083,-23_to_-2,group_event__age__age_25_34__ln_salario_real_adm,age,age_pnad,age_25_34,Age 25–34,ln_salario_real_adm,ols,-23_to_41,-1,2022-11,alternative,False,"ln_salario_real_adm ~ i(event_time, treatment, ref=-1) | cbo_4d + periodo",21889,341
46.0,"C(event_time, contr.treatment(base=-1))[24]:treatment",24,-0.015490188455269924,0.025783443444919472,-0.06620533821825478,0.035224961307714936,0.5483865111749509,False,True,0.023138031926055083,-23_to_-2,group_event__age__age_25_34__ln_salario_real_adm,age,age_pnad,age_25_34,Age 25–34,ln_salario_real_adm,ols,-23_to_41,-1,2022-11,alternative,False,"ln_salario_real_adm ~ i(event_time, treatment, ref=-1) | cbo_4d + periodo",21889,341
47.0,"C(event_time, contr.treatment(base=-1))[25]:treatment",25,-0.0412306483345523,0.019933979550120145,-0.0804401030536746,-0.002021193615429996,0.039361869132920946,False,True,0.023138031926055083,-23_to_-2,group_event__age__age_25_34__ln_salario_real_adm,age,age_pnad,age_25_34,Age 25–34,ln_salario_real_adm,ols,-23_to_41,-1,2022-11,alternative,False,"ln_salario_real_adm ~ i(event_time, treatment, ref=-1) | cbo_4d + periodo",21889,341
48.0,"C(event_time, contr.treatment(base=-1))[26]:treatment",26,-0.06543280515268572,0.023504437031378583,-0.11166522739246601,-0.01920038291290544,0.005672284491522017,False,True,0.023138031926055083,-23_to_-2,group_event__age__age_25_34__ln_salario_real_adm,age,age_pnad,age_25_34,Age 25–34,ln_salario_real_adm,ols,-23_to_41,-1,2022-11,alternative,False,"ln_salario_real_adm ~ i(event_time, treatment, ref=-1) | cbo_4d + periodo",21889,341
49.0,"C(event_time, contr.treatment(base=-1))[27]:treatment",27,-0.04365023159976727,0.02182751039399067,-0.08658419660522401,-0.0007162665943105315,0.046319164640113986,False,True,0.023138031926055083,-23_to_-2,group_event__age__age_25_34__ln_salario_real_adm,age,age_pnad,age_25_34,Age 25–34,ln_salario_real_adm,ols,-23_to_41,-1,2022-11,alternative,False,"ln_salario_real_adm ~ i(event_time, treatment, ref=-1) | cbo_4d + periodo",21889,341
50.0,"C(event_time, contr.treatment(base=-1))[28]:treatment",28,0.0018028376057789188,0.018340190786489925,-0.03427168922790625,0.037877364439464094,0.9217521401196183,False,True,0.023138031926055083,-23_to_-2,group_event__age__age_25_34__ln_salario_real_adm,age,age_pnad,age_25_34,Age 25–34,ln_salario_real_adm,ols,-23_to_41,-1,2022-11,alternative,False,"ln_salario_real_adm ~ i(event_time, treatment, ref=-1) | cbo_4d + periodo",21889,341
51.0,"C(event_time, contr.treatment(base=-1))[29]:treatment",29,-0.024882387294285824,0.018840379219071085,-0.061940767635445954,0.012175993046874306,0.18749146583751886,False,True,0.023138031926055083,-23_to_-2,group_event__age__age_25_34__ln_salario_real_adm,age,age_pnad,age_25_34,Age 25–34,ln_salario_real_adm,ols,-23_to_41,-1,2022-11,alternative,False,"ln_salario_real_adm ~ i(event_time, treatment, ref=-1) | cbo_4d + periodo",21889,341
52.0,"C(event_time, contr.treatment(base=-1))[30]:treatment",30,-0.0133141403627969,0.019305968873401382,-0.05128831960017119,0.024660038874577392,0.49089192865807085,False,True,0.023138031926055083,-23_to_-2,group_event__age__age_25_34__ln_salario_real_adm,age,age_pnad,age_25_34,Age 25–34,ln_salario_real_adm,ols,-23_to_41,-1,2022-11,alternative,False,"ln_salario_real_adm ~ i(event_time, treatment, ref=-1) | cbo_4d + periodo",21889,341
53.0,"C(event_time, contr.treatment(base=-1))[31]:treatment",31,-0.03414690079381663,0.02101659261885504,-0.07548581832241769,0.007192016734784423,0.10514049498030698,False,True,0.023138031926055083,-23_to_-2,group_event__age__age_25_34__ln_salario_real_adm,age,age_pnad,age_25_34,Age 25–34,ln_salario_real_adm,ols,-23_to_41,-1,2022-11,alternative,False,"ln_salario_real_adm ~ i(event_time, treatment, ref=-1) | cbo_4d + periodo",21889,341
54.0,"C(event_time, contr.treatment(base=-1))[32]:treatment",32,-0.011314734056021139,0.019384558578593888,-0.04944349655056126,0.02681402843851898,0.5598103177018241,False,True,0.023138031926055083,-23_to_-2,group_event__age__age_25_34__ln_salario_real_adm,age,age_pnad,age_25_34,Age 25–34,ln_salario_real_adm,ols,-23_to_41,-1,2022-11,alternative,False,"ln_salario_real_adm ~ i(event_time, treatment, ref=-1) | cbo_4d + periodo",21889,341
55.0,"C(event_time, contr.treatment(base=-1))[33]:treatment",33,-0.03165893787858452,0.026052031354315403,-0.08290239085594185,0.019584515098772806,0.22512554785928574,False,True,0.023138031926055083,-23_to_-2,group_event__age__age_25_34__ln_salario_real_adm,age,age_pnad,age_25_34,Age 25–34,ln_salario_real_adm,ols,-23_to_41,-1,2022-11,alternative,False,"ln_salario_real_adm ~ i(event_time, treatment, ref=-1) | cbo_4d + periodo",21889,341
56.0,"C(event_time, contr.treatment(base=-1))[34]:treatment",34,-0.006891304346118932,0.018091280192581816,-0.04247623257073505,0.028693623878497186,0.7035015788599253,False,True,0.023138031926055083,-23_to_-2,group_event__age__age_25_34__ln_salario_real_adm,age,age_pnad,age_25_34,Age 25–34,ln_salario_real_adm,ols,-23_to_41,-1,2022-11,alternative,False,"ln_salario_real_adm ~ i(event_time, treatment, ref=-1) | cbo_4d + periodo",21889,341
57.0,"C(event_time, contr.treatment(base=-1))[35]:treatment",35,0.019952221600158148,0.024716248877287388,-0.028663793016688203,0.0685682362170045,0.4200861280929784,False,True,0.023138031926055083,-23_to_-2,group_event__age__age_25_34__ln_salario_real_adm,age,age_pnad,age_25_34,Age 25–34,ln_salario_real_adm,ols,-23_to_41,-1,2022-11,alternative,False,"ln_salario_real_adm ~ i(event_time, treatment, ref=-1) | cbo_4d + periodo",21889,341
58.0,"C(event_time, contr.treatment(base=-1))[36]:treatment",36,-0.01321823379581405,0.01924430880252627,-0.051071129786615474,0.024634662194987375,0.49263627755606043,False,True,0.023138031926055083,-23_to_-2,group_event__age__age_25_34__ln_salario_real_adm,age,age_pnad,age_25_34,Age 25–34,ln_salario_real_adm,ols,-23_to_41,-1,2022-11,alternative,False,"ln_salario_real_adm ~ i(event_time, treatment, ref=-1) | cbo_4d + periodo",21889,341
59.0,"C(event_time, contr.treatment(base=-1))[37]:treatment",37,-0.059335685572002285,0.026341851255926366,-0.1111492043648855,-0.007522166779119072,0.024926406568738457,False,True,0.023138031926055083,-23_to_-2,group_event__age__age_25_34__ln_salario_real_adm,age,age_pnad,age_25_34,Age 25–34,ln_salario_real_adm,ols,-23_to_41,-1,2022-11,alternative,False,"ln_salario_real_adm ~ i(event_time, treatment, ref=-1) | cbo_4d + periodo",21889,341
60.0,"C(event_time, contr.treatment(base=-1))[38]:treatment",38,-0.07326284465391825,0.02687867085058299,-0.12613226919487872,-0.02039342011295777,0.006749002525318959,False,True,0.023138031926055083,-23_to_-2,group_event__age__age_25_34__ln_salario_real_adm,age,age_pnad,age_25_34,Age 25–34,ln_salario_real_adm,ols,-23_to_41,-1,2022-11,alternative,False,"ln_salario_real_adm ~ i(event_time, treatment, ref=-1) | cbo_4d + periodo",21889,341
61.0,"C(event_time, contr.treatment(base=-1))[39]:treatment",39,-0.019857007369711188,0.022320015425020063,-0.0637597128950693,0.02404569815564693,0.37428274391856453,False,True,0.023138031926055083,-23_to_-2,group_event__age__age_25_34__ln_salario_real_adm,age,age_pnad,age_25_34,Age 25–34,ln_salario_real_adm,ols,-23_to_41,-1,2022-11,alternative,False,"ln_salario_real_adm ~ i(event_time, treatment, ref=-1) | cbo_4d + periodo",21889,341
62.0,"C(event_time, contr.treatment(base=-1))[40]:treatment",40,-0.025792121898099447,0.021390348656659567,-0.06786620474597098,0.016281960949772082,0.2287395564755519,False,True,0.023138031926055083,-23_to_-2,group_event__age__age_25_34__ln_salario_real_adm,age,age_pnad,age_25_34,Age 25–34,ln_salario_real_adm,ols,-23_to_41,-1,2022-11,alternative,False,"ln_salario_real_adm ~ i(event_time, treatment, ref=-1) | cbo_4d + periodo",21889,341
63.0,"C(event_time, contr.treatment(base=-1))[41]:treatment",41,-0.04933638572756877,0.022340150734305394,-0.09327869671633643,-0.005394074738801116,0.027881936922056205,False,True,0.023138031926055083,-23_to_-2,group_event__age__age_25_34__ln_salario_real_adm,age,age_pnad,age_25_34,Age 25–34,ln_salario_real_adm,ols,-23_to_41,-1,2022-11,alternative,False,"ln_salario_real_adm ~ i(event_time, treatment, ref=-1) | cbo_4d + periodo",21889,341
0.0,"C(event_time, contr.treatment(base=-1))[-23]:treatment",-23,-0.1026815298093702,0.08170504867431955,-0.2633925608538516,0.05802950123511119,0.20971259709066992,False,False,-0.08428869882061649,-23_to_-2,group_event__age__age_35_44__admissoes,age,age_pnad,age_35_44,Age 35–44,admissoes,ppml,-23_to_41,-1,2022-11,alternative,False,"admissoes ~ i(event_time, treatment, ref=-1) | cbo_4d + periodo",22049,341
1.0,"C(event_time, contr.treatment(base=-1))[-22]:treatment",-22,-0.16705344121079038,0.07909370141545324,-0.3226280416772739,-0.011478840744306912,0.0354071922001582,False,False,-0.08428869882061649,-23_to_-2,group_event__age__age_35_44__admissoes,age,age_pnad,age_35_44,Age 35–44,admissoes,ppml,-23_to_41,-1,2022-11,alternative,False,"admissoes ~ i(event_time, treatment, ref=-1) | cbo_4d + periodo",22049,341
2.0,"C(event_time, contr.treatment(base=-1))[-21]:treatment",-21,-0.12777250002296167,0.07693964408369139,-0.27911014352860586,0.023565143482682488,0.097698618040583,False,False,-0.08428869882061649,-23_to_-2,group_event__age__age_35_44__admissoes,age,age_pnad,age_35_44,Age 35–44,admissoes,ppml,-23_to_41,-1,2022-11,alternative,False,"admissoes ~ i(event_time, treatment, ref=-1) | cbo_4d + periodo",22049,341
3.0,"C(event_time, contr.treatment(base=-1))[-20]:treatment",-20,-0.09611561187442709,0.08459252363879466,-0.26250620723207163,0.07027498348321744,0.2566652449579059,False,False,-0.08428869882061649,-23_to_-2,group_event__age__age_35_44__admissoes,age,age_pnad,age_35_44,Age 35–44,admissoes,ppml,-23_to_41,-1,2022-11,alternative,False,"admissoes ~ i(event_time, treatment, ref=-1) | cbo_4d + periodo",22049,341
4.0,"C(event_time, contr.treatment(base=-1))[-19]:treatment",-19,-0.12773101488738858,0.07407870127936253,-0.27344128192972866,0.017979252154951497,0.08556964923523847,False,False,-0.08428869882061649,-23_to_-2,group_event__age__age_35_44__admissoes,age,age_pnad,age_35_44,Age 35–44,admissoes,ppml,-23_to_41,-1,2022-11,alternative,False,"admissoes ~ i(event_time, treatment, ref=-1) | cbo_4d + periodo",22049,341
5.0,"C(event_time, contr.treatment(base=-1))[-18]:treatment",-18,-0.09283158315102523,0.06680348842621459,-0.22423175580301757,0.0385685895009671,0.16555301311572723,False,False,-0.08428869882061649,-23_to_-2,group_event__age__age_35_44__admissoes,age,age_pnad,age_35_44,Age 35–44,admissoes,ppml,-23_to_41,-1,2022-11,alternative,False,"admissoes ~ i(event_time, treatment, ref=-1) | cbo_4d + periodo",22049,341
6.0,"C(event_time, contr.treatment(base=-1))[-17]:treatment",-17,-0.09091177104775748,0.06380715991192908,-0.2164182681840756,0.034594726088560665,0.1551353074713644,False,False,-0.08428869882061649,-23_to_-2,group_event__age__age_35_44__admissoes,age,age_pnad,age_35_44,Age 35–44,admissoes,ppml,-23_to_41,-1,2022-11,alternative,False,"admissoes ~ i(event_time, treatment, ref=-1) | cbo_4d + periodo",22049,341
7.0,"C(event_time, contr.treatment(base=-1))[-16]:treatment",-16,-0.085691468640323,0.0637271140455644,-0.21104051830034637,0.039657581019700364,0.17963055492359503,False,False,-0.08428869882061649,-23_to_-2,group_event__age__age_35_44__admissoes,age,age_pnad,age_35_44,Age 35–44,admissoes,ppml,-23_to_41,-1,2022-11,alternative,False,"admissoes ~ i(event_time, treatment, ref=-1) | cbo_4d + periodo",22049,341
8.0,"C(event_time, contr.treatment(base=-1))[-15]:treatment",-15,-0.09395482029974012,0.06351311427063087,-0.2188829397353664,0.030973299135886173,0.13998659520314494,False,False,-0.08428869882061649,-23_to_-2,group_event__age__age_35_44__admissoes,age,age_pnad,age_35_44,Age 35–44,admissoes,ppml,-23_to_41,-1,2022-11,alternative,False,"admissoes ~ i(event_time, treatment, ref=-1) | cbo_4d + periodo",22049,341
9.0,"C(event_time, contr.treatment(base=-1))[-14]:treatment",-14,-0.030076197010706327,0.050016910439152615,-0.12845774596953075,0.0683053519481181,0.5480271898033271,False,False,-0.08428869882061649,-23_to_-2,group_event__age__age_35_44__admissoes,age,age_pnad,age_35_44,Age 35–44,admissoes,ppml,-23_to_41,-1,2022-11,alternative,False,"admissoes ~ i(event_time, treatment, ref=-1) | cbo_4d + periodo",22049,341
10.0,"C(event_time, contr.treatment(base=-1))[-13]:treatment",-13,0.03446560764125619,0.02382859286849747,-0.012404418022641965,0.08133563330515434,0.1489870768167647,False,False,-0.08428869882061649,-23_to_-2,group_event__age__age_35_44__admissoes,age,age_pnad,age_35_44,Age 35–44,admissoes,ppml,-23_to_41,-1,2022-11,alternative,False,"admissoes ~ i(event_time, treatment, ref=-1) | cbo_4d + periodo",22049,341
11.0,"C(event_time, contr.treatment(base=-1))[-12]:treatment",-12,0.09132103880913003,0.030088338513940546,0.032138307956530915,0.15050376966172915,0.0025899892311760375,False,False,-0.08428869882061649,-23_to_-2,group_event__age__age_35_44__admissoes,age,age_pnad,age_35_44,Age 35–44,admissoes,ppml,-23_to_41,-1,2022-11,alternative,False,"admissoes ~ i(event_time, treatment, ref=-1) | cbo_4d + periodo",22049,341
12.0,"C(event_time, contr.treatment(base=-1))[-11]:treatment",-11,-0.08340596000883195,0.0725450621222412,-0.22609961138065682,0.05928769136299293,0.2510703969249386,False,False,-0.08428869882061649,-23_to_-2,group_event__age__age_35_44__admissoes,age,age_pnad,age_35_44,Age 35–44,admissoes,ppml,-23_to_41,-1,2022-11,alternative,False,"admissoes ~ i(event_time, treatment, ref=-1) | cbo_4d + periodo",22049,341
13.0,"C(event_time, contr.treatment(base=-1))[-10]:treatment",-10,-0.13093491863194387,0.07842734498422226,-0.285198818831506,0.02332898156761823,0.09593755705492768,False,False,-0.08428869882061649,-23_to_-2,group_event__age__age_35_44__admissoes,age,age_pnad,age_35_44,Age 35–44,admissoes,ppml,-23_to_41,-1,2022-11,alternative,False,"admissoes ~ i(event_time, treatment, ref=-1) | cbo_4d + periodo",22049,341
14.0,"C(event_time, contr.treatment(base=-1))[-9]:treatment",-9,-0.10183442646821035,0.06829026815627873,-0.23615904390337733,0.032490190966956614,0.13683625270630007,False,False,-0.08428869882061649,-23_to_-2,group_event__age__age_35_44__admissoes,age,age_pnad,age_35_44,Age 35–44,admissoes,ppml,-23_to_41,-1,2022-11,alternative,False,"admissoes ~ i(event_time, treatment, ref=-1) | cbo_4d + periodo",22049,341
15.0,"C(event_time, contr.treatment(base=-1))[-8]:treatment",-8,-0.0497257474927511,0.06483091093149478,-0.17724592780479392,0.07779443281929171,0.44360975260257196,False,False,-0.08428869882061649,-23_to_-2,group_event__age__age_35_44__admissoes,age,age_pnad,age_35_44,Age 35–44,admissoes,ppml,-23_to_41,-1,2022-11,alternative,False,"admissoes ~ i(event_time, treatment, ref=-1) | cbo_4d + periodo",22049,341
16.0,"C(event_time, contr.treatment(base=-1))[-7]:treatment",-7,-0.12411799811299323,0.056644109603448296,-0.2355350207409722,-0.01270097548501424,0.029116198849959973,False,False,-0.08428869882061649,-23_to_-2,group_event__age__age_35_44__admissoes,age,age_pnad,age_35_44,Age 35–44,admissoes,ppml,-23_to_41,-1,2022-11,alternative,False,"admissoes ~ i(event_time, treatment, ref=-1) | cbo_4d + periodo",22049,341
17.0,"C(event_time, contr.treatment(base=-1))[-6]:treatment",-6,-0.12185885461783548,0.05782239235386714,-0.23559351904095677,-0.008124190194714193,0.03580881880895381,False,False,-0.08428869882061649,-23_to_-2,group_event__age__age_35_44__admissoes,age,age_pnad,age_35_44,Age 35–44,admissoes,ppml,-23_to_41,-1,2022-11,alternative,False,"admissoes ~ i(event_time, treatment, ref=-1) | cbo_4d + periodo",22049,341
18.0,"C(event_time, contr.treatment(base=-1))[-5]:treatment",-5,-0.12181511826403167,0.05709903179670567,-0.23412695725782462,-0.00950327927023871,0.03360737487081589,False,False,-0.08428869882061649,-23_to_-2,group_event__age__age_35_44__admissoes,age,age_pnad,age_35_44,Age 35–44,admissoes,ppml,-23_to_41,-1,2022-11,alternative,False,"admissoes ~ i(event_time, treatment, ref=-1) | cbo_4d + periodo",22049,341
19.0,"C(event_time, contr.treatment(base=-1))[-4]:treatment",-4,-0.10906285855392488,0.057834042879399444,-0.22282043916155236,0.004694722053702596,0.06017552255655545,False,False,-0.08428869882061649,-23_to_-2,group_event__age__age_35_44__admissoes,age,age_pnad,age_35_44,Age 35–44,admissoes,ppml,-23_to_41,-1,2022-11,alternative,False,"admissoes ~ i(event_time, treatment, ref=-1) | cbo_4d + periodo",22049,341
20.0,"C(event_time, contr.treatment(base=-1))[-3]:treatment",-3,-0.06438793135353528,0.051362700210748576,-0.16541660267837677,0.03664073997130621,0.21085120940457314,False,False,-0.08428869882061649,-23_to_-2,group_event__age__age_35_44__admissoes,age,age_pnad,age_35_44,Age 35–44,admissoes,ppml,-23_to_41,-1,2022-11,alternative,False,"admissoes ~ i(event_time, treatment, ref=-1) | cbo_4d + periodo",22049,341
21.0,"C(event_time, contr.treatment(base=-1))[-2]:treatment",-2,-0.058174269045401066,0.0312655215212605,-0.11967247853615068,0.0033239404453485402,0.06365638474149393,False,False,-0.08428869882061649,-23_to_-2,group_event__age__age_35_44__admissoes,age,age_pnad,age_35_44,Age 35–44,admissoes,ppml,-23_to_41,-1,2022-11,alternative,False,"admissoes ~ i(event_time, treatment, ref=-1) | cbo_4d + periodo",22049,341
,reference_event_time,-1,0.0,0.0,0.0,0.0,,True,False,-0.08428869882061649,-23_to_-2,group_event__age__age_35_44__admissoes,age,age_pnad,age_35_44,Age 35–44,admissoes,ppml,-23_to_41,-1,2022-11,alternative,False,"admissoes ~ i(event_time, treatment, ref=-1) | cbo_4d + periodo",22049,341
22.0,"C(event_time, contr.treatment(base=-1))[0]:treatment",0,0.003941857171865117,0.03623261371180903,-0.0673264524557558,0.07521016679948603,0.9134308000937477,False,False,-0.08428869882061649,-23_to_-2,group_event__age__age_35_44__admissoes,age,age_pnad,age_35_44,Age 35–44,admissoes,ppml,-23_to_41,-1,2022-11,alternative,False,"admissoes ~ i(event_time, treatment, ref=-1) | cbo_4d + periodo",22049,341
23.0,"C(event_time, contr.treatment(base=-1))[1]:treatment",1,-0.15290600586552158,0.059008820040417964,-0.26897433289406314,-0.036837678836980026,0.009975155611230413,False,False,-0.08428869882061649,-23_to_-2,group_event__age__age_35_44__admissoes,age,age_pnad,age_35_44,Age 35–44,admissoes,ppml,-23_to_41,-1,2022-11,alternative,False,"admissoes ~ i(event_time, treatment, ref=-1) | cbo_4d + periodo",22049,341
24.0,"C(event_time, contr.treatment(base=-1))[2]:treatment",2,-0.20585915043103004,0.06165239320513993,-0.3271272952901376,-0.08459100557192248,0.0009339462243296293,False,False,-0.08428869882061649,-23_to_-2,group_event__age__age_35_44__admissoes,age,age_pnad,age_35_44,Age 35–44,admissoes,ppml,-23_to_41,-1,2022-11,alternative,False,"admissoes ~ i(event_time, treatment, ref=-1) | cbo_4d + periodo",22049,341
25.0,"C(event_time, contr.treatment(base=-1))[3]:treatment",3,-0.17317150286908,0.04789440510313402,-0.26737815656153424,-0.07896484917662576,0.0003448868440159014,False,False,-0.08428869882061649,-23_to_-2,group_event__age__age_35_44__admissoes,age,age_pnad,age_35_44,Age 35–44,admissoes,ppml,-23_to_41,-1,2022-11,alternative,False,"admissoes ~ i(event_time, treatment, ref=-1) | cbo_4d + periodo",22049,341
26.0,"C(event_time, contr.treatment(base=-1))[4]:treatment",4,-0.13733591602234962,0.04420763875718401,-0.22429082664272676,-0.0503810054019725,0.0020517637244779063,False,False,-0.08428869882061649,-23_to_-2,group_event__age__age_35_44__admissoes,age,age_pnad,age_35_44,Age 35–44,admissoes,ppml,-23_to_41,-1,2022-11,alternative,False,"admissoes ~ i(event_time, treatment, ref=-1) | cbo_4d + periodo",22049,341
27.0,"C(event_time, contr.treatment(base=-1))[5]:treatment",5,-0.19370211807321622,0.04153405406383982,-0.2753981792145998,-0.11200605693183265,4.470204645556919e-06,False,False,-0.08428869882061649,-23_to_-2,group_event__age__age_35_44__admissoes,age,age_pnad,age_35_44,Age 35–44,admissoes,ppml,-23_to_41,-1,2022-11,alternative,False,"admissoes ~ i(event_time, treatment, ref=-1) | cbo_4d + periodo",22049,341
28.0,"C(event_time, contr.treatment(base=-1))[6]:treatment",6,-0.15365307935255992,0.04332649434313977,-0.23887480910372785,-0.068431349601392,0.0004453010147431602,False,False,-0.08428869882061649,-23_to_-2,group_event__age__age_35_44__admissoes,age,age_pnad,age_35_44,Age 35–44,admissoes,ppml,-23_to_41,-1,2022-11,alternative,False,"admissoes ~ i(event_time, treatment, ref=-1) | cbo_4d + periodo",22049,341
29.0,"C(event_time, contr.treatment(base=-1))[7]:treatment",7,-0.1541065092640968,0.03874954132194119,-0.23032552925603084,-0.07788748927216277,8.530373432513727e-05,False,False,-0.08428869882061649,-23_to_-2,group_event__age__age_35_44__admissoes,age,age_pnad,age_35_44,Age 35–44,admissoes,ppml,-23_to_41,-1,2022-11,alternative,False,"admissoes ~ i(event_time, treatment, ref=-1) | cbo_4d + periodo",22049,341
30.0,"C(event_time, contr.treatment(base=-1))[8]:treatment",8,-0.14960167892803683,0.03719220520287267,-0.22275747213730354,-0.07644588571877012,7.102548253801189e-05,False,False,-0.08428869882061649,-23_to_-2,group_event__age__age_35_44__admissoes,age,age_pnad,age_35_44,Age 35–44,admissoes,ppml,-23_to_41,-1,2022-11,alternative,False,"admissoes ~ i(event_time, treatment, ref=-1) | cbo_4d + periodo",22049,341
31.0,"C(event_time, contr.treatment(base=-1))[9]:treatment",9,-0.14992750931692386,0.03729586071127245,-0.22328718935936254,-0.07656782927448519,7.173205622890144e-05,False,False,-0.08428869882061649,-23_to_-2,group_event__age__age_35_44__admissoes,age,age_pnad,age_35_44,Age 35–44,admissoes,ppml,-23_to_41,-1,2022-11,alternative,False,"admissoes ~ i(event_time, treatment, ref=-1) | cbo_4d + periodo",22049,341
32.0,"C(event_time, contr.treatment(base=-1))[10]:treatment",10,-0.10289951990887736,0.0238443975476118,-0.14980063283503167,-0.05599840698272304,2.091046160002108e-05,False,False,-0.08428869882061649,-23_to_-2,group_event__age__age_35_44__admissoes,age,age_pnad,age_35_44,Age 35–44,admissoes,ppml,-23_to_41,-1,2022-11,alternative,False,"admissoes ~ i(event_time, treatment, ref=-1) | cbo_4d + periodo",22049,341
33.0,"C(event_time, contr.treatment(base=-1))[11]:treatment",11,-0.011430297590819653,0.021207365459164094,-0.0531444587593035,0.030283863577664192,0.5902549548938147,False,False,-0.08428869882061649,-23_to_-2,group_event__age__age_35_44__admissoes,age,age_pnad,age_35_44,Age 35–44,admissoes,ppml,-23_to_41,-1,2022-11,alternative,False,"admissoes ~ i(event_time, treatment, ref=-1) | cbo_4d + periodo",22049,341
34.0,"C(event_time, contr.treatment(base=-1))[12]:treatment",12,0.025788435511023774,0.03954570528094934,-0.051996611706996126,0.10357348272904368,0.5147661558056262,False,False,-0.08428869882061649,-23_to_-2,group_event__age__age_35_44__admissoes,age,age_pnad,age_35_44,Age 35–44,admissoes,ppml,-23_to_41,-1,2022-11,alternative,False,"admissoes ~ i(event_time, treatment, ref=-1) | cbo_4d + periodo",22049,341
35.0,"C(event_time, contr.treatment(base=-1))[13]:treatment",13,-0.1444175757167902,0.05266121654139891,-0.2480003841691762,-0.0408347672644042,0.006422315315973259,False,False,-0.08428869882061649,-23_to_-2,group_event__age__age_35_44__admissoes,age,age_pnad,age_35_44,Age 35–44,admissoes,ppml,-23_to_41,-1,2022-11,alternative,False,"admissoes ~ i(event_time, treatment, ref=-1) | cbo_4d + periodo",22049,341
36.0,"C(event_time, contr.treatment(base=-1))[14]:treatment",14,-0.20444482143732554,0.05017495875057571,-0.30313724600904984,-0.10575239686560121,5.740724077507586e-05,False,False,-0.08428869882061649,-23_to_-2,group_event__age__age_35_44__admissoes,age,age_pnad,age_35_44,Age 35–44,admissoes,ppml,-23_to_41,-1,2022-11,alternative,False,"admissoes ~ i(event_time, treatment, ref=-1) | cbo_4d + periodo",22049,341
37.0,"C(event_time, contr.treatment(base=-1))[15]:treatment",15,-0.14307409265121163,0.04042190181129783,-0.2225825884207549,-0.06356559688166834,0.0004566448772020948,False,False,-0.08428869882061649,-23_to_-2,group_event__age__age_35_44__admissoes,age,age_pnad,age_35_44,Age 35–44,admissoes,ppml,-23_to_41,-1,2022-11,alternative,False,"admissoes ~ i(event_time, treatment, ref=-1) | cbo_4d + periodo",22049,341
38.0,"C(event_time, contr.treatment(base=-1))[16]:treatment",16,-0.13286447132400508,0.036783009037988784,-0.20521538969842446,-0.060513552949585714,0.0003495025303270616,False,False,-0.08428869882061649,-23_to_-2,group_event__age__age_35_44__admissoes,age,age_pnad,age_35_44,Age 35–44,admissoes,ppml,-23_to_41,-1,2022-11,alternative,False,"admissoes ~ i(event_time, treatment, ref=-1) | cbo_4d + periodo",22049,341
39.0,"C(event_time, contr.treatment(base=-1))[17]:treatment",17,-0.15468238284227667,0.034898617438586334,-0.22332676751106578,-0.08603799817348758,1.2594098813822896e-05,False,False,-0.08428869882061649,-23_to_-2,group_event__age__age_35_44__admissoes,age,age_pnad,age_35_44,Age 35–44,admissoes,ppml,-23_to_41,-1,2022-11,alternative,False,"admissoes ~ i(event_time, treatment, ref=-1) | cbo_4d + periodo",22049,341
40.0,"C(event_time, contr.treatment(base=-1))[18]:treatment",18,-0.15407268180916178,0.03361422607182908,-0.22019071267037932,-0.08795465094794426,6.430292928794046e-06,False,False,-0.08428869882061649,-23_to_-2,group_event__age__age_35_44__admissoes,age,age_pnad,age_35_44,Age 35–44,admissoes,ppml,-23_to_41,-1,2022-11,alternative,False,"admissoes ~ i(event_time, treatment, ref=-1) | cbo_4d + periodo",22049,341
41.0,"C(event_time, contr.treatment(base=-1))[19]:treatment",19,-0.12542764655266733,0.0383395321841435,-0.20084019261988983,-0.05001510048544483,0.0011794606468604751,False,False,-0.08428869882061649,-23_to_-2,group_event__age__age_35_44__admissoes,age,age_pnad,age_35_44,Age 35–44,admissoes,ppml,-23_to_41,-1,2022-11,alternative,False,"admissoes ~ i(event_time, treatment, ref=-1) | cbo_4d + periodo",22049,341
42.0,"C(event_time, contr.treatment(base=-1))[20]:treatment",20,-0.12276979707392069,0.037083910803940634,-0.1957125789112943,-0.04982701523654709,0.0010308700239516355,False,False,-0.08428869882061649,-23_to_-2,group_event__age__age_35_44__admissoes,age,age_pnad,age_35_44,Age 35–44,admissoes,ppml,-23_to_41,-1,2022-11,alternative,False,"admissoes ~ i(event_time, treatment, ref=-1) | cbo_4d + periodo",22049,341
43.0,"C(event_time, contr.treatment(base=-1))[21]:treatment",21,-0.09888166140495062,0.037855336852879846,-0.1733418118469715,-0.02442151096292973,0.009398126279643426,False,False,-0.08428869882061649,-23_to_-2,group_event__age__age_35_44__admissoes,age,age_pnad,age_35_44,Age 35–44,admissoes,ppml,-23_to_41,-1,2022-11,alternative,False,"admissoes ~ i(event_time, treatment, ref=-1) | cbo_4d + periodo",22049,341
44.0,"C(event_time, contr.treatment(base=-1))[22]:treatment",22,-0.11786200474366781,0.030176334725853828,-0.17721782112983,-0.058506188357505616,0.00011330831622613502,False,False,-0.08428869882061649,-23_to_-2,group_event__age__age_35_44__admissoes,age,age_pnad,age_35_44,Age 35–44,admissoes,ppml,-23_to_41,-1,2022-11,alternative,False,"admissoes ~ i(event_time, treatment, ref=-1) | cbo_4d + periodo",22049,341
45.0,"C(event_time, contr.treatment(base=-1))[23]:treatment",23,-0.019960402958015162,0.03388721804440756,-0.08661539967497597,0.046694593758945656,0.556235951759517,False,False,-0.08428869882061649,-23_to_-2,group_event__age__age_35_44__admissoes,age,age_pnad,age_35_44,Age 35–44,admissoes,ppml,-23_to_41,-1,2022-11,alternative,False,"admissoes ~ i(event_time, treatment, ref=-1) | cbo_4d + periodo",22049,341
46.0,"C(event_time, contr.treatment(base=-1))[24]:treatment",24,0.038812421951307664,0.05905494263404937,-0.07734662663847419,0.1549714705410895,0.5114804932793997,False,True,-0.08428869882061649,-23_to_-2,group_event__age__age_35_44__admissoes,age,age_pnad,age_35_44,Age 35–44,admissoes,ppml,-23_to_41,-1,2022-11,alternative,False,"admissoes ~ i(event_time, treatment, ref=-1) | cbo_4d + periodo",22049,341
47.0,"C(event_time, contr.treatment(base=-1))[25]:treatment",25,-0.187631546447442,0.04317004837052014,-0.2725455523312309,-0.10271754056365315,1.8308539512901234e-05,False,True,-0.08428869882061649,-23_to_-2,group_event__age__age_35_44__admissoes,age,age_pnad,age_35_44,Age 35–44,admissoes,ppml,-23_to_41,-1,2022-11,alternative,False,"admissoes ~ i(event_time, treatment, ref=-1) | cbo_4d + periodo",22049,341
48.0,"C(event_time, contr.treatment(base=-1))[26]:treatment",26,-0.1851909416770136,0.043490541410644186,-0.2707353463887406,-0.09964653696528665,2.6700440450833085e-05,False,True,-0.08428869882061649,-23_to_-2,group_event__age__age_35_44__admissoes,age,age_pnad,age_35_44,Age 35–44,admissoes,ppml,-23_to_41,-1,2022-11,alternative,False,"admissoes ~ i(event_time, treatment, ref=-1) | cbo_4d + periodo",22049,341
49.0,"C(event_time, contr.treatment(base=-1))[27]:treatment",27,-0.13918306084149093,0.030640999677179117,-0.1994528572647422,-0.07891326441823963,7.735796065500011e-06,False,True,-0.08428869882061649,-23_to_-2,group_event__age__age_35_44__admissoes,age,age_pnad,age_35_44,Age 35–44,admissoes,ppml,-23_to_41,-1,2022-11,alternative,False,"admissoes ~ i(event_time, treatment, ref=-1) | cbo_4d + periodo",22049,341
50.0,"C(event_time, contr.treatment(base=-1))[28]:treatment",28,-0.11005092747153808,0.03175690369479646,-0.1725156688599752,-0.04758618608310094,0.0005972259681283898,False,True,-0.08428869882061649,-23_to_-2,group_event__age__age_35_44__admissoes,age,age_pnad,age_35_44,Age 35–44,admissoes,ppml,-23_to_41,-1,2022-11,alternative,False,"admissoes ~ i(event_time, treatment, ref=-1) | cbo_4d + periodo",22049,341
51.0,"C(event_time, contr.treatment(base=-1))[29]:treatment",29,-0.1483389653188328,0.026332406358250328,-0.20013390632162528,-0.09654402431604034,3.710336526907554e-08,False,True,-0.08428869882061649,-23_to_-2,group_event__age__age_35_44__admissoes,age,age_pnad,age_35_44,Age 35–44,admissoes,ppml,-23_to_41,-1,2022-11,alternative,False,"admissoes ~ i(event_time, treatment, ref=-1) | cbo_4d + periodo",22049,341
52.0,"C(event_time, contr.treatment(base=-1))[30]:treatment",30,-0.1098335693670671,0.029682933927292175,-0.16821888328928625,-0.051448255444847955,0.00025115274899190076,False,True,-0.08428869882061649,-23_to_-2,group_event__age__age_35_44__admissoes,age,age_pnad,age_35_44,Age 35–44,admissoes,ppml,-23_to_41,-1,2022-11,alternative,False,"admissoes ~ i(event_time, treatment, ref=-1) | cbo_4d + periodo",22049,341
53.0,"C(event_time, contr.treatment(base=-1))[31]:treatment",31,-0.12748607160657344,0.028912308422600584,-0.18435559156724898,-0.07061655164589789,1.3923360858036915e-05,False,True,-0.08428869882061649,-23_to_-2,group_event__age__age_35_44__admissoes,age,age_pnad,age_35_44,Age 35–44,admissoes,ppml,-23_to_41,-1,2022-11,alternative,False,"admissoes ~ i(event_time, treatment, ref=-1) | cbo_4d + periodo",22049,341
54.0,"C(event_time, contr.treatment(base=-1))[32]:treatment",32,-0.11594251507291564,0.02911059242885901,-0.17320205287951945,-0.05868297726631183,8.332532111188229e-05,False,True,-0.08428869882061649,-23_to_-2,group_event__age__age_35_44__admissoes,age,age_pnad,age_35_44,Age 35–44,admissoes,ppml,-23_to_41,-1,2022-11,alternative,False,"admissoes ~ i(event_time, treatment, ref=-1) | cbo_4d + periodo",22049,341
55.0,"C(event_time, contr.treatment(base=-1))[33]:treatment",33,-0.11386755970444844,0.031371034861255476,-0.17557331031945747,-0.052161809089439404,0.00032736144178002746,False,True,-0.08428869882061649,-23_to_-2,group_event__age__age_35_44__admissoes,age,age_pnad,age_35_44,Age 35–44,admissoes,ppml,-23_to_41,-1,2022-11,alternative,False,"admissoes ~ i(event_time, treatment, ref=-1) | cbo_4d + periodo",22049,341
56.0,"C(event_time, contr.treatment(base=-1))[34]:treatment",34,-0.0895716807524401,0.022426203051764793,-0.13368325370098935,-0.045460107803890835,7.964119209269427e-05,False,True,-0.08428869882061649,-23_to_-2,group_event__age__age_35_44__admissoes,age,age_pnad,age_35_44,Age 35–44,admissoes,ppml,-23_to_41,-1,2022-11,alternative,False,"admissoes ~ i(event_time, treatment, ref=-1) | cbo_4d + periodo",22049,341
57.0,"C(event_time, contr.treatment(base=-1))[35]:treatment",35,0.0046652932229076394,0.03294978299400708,-0.06014580087198121,0.06947638731779648,0.887489317273441,False,True,-0.08428869882061649,-23_to_-2,group_event__age__age_35_44__admissoes,age,age_pnad,age_35_44,Age 35–44,admissoes,ppml,-23_to_41,-1,2022-11,alternative,False,"admissoes ~ i(event_time, treatment, ref=-1) | cbo_4d + periodo",22049,341
58.0,"C(event_time, contr.treatment(base=-1))[36]:treatment",36,0.06386823562229871,0.06843887985558987,-0.07074869593309804,0.19848516717769546,0.35137086259521144,False,True,-0.08428869882061649,-23_to_-2,group_event__age__age_35_44__admissoes,age,age_pnad,age_35_44,Age 35–44,admissoes,ppml,-23_to_41,-1,2022-11,alternative,False,"admissoes ~ i(event_time, treatment, ref=-1) | cbo_4d + periodo",22049,341
59.0,"C(event_time, contr.treatment(base=-1))[37]:treatment",37,-0.1806242633919702,0.034495097994839866,-0.24847493914187124,-0.11277358764206917,2.877621976260514e-07,False,True,-0.08428869882061649,-23_to_-2,group_event__age__age_35_44__admissoes,age,age_pnad,age_35_44,Age 35–44,admissoes,ppml,-23_to_41,-1,2022-11,alternative,False,"admissoes ~ i(event_time, treatment, ref=-1) | cbo_4d + periodo",22049,341
60.0,"C(event_time, contr.treatment(base=-1))[38]:treatment",38,-0.20374203637485808,0.04177561360744979,-0.2859132368612647,-0.12157083588845147,1.6566888767499677e-06,False,True,-0.08428869882061649,-23_to_-2,group_event__age__age_35_44__admissoes,age,age_pnad,age_35_44,Age 35–44,admissoes,ppml,-23_to_41,-1,2022-11,alternative,False,"admissoes ~ i(event_time, treatment, ref=-1) | cbo_4d + periodo",22049,341
61.0,"C(event_time, contr.treatment(base=-1))[39]:treatment",39,-0.12966243845171985,0.03304760105115656,-0.1946659373131969,-0.0646589395902428,0.00010561749934701048,False,True,-0.08428869882061649,-23_to_-2,group_event__age__age_35_44__admissoes,age,age_pnad,age_35_44,Age 35–44,admissoes,ppml,-23_to_41,-1,2022-11,alternative,False,"admissoes ~ i(event_time, treatment, ref=-1) | cbo_4d + periodo",22049,341
62.0,"C(event_time, contr.treatment(base=-1))[40]:treatment",40,-0.11158505266925338,0.029103957440326376,-0.16883153968076742,-0.05433856565773933,0.00015019862828280495,False,True,-0.08428869882061649,-23_to_-2,group_event__age__age_35_44__admissoes,age,age_pnad,age_35_44,Age 35–44,admissoes,ppml,-23_to_41,-1,2022-11,alternative,False,"admissoes ~ i(event_time, treatment, ref=-1) | cbo_4d + periodo",22049,341
63.0,"C(event_time, contr.treatment(base=-1))[41]:treatment",41,-0.12803685497644776,0.030557259052982195,-0.18814193646135247,-0.06793177349154306,3.558728050845339e-05,False,True,-0.08428869882061649,-23_to_-2,group_event__age__age_35_44__admissoes,age,age_pnad,age_35_44,Age 35–44,admissoes,ppml,-23_to_41,-1,2022-11,alternative,False,"admissoes ~ i(event_time, treatment, ref=-1) | cbo_4d + periodo",22049,341
0.0,"C(event_time, contr.treatment(base=-1))[-23]:treatment",-23,0.030570388178422205,0.024685502786074807,-0.017985661580826394,0.0791264379376708,0.2164267307715031,False,False,0.062423527242443204,-23_to_-2,group_event__age__age_35_44__ln_salario_real_adm,age,age_pnad,age_35_44,Age 35–44,ln_salario_real_adm,ols,-23_to_41,-1,2022-11,alternative,False,"ln_salario_real_adm ~ i(event_time, treatment, ref=-1) | cbo_4d + periodo",21813,340
1.0,"C(event_time, contr.treatment(base=-1))[-22]:treatment",-22,0.013288676813209088,0.031061001071750048,-0.04780789175507427,0.07438524538149245,0.669050090947682,False,False,0.062423527242443204,-23_to_-2,group_event__age__age_35_44__ln_salario_real_adm,age,age_pnad,age_35_44,Age 35–44,ln_salario_real_adm,ols,-23_to_41,-1,2022-11,alternative,False,"ln_salario_real_adm ~ i(event_time, treatment, ref=-1) | cbo_4d + periodo",21813,340
2.0,"C(event_time, contr.treatment(base=-1))[-21]:treatment",-21,0.0757017118601849,0.04344214355490565,-0.009748396342202162,0.16115182006257195,0.08231259991072548,False,False,0.062423527242443204,-23_to_-2,group_event__age__age_35_44__ln_salario_real_adm,age,age_pnad,age_35_44,Age 35–44,ln_salario_real_adm,ols,-23_to_41,-1,2022-11,alternative,False,"ln_salario_real_adm ~ i(event_time, treatment, ref=-1) | cbo_4d + periodo",21813,340
3.0,"C(event_time, contr.treatment(base=-1))[-20]:treatment",-20,0.07409321495115784,0.03998395224446264,-0.0045546777645917025,0.15274110766690738,0.06474058183228992,False,False,0.062423527242443204,-23_to_-2,group_event__age__age_35_44__ln_salario_real_adm,age,age_pnad,age_35_44,Age 35–44,ln_salario_real_adm,ols,-23_to_41,-1,2022-11,alternative,False,"ln_salario_real_adm ~ i(event_time, treatment, ref=-1) | cbo_4d + periodo",21813,340
4.0,"C(event_time, contr.treatment(base=-1))[-19]:treatment",-19,0.11577244989464355,0.03120643636187768,0.054389812079750736,0.17715508770953636,0.00024222574682086773,False,False,0.062423527242443204,-23_to_-2,group_event__age__age_35_44__ln_salario_real_adm,age,age_pnad,age_35_44,Age 35–44,ln_salario_real_adm,ols,-23_to_41,-1,2022-11,alternative,False,"ln_salario_real_adm ~ i(event_time, treatment, ref=-1) | cbo_4d + periodo",21813,340
5.0,"C(event_time, contr.treatment(base=-1))[-18]:treatment",-18,0.10549569804413901,0.029603158326598402,0.047266686417603426,0.1637247096706746,0.0004181532391989151,False,False,0.062423527242443204,-23_to_-2,group_event__age__age_35_44__ln_salario_real_adm,age,age_pnad,age_35_44,Age 35–44,ln_salario_real_adm,ols,-23_to_41,-1,2022-11,alternative,False,"ln_salario_real_adm ~ i(event_time, treatment, ref=-1) | cbo_4d + periodo",21813,340
6.0,"C(event_time, contr.treatment(base=-1))[-17]:treatment",-17,0.06619749056391326,0.02385163465655553,0.01928164812555544,0.11311333300227108,0.005819521913412062,False,False,0.062423527242443204,-23_to_-2,group_event__age__age_35_44__ln_salario_real_adm,age,age_pnad,age_35_44,Age 35–44,ln_salario_real_adm,ols,-23_to_41,-1,2022-11,alternative,False,"ln_salario_real_adm ~ i(event_time, treatment, ref=-1) | cbo_4d + periodo",21813,340
7.0,"C(event_time, contr.treatment(base=-1))[-16]:treatment",-16,0.10148867515856452,0.04911909167815697,0.004872086858848448,0.1981052634582806,0.03957113126280509,False,False,0.062423527242443204,-23_to_-2,group_event__age__age_35_44__ln_salario_real_adm,age,age_pnad,age_35_44,Age 35–44,ln_salario_real_adm,ols,-23_to_41,-1,2022-11,alternative,False,"ln_salario_real_adm ~ i(event_time, treatment, ref=-1) | cbo_4d + periodo",21813,340
8.0,"C(event_time, contr.treatment(base=-1))[-15]:treatment",-15,0.09198334015465058,0.028968519478361963,0.03500265455011946,0.14896402575918172,0.0016342057236768959,False,False,0.062423527242443204,-23_to_-2,group_event__age__age_35_44__ln_salario_real_adm,age,age_pnad,age_35_44,Age 35–44,ln_salario_real_adm,ols,-23_to_41,-1,2022-11,alternative,False,"ln_salario_real_adm ~ i(event_time, treatment, ref=-1) | cbo_4d + periodo",21813,340
9.0,"C(event_time, contr.treatment(base=-1))[-14]:treatment",-14,0.04802621770087601,0.030642112306331497,-0.012246402337230879,0.10829883773898291,0.11797115135126601,False,False,0.062423527242443204,-23_to_-2,group_event__age__age_35_44__ln_salario_real_adm,age,age_pnad,age_35_44,Age 35–44,ln_salario_real_adm,ols,-23_to_41,-1,2022-11,alternative,False,"ln_salario_real_adm ~ i(event_time, treatment, ref=-1) | cbo_4d + periodo",21813,340
10.0,"C(event_time, contr.treatment(base=-1))[-13]:treatment",-13,0.07361770621514942,0.026475028357728296,0.02154168388513062,0.12569372854516822,0.005728155000017887,False,False,0.062423527242443204,-23_to_-2,group_event__age__age_35_44__ln_salario_real_adm,age,age_pnad,age_35_44,Age 35–44,ln_salario_real_adm,ols,-23_to_41,-1,2022-11,alternative,False,"ln_salario_real_adm ~ i(event_time, treatment, ref=-1) | cbo_4d + periodo",21813,340
11.0,"C(event_time, contr.treatment(base=-1))[-12]:treatment",-12,0.14174107489265023,0.05419251470701716,0.03514513218504997,0.24833701760025048,0.009307657474155961,False,False,0.062423527242443204,-23_to_-2,group_event__age__age_35_44__ln_salario_real_adm,age,age_pnad,age_35_44,Age 35–44,ln_salario_real_adm,ols,-23_to_41,-1,2022-11,alternative,False,"ln_salario_real_adm ~ i(event_time, treatment, ref=-1) | cbo_4d + periodo",21813,340
12.0,"C(event_time, contr.treatment(base=-1))[-11]:treatment",-11,0.06833269896859709,0.028619029928478593,0.012039454576891782,0.12462594336030239,0.0175029712458048,False,False,0.062423527242443204,-23_to_-2,group_event__age__age_35_44__ln_salario_real_adm,age,age_pnad,age_35_44,Age 35–44,ln_salario_real_adm,ols,-23_to_41,-1,2022-11,alternative,False,"ln_salario_real_adm ~ i(event_time, treatment, ref=-1) | cbo_4d + periodo",21813,340
13.0,"C(event_time, contr.treatment(base=-1))[-10]:treatment",-10,0.014122662197459921,0.019290772709136518,-0.023822026540562247,0.05206735093548209,0.46461691023302065,False,False,0.062423527242443204,-23_to_-2,group_event__age__age_35_44__ln_salario_real_adm,age,age_pnad,age_35_44,Age 35–44,ln_salario_real_adm,ols,-23_to_41,-1,2022-11,alternative,False,"ln_salario_real_adm ~ i(event_time, treatment, ref=-1) | cbo_4d + periodo",21813,340
14.0,"C(event_time, contr.treatment(base=-1))[-9]:treatment",-9,0.06132621418514084,0.02911984244456796,0.004047878354868299,0.11860455001541337,0.03593975934614102,False,False,0.062423527242443204,-23_to_-2,group_event__age__age_35_44__ln_salario_real_adm,age,age_pnad,age_35_44,Age 35–44,ln_salario_real_adm,ols,-23_to_41,-1,2022-11,alternative,False,"ln_salario_real_adm ~ i(event_time, treatment, ref=-1) | cbo_4d + periodo",21813,340
15.0,"C(event_time, contr.treatment(base=-1))[-8]:treatment",-8,0.037812952267807516,0.027309877966567222,-0.015905207939635402,0.09153111247525043,0.16708886372086562,False,False,0.062423527242443204,-23_to_-2,group_event__age__age_35_44__ln_salario_real_adm,age,age_pnad,age_35_44,Age 35–44,ln_salario_real_adm,ols,-23_to_41,-1,2022-11,alternative,False,"ln_salario_real_adm ~ i(event_time, treatment, ref=-1) | cbo_4d + periodo",21813,340
16.0,"C(event_time, contr.treatment(base=-1))[-7]:treatment",-7,0.051424293457892296,0.025992225692933996,0.00029793743278158646,0.102550649483003,0.04868722666262881,False,False,0.062423527242443204,-23_to_-2,group_event__age__age_35_44__ln_salario_real_adm,age,age_pnad,age_35_44,Age 35–44,ln_salario_real_adm,ols,-23_to_41,-1,2022-11,alternative,False,"ln_salario_real_adm ~ i(event_time, treatment, ref=-1) | cbo_4d + periodo",21813,340
17.0,"C(event_time, contr.treatment(base=-1))[-6]:treatment",-6,0.04657888279410022,0.027346049153979524,-0.0072104256492552185,0.10036819123745566,0.08942599626019199,False,False,0.062423527242443204,-23_to_-2,group_event__age__age_35_44__ln_salario_real_adm,age,age_pnad,age_35_44,Age 35–44,ln_salario_real_adm,ols,-23_to_41,-1,2022-11,alternative,False,"ln_salario_real_adm ~ i(event_time, treatment, ref=-1) | cbo_4d + periodo",21813,340
18.0,"C(event_time, contr.treatment(base=-1))[-5]:treatment",-5,0.043535724018764106,0.03181463284771804,-0.019043228049307435,0.10611467608683564,0.17208740154515367,False,False,0.062423527242443204,-23_to_-2,group_event__age__age_35_44__ln_salario_real_adm,age,age_pnad,age_35_44,Age 35–44,ln_salario_real_adm,ols,-23_to_41,-1,2022-11,alternative,False,"ln_salario_real_adm ~ i(event_time, treatment, ref=-1) | cbo_4d + periodo",21813,340
19.0,"C(event_time, contr.treatment(base=-1))[-4]:treatment",-4,0.042760373171945115,0.025412931816602702,-0.007226519641574156,0.09274726598546439,0.09336891897675925,False,False,0.062423527242443204,-23_to_-2,group_event__age__age_35_44__ln_salario_real_adm,age,age_pnad,age_35_44,Age 35–44,ln_salario_real_adm,ols,-23_to_41,-1,2022-11,alternative,False,"ln_salario_real_adm ~ i(event_time, treatment, ref=-1) | cbo_4d + periodo",21813,340
20.0,"C(event_time, contr.treatment(base=-1))[-3]:treatment",-3,0.04384885318248347,0.04078261743822963,-0.036370003156150264,0.1240677095211172,0.28305660528645205,False,False,0.062423527242443204,-23_to_-2,group_event__age__age_35_44__ln_salario_real_adm,age,age_pnad,age_35_44,Age 35–44,ln_salario_real_adm,ols,-23_to_41,-1,2022-11,alternative,False,"ln_salario_real_adm ~ i(event_time, treatment, ref=-1) | cbo_4d + periodo",21813,340
21.0,"C(event_time, contr.treatment(base=-1))[-2]:treatment",-2,0.025598300661999293,0.023186187714336153,-0.020008616650605326,0.07120521797460391,0.27036215147569176,False,False,0.062423527242443204,-23_to_-2,group_event__age__age_35_44__ln_salario_real_adm,age,age_pnad,age_35_44,Age 35–44,ln_salario_real_adm,ols,-23_to_41,-1,2022-11,alternative,False,"ln_salario_real_adm ~ i(event_time, treatment, ref=-1) | cbo_4d + periodo",21813,340
,reference_event_time,-1,0.0,0.0,0.0,0.0,,True,False,0.062423527242443204,-23_to_-2,group_event__age__age_35_44__ln_salario_real_adm,age,age_pnad,age_35_44,Age 35–44,ln_salario_real_adm,ols,-23_to_41,-1,2022-11,alternative,False,"ln_salario_real_adm ~ i(event_time, treatment, ref=-1) | cbo_4d + periodo",21813,340
22.0,"C(event_time, contr.treatment(base=-1))[0]:treatment",0,0.0565279127608326,0.026675947154640344,0.004056685877559453,0.10899913964410574,0.03481216516725172,False,False,0.062423527242443204,-23_to_-2,group_event__age__age_35_44__ln_salario_real_adm,age,age_pnad,age_35_44,Age 35–44,ln_salario_real_adm,ols,-23_to_41,-1,2022-11,alternative,False,"ln_salario_real_adm ~ i(event_time, treatment, ref=-1) | cbo_4d + periodo",21813,340
23.0,"C(event_time, contr.treatment(base=-1))[1]:treatment",1,0.0215143761250881,0.027992733937387517,-0.033546952531662406,0.07657570478183862,0.44268369160244436,False,False,0.062423527242443204,-23_to_-2,group_event__age__age_35_44__ln_salario_real_adm,age,age_pnad,age_35_44,Age 35–44,ln_salario_real_adm,ols,-23_to_41,-1,2022-11,alternative,False,"ln_salario_real_adm ~ i(event_time, treatment, ref=-1) | cbo_4d + periodo",21813,340
24.0,"C(event_time, contr.treatment(base=-1))[2]:treatment",2,0.0058345728514738225,0.032659787464744794,-0.058406786905606155,0.0700759326085538,0.8583216071804802,False,False,0.062423527242443204,-23_to_-2,group_event__age__age_35_44__ln_salario_real_adm,age,age_pnad,age_35_44,Age 35–44,ln_salario_real_adm,ols,-23_to_41,-1,2022-11,alternative,False,"ln_salario_real_adm ~ i(event_time, treatment, ref=-1) | cbo_4d + periodo",21813,340
25.0,"C(event_time, contr.treatment(base=-1))[3]:treatment",3,-0.012204846274215453,0.024856420310603755,-0.06109708849013286,0.03668739594170195,0.6237343705444118,False,False,0.062423527242443204,-23_to_-2,group_event__age__age_35_44__ln_salario_real_adm,age,age_pnad,age_35_44,Age 35–44,ln_salario_real_adm,ols,-23_to_41,-1,2022-11,alternative,False,"ln_salario_real_adm ~ i(event_time, treatment, ref=-1) | cbo_4d + periodo",21813,340
26.0,"C(event_time, contr.treatment(base=-1))[4]:treatment",4,0.0076003883544028044,0.026693647725312408,-0.04490565531173144,0.06010643202053705,0.7760275567608457,False,False,0.062423527242443204,-23_to_-2,group_event__age__age_35_44__ln_salario_real_adm,age,age_pnad,age_35_44,Age 35–44,ln_salario_real_adm,ols,-23_to_41,-1,2022-11,alternative,False,"ln_salario_real_adm ~ i(event_time, treatment, ref=-1) | cbo_4d + periodo",21813,340
27.0,"C(event_time, contr.treatment(base=-1))[5]:treatment",5,-0.009539496941906067,0.033332309109219097,-0.07510369766828916,0.05602470378447703,0.7749045800177634,False,False,0.062423527242443204,-23_to_-2,group_event__age__age_35_44__ln_salario_real_adm,age,age_pnad,age_35_44,Age 35–44,ln_salario_real_adm,ols,-23_to_41,-1,2022-11,alternative,False,"ln_salario_real_adm ~ i(event_time, treatment, ref=-1) | cbo_4d + periodo",21813,340
28.0,"C(event_time, contr.treatment(base=-1))[6]:treatment",6,0.026927426775356988,0.027399726256214986,-0.026967463801352756,0.08082231735206673,0.32642514209375717,False,False,0.062423527242443204,-23_to_-2,group_event__age__age_35_44__ln_salario_real_adm,age,age_pnad,age_35_44,Age 35–44,ln_salario_real_adm,ols,-23_to_41,-1,2022-11,alternative,False,"ln_salario_real_adm ~ i(event_time, treatment, ref=-1) | cbo_4d + periodo",21813,340
29.0,"C(event_time, contr.treatment(base=-1))[7]:treatment",7,0.000511792240674335,0.029201165653420545,-0.05692650524036334,0.057950089721712006,0.9860269569916587,False,False,0.062423527242443204,-23_to_-2,group_event__age__age_35_44__ln_salario_real_adm,age,age_pnad,age_35_44,Age 35–44,ln_salario_real_adm,ols,-23_to_41,-1,2022-11,alternative,False,"ln_salario_real_adm ~ i(event_time, treatment, ref=-1) | cbo_4d + periodo",21813,340
30.0,"C(event_time, contr.treatment(base=-1))[8]:treatment",8,0.011952422606084045,0.029783259640561714,-0.04663084586659695,0.07053569107876503,0.6884422127059941,False,False,0.062423527242443204,-23_to_-2,group_event__age__age_35_44__ln_salario_real_adm,age,age_pnad,age_35_44,Age 35–44,ln_salario_real_adm,ols,-23_to_41,-1,2022-11,alternative,False,"ln_salario_real_adm ~ i(event_time, treatment, ref=-1) | cbo_4d + periodo",21813,340
31.0,"C(event_time, contr.treatment(base=-1))[9]:treatment",9,-0.02528300030449323,0.0322063490041639,-0.08863245274878626,0.03806645213979979,0.4329833365433977,False,False,0.062423527242443204,-23_to_-2,group_event__age__age_35_44__ln_salario_real_adm,age,age_pnad,age_35_44,Age 35–44,ln_salario_real_adm,ols,-23_to_41,-1,2022-11,alternative,False,"ln_salario_real_adm ~ i(event_time, treatment, ref=-1) | cbo_4d + periodo",21813,340
32.0,"C(event_time, contr.treatment(base=-1))[10]:treatment",10,-0.014781758898023365,0.027477953787476018,-0.06883052196958853,0.0392670041735418,0.5909647156694302,False,False,0.062423527242443204,-23_to_-2,group_event__age__age_35_44__ln_salario_real_adm,age,age_pnad,age_35_44,Age 35–44,ln_salario_real_adm,ols,-23_to_41,-1,2022-11,alternative,False,"ln_salario_real_adm ~ i(event_time, treatment, ref=-1) | cbo_4d + periodo",21813,340
33.0,"C(event_time, contr.treatment(base=-1))[11]:treatment",11,0.02337020730863858,0.04239803862801386,-0.06002616063885552,0.10676657525613267,0.5818530838365248,False,False,0.062423527242443204,-23_to_-2,group_event__age__age_35_44__ln_salario_real_adm,age,age_pnad,age_35_44,Age 35–44,ln_salario_real_adm,ols,-23_to_41,-1,2022-11,alternative,False,"ln_salario_real_adm ~ i(event_time, treatment, ref=-1) | cbo_4d + periodo",21813,340
34.0,"C(event_time, contr.treatment(base=-1))[12]:treatment",12,-0.004498778019603077,0.029148556803764377,-0.06183359460564668,0.05283603856644052,0.8774337795560354,False,False,0.062423527242443204,-23_to_-2,group_event__age__age_35_44__ln_salario_real_adm,age,age_pnad,age_35_44,Age 35–44,ln_salario_real_adm,ols,-23_to_41,-1,2022-11,alternative,False,"ln_salario_real_adm ~ i(event_time, treatment, ref=-1) | cbo_4d + periodo",21813,340
35.0,"C(event_time, contr.treatment(base=-1))[13]:treatment",13,-0.001175260980757202,0.023826810362483616,-0.048042274368775645,0.04569175240726124,0.9606892254913539,False,False,0.062423527242443204,-23_to_-2,group_event__age__age_35_44__ln_salario_real_adm,age,age_pnad,age_35_44,Age 35–44,ln_salario_real_adm,ols,-23_to_41,-1,2022-11,alternative,False,"ln_salario_real_adm ~ i(event_time, treatment, ref=-1) | cbo_4d + periodo",21813,340
36.0,"C(event_time, contr.treatment(base=-1))[14]:treatment",14,-0.025683360869057262,0.029480556319219853,-0.08367121600700737,0.032304494268892855,0.38426334337240897,False,False,0.062423527242443204,-23_to_-2,group_event__age__age_35_44__ln_salario_real_adm,age,age_pnad,age_35_44,Age 35–44,ln_salario_real_adm,ols,-23_to_41,-1,2022-11,alternative,False,"ln_salario_real_adm ~ i(event_time, treatment, ref=-1) | cbo_4d + periodo",21813,340
37.0,"C(event_time, contr.treatment(base=-1))[15]:treatment",15,-0.029181202427571766,0.02751997301816673,-0.0833126167570005,0.024950211901856964,0.289733689172313,False,False,0.062423527242443204,-23_to_-2,group_event__age__age_35_44__ln_salario_real_adm,age,age_pnad,age_35_44,Age 35–44,ln_salario_real_adm,ols,-23_to_41,-1,2022-11,alternative,False,"ln_salario_real_adm ~ i(event_time, treatment, ref=-1) | cbo_4d + periodo",21813,340
38.0,"C(event_time, contr.treatment(base=-1))[16]:treatment",16,0.006500485653716232,0.027392857450092813,-0.047380894074349054,0.06038186538178152,0.8125628607678368,False,False,0.062423527242443204,-23_to_-2,group_event__age__age_35_44__ln_salario_real_adm,age,age_pnad,age_35_44,Age 35–44,ln_salario_real_adm,ols,-23_to_41,-1,2022-11,alternative,False,"ln_salario_real_adm ~ i(event_time, treatment, ref=-1) | cbo_4d + periodo",21813,340
39.0,"C(event_time, contr.treatment(base=-1))[17]:treatment",17,-0.00985466820809121,0.02540013240390966,-0.05981638475013656,0.04010704833395414,0.6982765331309788,False,False,0.062423527242443204,-23_to_-2,group_event__age__age_35_44__ln_salario_real_adm,age,age_pnad,age_35_44,Age 35–44,ln_salario_real_adm,ols,-23_to_41,-1,2022-11,alternative,False,"ln_salario_real_adm ~ i(event_time, treatment, ref=-1) | cbo_4d + periodo",21813,340
40.0,"C(event_time, contr.treatment(base=-1))[18]:treatment",18,0.005498331171372568,0.026325828189986474,-0.046284216448742935,0.05728087879148808,0.8346853812648725,False,False,0.062423527242443204,-23_to_-2,group_event__age__age_35_44__ln_salario_real_adm,age,age_pnad,age_35_44,Age 35–44,ln_salario_real_adm,ols,-23_to_41,-1,2022-11,alternative,False,"ln_salario_real_adm ~ i(event_time, treatment, ref=-1) | cbo_4d + periodo",21813,340
41.0,"C(event_time, contr.treatment(base=-1))[19]:treatment",19,0.030790866995761692,0.038399433685009775,-0.044740299166593625,0.10632203315811702,0.4231972141131539,False,False,0.062423527242443204,-23_to_-2,group_event__age__age_35_44__ln_salario_real_adm,age,age_pnad,age_35_44,Age 35–44,ln_salario_real_adm,ols,-23_to_41,-1,2022-11,alternative,False,"ln_salario_real_adm ~ i(event_time, treatment, ref=-1) | cbo_4d + periodo",21813,340
42.0,"C(event_time, contr.treatment(base=-1))[20]:treatment",20,-0.012323799288185193,0.03178528620802855,-0.07484502691331635,0.05019742833694596,0.6984663943911005,False,False,0.062423527242443204,-23_to_-2,group_event__age__age_35_44__ln_salario_real_adm,age,age_pnad,age_35_44,Age 35–44,ln_salario_real_adm,ols,-23_to_41,-1,2022-11,alternative,False,"ln_salario_real_adm ~ i(event_time, treatment, ref=-1) | cbo_4d + periodo",21813,340
43.0,"C(event_time, contr.treatment(base=-1))[21]:treatment",21,0.02192030520711303,0.0261250655181666,-0.029467344955690623,0.07330795536991669,0.4020310426460343,False,False,0.062423527242443204,-23_to_-2,group_event__age__age_35_44__ln_salario_real_adm,age,age_pnad,age_35_44,Age 35–44,ln_salario_real_adm,ols,-23_to_41,-1,2022-11,alternative,False,"ln_salario_real_adm ~ i(event_time, treatment, ref=-1) | cbo_4d + periodo",21813,340
44.0,"C(event_time, contr.treatment(base=-1))[22]:treatment",22,0.014797928258378822,0.02366968801888844,-0.03176002760709239,0.061355884123850034,0.5322704055482363,False,False,0.062423527242443204,-23_to_-2,group_event__age__age_35_44__ln_salario_real_adm,age,age_pnad,age_35_44,Age 35–44,ln_salario_real_adm,ols,-23_to_41,-1,2022-11,alternative,False,"ln_salario_real_adm ~ i(event_time, treatment, ref=-1) | cbo_4d + periodo",21813,340
45.0,"C(event_time, contr.treatment(base=-1))[23]:treatment",23,0.02087998099618922,0.02640730297369556,-0.03106282642038196,0.07282278841276041,0.4296779165624307,False,False,0.062423527242443204,-23_to_-2,group_event__age__age_35_44__ln_salario_real_adm,age,age_pnad,age_35_44,Age 35–44,ln_salario_real_adm,ols,-23_to_41,-1,2022-11,alternative,False,"ln_salario_real_adm ~ i(event_time, treatment, ref=-1) | cbo_4d + periodo",21813,340
46.0,"C(event_time, contr.treatment(base=-1))[24]:treatment",24,-0.012721728547775714,0.031041396969489668,-0.07377973611233597,0.04833627901678454,0.6821887370677546,False,True,0.062423527242443204,-23_to_-2,group_event__age__age_35_44__ln_salario_real_adm,age,age_pnad,age_35_44,Age 35–44,ln_salario_real_adm,ols,-23_to_41,-1,2022-11,alternative,False,"ln_salario_real_adm ~ i(event_time, treatment, ref=-1) | cbo_4d + periodo",21813,340
47.0,"C(event_time, contr.treatment(base=-1))[25]:treatment",25,-0.03631248068065703,0.027457558292003803,-0.09032112608876622,0.017696164727452154,0.18689491865079289,False,True,0.062423527242443204,-23_to_-2,group_event__age__age_35_44__ln_salario_real_adm,age,age_pnad,age_35_44,Age 35–44,ln_salario_real_adm,ols,-23_to_41,-1,2022-11,alternative,False,"ln_salario_real_adm ~ i(event_time, treatment, ref=-1) | cbo_4d + periodo",21813,340
48.0,"C(event_time, contr.treatment(base=-1))[26]:treatment",26,-0.042757717155250036,0.02734207431562755,-0.09653920714538311,0.011023772834883039,0.11879597656386709,False,True,0.062423527242443204,-23_to_-2,group_event__age__age_35_44__ln_salario_real_adm,age,age_pnad,age_35_44,Age 35–44,ln_salario_real_adm,ols,-23_to_41,-1,2022-11,alternative,False,"ln_salario_real_adm ~ i(event_time, treatment, ref=-1) | cbo_4d + periodo",21813,340
49.0,"C(event_time, contr.treatment(base=-1))[27]:treatment",27,0.01419898447712824,0.02920397097268041,-0.043244831028911926,0.0716427999831684,0.6271391769013188,False,True,0.062423527242443204,-23_to_-2,group_event__age__age_35_44__ln_salario_real_adm,age,age_pnad,age_35_44,Age 35–44,ln_salario_real_adm,ols,-23_to_41,-1,2022-11,alternative,False,"ln_salario_real_adm ~ i(event_time, treatment, ref=-1) | cbo_4d + periodo",21813,340
50.0,"C(event_time, contr.treatment(base=-1))[28]:treatment",28,0.044140360772440074,0.029021992647977772,-0.012945505832743572,0.10122622737762371,0.12921006753632502,False,True,0.062423527242443204,-23_to_-2,group_event__age__age_35_44__ln_salario_real_adm,age,age_pnad,age_35_44,Age 35–44,ln_salario_real_adm,ols,-23_to_41,-1,2022-11,alternative,False,"ln_salario_real_adm ~ i(event_time, treatment, ref=-1) | cbo_4d + periodo",21813,340
51.0,"C(event_time, contr.treatment(base=-1))[29]:treatment",29,0.016493523213879712,0.023816307702751092,-0.030352831584642043,0.06333987801240147,0.4890782497894737,False,True,0.062423527242443204,-23_to_-2,group_event__age__age_35_44__ln_salario_real_adm,age,age_pnad,age_35_44,Age 35–44,ln_salario_real_adm,ols,-23_to_41,-1,2022-11,alternative,False,"ln_salario_real_adm ~ i(event_time, treatment, ref=-1) | cbo_4d + periodo",21813,340
52.0,"C(event_time, contr.treatment(base=-1))[30]:treatment",30,0.024869852828065454,0.028966436029435362,-0.03210673466063519,0.0818464403167661,0.3911817833153748,False,True,0.062423527242443204,-23_to_-2,group_event__age__age_35_44__ln_salario_real_adm,age,age_pnad,age_35_44,Age 35–44,ln_salario_real_adm,ols,-23_to_41,-1,2022-11,alternative,False,"ln_salario_real_adm ~ i(event_time, treatment, ref=-1) | cbo_4d + periodo",21813,340
53.0,"C(event_time, contr.treatment(base=-1))[31]:treatment",31,-0.01423937737969689,0.025623032337045198,-0.06463953507234207,0.0361607803129483,0.5787649570811069,False,True,0.062423527242443204,-23_to_-2,group_event__age__age_35_44__ln_salario_real_adm,age,age_pnad,age_35_44,Age 35–44,ln_salario_real_adm,ols,-23_to_41,-1,2022-11,alternative,False,"ln_salario_real_adm ~ i(event_time, treatment, ref=-1) | cbo_4d + periodo",21813,340
54.0,"C(event_time, contr.treatment(base=-1))[32]:treatment",32,0.039844593402630364,0.02615319920637856,-0.011598395343979724,0.09128758214924046,0.12856408978084977,False,True,0.062423527242443204,-23_to_-2,group_event__age__age_35_44__ln_salario_real_adm,age,age_pnad,age_35_44,Age 35–44,ln_salario_real_adm,ols,-23_to_41,-1,2022-11,alternative,False,"ln_salario_real_adm ~ i(event_time, treatment, ref=-1) | cbo_4d + periodo",21813,340
55.0,"C(event_time, contr.treatment(base=-1))[33]:treatment",33,0.004677055591808254,0.023542357849697732,-0.04163044355480831,0.050984554738424816,0.84264346075018,False,True,0.062423527242443204,-23_to_-2,group_event__age__age_35_44__ln_salario_real_adm,age,age_pnad,age_35_44,Age 35–44,ln_salario_real_adm,ols,-23_to_41,-1,2022-11,alternative,False,"ln_salario_real_adm ~ i(event_time, treatment, ref=-1) | cbo_4d + periodo",21813,340
56.0,"C(event_time, contr.treatment(base=-1))[34]:treatment",34,0.009606165683888264,0.02773951136963641,-0.04495707761051655,0.06416940897829308,0.7293328364097591,False,True,0.062423527242443204,-23_to_-2,group_event__age__age_35_44__ln_salario_real_adm,age,age_pnad,age_35_44,Age 35–44,ln_salario_real_adm,ols,-23_to_41,-1,2022-11,alternative,False,"ln_salario_real_adm ~ i(event_time, treatment, ref=-1) | cbo_4d + periodo",21813,340
57.0,"C(event_time, contr.treatment(base=-1))[35]:treatment",35,0.03337405676797576,0.027518247430594535,-0.020753963354061468,0.08750207689001299,0.22605177769958296,False,True,0.062423527242443204,-23_to_-2,group_event__age__age_35_44__ln_salario_real_adm,age,age_pnad,age_35_44,Age 35–44,ln_salario_real_adm,ols,-23_to_41,-1,2022-11,alternative,False,"ln_salario_real_adm ~ i(event_time, treatment, ref=-1) | cbo_4d + periodo",21813,340
58.0,"C(event_time, contr.treatment(base=-1))[36]:treatment",36,0.0566572307754289,0.03840463311168505,-0.018884162588800817,0.1321986241396586,0.14106791739540303,False,True,0.062423527242443204,-23_to_-2,group_event__age__age_35_44__ln_salario_real_adm,age,age_pnad,age_35_44,Age 35–44,ln_salario_real_adm,ols,-23_to_41,-1,2022-11,alternative,False,"ln_salario_real_adm ~ i(event_time, treatment, ref=-1) | cbo_4d + periodo",21813,340
59.0,"C(event_time, contr.treatment(base=-1))[37]:treatment",37,-0.04723967899722508,0.039032994124251714,-0.12401704996569343,0.029537691971243264,0.22702617554721005,False,True,0.062423527242443204,-23_to_-2,group_event__age__age_35_44__ln_salario_real_adm,age,age_pnad,age_35_44,Age 35–44,ln_salario_real_adm,ols,-23_to_41,-1,2022-11,alternative,False,"ln_salario_real_adm ~ i(event_time, treatment, ref=-1) | cbo_4d + periodo",21813,340
60.0,"C(event_time, contr.treatment(base=-1))[38]:treatment",38,-0.0142674159480859,0.026465429244315407,-0.06632455695198547,0.03778972505581367,0.5901742440179092,False,True,0.062423527242443204,-23_to_-2,group_event__age__age_35_44__ln_salario_real_adm,age,age_pnad,age_35_44,Age 35–44,ln_salario_real_adm,ols,-23_to_41,-1,2022-11,alternative,False,"ln_salario_real_adm ~ i(event_time, treatment, ref=-1) | cbo_4d + periodo",21813,340
61.0,"C(event_time, contr.treatment(base=-1))[39]:treatment",39,-0.04667772418411851,0.028872643155190395,-0.103469822359056,0.010114373990818978,0.10687826796198285,False,True,0.062423527242443204,-23_to_-2,group_event__age__age_35_44__ln_salario_real_adm,age,age_pnad,age_35_44,Age 35–44,ln_salario_real_adm,ols,-23_to_41,-1,2022-11,alternative,False,"ln_salario_real_adm ~ i(event_time, treatment, ref=-1) | cbo_4d + periodo",21813,340
62.0,"C(event_time, contr.treatment(base=-1))[40]:treatment",40,0.0023827424251882555,0.023448562893826685,-0.04374026331313483,0.04850574816351134,0.9191217829133609,False,True,0.062423527242443204,-23_to_-2,group_event__age__age_35_44__ln_salario_real_adm,age,age_pnad,age_35_44,Age 35–44,ln_salario_real_adm,ols,-23_to_41,-1,2022-11,alternative,False,"ln_salario_real_adm ~ i(event_time, treatment, ref=-1) | cbo_4d + periodo",21813,340
63.0,"C(event_time, contr.treatment(base=-1))[41]:treatment",41,0.009370492983302942,0.025646852112487413,-0.04107651788513735,0.05981750385174323,0.7150659221285651,False,True,0.062423527242443204,-23_to_-2,group_event__age__age_35_44__ln_salario_real_adm,age,age_pnad,age_35_44,Age 35–44,ln_salario_real_adm,ols,-23_to_41,-1,2022-11,alternative,False,"ln_salario_real_adm ~ i(event_time, treatment, ref=-1) | cbo_4d + periodo",21813,340
0.0,"C(event_time, contr.treatment(base=-1))[-23]:treatment",-23,-0.06721021566623238,0.0984278978731105,-0.2608145180610775,0.1263940867286128,0.4951748045374069,False,False,-0.09171576490066383,-23_to_-2,group_event__age__age_45_54__admissoes,age,age_pnad,age_45_54,Age 45–54,admissoes,ppml,-23_to_41,-1,2022-11,alternative,False,"admissoes ~ i(event_time, treatment, ref=-1) | cbo_4d + periodo",22049,341
1.0,"C(event_time, contr.treatment(base=-1))[-22]:treatment",-22,-0.16339433005676823,0.09214713901073691,-0.34464459498524713,0.017855934871710666,0.07709250353717678,False,False,-0.09171576490066383,-23_to_-2,group_event__age__age_45_54__admissoes,age,age_pnad,age_45_54,Age 45–54,admissoes,ppml,-23_to_41,-1,2022-11,alternative,False,"admissoes ~ i(event_time, treatment, ref=-1) | cbo_4d + periodo",22049,341
2.0,"C(event_time, contr.treatment(base=-1))[-21]:treatment",-21,-0.11228030220871227,0.09032165976555219,-0.2899399120136217,0.06537930759619717,0.2146816275386736,False,False,-0.09171576490066383,-23_to_-2,group_event__age__age_45_54__admissoes,age,age_pnad,age_45_54,Age 45–54,admissoes,ppml,-23_to_41,-1,2022-11,alternative,False,"admissoes ~ i(event_time, treatment, ref=-1) | cbo_4d + periodo",22049,341
3.0,"C(event_time, contr.treatment(base=-1))[-20]:treatment",-20,-0.10669037002504313,0.10222104141742755,-0.3077556557960418,0.09437491574595556,0.29735545109215744,False,False,-0.09171576490066383,-23_to_-2,group_event__age__age_45_54__admissoes,age,age_pnad,age_45_54,Age 45–54,admissoes,ppml,-23_to_41,-1,2022-11,alternative,False,"admissoes ~ i(event_time, treatment, ref=-1) | cbo_4d + periodo",22049,341
4.0,"C(event_time, contr.treatment(base=-1))[-19]:treatment",-19,-0.15373767059203747,0.09529391776892214,-0.3411775415106266,0.03370220032655172,0.10760707760811306,False,False,-0.09171576490066383,-23_to_-2,group_event__age__age_45_54__admissoes,age,age_pnad,age_45_54,Age 45–54,admissoes,ppml,-23_to_41,-1,2022-11,alternative,False,"admissoes ~ i(event_time, treatment, ref=-1) | cbo_4d + periodo",22049,341
5.0,"C(event_time, contr.treatment(base=-1))[-18]:treatment",-18,-0.11578659510446374,0.08572941116213371,-0.2844134092640298,0.052840219055102305,0.1777201334564531,False,False,-0.09171576490066383,-23_to_-2,group_event__age__age_45_54__admissoes,age,age_pnad,age_45_54,Age 45–54,admissoes,ppml,-23_to_41,-1,2022-11,alternative,False,"admissoes ~ i(event_time, treatment, ref=-1) | cbo_4d + periodo",22049,341
6.0,"C(event_time, contr.treatment(base=-1))[-17]:treatment",-17,-0.10448799643539335,0.07736130426006217,-0.25665503105938886,0.04767903818860218,0.17770601734940028,False,False,-0.09171576490066383,-23_to_-2,group_event__age__age_45_54__admissoes,age,age_pnad,age_45_54,Age 45–54,admissoes,ppml,-23_to_41,-1,2022-11,alternative,False,"admissoes ~ i(event_time, treatment, ref=-1) | cbo_4d + periodo",22049,341
7.0,"C(event_time, contr.treatment(base=-1))[-16]:treatment",-16,-0.11460014731260673,0.07693268518449034,-0.26592410290197543,0.03672380827676197,0.13725229084119706,False,False,-0.09171576490066383,-23_to_-2,group_event__age__age_45_54__admissoes,age,age_pnad,age_45_54,Age 45–54,admissoes,ppml,-23_to_41,-1,2022-11,alternative,False,"admissoes ~ i(event_time, treatment, ref=-1) | cbo_4d + periodo",22049,341
8.0,"C(event_time, contr.treatment(base=-1))[-15]:treatment",-15,-0.10221635598285704,0.08085996356154516,-0.26126513356812225,0.05683242160240819,0.20705440887282878,False,False,-0.09171576490066383,-23_to_-2,group_event__age__age_45_54__admissoes,age,age_pnad,age_45_54,Age 45–54,admissoes,ppml,-23_to_41,-1,2022-11,alternative,False,"admissoes ~ i(event_time, treatment, ref=-1) | cbo_4d + periodo",22049,341
9.0,"C(event_time, contr.treatment(base=-1))[-14]:treatment",-14,-0.05464858788921192,0.05626288428102993,-0.16531575337102683,0.056018577592603,0.33208542055005186,False,False,-0.09171576490066383,-23_to_-2,group_event__age__age_45_54__admissoes,age,age_pnad,age_45_54,Age 45–54,admissoes,ppml,-23_to_41,-1,2022-11,alternative,False,"admissoes ~ i(event_time, treatment, ref=-1) | cbo_4d + periodo",22049,341
10.0,"C(event_time, contr.treatment(base=-1))[-13]:treatment",-13,0.0007829370621992522,0.0391224276609801,-0.0761695375813343,0.07773541170573281,0.9840451505738534,False,False,-0.09171576490066383,-23_to_-2,group_event__age__age_45_54__admissoes,age,age_pnad,age_45_54,Age 45–54,admissoes,ppml,-23_to_41,-1,2022-11,alternative,False,"admissoes ~ i(event_time, treatment, ref=-1) | cbo_4d + periodo",22049,341
11.0,"C(event_time, contr.treatment(base=-1))[-12]:treatment",-12,0.043668327495836864,0.02890136941511864,-0.01317967581195676,0.10051633080363048,0.1317317406736631,False,False,-0.09171576490066383,-23_to_-2,group_event__age__age_45_54__admissoes,age,age_pnad,age_45_54,Age 45–54,admissoes,ppml,-23_to_41,-1,2022-11,alternative,False,"admissoes ~ i(event_time, treatment, ref=-1) | cbo_4d + periodo",22049,341
12.0,"C(event_time, contr.treatment(base=-1))[-11]:treatment",-11,-0.0886245595301488,0.08262277465916491,-0.25114072614010435,0.07389160707980674,0.28419304339868456,False,False,-0.09171576490066383,-23_to_-2,group_event__age__age_45_54__admissoes,age,age_pnad,age_45_54,Age 45–54,admissoes,ppml,-23_to_41,-1,2022-11,alternative,False,"admissoes ~ i(event_time, treatment, ref=-1) | cbo_4d + periodo",22049,341
13.0,"C(event_time, contr.treatment(base=-1))[-10]:treatment",-10,-0.13429877503073134,0.08601334208400223,-0.3034840715844611,0.034886521522998454,0.11936641447893259,False,False,-0.09171576490066383,-23_to_-2,group_event__age__age_45_54__admissoes,age,age_pnad,age_45_54,Age 45–54,admissoes,ppml,-23_to_41,-1,2022-11,alternative,False,"admissoes ~ i(event_time, treatment, ref=-1) | cbo_4d + periodo",22049,341
14.0,"C(event_time, contr.treatment(base=-1))[-9]:treatment",-9,-0.09830318237152826,0.08257918543920544,-0.2607336104794478,0.06412724573639132,0.23471531849740557,False,False,-0.09171576490066383,-23_to_-2,group_event__age__age_45_54__admissoes,age,age_pnad,age_45_54,Age 45–54,admissoes,ppml,-23_to_41,-1,2022-11,alternative,False,"admissoes ~ i(event_time, treatment, ref=-1) | cbo_4d + periodo",22049,341
15.0,"C(event_time, contr.treatment(base=-1))[-8]:treatment",-8,-0.05100784665593459,0.0743777570574328,-0.19730634616632026,0.0952906528544511,0.4933101367068229,False,False,-0.09171576490066383,-23_to_-2,group_event__age__age_45_54__admissoes,age,age_pnad,age_45_54,Age 45–54,admissoes,ppml,-23_to_41,-1,2022-11,alternative,False,"admissoes ~ i(event_time, treatment, ref=-1) | cbo_4d + periodo",22049,341
16.0,"C(event_time, contr.treatment(base=-1))[-7]:treatment",-7,-0.13143260515193453,0.0686818983950396,-0.2665275458471773,0.003662335543308276,0.05650529985154673,False,False,-0.09171576490066383,-23_to_-2,group_event__age__age_45_54__admissoes,age,age_pnad,age_45_54,Age 45–54,admissoes,ppml,-23_to_41,-1,2022-11,alternative,False,"admissoes ~ i(event_time, treatment, ref=-1) | cbo_4d + periodo",22049,341
17.0,"C(event_time, contr.treatment(base=-1))[-6]:treatment",-6,-0.12338835074221663,0.07061088446858929,-0.262277540945667,0.01550083946123379,0.08146367987157621,False,False,-0.09171576490066383,-23_to_-2,group_event__age__age_45_54__admissoes,age,age_pnad,age_45_54,Age 45–54,admissoes,ppml,-23_to_41,-1,2022-11,alternative,False,"admissoes ~ i(event_time, treatment, ref=-1) | cbo_4d + periodo",22049,341
18.0,"C(event_time, contr.treatment(base=-1))[-5]:treatment",-5,-0.12178908849542666,0.06660643314336531,-0.25280166015833316,0.009223483167479868,0.06835225382669141,False,False,-0.09171576490066383,-23_to_-2,group_event__age__age_45_54__admissoes,age,age_pnad,age_45_54,Age 45–54,admissoes,ppml,-23_to_41,-1,2022-11,alternative,False,"admissoes ~ i(event_time, treatment, ref=-1) | cbo_4d + periodo",22049,341
19.0,"C(event_time, contr.treatment(base=-1))[-4]:treatment",-4,-0.10333151743158447,0.0646854075634915,-0.2305654976045703,0.023902462741401342,0.1110950079076074,False,False,-0.09171576490066383,-23_to_-2,group_event__age__age_45_54__admissoes,age,age_pnad,age_45_54,Age 45–54,admissoes,ppml,-23_to_41,-1,2022-11,alternative,False,"admissoes ~ i(event_time, treatment, ref=-1) | cbo_4d + periodo",22049,341
20.0,"C(event_time, contr.treatment(base=-1))[-3]:treatment",-3,-0.05283146189822978,0.06081828658950198,-0.17245894762580033,0.06679602382934077,0.3856364492412294,False,False,-0.09171576490066383,-23_to_-2,group_event__age__age_45_54__admissoes,age,age_pnad,age_45_54,Age 45–54,admissoes,ppml,-23_to_41,-1,2022-11,alternative,False,"admissoes ~ i(event_time, treatment, ref=-1) | cbo_4d + periodo",22049,341
21.0,"C(event_time, contr.treatment(base=-1))[-2]:treatment",-2,-0.06213813379157886,0.030733278387510467,-0.12258943927603788,-0.0016868283071198517,0.04397452285639458,False,False,-0.09171576490066383,-23_to_-2,group_event__age__age_45_54__admissoes,age,age_pnad,age_45_54,Age 45–54,admissoes,ppml,-23_to_41,-1,2022-11,alternative,False,"admissoes ~ i(event_time, treatment, ref=-1) | cbo_4d + periodo",22049,341
,reference_event_time,-1,0.0,0.0,0.0,0.0,,True,False,-0.09171576490066383,-23_to_-2,group_event__age__age_45_54__admissoes,age,age_pnad,age_45_54,Age 45–54,admissoes,ppml,-23_to_41,-1,2022-11,alternative,False,"admissoes ~ i(event_time, treatment, ref=-1) | cbo_4d + periodo",22049,341
22.0,"C(event_time, contr.treatment(base=-1))[0]:treatment",0,-0.016300184390680792,0.0363273565654326,-0.0877548499649291,0.05515448118356753,0.6539319432853041,False,False,-0.09171576490066383,-23_to_-2,group_event__age__age_45_54__admissoes,age,age_pnad,age_45_54,Age 45–54,admissoes,ppml,-23_to_41,-1,2022-11,alternative,False,"admissoes ~ i(event_time, treatment, ref=-1) | cbo_4d + periodo",22049,341
23.0,"C(event_time, contr.treatment(base=-1))[1]:treatment",1,-0.13478914792731153,0.06416620447111399,-0.2610018734085576,-0.008576422446065463,0.03640992593753101,False,False,-0.09171576490066383,-23_to_-2,group_event__age__age_45_54__admissoes,age,age_pnad,age_45_54,Age 45–54,admissoes,ppml,-23_to_41,-1,2022-11,alternative,False,"admissoes ~ i(event_time, treatment, ref=-1) | cbo_4d + periodo",22049,341
24.0,"C(event_time, contr.treatment(base=-1))[2]:treatment",2,-0.1853759598960133,0.0676294031494245,-0.3184006785078394,-0.05235124128418725,0.006447871606110711,False,False,-0.09171576490066383,-23_to_-2,group_event__age__age_45_54__admissoes,age,age_pnad,age_45_54,Age 45–54,admissoes,ppml,-23_to_41,-1,2022-11,alternative,False,"admissoes ~ i(event_time, treatment, ref=-1) | cbo_4d + periodo",22049,341
25.0,"C(event_time, contr.treatment(base=-1))[3]:treatment",3,-0.157465810467667,0.053821219195894075,-0.26333030439289756,-0.05160131654243642,0.0036676099781720595,False,False,-0.09171576490066383,-23_to_-2,group_event__age__age_45_54__admissoes,age,age_pnad,age_45_54,Age 45–54,admissoes,ppml,-23_to_41,-1,2022-11,alternative,False,"admissoes ~ i(event_time, treatment, ref=-1) | cbo_4d + periodo",22049,341
26.0,"C(event_time, contr.treatment(base=-1))[4]:treatment",4,-0.12839354256196878,0.048265530431994136,-0.2233301870593435,-0.03345689806459408,0.008180675764699163,False,False,-0.09171576490066383,-23_to_-2,group_event__age__age_45_54__admissoes,age,age_pnad,age_45_54,Age 45–54,admissoes,ppml,-23_to_41,-1,2022-11,alternative,False,"admissoes ~ i(event_time, treatment, ref=-1) | cbo_4d + periodo",22049,341
27.0,"C(event_time, contr.treatment(base=-1))[5]:treatment",5,-0.18102583178879653,0.04764099033893617,-0.2747340273235613,-0.08731763625403176,0.00017155152018477615,False,False,-0.09171576490066383,-23_to_-2,group_event__age__age_45_54__admissoes,age,age_pnad,age_45_54,Age 45–54,admissoes,ppml,-23_to_41,-1,2022-11,alternative,False,"admissoes ~ i(event_time, treatment, ref=-1) | cbo_4d + periodo",22049,341
28.0,"C(event_time, contr.treatment(base=-1))[6]:treatment",6,-0.14937308048292852,0.04739878241731356,-0.24260486133533665,-0.056141299630520405,0.00176923659319006,False,False,-0.09171576490066383,-23_to_-2,group_event__age__age_45_54__admissoes,age,age_pnad,age_45_54,Age 45–54,admissoes,ppml,-23_to_41,-1,2022-11,alternative,False,"admissoes ~ i(event_time, treatment, ref=-1) | cbo_4d + periodo",22049,341
29.0,"C(event_time, contr.treatment(base=-1))[7]:treatment",7,-0.1363631313715179,0.036743434456403296,-0.2086362079000177,-0.06409005484301811,0.00024089469758936666,False,False,-0.09171576490066383,-23_to_-2,group_event__age__age_45_54__admissoes,age,age_pnad,age_45_54,Age 45–54,admissoes,ppml,-23_to_41,-1,2022-11,alternative,False,"admissoes ~ i(event_time, treatment, ref=-1) | cbo_4d + periodo",22049,341
30.0,"C(event_time, contr.treatment(base=-1))[8]:treatment",8,-0.13122070914087852,0.043278078103776124,-0.2163472058082447,-0.046094212473512336,0.0026156901170031333,False,False,-0.09171576490066383,-23_to_-2,group_event__age__age_45_54__admissoes,age,age_pnad,age_45_54,Age 45–54,admissoes,ppml,-23_to_41,-1,2022-11,alternative,False,"admissoes ~ i(event_time, treatment, ref=-1) | cbo_4d + periodo",22049,341
31.0,"C(event_time, contr.treatment(base=-1))[9]:treatment",9,-0.12214103851583634,0.038959769983849916,-0.19877357108206828,-0.0455085059496044,0.0018679351593022808,False,False,-0.09171576490066383,-23_to_-2,group_event__age__age_45_54__admissoes,age,age_pnad,age_45_54,Age 45–54,admissoes,ppml,-23_to_41,-1,2022-11,alternative,False,"admissoes ~ i(event_time, treatment, ref=-1) | cbo_4d + periodo",22049,341
32.0,"C(event_time, contr.treatment(base=-1))[10]:treatment",10,-0.05771277156036896,0.02150658812415685,-0.10001549345775643,-0.015410049662981491,0.007642112788487587,False,False,-0.09171576490066383,-23_to_-2,group_event__age__age_45_54__admissoes,age,age_pnad,age_45_54,Age 45–54,admissoes,ppml,-23_to_41,-1,2022-11,alternative,False,"admissoes ~ i(event_time, treatment, ref=-1) | cbo_4d + periodo",22049,341
33.0,"C(event_time, contr.treatment(base=-1))[11]:treatment",11,-0.000488500289900708,0.02290128228123837,-0.045534537803802025,0.044557537224000604,0.982994370068792,False,False,-0.09171576490066383,-23_to_-2,group_event__age__age_45_54__admissoes,age,age_pnad,age_45_54,Age 45–54,admissoes,ppml,-23_to_41,-1,2022-11,alternative,False,"admissoes ~ i(event_time, treatment, ref=-1) | cbo_4d + periodo",22049,341
34.0,"C(event_time, contr.treatment(base=-1))[12]:treatment",12,0.03213442866143472,0.048083065799969356,-0.06244331415706403,0.12671217147993347,0.5043887063474317,False,False,-0.09171576490066383,-23_to_-2,group_event__age__age_45_54__admissoes,age,age_pnad,age_45_54,Age 45–54,admissoes,ppml,-23_to_41,-1,2022-11,alternative,False,"admissoes ~ i(event_time, treatment, ref=-1) | cbo_4d + periodo",22049,341
35.0,"C(event_time, contr.treatment(base=-1))[13]:treatment",13,-0.09866273438613644,0.05099494388420154,-0.19896804161816536,0.001642572845892476,0.05384957748641228,False,False,-0.09171576490066383,-23_to_-2,group_event__age__age_45_54__admissoes,age,age_pnad,age_45_54,Age 45–54,admissoes,ppml,-23_to_41,-1,2022-11,alternative,False,"admissoes ~ i(event_time, treatment, ref=-1) | cbo_4d + periodo",22049,341
36.0,"C(event_time, contr.treatment(base=-1))[14]:treatment",14,-0.15802220287573668,0.05113784638934439,-0.2586085944386971,-0.05743581131277625,0.0021658116828964236,False,False,-0.09171576490066383,-23_to_-2,group_event__age__age_45_54__admissoes,age,age_pnad,age_45_54,Age 45–54,admissoes,ppml,-23_to_41,-1,2022-11,alternative,False,"admissoes ~ i(event_time, treatment, ref=-1) | cbo_4d + periodo",22049,341
37.0,"C(event_time, contr.treatment(base=-1))[15]:treatment",15,-0.10707299851941245,0.0402756649623255,-0.18629385141796598,-0.027852145620858915,0.008219916432566698,False,False,-0.09171576490066383,-23_to_-2,group_event__age__age_45_54__admissoes,age,age_pnad,age_45_54,Age 45–54,admissoes,ppml,-23_to_41,-1,2022-11,alternative,False,"admissoes ~ i(event_time, treatment, ref=-1) | cbo_4d + periodo",22049,341
38.0,"C(event_time, contr.treatment(base=-1))[16]:treatment",16,-0.10663326651153353,0.03590172132377933,-0.17725072215022905,-0.036015810872838006,0.003188255465420342,False,False,-0.09171576490066383,-23_to_-2,group_event__age__age_45_54__admissoes,age,age_pnad,age_45_54,Age 45–54,admissoes,ppml,-23_to_41,-1,2022-11,alternative,False,"admissoes ~ i(event_time, treatment, ref=-1) | cbo_4d + periodo",22049,341
39.0,"C(event_time, contr.treatment(base=-1))[17]:treatment",17,-0.13192546454446935,0.03263150524202501,-0.1961105172072865,-0.06774041188165221,6.535332498791568e-05,False,False,-0.09171576490066383,-23_to_-2,group_event__age__age_45_54__admissoes,age,age_pnad,age_45_54,Age 45–54,admissoes,ppml,-23_to_41,-1,2022-11,alternative,False,"admissoes ~ i(event_time, treatment, ref=-1) | cbo_4d + periodo",22049,341
40.0,"C(event_time, contr.treatment(base=-1))[18]:treatment",18,-0.1361992173231315,0.03324120415133317,-0.2015835268486694,-0.07081490779759361,5.23075654503824e-05,False,False,-0.09171576490066383,-23_to_-2,group_event__age__age_45_54__admissoes,age,age_pnad,age_45_54,Age 45–54,admissoes,ppml,-23_to_41,-1,2022-11,alternative,False,"admissoes ~ i(event_time, treatment, ref=-1) | cbo_4d + periodo",22049,341
41.0,"C(event_time, contr.treatment(base=-1))[19]:treatment",19,-0.08435321839861103,0.031960992841057,-0.14721939614444218,-0.02148704065277987,0.00869143404990691,False,False,-0.09171576490066383,-23_to_-2,group_event__age__age_45_54__admissoes,age,age_pnad,age_45_54,Age 45–54,admissoes,ppml,-23_to_41,-1,2022-11,alternative,False,"admissoes ~ i(event_time, treatment, ref=-1) | cbo_4d + periodo",22049,341
42.0,"C(event_time, contr.treatment(base=-1))[20]:treatment",20,-0.07927508405934032,0.03354444423598786,-0.1452558564405963,-0.013294311678084328,0.018675911581778504,False,False,-0.09171576490066383,-23_to_-2,group_event__age__age_45_54__admissoes,age,age_pnad,age_45_54,Age 45–54,admissoes,ppml,-23_to_41,-1,2022-11,alternative,False,"admissoes ~ i(event_time, treatment, ref=-1) | cbo_4d + periodo",22049,341
43.0,"C(event_time, contr.treatment(base=-1))[21]:treatment",21,-0.06821045780335273,0.0364109432560016,-0.1398295355337762,0.0034086199270707274,0.06187772015725268,False,False,-0.09171576490066383,-23_to_-2,group_event__age__age_45_54__admissoes,age,age_pnad,age_45_54,Age 45–54,admissoes,ppml,-23_to_41,-1,2022-11,alternative,False,"admissoes ~ i(event_time, treatment, ref=-1) | cbo_4d + periodo",22049,341
44.0,"C(event_time, contr.treatment(base=-1))[22]:treatment",22,-0.06827165941370944,0.033304280515312014,-0.13378003798582466,-0.002763280841594218,0.041137261040075535,False,False,-0.09171576490066383,-23_to_-2,group_event__age__age_45_54__admissoes,age,age_pnad,age_45_54,Age 45–54,admissoes,ppml,-23_to_41,-1,2022-11,alternative,False,"admissoes ~ i(event_time, treatment, ref=-1) | cbo_4d + periodo",22049,341
45.0,"C(event_time, contr.treatment(base=-1))[23]:treatment",23,0.032146922865881625,0.04681775057579486,-0.059941988263844434,0.12423583399560768,0.4927778692615963,False,False,-0.09171576490066383,-23_to_-2,group_event__age__age_45_54__admissoes,age,age_pnad,age_45_54,Age 45–54,admissoes,ppml,-23_to_41,-1,2022-11,alternative,False,"admissoes ~ i(event_time, treatment, ref=-1) | cbo_4d + periodo",22049,341
46.0,"C(event_time, contr.treatment(base=-1))[24]:treatment",24,0.0631591888993974,0.07913991264178019,-0.09250630746580141,0.2188246852645962,0.42538692976118564,False,True,-0.09171576490066383,-23_to_-2,group_event__age__age_45_54__admissoes,age,age_pnad,age_45_54,Age 45–54,admissoes,ppml,-23_to_41,-1,2022-11,alternative,False,"admissoes ~ i(event_time, treatment, ref=-1) | cbo_4d + periodo",22049,341
47.0,"C(event_time, contr.treatment(base=-1))[25]:treatment",25,-0.11840364731061649,0.039836287389040645,-0.19676025957819143,-0.040047035043041565,0.003166957545314819,False,True,-0.09171576490066383,-23_to_-2,group_event__age__age_45_54__admissoes,age,age_pnad,age_45_54,Age 45–54,admissoes,ppml,-23_to_41,-1,2022-11,alternative,False,"admissoes ~ i(event_time, treatment, ref=-1) | cbo_4d + periodo",22049,341
48.0,"C(event_time, contr.treatment(base=-1))[26]:treatment",26,-0.12952904894252898,0.04866412766676972,-0.22524972054241,-0.03380837734264798,0.008144006251027847,False,True,-0.09171576490066383,-23_to_-2,group_event__age__age_45_54__admissoes,age,age_pnad,age_45_54,Age 45–54,admissoes,ppml,-23_to_41,-1,2022-11,alternative,False,"admissoes ~ i(event_time, treatment, ref=-1) | cbo_4d + periodo",22049,341
49.0,"C(event_time, contr.treatment(base=-1))[27]:treatment",27,-0.08708065457348245,0.028705983315902493,-0.14354434011920053,-0.030616969027764354,0.0026030641340584193,False,True,-0.09171576490066383,-23_to_-2,group_event__age__age_45_54__admissoes,age,age_pnad,age_45_54,Age 45–54,admissoes,ppml,-23_to_41,-1,2022-11,alternative,False,"admissoes ~ i(event_time, treatment, ref=-1) | cbo_4d + periodo",22049,341
50.0,"C(event_time, contr.treatment(base=-1))[28]:treatment",28,-0.046121526263899856,0.0278776089621338,-0.1009558278407566,0.008712775312956896,0.09896318636271317,False,True,-0.09171576490066383,-23_to_-2,group_event__age__age_45_54__admissoes,age,age_pnad,age_45_54,Age 45–54,admissoes,ppml,-23_to_41,-1,2022-11,alternative,False,"admissoes ~ i(event_time, treatment, ref=-1) | cbo_4d + periodo",22049,341
51.0,"C(event_time, contr.treatment(base=-1))[29]:treatment",29,-0.0928456093066857,0.028724436471648917,-0.14934559157744282,-0.03634562703592857,0.0013482393105779256,False,True,-0.09171576490066383,-23_to_-2,group_event__age__age_45_54__admissoes,age,age_pnad,age_45_54,Age 45–54,admissoes,ppml,-23_to_41,-1,2022-11,alternative,False,"admissoes ~ i(event_time, treatment, ref=-1) | cbo_4d + periodo",22049,341
52.0,"C(event_time, contr.treatment(base=-1))[30]:treatment",30,-0.03649442851458467,0.026356881692879648,-0.08833751166192337,0.015348654632754033,0.16707477219727052,False,True,-0.09171576490066383,-23_to_-2,group_event__age__age_45_54__admissoes,age,age_pnad,age_45_54,Age 45–54,admissoes,ppml,-23_to_41,-1,2022-11,alternative,False,"admissoes ~ i(event_time, treatment, ref=-1) | cbo_4d + periodo",22049,341
53.0,"C(event_time, contr.treatment(base=-1))[31]:treatment",31,-0.05035242702487593,0.026413067769069626,-0.10230602625881324,0.0016011722090613842,0.0574483132366308,False,True,-0.09171576490066383,-23_to_-2,group_event__age__age_45_54__admissoes,age,age_pnad,age_45_54,Age 45–54,admissoes,ppml,-23_to_41,-1,2022-11,alternative,False,"admissoes ~ i(event_time, treatment, ref=-1) | cbo_4d + periodo",22049,341
54.0,"C(event_time, contr.treatment(base=-1))[32]:treatment",32,-0.0370994306540231,0.02966816067650443,-0.09545568609816166,0.021256824790115453,0.2119842947540822,False,True,-0.09171576490066383,-23_to_-2,group_event__age__age_45_54__admissoes,age,age_pnad,age_45_54,Age 45–54,admissoes,ppml,-23_to_41,-1,2022-11,alternative,False,"admissoes ~ i(event_time, treatment, ref=-1) | cbo_4d + periodo",22049,341
55.0,"C(event_time, contr.treatment(base=-1))[33]:treatment",33,-0.0380121523533944,0.03258507816762778,-0.10210588455173819,0.02608157984494939,0.24420935196092675,False,True,-0.09171576490066383,-23_to_-2,group_event__age__age_45_54__admissoes,age,age_pnad,age_45_54,Age 45–54,admissoes,ppml,-23_to_41,-1,2022-11,alternative,False,"admissoes ~ i(event_time, treatment, ref=-1) | cbo_4d + periodo",22049,341
56.0,"C(event_time, contr.treatment(base=-1))[34]:treatment",34,-0.03238933148178895,0.03273989551584987,-0.09678758409912815,0.03200892113555025,0.3232235803032426,False,True,-0.09171576490066383,-23_to_-2,group_event__age__age_45_54__admissoes,age,age_pnad,age_45_54,Age 45–54,admissoes,ppml,-23_to_41,-1,2022-11,alternative,False,"admissoes ~ i(event_time, treatment, ref=-1) | cbo_4d + periodo",22049,341
57.0,"C(event_time, contr.treatment(base=-1))[35]:treatment",35,0.06620059794130255,0.04806856032791735,-0.028348613110713114,0.1607498089933182,0.1693527073973775,False,True,-0.09171576490066383,-23_to_-2,group_event__age__age_45_54__admissoes,age,age_pnad,age_45_54,Age 45–54,admissoes,ppml,-23_to_41,-1,2022-11,alternative,False,"admissoes ~ i(event_time, treatment, ref=-1) | cbo_4d + periodo",22049,341
58.0,"C(event_time, contr.treatment(base=-1))[36]:treatment",36,0.11911923047625769,0.0885614645863274,-0.05507813572580747,0.2933165966783229,0.17950689718214274,False,True,-0.09171576490066383,-23_to_-2,group_event__age__age_45_54__admissoes,age,age_pnad,age_45_54,Age 45–54,admissoes,ppml,-23_to_41,-1,2022-11,alternative,False,"admissoes ~ i(event_time, treatment, ref=-1) | cbo_4d + periodo",22049,341
59.0,"C(event_time, contr.treatment(base=-1))[37]:treatment",37,-0.08087167839602519,0.03555999730374091,-0.15081697459678992,-0.010926382195260459,0.02357471776689457,False,True,-0.09171576490066383,-23_to_-2,group_event__age__age_45_54__admissoes,age,age_pnad,age_45_54,Age 45–54,admissoes,ppml,-23_to_41,-1,2022-11,alternative,False,"admissoes ~ i(event_time, treatment, ref=-1) | cbo_4d + periodo",22049,341
60.0,"C(event_time, contr.treatment(base=-1))[38]:treatment",38,-0.13318394113601212,0.047097895593657915,-0.22582388791645064,-0.04054399435557361,0.004964472557555721,False,True,-0.09171576490066383,-23_to_-2,group_event__age__age_45_54__admissoes,age,age_pnad,age_45_54,Age 45–54,admissoes,ppml,-23_to_41,-1,2022-11,alternative,False,"admissoes ~ i(event_time, treatment, ref=-1) | cbo_4d + periodo",22049,341
61.0,"C(event_time, contr.treatment(base=-1))[39]:treatment",39,-0.04960263382111092,0.03663279706599353,-0.12165809039376566,0.02245282275154381,0.1766197589743581,False,True,-0.09171576490066383,-23_to_-2,group_event__age__age_45_54__admissoes,age,age_pnad,age_45_54,Age 45–54,admissoes,ppml,-23_to_41,-1,2022-11,alternative,False,"admissoes ~ i(event_time, treatment, ref=-1) | cbo_4d + periodo",22049,341
62.0,"C(event_time, contr.treatment(base=-1))[40]:treatment",40,-0.02883909004076159,0.029721143270541074,-0.08729956043187338,0.0296213803503502,0.3325755918433342,False,True,-0.09171576490066383,-23_to_-2,group_event__age__age_45_54__admissoes,age,age_pnad,age_45_54,Age 45–54,admissoes,ppml,-23_to_41,-1,2022-11,alternative,False,"admissoes ~ i(event_time, treatment, ref=-1) | cbo_4d + periodo",22049,341
63.0,"C(event_time, contr.treatment(base=-1))[41]:treatment",41,-0.04661258347353888,0.03494648144739801,-0.11535111500755668,0.022125948060478927,0.18315313548406342,False,True,-0.09171576490066383,-23_to_-2,group_event__age__age_45_54__admissoes,age,age_pnad,age_45_54,Age 45–54,admissoes,ppml,-23_to_41,-1,2022-11,alternative,False,"admissoes ~ i(event_time, treatment, ref=-1) | cbo_4d + periodo",22049,341
0.0,"C(event_time, contr.treatment(base=-1))[-23]:treatment",-23,-0.03952337205264309,0.036123939557916256,-0.11057867207528346,0.031531927969997285,0.2746858548324487,False,False,0.024292878074716785,-23_to_-2,group_event__age__age_45_54__ln_salario_real_adm,age,age_pnad,age_45_54,Age 45–54,ln_salario_real_adm,ols,-23_to_41,-1,2022-11,alternative,False,"ln_salario_real_adm ~ i(event_time, treatment, ref=-1) | cbo_4d + periodo",21437,340
1.0,"C(event_time, contr.treatment(base=-1))[-22]:treatment",-22,-0.02501620819762765,0.038123145982512235,-0.10000392018987359,0.04997150379461829,0.5121439653617021,False,False,0.024292878074716785,-23_to_-2,group_event__age__age_45_54__ln_salario_real_adm,age,age_pnad,age_45_54,Age 45–54,ln_salario_real_adm,ols,-23_to_41,-1,2022-11,alternative,False,"ln_salario_real_adm ~ i(event_time, treatment, ref=-1) | cbo_4d + periodo",21437,340
2.0,"C(event_time, contr.treatment(base=-1))[-21]:treatment",-21,-0.0020765086705770677,0.04054512807429855,-0.08182822664576475,0.07767520930461061,0.9591845605953548,False,False,0.024292878074716785,-23_to_-2,group_event__age__age_45_54__ln_salario_real_adm,age,age_pnad,age_45_54,Age 45–54,ln_salario_real_adm,ols,-23_to_41,-1,2022-11,alternative,False,"ln_salario_real_adm ~ i(event_time, treatment, ref=-1) | cbo_4d + periodo",21437,340
3.0,"C(event_time, contr.treatment(base=-1))[-20]:treatment",-20,0.08358407773025071,0.05302224431653111,-0.020709958963741004,0.18787811442424243,0.11586716381293449,False,False,0.024292878074716785,-23_to_-2,group_event__age__age_45_54__ln_salario_real_adm,age,age_pnad,age_45_54,Age 45–54,ln_salario_real_adm,ols,-23_to_41,-1,2022-11,alternative,False,"ln_salario_real_adm ~ i(event_time, treatment, ref=-1) | cbo_4d + periodo",21437,340
4.0,"C(event_time, contr.treatment(base=-1))[-19]:treatment",-19,0.059857020973935166,0.031196122152757487,-0.001505328931263955,0.12121937087913429,0.0558576716394481,False,False,0.024292878074716785,-23_to_-2,group_event__age__age_45_54__ln_salario_real_adm,age,age_pnad,age_45_54,Age 45–54,ln_salario_real_adm,ols,-23_to_41,-1,2022-11,alternative,False,"ln_salario_real_adm ~ i(event_time, treatment, ref=-1) | cbo_4d + periodo",21437,340
5.0,"C(event_time, contr.treatment(base=-1))[-18]:treatment",-18,0.04245228220018186,0.029732615228655772,-0.01603136939996292,0.10093593380032664,0.15426945806617454,False,False,0.024292878074716785,-23_to_-2,group_event__age__age_45_54__ln_salario_real_adm,age,age_pnad,age_45_54,Age 45–54,ln_salario_real_adm,ols,-23_to_41,-1,2022-11,alternative,False,"ln_salario_real_adm ~ i(event_time, treatment, ref=-1) | cbo_4d + periodo",21437,340
6.0,"C(event_time, contr.treatment(base=-1))[-17]:treatment",-17,0.012773960120103059,0.029223971184553665,-0.044709195531905735,0.07025711577211186,0.6623131064117029,False,False,0.024292878074716785,-23_to_-2,group_event__age__age_45_54__ln_salario_real_adm,age,age_pnad,age_45_54,Age 45–54,ln_salario_real_adm,ols,-23_to_41,-1,2022-11,alternative,False,"ln_salario_real_adm ~ i(event_time, treatment, ref=-1) | cbo_4d + periodo",21437,340
7.0,"C(event_time, contr.treatment(base=-1))[-16]:treatment",-16,0.09458402001251028,0.05859108701443793,-0.020663854870814416,0.20983189489583498,0.107391146182652,False,False,0.024292878074716785,-23_to_-2,group_event__age__age_45_54__ln_salario_real_adm,age,age_pnad,age_45_54,Age 45–54,ln_salario_real_adm,ols,-23_to_41,-1,2022-11,alternative,False,"ln_salario_real_adm ~ i(event_time, treatment, ref=-1) | cbo_4d + periodo",21437,340
8.0,"C(event_time, contr.treatment(base=-1))[-15]:treatment",-15,-0.016150136550177118,0.03502812245935593,-0.08504997917639187,0.05274970607603763,0.6450497793780388,False,False,0.024292878074716785,-23_to_-2,group_event__age__age_45_54__ln_salario_real_adm,age,age_pnad,age_45_54,Age 45–54,ln_salario_real_adm,ols,-23_to_41,-1,2022-11,alternative,False,"ln_salario_real_adm ~ i(event_time, treatment, ref=-1) | cbo_4d + periodo",21437,340
9.0,"C(event_time, contr.treatment(base=-1))[-14]:treatment",-14,0.0026180570451659253,0.03901119199198743,-0.07411642942432113,0.07935254351465297,0.9465333698954062,False,False,0.024292878074716785,-23_to_-2,group_event__age__age_45_54__ln_salario_real_adm,age,age_pnad,age_45_54,Age 45–54,ln_salario_real_adm,ols,-23_to_41,-1,2022-11,alternative,False,"ln_salario_real_adm ~ i(event_time, treatment, ref=-1) | cbo_4d + periodo",21437,340
10.0,"C(event_time, contr.treatment(base=-1))[-13]:treatment",-13,0.03314745364640357,0.038235885231358076,-0.04206201492192747,0.10835692221473461,0.38659903674668517,False,False,0.024292878074716785,-23_to_-2,group_event__age__age_45_54__ln_salario_real_adm,age,age_pnad,age_45_54,Age 45–54,ln_salario_real_adm,ols,-23_to_41,-1,2022-11,alternative,False,"ln_salario_real_adm ~ i(event_time, treatment, ref=-1) | cbo_4d + periodo",21437,340
11.0,"C(event_time, contr.treatment(base=-1))[-12]:treatment",-12,-0.011263780330116326,0.029226607901567538,-0.06875212236879248,0.046224561708559826,0.7001867046331884,False,False,0.024292878074716785,-23_to_-2,group_event__age__age_45_54__ln_salario_real_adm,age,age_pnad,age_45_54,Age 45–54,ln_salario_real_adm,ols,-23_to_41,-1,2022-11,alternative,False,"ln_salario_real_adm ~ i(event_time, treatment, ref=-1) | cbo_4d + periodo",21437,340
12.0,"C(event_time, contr.treatment(base=-1))[-11]:treatment",-11,0.056997548864020336,0.028610436245470727,0.0007212081304402568,0.11327388959760042,0.04715146030302253,False,False,0.024292878074716785,-23_to_-2,group_event__age__age_45_54__ln_salario_real_adm,age,age_pnad,age_45_54,Age 45–54,ln_salario_real_adm,ols,-23_to_41,-1,2022-11,alternative,False,"ln_salario_real_adm ~ i(event_time, treatment, ref=-1) | cbo_4d + periodo",21437,340
13.0,"C(event_time, contr.treatment(base=-1))[-10]:treatment",-10,0.0287912150367144,0.027045179043949964,-0.024406285973741313,0.08198871604717012,0.2878327662273761,False,False,0.024292878074716785,-23_to_-2,group_event__age__age_45_54__ln_salario_real_adm,age,age_pnad,age_45_54,Age 45–54,ln_salario_real_adm,ols,-23_to_41,-1,2022-11,alternative,False,"ln_salario_real_adm ~ i(event_time, treatment, ref=-1) | cbo_4d + periodo",21437,340
14.0,"C(event_time, contr.treatment(base=-1))[-9]:treatment",-9,-0.01247482067521825,0.02676043514176293,-0.06511223428526519,0.040162592934828684,0.641395658155758,False,False,0.024292878074716785,-23_to_-2,group_event__age__age_45_54__ln_salario_real_adm,age,age_pnad,age_45_54,Age 45–54,ln_salario_real_adm,ols,-23_to_41,-1,2022-11,alternative,False,"ln_salario_real_adm ~ i(event_time, treatment, ref=-1) | cbo_4d + periodo",21437,340
15.0,"C(event_time, contr.treatment(base=-1))[-8]:treatment",-8,0.013668156876590485,0.03282276743790413,-0.05089378228108206,0.07823009603426302,0.6773639918546257,False,False,0.024292878074716785,-23_to_-2,group_event__age__age_45_54__ln_salario_real_adm,age,age_pnad,age_45_54,Age 45–54,ln_salario_real_adm,ols,-23_to_41,-1,2022-11,alternative,False,"ln_salario_real_adm ~ i(event_time, treatment, ref=-1) | cbo_4d + periodo",21437,340
16.0,"C(event_time, contr.treatment(base=-1))[-7]:treatment",-7,0.07464313931265026,0.04182092160378147,-0.007618047261858191,0.15690432588715872,0.07518334717932551,False,False,0.024292878074716785,-23_to_-2,group_event__age__age_45_54__ln_salario_real_adm,age,age_pnad,age_45_54,Age 45–54,ln_salario_real_adm,ols,-23_to_41,-1,2022-11,alternative,False,"ln_salario_real_adm ~ i(event_time, treatment, ref=-1) | cbo_4d + periodo",21437,340
17.0,"C(event_time, contr.treatment(base=-1))[-6]:treatment",-6,0.03713366780261552,0.027792459115364355,-0.017533722990768198,0.09180105859599924,0.18241085755154174,False,False,0.024292878074716785,-23_to_-2,group_event__age__age_45_54__ln_salario_real_adm,age,age_pnad,age_45_54,Age 45–54,ln_salario_real_adm,ols,-23_to_41,-1,2022-11,alternative,False,"ln_salario_real_adm ~ i(event_time, treatment, ref=-1) | cbo_4d + periodo",21437,340
18.0,"C(event_time, contr.treatment(base=-1))[-5]:treatment",-5,0.032418876120051815,0.044941469040833064,-0.05598038501354752,0.12081813725365115,0.4711866490924588,False,False,0.024292878074716785,-23_to_-2,group_event__age__age_45_54__ln_salario_real_adm,age,age_pnad,age_45_54,Age 45–54,ln_salario_real_adm,ols,-23_to_41,-1,2022-11,alternative,False,"ln_salario_real_adm ~ i(event_time, treatment, ref=-1) | cbo_4d + periodo",21437,340
19.0,"C(event_time, contr.treatment(base=-1))[-4]:treatment",-4,0.03197035071835916,0.03340163286114767,-0.0337302088894821,0.09767091032620041,0.339173970732352,False,False,0.024292878074716785,-23_to_-2,group_event__age__age_45_54__ln_salario_real_adm,age,age_pnad,age_45_54,Age 45–54,ln_salario_real_adm,ols,-23_to_41,-1,2022-11,alternative,False,"ln_salario_real_adm ~ i(event_time, treatment, ref=-1) | cbo_4d + periodo",21437,340
20.0,"C(event_time, contr.treatment(base=-1))[-3]:treatment",-3,0.01273129832065321,0.03250716101129897,-0.051209847268932726,0.07667244391023915,0.6955658936143858,False,False,0.024292878074716785,-23_to_-2,group_event__age__age_45_54__ln_salario_real_adm,age,age_pnad,age_45_54,Age 45–54,ln_salario_real_adm,ols,-23_to_41,-1,2022-11,alternative,False,"ln_salario_real_adm ~ i(event_time, treatment, ref=-1) | cbo_4d + periodo",21437,340
21.0,"C(event_time, contr.treatment(base=-1))[-2]:treatment",-2,0.023577019339922994,0.030736888200679893,-0.036882023599181246,0.08403606227902723,0.4435800660716709,False,False,0.024292878074716785,-23_to_-2,group_event__age__age_45_54__ln_salario_real_adm,age,age_pnad,age_45_54,Age 45–54,ln_salario_real_adm,ols,-23_to_41,-1,2022-11,alternative,False,"ln_salario_real_adm ~ i(event_time, treatment, ref=-1) | cbo_4d + periodo",21437,340
,reference_event_time,-1,0.0,0.0,0.0,0.0,,True,False,0.024292878074716785,-23_to_-2,group_event__age__age_45_54__ln_salario_real_adm,age,age_pnad,age_45_54,Age 45–54,ln_salario_real_adm,ols,-23_to_41,-1,2022-11,alternative,False,"ln_salario_real_adm ~ i(event_time, treatment, ref=-1) | cbo_4d + periodo",21437,340
22.0,"C(event_time, contr.treatment(base=-1))[0]:treatment",0,0.01983584232822155,0.03966697140488738,-0.05818855336773761,0.09786023802418072,0.6173576853425158,False,False,0.024292878074716785,-23_to_-2,group_event__age__age_45_54__ln_salario_real_adm,age,age_pnad,age_45_54,Age 45–54,ln_salario_real_adm,ols,-23_to_41,-1,2022-11,alternative,False,"ln_salario_real_adm ~ i(event_time, treatment, ref=-1) | cbo_4d + periodo",21437,340
23.0,"C(event_time, contr.treatment(base=-1))[1]:treatment",1,-0.05376999449819596,0.03947424119171524,-0.1314152924742506,0.023875303477858698,0.17405368047272418,False,False,0.024292878074716785,-23_to_-2,group_event__age__age_45_54__ln_salario_real_adm,age,age_pnad,age_45_54,Age 45–54,ln_salario_real_adm,ols,-23_to_41,-1,2022-11,alternative,False,"ln_salario_real_adm ~ i(event_time, treatment, ref=-1) | cbo_4d + periodo",21437,340
24.0,"C(event_time, contr.treatment(base=-1))[2]:treatment",2,-0.018783912589773175,0.032048526567870106,-0.08182293043865944,0.044255105259113095,0.5581926557396577,False,False,0.024292878074716785,-23_to_-2,group_event__age__age_45_54__ln_salario_real_adm,age,age_pnad,age_45_54,Age 45–54,ln_salario_real_adm,ols,-23_to_41,-1,2022-11,alternative,False,"ln_salario_real_adm ~ i(event_time, treatment, ref=-1) | cbo_4d + periodo",21437,340
25.0,"C(event_time, contr.treatment(base=-1))[3]:treatment",3,-0.04728395046114741,0.036762973042693096,-0.11959622069636755,0.025028319774072723,0.19925657470774194,False,False,0.024292878074716785,-23_to_-2,group_event__age__age_45_54__ln_salario_real_adm,age,age_pnad,age_45_54,Age 45–54,ln_salario_real_adm,ols,-23_to_41,-1,2022-11,alternative,False,"ln_salario_real_adm ~ i(event_time, treatment, ref=-1) | cbo_4d + periodo",21437,340
26.0,"C(event_time, contr.treatment(base=-1))[4]:treatment",4,-0.0768449157928797,0.03498513023924315,-0.14566019330421115,-0.008029638281548276,0.028732659341013767,False,False,0.024292878074716785,-23_to_-2,group_event__age__age_45_54__ln_salario_real_adm,age,age_pnad,age_45_54,Age 45–54,ln_salario_real_adm,ols,-23_to_41,-1,2022-11,alternative,False,"ln_salario_real_adm ~ i(event_time, treatment, ref=-1) | cbo_4d + periodo",21437,340
27.0,"C(event_time, contr.treatment(base=-1))[5]:treatment",5,-0.037696347968857874,0.026431112079173657,-0.0896859875735492,0.014293291635833448,0.1547276242306923,False,False,0.024292878074716785,-23_to_-2,group_event__age__age_45_54__ln_salario_real_adm,age,age_pnad,age_45_54,Age 45–54,ln_salario_real_adm,ols,-23_to_41,-1,2022-11,alternative,False,"ln_salario_real_adm ~ i(event_time, treatment, ref=-1) | cbo_4d + periodo",21437,340
28.0,"C(event_time, contr.treatment(base=-1))[6]:treatment",6,0.013402629830715815,0.031972662435544696,-0.04948716429702296,0.07629242395845459,0.6753425563031126,False,False,0.024292878074716785,-23_to_-2,group_event__age__age_45_54__ln_salario_real_adm,age,age_pnad,age_45_54,Age 45–54,ln_salario_real_adm,ols,-23_to_41,-1,2022-11,alternative,False,"ln_salario_real_adm ~ i(event_time, treatment, ref=-1) | cbo_4d + periodo",21437,340
29.0,"C(event_time, contr.treatment(base=-1))[7]:treatment",7,0.03608028501074249,0.024486461793596658,-0.012084253811149345,0.08424482383263432,0.1415498659395622,False,False,0.024292878074716785,-23_to_-2,group_event__age__age_45_54__ln_salario_real_adm,age,age_pnad,age_45_54,Age 45–54,ln_salario_real_adm,ols,-23_to_41,-1,2022-11,alternative,False,"ln_salario_real_adm ~ i(event_time, treatment, ref=-1) | cbo_4d + periodo",21437,340
30.0,"C(event_time, contr.treatment(base=-1))[8]:treatment",8,-0.013817039074156469,0.03775004557615964,-0.08807086761857277,0.06043678947025983,0.7145830510635833,False,False,0.024292878074716785,-23_to_-2,group_event__age__age_45_54__ln_salario_real_adm,age,age_pnad,age_45_54,Age 45–54,ln_salario_real_adm,ols,-23_to_41,-1,2022-11,alternative,False,"ln_salario_real_adm ~ i(event_time, treatment, ref=-1) | cbo_4d + periodo",21437,340
31.0,"C(event_time, contr.treatment(base=-1))[9]:treatment",9,-0.011284372159511717,0.04423097232700088,-0.0982860958765315,0.07571735155750806,0.7987822186563374,False,False,0.024292878074716785,-23_to_-2,group_event__age__age_45_54__ln_salario_real_adm,age,age_pnad,age_45_54,Age 45–54,ln_salario_real_adm,ols,-23_to_41,-1,2022-11,alternative,False,"ln_salario_real_adm ~ i(event_time, treatment, ref=-1) | cbo_4d + periodo",21437,340
32.0,"C(event_time, contr.treatment(base=-1))[10]:treatment",10,-0.027927501454554186,0.03740551821127626,-0.10150364933685585,0.04564864642774747,0.4558137770366013,False,False,0.024292878074716785,-23_to_-2,group_event__age__age_45_54__ln_salario_real_adm,age,age_pnad,age_45_54,Age 45–54,ln_salario_real_adm,ols,-23_to_41,-1,2022-11,alternative,False,"ln_salario_real_adm ~ i(event_time, treatment, ref=-1) | cbo_4d + periodo",21437,340
33.0,"C(event_time, contr.treatment(base=-1))[11]:treatment",11,-0.04051510871462819,0.031866406758689916,-0.10319589936460619,0.022165681935349797,0.20445622629907523,False,False,0.024292878074716785,-23_to_-2,group_event__age__age_45_54__ln_salario_real_adm,age,age_pnad,age_45_54,Age 45–54,ln_salario_real_adm,ols,-23_to_41,-1,2022-11,alternative,False,"ln_salario_real_adm ~ i(event_time, treatment, ref=-1) | cbo_4d + periodo",21437,340
34.0,"C(event_time, contr.treatment(base=-1))[12]:treatment",12,-0.011957669377739554,0.03148151006143914,-0.07388137343540306,0.04996603467992396,0.7043083373517038,False,False,0.024292878074716785,-23_to_-2,group_event__age__age_45_54__ln_salario_real_adm,age,age_pnad,age_45_54,Age 45–54,ln_salario_real_adm,ols,-23_to_41,-1,2022-11,alternative,False,"ln_salario_real_adm ~ i(event_time, treatment, ref=-1) | cbo_4d + periodo",21437,340
35.0,"C(event_time, contr.treatment(base=-1))[13]:treatment",13,0.009240825060161094,0.04158303225414705,-0.0725524363844383,0.09103408650476048,0.8242718842837462,False,False,0.024292878074716785,-23_to_-2,group_event__age__age_45_54__ln_salario_real_adm,age,age_pnad,age_45_54,Age 45–54,ln_salario_real_adm,ols,-23_to_41,-1,2022-11,alternative,False,"ln_salario_real_adm ~ i(event_time, treatment, ref=-1) | cbo_4d + periodo",21437,340
36.0,"C(event_time, contr.treatment(base=-1))[14]:treatment",14,-0.010962516334742094,0.029332564689605246,-0.06865927394092255,0.046734241271438375,0.7088373800808732,False,False,0.024292878074716785,-23_to_-2,group_event__age__age_45_54__ln_salario_real_adm,age,age_pnad,age_45_54,Age 45–54,ln_salario_real_adm,ols,-23_to_41,-1,2022-11,alternative,False,"ln_salario_real_adm ~ i(event_time, treatment, ref=-1) | cbo_4d + periodo",21437,340
37.0,"C(event_time, contr.treatment(base=-1))[15]:treatment",15,-0.04082022638832821,0.03444835039603111,-0.1085796652156095,0.02693921243895308,0.23685975042788177,False,False,0.024292878074716785,-23_to_-2,group_event__age__age_45_54__ln_salario_real_adm,age,age_pnad,age_45_54,Age 45–54,ln_salario_real_adm,ols,-23_to_41,-1,2022-11,alternative,False,"ln_salario_real_adm ~ i(event_time, treatment, ref=-1) | cbo_4d + periodo",21437,340
38.0,"C(event_time, contr.treatment(base=-1))[16]:treatment",16,-0.05784814970381815,0.03286897120259833,-0.12250097104108404,0.00680467163344773,0.07931605431328204,False,False,0.024292878074716785,-23_to_-2,group_event__age__age_45_54__ln_salario_real_adm,age,age_pnad,age_45_54,Age 45–54,ln_salario_real_adm,ols,-23_to_41,-1,2022-11,alternative,False,"ln_salario_real_adm ~ i(event_time, treatment, ref=-1) | cbo_4d + periodo",21437,340
39.0,"C(event_time, contr.treatment(base=-1))[17]:treatment",17,-0.01401943709724964,0.02783255809293927,-0.06876570203661675,0.04072682784211747,0.6147948871898827,False,False,0.024292878074716785,-23_to_-2,group_event__age__age_45_54__ln_salario_real_adm,age,age_pnad,age_45_54,Age 45–54,ln_salario_real_adm,ols,-23_to_41,-1,2022-11,alternative,False,"ln_salario_real_adm ~ i(event_time, treatment, ref=-1) | cbo_4d + periodo",21437,340
40.0,"C(event_time, contr.treatment(base=-1))[18]:treatment",18,-0.01772852745793901,0.03288361878238575,-0.08241016038633084,0.04695310547045281,0.5901514188491526,False,False,0.024292878074716785,-23_to_-2,group_event__age__age_45_54__ln_salario_real_adm,age,age_pnad,age_45_54,Age 45–54,ln_salario_real_adm,ols,-23_to_41,-1,2022-11,alternative,False,"ln_salario_real_adm ~ i(event_time, treatment, ref=-1) | cbo_4d + periodo",21437,340
41.0,"C(event_time, contr.treatment(base=-1))[19]:treatment",19,0.0012352608568409723,0.03211715728145247,-0.06193875267645964,0.06440927439014159,0.9693426939274521,False,False,0.024292878074716785,-23_to_-2,group_event__age__age_45_54__ln_salario_real_adm,age,age_pnad,age_45_54,Age 45–54,ln_salario_real_adm,ols,-23_to_41,-1,2022-11,alternative,False,"ln_salario_real_adm ~ i(event_time, treatment, ref=-1) | cbo_4d + periodo",21437,340
42.0,"C(event_time, contr.treatment(base=-1))[20]:treatment",20,-0.019587621738179708,0.03338785639085338,-0.08526108321547393,0.04608583973911451,0.5578164637023304,False,False,0.024292878074716785,-23_to_-2,group_event__age__age_45_54__ln_salario_real_adm,age,age_pnad,age_45_54,Age 45–54,ln_salario_real_adm,ols,-23_to_41,-1,2022-11,alternative,False,"ln_salario_real_adm ~ i(event_time, treatment, ref=-1) | cbo_4d + periodo",21437,340
43.0,"C(event_time, contr.treatment(base=-1))[21]:treatment",21,0.017335558515325335,0.02861977739712823,-0.038959156137093706,0.07363027316774438,0.5451063224395114,False,False,0.024292878074716785,-23_to_-2,group_event__age__age_45_54__ln_salario_real_adm,age,age_pnad,age_45_54,Age 45–54,ln_salario_real_adm,ols,-23_to_41,-1,2022-11,alternative,False,"ln_salario_real_adm ~ i(event_time, treatment, ref=-1) | cbo_4d + periodo",21437,340
44.0,"C(event_time, contr.treatment(base=-1))[22]:treatment",22,0.021395413167324323,0.026406707331214793,-0.030546222628551688,0.07333704896320034,0.4183784195595117,False,False,0.024292878074716785,-23_to_-2,group_event__age__age_45_54__ln_salario_real_adm,age,age_pnad,age_45_54,Age 45–54,ln_salario_real_adm,ols,-23_to_41,-1,2022-11,alternative,False,"ln_salario_real_adm ~ i(event_time, treatment, ref=-1) | cbo_4d + periodo",21437,340
45.0,"C(event_time, contr.treatment(base=-1))[23]:treatment",23,-0.0639484226765595,0.04441222761366435,-0.15130667308840207,0.02340982773528308,0.15082324403612102,False,False,0.024292878074716785,-23_to_-2,group_event__age__age_45_54__ln_salario_real_adm,age,age_pnad,age_45_54,Age 45–54,ln_salario_real_adm,ols,-23_to_41,-1,2022-11,alternative,False,"ln_salario_real_adm ~ i(event_time, treatment, ref=-1) | cbo_4d + periodo",21437,340
46.0,"C(event_time, contr.treatment(base=-1))[24]:treatment",24,-0.04190753141783226,0.034251341915913135,-0.10927945723205074,0.02546439439638621,0.2219794871147731,False,True,0.024292878074716785,-23_to_-2,group_event__age__age_45_54__ln_salario_real_adm,age,age_pnad,age_45_54,Age 45–54,ln_salario_real_adm,ols,-23_to_41,-1,2022-11,alternative,False,"ln_salario_real_adm ~ i(event_time, treatment, ref=-1) | cbo_4d + periodo",21437,340
47.0,"C(event_time, contr.treatment(base=-1))[25]:treatment",25,0.001493938114333304,0.03359373694874496,-0.06458448763288392,0.06757236386155054,0.9645553635550643,False,True,0.024292878074716785,-23_to_-2,group_event__age__age_45_54__ln_salario_real_adm,age,age_pnad,age_45_54,Age 45–54,ln_salario_real_adm,ols,-23_to_41,-1,2022-11,alternative,False,"ln_salario_real_adm ~ i(event_time, treatment, ref=-1) | cbo_4d + periodo",21437,340
48.0,"C(event_time, contr.treatment(base=-1))[26]:treatment",26,-0.00901171855082376,0.03204294426420524,-0.07203975608398094,0.05401631898233342,0.7786988434560491,False,True,0.024292878074716785,-23_to_-2,group_event__age__age_45_54__ln_salario_real_adm,age,age_pnad,age_45_54,Age 45–54,ln_salario_real_adm,ols,-23_to_41,-1,2022-11,alternative,False,"ln_salario_real_adm ~ i(event_time, treatment, ref=-1) | cbo_4d + periodo",21437,340
49.0,"C(event_time, contr.treatment(base=-1))[27]:treatment",27,-0.015770549585044508,0.03326742540716876,-0.08120712494796538,0.04966602577787636,0.6357667181937607,False,True,0.024292878074716785,-23_to_-2,group_event__age__age_45_54__ln_salario_real_adm,age,age_pnad,age_45_54,Age 45–54,ln_salario_real_adm,ols,-23_to_41,-1,2022-11,alternative,False,"ln_salario_real_adm ~ i(event_time, treatment, ref=-1) | cbo_4d + periodo",21437,340
50.0,"C(event_time, contr.treatment(base=-1))[28]:treatment",28,-0.027748074036194413,0.032097024260959395,-0.0908824861907693,0.03538633811838048,0.387921220851988,False,True,0.024292878074716785,-23_to_-2,group_event__age__age_45_54__ln_salario_real_adm,age,age_pnad,age_45_54,Age 45–54,ln_salario_real_adm,ols,-23_to_41,-1,2022-11,alternative,False,"ln_salario_real_adm ~ i(event_time, treatment, ref=-1) | cbo_4d + periodo",21437,340
51.0,"C(event_time, contr.treatment(base=-1))[29]:treatment",29,-0.01127561036365816,0.026711127001605914,-0.06381603552960702,0.0412648148022907,0.673196562062869,False,True,0.024292878074716785,-23_to_-2,group_event__age__age_45_54__ln_salario_real_adm,age,age_pnad,age_45_54,Age 45–54,ln_salario_real_adm,ols,-23_to_41,-1,2022-11,alternative,False,"ln_salario_real_adm ~ i(event_time, treatment, ref=-1) | cbo_4d + periodo",21437,340
52.0,"C(event_time, contr.treatment(base=-1))[30]:treatment",30,0.024692082278895983,0.028580281368419492,-0.031524944219796014,0.08090910877758797,0.38822338132921086,False,True,0.024292878074716785,-23_to_-2,group_event__age__age_45_54__ln_salario_real_adm,age,age_pnad,age_45_54,Age 45–54,ln_salario_real_adm,ols,-23_to_41,-1,2022-11,alternative,False,"ln_salario_real_adm ~ i(event_time, treatment, ref=-1) | cbo_4d + periodo",21437,340
53.0,"C(event_time, contr.treatment(base=-1))[31]:treatment",31,-0.011779714286222823,0.02889451959789148,-0.0686148431277647,0.04505541455531904,0.6837660457721304,False,True,0.024292878074716785,-23_to_-2,group_event__age__age_45_54__ln_salario_real_adm,age,age_pnad,age_45_54,Age 45–54,ln_salario_real_adm,ols,-23_to_41,-1,2022-11,alternative,False,"ln_salario_real_adm ~ i(event_time, treatment, ref=-1) | cbo_4d + periodo",21437,340
54.0,"C(event_time, contr.treatment(base=-1))[32]:treatment",32,-0.0037831175382870485,0.03369594233870331,-0.07006257990377728,0.06249634482720318,0.9106740342810191,False,True,0.024292878074716785,-23_to_-2,group_event__age__age_45_54__ln_salario_real_adm,age,age_pnad,age_45_54,Age 45–54,ln_salario_real_adm,ols,-23_to_41,-1,2022-11,alternative,False,"ln_salario_real_adm ~ i(event_time, treatment, ref=-1) | cbo_4d + periodo",21437,340
55.0,"C(event_time, contr.treatment(base=-1))[33]:treatment",33,-0.011940802986758875,0.029887311464564446,-0.07072873998847899,0.046847134014961246,0.6897561543743724,False,True,0.024292878074716785,-23_to_-2,group_event__age__age_45_54__ln_salario_real_adm,age,age_pnad,age_45_54,Age 45–54,ln_salario_real_adm,ols,-23_to_41,-1,2022-11,alternative,False,"ln_salario_real_adm ~ i(event_time, treatment, ref=-1) | cbo_4d + periodo",21437,340
56.0,"C(event_time, contr.treatment(base=-1))[34]:treatment",34,-0.027984738283218496,0.0348058232551292,-0.09644732138446366,0.04047784481802666,0.4219462117668873,False,True,0.024292878074716785,-23_to_-2,group_event__age__age_45_54__ln_salario_real_adm,age,age_pnad,age_45_54,Age 45–54,ln_salario_real_adm,ols,-23_to_41,-1,2022-11,alternative,False,"ln_salario_real_adm ~ i(event_time, treatment, ref=-1) | cbo_4d + periodo",21437,340
57.0,"C(event_time, contr.treatment(base=-1))[35]:treatment",35,0.0005126741081480113,0.028680885195119448,-0.055902238755571536,0.056927586971867554,0.9857489972479221,False,True,0.024292878074716785,-23_to_-2,group_event__age__age_45_54__ln_salario_real_adm,age,age_pnad,age_45_54,Age 45–54,ln_salario_real_adm,ols,-23_to_41,-1,2022-11,alternative,False,"ln_salario_real_adm ~ i(event_time, treatment, ref=-1) | cbo_4d + periodo",21437,340
58.0,"C(event_time, contr.treatment(base=-1))[36]:treatment",36,0.022300853296206756,0.02803457211065866,-0.032842770480914385,0.0774444770733279,0.4268927906103297,False,True,0.024292878074716785,-23_to_-2,group_event__age__age_45_54__ln_salario_real_adm,age,age_pnad,age_45_54,Age 45–54,ln_salario_real_adm,ols,-23_to_41,-1,2022-11,alternative,False,"ln_salario_real_adm ~ i(event_time, treatment, ref=-1) | cbo_4d + periodo",21437,340
59.0,"C(event_time, contr.treatment(base=-1))[37]:treatment",37,0.03307002359078206,0.03657192131931239,-0.03886645049122798,0.1050064976727921,0.3665069676343524,False,True,0.024292878074716785,-23_to_-2,group_event__age__age_45_54__ln_salario_real_adm,age,age_pnad,age_45_54,Age 45–54,ln_salario_real_adm,ols,-23_to_41,-1,2022-11,alternative,False,"ln_salario_real_adm ~ i(event_time, treatment, ref=-1) | cbo_4d + periodo",21437,340
60.0,"C(event_time, contr.treatment(base=-1))[38]:treatment",38,-0.01607966858112226,0.045027769356684254,-0.10464868126756713,0.07248934410532262,0.7212349471392612,False,True,0.024292878074716785,-23_to_-2,group_event__age__age_45_54__ln_salario_real_adm,age,age_pnad,age_45_54,Age 45–54,ln_salario_real_adm,ols,-23_to_41,-1,2022-11,alternative,False,"ln_salario_real_adm ~ i(event_time, treatment, ref=-1) | cbo_4d + periodo",21437,340
61.0,"C(event_time, contr.treatment(base=-1))[39]:treatment",39,-0.04098115261187289,0.033327905775974616,-0.10653669204138153,0.02457438681763574,0.219686611261098,False,True,0.024292878074716785,-23_to_-2,group_event__age__age_45_54__ln_salario_real_adm,age,age_pnad,age_45_54,Age 45–54,ln_salario_real_adm,ols,-23_to_41,-1,2022-11,alternative,False,"ln_salario_real_adm ~ i(event_time, treatment, ref=-1) | cbo_4d + periodo",21437,340
62.0,"C(event_time, contr.treatment(base=-1))[40]:treatment",40,0.0013971548944672334,0.024276763670678925,-0.046354910558781756,0.049149220347716224,0.9541400941905769,False,True,0.024292878074716785,-23_to_-2,group_event__age__age_45_54__ln_salario_real_adm,age,age_pnad,age_45_54,Age 45–54,ln_salario_real_adm,ols,-23_to_41,-1,2022-11,alternative,False,"ln_salario_real_adm ~ i(event_time, treatment, ref=-1) | cbo_4d + periodo",21437,340
63.0,"C(event_time, contr.treatment(base=-1))[41]:treatment",41,-0.026203714087712115,0.030417377893130426,-0.08603428457776757,0.03362685640234335,0.38958715708165004,False,True,0.024292878074716785,-23_to_-2,group_event__age__age_45_54__ln_salario_real_adm,age,age_pnad,age_45_54,Age 45–54,ln_salario_real_adm,ols,-23_to_41,-1,2022-11,alternative,False,"ln_salario_real_adm ~ i(event_time, treatment, ref=-1) | cbo_4d + periodo",21437,340
0.0,"C(event_time, contr.treatment(base=-1))[-23]:treatment",-23,0.043727444759085785,0.1235915011020002,-0.19937536458349742,0.28683025410166896,0.7237040357271565,False,False,-0.039523017610377215,-23_to_-2,group_event__age__age_55_65__admissoes,age,age_pnad,age_55_65,Age 55–65,admissoes,ppml,-23_to_41,-1,2022-11,alternative,False,"admissoes ~ i(event_time, treatment, ref=-1) | cbo_4d + periodo",22039,340
1.0,"C(event_time, contr.treatment(base=-1))[-22]:treatment",-22,-0.06782422385872298,0.10406529190435478,-0.27251924407799916,0.13687079636055316,0.5150061151708294,False,False,-0.039523017610377215,-23_to_-2,group_event__age__age_55_65__admissoes,age,age_pnad,age_55_65,Age 55–65,admissoes,ppml,-23_to_41,-1,2022-11,alternative,False,"admissoes ~ i(event_time, treatment, ref=-1) | cbo_4d + periodo",22039,340
2.0,"C(event_time, contr.treatment(base=-1))[-21]:treatment",-21,-0.026500323299032947,0.10399798867911529,-0.23106295898549217,0.17806231238742626,0.7990199373716709,False,False,-0.039523017610377215,-23_to_-2,group_event__age__age_55_65__admissoes,age,age_pnad,age_55_65,Age 55–65,admissoes,ppml,-23_to_41,-1,2022-11,alternative,False,"admissoes ~ i(event_time, treatment, ref=-1) | cbo_4d + periodo",22039,340
3.0,"C(event_time, contr.treatment(base=-1))[-20]:treatment",-20,-0.0241191055611333,0.12116626630486162,-0.2624515108933857,0.2142132997711191,0.8423367680968759,False,False,-0.039523017610377215,-23_to_-2,group_event__age__age_55_65__admissoes,age,age_pnad,age_55_65,Age 55–65,admissoes,ppml,-23_to_41,-1,2022-11,alternative,False,"admissoes ~ i(event_time, treatment, ref=-1) | cbo_4d + periodo",22039,340
4.0,"C(event_time, contr.treatment(base=-1))[-19]:treatment",-19,-0.09196507359970627,0.12387083110762205,-0.3356173212814541,0.15168717408204158,0.458342658029004,False,False,-0.039523017610377215,-23_to_-2,group_event__age__age_55_65__admissoes,age,age_pnad,age_55_65,Age 55–65,admissoes,ppml,-23_to_41,-1,2022-11,alternative,False,"admissoes ~ i(event_time, treatment, ref=-1) | cbo_4d + periodo",22039,340
5.0,"C(event_time, contr.treatment(base=-1))[-18]:treatment",-18,-0.05072276860818987,0.10952688183528021,-0.26616066227625895,0.16471512505987923,0.6435841556231909,False,False,-0.039523017610377215,-23_to_-2,group_event__age__age_55_65__admissoes,age,age_pnad,age_55_65,Age 55–65,admissoes,ppml,-23_to_41,-1,2022-11,alternative,False,"admissoes ~ i(event_time, treatment, ref=-1) | cbo_4d + periodo",22039,340
6.0,"C(event_time, contr.treatment(base=-1))[-17]:treatment",-17,-0.06494049870559769,0.09391542650762259,-0.24967087111014857,0.11978987369895318,0.48973815213790584,False,False,-0.039523017610377215,-23_to_-2,group_event__age__age_55_65__admissoes,age,age_pnad,age_55_65,Age 55–65,admissoes,ppml,-23_to_41,-1,2022-11,alternative,False,"admissoes ~ i(event_time, treatment, ref=-1) | cbo_4d + periodo",22039,340
7.0,"C(event_time, contr.treatment(base=-1))[-16]:treatment",-16,-0.06430550263215755,0.08948576285855409,-0.2403227866129135,0.11171178134859842,0.47287529615719137,False,False,-0.039523017610377215,-23_to_-2,group_event__age__age_55_65__admissoes,age,age_pnad,age_55_65,Age 55–65,admissoes,ppml,-23_to_41,-1,2022-11,alternative,False,"admissoes ~ i(event_time, treatment, ref=-1) | cbo_4d + periodo",22039,340
8.0,"C(event_time, contr.treatment(base=-1))[-15]:treatment",-15,-0.03225646766234481,0.09873683512779807,-0.22647048554496033,0.16195755022027072,0.7441029692004,False,False,-0.039523017610377215,-23_to_-2,group_event__age__age_55_65__admissoes,age,age_pnad,age_55_65,Age 55–65,admissoes,ppml,-23_to_41,-1,2022-11,alternative,False,"admissoes ~ i(event_time, treatment, ref=-1) | cbo_4d + periodo",22039,340
9.0,"C(event_time, contr.treatment(base=-1))[-14]:treatment",-14,-0.03044865184954459,0.07518724824983264,-0.17834095118481597,0.11744364748572678,0.6857542835922048,False,False,-0.039523017610377215,-23_to_-2,group_event__age__age_55_65__admissoes,age,age_pnad,age_55_65,Age 55–65,admissoes,ppml,-23_to_41,-1,2022-11,alternative,False,"admissoes ~ i(event_time, treatment, ref=-1) | cbo_4d + periodo",22039,340
10.0,"C(event_time, contr.treatment(base=-1))[-13]:treatment",-13,-0.0024403901275462667,0.06817608263091714,-0.13654182161570072,0.1316610413606082,0.9714665692893858,False,False,-0.039523017610377215,-23_to_-2,group_event__age__age_55_65__admissoes,age,age_pnad,age_55_65,Age 55–65,admissoes,ppml,-23_to_41,-1,2022-11,alternative,False,"admissoes ~ i(event_time, treatment, ref=-1) | cbo_4d + periodo",22039,340
11.0,"C(event_time, contr.treatment(base=-1))[-12]:treatment",-12,0.04762345124867593,0.04015975984233924,-0.031370252631809765,0.12661715512916163,0.2365120481050087,False,False,-0.039523017610377215,-23_to_-2,group_event__age__age_55_65__admissoes,age,age_pnad,age_55_65,Age 55–65,admissoes,ppml,-23_to_41,-1,2022-11,alternative,False,"admissoes ~ i(event_time, treatment, ref=-1) | cbo_4d + periodo",22039,340
12.0,"C(event_time, contr.treatment(base=-1))[-11]:treatment",-11,-0.02843626410296615,0.09075605734967693,-0.20695220014904098,0.15007967194310867,0.7542254225237652,False,False,-0.039523017610377215,-23_to_-2,group_event__age__age_55_65__admissoes,age,age_pnad,age_55_65,Age 55–65,admissoes,ppml,-23_to_41,-1,2022-11,alternative,False,"admissoes ~ i(event_time, treatment, ref=-1) | cbo_4d + periodo",22039,340
13.0,"C(event_time, contr.treatment(base=-1))[-10]:treatment",-10,-0.0797476194907433,0.09085086387142557,-0.2584500386814971,0.0989547997000105,0.3806815184513386,False,False,-0.039523017610377215,-23_to_-2,group_event__age__age_55_65__admissoes,age,age_pnad,age_55_65,Age 55–65,admissoes,ppml,-23_to_41,-1,2022-11,alternative,False,"admissoes ~ i(event_time, treatment, ref=-1) | cbo_4d + periodo",22039,340
14.0,"C(event_time, contr.treatment(base=-1))[-9]:treatment",-9,-0.04443202014892418,0.08708826888785076,-0.2157334659493601,0.1268694256515117,0.6102467092352588,False,False,-0.039523017610377215,-23_to_-2,group_event__age__age_55_65__admissoes,age,age_pnad,age_55_65,Age 55–65,admissoes,ppml,-23_to_41,-1,2022-11,alternative,False,"admissoes ~ i(event_time, treatment, ref=-1) | cbo_4d + periodo",22039,340
15.0,"C(event_time, contr.treatment(base=-1))[-8]:treatment",-8,-0.0189373108467187,0.07481486097364567,-0.16609712945154106,0.12822250775810365,0.8003271213243939,False,False,-0.039523017610377215,-23_to_-2,group_event__age__age_55_65__admissoes,age,age_pnad,age_55_65,Age 55–65,admissoes,ppml,-23_to_41,-1,2022-11,alternative,False,"admissoes ~ i(event_time, treatment, ref=-1) | cbo_4d + periodo",22039,340
16.0,"C(event_time, contr.treatment(base=-1))[-7]:treatment",-7,-0.12043231328051232,0.0837157855379613,-0.2851001299923058,0.04423550343128113,0.15119058284927922,False,False,-0.039523017610377215,-23_to_-2,group_event__age__age_55_65__admissoes,age,age_pnad,age_55_65,Age 55–65,admissoes,ppml,-23_to_41,-1,2022-11,alternative,False,"admissoes ~ i(event_time, treatment, ref=-1) | cbo_4d + periodo",22039,340
17.0,"C(event_time, contr.treatment(base=-1))[-6]:treatment",-6,-0.07633370764321232,0.07194125237551201,-0.21784117704175102,0.06517376175532638,0.2894197308406945,False,False,-0.039523017610377215,-23_to_-2,group_event__age__age_55_65__admissoes,age,age_pnad,age_55_65,Age 55–65,admissoes,ppml,-23_to_41,-1,2022-11,alternative,False,"admissoes ~ i(event_time, treatment, ref=-1) | cbo_4d + periodo",22039,340
18.0,"C(event_time, contr.treatment(base=-1))[-5]:treatment",-5,-0.0825209467364771,0.06999699630826056,-0.2202040907743253,0.05516219730137108,0.2392563112648587,False,False,-0.039523017610377215,-23_to_-2,group_event__age__age_55_65__admissoes,age,age_pnad,age_55_65,Age 55–65,admissoes,ppml,-23_to_41,-1,2022-11,alternative,False,"admissoes ~ i(event_time, treatment, ref=-1) | cbo_4d + periodo",22039,340
19.0,"C(event_time, contr.treatment(base=-1))[-4]:treatment",-4,-0.03716378056324217,0.06808788095844856,-0.17109172055582744,0.09676415942934312,0.5855481218352749,False,False,-0.039523017610377215,-23_to_-2,group_event__age__age_55_65__admissoes,age,age_pnad,age_55_65,Age 55–65,admissoes,ppml,-23_to_41,-1,2022-11,alternative,False,"admissoes ~ i(event_time, treatment, ref=-1) | cbo_4d + periodo",22039,340
20.0,"C(event_time, contr.treatment(base=-1))[-3]:treatment",-3,0.012006577104577539,0.0646763115819732,-0.1152108521142628,0.13922400632341786,0.8528373004835923,False,False,-0.039523017610377215,-23_to_-2,group_event__age__age_55_65__admissoes,age,age_pnad,age_55_65,Age 55–65,admissoes,ppml,-23_to_41,-1,2022-11,alternative,False,"admissoes ~ i(event_time, treatment, ref=-1) | cbo_4d + periodo",22039,340
21.0,"C(event_time, contr.treatment(base=-1))[-2]:treatment",-2,-0.029336891823865487,0.029710715572458052,-0.08777746709677228,0.029103683449041316,0.3241420479078254,False,False,-0.039523017610377215,-23_to_-2,group_event__age__age_55_65__admissoes,age,age_pnad,age_55_65,Age 55–65,admissoes,ppml,-23_to_41,-1,2022-11,alternative,False,"admissoes ~ i(event_time, treatment, ref=-1) | cbo_4d + periodo",22039,340
,reference_event_time,-1,0.0,0.0,0.0,0.0,,True,False,-0.039523017610377215,-23_to_-2,group_event__age__age_55_65__admissoes,age,age_pnad,age_55_65,Age 55–65,admissoes,ppml,-23_to_41,-1,2022-11,alternative,False,"admissoes ~ i(event_time, treatment, ref=-1) | cbo_4d + periodo",22039,340
22.0,"C(event_time, contr.treatment(base=-1))[0]:treatment",0,-0.01451073147941817,0.04118676133051224,-0.09552453338240315,0.0665030704235668,0.7248206438701779,False,False,-0.039523017610377215,-23_to_-2,group_event__age__age_55_65__admissoes,age,age_pnad,age_55_65,Age 55–65,admissoes,ppml,-23_to_41,-1,2022-11,alternative,False,"admissoes ~ i(event_time, treatment, ref=-1) | cbo_4d + periodo",22039,340
23.0,"C(event_time, contr.treatment(base=-1))[1]:treatment",1,-0.08667163917929853,0.06194102385909095,-0.20850879448072632,0.03516551612212926,0.16264914681306686,False,False,-0.039523017610377215,-23_to_-2,group_event__age__age_55_65__admissoes,age,age_pnad,age_55_65,Age 55–65,admissoes,ppml,-23_to_41,-1,2022-11,alternative,False,"admissoes ~ i(event_time, treatment, ref=-1) | cbo_4d + periodo",22039,340
24.0,"C(event_time, contr.treatment(base=-1))[2]:treatment",2,-0.1021810072756639,0.07547695446306711,-0.25064315480998883,0.046281140258661035,0.17670076229221454,False,False,-0.039523017610377215,-23_to_-2,group_event__age__age_55_65__admissoes,age,age_pnad,age_55_65,Age 55–65,admissoes,ppml,-23_to_41,-1,2022-11,alternative,False,"admissoes ~ i(event_time, treatment, ref=-1) | cbo_4d + periodo",22039,340
25.0,"C(event_time, contr.treatment(base=-1))[3]:treatment",3,-0.12774161847935225,0.05563449608721786,-0.23717391903859134,-0.01830931792011317,0.02228059636467905,False,False,-0.039523017610377215,-23_to_-2,group_event__age__age_55_65__admissoes,age,age_pnad,age_55_65,Age 55–65,admissoes,ppml,-23_to_41,-1,2022-11,alternative,False,"admissoes ~ i(event_time, treatment, ref=-1) | cbo_4d + periodo",22039,340
26.0,"C(event_time, contr.treatment(base=-1))[4]:treatment",4,-0.08435260576981307,0.05135647717774788,-0.18537010105490523,0.016664889515279085,0.10141529489828072,False,False,-0.039523017610377215,-23_to_-2,group_event__age__age_55_65__admissoes,age,age_pnad,age_55_65,Age 55–65,admissoes,ppml,-23_to_41,-1,2022-11,alternative,False,"admissoes ~ i(event_time, treatment, ref=-1) | cbo_4d + periodo",22039,340
27.0,"C(event_time, contr.treatment(base=-1))[5]:treatment",5,-0.18253760865710061,0.04639788127106267,-0.27380161292896404,-0.0912736043852372,0.00010128436952006048,False,False,-0.039523017610377215,-23_to_-2,group_event__age__age_55_65__admissoes,age,age_pnad,age_55_65,Age 55–65,admissoes,ppml,-23_to_41,-1,2022-11,alternative,False,"admissoes ~ i(event_time, treatment, ref=-1) | cbo_4d + periodo",22039,340
28.0,"C(event_time, contr.treatment(base=-1))[6]:treatment",6,-0.1482820226873291,0.050491529336972304,-0.2475981772802825,-0.048965868094375684,0.0035432596972841957,False,False,-0.039523017610377215,-23_to_-2,group_event__age__age_55_65__admissoes,age,age_pnad,age_55_65,Age 55–65,admissoes,ppml,-23_to_41,-1,2022-11,alternative,False,"admissoes ~ i(event_time, treatment, ref=-1) | cbo_4d + periodo",22039,340
29.0,"C(event_time, contr.treatment(base=-1))[7]:treatment",7,-0.10469512314690918,0.03777058784491925,-0.1789893580558506,-0.03040088823796777,0.005881332176423504,False,False,-0.039523017610377215,-23_to_-2,group_event__age__age_55_65__admissoes,age,age_pnad,age_55_65,Age 55–65,admissoes,ppml,-23_to_41,-1,2022-11,alternative,False,"admissoes ~ i(event_time, treatment, ref=-1) | cbo_4d + periodo",22039,340
30.0,"C(event_time, contr.treatment(base=-1))[8]:treatment",8,-0.1315570643775251,0.0423218905898651,-0.214803650164961,-0.048310478590089176,0.0020396169264440545,False,False,-0.039523017610377215,-23_to_-2,group_event__age__age_55_65__admissoes,age,age_pnad,age_55_65,Age 55–65,admissoes,ppml,-23_to_41,-1,2022-11,alternative,False,"admissoes ~ i(event_time, treatment, ref=-1) | cbo_4d + periodo",22039,340
31.0,"C(event_time, contr.treatment(base=-1))[9]:treatment",9,-0.08318676793564221,0.03758118389783947,-0.15710844784504796,-0.009265088026236476,0.027527045828066532,False,False,-0.039523017610377215,-23_to_-2,group_event__age__age_55_65__admissoes,age,age_pnad,age_55_65,Age 55–65,admissoes,ppml,-23_to_41,-1,2022-11,alternative,False,"admissoes ~ i(event_time, treatment, ref=-1) | cbo_4d + periodo",22039,340
32.0,"C(event_time, contr.treatment(base=-1))[10]:treatment",10,-0.052581093116736755,0.02358487386374605,-0.09897222068735526,-0.0061899655461182465,0.026439270461430464,False,False,-0.039523017610377215,-23_to_-2,group_event__age__age_55_65__admissoes,age,age_pnad,age_55_65,Age 55–65,admissoes,ppml,-23_to_41,-1,2022-11,alternative,False,"admissoes ~ i(event_time, treatment, ref=-1) | cbo_4d + periodo",22039,340
33.0,"C(event_time, contr.treatment(base=-1))[11]:treatment",11,7.461403735824891e-05,0.038706133213946135,-0.07605982594596104,0.07620905402067753,0.9984630481225714,False,False,-0.039523017610377215,-23_to_-2,group_event__age__age_55_65__admissoes,age,age_pnad,age_55_65,Age 55–65,admissoes,ppml,-23_to_41,-1,2022-11,alternative,False,"admissoes ~ i(event_time, treatment, ref=-1) | cbo_4d + periodo",22039,340
34.0,"C(event_time, contr.treatment(base=-1))[12]:treatment",12,0.0587776180988897,0.05946398065906127,-0.05818722676516278,0.1757424629629422,0.32363361120406187,False,False,-0.039523017610377215,-23_to_-2,group_event__age__age_55_65__admissoes,age,age_pnad,age_55_65,Age 55–65,admissoes,ppml,-23_to_41,-1,2022-11,alternative,False,"admissoes ~ i(event_time, treatment, ref=-1) | cbo_4d + periodo",22039,340
35.0,"C(event_time, contr.treatment(base=-1))[13]:treatment",13,-0.06518507988877517,0.05177394490944141,-0.1670237285499463,0.036653568772395936,0.2088848508694301,False,False,-0.039523017610377215,-23_to_-2,group_event__age__age_55_65__admissoes,age,age_pnad,age_55_65,Age 55–65,admissoes,ppml,-23_to_41,-1,2022-11,alternative,False,"admissoes ~ i(event_time, treatment, ref=-1) | cbo_4d + periodo",22039,340
36.0,"C(event_time, contr.treatment(base=-1))[14]:treatment",14,-0.1334131133884227,0.05039805430745984,-0.23254540386389844,-0.034280822912946984,0.008495374569519543,False,False,-0.039523017610377215,-23_to_-2,group_event__age__age_55_65__admissoes,age,age_pnad,age_55_65,Age 55–65,admissoes,ppml,-23_to_41,-1,2022-11,alternative,False,"admissoes ~ i(event_time, treatment, ref=-1) | cbo_4d + periodo",22039,340
37.0,"C(event_time, contr.treatment(base=-1))[15]:treatment",15,-0.0977379523792379,0.03286170254676934,-0.16237647636889962,-0.03309942838957615,0.003147899175772295,False,False,-0.039523017610377215,-23_to_-2,group_event__age__age_55_65__admissoes,age,age_pnad,age_55_65,Age 55–65,admissoes,ppml,-23_to_41,-1,2022-11,alternative,False,"admissoes ~ i(event_time, treatment, ref=-1) | cbo_4d + periodo",22039,340
38.0,"C(event_time, contr.treatment(base=-1))[16]:treatment",16,-0.11138833388433111,0.03509724355089833,-0.18042413676176827,-0.042352531006893956,0.0016428667600194569,False,False,-0.039523017610377215,-23_to_-2,group_event__age__age_55_65__admissoes,age,age_pnad,age_55_65,Age 55–65,admissoes,ppml,-23_to_41,-1,2022-11,alternative,False,"admissoes ~ i(event_time, treatment, ref=-1) | cbo_4d + periodo",22039,340
39.0,"C(event_time, contr.treatment(base=-1))[17]:treatment",17,-0.13871980023484054,0.0377744653164822,-0.21302166207784856,-0.0644179383918325,0.0002791814262785852,False,False,-0.039523017610377215,-23_to_-2,group_event__age__age_55_65__admissoes,age,age_pnad,age_55_65,Age 55–65,admissoes,ppml,-23_to_41,-1,2022-11,alternative,False,"admissoes ~ i(event_time, treatment, ref=-1) | cbo_4d + periodo",22039,340
40.0,"C(event_time, contr.treatment(base=-1))[18]:treatment",18,-0.11892374431842581,0.03976593768004064,-0.19714280533769124,-0.04070468329916038,0.0029880961053925237,False,False,-0.039523017610377215,-23_to_-2,group_event__age__age_55_65__admissoes,age,age_pnad,age_55_65,Age 55–65,admissoes,ppml,-23_to_41,-1,2022-11,alternative,False,"admissoes ~ i(event_time, treatment, ref=-1) | cbo_4d + periodo",22039,340
41.0,"C(event_time, contr.treatment(base=-1))[19]:treatment",19,0.0017940923868190895,0.05064962581806282,-0.09783303584394588,0.10142122061758406,0.971764383801017,False,False,-0.039523017610377215,-23_to_-2,group_event__age__age_55_65__admissoes,age,age_pnad,age_55_65,Age 55–65,admissoes,ppml,-23_to_41,-1,2022-11,alternative,False,"admissoes ~ i(event_time, treatment, ref=-1) | cbo_4d + periodo",22039,340
42.0,"C(event_time, contr.treatment(base=-1))[20]:treatment",20,-0.05366304788205796,0.03711790622285155,-0.1266734668771528,0.019347371113036888,0.1491724105031047,False,False,-0.039523017610377215,-23_to_-2,group_event__age__age_55_65__admissoes,age,age_pnad,age_55_65,Age 55–65,admissoes,ppml,-23_to_41,-1,2022-11,alternative,False,"admissoes ~ i(event_time, treatment, ref=-1) | cbo_4d + periodo",22039,340
43.0,"C(event_time, contr.treatment(base=-1))[21]:treatment",21,-0.022641270071059295,0.04642744168730343,-0.1139634192814451,0.0686808791393265,0.6260988395653866,False,False,-0.039523017610377215,-23_to_-2,group_event__age__age_55_65__admissoes,age,age_pnad,age_55_65,Age 55–65,admissoes,ppml,-23_to_41,-1,2022-11,alternative,False,"admissoes ~ i(event_time, treatment, ref=-1) | cbo_4d + periodo",22039,340
44.0,"C(event_time, contr.treatment(base=-1))[22]:treatment",22,-0.06802260204641651,0.06683523204786959,-0.19948659859170642,0.06344139449887339,0.30951515068719515,False,False,-0.039523017610377215,-23_to_-2,group_event__age__age_55_65__admissoes,age,age_pnad,age_55_65,Age 55–65,admissoes,ppml,-23_to_41,-1,2022-11,alternative,False,"admissoes ~ i(event_time, treatment, ref=-1) | cbo_4d + periodo",22039,340
45.0,"C(event_time, contr.treatment(base=-1))[23]:treatment",23,0.022743367967087525,0.08669994279589406,-0.14779424566807844,0.19328098160225352,0.7932319523735891,False,False,-0.039523017610377215,-23_to_-2,group_event__age__age_55_65__admissoes,age,age_pnad,age_55_65,Age 55–65,admissoes,ppml,-23_to_41,-1,2022-11,alternative,False,"admissoes ~ i(event_time, treatment, ref=-1) | cbo_4d + periodo",22039,340
46.0,"C(event_time, contr.treatment(base=-1))[24]:treatment",24,0.08808624315701039,0.11887195184973105,-0.14573327670508965,0.32190576301911045,0.459195570868002,False,True,-0.039523017610377215,-23_to_-2,group_event__age__age_55_65__admissoes,age,age_pnad,age_55_65,Age 55–65,admissoes,ppml,-23_to_41,-1,2022-11,alternative,False,"admissoes ~ i(event_time, treatment, ref=-1) | cbo_4d + periodo",22039,340
47.0,"C(event_time, contr.treatment(base=-1))[25]:treatment",25,-0.114420486025272,0.05101810471099508,-0.2147724072495402,-0.014068564801003797,0.02555919296195963,False,True,-0.039523017610377215,-23_to_-2,group_event__age__age_55_65__admissoes,age,age_pnad,age_55_65,Age 55–65,admissoes,ppml,-23_to_41,-1,2022-11,alternative,False,"admissoes ~ i(event_time, treatment, ref=-1) | cbo_4d + periodo",22039,340
48.0,"C(event_time, contr.treatment(base=-1))[26]:treatment",26,-0.13830552459543652,0.05926238315752295,-0.2548738299034239,-0.021737219287449178,0.02019107250213681,False,True,-0.039523017610377215,-23_to_-2,group_event__age__age_55_65__admissoes,age,age_pnad,age_55_65,Age 55–65,admissoes,ppml,-23_to_41,-1,2022-11,alternative,False,"admissoes ~ i(event_time, treatment, ref=-1) | cbo_4d + periodo",22039,340
49.0,"C(event_time, contr.treatment(base=-1))[27]:treatment",27,-0.07828525550652093,0.04232299845864347,-0.16153402045684429,0.00496350944380243,0.06522559709670106,False,True,-0.039523017610377215,-23_to_-2,group_event__age__age_55_65__admissoes,age,age_pnad,age_55_65,Age 55–65,admissoes,ppml,-23_to_41,-1,2022-11,alternative,False,"admissoes ~ i(event_time, treatment, ref=-1) | cbo_4d + periodo",22039,340
50.0,"C(event_time, contr.treatment(base=-1))[28]:treatment",28,-0.02769986201285733,0.041377320643672146,-0.10908849150481491,0.053688767479100244,0.503667001120006,False,True,-0.039523017610377215,-23_to_-2,group_event__age__age_55_65__admissoes,age,age_pnad,age_55_65,Age 55–65,admissoes,ppml,-23_to_41,-1,2022-11,alternative,False,"admissoes ~ i(event_time, treatment, ref=-1) | cbo_4d + periodo",22039,340
51.0,"C(event_time, contr.treatment(base=-1))[29]:treatment",29,-0.10867961102415696,0.053889412184258426,-0.2146793551732442,-0.002679866875069728,0.04451329939659532,False,True,-0.039523017610377215,-23_to_-2,group_event__age__age_55_65__admissoes,age,age_pnad,age_55_65,Age 55–65,admissoes,ppml,-23_to_41,-1,2022-11,alternative,False,"admissoes ~ i(event_time, treatment, ref=-1) | cbo_4d + periodo",22039,340
52.0,"C(event_time, contr.treatment(base=-1))[30]:treatment",30,-0.047412124850002096,0.04472680361944612,-0.13538914200612268,0.0405648923061185,0.28988184199466005,False,True,-0.039523017610377215,-23_to_-2,group_event__age__age_55_65__admissoes,age,age_pnad,age_55_65,Age 55–65,admissoes,ppml,-23_to_41,-1,2022-11,alternative,False,"admissoes ~ i(event_time, treatment, ref=-1) | cbo_4d + periodo",22039,340
53.0,"C(event_time, contr.treatment(base=-1))[31]:treatment",31,-0.02566504881591861,0.04015866855436272,-0.10465660614772959,0.05332650851589238,0.5231952309494483,False,True,-0.039523017610377215,-23_to_-2,group_event__age__age_55_65__admissoes,age,age_pnad,age_55_65,Age 55–65,admissoes,ppml,-23_to_41,-1,2022-11,alternative,False,"admissoes ~ i(event_time, treatment, ref=-1) | cbo_4d + periodo",22039,340
54.0,"C(event_time, contr.treatment(base=-1))[32]:treatment",32,-0.022356987138441066,0.055054412184525434,-0.13064827051493264,0.08593429623805052,0.6849334741742992,False,True,-0.039523017610377215,-23_to_-2,group_event__age__age_55_65__admissoes,age,age_pnad,age_55_65,Age 55–65,admissoes,ppml,-23_to_41,-1,2022-11,alternative,False,"admissoes ~ i(event_time, treatment, ref=-1) | cbo_4d + periodo",22039,340
55.0,"C(event_time, contr.treatment(base=-1))[33]:treatment",33,-0.0351555830652005,0.057646794694205285,-0.14854604773955196,0.07823488160915096,0.542373342413021,False,True,-0.039523017610377215,-23_to_-2,group_event__age__age_55_65__admissoes,age,age_pnad,age_55_65,Age 55–65,admissoes,ppml,-23_to_41,-1,2022-11,alternative,False,"admissoes ~ i(event_time, treatment, ref=-1) | cbo_4d + periodo",22039,340
56.0,"C(event_time, contr.treatment(base=-1))[34]:treatment",34,-0.0131919448928197,0.08071752479716733,-0.17196222332140193,0.14557833353576255,0.8702745425833469,False,True,-0.039523017610377215,-23_to_-2,group_event__age__age_55_65__admissoes,age,age_pnad,age_55_65,Age 55–65,admissoes,ppml,-23_to_41,-1,2022-11,alternative,False,"admissoes ~ i(event_time, treatment, ref=-1) | cbo_4d + periodo",22039,340
57.0,"C(event_time, contr.treatment(base=-1))[35]:treatment",35,0.042829082807154466,0.0976271044312103,-0.14920210982009385,0.2348602754344028,0.6611578467514088,False,True,-0.039523017610377215,-23_to_-2,group_event__age__age_55_65__admissoes,age,age_pnad,age_55_65,Age 55–65,admissoes,ppml,-23_to_41,-1,2022-11,alternative,False,"admissoes ~ i(event_time, treatment, ref=-1) | cbo_4d + periodo",22039,340
58.0,"C(event_time, contr.treatment(base=-1))[36]:treatment",36,0.12828045369620938,0.14749869839538146,-0.1618474890390964,0.4184083964315152,0.3850766458956043,False,True,-0.039523017610377215,-23_to_-2,group_event__age__age_55_65__admissoes,age,age_pnad,age_55_65,Age 55–65,admissoes,ppml,-23_to_41,-1,2022-11,alternative,False,"admissoes ~ i(event_time, treatment, ref=-1) | cbo_4d + periodo",22039,340
59.0,"C(event_time, contr.treatment(base=-1))[37]:treatment",37,-0.09657082635201909,0.058968210944428515,-0.2125604988996942,0.019418846195656023,0.10241713401710428,False,True,-0.039523017610377215,-23_to_-2,group_event__age__age_55_65__admissoes,age,age_pnad,age_55_65,Age 55–65,admissoes,ppml,-23_to_41,-1,2022-11,alternative,False,"admissoes ~ i(event_time, treatment, ref=-1) | cbo_4d + periodo",22039,340
60.0,"C(event_time, contr.treatment(base=-1))[38]:treatment",38,-0.1608764490189352,0.07526752176185124,-0.3089266452655113,-0.012826252772359131,0.03328093181843417,False,True,-0.039523017610377215,-23_to_-2,group_event__age__age_55_65__admissoes,age,age_pnad,age_55_65,Age 55–65,admissoes,ppml,-23_to_41,-1,2022-11,alternative,False,"admissoes ~ i(event_time, treatment, ref=-1) | cbo_4d + periodo",22039,340
61.0,"C(event_time, contr.treatment(base=-1))[39]:treatment",39,-0.053326317437625975,0.06280097831071543,-0.1768549915023386,0.07020235662708665,0.39640709789991213,False,True,-0.039523017610377215,-23_to_-2,group_event__age__age_55_65__admissoes,age,age_pnad,age_55_65,Age 55–65,admissoes,ppml,-23_to_41,-1,2022-11,alternative,False,"admissoes ~ i(event_time, treatment, ref=-1) | cbo_4d + periodo",22039,340
62.0,"C(event_time, contr.treatment(base=-1))[40]:treatment",40,-0.07068676368783419,0.06407125293205099,-0.1967140507342631,0.05534052335859471,0.27070011830704876,False,True,-0.039523017610377215,-23_to_-2,group_event__age__age_55_65__admissoes,age,age_pnad,age_55_65,Age 55–65,admissoes,ppml,-23_to_41,-1,2022-11,alternative,False,"admissoes ~ i(event_time, treatment, ref=-1) | cbo_4d + periodo",22039,340
63.0,"C(event_time, contr.treatment(base=-1))[41]:treatment",41,-0.06001436657400936,0.06696056413359555,-0.1917248896350311,0.07169615648701239,0.3707475894386594,False,True,-0.039523017610377215,-23_to_-2,group_event__age__age_55_65__admissoes,age,age_pnad,age_55_65,Age 55–65,admissoes,ppml,-23_to_41,-1,2022-11,alternative,False,"admissoes ~ i(event_time, treatment, ref=-1) | cbo_4d + periodo",22039,340
0.0,"C(event_time, contr.treatment(base=-1))[-23]:treatment",-23,0.059121020469865615,0.06638172871352982,-0.07145232520437778,0.189694366144109,0.373765557422459,False,False,0.07036282486313238,-23_to_-2,group_event__age__age_55_65__ln_salario_real_adm,age,age_pnad,age_55_65,Age 55–65,ln_salario_real_adm,ols,-23_to_41,-1,2022-11,alternative,False,"ln_salario_real_adm ~ i(event_time, treatment, ref=-1) | cbo_4d + periodo",20121,339
1.0,"C(event_time, contr.treatment(base=-1))[-22]:treatment",-22,0.06365929286584222,0.05302317847334656,-0.04063768682604493,0.16795627255772938,0.23074958227940146,False,False,0.07036282486313238,-23_to_-2,group_event__age__age_55_65__ln_salario_real_adm,age,age_pnad,age_55_65,Age 55–65,ln_salario_real_adm,ols,-23_to_41,-1,2022-11,alternative,False,"ln_salario_real_adm ~ i(event_time, treatment, ref=-1) | cbo_4d + periodo",20121,339
2.0,"C(event_time, contr.treatment(base=-1))[-21]:treatment",-21,0.041271577749503734,0.0463953947572766,-0.04998850291935244,0.1325316584183599,0.37433382718773256,False,False,0.07036282486313238,-23_to_-2,group_event__age__age_55_65__ln_salario_real_adm,age,age_pnad,age_55_65,Age 55–65,ln_salario_real_adm,ols,-23_to_41,-1,2022-11,alternative,False,"ln_salario_real_adm ~ i(event_time, treatment, ref=-1) | cbo_4d + periodo",20121,339
3.0,"C(event_time, contr.treatment(base=-1))[-20]:treatment",-20,0.04164907405374459,0.0567121024887754,-0.06990404614498708,0.15320219425247628,0.4632173099918626,False,False,0.07036282486313238,-23_to_-2,group_event__age__age_55_65__ln_salario_real_adm,age,age_pnad,age_55_65,Age 55–65,ln_salario_real_adm,ols,-23_to_41,-1,2022-11,alternative,False,"ln_salario_real_adm ~ i(event_time, treatment, ref=-1) | cbo_4d + periodo",20121,339
4.0,"C(event_time, contr.treatment(base=-1))[-19]:treatment",-19,0.14711174848941252,0.060776124187019484,0.0275646678995244,0.26665882907930066,0.016023501903935866,False,False,0.07036282486313238,-23_to_-2,group_event__age__age_55_65__ln_salario_real_adm,age,age_pnad,age_55_65,Age 55–65,ln_salario_real_adm,ols,-23_to_41,-1,2022-11,alternative,False,"ln_salario_real_adm ~ i(event_time, treatment, ref=-1) | cbo_4d + periodo",20121,339
5.0,"C(event_time, contr.treatment(base=-1))[-18]:treatment",-18,0.03172564071646495,0.08344713101038954,-0.13241547603517925,0.19586675746810914,0.7040442805227345,False,False,0.07036282486313238,-23_to_-2,group_event__age__age_55_65__ln_salario_real_adm,age,age_pnad,age_55_65,Age 55–65,ln_salario_real_adm,ols,-23_to_41,-1,2022-11,alternative,False,"ln_salario_real_adm ~ i(event_time, treatment, ref=-1) | cbo_4d + periodo",20121,339
6.0,"C(event_time, contr.treatment(base=-1))[-17]:treatment",-17,0.05582835575768893,0.05413503799571197,-0.050655659743125976,0.16231237125850384,0.3031471223381277,False,False,0.07036282486313238,-23_to_-2,group_event__age__age_55_65__ln_salario_real_adm,age,age_pnad,age_55_65,Age 55–65,ln_salario_real_adm,ols,-23_to_41,-1,2022-11,alternative,False,"ln_salario_real_adm ~ i(event_time, treatment, ref=-1) | cbo_4d + periodo",20121,339
7.0,"C(event_time, contr.treatment(base=-1))[-16]:treatment",-16,0.07927403897149723,0.05032230915156939,-0.019710311019297322,0.1782583889622918,0.11611671986340122,False,False,0.07036282486313238,-23_to_-2,group_event__age__age_55_65__ln_salario_real_adm,age,age_pnad,age_55_65,Age 55–65,ln_salario_real_adm,ols,-23_to_41,-1,2022-11,alternative,False,"ln_salario_real_adm ~ i(event_time, treatment, ref=-1) | cbo_4d + periodo",20121,339
8.0,"C(event_time, contr.treatment(base=-1))[-15]:treatment",-15,0.11639157822765776,0.06111506809681743,-0.0038222075107090664,0.2366053639660246,0.05769826274054046,False,False,0.07036282486313238,-23_to_-2,group_event__age__age_55_65__ln_salario_real_adm,age,age_pnad,age_55_65,Age 55–65,ln_salario_real_adm,ols,-23_to_41,-1,2022-11,alternative,False,"ln_salario_real_adm ~ i(event_time, treatment, ref=-1) | cbo_4d + periodo",20121,339
9.0,"C(event_time, contr.treatment(base=-1))[-14]:treatment",-14,0.0667339484424095,0.04710572902840143,-0.025923364930766718,0.15939126181558572,0.15749622471119662,False,False,0.07036282486313238,-23_to_-2,group_event__age__age_55_65__ln_salario_real_adm,age,age_pnad,age_55_65,Age 55–65,ln_salario_real_adm,ols,-23_to_41,-1,2022-11,alternative,False,"ln_salario_real_adm ~ i(event_time, treatment, ref=-1) | cbo_4d + periodo",20121,339
10.0,"C(event_time, contr.treatment(base=-1))[-13]:treatment",-13,0.10036999873802985,0.0468975581193563,0.008122159064813658,0.19261783841124602,0.033054280434287264,False,False,0.07036282486313238,-23_to_-2,group_event__age__age_55_65__ln_salario_real_adm,age,age_pnad,age_55_65,Age 55–65,ln_salario_real_adm,ols,-23_to_41,-1,2022-11,alternative,False,"ln_salario_real_adm ~ i(event_time, treatment, ref=-1) | cbo_4d + periodo",20121,339
11.0,"C(event_time, contr.treatment(base=-1))[-12]:treatment",-12,0.07340215782869544,0.051220425657601466,-0.02734879389529514,0.17415310955268604,0.15276378104602606,False,False,0.07036282486313238,-23_to_-2,group_event__age__age_55_65__ln_salario_real_adm,age,age_pnad,age_55_65,Age 55–65,ln_salario_real_adm,ols,-23_to_41,-1,2022-11,alternative,False,"ln_salario_real_adm ~ i(event_time, treatment, ref=-1) | cbo_4d + periodo",20121,339
12.0,"C(event_time, contr.treatment(base=-1))[-11]:treatment",-11,0.09613440248093125,0.05153839144522902,-0.00524199027186481,0.1975107952337273,0.06300605441645946,False,False,0.07036282486313238,-23_to_-2,group_event__age__age_55_65__ln_salario_real_adm,age,age_pnad,age_55_65,Age 55–65,ln_salario_real_adm,ols,-23_to_41,-1,2022-11,alternative,False,"ln_salario_real_adm ~ i(event_time, treatment, ref=-1) | cbo_4d + periodo",20121,339
13.0,"C(event_time, contr.treatment(base=-1))[-10]:treatment",-10,0.020655222171666855,0.040574994571566436,-0.0591560887808884,0.1004665331242221,0.6110403262691217,False,False,0.07036282486313238,-23_to_-2,group_event__age__age_55_65__ln_salario_real_adm,age,age_pnad,age_55_65,Age 55–65,ln_salario_real_adm,ols,-23_to_41,-1,2022-11,alternative,False,"ln_salario_real_adm ~ i(event_time, treatment, ref=-1) | cbo_4d + periodo",20121,339
14.0,"C(event_time, contr.treatment(base=-1))[-9]:treatment",-9,0.11849315852658134,0.0402553598956485,0.03931057131829943,0.19767574573486324,0.0034692938444933485,False,False,0.07036282486313238,-23_to_-2,group_event__age__age_55_65__ln_salario_real_adm,age,age_pnad,age_55_65,Age 55–65,ln_salario_real_adm,ols,-23_to_41,-1,2022-11,alternative,False,"ln_salario_real_adm ~ i(event_time, treatment, ref=-1) | cbo_4d + periodo",20121,339
15.0,"C(event_time, contr.treatment(base=-1))[-8]:treatment",-8,0.09983904668068885,0.043269893231108685,0.01472685036330662,0.18495124299807109,0.021638761832750708,False,False,0.07036282486313238,-23_to_-2,group_event__age__age_55_65__ln_salario_real_adm,age,age_pnad,age_55_65,Age 55–65,ln_salario_real_adm,ols,-23_to_41,-1,2022-11,alternative,False,"ln_salario_real_adm ~ i(event_time, treatment, ref=-1) | cbo_4d + periodo",20121,339
16.0,"C(event_time, contr.treatment(base=-1))[-7]:treatment",-7,0.04145211764360772,0.05419524276024036,-0.06515032106917154,0.14805455635638698,0.4448848194324644,False,False,0.07036282486313238,-23_to_-2,group_event__age__age_55_65__ln_salario_real_adm,age,age_pnad,age_55_65,Age 55–65,ln_salario_real_adm,ols,-23_to_41,-1,2022-11,alternative,False,"ln_salario_real_adm ~ i(event_time, treatment, ref=-1) | cbo_4d + periodo",20121,339
17.0,"C(event_time, contr.treatment(base=-1))[-6]:treatment",-6,0.08692758935312289,0.047640317826212863,-0.006781264093549219,0.18063644279979502,0.06893430343305207,False,False,0.07036282486313238,-23_to_-2,group_event__age__age_55_65__ln_salario_real_adm,age,age_pnad,age_55_65,Age 55–65,ln_salario_real_adm,ols,-23_to_41,-1,2022-11,alternative,False,"ln_salario_real_adm ~ i(event_time, treatment, ref=-1) | cbo_4d + periodo",20121,339
18.0,"C(event_time, contr.treatment(base=-1))[-5]:treatment",-5,0.06735152020235843,0.0493655184626598,-0.0297508155085726,0.16445385591328948,0.17336720864885402,False,False,0.07036282486313238,-23_to_-2,group_event__age__age_55_65__ln_salario_real_adm,age,age_pnad,age_55_65,Age 55–65,ln_salario_real_adm,ols,-23_to_41,-1,2022-11,alternative,False,"ln_salario_real_adm ~ i(event_time, treatment, ref=-1) | cbo_4d + periodo",20121,339
19.0,"C(event_time, contr.treatment(base=-1))[-4]:treatment",-4,-0.0018420218905559104,0.03960132035326494,-0.07973810853750389,0.07605406475639208,0.9629279233188357,False,False,0.07036282486313238,-23_to_-2,group_event__age__age_55_65__ln_salario_real_adm,age,age_pnad,age_55_65,Age 55–65,ln_salario_real_adm,ols,-23_to_41,-1,2022-11,alternative,False,"ln_salario_real_adm ~ i(event_time, treatment, ref=-1) | cbo_4d + periodo",20121,339
20.0,"C(event_time, contr.treatment(base=-1))[-3]:treatment",-3,0.10115644337217752,0.06691973593186894,-0.03047516643373066,0.2327880531780857,0.13156783615817091,False,False,0.07036282486313238,-23_to_-2,group_event__age__age_55_65__ln_salario_real_adm,age,age_pnad,age_55_65,Age 55–65,ln_salario_real_adm,ols,-23_to_41,-1,2022-11,alternative,False,"ln_salario_real_adm ~ i(event_time, treatment, ref=-1) | cbo_4d + periodo",20121,339
21.0,"C(event_time, contr.treatment(base=-1))[-2]:treatment",-2,0.04127623613752075,0.04643989512580729,-0.050071377081562674,0.13262384935660418,0.37473737943669105,False,False,0.07036282486313238,-23_to_-2,group_event__age__age_55_65__ln_salario_real_adm,age,age_pnad,age_55_65,Age 55–65,ln_salario_real_adm,ols,-23_to_41,-1,2022-11,alternative,False,"ln_salario_real_adm ~ i(event_time, treatment, ref=-1) | cbo_4d + periodo",20121,339
,reference_event_time,-1,0.0,0.0,0.0,0.0,,True,False,0.07036282486313238,-23_to_-2,group_event__age__age_55_65__ln_salario_real_adm,age,age_pnad,age_55_65,Age 55–65,ln_salario_real_adm,ols,-23_to_41,-1,2022-11,alternative,False,"ln_salario_real_adm ~ i(event_time, treatment, ref=-1) | cbo_4d + periodo",20121,339
22.0,"C(event_time, contr.treatment(base=-1))[0]:treatment",0,0.014882469952961162,0.045170361664107844,-0.07396796166582274,0.10373290157174507,0.7420013489281099,False,False,0.07036282486313238,-23_to_-2,group_event__age__age_55_65__ln_salario_real_adm,age,age_pnad,age_55_65,Age 55–65,ln_salario_real_adm,ols,-23_to_41,-1,2022-11,alternative,False,"ln_salario_real_adm ~ i(event_time, treatment, ref=-1) | cbo_4d + periodo",20121,339
23.0,"C(event_time, contr.treatment(base=-1))[1]:treatment",1,0.03259407802263843,0.04967727284998803,-0.06512148084729982,0.13030963689257669,0.5121955656137516,False,False,0.07036282486313238,-23_to_-2,group_event__age__age_55_65__ln_salario_real_adm,age,age_pnad,age_55_65,Age 55–65,ln_salario_real_adm,ols,-23_to_41,-1,2022-11,alternative,False,"ln_salario_real_adm ~ i(event_time, treatment, ref=-1) | cbo_4d + periodo",20121,339
24.0,"C(event_time, contr.treatment(base=-1))[2]:treatment",2,-0.011084726604004875,0.049263766526231295,-0.1079869155121065,0.08581746230409674,0.8221092589903454,False,False,0.07036282486313238,-23_to_-2,group_event__age__age_55_65__ln_salario_real_adm,age,age_pnad,age_55_65,Age 55–65,ln_salario_real_adm,ols,-23_to_41,-1,2022-11,alternative,False,"ln_salario_real_adm ~ i(event_time, treatment, ref=-1) | cbo_4d + periodo",20121,339
25.0,"C(event_time, contr.treatment(base=-1))[3]:treatment",3,-0.015600776317040491,0.04154433314211814,-0.09731878332438268,0.0661172306903017,0.70750846248763,False,False,0.07036282486313238,-23_to_-2,group_event__age__age_55_65__ln_salario_real_adm,age,age_pnad,age_55_65,Age 55–65,ln_salario_real_adm,ols,-23_to_41,-1,2022-11,alternative,False,"ln_salario_real_adm ~ i(event_time, treatment, ref=-1) | cbo_4d + periodo",20121,339
26.0,"C(event_time, contr.treatment(base=-1))[4]:treatment",4,0.07781574749232013,0.06498168222412683,-0.05000369650199356,0.20563519148663384,0.23194975192948997,False,False,0.07036282486313238,-23_to_-2,group_event__age__age_55_65__ln_salario_real_adm,age,age_pnad,age_55_65,Age 55–65,ln_salario_real_adm,ols,-23_to_41,-1,2022-11,alternative,False,"ln_salario_real_adm ~ i(event_time, treatment, ref=-1) | cbo_4d + periodo",20121,339
27.0,"C(event_time, contr.treatment(base=-1))[5]:treatment",5,0.07938612022655628,0.07035671055578722,-0.05900604379117702,0.21777828424428958,0.2599776331941559,False,False,0.07036282486313238,-23_to_-2,group_event__age__age_55_65__ln_salario_real_adm,age,age_pnad,age_55_65,Age 55–65,ln_salario_real_adm,ols,-23_to_41,-1,2022-11,alternative,False,"ln_salario_real_adm ~ i(event_time, treatment, ref=-1) | cbo_4d + periodo",20121,339
28.0,"C(event_time, contr.treatment(base=-1))[6]:treatment",6,0.013668815665989788,0.04902581105361809,-0.08276531308786837,0.11010294441984796,0.7805622491155038,False,False,0.07036282486313238,-23_to_-2,group_event__age__age_55_65__ln_salario_real_adm,age,age_pnad,age_55_65,Age 55–65,ln_salario_real_adm,ols,-23_to_41,-1,2022-11,alternative,False,"ln_salario_real_adm ~ i(event_time, treatment, ref=-1) | cbo_4d + periodo",20121,339
29.0,"C(event_time, contr.treatment(base=-1))[7]:treatment",7,0.05886447768942907,0.051228952537316415,-0.041903246469297994,0.15963220184815613,0.2513490321989513,False,False,0.07036282486313238,-23_to_-2,group_event__age__age_55_65__ln_salario_real_adm,age,age_pnad,age_55_65,Age 55–65,ln_salario_real_adm,ols,-23_to_41,-1,2022-11,alternative,False,"ln_salario_real_adm ~ i(event_time, treatment, ref=-1) | cbo_4d + periodo",20121,339
30.0,"C(event_time, contr.treatment(base=-1))[8]:treatment",8,0.046068545084390976,0.048268401777001396,-0.04887575408519495,0.1410128442539769,0.340550886832127,False,False,0.07036282486313238,-23_to_-2,group_event__age__age_55_65__ln_salario_real_adm,age,age_pnad,age_55_65,Age 55–65,ln_salario_real_adm,ols,-23_to_41,-1,2022-11,alternative,False,"ln_salario_real_adm ~ i(event_time, treatment, ref=-1) | cbo_4d + periodo",20121,339
31.0,"C(event_time, contr.treatment(base=-1))[9]:treatment",9,-0.033145516738669216,0.04507451812567562,-0.12180742341667672,0.055516389939338294,0.46263670467254636,False,False,0.07036282486313238,-23_to_-2,group_event__age__age_55_65__ln_salario_real_adm,age,age_pnad,age_55_65,Age 55–65,ln_salario_real_adm,ols,-23_to_41,-1,2022-11,alternative,False,"ln_salario_real_adm ~ i(event_time, treatment, ref=-1) | cbo_4d + periodo",20121,339
32.0,"C(event_time, contr.treatment(base=-1))[10]:treatment",10,-0.021116755212197948,0.05094314177664389,-0.12132228751521479,0.07908877709081891,0.6787590872591382,False,False,0.07036282486313238,-23_to_-2,group_event__age__age_55_65__ln_salario_real_adm,age,age_pnad,age_55_65,Age 55–65,ln_salario_real_adm,ols,-23_to_41,-1,2022-11,alternative,False,"ln_salario_real_adm ~ i(event_time, treatment, ref=-1) | cbo_4d + periodo",20121,339
33.0,"C(event_time, contr.treatment(base=-1))[11]:treatment",11,0.022208552143125556,0.04120465846150586,-0.05884131228420371,0.10325841657045483,0.5902543803532772,False,False,0.07036282486313238,-23_to_-2,group_event__age__age_55_65__ln_salario_real_adm,age,age_pnad,age_55_65,Age 55–65,ln_salario_real_adm,ols,-23_to_41,-1,2022-11,alternative,False,"ln_salario_real_adm ~ i(event_time, treatment, ref=-1) | cbo_4d + periodo",20121,339
34.0,"C(event_time, contr.treatment(base=-1))[12]:treatment",12,0.0011715235199652738,0.050380486734976825,-0.09792726220270866,0.1002703092426392,0.9814617712013352,False,False,0.07036282486313238,-23_to_-2,group_event__age__age_55_65__ln_salario_real_adm,age,age_pnad,age_55_65,Age 55–65,ln_salario_real_adm,ols,-23_to_41,-1,2022-11,alternative,False,"ln_salario_real_adm ~ i(event_time, treatment, ref=-1) | cbo_4d + periodo",20121,339
35.0,"C(event_time, contr.treatment(base=-1))[13]:treatment",13,-0.014141682398603053,0.06012494099354,-0.1324078808863334,0.10412451608912729,0.814192115557296,False,False,0.07036282486313238,-23_to_-2,group_event__age__age_55_65__ln_salario_real_adm,age,age_pnad,age_55_65,Age 55–65,ln_salario_real_adm,ols,-23_to_41,-1,2022-11,alternative,False,"ln_salario_real_adm ~ i(event_time, treatment, ref=-1) | cbo_4d + periodo",20121,339
36.0,"C(event_time, contr.treatment(base=-1))[14]:treatment",14,-0.015539157222997917,0.04692300673025614,-0.10783705449990041,0.07675874005390457,0.7407266851501815,False,False,0.07036282486313238,-23_to_-2,group_event__age__age_55_65__ln_salario_real_adm,age,age_pnad,age_55_65,Age 55–65,ln_salario_real_adm,ols,-23_to_41,-1,2022-11,alternative,False,"ln_salario_real_adm ~ i(event_time, treatment, ref=-1) | cbo_4d + periodo",20121,339
37.0,"C(event_time, contr.treatment(base=-1))[15]:treatment",15,0.010053364063126518,0.04098597688029206,-0.07056635209524695,0.09067308022149997,0.8063823832581449,False,False,0.07036282486313238,-23_to_-2,group_event__age__age_55_65__ln_salario_real_adm,age,age_pnad,age_55_65,Age 55–65,ln_salario_real_adm,ols,-23_to_41,-1,2022-11,alternative,False,"ln_salario_real_adm ~ i(event_time, treatment, ref=-1) | cbo_4d + periodo",20121,339
38.0,"C(event_time, contr.treatment(base=-1))[16]:treatment",16,0.021432128841381754,0.050447476650838236,-0.07779842653553257,0.12066268421829607,0.6712233015584657,False,False,0.07036282486313238,-23_to_-2,group_event__age__age_55_65__ln_salario_real_adm,age,age_pnad,age_55_65,Age 55–65,ln_salario_real_adm,ols,-23_to_41,-1,2022-11,alternative,False,"ln_salario_real_adm ~ i(event_time, treatment, ref=-1) | cbo_4d + periodo",20121,339
39.0,"C(event_time, contr.treatment(base=-1))[17]:treatment",17,0.09531858092331004,0.05770819135161381,-0.01819385335069902,0.20883101519731911,0.09951746903625924,False,False,0.07036282486313238,-23_to_-2,group_event__age__age_55_65__ln_salario_real_adm,age,age_pnad,age_55_65,Age 55–65,ln_salario_real_adm,ols,-23_to_41,-1,2022-11,alternative,False,"ln_salario_real_adm ~ i(event_time, treatment, ref=-1) | cbo_4d + periodo",20121,339
40.0,"C(event_time, contr.treatment(base=-1))[18]:treatment",18,0.050056683663659736,0.04097803497242037,-0.030547410703869467,0.13066077803118895,0.22272947432173829,False,False,0.07036282486313238,-23_to_-2,group_event__age__age_55_65__ln_salario_real_adm,age,age_pnad,age_55_65,Age 55–65,ln_salario_real_adm,ols,-23_to_41,-1,2022-11,alternative,False,"ln_salario_real_adm ~ i(event_time, treatment, ref=-1) | cbo_4d + periodo",20121,339
41.0,"C(event_time, contr.treatment(base=-1))[19]:treatment",19,0.009595865487206196,0.05058784692824519,-0.08991079925156797,0.10910253022598038,0.8496681365400853,False,False,0.07036282486313238,-23_to_-2,group_event__age__age_55_65__ln_salario_real_adm,age,age_pnad,age_55_65,Age 55–65,ln_salario_real_adm,ols,-23_to_41,-1,2022-11,alternative,False,"ln_salario_real_adm ~ i(event_time, treatment, ref=-1) | cbo_4d + periodo",20121,339
42.0,"C(event_time, contr.treatment(base=-1))[20]:treatment",20,0.029379335593050938,0.05967421483723149,-0.08800028125011161,0.14675895243621348,0.6228065391408943,False,False,0.07036282486313238,-23_to_-2,group_event__age__age_55_65__ln_salario_real_adm,age,age_pnad,age_55_65,Age 55–65,ln_salario_real_adm,ols,-23_to_41,-1,2022-11,alternative,False,"ln_salario_real_adm ~ i(event_time, treatment, ref=-1) | cbo_4d + periodo",20121,339
43.0,"C(event_time, contr.treatment(base=-1))[21]:treatment",21,0.028215983588455354,0.040986695631247946,-0.05240514635830287,0.10883711353521358,0.4916617351013315,False,False,0.07036282486313238,-23_to_-2,group_event__age__age_55_65__ln_salario_real_adm,age,age_pnad,age_55_65,Age 55–65,ln_salario_real_adm,ols,-23_to_41,-1,2022-11,alternative,False,"ln_salario_real_adm ~ i(event_time, treatment, ref=-1) | cbo_4d + periodo",20121,339
44.0,"C(event_time, contr.treatment(base=-1))[22]:treatment",22,0.017543734500266733,0.04829432815343467,-0.07745156204130256,0.11253903104183603,0.716632545034172,False,False,0.07036282486313238,-23_to_-2,group_event__age__age_55_65__ln_salario_real_adm,age,age_pnad,age_55_65,Age 55–65,ln_salario_real_adm,ols,-23_to_41,-1,2022-11,alternative,False,"ln_salario_real_adm ~ i(event_time, treatment, ref=-1) | cbo_4d + periodo",20121,339
45.0,"C(event_time, contr.treatment(base=-1))[23]:treatment",23,0.03349041541508363,0.04491250947712387,-0.054852819066831274,0.12183364989699853,0.45637824835463636,False,False,0.07036282486313238,-23_to_-2,group_event__age__age_55_65__ln_salario_real_adm,age,age_pnad,age_55_65,Age 55–65,ln_salario_real_adm,ols,-23_to_41,-1,2022-11,alternative,False,"ln_salario_real_adm ~ i(event_time, treatment, ref=-1) | cbo_4d + periodo",20121,339
46.0,"C(event_time, contr.treatment(base=-1))[24]:treatment",24,-0.012559625441757124,0.06660111808064179,-0.14356451160499242,0.11844526072147818,0.8505353411403946,False,True,0.07036282486313238,-23_to_-2,group_event__age__age_55_65__ln_salario_real_adm,age,age_pnad,age_55_65,Age 55–65,ln_salario_real_adm,ols,-23_to_41,-1,2022-11,alternative,False,"ln_salario_real_adm ~ i(event_time, treatment, ref=-1) | cbo_4d + periodo",20121,339
47.0,"C(event_time, contr.treatment(base=-1))[25]:treatment",25,0.07531871609867209,0.04657600708521477,-0.01629663033963509,0.1669340625369793,0.10678651377751214,False,True,0.07036282486313238,-23_to_-2,group_event__age__age_55_65__ln_salario_real_adm,age,age_pnad,age_55_65,Age 55–65,ln_salario_real_adm,ols,-23_to_41,-1,2022-11,alternative,False,"ln_salario_real_adm ~ i(event_time, treatment, ref=-1) | cbo_4d + periodo",20121,339
48.0,"C(event_time, contr.treatment(base=-1))[26]:treatment",26,-0.038326366335327024,0.0496160516815416,-0.13592150271936357,0.059268770048709514,0.4403824056211896,False,True,0.07036282486313238,-23_to_-2,group_event__age__age_55_65__ln_salario_real_adm,age,age_pnad,age_55_65,Age 55–65,ln_salario_real_adm,ols,-23_to_41,-1,2022-11,alternative,False,"ln_salario_real_adm ~ i(event_time, treatment, ref=-1) | cbo_4d + periodo",20121,339
49.0,"C(event_time, contr.treatment(base=-1))[27]:treatment",27,0.05008714842074252,0.047364647660074484,-0.04307945979380254,0.14325375663528758,0.2910479501215797,False,True,0.07036282486313238,-23_to_-2,group_event__age__age_55_65__ln_salario_real_adm,age,age_pnad,age_55_65,Age 55–65,ln_salario_real_adm,ols,-23_to_41,-1,2022-11,alternative,False,"ln_salario_real_adm ~ i(event_time, treatment, ref=-1) | cbo_4d + periodo",20121,339
50.0,"C(event_time, contr.treatment(base=-1))[28]:treatment",28,0.022043648866063005,0.04302102071109054,-0.06257901338501937,0.10666631111714536,0.6087109881977035,False,True,0.07036282486313238,-23_to_-2,group_event__age__age_55_65__ln_salario_real_adm,age,age_pnad,age_55_65,Age 55–65,ln_salario_real_adm,ols,-23_to_41,-1,2022-11,alternative,False,"ln_salario_real_adm ~ i(event_time, treatment, ref=-1) | cbo_4d + periodo",20121,339
51.0,"C(event_time, contr.treatment(base=-1))[29]:treatment",29,0.11354045595765615,0.044692661712892136,0.025629663635218916,0.20145124828009336,0.011517195314116213,False,True,0.07036282486313238,-23_to_-2,group_event__age__age_55_65__ln_salario_real_adm,age,age_pnad,age_55_65,Age 55–65,ln_salario_real_adm,ols,-23_to_41,-1,2022-11,alternative,False,"ln_salario_real_adm ~ i(event_time, treatment, ref=-1) | cbo_4d + periodo",20121,339
52.0,"C(event_time, contr.treatment(base=-1))[30]:treatment",30,0.0199460046143458,0.044811554869291774,-0.06819865141591781,0.10809066064460941,0.6565262531368168,False,True,0.07036282486313238,-23_to_-2,group_event__age__age_55_65__ln_salario_real_adm,age,age_pnad,age_55_65,Age 55–65,ln_salario_real_adm,ols,-23_to_41,-1,2022-11,alternative,False,"ln_salario_real_adm ~ i(event_time, treatment, ref=-1) | cbo_4d + periodo",20121,339
53.0,"C(event_time, contr.treatment(base=-1))[31]:treatment",31,-0.027508571219293947,0.04587595217085102,-0.1177469045231791,0.06272976208459119,0.549154968556244,False,True,0.07036282486313238,-23_to_-2,group_event__age__age_55_65__ln_salario_real_adm,age,age_pnad,age_55_65,Age 55–65,ln_salario_real_adm,ols,-23_to_41,-1,2022-11,alternative,False,"ln_salario_real_adm ~ i(event_time, treatment, ref=-1) | cbo_4d + periodo",20121,339
54.0,"C(event_time, contr.treatment(base=-1))[32]:treatment",32,0.06767855927350688,0.057940470230743966,-0.046290769253864786,0.18164788780087854,0.24360154430587344,False,True,0.07036282486313238,-23_to_-2,group_event__age__age_55_65__ln_salario_real_adm,age,age_pnad,age_55_65,Age 55–65,ln_salario_real_adm,ols,-23_to_41,-1,2022-11,alternative,False,"ln_salario_real_adm ~ i(event_time, treatment, ref=-1) | cbo_4d + periodo",20121,339
55.0,"C(event_time, contr.treatment(base=-1))[33]:treatment",33,0.10523529645831874,0.06158986681225594,-0.015912421824411063,0.22638301474104855,0.0884345070877357,False,True,0.07036282486313238,-23_to_-2,group_event__age__age_55_65__ln_salario_real_adm,age,age_pnad,age_55_65,Age 55–65,ln_salario_real_adm,ols,-23_to_41,-1,2022-11,alternative,False,"ln_salario_real_adm ~ i(event_time, treatment, ref=-1) | cbo_4d + periodo",20121,339
56.0,"C(event_time, contr.treatment(base=-1))[34]:treatment",34,-0.013844585703009253,0.04848871879639476,-0.10922225006040635,0.08153307865438784,0.7754193039161135,False,True,0.07036282486313238,-23_to_-2,group_event__age__age_55_65__ln_salario_real_adm,age,age_pnad,age_55_65,Age 55–65,ln_salario_real_adm,ols,-23_to_41,-1,2022-11,alternative,False,"ln_salario_real_adm ~ i(event_time, treatment, ref=-1) | cbo_4d + periodo",20121,339
57.0,"C(event_time, contr.treatment(base=-1))[35]:treatment",35,0.0038726347177233437,0.06387491785396075,-0.12176979566928764,0.12951506510473432,0.9516909792884964,False,True,0.07036282486313238,-23_to_-2,group_event__age__age_55_65__ln_salario_real_adm,age,age_pnad,age_55_65,Age 55–65,ln_salario_real_adm,ols,-23_to_41,-1,2022-11,alternative,False,"ln_salario_real_adm ~ i(event_time, treatment, ref=-1) | cbo_4d + periodo",20121,339
58.0,"C(event_time, contr.treatment(base=-1))[36]:treatment",36,0.009391779510693202,0.054207431492832865,-0.09723463452820329,0.11601819354958968,0.8625536729482963,False,True,0.07036282486313238,-23_to_-2,group_event__age__age_55_65__ln_salario_real_adm,age,age_pnad,age_55_65,Age 55–65,ln_salario_real_adm,ols,-23_to_41,-1,2022-11,alternative,False,"ln_salario_real_adm ~ i(event_time, treatment, ref=-1) | cbo_4d + periodo",20121,339
59.0,"C(event_time, contr.treatment(base=-1))[37]:treatment",37,0.010599158615827714,0.04584344380742428,-0.0795752304995392,0.10077354773119464,0.817296707220913,False,True,0.07036282486313238,-23_to_-2,group_event__age__age_55_65__ln_salario_real_adm,age,age_pnad,age_55_65,Age 55–65,ln_salario_real_adm,ols,-23_to_41,-1,2022-11,alternative,False,"ln_salario_real_adm ~ i(event_time, treatment, ref=-1) | cbo_4d + periodo",20121,339
60.0,"C(event_time, contr.treatment(base=-1))[38]:treatment",38,0.02434267803556851,0.04478768919296587,-0.06375503403488804,0.11244039010602506,0.5871351285688022,False,True,0.07036282486313238,-23_to_-2,group_event__age__age_55_65__ln_salario_real_adm,age,age_pnad,age_55_65,Age 55–65,ln_salario_real_adm,ols,-23_to_41,-1,2022-11,alternative,False,"ln_salario_real_adm ~ i(event_time, treatment, ref=-1) | cbo_4d + periodo",20121,339
61.0,"C(event_time, contr.treatment(base=-1))[39]:treatment",39,0.030528577319859303,0.051843627851306334,-0.07144821767517262,0.13250537231489123,0.5563493095111787,False,True,0.07036282486313238,-23_to_-2,group_event__age__age_55_65__ln_salario_real_adm,age,age_pnad,age_55_65,Age 55–65,ln_salario_real_adm,ols,-23_to_41,-1,2022-11,alternative,False,"ln_salario_real_adm ~ i(event_time, treatment, ref=-1) | cbo_4d + periodo",20121,339
62.0,"C(event_time, contr.treatment(base=-1))[40]:treatment",40,0.025621441854065223,0.054143310936142115,-0.08087884658105648,0.13212173028918694,0.6363650630268771,False,True,0.07036282486313238,-23_to_-2,group_event__age__age_55_65__ln_salario_real_adm,age,age_pnad,age_55_65,Age 55–65,ln_salario_real_adm,ols,-23_to_41,-1,2022-11,alternative,False,"ln_salario_real_adm ~ i(event_time, treatment, ref=-1) | cbo_4d + periodo",20121,339
63.0,"C(event_time, contr.treatment(base=-1))[41]:treatment",41,0.031470162539701224,0.045182832153431586,-0.05740479862275008,0.12034512370215253,0.48659002606552226,False,True,0.07036282486313238,-23_to_-2,group_event__age__age_55_65__ln_salario_real_adm,age,age_pnad,age_55_65,Age 55–65,ln_salario_real_adm,ols,-23_to_41,-1,2022-11,alternative,False,"ln_salario_real_adm ~ i(event_time, treatment, ref=-1) | cbo_4d + periodo",20121,339
0.0,"C(event_time, contr.treatment(base=-1))[-23]:treatment",-23,-0.07708671914050182,0.11936677058396573,-0.3118820295299031,0.15770859124889947,0.5188489208283034,False,False,-0.08844371843536249,-23_to_-2,group_event__education__fundamental_or_less__admissoes,education,education,fundamental_or_less,Primary or less,admissoes,ppml,-23_to_41,-1,2022-11,frozen,False,"admissoes ~ i(event_time, treatment, ref=-1) | cbo_4d + periodo",21974,339
1.0,"C(event_time, contr.treatment(base=-1))[-22]:treatment",-22,-0.09206521287164912,0.10138056515751677,-0.29148152569606234,0.10735109995276407,0.364464476015403,False,False,-0.08844371843536249,-23_to_-2,group_event__education__fundamental_or_less__admissoes,education,education,fundamental_or_less,Primary or less,admissoes,ppml,-23_to_41,-1,2022-11,frozen,False,"admissoes ~ i(event_time, treatment, ref=-1) | cbo_4d + periodo",21974,339
2.0,"C(event_time, contr.treatment(base=-1))[-21]:treatment",-21,-0.1296695167677073,0.10340389082514125,-0.3330657259721985,0.07372669243678392,0.21070494053166033,False,False,-0.08844371843536249,-23_to_-2,group_event__education__fundamental_or_less__admissoes,education,education,fundamental_or_less,Primary or less,admissoes,ppml,-23_to_41,-1,2022-11,frozen,False,"admissoes ~ i(event_time, treatment, ref=-1) | cbo_4d + periodo",21974,339
3.0,"C(event_time, contr.treatment(base=-1))[-20]:treatment",-20,-0.18796898365146242,0.1141235504574474,-0.41245084172056445,0.036512874417639646,0.10047389001015095,False,False,-0.08844371843536249,-23_to_-2,group_event__education__fundamental_or_less__admissoes,education,education,fundamental_or_less,Primary or less,admissoes,ppml,-23_to_41,-1,2022-11,frozen,False,"admissoes ~ i(event_time, treatment, ref=-1) | cbo_4d + periodo",21974,339
4.0,"C(event_time, contr.treatment(base=-1))[-19]:treatment",-19,-0.23744645517039364,0.10929745766565221,-0.45243535343607605,-0.02245755690471124,0.030514013760682523,False,False,-0.08844371843536249,-23_to_-2,group_event__education__fundamental_or_less__admissoes,education,education,fundamental_or_less,Primary or less,admissoes,ppml,-23_to_41,-1,2022-11,frozen,False,"admissoes ~ i(event_time, treatment, ref=-1) | cbo_4d + periodo",21974,339
5.0,"C(event_time, contr.treatment(base=-1))[-18]:treatment",-18,-0.16666260532176358,0.09492588706707393,-0.353382519154272,0.020057308510744803,0.08004321494735933,False,False,-0.08844371843536249,-23_to_-2,group_event__education__fundamental_or_less__admissoes,education,education,fundamental_or_less,Primary or less,admissoes,ppml,-23_to_41,-1,2022-11,frozen,False,"admissoes ~ i(event_time, treatment, ref=-1) | cbo_4d + periodo",21974,339
6.0,"C(event_time, contr.treatment(base=-1))[-17]:treatment",-17,-0.1335714878353969,0.08322659184698356,-0.2972788024403331,0.03013582676953927,0.10944671976508902,False,False,-0.08844371843536249,-23_to_-2,group_event__education__fundamental_or_less__admissoes,education,education,fundamental_or_less,Primary or less,admissoes,ppml,-23_to_41,-1,2022-11,frozen,False,"admissoes ~ i(event_time, treatment, ref=-1) | cbo_4d + periodo",21974,339
7.0,"C(event_time, contr.treatment(base=-1))[-16]:treatment",-16,-0.08863722687980007,0.10221622976001957,-0.2896972980866021,0.11242284432700196,0.3864727487746018,False,False,-0.08844371843536249,-23_to_-2,group_event__education__fundamental_or_less__admissoes,education,education,fundamental_or_less,Primary or less,admissoes,ppml,-23_to_41,-1,2022-11,frozen,False,"admissoes ~ i(event_time, treatment, ref=-1) | cbo_4d + periodo",21974,339
8.0,"C(event_time, contr.treatment(base=-1))[-15]:treatment",-15,-0.08803672689772152,0.11423397020330343,-0.3127357814141644,0.13666232761872138,0.4414407410899681,False,False,-0.08844371843536249,-23_to_-2,group_event__education__fundamental_or_less__admissoes,education,education,fundamental_or_less,Primary or less,admissoes,ppml,-23_to_41,-1,2022-11,frozen,False,"admissoes ~ i(event_time, treatment, ref=-1) | cbo_4d + periodo",21974,339
9.0,"C(event_time, contr.treatment(base=-1))[-14]:treatment",-14,-0.013497415884003766,0.06879036924858349,-0.1488085750994672,0.12181374333145967,0.8445630610865384,False,False,-0.08844371843536249,-23_to_-2,group_event__education__fundamental_or_less__admissoes,education,education,fundamental_or_less,Primary or less,admissoes,ppml,-23_to_41,-1,2022-11,frozen,False,"admissoes ~ i(event_time, treatment, ref=-1) | cbo_4d + periodo",21974,339
10.0,"C(event_time, contr.treatment(base=-1))[-13]:treatment",-13,0.12636008316311728,0.06670255175235743,-0.0048443237739305145,0.2575644901001651,0.0590278049786126,False,False,-0.08844371843536249,-23_to_-2,group_event__education__fundamental_or_less__admissoes,education,education,fundamental_or_less,Primary or less,admissoes,ppml,-23_to_41,-1,2022-11,frozen,False,"admissoes ~ i(event_time, treatment, ref=-1) | cbo_4d + periodo",21974,339
11.0,"C(event_time, contr.treatment(base=-1))[-12]:treatment",-12,0.16016868242503107,0.058844491116348444,0.04442113820667952,0.2759162266433826,0.006827176930997325,False,False,-0.08844371843536249,-23_to_-2,group_event__education__fundamental_or_less__admissoes,education,education,fundamental_or_less,Primary or less,admissoes,ppml,-23_to_41,-1,2022-11,frozen,False,"admissoes ~ i(event_time, treatment, ref=-1) | cbo_4d + periodo",21974,339
12.0,"C(event_time, contr.treatment(base=-1))[-11]:treatment",-11,-0.0982079130234172,0.1046687591932395,-0.30409212755498943,0.10767630150815503,0.3487738989828104,False,False,-0.08844371843536249,-23_to_-2,group_event__education__fundamental_or_less__admissoes,education,education,fundamental_or_less,Primary or less,admissoes,ppml,-23_to_41,-1,2022-11,frozen,False,"admissoes ~ i(event_time, treatment, ref=-1) | cbo_4d + periodo",21974,339
13.0,"C(event_time, contr.treatment(base=-1))[-10]:treatment",-10,-0.070568339933504,0.1004191820380258,-0.26809360513352637,0.12695692526651836,0.4827029645430456,False,False,-0.08844371843536249,-23_to_-2,group_event__education__fundamental_or_less__admissoes,education,education,fundamental_or_less,Primary or less,admissoes,ppml,-23_to_41,-1,2022-11,frozen,False,"admissoes ~ i(event_time, treatment, ref=-1) | cbo_4d + periodo",21974,339
14.0,"C(event_time, contr.treatment(base=-1))[-9]:treatment",-9,-0.06104977114407079,0.10274019395116768,-0.263140483745389,0.14104094145724744,0.5527657825490633,False,False,-0.08844371843536249,-23_to_-2,group_event__education__fundamental_or_less__admissoes,education,education,fundamental_or_less,Primary or less,admissoes,ppml,-23_to_41,-1,2022-11,frozen,False,"admissoes ~ i(event_time, treatment, ref=-1) | cbo_4d + periodo",21974,339
15.0,"C(event_time, contr.treatment(base=-1))[-8]:treatment",-8,-0.03193378976677331,0.0834607519032556,-0.19610169891426282,0.13223411938071622,0.7022417005003303,False,False,-0.08844371843536249,-23_to_-2,group_event__education__fundamental_or_less__admissoes,education,education,fundamental_or_less,Primary or less,admissoes,ppml,-23_to_41,-1,2022-11,frozen,False,"admissoes ~ i(event_time, treatment, ref=-1) | cbo_4d + periodo",21974,339
16.0,"C(event_time, contr.treatment(base=-1))[-7]:treatment",-7,-0.16753850032447584,0.07421807230995517,-0.3135259911417884,-0.021551009507163266,0.024622054748418387,False,False,-0.08844371843536249,-23_to_-2,group_event__education__fundamental_or_less__admissoes,education,education,fundamental_or_less,Primary or less,admissoes,ppml,-23_to_41,-1,2022-11,frozen,False,"admissoes ~ i(event_time, treatment, ref=-1) | cbo_4d + periodo",21974,339
17.0,"C(event_time, contr.treatment(base=-1))[-6]:treatment",-6,-0.16150190786030377,0.0803691090368747,-0.3195885328876498,-0.0034152828329577223,0.04527838424617814,False,False,-0.08844371843536249,-23_to_-2,group_event__education__fundamental_or_less__admissoes,education,education,fundamental_or_less,Primary or less,admissoes,ppml,-23_to_41,-1,2022-11,frozen,False,"admissoes ~ i(event_time, treatment, ref=-1) | cbo_4d + periodo",21974,339
18.0,"C(event_time, contr.treatment(base=-1))[-5]:treatment",-5,-0.14883791583180417,0.06514571633950114,-0.27698001613025797,-0.02069581553335037,0.022950122233407422,False,False,-0.08844371843536249,-23_to_-2,group_event__education__fundamental_or_less__admissoes,education,education,fundamental_or_less,Primary or less,admissoes,ppml,-23_to_41,-1,2022-11,frozen,False,"admissoes ~ i(event_time, treatment, ref=-1) | cbo_4d + periodo",21974,339
19.0,"C(event_time, contr.treatment(base=-1))[-4]:treatment",-4,-0.13763547433090143,0.07203883630000857,-0.2793363919849797,0.004065443323176848,0.05690533190087432,False,False,-0.08844371843536249,-23_to_-2,group_event__education__fundamental_or_less__admissoes,education,education,fundamental_or_less,Primary or less,admissoes,ppml,-23_to_41,-1,2022-11,frozen,False,"admissoes ~ i(event_time, treatment, ref=-1) | cbo_4d + periodo",21974,339
20.0,"C(event_time, contr.treatment(base=-1))[-3]:treatment",-3,-0.10553916221967875,0.08910411488676766,-0.28080760761248547,0.06972928317312795,0.23706810488699426,False,False,-0.08844371843536249,-23_to_-2,group_event__education__fundamental_or_less__admissoes,education,education,fundamental_or_less,Primary or less,admissoes,ppml,-23_to_41,-1,2022-11,frozen,False,"admissoes ~ i(event_time, treatment, ref=-1) | cbo_4d + periodo",21974,339
21.0,"C(event_time, contr.treatment(base=-1))[-2]:treatment",-2,-0.03483544631079362,0.050277047603232775,-0.13373076650511795,0.0640598738835307,0.4888670667840467,False,False,-0.08844371843536249,-23_to_-2,group_event__education__fundamental_or_less__admissoes,education,education,fundamental_or_less,Primary or less,admissoes,ppml,-23_to_41,-1,2022-11,frozen,False,"admissoes ~ i(event_time, treatment, ref=-1) | cbo_4d + periodo",21974,339
,reference_event_time,-1,0.0,0.0,0.0,0.0,,True,False,-0.08844371843536249,-23_to_-2,group_event__education__fundamental_or_less__admissoes,education,education,fundamental_or_less,Primary or less,admissoes,ppml,-23_to_41,-1,2022-11,frozen,False,"admissoes ~ i(event_time, treatment, ref=-1) | cbo_4d + periodo",21974,339
22.0,"C(event_time, contr.treatment(base=-1))[0]:treatment",0,0.05835518065599981,0.0703119733651939,-0.07994898498077771,0.19665934629277734,0.40715478728405574,False,False,-0.08844371843536249,-23_to_-2,group_event__education__fundamental_or_less__admissoes,education,education,fundamental_or_less,Primary or less,admissoes,ppml,-23_to_41,-1,2022-11,frozen,False,"admissoes ~ i(event_time, treatment, ref=-1) | cbo_4d + periodo",21974,339
23.0,"C(event_time, contr.treatment(base=-1))[1]:treatment",1,-0.12700814282737116,0.07041448281033018,-0.26551394529214417,0.011497659637401847,0.0721651911570036,False,False,-0.08844371843536249,-23_to_-2,group_event__education__fundamental_or_less__admissoes,education,education,fundamental_or_less,Primary or less,admissoes,ppml,-23_to_41,-1,2022-11,frozen,False,"admissoes ~ i(event_time, treatment, ref=-1) | cbo_4d + periodo",21974,339
24.0,"C(event_time, contr.treatment(base=-1))[2]:treatment",2,-0.12248582451947719,0.07827478873489195,-0.27645290620194435,0.03148125716298995,0.11856124628058273,False,False,-0.08844371843536249,-23_to_-2,group_event__education__fundamental_or_less__admissoes,education,education,fundamental_or_less,Primary or less,admissoes,ppml,-23_to_41,-1,2022-11,frozen,False,"admissoes ~ i(event_time, treatment, ref=-1) | cbo_4d + periodo",21974,339
25.0,"C(event_time, contr.treatment(base=-1))[3]:treatment",3,-0.11451864846482657,0.059350336485274054,-0.23126119422192198,0.0022238972922688366,0.05450100790778434,False,False,-0.08844371843536249,-23_to_-2,group_event__education__fundamental_or_less__admissoes,education,education,fundamental_or_less,Primary or less,admissoes,ppml,-23_to_41,-1,2022-11,frozen,False,"admissoes ~ i(event_time, treatment, ref=-1) | cbo_4d + periodo",21974,339
26.0,"C(event_time, contr.treatment(base=-1))[4]:treatment",4,-0.1712155350511266,0.061895769915862035,-0.2929649669750054,-0.04946610312724782,0.005983308709690105,False,False,-0.08844371843536249,-23_to_-2,group_event__education__fundamental_or_less__admissoes,education,education,fundamental_or_less,Primary or less,admissoes,ppml,-23_to_41,-1,2022-11,frozen,False,"admissoes ~ i(event_time, treatment, ref=-1) | cbo_4d + periodo",21974,339
27.0,"C(event_time, contr.treatment(base=-1))[5]:treatment",5,-0.2722181254045285,0.06307515929675582,-0.3962874248627487,-0.1481488259463083,2.0914740886057714e-05,False,False,-0.08844371843536249,-23_to_-2,group_event__education__fundamental_or_less__admissoes,education,education,fundamental_or_less,Primary or less,admissoes,ppml,-23_to_41,-1,2022-11,frozen,False,"admissoes ~ i(event_time, treatment, ref=-1) | cbo_4d + periodo",21974,339
28.0,"C(event_time, contr.treatment(base=-1))[6]:treatment",6,-0.21358251517677526,0.06845511627797829,-0.34823422934813536,-0.07893080100541516,0.0019639446153913998,False,False,-0.08844371843536249,-23_to_-2,group_event__education__fundamental_or_less__admissoes,education,education,fundamental_or_less,Primary or less,admissoes,ppml,-23_to_41,-1,2022-11,frozen,False,"admissoes ~ i(event_time, treatment, ref=-1) | cbo_4d + periodo",21974,339
29.0,"C(event_time, contr.treatment(base=-1))[7]:treatment",7,-0.15754666201056072,0.04504439286682843,-0.24614931208418006,-0.06894401193694137,0.0005322261912117376,False,False,-0.08844371843536249,-23_to_-2,group_event__education__fundamental_or_less__admissoes,education,education,fundamental_or_less,Primary or less,admissoes,ppml,-23_to_41,-1,2022-11,frozen,False,"admissoes ~ i(event_time, treatment, ref=-1) | cbo_4d + periodo",21974,339
30.0,"C(event_time, contr.treatment(base=-1))[8]:treatment",8,-0.12364482406705415,0.06084854002166857,-0.2433343471331051,-0.003955301001003206,0.042934330822193445,False,False,-0.08844371843536249,-23_to_-2,group_event__education__fundamental_or_less__admissoes,education,education,fundamental_or_less,Primary or less,admissoes,ppml,-23_to_41,-1,2022-11,frozen,False,"admissoes ~ i(event_time, treatment, ref=-1) | cbo_4d + periodo",21974,339
31.0,"C(event_time, contr.treatment(base=-1))[9]:treatment",9,-0.11552817929459197,0.08555367341337924,-0.28381288035314745,0.05275652176396353,0.17780428914131763,False,False,-0.08844371843536249,-23_to_-2,group_event__education__fundamental_or_less__admissoes,education,education,fundamental_or_less,Primary or less,admissoes,ppml,-23_to_41,-1,2022-11,frozen,False,"admissoes ~ i(event_time, treatment, ref=-1) | cbo_4d + periodo",21974,339
32.0,"C(event_time, contr.treatment(base=-1))[10]:treatment",10,-0.041485619447547604,0.03999377426403625,-0.1201536658060827,0.03718242691098749,0.3003366732608017,False,False,-0.08844371843536249,-23_to_-2,group_event__education__fundamental_or_less__admissoes,education,education,fundamental_or_less,Primary or less,admissoes,ppml,-23_to_41,-1,2022-11,frozen,False,"admissoes ~ i(event_time, treatment, ref=-1) | cbo_4d + periodo",21974,339
33.0,"C(event_time, contr.treatment(base=-1))[11]:treatment",11,0.06455275438329904,0.03369772807891159,-0.0017309231007971992,0.13083643186739527,0.056254264739658666,False,False,-0.08844371843536249,-23_to_-2,group_event__education__fundamental_or_less__admissoes,education,education,fundamental_or_less,Primary or less,admissoes,ppml,-23_to_41,-1,2022-11,frozen,False,"admissoes ~ i(event_time, treatment, ref=-1) | cbo_4d + periodo",21974,339
34.0,"C(event_time, contr.treatment(base=-1))[12]:treatment",12,0.16434449320900285,0.08519416395771952,-0.003233050122015968,0.33192203654002167,0.054560614716914424,False,False,-0.08844371843536249,-23_to_-2,group_event__education__fundamental_or_less__admissoes,education,education,fundamental_or_less,Primary or less,admissoes,ppml,-23_to_41,-1,2022-11,frozen,False,"admissoes ~ i(event_time, treatment, ref=-1) | cbo_4d + periodo",21974,339
35.0,"C(event_time, contr.treatment(base=-1))[13]:treatment",13,-0.06984728845159273,0.09446290115257532,-0.25565650560554637,0.1159619287023609,0.4601682265928204,False,False,-0.08844371843536249,-23_to_-2,group_event__education__fundamental_or_less__admissoes,education,education,fundamental_or_less,Primary or less,admissoes,ppml,-23_to_41,-1,2022-11,frozen,False,"admissoes ~ i(event_time, treatment, ref=-1) | cbo_4d + periodo",21974,339
36.0,"C(event_time, contr.treatment(base=-1))[14]:treatment",14,-0.08338486186641807,0.050679886932949815,-0.18307256996732008,0.016302846234483956,0.10083248559498692,False,False,-0.08844371843536249,-23_to_-2,group_event__education__fundamental_or_less__admissoes,education,education,fundamental_or_less,Primary or less,admissoes,ppml,-23_to_41,-1,2022-11,frozen,False,"admissoes ~ i(event_time, treatment, ref=-1) | cbo_4d + periodo",21974,339
37.0,"C(event_time, contr.treatment(base=-1))[15]:treatment",15,-0.057859710081915816,0.06234617589313574,-0.1804950938558602,0.06477567369202858,0.3540493467900667,False,False,-0.08844371843536249,-23_to_-2,group_event__education__fundamental_or_less__admissoes,education,education,fundamental_or_less,Primary or less,admissoes,ppml,-23_to_41,-1,2022-11,frozen,False,"admissoes ~ i(event_time, treatment, ref=-1) | cbo_4d + periodo",21974,339
38.0,"C(event_time, contr.treatment(base=-1))[16]:treatment",16,-0.13814225095201793,0.046605814504109985,-0.22981622880120411,-0.046468273102831734,0.0032516531484241273,False,False,-0.08844371843536249,-23_to_-2,group_event__education__fundamental_or_less__admissoes,education,education,fundamental_or_less,Primary or less,admissoes,ppml,-23_to_41,-1,2022-11,frozen,False,"admissoes ~ i(event_time, treatment, ref=-1) | cbo_4d + periodo",21974,339
39.0,"C(event_time, contr.treatment(base=-1))[17]:treatment",17,-0.2030900700789743,0.056496764209799065,-0.31421961830869305,-0.09196052184925559,0.0003730752078239252,False,False,-0.08844371843536249,-23_to_-2,group_event__education__fundamental_or_less__admissoes,education,education,fundamental_or_less,Primary or less,admissoes,ppml,-23_to_41,-1,2022-11,frozen,False,"admissoes ~ i(event_time, treatment, ref=-1) | cbo_4d + periodo",21974,339
40.0,"C(event_time, contr.treatment(base=-1))[18]:treatment",18,-0.1803923584383722,0.04141961864349109,-0.2618650511151688,-0.09891966576157561,1.7646163919637914e-05,False,False,-0.08844371843536249,-23_to_-2,group_event__education__fundamental_or_less__admissoes,education,education,fundamental_or_less,Primary or less,admissoes,ppml,-23_to_41,-1,2022-11,frozen,False,"admissoes ~ i(event_time, treatment, ref=-1) | cbo_4d + periodo",21974,339
41.0,"C(event_time, contr.treatment(base=-1))[19]:treatment",19,-0.07909531808093655,0.04616686086325871,-0.16990587090952428,0.011715234747651182,0.08758373315359513,False,False,-0.08844371843536249,-23_to_-2,group_event__education__fundamental_or_less__admissoes,education,education,fundamental_or_less,Primary or less,admissoes,ppml,-23_to_41,-1,2022-11,frozen,False,"admissoes ~ i(event_time, treatment, ref=-1) | cbo_4d + periodo",21974,339
42.0,"C(event_time, contr.treatment(base=-1))[20]:treatment",20,-0.06362699869582517,0.05812612076256658,-0.17796150317652118,0.05070750578487085,0.2744551553256449,False,False,-0.08844371843536249,-23_to_-2,group_event__education__fundamental_or_less__admissoes,education,education,fundamental_or_less,Primary or less,admissoes,ppml,-23_to_41,-1,2022-11,frozen,False,"admissoes ~ i(event_time, treatment, ref=-1) | cbo_4d + periodo",21974,339
43.0,"C(event_time, contr.treatment(base=-1))[21]:treatment",21,-0.051568143744222666,0.05756355572432117,-0.16479607868196416,0.06165979119351882,0.37097199030737205,False,False,-0.08844371843536249,-23_to_-2,group_event__education__fundamental_or_less__admissoes,education,education,fundamental_or_less,Primary or less,admissoes,ppml,-23_to_41,-1,2022-11,frozen,False,"admissoes ~ i(event_time, treatment, ref=-1) | cbo_4d + periodo",21974,339
44.0,"C(event_time, contr.treatment(base=-1))[22]:treatment",22,-0.031111219436355485,0.048213971892113384,-0.12594845462444793,0.06372601575173695,0.5191874448669476,False,False,-0.08844371843536249,-23_to_-2,group_event__education__fundamental_or_less__admissoes,education,education,fundamental_or_less,Primary or less,admissoes,ppml,-23_to_41,-1,2022-11,frozen,False,"admissoes ~ i(event_time, treatment, ref=-1) | cbo_4d + periodo",21974,339
45.0,"C(event_time, contr.treatment(base=-1))[23]:treatment",23,0.21826072976395808,0.08241511963836462,0.05614958692577865,0.3803718726021375,0.00846895020085281,False,False,-0.08844371843536249,-23_to_-2,group_event__education__fundamental_or_less__admissoes,education,education,fundamental_or_less,Primary or less,admissoes,ppml,-23_to_41,-1,2022-11,frozen,False,"admissoes ~ i(event_time, treatment, ref=-1) | cbo_4d + periodo",21974,339
46.0,"C(event_time, contr.treatment(base=-1))[24]:treatment",24,0.23641151624086373,0.11605187240175029,0.008136634809997823,0.46468639767172965,0.04241677475065919,False,True,-0.08844371843536249,-23_to_-2,group_event__education__fundamental_or_less__admissoes,education,education,fundamental_or_less,Primary or less,admissoes,ppml,-23_to_41,-1,2022-11,frozen,False,"admissoes ~ i(event_time, treatment, ref=-1) | cbo_4d + periodo",21974,339
47.0,"C(event_time, contr.treatment(base=-1))[25]:treatment",25,-0.0902354836016787,0.05926899870073026,-0.20681803734194298,0.026347070138585588,0.12882545777796572,False,True,-0.08844371843536249,-23_to_-2,group_event__education__fundamental_or_less__admissoes,education,education,fundamental_or_less,Primary or less,admissoes,ppml,-23_to_41,-1,2022-11,frozen,False,"admissoes ~ i(event_time, treatment, ref=-1) | cbo_4d + periodo",21974,339
48.0,"C(event_time, contr.treatment(base=-1))[26]:treatment",26,-0.03204768658014221,0.04513043118278198,-0.12081957465023968,0.056724201489955266,0.47812396072352703,False,True,-0.08844371843536249,-23_to_-2,group_event__education__fundamental_or_less__admissoes,education,education,fundamental_or_less,Primary or less,admissoes,ppml,-23_to_41,-1,2022-11,frozen,False,"admissoes ~ i(event_time, treatment, ref=-1) | cbo_4d + periodo",21974,339
49.0,"C(event_time, contr.treatment(base=-1))[27]:treatment",27,-0.027929072338365897,0.04794851755993174,-0.12224415691440874,0.06638601223767696,0.5606314839930782,False,True,-0.08844371843536249,-23_to_-2,group_event__education__fundamental_or_less__admissoes,education,education,fundamental_or_less,Primary or less,admissoes,ppml,-23_to_41,-1,2022-11,frozen,False,"admissoes ~ i(event_time, treatment, ref=-1) | cbo_4d + periodo",21974,339
50.0,"C(event_time, contr.treatment(base=-1))[28]:treatment",28,-0.02465499841684497,0.03912034262795941,-0.10160499836184887,0.05229500152815893,0.5289668622727275,False,True,-0.08844371843536249,-23_to_-2,group_event__education__fundamental_or_less__admissoes,education,education,fundamental_or_less,Primary or less,admissoes,ppml,-23_to_41,-1,2022-11,frozen,False,"admissoes ~ i(event_time, treatment, ref=-1) | cbo_4d + periodo",21974,339
51.0,"C(event_time, contr.treatment(base=-1))[29]:treatment",29,-0.10487984888465154,0.03966504348681611,-0.1829012794011533,-0.026858418368149783,0.008571847734216043,False,True,-0.08844371843536249,-23_to_-2,group_event__education__fundamental_or_less__admissoes,education,education,fundamental_or_less,Primary or less,admissoes,ppml,-23_to_41,-1,2022-11,frozen,False,"admissoes ~ i(event_time, treatment, ref=-1) | cbo_4d + periodo",21974,339
52.0,"C(event_time, contr.treatment(base=-1))[30]:treatment",30,-0.03358838439297206,0.04516313779546231,-0.1224246066093189,0.05524783782337479,0.45756716681882637,False,True,-0.08844371843536249,-23_to_-2,group_event__education__fundamental_or_less__admissoes,education,education,fundamental_or_less,Primary or less,admissoes,ppml,-23_to_41,-1,2022-11,frozen,False,"admissoes ~ i(event_time, treatment, ref=-1) | cbo_4d + periodo",21974,339
53.0,"C(event_time, contr.treatment(base=-1))[31]:treatment",31,-0.043321288847245704,0.041843752541248114,-0.12562825600163213,0.03898567830714074,0.30126392940624447,False,True,-0.08844371843536249,-23_to_-2,group_event__education__fundamental_or_less__admissoes,education,education,fundamental_or_less,Primary or less,admissoes,ppml,-23_to_41,-1,2022-11,frozen,False,"admissoes ~ i(event_time, treatment, ref=-1) | cbo_4d + periodo",21974,339
54.0,"C(event_time, contr.treatment(base=-1))[32]:treatment",32,-0.011504746988534584,0.06156976538624454,-0.13261292561934512,0.10960343164227596,0.8518847928581457,False,True,-0.08844371843536249,-23_to_-2,group_event__education__fundamental_or_less__admissoes,education,education,fundamental_or_less,Primary or less,admissoes,ppml,-23_to_41,-1,2022-11,frozen,False,"admissoes ~ i(event_time, treatment, ref=-1) | cbo_4d + periodo",21974,339
55.0,"C(event_time, contr.treatment(base=-1))[33]:treatment",33,-0.05792681244718847,0.06535695410650452,-0.18648441897762696,0.07063079408325001,0.3760782655371582,False,True,-0.08844371843536249,-23_to_-2,group_event__education__fundamental_or_less__admissoes,education,education,fundamental_or_less,Primary or less,admissoes,ppml,-23_to_41,-1,2022-11,frozen,False,"admissoes ~ i(event_time, treatment, ref=-1) | cbo_4d + periodo",21974,339
56.0,"C(event_time, contr.treatment(base=-1))[34]:treatment",34,-0.006906409371937943,0.042722929799516085,-0.09094272462070987,0.07712990587683399,0.8716735006796124,False,True,-0.08844371843536249,-23_to_-2,group_event__education__fundamental_or_less__admissoes,education,education,fundamental_or_less,Primary or less,admissoes,ppml,-23_to_41,-1,2022-11,frozen,False,"admissoes ~ i(event_time, treatment, ref=-1) | cbo_4d + periodo",21974,339
57.0,"C(event_time, contr.treatment(base=-1))[35]:treatment",35,0.11035180629230215,0.06297967811204375,-0.013529680977558217,0.23423329356216252,0.08064945567512605,False,True,-0.08844371843536249,-23_to_-2,group_event__education__fundamental_or_less__admissoes,education,education,fundamental_or_less,Primary or less,admissoes,ppml,-23_to_41,-1,2022-11,frozen,False,"admissoes ~ i(event_time, treatment, ref=-1) | cbo_4d + periodo",21974,339
58.0,"C(event_time, contr.treatment(base=-1))[36]:treatment",36,0.2482761393951109,0.11987016789645054,0.012490642811881753,0.48406163597834007,0.03909775012366801,False,True,-0.08844371843536249,-23_to_-2,group_event__education__fundamental_or_less__admissoes,education,education,fundamental_or_less,Primary or less,admissoes,ppml,-23_to_41,-1,2022-11,frozen,False,"admissoes ~ i(event_time, treatment, ref=-1) | cbo_4d + periodo",21974,339
59.0,"C(event_time, contr.treatment(base=-1))[37]:treatment",37,-0.010873448080979089,0.09428549896158715,-0.19633371382833062,0.17458681766637243,0.9082562325850867,False,True,-0.08844371843536249,-23_to_-2,group_event__education__fundamental_or_less__admissoes,education,education,fundamental_or_less,Primary or less,admissoes,ppml,-23_to_41,-1,2022-11,frozen,False,"admissoes ~ i(event_time, treatment, ref=-1) | cbo_4d + periodo",21974,339
60.0,"C(event_time, contr.treatment(base=-1))[38]:treatment",38,-0.048675169461802385,0.0698341818157063,-0.18603951562776277,0.08868917670415799,0.48627522589311445,False,True,-0.08844371843536249,-23_to_-2,group_event__education__fundamental_or_less__admissoes,education,education,fundamental_or_less,Primary or less,admissoes,ppml,-23_to_41,-1,2022-11,frozen,False,"admissoes ~ i(event_time, treatment, ref=-1) | cbo_4d + periodo",21974,339
61.0,"C(event_time, contr.treatment(base=-1))[39]:treatment",39,-0.004980709729117381,0.0544420690012948,-0.11206865746251524,0.10210723800428048,0.9271602951851254,False,True,-0.08844371843536249,-23_to_-2,group_event__education__fundamental_or_less__admissoes,education,education,fundamental_or_less,Primary or less,admissoes,ppml,-23_to_41,-1,2022-11,frozen,False,"admissoes ~ i(event_time, treatment, ref=-1) | cbo_4d + periodo",21974,339
62.0,"C(event_time, contr.treatment(base=-1))[40]:treatment",40,-0.03900679316056785,0.04675225453871127,-0.13096881962838913,0.052955233307253435,0.40468450911619946,False,True,-0.08844371843536249,-23_to_-2,group_event__education__fundamental_or_less__admissoes,education,education,fundamental_or_less,Primary or less,admissoes,ppml,-23_to_41,-1,2022-11,frozen,False,"admissoes ~ i(event_time, treatment, ref=-1) | cbo_4d + periodo",21974,339
63.0,"C(event_time, contr.treatment(base=-1))[41]:treatment",41,-0.14895343858038465,0.05120465953242453,-0.2496733782208913,-0.04823349893987801,0.0038661107696813524,False,True,-0.08844371843536249,-23_to_-2,group_event__education__fundamental_or_less__admissoes,education,education,fundamental_or_less,Primary or less,admissoes,ppml,-23_to_41,-1,2022-11,frozen,False,"admissoes ~ i(event_time, treatment, ref=-1) | cbo_4d + periodo",21974,339
0.0,"C(event_time, contr.treatment(base=-1))[-23]:treatment",-23,-0.06526083864314086,0.05886683028653551,-0.1810535588455748,0.050531881559293085,0.26838547381413735,False,False,0.02477363835649985,-23_to_-2,group_event__education__fundamental_or_less__ln_salario_real_adm,education,education,fundamental_or_less,Primary or less,ln_salario_real_adm,ols,-23_to_41,-1,2022-11,frozen,False,"ln_salario_real_adm ~ i(event_time, treatment, ref=-1) | cbo_4d + periodo",20228,338
1.0,"C(event_time, contr.treatment(base=-1))[-22]:treatment",-22,-0.03347194044221439,0.04902526329277009,-0.12990602000244542,0.06296213911801662,0.49523463493258335,False,False,0.02477363835649985,-23_to_-2,group_event__education__fundamental_or_less__ln_salario_real_adm,education,education,fundamental_or_less,Primary or less,ln_salario_real_adm,ols,-23_to_41,-1,2022-11,frozen,False,"ln_salario_real_adm ~ i(event_time, treatment, ref=-1) | cbo_4d + periodo",20228,338
2.0,"C(event_time, contr.treatment(base=-1))[-21]:treatment",-21,0.02720922710367498,0.04643921401461451,-0.06413802038087577,0.11855647458822574,0.5583277869096004,False,False,0.02477363835649985,-23_to_-2,group_event__education__fundamental_or_less__ln_salario_real_adm,education,education,fundamental_or_less,Primary or less,ln_salario_real_adm,ols,-23_to_41,-1,2022-11,frozen,False,"ln_salario_real_adm ~ i(event_time, treatment, ref=-1) | cbo_4d + periodo",20228,338
3.0,"C(event_time, contr.treatment(base=-1))[-20]:treatment",-20,0.029523658395870133,0.045158137209049605,-0.05930367477730085,0.11835099156904112,0.5136969595688594,False,False,0.02477363835649985,-23_to_-2,group_event__education__fundamental_or_less__ln_salario_real_adm,education,education,fundamental_or_less,Primary or less,ln_salario_real_adm,ols,-23_to_41,-1,2022-11,frozen,False,"ln_salario_real_adm ~ i(event_time, treatment, ref=-1) | cbo_4d + periodo",20228,338
4.0,"C(event_time, contr.treatment(base=-1))[-19]:treatment",-19,0.05378276799869956,0.07690666824173106,-0.09749482371245212,0.20506035970985126,0.48483123785456783,False,False,0.02477363835649985,-23_to_-2,group_event__education__fundamental_or_less__ln_salario_real_adm,education,education,fundamental_or_less,Primary or less,ln_salario_real_adm,ols,-23_to_41,-1,2022-11,frozen,False,"ln_salario_real_adm ~ i(event_time, treatment, ref=-1) | cbo_4d + periodo",20228,338
5.0,"C(event_time, contr.treatment(base=-1))[-18]:treatment",-18,-0.00029195291486658413,0.05204492048815503,-0.1026657835884245,0.10208187775869133,0.9955275029082131,False,False,0.02477363835649985,-23_to_-2,group_event__education__fundamental_or_less__ln_salario_real_adm,education,education,fundamental_or_less,Primary or less,ln_salario_real_adm,ols,-23_to_41,-1,2022-11,frozen,False,"ln_salario_real_adm ~ i(event_time, treatment, ref=-1) | cbo_4d + periodo",20228,338
6.0,"C(event_time, contr.treatment(base=-1))[-17]:treatment",-17,0.004381530643060313,0.057126859997899064,-0.10798861878714179,0.1167516800732624,0.9389091042412152,False,False,0.02477363835649985,-23_to_-2,group_event__education__fundamental_or_less__ln_salario_real_adm,education,education,fundamental_or_less,Primary or less,ln_salario_real_adm,ols,-23_to_41,-1,2022-11,frozen,False,"ln_salario_real_adm ~ i(event_time, treatment, ref=-1) | cbo_4d + periodo",20228,338
7.0,"C(event_time, contr.treatment(base=-1))[-16]:treatment",-16,0.046297194075887636,0.050179382379538985,-0.05240707037189433,0.1450014585236696,0.35685815285950584,False,False,0.02477363835649985,-23_to_-2,group_event__education__fundamental_or_less__ln_salario_real_adm,education,education,fundamental_or_less,Primary or less,ln_salario_real_adm,ols,-23_to_41,-1,2022-11,frozen,False,"ln_salario_real_adm ~ i(event_time, treatment, ref=-1) | cbo_4d + periodo",20228,338
8.0,"C(event_time, contr.treatment(base=-1))[-15]:treatment",-15,0.0004781040139593857,0.06783632849695957,-0.132957872867668,0.1339140808955868,0.9943808020145286,False,False,0.02477363835649985,-23_to_-2,group_event__education__fundamental_or_less__ln_salario_real_adm,education,education,fundamental_or_less,Primary or less,ln_salario_real_adm,ols,-23_to_41,-1,2022-11,frozen,False,"ln_salario_real_adm ~ i(event_time, treatment, ref=-1) | cbo_4d + periodo",20228,338
9.0,"C(event_time, contr.treatment(base=-1))[-14]:treatment",-14,0.051651688298765756,0.055127081852488734,-0.05678484095635101,0.16008821755388253,0.3494518012033927,False,False,0.02477363835649985,-23_to_-2,group_event__education__fundamental_or_less__ln_salario_real_adm,education,education,fundamental_or_less,Primary or less,ln_salario_real_adm,ols,-23_to_41,-1,2022-11,frozen,False,"ln_salario_real_adm ~ i(event_time, treatment, ref=-1) | cbo_4d + periodo",20228,338
10.0,"C(event_time, contr.treatment(base=-1))[-13]:treatment",-13,0.027308632858292138,0.04700098012937563,-0.06514362446336244,0.1197608901799467,0.5616135727368079,False,False,0.02477363835649985,-23_to_-2,group_event__education__fundamental_or_less__ln_salario_real_adm,education,education,fundamental_or_less,Primary or less,ln_salario_real_adm,ols,-23_to_41,-1,2022-11,frozen,False,"ln_salario_real_adm ~ i(event_time, treatment, ref=-1) | cbo_4d + periodo",20228,338
11.0,"C(event_time, contr.treatment(base=-1))[-12]:treatment",-12,0.08107238972264118,0.04948586047152864,-0.01626769751604673,0.1784124769613291,0.10229364272458019,False,False,0.02477363835649985,-23_to_-2,group_event__education__fundamental_or_less__ln_salario_real_adm,education,education,fundamental_or_less,Primary or less,ln_salario_real_adm,ols,-23_to_41,-1,2022-11,frozen,False,"ln_salario_real_adm ~ i(event_time, treatment, ref=-1) | cbo_4d + periodo",20228,338
12.0,"C(event_time, contr.treatment(base=-1))[-11]:treatment",-11,0.027595004378221117,0.058630248863949935,-0.08773235347435973,0.14292236223080196,0.6381869219525032,False,False,0.02477363835649985,-23_to_-2,group_event__education__fundamental_or_less__ln_salario_real_adm,education,education,fundamental_or_less,Primary or less,ln_salario_real_adm,ols,-23_to_41,-1,2022-11,frozen,False,"ln_salario_real_adm ~ i(event_time, treatment, ref=-1) | cbo_4d + periodo",20228,338
13.0,"C(event_time, contr.treatment(base=-1))[-10]:treatment",-10,-0.029094842362204183,0.05517995373005039,-0.1376353720959483,0.07944568737153994,0.5983516762993437,False,False,0.02477363835649985,-23_to_-2,group_event__education__fundamental_or_less__ln_salario_real_adm,education,education,fundamental_or_less,Primary or less,ln_salario_real_adm,ols,-23_to_41,-1,2022-11,frozen,False,"ln_salario_real_adm ~ i(event_time, treatment, ref=-1) | cbo_4d + periodo",20228,338
14.0,"C(event_time, contr.treatment(base=-1))[-9]:treatment",-9,0.07482275864894114,0.04277288073869466,-0.009312707580851565,0.15895822487873384,0.08114884620541485,False,False,0.02477363835649985,-23_to_-2,group_event__education__fundamental_or_less__ln_salario_real_adm,education,education,fundamental_or_less,Primary or less,ln_salario_real_adm,ols,-23_to_41,-1,2022-11,frozen,False,"ln_salario_real_adm ~ i(event_time, treatment, ref=-1) | cbo_4d + periodo",20228,338
15.0,"C(event_time, contr.treatment(base=-1))[-8]:treatment",-8,0.027474180264307004,0.06401922653450874,-0.0984534490917135,0.1534018096203275,0.6680845451924506,False,False,0.02477363835649985,-23_to_-2,group_event__education__fundamental_or_less__ln_salario_real_adm,education,education,fundamental_or_less,Primary or less,ln_salario_real_adm,ols,-23_to_41,-1,2022-11,frozen,False,"ln_salario_real_adm ~ i(event_time, treatment, ref=-1) | cbo_4d + periodo",20228,338
16.0,"C(event_time, contr.treatment(base=-1))[-7]:treatment",-7,0.02189755688941855,0.03722695746235999,-0.05132892139121885,0.09512403517005595,0.556780137382159,False,False,0.02477363835649985,-23_to_-2,group_event__education__fundamental_or_less__ln_salario_real_adm,education,education,fundamental_or_less,Primary or less,ln_salario_real_adm,ols,-23_to_41,-1,2022-11,frozen,False,"ln_salario_real_adm ~ i(event_time, treatment, ref=-1) | cbo_4d + periodo",20228,338
17.0,"C(event_time, contr.treatment(base=-1))[-6]:treatment",-6,0.04353991064480242,0.05852246850533203,-0.07157544019384522,0.15865526148345005,0.45740322432544156,False,False,0.02477363835649985,-23_to_-2,group_event__education__fundamental_or_less__ln_salario_real_adm,education,education,fundamental_or_less,Primary or less,ln_salario_real_adm,ols,-23_to_41,-1,2022-11,frozen,False,"ln_salario_real_adm ~ i(event_time, treatment, ref=-1) | cbo_4d + periodo",20228,338
18.0,"C(event_time, contr.treatment(base=-1))[-5]:treatment",-5,0.05773377882843161,0.04769391300627463,-0.03608149706146047,0.1515490547183237,0.22693300880908218,False,False,0.02477363835649985,-23_to_-2,group_event__education__fundamental_or_less__ln_salario_real_adm,education,education,fundamental_or_less,Primary or less,ln_salario_real_adm,ols,-23_to_41,-1,2022-11,frozen,False,"ln_salario_real_adm ~ i(event_time, treatment, ref=-1) | cbo_4d + periodo",20228,338
19.0,"C(event_time, contr.treatment(base=-1))[-4]:treatment",-4,0.047119312243896816,0.046998142960136616,-0.04532736428561622,0.13956598877340987,0.31678375965799455,False,False,0.02477363835649985,-23_to_-2,group_event__education__fundamental_or_less__ln_salario_real_adm,education,education,fundamental_or_less,Primary or less,ln_salario_real_adm,ols,-23_to_41,-1,2022-11,frozen,False,"ln_salario_real_adm ~ i(event_time, treatment, ref=-1) | cbo_4d + periodo",20228,338
20.0,"C(event_time, contr.treatment(base=-1))[-3]:treatment",-3,0.04253038600041016,0.05148091715858823,-0.058734034171242275,0.14379480617206258,0.40930981801209243,False,False,0.02477363835649985,-23_to_-2,group_event__education__fundamental_or_less__ln_salario_real_adm,education,education,fundamental_or_less,Primary or less,ln_salario_real_adm,ols,-23_to_41,-1,2022-11,frozen,False,"ln_salario_real_adm ~ i(event_time, treatment, ref=-1) | cbo_4d + periodo",20228,338
21.0,"C(event_time, contr.treatment(base=-1))[-2]:treatment",-2,0.008721537196142872,0.05167503148953496,-0.09292471135494142,0.11036778574722715,0.8660736018848154,False,False,0.02477363835649985,-23_to_-2,group_event__education__fundamental_or_less__ln_salario_real_adm,education,education,fundamental_or_less,Primary or less,ln_salario_real_adm,ols,-23_to_41,-1,2022-11,frozen,False,"ln_salario_real_adm ~ i(event_time, treatment, ref=-1) | cbo_4d + periodo",20228,338
,reference_event_time,-1,0.0,0.0,0.0,0.0,,True,False,0.02477363835649985,-23_to_-2,group_event__education__fundamental_or_less__ln_salario_real_adm,education,education,fundamental_or_less,Primary or less,ln_salario_real_adm,ols,-23_to_41,-1,2022-11,frozen,False,"ln_salario_real_adm ~ i(event_time, treatment, ref=-1) | cbo_4d + periodo",20228,338
22.0,"C(event_time, contr.treatment(base=-1))[0]:treatment",0,0.00890501683136857,0.05548150282354773,-0.10022866849850115,0.1180387021612383,0.8725800430408865,False,False,0.02477363835649985,-23_to_-2,group_event__education__fundamental_or_less__ln_salario_real_adm,education,education,fundamental_or_less,Primary or less,ln_salario_real_adm,ols,-23_to_41,-1,2022-11,frozen,False,"ln_salario_real_adm ~ i(event_time, treatment, ref=-1) | cbo_4d + periodo",20228,338
23.0,"C(event_time, contr.treatment(base=-1))[1]:treatment",1,0.040827470213786674,0.04419616780666017,-0.04610764193589802,0.12776258236347138,0.3562625941566391,False,False,0.02477363835649985,-23_to_-2,group_event__education__fundamental_or_less__ln_salario_real_adm,education,education,fundamental_or_less,Primary or less,ln_salario_real_adm,ols,-23_to_41,-1,2022-11,frozen,False,"ln_salario_real_adm ~ i(event_time, treatment, ref=-1) | cbo_4d + periodo",20228,338
24.0,"C(event_time, contr.treatment(base=-1))[2]:treatment",2,0.02192415467495574,0.0623049384178898,-0.1006314214676031,0.14447973081751458,0.725144661474485,False,False,0.02477363835649985,-23_to_-2,group_event__education__fundamental_or_less__ln_salario_real_adm,education,education,fundamental_or_less,Primary or less,ln_salario_real_adm,ols,-23_to_41,-1,2022-11,frozen,False,"ln_salario_real_adm ~ i(event_time, treatment, ref=-1) | cbo_4d + periodo",20228,338
25.0,"C(event_time, contr.treatment(base=-1))[3]:treatment",3,0.015077567956823907,0.052682980046591936,-0.0885513439154829,0.11870647982913073,0.7749051688028576,False,False,0.02477363835649985,-23_to_-2,group_event__education__fundamental_or_less__ln_salario_real_adm,education,education,fundamental_or_less,Primary or less,ln_salario_real_adm,ols,-23_to_41,-1,2022-11,frozen,False,"ln_salario_real_adm ~ i(event_time, treatment, ref=-1) | cbo_4d + periodo",20228,338
26.0,"C(event_time, contr.treatment(base=-1))[4]:treatment",4,0.05373684611289795,0.05193446743887259,-0.04841972028859345,0.15589341251438935,0.30154868063237483,False,False,0.02477363835649985,-23_to_-2,group_event__education__fundamental_or_less__ln_salario_real_adm,education,education,fundamental_or_less,Primary or less,ln_salario_real_adm,ols,-23_to_41,-1,2022-11,frozen,False,"ln_salario_real_adm ~ i(event_time, treatment, ref=-1) | cbo_4d + periodo",20228,338
27.0,"C(event_time, contr.treatment(base=-1))[5]:treatment",5,0.019805640751143112,0.0562967845516572,-0.09093172679789188,0.13054300830017812,0.7252023801231378,False,False,0.02477363835649985,-23_to_-2,group_event__education__fundamental_or_less__ln_salario_real_adm,education,education,fundamental_or_less,Primary or less,ln_salario_real_adm,ols,-23_to_41,-1,2022-11,frozen,False,"ln_salario_real_adm ~ i(event_time, treatment, ref=-1) | cbo_4d + periodo",20228,338
28.0,"C(event_time, contr.treatment(base=-1))[6]:treatment",6,0.03879839728520915,0.046495448278888414,-0.052659464587735925,0.13025625915815423,0.4046152958112492,False,False,0.02477363835649985,-23_to_-2,group_event__education__fundamental_or_less__ln_salario_real_adm,education,education,fundamental_or_less,Primary or less,ln_salario_real_adm,ols,-23_to_41,-1,2022-11,frozen,False,"ln_salario_real_adm ~ i(event_time, treatment, ref=-1) | cbo_4d + periodo",20228,338
29.0,"C(event_time, contr.treatment(base=-1))[7]:treatment",7,0.022073751087506657,0.05370753257106821,-0.08357048457957417,0.12771798675458748,0.6813343683441364,False,False,0.02477363835649985,-23_to_-2,group_event__education__fundamental_or_less__ln_salario_real_adm,education,education,fundamental_or_less,Primary or less,ln_salario_real_adm,ols,-23_to_41,-1,2022-11,frozen,False,"ln_salario_real_adm ~ i(event_time, treatment, ref=-1) | cbo_4d + periodo",20228,338
30.0,"C(event_time, contr.treatment(base=-1))[8]:treatment",8,0.06539298823673967,0.05291184299713168,-0.038686103532591665,0.169472080006071,0.21736183236085282,False,False,0.02477363835649985,-23_to_-2,group_event__education__fundamental_or_less__ln_salario_real_adm,education,education,fundamental_or_less,Primary or less,ln_salario_real_adm,ols,-23_to_41,-1,2022-11,frozen,False,"ln_salario_real_adm ~ i(event_time, treatment, ref=-1) | cbo_4d + periodo",20228,338
31.0,"C(event_time, contr.treatment(base=-1))[9]:treatment",9,-0.029752960147252296,0.04982132696333584,-0.1277529194638837,0.0682469991693791,0.5507793860958605,False,False,0.02477363835649985,-23_to_-2,group_event__education__fundamental_or_less__ln_salario_real_adm,education,education,fundamental_or_less,Primary or less,ln_salario_real_adm,ols,-23_to_41,-1,2022-11,frozen,False,"ln_salario_real_adm ~ i(event_time, treatment, ref=-1) | cbo_4d + periodo",20228,338
32.0,"C(event_time, contr.treatment(base=-1))[10]:treatment",10,0.005538928243759316,0.050416462586851674,-0.09363167967754193,0.10470953616506057,0.9125830353522013,False,False,0.02477363835649985,-23_to_-2,group_event__education__fundamental_or_less__ln_salario_real_adm,education,education,fundamental_or_less,Primary or less,ln_salario_real_adm,ols,-23_to_41,-1,2022-11,frozen,False,"ln_salario_real_adm ~ i(event_time, treatment, ref=-1) | cbo_4d + periodo",20228,338
33.0,"C(event_time, contr.treatment(base=-1))[11]:treatment",11,-0.003260010020439956,0.0408584854724008,-0.08362980661339589,0.07710978657251599,0.9364533597471614,False,False,0.02477363835649985,-23_to_-2,group_event__education__fundamental_or_less__ln_salario_real_adm,education,education,fundamental_or_less,Primary or less,ln_salario_real_adm,ols,-23_to_41,-1,2022-11,frozen,False,"ln_salario_real_adm ~ i(event_time, treatment, ref=-1) | cbo_4d + periodo",20228,338
34.0,"C(event_time, contr.treatment(base=-1))[12]:treatment",12,-0.02023875375916717,0.04616473531811663,-0.11104609388416747,0.07056858636583313,0.6613751427793684,False,False,0.02477363835649985,-23_to_-2,group_event__education__fundamental_or_less__ln_salario_real_adm,education,education,fundamental_or_less,Primary or less,ln_salario_real_adm,ols,-23_to_41,-1,2022-11,frozen,False,"ln_salario_real_adm ~ i(event_time, treatment, ref=-1) | cbo_4d + periodo",20228,338
35.0,"C(event_time, contr.treatment(base=-1))[13]:treatment",13,0.02042313323854698,0.042678285938287715,-0.06352626234326263,0.1043725288203566,0.632578449832264,False,False,0.02477363835649985,-23_to_-2,group_event__education__fundamental_or_less__ln_salario_real_adm,education,education,fundamental_or_less,Primary or less,ln_salario_real_adm,ols,-23_to_41,-1,2022-11,frozen,False,"ln_salario_real_adm ~ i(event_time, treatment, ref=-1) | cbo_4d + periodo",20228,338
36.0,"C(event_time, contr.treatment(base=-1))[14]:treatment",14,-0.03057731537990926,0.05661230946673035,-0.14193532936141096,0.08078069860159244,0.5894725459055388,False,False,0.02477363835649985,-23_to_-2,group_event__education__fundamental_or_less__ln_salario_real_adm,education,education,fundamental_or_less,Primary or less,ln_salario_real_adm,ols,-23_to_41,-1,2022-11,frozen,False,"ln_salario_real_adm ~ i(event_time, treatment, ref=-1) | cbo_4d + periodo",20228,338
37.0,"C(event_time, contr.treatment(base=-1))[15]:treatment",15,0.003656935810547934,0.059156213346695935,-0.11270500905632568,0.12001888067742154,0.9507441863643542,False,False,0.02477363835649985,-23_to_-2,group_event__education__fundamental_or_less__ln_salario_real_adm,education,education,fundamental_or_less,Primary or less,ln_salario_real_adm,ols,-23_to_41,-1,2022-11,frozen,False,"ln_salario_real_adm ~ i(event_time, treatment, ref=-1) | cbo_4d + periodo",20228,338
38.0,"C(event_time, contr.treatment(base=-1))[16]:treatment",16,0.07312546156575571,0.06247251078444501,-0.049759734161546165,0.19601065729305758,0.24261793852581315,False,False,0.02477363835649985,-23_to_-2,group_event__education__fundamental_or_less__ln_salario_real_adm,education,education,fundamental_or_less,Primary or less,ln_salario_real_adm,ols,-23_to_41,-1,2022-11,frozen,False,"ln_salario_real_adm ~ i(event_time, treatment, ref=-1) | cbo_4d + periodo",20228,338
39.0,"C(event_time, contr.treatment(base=-1))[17]:treatment",17,0.05026276496829252,0.06202810114677763,-0.07174826443173804,0.17227379436832307,0.4183266951590321,False,False,0.02477363835649985,-23_to_-2,group_event__education__fundamental_or_less__ln_salario_real_adm,education,education,fundamental_or_less,Primary or less,ln_salario_real_adm,ols,-23_to_41,-1,2022-11,frozen,False,"ln_salario_real_adm ~ i(event_time, treatment, ref=-1) | cbo_4d + periodo",20228,338
40.0,"C(event_time, contr.treatment(base=-1))[18]:treatment",18,-0.03827825772096946,0.051766019422488756,-0.14010348210973744,0.06354696666779852,0.4601500138640193,False,False,0.02477363835649985,-23_to_-2,group_event__education__fundamental_or_less__ln_salario_real_adm,education,education,fundamental_or_less,Primary or less,ln_salario_real_adm,ols,-23_to_41,-1,2022-11,frozen,False,"ln_salario_real_adm ~ i(event_time, treatment, ref=-1) | cbo_4d + periodo",20228,338
41.0,"C(event_time, contr.treatment(base=-1))[19]:treatment",19,-0.017455640330356983,0.059160153992996484,-0.13382533655996365,0.09891405589924968,0.7681317336218452,False,False,0.02477363835649985,-23_to_-2,group_event__education__fundamental_or_less__ln_salario_real_adm,education,education,fundamental_or_less,Primary or less,ln_salario_real_adm,ols,-23_to_41,-1,2022-11,frozen,False,"ln_salario_real_adm ~ i(event_time, treatment, ref=-1) | cbo_4d + periodo",20228,338
42.0,"C(event_time, contr.treatment(base=-1))[20]:treatment",20,0.009525897731058672,0.05063940158128214,-0.09008323749804299,0.10913503296016035,0.8509017853351488,False,False,0.02477363835649985,-23_to_-2,group_event__education__fundamental_or_less__ln_salario_real_adm,education,education,fundamental_or_less,Primary or less,ln_salario_real_adm,ols,-23_to_41,-1,2022-11,frozen,False,"ln_salario_real_adm ~ i(event_time, treatment, ref=-1) | cbo_4d + periodo",20228,338
43.0,"C(event_time, contr.treatment(base=-1))[21]:treatment",21,0.037409850227434475,0.04403155487114259,-0.04920146362206471,0.12402116407693367,0.3961425756713912,False,False,0.02477363835649985,-23_to_-2,group_event__education__fundamental_or_less__ln_salario_real_adm,education,education,fundamental_or_less,Primary or less,ln_salario_real_adm,ols,-23_to_41,-1,2022-11,frozen,False,"ln_salario_real_adm ~ i(event_time, treatment, ref=-1) | cbo_4d + periodo",20228,338
44.0,"C(event_time, contr.treatment(base=-1))[22]:treatment",22,-0.045925394679514786,0.05987050863405656,-0.1636923785802326,0.07184158922120305,0.4435717526349998,False,False,0.02477363835649985,-23_to_-2,group_event__education__fundamental_or_less__ln_salario_real_adm,education,education,fundamental_or_less,Primary or less,ln_salario_real_adm,ols,-23_to_41,-1,2022-11,frozen,False,"ln_salario_real_adm ~ i(event_time, treatment, ref=-1) | cbo_4d + periodo",20228,338
45.0,"C(event_time, contr.treatment(base=-1))[23]:treatment",23,0.026885752801587965,0.051004338014499905,-0.07344122271375933,0.12721272831693525,0.598452368845849,False,False,0.02477363835649985,-23_to_-2,group_event__education__fundamental_or_less__ln_salario_real_adm,education,education,fundamental_or_less,Primary or less,ln_salario_real_adm,ols,-23_to_41,-1,2022-11,frozen,False,"ln_salario_real_adm ~ i(event_time, treatment, ref=-1) | cbo_4d + periodo",20228,338
46.0,"C(event_time, contr.treatment(base=-1))[24]:treatment",24,0.007044080198739496,0.053558943634867386,-0.09830787682804541,0.1123960372255244,0.8954423312504101,False,True,0.02477363835649985,-23_to_-2,group_event__education__fundamental_or_less__ln_salario_real_adm,education,education,fundamental_or_less,Primary or less,ln_salario_real_adm,ols,-23_to_41,-1,2022-11,frozen,False,"ln_salario_real_adm ~ i(event_time, treatment, ref=-1) | cbo_4d + periodo",20228,338
47.0,"C(event_time, contr.treatment(base=-1))[25]:treatment",25,-0.0039306975638262465,0.04893255284305661,-0.10018241304718645,0.09232101791953395,0.9360233647287908,False,True,0.02477363835649985,-23_to_-2,group_event__education__fundamental_or_less__ln_salario_real_adm,education,education,fundamental_or_less,Primary or less,ln_salario_real_adm,ols,-23_to_41,-1,2022-11,frozen,False,"ln_salario_real_adm ~ i(event_time, treatment, ref=-1) | cbo_4d + periodo",20228,338
48.0,"C(event_time, contr.treatment(base=-1))[26]:treatment",26,-0.037285744987708265,0.06194731608628465,-0.15913786788877043,0.08456637791335389,0.5476491205166627,False,True,0.02477363835649985,-23_to_-2,group_event__education__fundamental_or_less__ln_salario_real_adm,education,education,fundamental_or_less,Primary or less,ln_salario_real_adm,ols,-23_to_41,-1,2022-11,frozen,False,"ln_salario_real_adm ~ i(event_time, treatment, ref=-1) | cbo_4d + periodo",20228,338
49.0,"C(event_time, contr.treatment(base=-1))[27]:treatment",27,0.04401250887507594,0.04819914907643678,-0.050796580655260166,0.13882159840541206,0.361822392871034,False,True,0.02477363835649985,-23_to_-2,group_event__education__fundamental_or_less__ln_salario_real_adm,education,education,fundamental_or_less,Primary or less,ln_salario_real_adm,ols,-23_to_41,-1,2022-11,frozen,False,"ln_salario_real_adm ~ i(event_time, treatment, ref=-1) | cbo_4d + periodo",20228,338
50.0,"C(event_time, contr.treatment(base=-1))[28]:treatment",28,-0.008697532679826247,0.0527507047086618,-0.11245966087799414,0.09506459551834165,0.8691373420639055,False,True,0.02477363835649985,-23_to_-2,group_event__education__fundamental_or_less__ln_salario_real_adm,education,education,fundamental_or_less,Primary or less,ln_salario_real_adm,ols,-23_to_41,-1,2022-11,frozen,False,"ln_salario_real_adm ~ i(event_time, treatment, ref=-1) | cbo_4d + periodo",20228,338
51.0,"C(event_time, contr.treatment(base=-1))[29]:treatment",29,0.04080293372722138,0.05506577629059798,-0.06751300575364874,0.1491188732080915,0.4592183159251859,False,True,0.02477363835649985,-23_to_-2,group_event__education__fundamental_or_less__ln_salario_real_adm,education,education,fundamental_or_less,Primary or less,ln_salario_real_adm,ols,-23_to_41,-1,2022-11,frozen,False,"ln_salario_real_adm ~ i(event_time, treatment, ref=-1) | cbo_4d + periodo",20228,338
52.0,"C(event_time, contr.treatment(base=-1))[30]:treatment",30,-0.029148296106135094,0.06429597647193179,-0.15562030041684713,0.09732370820457695,0.6505916893269685,False,True,0.02477363835649985,-23_to_-2,group_event__education__fundamental_or_less__ln_salario_real_adm,education,education,fundamental_or_less,Primary or less,ln_salario_real_adm,ols,-23_to_41,-1,2022-11,frozen,False,"ln_salario_real_adm ~ i(event_time, treatment, ref=-1) | cbo_4d + periodo",20228,338
53.0,"C(event_time, contr.treatment(base=-1))[31]:treatment",31,0.03445012516590258,0.051856828967540056,-0.06755372416649925,0.13645397449830443,0.5069324483638407,False,True,0.02477363835649985,-23_to_-2,group_event__education__fundamental_or_less__ln_salario_real_adm,education,education,fundamental_or_less,Primary or less,ln_salario_real_adm,ols,-23_to_41,-1,2022-11,frozen,False,"ln_salario_real_adm ~ i(event_time, treatment, ref=-1) | cbo_4d + periodo",20228,338
54.0,"C(event_time, contr.treatment(base=-1))[32]:treatment",32,-0.02371937592414926,0.06713362537966792,-0.1557731158983388,0.10833436405004028,0.7240725518998292,False,True,0.02477363835649985,-23_to_-2,group_event__education__fundamental_or_less__ln_salario_real_adm,education,education,fundamental_or_less,Primary or less,ln_salario_real_adm,ols,-23_to_41,-1,2022-11,frozen,False,"ln_salario_real_adm ~ i(event_time, treatment, ref=-1) | cbo_4d + periodo",20228,338
55.0,"C(event_time, contr.treatment(base=-1))[33]:treatment",33,-0.03750051146064113,0.052816305431750456,-0.14139167813661915,0.06639065521533691,0.4781841687838875,False,True,0.02477363835649985,-23_to_-2,group_event__education__fundamental_or_less__ln_salario_real_adm,education,education,fundamental_or_less,Primary or less,ln_salario_real_adm,ols,-23_to_41,-1,2022-11,frozen,False,"ln_salario_real_adm ~ i(event_time, treatment, ref=-1) | cbo_4d + periodo",20228,338
56.0,"C(event_time, contr.treatment(base=-1))[34]:treatment",34,0.040231726679829334,0.055513596796336925,-0.06896508840228413,0.1494285417619428,0.469127650590381,False,True,0.02477363835649985,-23_to_-2,group_event__education__fundamental_or_less__ln_salario_real_adm,education,education,fundamental_or_less,Primary or less,ln_salario_real_adm,ols,-23_to_41,-1,2022-11,frozen,False,"ln_salario_real_adm ~ i(event_time, treatment, ref=-1) | cbo_4d + periodo",20228,338
57.0,"C(event_time, contr.treatment(base=-1))[35]:treatment",35,0.040278783152017175,0.04639091875304438,-0.05097346618700964,0.13153103249104398,0.3858769191430964,False,True,0.02477363835649985,-23_to_-2,group_event__education__fundamental_or_less__ln_salario_real_adm,education,education,fundamental_or_less,Primary or less,ln_salario_real_adm,ols,-23_to_41,-1,2022-11,frozen,False,"ln_salario_real_adm ~ i(event_time, treatment, ref=-1) | cbo_4d + periodo",20228,338
58.0,"C(event_time, contr.treatment(base=-1))[36]:treatment",36,-0.010505390948628493,0.056450151031138665,-0.12154443470072367,0.10053365280346667,0.8524780629819981,False,True,0.02477363835649985,-23_to_-2,group_event__education__fundamental_or_less__ln_salario_real_adm,education,education,fundamental_or_less,Primary or less,ln_salario_real_adm,ols,-23_to_41,-1,2022-11,frozen,False,"ln_salario_real_adm ~ i(event_time, treatment, ref=-1) | cbo_4d + periodo",20228,338
59.0,"C(event_time, contr.treatment(base=-1))[37]:treatment",37,-0.05705463914662353,0.053278244657115136,-0.16185445334469203,0.04774517505144498,0.2849894575800409,False,True,0.02477363835649985,-23_to_-2,group_event__education__fundamental_or_less__ln_salario_real_adm,education,education,fundamental_or_less,Primary or less,ln_salario_real_adm,ols,-23_to_41,-1,2022-11,frozen,False,"ln_salario_real_adm ~ i(event_time, treatment, ref=-1) | cbo_4d + periodo",20228,338
60.0,"C(event_time, contr.treatment(base=-1))[38]:treatment",38,-0.015325682133002954,0.05810364853813562,-0.12961720224999107,0.09896583798398516,0.7921225726591441,False,True,0.02477363835649985,-23_to_-2,group_event__education__fundamental_or_less__ln_salario_real_adm,education,education,fundamental_or_less,Primary or less,ln_salario_real_adm,ols,-23_to_41,-1,2022-11,frozen,False,"ln_salario_real_adm ~ i(event_time, treatment, ref=-1) | cbo_4d + periodo",20228,338
61.0,"C(event_time, contr.treatment(base=-1))[39]:treatment",39,-0.05201937956759635,0.05730523686477116,-0.16474040134026652,0.06070164220507383,0.36465390054451374,False,True,0.02477363835649985,-23_to_-2,group_event__education__fundamental_or_less__ln_salario_real_adm,education,education,fundamental_or_less,Primary or less,ln_salario_real_adm,ols,-23_to_41,-1,2022-11,frozen,False,"ln_salario_real_adm ~ i(event_time, treatment, ref=-1) | cbo_4d + periodo",20228,338
62.0,"C(event_time, contr.treatment(base=-1))[40]:treatment",40,-0.02449309449054224,0.058829371234773414,-0.14021213167864327,0.09122594269755878,0.6774253364281384,False,True,0.02477363835649985,-23_to_-2,group_event__education__fundamental_or_less__ln_salario_real_adm,education,education,fundamental_or_less,Primary or less,ln_salario_real_adm,ols,-23_to_41,-1,2022-11,frozen,False,"ln_salario_real_adm ~ i(event_time, treatment, ref=-1) | cbo_4d + periodo",20228,338
63.0,"C(event_time, contr.treatment(base=-1))[41]:treatment",41,-0.0064600829752310554,0.05664548662369037,-0.11788335736287804,0.10496319141241593,0.9092707548146968,False,True,0.02477363835649985,-23_to_-2,group_event__education__fundamental_or_less__ln_salario_real_adm,education,education,fundamental_or_less,Primary or less,ln_salario_real_adm,ols,-23_to_41,-1,2022-11,frozen,False,"ln_salario_real_adm ~ i(event_time, treatment, ref=-1) | cbo_4d + periodo",20228,338
0.0,"C(event_time, contr.treatment(base=-1))[-23]:treatment",-23,-0.11118282249741791,0.11057481781646708,-0.3286797001955709,0.10631405520073507,0.31537188468139554,False,False,-0.09707396378930827,-23_to_-2,group_event__education__high_school__admissoes,education,education,high_school,Secondary,admissoes,ppml,-23_to_41,-1,2022-11,frozen,False,"admissoes ~ i(event_time, treatment, ref=-1) | cbo_4d + periodo",22049,341
1.0,"C(event_time, contr.treatment(base=-1))[-22]:treatment",-22,-0.13721592112678524,0.11199516477734432,-0.3575065726275016,0.0830747303739311,0.22134981501893347,False,False,-0.09707396378930827,-23_to_-2,group_event__education__high_school__admissoes,education,education,high_school,Secondary,admissoes,ppml,-23_to_41,-1,2022-11,frozen,False,"admissoes ~ i(event_time, treatment, ref=-1) | cbo_4d + periodo",22049,341
2.0,"C(event_time, contr.treatment(base=-1))[-21]:treatment",-21,-0.15317169349471654,0.10364529567769798,-0.3570384385922978,0.05069505160286472,0.14037496659413295,False,False,-0.09707396378930827,-23_to_-2,group_event__education__high_school__admissoes,education,education,high_school,Secondary,admissoes,ppml,-23_to_41,-1,2022-11,frozen,False,"admissoes ~ i(event_time, treatment, ref=-1) | cbo_4d + periodo",22049,341
3.0,"C(event_time, contr.treatment(base=-1))[-20]:treatment",-20,-0.12816926075199256,0.10208813359724539,-0.3289731213949004,0.07263459989091531,0.21016794778911763,False,False,-0.09707396378930827,-23_to_-2,group_event__education__high_school__admissoes,education,education,high_school,Secondary,admissoes,ppml,-23_to_41,-1,2022-11,frozen,False,"admissoes ~ i(event_time, treatment, ref=-1) | cbo_4d + periodo",22049,341
4.0,"C(event_time, contr.treatment(base=-1))[-19]:treatment",-19,-0.12209386883156301,0.08424640166557124,-0.2878036541280617,0.04361591646493568,0.14819023008207433,False,False,-0.09707396378930827,-23_to_-2,group_event__education__high_school__admissoes,education,education,high_school,Secondary,admissoes,ppml,-23_to_41,-1,2022-11,frozen,False,"admissoes ~ i(event_time, treatment, ref=-1) | cbo_4d + periodo",22049,341
5.0,"C(event_time, contr.treatment(base=-1))[-18]:treatment",-18,-0.09303437004706848,0.07746088910374674,-0.24539728464622618,0.05932854455208923,0.23056798160726943,False,False,-0.09707396378930827,-23_to_-2,group_event__education__high_school__admissoes,education,education,high_school,Secondary,admissoes,ppml,-23_to_41,-1,2022-11,frozen,False,"admissoes ~ i(event_time, treatment, ref=-1) | cbo_4d + periodo",22049,341
6.0,"C(event_time, contr.treatment(base=-1))[-17]:treatment",-17,-0.11247636358892477,0.07741843665577455,-0.264755775677593,0.03980304849974345,0.14719130503221756,False,False,-0.09707396378930827,-23_to_-2,group_event__education__high_school__admissoes,education,education,high_school,Secondary,admissoes,ppml,-23_to_41,-1,2022-11,frozen,False,"admissoes ~ i(event_time, treatment, ref=-1) | cbo_4d + periodo",22049,341
7.0,"C(event_time, contr.treatment(base=-1))[-16]:treatment",-16,-0.10461956121565452,0.08659639283403145,-0.27495169861592683,0.06571257618461779,0.2278375081913686,False,False,-0.09707396378930827,-23_to_-2,group_event__education__high_school__admissoes,education,education,high_school,Secondary,admissoes,ppml,-23_to_41,-1,2022-11,frozen,False,"admissoes ~ i(event_time, treatment, ref=-1) | cbo_4d + periodo",22049,341
8.0,"C(event_time, contr.treatment(base=-1))[-15]:treatment",-15,-0.11743020313262664,0.06934091743533169,-0.25382141169823635,0.018961005432983097,0.09127248854845282,False,False,-0.09707396378930827,-23_to_-2,group_event__education__high_school__admissoes,education,education,high_school,Secondary,admissoes,ppml,-23_to_41,-1,2022-11,frozen,False,"admissoes ~ i(event_time, treatment, ref=-1) | cbo_4d + periodo",22049,341
9.0,"C(event_time, contr.treatment(base=-1))[-14]:treatment",-14,-0.06417115497917632,0.06503863212765941,-0.19209991576631902,0.06375760580796637,0.32450991577948685,False,False,-0.09707396378930827,-23_to_-2,group_event__education__high_school__admissoes,education,education,high_school,Secondary,admissoes,ppml,-23_to_41,-1,2022-11,frozen,False,"admissoes ~ i(event_time, treatment, ref=-1) | cbo_4d + periodo",22049,341
10.0,"C(event_time, contr.treatment(base=-1))[-13]:treatment",-13,0.03373170832032277,0.028993869478017686,-0.023298239441594384,0.09076165608223992,0.24547970633811822,False,False,-0.09707396378930827,-23_to_-2,group_event__education__high_school__admissoes,education,education,high_school,Secondary,admissoes,ppml,-23_to_41,-1,2022-11,frozen,False,"admissoes ~ i(event_time, treatment, ref=-1) | cbo_4d + periodo",22049,341
11.0,"C(event_time, contr.treatment(base=-1))[-12]:treatment",-12,0.09926865208483328,0.03854364163160183,0.023454629728456355,0.1750826744412102,0.010431854512372496,False,False,-0.09707396378930827,-23_to_-2,group_event__education__high_school__admissoes,education,education,high_school,Secondary,admissoes,ppml,-23_to_41,-1,2022-11,frozen,False,"admissoes ~ i(event_time, treatment, ref=-1) | cbo_4d + periodo",22049,341
12.0,"C(event_time, contr.treatment(base=-1))[-11]:treatment",-11,-0.12305134462284298,0.09544880493506672,-0.3107958732898887,0.06469318404420277,0.19820950604898258,False,False,-0.09707396378930827,-23_to_-2,group_event__education__high_school__admissoes,education,education,high_school,Secondary,admissoes,ppml,-23_to_41,-1,2022-11,frozen,False,"admissoes ~ i(event_time, treatment, ref=-1) | cbo_4d + periodo",22049,341
13.0,"C(event_time, contr.treatment(base=-1))[-10]:treatment",-10,-0.08516397016514766,0.10031263934845285,-0.28247549445960807,0.11214755412931272,0.39648674464756173,False,False,-0.09707396378930827,-23_to_-2,group_event__education__high_school__admissoes,education,education,high_school,Secondary,admissoes,ppml,-23_to_41,-1,2022-11,frozen,False,"admissoes ~ i(event_time, treatment, ref=-1) | cbo_4d + periodo",22049,341
14.0,"C(event_time, contr.treatment(base=-1))[-9]:treatment",-9,-0.10971131390894756,0.08748922697678167,-0.28179962547423454,0.06237699765633939,0.21070422328323657,False,False,-0.09707396378930827,-23_to_-2,group_event__education__high_school__admissoes,education,education,high_school,Secondary,admissoes,ppml,-23_to_41,-1,2022-11,frozen,False,"admissoes ~ i(event_time, treatment, ref=-1) | cbo_4d + periodo",22049,341
15.0,"C(event_time, contr.treatment(base=-1))[-8]:treatment",-8,-0.08134473651132502,0.08416683615389799,-0.24689801917274717,0.08420854615009711,0.3344959062680801,False,False,-0.09707396378930827,-23_to_-2,group_event__education__high_school__admissoes,education,education,high_school,Secondary,admissoes,ppml,-23_to_41,-1,2022-11,frozen,False,"admissoes ~ i(event_time, treatment, ref=-1) | cbo_4d + periodo",22049,341
16.0,"C(event_time, contr.treatment(base=-1))[-7]:treatment",-7,-0.13227975538213657,0.07091738336505968,-0.27177181841248044,0.007212307648207267,0.06300535653642636,False,False,-0.09707396378930827,-23_to_-2,group_event__education__high_school__admissoes,education,education,high_school,Secondary,admissoes,ppml,-23_to_41,-1,2022-11,frozen,False,"admissoes ~ i(event_time, treatment, ref=-1) | cbo_4d + periodo",22049,341
17.0,"C(event_time, contr.treatment(base=-1))[-6]:treatment",-6,-0.12867383154103634,0.07419512935168611,-0.27461310861212296,0.017265445530050272,0.08377787856500984,False,False,-0.09707396378930827,-23_to_-2,group_event__education__high_school__admissoes,education,education,high_school,Secondary,admissoes,ppml,-23_to_41,-1,2022-11,frozen,False,"admissoes ~ i(event_time, treatment, ref=-1) | cbo_4d + periodo",22049,341
18.0,"C(event_time, contr.treatment(base=-1))[-5]:treatment",-5,-0.1470255151978082,0.07539644303869907,-0.2953277351271417,0.0012767047315253022,0.05199382174465805,False,False,-0.09707396378930827,-23_to_-2,group_event__education__high_school__admissoes,education,education,high_school,Secondary,admissoes,ppml,-23_to_41,-1,2022-11,frozen,False,"admissoes ~ i(event_time, treatment, ref=-1) | cbo_4d + periodo",22049,341
19.0,"C(event_time, contr.treatment(base=-1))[-4]:treatment",-4,-0.1354386407696811,0.08416819265375775,-0.30099459161984565,0.03011731008048349,0.10851319173498486,False,False,-0.09707396378930827,-23_to_-2,group_event__education__high_school__admissoes,education,education,high_school,Secondary,admissoes,ppml,-23_to_41,-1,2022-11,frozen,False,"admissoes ~ i(event_time, treatment, ref=-1) | cbo_4d + periodo",22049,341
20.0,"C(event_time, contr.treatment(base=-1))[-3]:treatment",-3,-0.09251660362482066,0.06780564747456751,-0.2258879887850307,0.040854781535389365,0.1733321414504574,False,False,-0.09707396378930827,-23_to_-2,group_event__education__high_school__admissoes,education,education,high_school,Secondary,admissoes,ppml,-23_to_41,-1,2022-11,frozen,False,"admissoes ~ i(event_time, treatment, ref=-1) | cbo_4d + periodo",22049,341
21.0,"C(event_time, contr.treatment(base=-1))[-2]:treatment",-2,-0.08985663238026557,0.04687489508021651,-0.1820579447920805,0.002344680031549362,0.05608270883520028,False,False,-0.09707396378930827,-23_to_-2,group_event__education__high_school__admissoes,education,education,high_school,Secondary,admissoes,ppml,-23_to_41,-1,2022-11,frozen,False,"admissoes ~ i(event_time, treatment, ref=-1) | cbo_4d + periodo",22049,341
,reference_event_time,-1,0.0,0.0,0.0,0.0,,True,False,-0.09707396378930827,-23_to_-2,group_event__education__high_school__admissoes,education,education,high_school,Secondary,admissoes,ppml,-23_to_41,-1,2022-11,frozen,False,"admissoes ~ i(event_time, treatment, ref=-1) | cbo_4d + periodo",22049,341
22.0,"C(event_time, contr.treatment(base=-1))[0]:treatment",0,0.03279242609966711,0.04252793551652604,-0.050858565802897104,0.11644341800223132,0.441195232204719,False,False,-0.09707396378930827,-23_to_-2,group_event__education__high_school__admissoes,education,education,high_school,Secondary,admissoes,ppml,-23_to_41,-1,2022-11,frozen,False,"admissoes ~ i(event_time, treatment, ref=-1) | cbo_4d + periodo",22049,341
23.0,"C(event_time, contr.treatment(base=-1))[1]:treatment",1,-0.14755126470996596,0.0842801774768652,-0.313327485869921,0.018224956449989033,0.08089547182572732,False,False,-0.09707396378930827,-23_to_-2,group_event__education__high_school__admissoes,education,education,high_school,Secondary,admissoes,ppml,-23_to_41,-1,2022-11,frozen,False,"admissoes ~ i(event_time, treatment, ref=-1) | cbo_4d + periodo",22049,341
24.0,"C(event_time, contr.treatment(base=-1))[2]:treatment",2,-0.14342527045235984,0.09061179652694204,-0.32165556932512274,0.03480502842040306,0.11438439285986446,False,False,-0.09707396378930827,-23_to_-2,group_event__education__high_school__admissoes,education,education,high_school,Secondary,admissoes,ppml,-23_to_41,-1,2022-11,frozen,False,"admissoes ~ i(event_time, treatment, ref=-1) | cbo_4d + periodo",22049,341
25.0,"C(event_time, contr.treatment(base=-1))[3]:treatment",3,-0.14594856359145364,0.0711541939140422,-0.2859064248571169,-0.005990702325790326,0.04101737960028817,False,False,-0.09707396378930827,-23_to_-2,group_event__education__high_school__admissoes,education,education,high_school,Secondary,admissoes,ppml,-23_to_41,-1,2022-11,frozen,False,"admissoes ~ i(event_time, treatment, ref=-1) | cbo_4d + periodo",22049,341
26.0,"C(event_time, contr.treatment(base=-1))[4]:treatment",4,-0.13055105001146602,0.06289601448768713,-0.25426535531952804,-0.0068367447034039935,0.03867625603396507,False,False,-0.09707396378930827,-23_to_-2,group_event__education__high_school__admissoes,education,education,high_school,Secondary,admissoes,ppml,-23_to_41,-1,2022-11,frozen,False,"admissoes ~ i(event_time, treatment, ref=-1) | cbo_4d + periodo",22049,341
27.0,"C(event_time, contr.treatment(base=-1))[5]:treatment",5,-0.17464765087270637,0.05993086537526471,-0.2925296094801683,-0.056765692265244416,0.0038027995538951753,False,False,-0.09707396378930827,-23_to_-2,group_event__education__high_school__admissoes,education,education,high_school,Secondary,admissoes,ppml,-23_to_41,-1,2022-11,frozen,False,"admissoes ~ i(event_time, treatment, ref=-1) | cbo_4d + periodo",22049,341
28.0,"C(event_time, contr.treatment(base=-1))[6]:treatment",6,-0.14225625276717507,0.061523731336087684,-0.263271324138573,-0.02124118139577716,0.0213626046091564,False,False,-0.09707396378930827,-23_to_-2,group_event__education__high_school__admissoes,education,education,high_school,Secondary,admissoes,ppml,-23_to_41,-1,2022-11,frozen,False,"admissoes ~ i(event_time, treatment, ref=-1) | cbo_4d + periodo",22049,341
29.0,"C(event_time, contr.treatment(base=-1))[7]:treatment",7,-0.15223578338400268,0.06246534464502156,-0.2751029758688359,-0.02936859089916942,0.015316877734100398,False,False,-0.09707396378930827,-23_to_-2,group_event__education__high_school__admissoes,education,education,high_school,Secondary,admissoes,ppml,-23_to_41,-1,2022-11,frozen,False,"admissoes ~ i(event_time, treatment, ref=-1) | cbo_4d + periodo",22049,341
30.0,"C(event_time, contr.treatment(base=-1))[8]:treatment",8,-0.15901760899930953,0.06542734559332328,-0.28771095585379214,-0.03032426214482692,0.015597020762362579,False,False,-0.09707396378930827,-23_to_-2,group_event__education__high_school__admissoes,education,education,high_school,Secondary,admissoes,ppml,-23_to_41,-1,2022-11,frozen,False,"admissoes ~ i(event_time, treatment, ref=-1) | cbo_4d + periodo",22049,341
31.0,"C(event_time, contr.treatment(base=-1))[9]:treatment",9,-0.15732379022204482,0.05272664300557846,-0.2610352902875746,-0.053612290156515016,0.0030532200979507262,False,False,-0.09707396378930827,-23_to_-2,group_event__education__high_school__admissoes,education,education,high_school,Secondary,admissoes,ppml,-23_to_41,-1,2022-11,frozen,False,"admissoes ~ i(event_time, treatment, ref=-1) | cbo_4d + periodo",22049,341
32.0,"C(event_time, contr.treatment(base=-1))[10]:treatment",10,-0.13059070839739714,0.043810457077131416,-0.2167643762629028,-0.04441704053189148,0.0030820302015179823,False,False,-0.09707396378930827,-23_to_-2,group_event__education__high_school__admissoes,education,education,high_school,Secondary,admissoes,ppml,-23_to_41,-1,2022-11,frozen,False,"admissoes ~ i(event_time, treatment, ref=-1) | cbo_4d + periodo",22049,341
33.0,"C(event_time, contr.treatment(base=-1))[11]:treatment",11,-0.039401715851279245,0.013007925844833367,-0.06498786025964053,-0.013815571442917968,0.0026409523171537774,False,False,-0.09707396378930827,-23_to_-2,group_event__education__high_school__admissoes,education,education,high_school,Secondary,admissoes,ppml,-23_to_41,-1,2022-11,frozen,False,"admissoes ~ i(event_time, treatment, ref=-1) | cbo_4d + periodo",22049,341
34.0,"C(event_time, contr.treatment(base=-1))[12]:treatment",12,0.032479334433270494,0.03507554206057944,-0.03651305490449574,0.10147172377103672,0.3551119181619389,False,False,-0.09707396378930827,-23_to_-2,group_event__education__high_school__admissoes,education,education,high_school,Secondary,admissoes,ppml,-23_to_41,-1,2022-11,frozen,False,"admissoes ~ i(event_time, treatment, ref=-1) | cbo_4d + periodo",22049,341
35.0,"C(event_time, contr.treatment(base=-1))[13]:treatment",13,-0.1544427074324136,0.08057895122254476,-0.31293874337600874,0.004053328511181564,0.056118761696166475,False,False,-0.09707396378930827,-23_to_-2,group_event__education__high_school__admissoes,education,education,high_school,Secondary,admissoes,ppml,-23_to_41,-1,2022-11,frozen,False,"admissoes ~ i(event_time, treatment, ref=-1) | cbo_4d + periodo",22049,341
36.0,"C(event_time, contr.treatment(base=-1))[14]:treatment",14,-0.16736960471433993,0.07686775125931151,-0.318565837497902,-0.016173371930777863,0.03014009859329181,False,False,-0.09707396378930827,-23_to_-2,group_event__education__high_school__admissoes,education,education,high_school,Secondary,admissoes,ppml,-23_to_41,-1,2022-11,frozen,False,"admissoes ~ i(event_time, treatment, ref=-1) | cbo_4d + periodo",22049,341
37.0,"C(event_time, contr.treatment(base=-1))[15]:treatment",15,-0.14151763495859976,0.06979991708781014,-0.2788116801125935,-0.004223589804606048,0.043393440758142665,False,False,-0.09707396378930827,-23_to_-2,group_event__education__high_school__admissoes,education,education,high_school,Secondary,admissoes,ppml,-23_to_41,-1,2022-11,frozen,False,"admissoes ~ i(event_time, treatment, ref=-1) | cbo_4d + periodo",22049,341
38.0,"C(event_time, contr.treatment(base=-1))[16]:treatment",16,-0.1688172057404275,0.06273515164329758,-0.2922150993456872,-0.045419312135167825,0.007476894918304833,False,False,-0.09707396378930827,-23_to_-2,group_event__education__high_school__admissoes,education,education,high_school,Secondary,admissoes,ppml,-23_to_41,-1,2022-11,frozen,False,"admissoes ~ i(event_time, treatment, ref=-1) | cbo_4d + periodo",22049,341
39.0,"C(event_time, contr.treatment(base=-1))[17]:treatment",17,-0.17913522944313234,0.05243285406674439,-0.28226885673292107,-0.0760016021533436,0.000711271535261071,False,False,-0.09707396378930827,-23_to_-2,group_event__education__high_school__admissoes,education,education,high_school,Secondary,admissoes,ppml,-23_to_41,-1,2022-11,frozen,False,"admissoes ~ i(event_time, treatment, ref=-1) | cbo_4d + periodo",22049,341
40.0,"C(event_time, contr.treatment(base=-1))[18]:treatment",18,-0.18842823229557568,0.05247215653438218,-0.2916391661924731,-0.08521729839867824,0.00037792246927903506,False,False,-0.09707396378930827,-23_to_-2,group_event__education__high_school__admissoes,education,education,high_school,Secondary,admissoes,ppml,-23_to_41,-1,2022-11,frozen,False,"admissoes ~ i(event_time, treatment, ref=-1) | cbo_4d + periodo",22049,341
41.0,"C(event_time, contr.treatment(base=-1))[19]:treatment",19,-0.17767318617516034,0.059232806828765486,-0.2941820875412702,-0.061164284809050506,0.002903032198412925,False,False,-0.09707396378930827,-23_to_-2,group_event__education__high_school__admissoes,education,education,high_school,Secondary,admissoes,ppml,-23_to_41,-1,2022-11,frozen,False,"admissoes ~ i(event_time, treatment, ref=-1) | cbo_4d + periodo",22049,341
42.0,"C(event_time, contr.treatment(base=-1))[20]:treatment",20,-0.17094184317403574,0.06316830521924799,-0.2951917350207881,-0.046691951327283404,0.007150468788446496,False,False,-0.09707396378930827,-23_to_-2,group_event__education__high_school__admissoes,education,education,high_school,Secondary,admissoes,ppml,-23_to_41,-1,2022-11,frozen,False,"admissoes ~ i(event_time, treatment, ref=-1) | cbo_4d + periodo",22049,341
43.0,"C(event_time, contr.treatment(base=-1))[21]:treatment",21,-0.15419367257715585,0.06673939335700038,-0.2854677724242798,-0.02291957273003195,0.021465019817981545,False,False,-0.09707396378930827,-23_to_-2,group_event__education__high_school__admissoes,education,education,high_school,Secondary,admissoes,ppml,-23_to_41,-1,2022-11,frozen,False,"admissoes ~ i(event_time, treatment, ref=-1) | cbo_4d + periodo",22049,341
44.0,"C(event_time, contr.treatment(base=-1))[22]:treatment",22,-0.16683841016253304,0.04324536184626805,-0.2519005550724332,-0.08177626525263287,0.0001367879221909618,False,False,-0.09707396378930827,-23_to_-2,group_event__education__high_school__admissoes,education,education,high_school,Secondary,admissoes,ppml,-23_to_41,-1,2022-11,frozen,False,"admissoes ~ i(event_time, treatment, ref=-1) | cbo_4d + periodo",22049,341
45.0,"C(event_time, contr.treatment(base=-1))[23]:treatment",23,-0.06451903863931933,0.02536516851532995,-0.11441145594837301,-0.014626621330265661,0.011413657959607804,False,False,-0.09707396378930827,-23_to_-2,group_event__education__high_school__admissoes,education,education,high_school,Secondary,admissoes,ppml,-23_to_41,-1,2022-11,frozen,False,"admissoes ~ i(event_time, treatment, ref=-1) | cbo_4d + periodo",22049,341
46.0,"C(event_time, contr.treatment(base=-1))[24]:treatment",24,0.015815808895337635,0.0522256287278536,-0.08691021325361789,0.11854183104429317,0.7621999194663645,False,True,-0.09707396378930827,-23_to_-2,group_event__education__high_school__admissoes,education,education,high_school,Secondary,admissoes,ppml,-23_to_41,-1,2022-11,frozen,False,"admissoes ~ i(event_time, treatment, ref=-1) | cbo_4d + periodo",22049,341
47.0,"C(event_time, contr.treatment(base=-1))[25]:treatment",25,-0.19958666788696156,0.06929193956209227,-0.3358815386541808,-0.06329179711974234,0.004223997474521957,False,True,-0.09707396378930827,-23_to_-2,group_event__education__high_school__admissoes,education,education,high_school,Secondary,admissoes,ppml,-23_to_41,-1,2022-11,frozen,False,"admissoes ~ i(event_time, treatment, ref=-1) | cbo_4d + periodo",22049,341
48.0,"C(event_time, contr.treatment(base=-1))[26]:treatment",26,-0.1715131520251386,0.07588866200149644,-0.32078354978796353,-0.022242754262313674,0.024449578328841204,False,True,-0.09707396378930827,-23_to_-2,group_event__education__high_school__admissoes,education,education,high_school,Secondary,admissoes,ppml,-23_to_41,-1,2022-11,frozen,False,"admissoes ~ i(event_time, treatment, ref=-1) | cbo_4d + periodo",22049,341
49.0,"C(event_time, contr.treatment(base=-1))[27]:treatment",27,-0.16017363807224202,0.06136631466705964,-0.28087907624968733,-0.039468199894796746,0.009451326543214345,False,True,-0.09707396378930827,-23_to_-2,group_event__education__high_school__admissoes,education,education,high_school,Secondary,admissoes,ppml,-23_to_41,-1,2022-11,frozen,False,"admissoes ~ i(event_time, treatment, ref=-1) | cbo_4d + periodo",22049,341
50.0,"C(event_time, contr.treatment(base=-1))[28]:treatment",28,-0.17129882687580128,0.05643776071941463,-0.28230996831961847,-0.06028768543198408,0.0025892896341466187,False,True,-0.09707396378930827,-23_to_-2,group_event__education__high_school__admissoes,education,education,high_school,Secondary,admissoes,ppml,-23_to_41,-1,2022-11,frozen,False,"admissoes ~ i(event_time, treatment, ref=-1) | cbo_4d + periodo",22049,341
51.0,"C(event_time, contr.treatment(base=-1))[29]:treatment",29,-0.19087722182141972,0.046706279071491975,-0.28274687232185464,-0.09900757132098482,5.462411385925847e-05,False,True,-0.09707396378930827,-23_to_-2,group_event__education__high_school__admissoes,education,education,high_school,Secondary,admissoes,ppml,-23_to_41,-1,2022-11,frozen,False,"admissoes ~ i(event_time, treatment, ref=-1) | cbo_4d + periodo",22049,341
52.0,"C(event_time, contr.treatment(base=-1))[30]:treatment",30,-0.16068833642270225,0.05618969389439244,-0.2712115389219365,-0.050165133923468,0.004501661750422548,False,True,-0.09707396378930827,-23_to_-2,group_event__education__high_school__admissoes,education,education,high_school,Secondary,admissoes,ppml,-23_to_41,-1,2022-11,frozen,False,"admissoes ~ i(event_time, treatment, ref=-1) | cbo_4d + periodo",22049,341
53.0,"C(event_time, contr.treatment(base=-1))[31]:treatment",31,-0.17715667432934384,0.0574567555026023,-0.2901721435949069,-0.06414120506378078,0.0022146539562026835,False,True,-0.09707396378930827,-23_to_-2,group_event__education__high_school__admissoes,education,education,high_school,Secondary,admissoes,ppml,-23_to_41,-1,2022-11,frozen,False,"admissoes ~ i(event_time, treatment, ref=-1) | cbo_4d + periodo",22049,341
54.0,"C(event_time, contr.treatment(base=-1))[32]:treatment",32,-0.16950563779398406,0.06375378460205954,-0.29490714752474245,-0.044104128063225695,0.008213932960749126,False,True,-0.09707396378930827,-23_to_-2,group_event__education__high_school__admissoes,education,education,high_school,Secondary,admissoes,ppml,-23_to_41,-1,2022-11,frozen,False,"admissoes ~ i(event_time, treatment, ref=-1) | cbo_4d + periodo",22049,341
55.0,"C(event_time, contr.treatment(base=-1))[33]:treatment",33,-0.1867638868867908,0.058811004552945086,-0.30244311762980103,-0.07108465614378055,0.0016317371740324216,False,True,-0.09707396378930827,-23_to_-2,group_event__education__high_school__admissoes,education,education,high_school,Secondary,admissoes,ppml,-23_to_41,-1,2022-11,frozen,False,"admissoes ~ i(event_time, treatment, ref=-1) | cbo_4d + periodo",22049,341
56.0,"C(event_time, contr.treatment(base=-1))[34]:treatment",34,-0.18373657870369606,0.03225460599966767,-0.2471802834715921,-0.1202928739358,2.650663089021066e-08,False,True,-0.09707396378930827,-23_to_-2,group_event__education__high_school__admissoes,education,education,high_school,Secondary,admissoes,ppml,-23_to_41,-1,2022-11,frozen,False,"admissoes ~ i(event_time, treatment, ref=-1) | cbo_4d + periodo",22049,341
57.0,"C(event_time, contr.treatment(base=-1))[35]:treatment",35,-0.07894630670978126,0.023601426360035184,-0.1253695036356014,-0.03252310978396112,0.0009147655593455539,False,True,-0.09707396378930827,-23_to_-2,group_event__education__high_school__admissoes,education,education,high_school,Secondary,admissoes,ppml,-23_to_41,-1,2022-11,frozen,False,"admissoes ~ i(event_time, treatment, ref=-1) | cbo_4d + periodo",22049,341
58.0,"C(event_time, contr.treatment(base=-1))[36]:treatment",36,0.01409389552095364,0.06199137937979809,-0.10784102352803651,0.13602881456994378,0.8202862933822148,False,True,-0.09707396378930827,-23_to_-2,group_event__education__high_school__admissoes,education,education,high_school,Secondary,admissoes,ppml,-23_to_41,-1,2022-11,frozen,False,"admissoes ~ i(event_time, treatment, ref=-1) | cbo_4d + periodo",22049,341
59.0,"C(event_time, contr.treatment(base=-1))[37]:treatment",37,-0.20861501982458913,0.062122513345088566,-0.3308078748898809,-0.08642216475929736,0.0008736979154841951,False,True,-0.09707396378930827,-23_to_-2,group_event__education__high_school__admissoes,education,education,high_school,Secondary,admissoes,ppml,-23_to_41,-1,2022-11,frozen,False,"admissoes ~ i(event_time, treatment, ref=-1) | cbo_4d + periodo",22049,341
60.0,"C(event_time, contr.treatment(base=-1))[38]:treatment",38,-0.19630979912252566,0.07430400577404575,-0.3424632323856439,-0.050156365859407415,0.008623210221903488,False,True,-0.09707396378930827,-23_to_-2,group_event__education__high_school__admissoes,education,education,high_school,Secondary,admissoes,ppml,-23_to_41,-1,2022-11,frozen,False,"admissoes ~ i(event_time, treatment, ref=-1) | cbo_4d + periodo",22049,341
61.0,"C(event_time, contr.treatment(base=-1))[39]:treatment",39,-0.16627961408999817,0.06972881344805207,-0.30343380082101873,-0.029125427358977607,0.01764251427097041,False,True,-0.09707396378930827,-23_to_-2,group_event__education__high_school__admissoes,education,education,high_school,Secondary,admissoes,ppml,-23_to_41,-1,2022-11,frozen,False,"admissoes ~ i(event_time, treatment, ref=-1) | cbo_4d + periodo",22049,341
62.0,"C(event_time, contr.treatment(base=-1))[40]:treatment",40,-0.18023486442015946,0.05391935566969411,-0.28629238942661905,-0.07417733941369987,0.0009221530107377252,False,True,-0.09707396378930827,-23_to_-2,group_event__education__high_school__admissoes,education,education,high_school,Secondary,admissoes,ppml,-23_to_41,-1,2022-11,frozen,False,"admissoes ~ i(event_time, treatment, ref=-1) | cbo_4d + periodo",22049,341
63.0,"C(event_time, contr.treatment(base=-1))[41]:treatment",41,-0.20358172991899887,0.051566574014522984,-0.30501141402994303,-0.10215204580805469,9.582547836406441e-05,False,True,-0.09707396378930827,-23_to_-2,group_event__education__high_school__admissoes,education,education,high_school,Secondary,admissoes,ppml,-23_to_41,-1,2022-11,frozen,False,"admissoes ~ i(event_time, treatment, ref=-1) | cbo_4d + periodo",22049,341
0.0,"C(event_time, contr.treatment(base=-1))[-23]:treatment",-23,0.020098114524252416,0.025152486306695237,-0.029375964168166357,0.06957219321667119,0.4248187837841102,False,False,0.04545113283497805,-23_to_-2,group_event__education__high_school__ln_salario_real_adm,education,education,high_school,Secondary,ln_salario_real_adm,ols,-23_to_41,-1,2022-11,frozen,False,"ln_salario_real_adm ~ i(event_time, treatment, ref=-1) | cbo_4d + periodo",21871,341
1.0,"C(event_time, contr.treatment(base=-1))[-22]:treatment",-22,0.0568123082588395,0.03263528001807573,-0.007380169259123284,0.12100478577680228,0.08261889263853583,False,False,0.04545113283497805,-23_to_-2,group_event__education__high_school__ln_salario_real_adm,education,education,high_school,Secondary,ln_salario_real_adm,ols,-23_to_41,-1,2022-11,frozen,False,"ln_salario_real_adm ~ i(event_time, treatment, ref=-1) | cbo_4d + periodo",21871,341
2.0,"C(event_time, contr.treatment(base=-1))[-21]:treatment",-21,0.09265979970840549,0.04217034028260449,0.009712185377638599,0.17560741403917238,0.028675007826486132,False,False,0.04545113283497805,-23_to_-2,group_event__education__high_school__ln_salario_real_adm,education,education,high_school,Secondary,ln_salario_real_adm,ols,-23_to_41,-1,2022-11,frozen,False,"ln_salario_real_adm ~ i(event_time, treatment, ref=-1) | cbo_4d + periodo",21871,341
3.0,"C(event_time, contr.treatment(base=-1))[-20]:treatment",-20,0.07616617419093823,0.04154566503601331,-0.005552725334850059,0.1578850737167265,0.06763027045037107,False,False,0.04545113283497805,-23_to_-2,group_event__education__high_school__ln_salario_real_adm,education,education,high_school,Secondary,ln_salario_real_adm,ols,-23_to_41,-1,2022-11,frozen,False,"ln_salario_real_adm ~ i(event_time, treatment, ref=-1) | cbo_4d + periodo",21871,341
4.0,"C(event_time, contr.treatment(base=-1))[-19]:treatment",-19,0.0513577294325312,0.02460897159905349,0.00295272554601729,0.09976273331904512,0.03763697071308325,False,False,0.04545113283497805,-23_to_-2,group_event__education__high_school__ln_salario_real_adm,education,education,high_school,Secondary,ln_salario_real_adm,ols,-23_to_41,-1,2022-11,frozen,False,"ln_salario_real_adm ~ i(event_time, treatment, ref=-1) | cbo_4d + periodo",21871,341
5.0,"C(event_time, contr.treatment(base=-1))[-18]:treatment",-18,0.025789656616076035,0.020914849589659074,-0.015349135860414111,0.06692844909256618,0.21839823573605122,False,False,0.04545113283497805,-23_to_-2,group_event__education__high_school__ln_salario_real_adm,education,education,high_school,Secondary,ln_salario_real_adm,ols,-23_to_41,-1,2022-11,frozen,False,"ln_salario_real_adm ~ i(event_time, treatment, ref=-1) | cbo_4d + periodo",21871,341
6.0,"C(event_time, contr.treatment(base=-1))[-17]:treatment",-17,0.021361217302381223,0.02158052142765834,-0.021086928869601698,0.06380936347436414,0.3229572683088864,False,False,0.04545113283497805,-23_to_-2,group_event__education__high_school__ln_salario_real_adm,education,education,high_school,Secondary,ln_salario_real_adm,ols,-23_to_41,-1,2022-11,frozen,False,"ln_salario_real_adm ~ i(event_time, treatment, ref=-1) | cbo_4d + periodo",21871,341
7.0,"C(event_time, contr.treatment(base=-1))[-16]:treatment",-16,0.0860980631196117,0.04660709122568145,-0.005576488286875764,0.17777261452609916,0.06556982198373618,False,False,0.04545113283497805,-23_to_-2,group_event__education__high_school__ln_salario_real_adm,education,education,high_school,Secondary,ln_salario_real_adm,ols,-23_to_41,-1,2022-11,frozen,False,"ln_salario_real_adm ~ i(event_time, treatment, ref=-1) | cbo_4d + periodo",21871,341
8.0,"C(event_time, contr.treatment(base=-1))[-15]:treatment",-15,0.03808516219034839,0.02280793228442461,-0.006777259078542916,0.0829475834592397,0.09587515220683729,False,False,0.04545113283497805,-23_to_-2,group_event__education__high_school__ln_salario_real_adm,education,education,high_school,Secondary,ln_salario_real_adm,ols,-23_to_41,-1,2022-11,frozen,False,"ln_salario_real_adm ~ i(event_time, treatment, ref=-1) | cbo_4d + periodo",21871,341
9.0,"C(event_time, contr.treatment(base=-1))[-14]:treatment",-14,0.046517301820057484,0.026004901085624893,-0.004633447533747191,0.09766805117386215,0.07453881427762443,False,False,0.04545113283497805,-23_to_-2,group_event__education__high_school__ln_salario_real_adm,education,education,high_school,Secondary,ln_salario_real_adm,ols,-23_to_41,-1,2022-11,frozen,False,"ln_salario_real_adm ~ i(event_time, treatment, ref=-1) | cbo_4d + periodo",21871,341
10.0,"C(event_time, contr.treatment(base=-1))[-13]:treatment",-13,0.05578224714596574,0.022107915599702797,0.012296734709213004,0.09926775958271847,0.012085310160353968,False,False,0.04545113283497805,-23_to_-2,group_event__education__high_school__ln_salario_real_adm,education,education,high_school,Secondary,ln_salario_real_adm,ols,-23_to_41,-1,2022-11,frozen,False,"ln_salario_real_adm ~ i(event_time, treatment, ref=-1) | cbo_4d + periodo",21871,341
11.0,"C(event_time, contr.treatment(base=-1))[-12]:treatment",-12,0.0834870966262334,0.0406997860182974,0.003432012143477395,0.16354218110898938,0.041004470475022536,False,False,0.04545113283497805,-23_to_-2,group_event__education__high_school__ln_salario_real_adm,education,education,high_school,Secondary,ln_salario_real_adm,ols,-23_to_41,-1,2022-11,frozen,False,"ln_salario_real_adm ~ i(event_time, treatment, ref=-1) | cbo_4d + periodo",21871,341
12.0,"C(event_time, contr.treatment(base=-1))[-11]:treatment",-11,0.04867139197946078,0.028074978576219402,-0.0065511288652527686,0.10389391282417432,0.08389175869146737,False,False,0.04545113283497805,-23_to_-2,group_event__education__high_school__ln_salario_real_adm,education,education,high_school,Secondary,ln_salario_real_adm,ols,-23_to_41,-1,2022-11,frozen,False,"ln_salario_real_adm ~ i(event_time, treatment, ref=-1) | cbo_4d + periodo",21871,341
13.0,"C(event_time, contr.treatment(base=-1))[-10]:treatment",-10,0.056755459721070635,0.032112303115448965,-0.0064083401497051565,0.11991925959184643,0.07805731325734899,False,False,0.04545113283497805,-23_to_-2,group_event__education__high_school__ln_salario_real_adm,education,education,high_school,Secondary,ln_salario_real_adm,ols,-23_to_41,-1,2022-11,frozen,False,"ln_salario_real_adm ~ i(event_time, treatment, ref=-1) | cbo_4d + periodo",21871,341
14.0,"C(event_time, contr.treatment(base=-1))[-9]:treatment",-9,0.03381771348228432,0.02639864676507489,-0.018107520130944188,0.08574294709551283,0.20105281072078052,False,False,0.04545113283497805,-23_to_-2,group_event__education__high_school__ln_salario_real_adm,education,education,high_school,Secondary,ln_salario_real_adm,ols,-23_to_41,-1,2022-11,frozen,False,"ln_salario_real_adm ~ i(event_time, treatment, ref=-1) | cbo_4d + periodo",21871,341
15.0,"C(event_time, contr.treatment(base=-1))[-8]:treatment",-8,0.038931723961890624,0.029071673442393583,-0.018251261531930213,0.09611470945571146,0.18141201497123305,False,False,0.04545113283497805,-23_to_-2,group_event__education__high_school__ln_salario_real_adm,education,education,high_school,Secondary,ln_salario_real_adm,ols,-23_to_41,-1,2022-11,frozen,False,"ln_salario_real_adm ~ i(event_time, treatment, ref=-1) | cbo_4d + periodo",21871,341
16.0,"C(event_time, contr.treatment(base=-1))[-7]:treatment",-7,0.06007339042012627,0.028876046124866935,0.003275197156532149,0.11687158368372039,0.03823836876573816,False,False,0.04545113283497805,-23_to_-2,group_event__education__high_school__ln_salario_real_adm,education,education,high_school,Secondary,ln_salario_real_adm,ols,-23_to_41,-1,2022-11,frozen,False,"ln_salario_real_adm ~ i(event_time, treatment, ref=-1) | cbo_4d + periodo",21871,341
17.0,"C(event_time, contr.treatment(base=-1))[-6]:treatment",-6,0.010316363847176751,0.025251272195496208,-0.03935202330352508,0.05998475099787859,0.6831283822151182,False,False,0.04545113283497805,-23_to_-2,group_event__education__high_school__ln_salario_real_adm,education,education,high_school,Secondary,ln_salario_real_adm,ols,-23_to_41,-1,2022-11,frozen,False,"ln_salario_real_adm ~ i(event_time, treatment, ref=-1) | cbo_4d + periodo",21871,341
18.0,"C(event_time, contr.treatment(base=-1))[-5]:treatment",-5,0.03158826723925712,0.018892356798932964,-0.005572351220432217,0.06874888569894645,0.09544171759495601,False,False,0.04545113283497805,-23_to_-2,group_event__education__high_school__ln_salario_real_adm,education,education,high_school,Secondary,ln_salario_real_adm,ols,-23_to_41,-1,2022-11,frozen,False,"ln_salario_real_adm ~ i(event_time, treatment, ref=-1) | cbo_4d + periodo",21871,341
19.0,"C(event_time, contr.treatment(base=-1))[-4]:treatment",-4,0.028465912401727043,0.027723255198694764,-0.026064780611517402,0.08299660541497149,0.30525012051109135,False,False,0.04545113283497805,-23_to_-2,group_event__education__high_school__ln_salario_real_adm,education,education,high_school,Secondary,ln_salario_real_adm,ols,-23_to_41,-1,2022-11,frozen,False,"ln_salario_real_adm ~ i(event_time, treatment, ref=-1) | cbo_4d + periodo",21871,341
20.0,"C(event_time, contr.treatment(base=-1))[-3]:treatment",-3,0.026881804417573298,0.020504357727578502,-0.01344956463208187,0.06721317346722847,0.19073277626635843,False,False,0.04545113283497805,-23_to_-2,group_event__education__high_school__ln_salario_real_adm,education,education,high_school,Secondary,ln_salario_real_adm,ols,-23_to_41,-1,2022-11,frozen,False,"ln_salario_real_adm ~ i(event_time, treatment, ref=-1) | cbo_4d + periodo",21871,341
21.0,"C(event_time, contr.treatment(base=-1))[-2]:treatment",-2,0.010208023963309623,0.026348375012559006,-0.041618326835327527,0.06203437476194677,0.6986838741622683,False,False,0.04545113283497805,-23_to_-2,group_event__education__high_school__ln_salario_real_adm,education,education,high_school,Secondary,ln_salario_real_adm,ols,-23_to_41,-1,2022-11,frozen,False,"ln_salario_real_adm ~ i(event_time, treatment, ref=-1) | cbo_4d + periodo",21871,341
,reference_event_time,-1,0.0,0.0,0.0,0.0,,True,False,0.04545113283497805,-23_to_-2,group_event__education__high_school__ln_salario_real_adm,education,education,high_school,Secondary,ln_salario_real_adm,ols,-23_to_41,-1,2022-11,frozen,False,"ln_salario_real_adm ~ i(event_time, treatment, ref=-1) | cbo_4d + periodo",21871,341
22.0,"C(event_time, contr.treatment(base=-1))[0]:treatment",0,0.044256883211007014,0.02546015336840612,-0.005822366049304986,0.09433613247131901,0.08306673598692749,False,False,0.04545113283497805,-23_to_-2,group_event__education__high_school__ln_salario_real_adm,education,education,high_school,Secondary,ln_salario_real_adm,ols,-23_to_41,-1,2022-11,frozen,False,"ln_salario_real_adm ~ i(event_time, treatment, ref=-1) | cbo_4d + periodo",21871,341
23.0,"C(event_time, contr.treatment(base=-1))[1]:treatment",1,0.011411271921802139,0.026748813014652158,-0.04120272670557941,0.06402527054918368,0.6699344658697015,False,False,0.04545113283497805,-23_to_-2,group_event__education__high_school__ln_salario_real_adm,education,education,high_school,Secondary,ln_salario_real_adm,ols,-23_to_41,-1,2022-11,frozen,False,"ln_salario_real_adm ~ i(event_time, treatment, ref=-1) | cbo_4d + periodo",21871,341
24.0,"C(event_time, contr.treatment(base=-1))[2]:treatment",2,-0.01927720055950546,0.02473772705904414,-0.06793546202389789,0.02938106090488696,0.4363667367724533,False,False,0.04545113283497805,-23_to_-2,group_event__education__high_school__ln_salario_real_adm,education,education,high_school,Secondary,ln_salario_real_adm,ols,-23_to_41,-1,2022-11,frozen,False,"ln_salario_real_adm ~ i(event_time, treatment, ref=-1) | cbo_4d + periodo",21871,341
25.0,"C(event_time, contr.treatment(base=-1))[3]:treatment",3,-0.01322331229474496,0.02754235443197869,-0.06739817969858841,0.040951555109098495,0.6314591315551019,False,False,0.04545113283497805,-23_to_-2,group_event__education__high_school__ln_salario_real_adm,education,education,high_school,Secondary,ln_salario_real_adm,ols,-23_to_41,-1,2022-11,frozen,False,"ln_salario_real_adm ~ i(event_time, treatment, ref=-1) | cbo_4d + periodo",21871,341
26.0,"C(event_time, contr.treatment(base=-1))[4]:treatment",4,0.0005299119351019362,0.028107629835095887,-0.05475683281699654,0.05581665668720041,0.9849694663134827,False,False,0.04545113283497805,-23_to_-2,group_event__education__high_school__ln_salario_real_adm,education,education,high_school,Secondary,ln_salario_real_adm,ols,-23_to_41,-1,2022-11,frozen,False,"ln_salario_real_adm ~ i(event_time, treatment, ref=-1) | cbo_4d + periodo",21871,341
27.0,"C(event_time, contr.treatment(base=-1))[5]:treatment",5,-0.010362540280307227,0.02383334318913023,-0.057241909662115946,0.036516829101501495,0.6639894461307545,False,False,0.04545113283497805,-23_to_-2,group_event__education__high_school__ln_salario_real_adm,education,education,high_school,Secondary,ln_salario_real_adm,ols,-23_to_41,-1,2022-11,frozen,False,"ln_salario_real_adm ~ i(event_time, treatment, ref=-1) | cbo_4d + periodo",21871,341
28.0,"C(event_time, contr.treatment(base=-1))[6]:treatment",6,0.04168184920253554,0.03487687194710952,-0.02691976282964774,0.11028346123471881,0.2328753143233202,False,False,0.04545113283497805,-23_to_-2,group_event__education__high_school__ln_salario_real_adm,education,education,high_school,Secondary,ln_salario_real_adm,ols,-23_to_41,-1,2022-11,frozen,False,"ln_salario_real_adm ~ i(event_time, treatment, ref=-1) | cbo_4d + periodo",21871,341
29.0,"C(event_time, contr.treatment(base=-1))[7]:treatment",7,-0.0018807940214422792,0.029979656105905767,-0.06084975030153868,0.057088162258654124,0.9500138515425653,False,False,0.04545113283497805,-23_to_-2,group_event__education__high_school__ln_salario_real_adm,education,education,high_school,Secondary,ln_salario_real_adm,ols,-23_to_41,-1,2022-11,frozen,False,"ln_salario_real_adm ~ i(event_time, treatment, ref=-1) | cbo_4d + periodo",21871,341
30.0,"C(event_time, contr.treatment(base=-1))[8]:treatment",8,0.0353507278007537,0.025910976981349806,-0.015615276058336854,0.08631673165984424,0.17337088694763403,False,False,0.04545113283497805,-23_to_-2,group_event__education__high_school__ln_salario_real_adm,education,education,high_school,Secondary,ln_salario_real_adm,ols,-23_to_41,-1,2022-11,frozen,False,"ln_salario_real_adm ~ i(event_time, treatment, ref=-1) | cbo_4d + periodo",21871,341
31.0,"C(event_time, contr.treatment(base=-1))[9]:treatment",9,-0.0072802324906059805,0.02329719766636546,-0.053105022000651037,0.03854455701943907,0.7548567583754835,False,False,0.04545113283497805,-23_to_-2,group_event__education__high_school__ln_salario_real_adm,education,education,high_school,Secondary,ln_salario_real_adm,ols,-23_to_41,-1,2022-11,frozen,False,"ln_salario_real_adm ~ i(event_time, treatment, ref=-1) | cbo_4d + periodo",21871,341
32.0,"C(event_time, contr.treatment(base=-1))[10]:treatment",10,-0.021947837377608706,0.022998225388526118,-0.06718455866170116,0.023288883906483746,0.3405959209630596,False,False,0.04545113283497805,-23_to_-2,group_event__education__high_school__ln_salario_real_adm,education,education,high_school,Secondary,ln_salario_real_adm,ols,-23_to_41,-1,2022-11,frozen,False,"ln_salario_real_adm ~ i(event_time, treatment, ref=-1) | cbo_4d + periodo",21871,341
33.0,"C(event_time, contr.treatment(base=-1))[11]:treatment",11,-0.03159550075650641,0.022306103484041936,-0.07547084197066588,0.012279840457653055,0.15755904733509807,False,False,0.04545113283497805,-23_to_-2,group_event__education__high_school__ln_salario_real_adm,education,education,high_school,Secondary,ln_salario_real_adm,ols,-23_to_41,-1,2022-11,frozen,False,"ln_salario_real_adm ~ i(event_time, treatment, ref=-1) | cbo_4d + periodo",21871,341
34.0,"C(event_time, contr.treatment(base=-1))[12]:treatment",12,-0.0063362832739193905,0.022786669558295142,-0.05115688148910071,0.03848431494126193,0.78112784509046,False,False,0.04545113283497805,-23_to_-2,group_event__education__high_school__ln_salario_real_adm,education,education,high_school,Secondary,ln_salario_real_adm,ols,-23_to_41,-1,2022-11,frozen,False,"ln_salario_real_adm ~ i(event_time, treatment, ref=-1) | cbo_4d + periodo",21871,341
35.0,"C(event_time, contr.treatment(base=-1))[13]:treatment",13,0.019283229142547962,0.029917749207026157,-0.039563958388748516,0.07813041667384445,0.5196590076791492,False,False,0.04545113283497805,-23_to_-2,group_event__education__high_school__ln_salario_real_adm,education,education,high_school,Secondary,ln_salario_real_adm,ols,-23_to_41,-1,2022-11,frozen,False,"ln_salario_real_adm ~ i(event_time, treatment, ref=-1) | cbo_4d + periodo",21871,341
36.0,"C(event_time, contr.treatment(base=-1))[14]:treatment",14,-0.01905803654283715,0.02796257964948861,-0.07405947255012282,0.03594339946444852,0.4959843350500781,False,False,0.04545113283497805,-23_to_-2,group_event__education__high_school__ln_salario_real_adm,education,education,high_school,Secondary,ln_salario_real_adm,ols,-23_to_41,-1,2022-11,frozen,False,"ln_salario_real_adm ~ i(event_time, treatment, ref=-1) | cbo_4d + periodo",21871,341
37.0,"C(event_time, contr.treatment(base=-1))[15]:treatment",15,-0.032362447166557645,0.02677124210819957,-0.08502056305239364,0.02029566871927834,0.2275600259276347,False,False,0.04545113283497805,-23_to_-2,group_event__education__high_school__ln_salario_real_adm,education,education,high_school,Secondary,ln_salario_real_adm,ols,-23_to_41,-1,2022-11,frozen,False,"ln_salario_real_adm ~ i(event_time, treatment, ref=-1) | cbo_4d + periodo",21871,341
38.0,"C(event_time, contr.treatment(base=-1))[16]:treatment",16,-0.008372193072681717,0.031019453185591607,-0.06938639457892624,0.05264200843356281,0.7873998697062095,False,False,0.04545113283497805,-23_to_-2,group_event__education__high_school__ln_salario_real_adm,education,education,high_school,Secondary,ln_salario_real_adm,ols,-23_to_41,-1,2022-11,frozen,False,"ln_salario_real_adm ~ i(event_time, treatment, ref=-1) | cbo_4d + periodo",21871,341
39.0,"C(event_time, contr.treatment(base=-1))[17]:treatment",17,0.001624726769800831,0.0296666232211222,-0.05672850455228318,0.059977958091884845,0.9563569338009679,False,False,0.04545113283497805,-23_to_-2,group_event__education__high_school__ln_salario_real_adm,education,education,high_school,Secondary,ln_salario_real_adm,ols,-23_to_41,-1,2022-11,frozen,False,"ln_salario_real_adm ~ i(event_time, treatment, ref=-1) | cbo_4d + periodo",21871,341
40.0,"C(event_time, contr.treatment(base=-1))[18]:treatment",18,0.056147049407505124,0.038379587321637466,-0.019344283742642236,0.13163838255765248,0.14440746525459414,False,False,0.04545113283497805,-23_to_-2,group_event__education__high_school__ln_salario_real_adm,education,education,high_school,Secondary,ln_salario_real_adm,ols,-23_to_41,-1,2022-11,frozen,False,"ln_salario_real_adm ~ i(event_time, treatment, ref=-1) | cbo_4d + periodo",21871,341
41.0,"C(event_time, contr.treatment(base=-1))[19]:treatment",19,-0.0123714848763977,0.023769591779930533,-0.05912545742081072,0.03438248766801532,0.6030711091282319,False,False,0.04545113283497805,-23_to_-2,group_event__education__high_school__ln_salario_real_adm,education,education,high_school,Secondary,ln_salario_real_adm,ols,-23_to_41,-1,2022-11,frozen,False,"ln_salario_real_adm ~ i(event_time, treatment, ref=-1) | cbo_4d + periodo",21871,341
42.0,"C(event_time, contr.treatment(base=-1))[20]:treatment",20,-0.007389592388166805,0.02717936109694798,-0.06085046434030207,0.04607127956396846,0.7858773935455758,False,False,0.04545113283497805,-23_to_-2,group_event__education__high_school__ln_salario_real_adm,education,education,high_school,Secondary,ln_salario_real_adm,ols,-23_to_41,-1,2022-11,frozen,False,"ln_salario_real_adm ~ i(event_time, treatment, ref=-1) | cbo_4d + periodo",21871,341
43.0,"C(event_time, contr.treatment(base=-1))[21]:treatment",21,0.009248953670996941,0.027438050034807017,-0.04472075055769499,0.06321865789968888,0.736260848397726,False,False,0.04545113283497805,-23_to_-2,group_event__education__high_school__ln_salario_real_adm,education,education,high_school,Secondary,ln_salario_real_adm,ols,-23_to_41,-1,2022-11,frozen,False,"ln_salario_real_adm ~ i(event_time, treatment, ref=-1) | cbo_4d + periodo",21871,341
44.0,"C(event_time, contr.treatment(base=-1))[22]:treatment",22,0.013029689777408496,0.02409079287904498,-0.034356074322714446,0.06041545387753144,0.5889598562557894,False,False,0.04545113283497805,-23_to_-2,group_event__education__high_school__ln_salario_real_adm,education,education,high_school,Secondary,ln_salario_real_adm,ols,-23_to_41,-1,2022-11,frozen,False,"ln_salario_real_adm ~ i(event_time, treatment, ref=-1) | cbo_4d + periodo",21871,341
45.0,"C(event_time, contr.treatment(base=-1))[23]:treatment",23,-0.014124627250586363,0.020981646693020144,-0.055394807340524155,0.027145552839351425,0.501283964657923,False,False,0.04545113283497805,-23_to_-2,group_event__education__high_school__ln_salario_real_adm,education,education,high_school,Secondary,ln_salario_real_adm,ols,-23_to_41,-1,2022-11,frozen,False,"ln_salario_real_adm ~ i(event_time, treatment, ref=-1) | cbo_4d + periodo",21871,341
46.0,"C(event_time, contr.treatment(base=-1))[24]:treatment",24,-0.023104393678587617,0.02580406628575435,-0.07386010786283426,0.02765132050565903,0.3712184928466369,False,True,0.04545113283497805,-23_to_-2,group_event__education__high_school__ln_salario_real_adm,education,education,high_school,Secondary,ln_salario_real_adm,ols,-23_to_41,-1,2022-11,frozen,False,"ln_salario_real_adm ~ i(event_time, treatment, ref=-1) | cbo_4d + periodo",21871,341
47.0,"C(event_time, contr.treatment(base=-1))[25]:treatment",25,0.027136879143388304,0.02818476811560066,-0.02830159396324962,0.08257535225002623,0.3363217542436465,False,True,0.04545113283497805,-23_to_-2,group_event__education__high_school__ln_salario_real_adm,education,education,high_school,Secondary,ln_salario_real_adm,ols,-23_to_41,-1,2022-11,frozen,False,"ln_salario_real_adm ~ i(event_time, treatment, ref=-1) | cbo_4d + periodo",21871,341
48.0,"C(event_time, contr.treatment(base=-1))[26]:treatment",26,0.010763749665172767,0.031660812627049874,-0.05151198388565479,0.07303948321600032,0.7340884963661336,False,True,0.04545113283497805,-23_to_-2,group_event__education__high_school__ln_salario_real_adm,education,education,high_school,Secondary,ln_salario_real_adm,ols,-23_to_41,-1,2022-11,frozen,False,"ln_salario_real_adm ~ i(event_time, treatment, ref=-1) | cbo_4d + periodo",21871,341
49.0,"C(event_time, contr.treatment(base=-1))[27]:treatment",27,0.004498393287687359,0.032066316660915174,-0.05857495280278822,0.06757173937816294,0.8885186218948891,False,True,0.04545113283497805,-23_to_-2,group_event__education__high_school__ln_salario_real_adm,education,education,high_school,Secondary,ln_salario_real_adm,ols,-23_to_41,-1,2022-11,frozen,False,"ln_salario_real_adm ~ i(event_time, treatment, ref=-1) | cbo_4d + periodo",21871,341
50.0,"C(event_time, contr.treatment(base=-1))[28]:treatment",28,-0.00018393106816262203,0.02141418065943767,-0.0423048906488734,0.04193702851254816,0.9931519171981882,False,True,0.04545113283497805,-23_to_-2,group_event__education__high_school__ln_salario_real_adm,education,education,high_school,Secondary,ln_salario_real_adm,ols,-23_to_41,-1,2022-11,frozen,False,"ln_salario_real_adm ~ i(event_time, treatment, ref=-1) | cbo_4d + periodo",21871,341
51.0,"C(event_time, contr.treatment(base=-1))[29]:treatment",29,0.006616728109782981,0.022846333668303565,-0.038321227365339834,0.0515546835849058,0.7722844026446953,False,True,0.04545113283497805,-23_to_-2,group_event__education__high_school__ln_salario_real_adm,education,education,high_school,Secondary,ln_salario_real_adm,ols,-23_to_41,-1,2022-11,frozen,False,"ln_salario_real_adm ~ i(event_time, treatment, ref=-1) | cbo_4d + periodo",21871,341
52.0,"C(event_time, contr.treatment(base=-1))[30]:treatment",30,0.030012396896260753,0.02275133391772533,-0.014738697324727646,0.07476349111724916,0.1880070447981237,False,True,0.04545113283497805,-23_to_-2,group_event__education__high_school__ln_salario_real_adm,education,education,high_school,Secondary,ln_salario_real_adm,ols,-23_to_41,-1,2022-11,frozen,False,"ln_salario_real_adm ~ i(event_time, treatment, ref=-1) | cbo_4d + periodo",21871,341
53.0,"C(event_time, contr.treatment(base=-1))[31]:treatment",31,-0.04248039015980493,0.025712552924616088,-0.09305610069848128,0.00809532037887141,0.0994319243759827,False,True,0.04545113283497805,-23_to_-2,group_event__education__high_school__ln_salario_real_adm,education,education,high_school,Secondary,ln_salario_real_adm,ols,-23_to_41,-1,2022-11,frozen,False,"ln_salario_real_adm ~ i(event_time, treatment, ref=-1) | cbo_4d + periodo",21871,341
54.0,"C(event_time, contr.treatment(base=-1))[32]:treatment",32,-0.013362529924947015,0.030727532976241683,-0.07380253438231207,0.04707747453241805,0.6639315532841721,False,True,0.04545113283497805,-23_to_-2,group_event__education__high_school__ln_salario_real_adm,education,education,high_school,Secondary,ln_salario_real_adm,ols,-23_to_41,-1,2022-11,frozen,False,"ln_salario_real_adm ~ i(event_time, treatment, ref=-1) | cbo_4d + periodo",21871,341
55.0,"C(event_time, contr.treatment(base=-1))[33]:treatment",33,0.028946471826897056,0.031237892170316448,-0.032497391677290474,0.09039033533108459,0.3547675866462425,False,True,0.04545113283497805,-23_to_-2,group_event__education__high_school__ln_salario_real_adm,education,education,high_school,Secondary,ln_salario_real_adm,ols,-23_to_41,-1,2022-11,frozen,False,"ln_salario_real_adm ~ i(event_time, treatment, ref=-1) | cbo_4d + periodo",21871,341
56.0,"C(event_time, contr.treatment(base=-1))[34]:treatment",34,-0.008046425271484834,0.025822957957082757,-0.058839298725894135,0.04274644818292446,0.7555357613100679,False,True,0.04545113283497805,-23_to_-2,group_event__education__high_school__ln_salario_real_adm,education,education,high_school,Secondary,ln_salario_real_adm,ols,-23_to_41,-1,2022-11,frozen,False,"ln_salario_real_adm ~ i(event_time, treatment, ref=-1) | cbo_4d + periodo",21871,341
57.0,"C(event_time, contr.treatment(base=-1))[35]:treatment",35,0.021158928442122974,0.024470291914526182,-0.02697329725691142,0.06929115414115737,0.3878250680829032,False,True,0.04545113283497805,-23_to_-2,group_event__education__high_school__ln_salario_real_adm,education,education,high_school,Secondary,ln_salario_real_adm,ols,-23_to_41,-1,2022-11,frozen,False,"ln_salario_real_adm ~ i(event_time, treatment, ref=-1) | cbo_4d + periodo",21871,341
58.0,"C(event_time, contr.treatment(base=-1))[36]:treatment",36,0.02340223663095804,0.023387902612325807,-0.022600966399703434,0.06940543966161951,0.3177255904310683,False,True,0.04545113283497805,-23_to_-2,group_event__education__high_school__ln_salario_real_adm,education,education,high_school,Secondary,ln_salario_real_adm,ols,-23_to_41,-1,2022-11,frozen,False,"ln_salario_real_adm ~ i(event_time, treatment, ref=-1) | cbo_4d + periodo",21871,341
59.0,"C(event_time, contr.treatment(base=-1))[37]:treatment",37,-0.03248354548963252,0.025279929851769842,-0.0822083012682439,0.01724121028897886,0.19968305005495224,False,True,0.04545113283497805,-23_to_-2,group_event__education__high_school__ln_salario_real_adm,education,education,high_school,Secondary,ln_salario_real_adm,ols,-23_to_41,-1,2022-11,frozen,False,"ln_salario_real_adm ~ i(event_time, treatment, ref=-1) | cbo_4d + periodo",21871,341
60.0,"C(event_time, contr.treatment(base=-1))[38]:treatment",38,-0.05358920325741691,0.02589737634063189,-0.10452845512225366,-0.0026499513925801604,0.039273942797681816,False,True,0.04545113283497805,-23_to_-2,group_event__education__high_school__ln_salario_real_adm,education,education,high_school,Secondary,ln_salario_real_adm,ols,-23_to_41,-1,2022-11,frozen,False,"ln_salario_real_adm ~ i(event_time, treatment, ref=-1) | cbo_4d + periodo",21871,341
61.0,"C(event_time, contr.treatment(base=-1))[39]:treatment",39,0.013013674494027938,0.02265119574613973,-0.03154045137477724,0.05756780036283312,0.5659926256834016,False,True,0.04545113283497805,-23_to_-2,group_event__education__high_school__ln_salario_real_adm,education,education,high_school,Secondary,ln_salario_real_adm,ols,-23_to_41,-1,2022-11,frozen,False,"ln_salario_real_adm ~ i(event_time, treatment, ref=-1) | cbo_4d + periodo",21871,341
62.0,"C(event_time, contr.treatment(base=-1))[40]:treatment",40,-0.001094356763743157,0.029459303987005574,-0.05903979825630214,0.05685108472881582,0.9703887322268074,False,True,0.04545113283497805,-23_to_-2,group_event__education__high_school__ln_salario_real_adm,education,education,high_school,Secondary,ln_salario_real_adm,ols,-23_to_41,-1,2022-11,frozen,False,"ln_salario_real_adm ~ i(event_time, treatment, ref=-1) | cbo_4d + periodo",21871,341
63.0,"C(event_time, contr.treatment(base=-1))[41]:treatment",41,-0.018926044826820233,0.025386935538928745,-0.06886127712542585,0.031009187471785382,0.456482562827206,False,True,0.04545113283497805,-23_to_-2,group_event__education__high_school__ln_salario_real_adm,education,education,high_school,Secondary,ln_salario_real_adm,ols,-23_to_41,-1,2022-11,frozen,False,"ln_salario_real_adm ~ i(event_time, treatment, ref=-1) | cbo_4d + periodo",21871,341
0.0,"C(event_time, contr.treatment(base=-1))[-23]:treatment",-23,-0.03131816660534087,0.06554545604603801,-0.1602451912175111,0.09760885800682936,0.6330945553086029,False,False,-0.08237882789356404,-23_to_-2,group_event__education__higher_education__admissoes,education,education,higher_education,Higher education,admissoes,ppml,-23_to_41,-1,2022-11,frozen,False,"admissoes ~ i(event_time, treatment, ref=-1) | cbo_4d + periodo",22039,340
1.0,"C(event_time, contr.treatment(base=-1))[-22]:treatment",-22,-0.2963674147978041,0.17459878730534195,-0.6398008655065749,0.0470660359109667,0.09053511733163533,False,False,-0.08237882789356404,-23_to_-2,group_event__education__higher_education__admissoes,education,education,higher_education,Higher education,admissoes,ppml,-23_to_41,-1,2022-11,frozen,False,"admissoes ~ i(event_time, treatment, ref=-1) | cbo_4d + periodo",22039,340
2.0,"C(event_time, contr.treatment(base=-1))[-21]:treatment",-21,-0.2391139951960414,0.10458816832063315,-0.44483750624682994,-0.03339048414525289,0.022856388427679786,False,False,-0.08237882789356404,-23_to_-2,group_event__education__higher_education__admissoes,education,education,higher_education,Higher education,admissoes,ppml,-23_to_41,-1,2022-11,frozen,False,"admissoes ~ i(event_time, treatment, ref=-1) | cbo_4d + periodo",22039,340
3.0,"C(event_time, contr.treatment(base=-1))[-20]:treatment",-20,-0.13293479504583516,0.0923116769308742,-0.31451061374634337,0.048641023654673016,0.15077191522663003,False,False,-0.08237882789356404,-23_to_-2,group_event__education__higher_education__admissoes,education,education,higher_education,Higher education,admissoes,ppml,-23_to_41,-1,2022-11,frozen,False,"admissoes ~ i(event_time, treatment, ref=-1) | cbo_4d + periodo",22039,340
4.0,"C(event_time, contr.treatment(base=-1))[-19]:treatment",-19,-0.04434503138106425,0.05920470581799091,-0.16079988614309476,0.07210982338096628,0.4543694053365943,False,False,-0.08237882789356404,-23_to_-2,group_event__education__higher_education__admissoes,education,education,higher_education,Higher education,admissoes,ppml,-23_to_41,-1,2022-11,frozen,False,"admissoes ~ i(event_time, treatment, ref=-1) | cbo_4d + periodo",22039,340
5.0,"C(event_time, contr.treatment(base=-1))[-18]:treatment",-18,0.011958788000776304,0.05707249790304981,-0.1003020426608682,0.12421961866242082,0.8341550827237114,False,False,-0.08237882789356404,-23_to_-2,group_event__education__higher_education__admissoes,education,education,higher_education,Higher education,admissoes,ppml,-23_to_41,-1,2022-11,frozen,False,"admissoes ~ i(event_time, treatment, ref=-1) | cbo_4d + periodo",22039,340
6.0,"C(event_time, contr.treatment(base=-1))[-17]:treatment",-17,0.03264227373748757,0.05024936042746549,-0.06619753788922944,0.13148208536420458,0.5163868226083785,False,False,-0.08237882789356404,-23_to_-2,group_event__education__higher_education__admissoes,education,education,higher_education,Higher education,admissoes,ppml,-23_to_41,-1,2022-11,frozen,False,"admissoes ~ i(event_time, treatment, ref=-1) | cbo_4d + periodo",22039,340
7.0,"C(event_time, contr.treatment(base=-1))[-16]:treatment",-16,-0.05458050466725596,0.08155433233494476,-0.21499677219297564,0.1058357628584637,0.5037894486544694,False,False,-0.08237882789356404,-23_to_-2,group_event__education__higher_education__admissoes,education,education,higher_education,Higher education,admissoes,ppml,-23_to_41,-1,2022-11,frozen,False,"admissoes ~ i(event_time, treatment, ref=-1) | cbo_4d + periodo",22039,340
8.0,"C(event_time, contr.treatment(base=-1))[-15]:treatment",-15,0.02005949229105282,0.05350421367747243,-0.0851825716104504,0.12530155619255604,0.7079586769869985,False,False,-0.08237882789356404,-23_to_-2,group_event__education__higher_education__admissoes,education,education,higher_education,Higher education,admissoes,ppml,-23_to_41,-1,2022-11,frozen,False,"admissoes ~ i(event_time, treatment, ref=-1) | cbo_4d + periodo",22039,340
9.0,"C(event_time, contr.treatment(base=-1))[-14]:treatment",-14,0.052131979585136844,0.04138612575364009,-0.029273969438913895,0.1335379286091876,0.2086626518699748,False,False,-0.08237882789356404,-23_to_-2,group_event__education__higher_education__admissoes,education,education,higher_education,Higher education,admissoes,ppml,-23_to_41,-1,2022-11,frozen,False,"admissoes ~ i(event_time, treatment, ref=-1) | cbo_4d + periodo",22039,340
10.0,"C(event_time, contr.treatment(base=-1))[-13]:treatment",-13,0.10606125452342002,0.03350010968265558,0.0401669923409661,0.17195551670587395,0.0016857312310889494,False,False,-0.08237882789356404,-23_to_-2,group_event__education__higher_education__admissoes,education,education,higher_education,Higher education,admissoes,ppml,-23_to_41,-1,2022-11,frozen,False,"admissoes ~ i(event_time, treatment, ref=-1) | cbo_4d + periodo",22039,340
11.0,"C(event_time, contr.treatment(base=-1))[-12]:treatment",-12,0.10187327424163378,0.04333156162829968,0.01664067919169432,0.18710586929157325,0.019294348266830852,False,False,-0.08237882789356404,-23_to_-2,group_event__education__higher_education__admissoes,education,education,higher_education,Higher education,admissoes,ppml,-23_to_41,-1,2022-11,frozen,False,"admissoes ~ i(event_time, treatment, ref=-1) | cbo_4d + periodo",22039,340
12.0,"C(event_time, contr.treatment(base=-1))[-11]:treatment",-11,-0.09606026930146748,0.10683375145331789,-0.30620081197093857,0.11408027336800362,0.3692074956769189,False,False,-0.08237882789356404,-23_to_-2,group_event__education__higher_education__admissoes,education,education,higher_education,Higher education,admissoes,ppml,-23_to_41,-1,2022-11,frozen,False,"admissoes ~ i(event_time, treatment, ref=-1) | cbo_4d + periodo",22039,340
13.0,"C(event_time, contr.treatment(base=-1))[-10]:treatment",-10,-0.429303355437608,0.2503856649120058,-0.9218085683080597,0.06320185743284362,0.087338319911892,False,False,-0.08237882789356404,-23_to_-2,group_event__education__higher_education__admissoes,education,education,higher_education,Higher education,admissoes,ppml,-23_to_41,-1,2022-11,frozen,False,"admissoes ~ i(event_time, treatment, ref=-1) | cbo_4d + periodo",22039,340
14.0,"C(event_time, contr.treatment(base=-1))[-9]:treatment",-9,-0.1914988912889151,0.12445946161871778,-0.43630896721642587,0.05331118463859566,0.12482390420546996,False,False,-0.08237882789356404,-23_to_-2,group_event__education__higher_education__admissoes,education,education,higher_education,Higher education,admissoes,ppml,-23_to_41,-1,2022-11,frozen,False,"admissoes ~ i(event_time, treatment, ref=-1) | cbo_4d + periodo",22039,340
15.0,"C(event_time, contr.treatment(base=-1))[-8]:treatment",-8,-0.08164619092614377,0.07862940964205839,-0.23630917511595095,0.07301679326366341,0.29983923908882915,False,False,-0.08237882789356404,-23_to_-2,group_event__education__higher_education__admissoes,education,education,higher_education,Higher education,admissoes,ppml,-23_to_41,-1,2022-11,frozen,False,"admissoes ~ i(event_time, treatment, ref=-1) | cbo_4d + periodo",22039,340
16.0,"C(event_time, contr.treatment(base=-1))[-7]:treatment",-7,-0.08170982553376739,0.06034908326908406,-0.20041565524818927,0.036996004180654476,0.17665326564424655,False,False,-0.08237882789356404,-23_to_-2,group_event__education__higher_education__admissoes,education,education,higher_education,Higher education,admissoes,ppml,-23_to_41,-1,2022-11,frozen,False,"admissoes ~ i(event_time, treatment, ref=-1) | cbo_4d + periodo",22039,340
17.0,"C(event_time, contr.treatment(base=-1))[-6]:treatment",-6,-0.05123226746844095,0.04934952250068797,-0.14830211007623584,0.04583757513935392,0.2999395584422295,False,False,-0.08237882789356404,-23_to_-2,group_event__education__higher_education__admissoes,education,education,higher_education,Higher education,admissoes,ppml,-23_to_41,-1,2022-11,frozen,False,"admissoes ~ i(event_time, treatment, ref=-1) | cbo_4d + periodo",22039,340
18.0,"C(event_time, contr.treatment(base=-1))[-5]:treatment",-5,-0.07370265324509516,0.037039792373741824,-0.14655942335658706,-0.0008458831336032729,0.0474133832003476,False,False,-0.08237882789356404,-23_to_-2,group_event__education__higher_education__admissoes,education,education,higher_education,Higher education,admissoes,ppml,-23_to_41,-1,2022-11,frozen,False,"admissoes ~ i(event_time, treatment, ref=-1) | cbo_4d + periodo",22039,340
19.0,"C(event_time, contr.treatment(base=-1))[-4]:treatment",-4,-0.17779909670256716,0.08841365935765574,-0.35170756761243643,-0.0038906257926978882,0.045117688690442526,False,False,-0.08237882789356404,-23_to_-2,group_event__education__higher_education__admissoes,education,education,higher_education,Higher education,admissoes,ppml,-23_to_41,-1,2022-11,frozen,False,"admissoes ~ i(event_time, treatment, ref=-1) | cbo_4d + periodo",22039,340
20.0,"C(event_time, contr.treatment(base=-1))[-3]:treatment",-3,-0.09180942093098562,0.045874896356263836,-0.18204472095621593,-0.0015741209057553163,0.046156803112468836,False,False,-0.08237882789356404,-23_to_-2,group_event__education__higher_education__admissoes,education,education,higher_education,Higher education,admissoes,ppml,-23_to_41,-1,2022-11,frozen,False,"admissoes ~ i(event_time, treatment, ref=-1) | cbo_4d + periodo",22039,340
21.0,"C(event_time, contr.treatment(base=-1))[-2]:treatment",-2,-0.06363939750958414,0.02325816351124772,-0.10938789024022202,-0.01789090477894626,0.006542305346164401,False,False,-0.08237882789356404,-23_to_-2,group_event__education__higher_education__admissoes,education,education,higher_education,Higher education,admissoes,ppml,-23_to_41,-1,2022-11,frozen,False,"admissoes ~ i(event_time, treatment, ref=-1) | cbo_4d + periodo",22039,340
,reference_event_time,-1,0.0,0.0,0.0,0.0,,True,False,-0.08237882789356404,-23_to_-2,group_event__education__higher_education__admissoes,education,education,higher_education,Higher education,admissoes,ppml,-23_to_41,-1,2022-11,frozen,False,"admissoes ~ i(event_time, treatment, ref=-1) | cbo_4d + periodo",22039,340
22.0,"C(event_time, contr.treatment(base=-1))[0]:treatment",0,-0.06342056643898672,0.03617926527132619,-0.13458469139084078,0.007743558512867343,0.08051390380476042,False,False,-0.08237882789356404,-23_to_-2,group_event__education__higher_education__admissoes,education,education,higher_education,Higher education,admissoes,ppml,-23_to_41,-1,2022-11,frozen,False,"admissoes ~ i(event_time, treatment, ref=-1) | cbo_4d + periodo",22039,340
23.0,"C(event_time, contr.treatment(base=-1))[1]:treatment",1,-0.2143560933978424,0.11524607103680345,-0.4410435547922926,0.012331367996607862,0.06375342622334546,False,False,-0.08237882789356404,-23_to_-2,group_event__education__higher_education__admissoes,education,education,higher_education,Higher education,admissoes,ppml,-23_to_41,-1,2022-11,frozen,False,"admissoes ~ i(event_time, treatment, ref=-1) | cbo_4d + periodo",22039,340
24.0,"C(event_time, contr.treatment(base=-1))[2]:treatment",2,-0.529310371419851,0.23227967436684588,-0.9862013460278678,-0.07241939681183435,0.023302583529486,False,False,-0.08237882789356404,-23_to_-2,group_event__education__higher_education__admissoes,education,education,higher_education,Higher education,admissoes,ppml,-23_to_41,-1,2022-11,frozen,False,"admissoes ~ i(event_time, treatment, ref=-1) | cbo_4d + periodo",22039,340
25.0,"C(event_time, contr.treatment(base=-1))[3]:treatment",3,-0.2802833365903459,0.11755239959611104,-0.5115073150352039,-0.049059358145487925,0.01765992157427365,False,False,-0.08237882789356404,-23_to_-2,group_event__education__higher_education__admissoes,education,education,higher_education,Higher education,admissoes,ppml,-23_to_41,-1,2022-11,frozen,False,"admissoes ~ i(event_time, treatment, ref=-1) | cbo_4d + periodo",22039,340
26.0,"C(event_time, contr.treatment(base=-1))[4]:treatment",4,-0.19641284955713584,0.07510558060104364,-0.3441445097329506,-0.0486811893813211,0.009317106422332522,False,False,-0.08237882789356404,-23_to_-2,group_event__education__higher_education__admissoes,education,education,higher_education,Higher education,admissoes,ppml,-23_to_41,-1,2022-11,frozen,False,"admissoes ~ i(event_time, treatment, ref=-1) | cbo_4d + periodo",22039,340
27.0,"C(event_time, contr.treatment(base=-1))[5]:treatment",5,-0.1857185724167295,0.06118505384346684,-0.3060687449326233,-0.06536839990083569,0.0025883656829999158,False,False,-0.08237882789356404,-23_to_-2,group_event__education__higher_education__admissoes,education,education,higher_education,Higher education,admissoes,ppml,-23_to_41,-1,2022-11,frozen,False,"admissoes ~ i(event_time, treatment, ref=-1) | cbo_4d + periodo",22039,340
28.0,"C(event_time, contr.treatment(base=-1))[6]:treatment",6,-0.12414468103617501,0.045219180092196984,-0.21309019604783294,-0.03519916602451709,0.006365961797210495,False,False,-0.08237882789356404,-23_to_-2,group_event__education__higher_education__admissoes,education,education,higher_education,Higher education,admissoes,ppml,-23_to_41,-1,2022-11,frozen,False,"admissoes ~ i(event_time, treatment, ref=-1) | cbo_4d + periodo",22039,340
29.0,"C(event_time, contr.treatment(base=-1))[7]:treatment",7,-0.11609372455236272,0.033870914040129506,-0.18271735388558852,-0.049470095219136936,0.0006840687274465296,False,False,-0.08237882789356404,-23_to_-2,group_event__education__higher_education__admissoes,education,education,higher_education,Higher education,admissoes,ppml,-23_to_41,-1,2022-11,frozen,False,"admissoes ~ i(event_time, treatment, ref=-1) | cbo_4d + periodo",22039,340
30.0,"C(event_time, contr.treatment(base=-1))[8]:treatment",8,-0.1926537090673268,0.07912970028685473,-0.3483007581819335,-0.03700665995272007,0.015421347216830306,False,False,-0.08237882789356404,-23_to_-2,group_event__education__higher_education__admissoes,education,education,higher_education,Higher education,admissoes,ppml,-23_to_41,-1,2022-11,frozen,False,"admissoes ~ i(event_time, treatment, ref=-1) | cbo_4d + periodo",22039,340
31.0,"C(event_time, contr.treatment(base=-1))[9]:treatment",9,-0.13676419617300878,0.04198976919391006,-0.21935750367124568,-0.054170888674771864,0.0012394240594899575,False,False,-0.08237882789356404,-23_to_-2,group_event__education__higher_education__admissoes,education,education,higher_education,Higher education,admissoes,ppml,-23_to_41,-1,2022-11,frozen,False,"admissoes ~ i(event_time, treatment, ref=-1) | cbo_4d + periodo",22039,340
32.0,"C(event_time, contr.treatment(base=-1))[10]:treatment",10,-0.10378286761448272,0.03248566021106894,-0.16768172142111895,-0.03988401380784648,0.0015310386570908108,False,False,-0.08237882789356404,-23_to_-2,group_event__education__higher_education__admissoes,education,education,higher_education,Higher education,admissoes,ppml,-23_to_41,-1,2022-11,frozen,False,"admissoes ~ i(event_time, treatment, ref=-1) | cbo_4d + periodo",22039,340
33.0,"C(event_time, contr.treatment(base=-1))[11]:treatment",11,-0.03357917811604882,0.027887560524213196,-0.08843363209304506,0.02127527586094742,0.22939421384137937,False,False,-0.08237882789356404,-23_to_-2,group_event__education__higher_education__admissoes,education,education,higher_education,Higher education,admissoes,ppml,-23_to_41,-1,2022-11,frozen,False,"admissoes ~ i(event_time, treatment, ref=-1) | cbo_4d + periodo",22039,340
34.0,"C(event_time, contr.treatment(base=-1))[12]:treatment",12,-0.0726045291376087,0.03334570441351649,-0.1381950782461836,-0.007013980029033806,0.030145373202420167,False,False,-0.08237882789356404,-23_to_-2,group_event__education__higher_education__admissoes,education,education,higher_education,Higher education,admissoes,ppml,-23_to_41,-1,2022-11,frozen,False,"admissoes ~ i(event_time, treatment, ref=-1) | cbo_4d + periodo",22039,340
35.0,"C(event_time, contr.treatment(base=-1))[13]:treatment",13,-0.2505613237851645,0.12131872859529456,-0.48919362037848724,-0.011929027191841746,0.03965301482209305,False,False,-0.08237882789356404,-23_to_-2,group_event__education__higher_education__admissoes,education,education,higher_education,Higher education,admissoes,ppml,-23_to_41,-1,2022-11,frozen,False,"admissoes ~ i(event_time, treatment, ref=-1) | cbo_4d + periodo",22039,340
36.0,"C(event_time, contr.treatment(base=-1))[14]:treatment",14,-0.5163761966935612,0.2208382529328284,-0.9507620502480956,-0.0819903431390267,0.019954930817111416,False,False,-0.08237882789356404,-23_to_-2,group_event__education__higher_education__admissoes,education,education,higher_education,Higher education,admissoes,ppml,-23_to_41,-1,2022-11,frozen,False,"admissoes ~ i(event_time, treatment, ref=-1) | cbo_4d + periodo",22039,340
37.0,"C(event_time, contr.treatment(base=-1))[15]:treatment",15,-0.26569128808256,0.09774821677273539,-0.4579607070458288,-0.07342186911929113,0.0069029087403602585,False,False,-0.08237882789356404,-23_to_-2,group_event__education__higher_education__admissoes,education,education,higher_education,Higher education,admissoes,ppml,-23_to_41,-1,2022-11,frozen,False,"admissoes ~ i(event_time, treatment, ref=-1) | cbo_4d + periodo",22039,340
38.0,"C(event_time, contr.treatment(base=-1))[16]:treatment",16,-0.19058204133721565,0.06539275353524361,-0.3192087021781169,-0.061955380496314355,0.0038003077475246005,False,False,-0.08237882789356404,-23_to_-2,group_event__education__higher_education__admissoes,education,education,higher_education,Higher education,admissoes,ppml,-23_to_41,-1,2022-11,frozen,False,"admissoes ~ i(event_time, treatment, ref=-1) | cbo_4d + periodo",22039,340
39.0,"C(event_time, contr.treatment(base=-1))[17]:treatment",17,-0.19363660550169284,0.05353294940113376,-0.29893519218258036,-0.08833801882080533,0.00034316683268276194,False,False,-0.08237882789356404,-23_to_-2,group_event__education__higher_education__admissoes,education,education,higher_education,Higher education,admissoes,ppml,-23_to_41,-1,2022-11,frozen,False,"admissoes ~ i(event_time, treatment, ref=-1) | cbo_4d + periodo",22039,340
40.0,"C(event_time, contr.treatment(base=-1))[18]:treatment",18,-0.15384395132629877,0.042318661037175714,-0.23708418462732012,-0.07060371802527744,0.0003206476359067789,False,False,-0.08237882789356404,-23_to_-2,group_event__education__higher_education__admissoes,education,education,higher_education,Higher education,admissoes,ppml,-23_to_41,-1,2022-11,frozen,False,"admissoes ~ i(event_time, treatment, ref=-1) | cbo_4d + periodo",22039,340
41.0,"C(event_time, contr.treatment(base=-1))[19]:treatment",19,-0.14360876719655108,0.04600772111657859,-0.2341053317269849,-0.05311220266611727,0.0019546288493061947,False,False,-0.08237882789356404,-23_to_-2,group_event__education__higher_education__admissoes,education,education,higher_education,Higher education,admissoes,ppml,-23_to_41,-1,2022-11,frozen,False,"admissoes ~ i(event_time, treatment, ref=-1) | cbo_4d + periodo",22039,340
42.0,"C(event_time, contr.treatment(base=-1))[20]:treatment",20,-0.18684673287389192,0.07434595782472256,-0.33308422533333704,-0.0406092404144468,0.012427211388536863,False,False,-0.08237882789356404,-23_to_-2,group_event__education__higher_education__admissoes,education,education,higher_education,Higher education,admissoes,ppml,-23_to_41,-1,2022-11,frozen,False,"admissoes ~ i(event_time, treatment, ref=-1) | cbo_4d + periodo",22039,340
43.0,"C(event_time, contr.treatment(base=-1))[21]:treatment",21,-0.13537825065430337,0.05400184607358327,-0.2415991507414322,-0.029157350567174528,0.012646258079720418,False,False,-0.08237882789356404,-23_to_-2,group_event__education__higher_education__admissoes,education,education,higher_education,Higher education,admissoes,ppml,-23_to_41,-1,2022-11,frozen,False,"admissoes ~ i(event_time, treatment, ref=-1) | cbo_4d + periodo",22039,340
44.0,"C(event_time, contr.treatment(base=-1))[22]:treatment",22,-0.12146168003494814,0.03894328801816374,-0.19806260030728673,-0.04486075976260956,0.0019706108503891873,False,False,-0.08237882789356404,-23_to_-2,group_event__education__higher_education__admissoes,education,education,higher_education,Higher education,admissoes,ppml,-23_to_41,-1,2022-11,frozen,False,"admissoes ~ i(event_time, treatment, ref=-1) | cbo_4d + periodo",22039,340
45.0,"C(event_time, contr.treatment(base=-1))[23]:treatment",23,-0.05712311329768563,0.03717822346589469,-0.13025217549320156,0.016005948897830302,0.12535667329090172,False,False,-0.08237882789356404,-23_to_-2,group_event__education__higher_education__admissoes,education,education,higher_education,Higher education,admissoes,ppml,-23_to_41,-1,2022-11,frozen,False,"admissoes ~ i(event_time, treatment, ref=-1) | cbo_4d + periodo",22039,340
46.0,"C(event_time, contr.treatment(base=-1))[24]:treatment",24,-0.10274244543766663,0.040882513271996726,-0.18315779552881462,-0.022327095346518652,0.012430379480171894,False,True,-0.08237882789356404,-23_to_-2,group_event__education__higher_education__admissoes,education,education,higher_education,Higher education,admissoes,ppml,-23_to_41,-1,2022-11,frozen,False,"admissoes ~ i(event_time, treatment, ref=-1) | cbo_4d + periodo",22039,340
47.0,"C(event_time, contr.treatment(base=-1))[25]:treatment",25,-0.3046199532712933,0.13208873131026988,-0.5644366993881875,-0.044803207154399116,0.021703554637943823,False,True,-0.08237882789356404,-23_to_-2,group_event__education__higher_education__admissoes,education,education,higher_education,Higher education,admissoes,ppml,-23_to_41,-1,2022-11,frozen,False,"admissoes ~ i(event_time, treatment, ref=-1) | cbo_4d + periodo",22039,340
48.0,"C(event_time, contr.treatment(base=-1))[26]:treatment",26,-0.491965398086557,0.2147822303301159,-0.9144391371750121,-0.06949165899810184,0.022603985049606923,False,True,-0.08237882789356404,-23_to_-2,group_event__education__higher_education__admissoes,education,education,higher_education,Higher education,admissoes,ppml,-23_to_41,-1,2022-11,frozen,False,"admissoes ~ i(event_time, treatment, ref=-1) | cbo_4d + periodo",22039,340
49.0,"C(event_time, contr.treatment(base=-1))[27]:treatment",27,-0.2527236556979543,0.09107196882060735,-0.4318609853301735,-0.07358632606573512,0.005826478825427195,False,True,-0.08237882789356404,-23_to_-2,group_event__education__higher_education__admissoes,education,education,higher_education,Higher education,admissoes,ppml,-23_to_41,-1,2022-11,frozen,False,"admissoes ~ i(event_time, treatment, ref=-1) | cbo_4d + periodo",22039,340
50.0,"C(event_time, contr.treatment(base=-1))[28]:treatment",28,-0.2071641082218425,0.06612272223063334,-0.3372266076034128,-0.07710160884027223,0.0018809928459357916,False,True,-0.08237882789356404,-23_to_-2,group_event__education__higher_education__admissoes,education,education,higher_education,Higher education,admissoes,ppml,-23_to_41,-1,2022-11,frozen,False,"admissoes ~ i(event_time, treatment, ref=-1) | cbo_4d + periodo",22039,340
51.0,"C(event_time, contr.treatment(base=-1))[29]:treatment",29,-0.18935887007295635,0.0585339228256338,-0.3044943037708584,-0.07422343637505431,0.0013361099623570016,False,True,-0.08237882789356404,-23_to_-2,group_event__education__higher_education__admissoes,education,education,higher_education,Higher education,admissoes,ppml,-23_to_41,-1,2022-11,frozen,False,"admissoes ~ i(event_time, treatment, ref=-1) | cbo_4d + periodo",22039,340
52.0,"C(event_time, contr.treatment(base=-1))[30]:treatment",30,-0.14668320223690356,0.04374080424050653,-0.2327207719642529,-0.06064563250955424,0.0008883297404451707,False,True,-0.08237882789356404,-23_to_-2,group_event__education__higher_education__admissoes,education,education,higher_education,Higher education,admissoes,ppml,-23_to_41,-1,2022-11,frozen,False,"admissoes ~ i(event_time, treatment, ref=-1) | cbo_4d + periodo",22039,340
53.0,"C(event_time, contr.treatment(base=-1))[31]:treatment",31,-0.14524963328009186,0.04875042056646829,-0.2411410504946133,-0.04935821606557042,0.003095988328217114,False,True,-0.08237882789356404,-23_to_-2,group_event__education__higher_education__admissoes,education,education,higher_education,Higher education,admissoes,ppml,-23_to_41,-1,2022-11,frozen,False,"admissoes ~ i(event_time, treatment, ref=-1) | cbo_4d + periodo",22039,340
54.0,"C(event_time, contr.treatment(base=-1))[32]:treatment",32,-0.20191396628933833,0.07270259713623836,-0.34491899052425756,-0.05890894205441907,0.005786836313436128,False,True,-0.08237882789356404,-23_to_-2,group_event__education__higher_education__admissoes,education,education,higher_education,Higher education,admissoes,ppml,-23_to_41,-1,2022-11,frozen,False,"admissoes ~ i(event_time, treatment, ref=-1) | cbo_4d + periodo",22039,340
55.0,"C(event_time, contr.treatment(base=-1))[33]:treatment",33,-0.14054128472418329,0.05376539370400178,-0.2462970862017117,-0.03478548324665487,0.009348790695984821,False,True,-0.08237882789356404,-23_to_-2,group_event__education__higher_education__admissoes,education,education,higher_education,Higher education,admissoes,ppml,-23_to_41,-1,2022-11,frozen,False,"admissoes ~ i(event_time, treatment, ref=-1) | cbo_4d + periodo",22039,340
56.0,"C(event_time, contr.treatment(base=-1))[34]:treatment",34,-0.13860310985046656,0.044412618096854886,-0.2259621283374581,-0.051244091363475006,0.0019585094036729256,False,True,-0.08237882789356404,-23_to_-2,group_event__education__higher_education__admissoes,education,education,higher_education,Higher education,admissoes,ppml,-23_to_41,-1,2022-11,frozen,False,"admissoes ~ i(event_time, treatment, ref=-1) | cbo_4d + periodo",22039,340
57.0,"C(event_time, contr.treatment(base=-1))[35]:treatment",35,-0.07650813650940023,0.042952156632492605,-0.16099444706941196,0.007978174050611478,0.07576835970888895,False,True,-0.08237882789356404,-23_to_-2,group_event__education__higher_education__admissoes,education,education,higher_education,Higher education,admissoes,ppml,-23_to_41,-1,2022-11,frozen,False,"admissoes ~ i(event_time, treatment, ref=-1) | cbo_4d + periodo",22039,340
58.0,"C(event_time, contr.treatment(base=-1))[36]:treatment",36,-0.08071747848738564,0.04929050615278997,-0.17767123673789692,0.016236279763125624,0.10243578881179305,False,True,-0.08237882789356404,-23_to_-2,group_event__education__higher_education__admissoes,education,education,higher_education,Higher education,admissoes,ppml,-23_to_41,-1,2022-11,frozen,False,"admissoes ~ i(event_time, treatment, ref=-1) | cbo_4d + periodo",22039,340
59.0,"C(event_time, contr.treatment(base=-1))[37]:treatment",37,-0.2950675157731673,0.1218110499600124,-0.5346682018252725,-0.055466829721062094,0.015944762932347478,False,True,-0.08237882789356404,-23_to_-2,group_event__education__higher_education__admissoes,education,education,higher_education,Higher education,admissoes,ppml,-23_to_41,-1,2022-11,frozen,False,"admissoes ~ i(event_time, treatment, ref=-1) | cbo_4d + periodo",22039,340
60.0,"C(event_time, contr.treatment(base=-1))[38]:treatment",38,-0.5219904737165136,0.19790224456926675,-0.9112615093541987,-0.13271943807882852,0.00873378921061807,False,True,-0.08237882789356404,-23_to_-2,group_event__education__higher_education__admissoes,education,education,higher_education,Higher education,admissoes,ppml,-23_to_41,-1,2022-11,frozen,False,"admissoes ~ i(event_time, treatment, ref=-1) | cbo_4d + periodo",22039,340
61.0,"C(event_time, contr.treatment(base=-1))[39]:treatment",39,-0.29349373916993715,0.09244471106332305,-0.4753312342078019,-0.11165624413207242,0.0016368501177725925,False,True,-0.08237882789356404,-23_to_-2,group_event__education__higher_education__admissoes,education,education,higher_education,Higher education,admissoes,ppml,-23_to_41,-1,2022-11,frozen,False,"admissoes ~ i(event_time, treatment, ref=-1) | cbo_4d + periodo",22039,340
62.0,"C(event_time, contr.treatment(base=-1))[40]:treatment",40,-0.22953079239608884,0.05920882015908546,-0.34599374001134764,-0.11306784478083005,0.0001271816959780292,False,True,-0.08237882789356404,-23_to_-2,group_event__education__higher_education__admissoes,education,education,higher_education,Higher education,admissoes,ppml,-23_to_41,-1,2022-11,frozen,False,"admissoes ~ i(event_time, treatment, ref=-1) | cbo_4d + periodo",22039,340
63.0,"C(event_time, contr.treatment(base=-1))[41]:treatment",41,-0.22415530289823832,0.06072202903720872,-0.3435947118891891,-0.1047158939072875,0.0002596976762654357,False,True,-0.08237882789356404,-23_to_-2,group_event__education__higher_education__admissoes,education,education,higher_education,Higher education,admissoes,ppml,-23_to_41,-1,2022-11,frozen,False,"admissoes ~ i(event_time, treatment, ref=-1) | cbo_4d + periodo",22039,340
0.0,"C(event_time, contr.treatment(base=-1))[-23]:treatment",-23,-0.00229793566547224,0.022123517577734873,-0.04581459520704266,0.04121872387609818,0.9173351596278727,False,False,0.023163833732930572,-23_to_-2,group_event__education__higher_education__ln_salario_real_adm,education,education,higher_education,Higher education,ln_salario_real_adm,ols,-23_to_41,-1,2022-11,frozen,False,"ln_salario_real_adm ~ i(event_time, treatment, ref=-1) | cbo_4d + periodo",20609,340
1.0,"C(event_time, contr.treatment(base=-1))[-22]:treatment",-22,-0.036093499918317194,0.023110948817560116,-0.08155242333963478,0.009365423503000389,0.11928015862072217,False,False,0.023163833732930572,-23_to_-2,group_event__education__higher_education__ln_salario_real_adm,education,education,higher_education,Higher education,ln_salario_real_adm,ols,-23_to_41,-1,2022-11,frozen,False,"ln_salario_real_adm ~ i(event_time, treatment, ref=-1) | cbo_4d + periodo",20609,340
2.0,"C(event_time, contr.treatment(base=-1))[-21]:treatment",-21,0.012053814455702423,0.028229514925501187,-0.043473259198852095,0.06758088811025695,0.6696552456761737,False,False,0.023163833732930572,-23_to_-2,group_event__education__higher_education__ln_salario_real_adm,education,education,higher_education,Higher education,ln_salario_real_adm,ols,-23_to_41,-1,2022-11,frozen,False,"ln_salario_real_adm ~ i(event_time, treatment, ref=-1) | cbo_4d + periodo",20609,340
3.0,"C(event_time, contr.treatment(base=-1))[-20]:treatment",-20,0.0504564614282817,0.027059886709547305,-0.002769969361274549,0.10368289221783795,0.0630983860330081,False,False,0.023163833732930572,-23_to_-2,group_event__education__higher_education__ln_salario_real_adm,education,education,higher_education,Higher education,ln_salario_real_adm,ols,-23_to_41,-1,2022-11,frozen,False,"ln_salario_real_adm ~ i(event_time, treatment, ref=-1) | cbo_4d + periodo",20609,340
4.0,"C(event_time, contr.treatment(base=-1))[-19]:treatment",-19,0.05024029213419495,0.022703557105889352,0.005582702693992379,0.09489788157439752,0.027571560509653148,False,False,0.023163833732930572,-23_to_-2,group_event__education__higher_education__ln_salario_real_adm,education,education,higher_education,Higher education,ln_salario_real_adm,ols,-23_to_41,-1,2022-11,frozen,False,"ln_salario_real_adm ~ i(event_time, treatment, ref=-1) | cbo_4d + periodo",20609,340
5.0,"C(event_time, contr.treatment(base=-1))[-18]:treatment",-18,0.05408929877978496,0.023625226136829,0.007618798834348156,0.10055979872522176,0.02266609312921597,False,False,0.023163833732930572,-23_to_-2,group_event__education__higher_education__ln_salario_real_adm,education,education,higher_education,Higher education,ln_salario_real_adm,ols,-23_to_41,-1,2022-11,frozen,False,"ln_salario_real_adm ~ i(event_time, treatment, ref=-1) | cbo_4d + periodo",20609,340
6.0,"C(event_time, contr.treatment(base=-1))[-17]:treatment",-17,0.03574555008624201,0.022402531679474688,-0.008319926415834192,0.0798110265883182,0.11150920997940483,False,False,0.023163833732930572,-23_to_-2,group_event__education__higher_education__ln_salario_real_adm,education,education,higher_education,Higher education,ln_salario_real_adm,ols,-23_to_41,-1,2022-11,frozen,False,"ln_salario_real_adm ~ i(event_time, treatment, ref=-1) | cbo_4d + periodo",20609,340
7.0,"C(event_time, contr.treatment(base=-1))[-16]:treatment",-16,0.02859995790862033,0.022719797941401502,-0.016089577035147375,0.07328949285238803,0.20896435185737916,False,False,0.023163833732930572,-23_to_-2,group_event__education__higher_education__ln_salario_real_adm,education,education,higher_education,Higher education,ln_salario_real_adm,ols,-23_to_41,-1,2022-11,frozen,False,"ln_salario_real_adm ~ i(event_time, treatment, ref=-1) | cbo_4d + periodo",20609,340
8.0,"C(event_time, contr.treatment(base=-1))[-15]:treatment",-15,0.01792721306965447,0.021845259972430687,-0.025042117529656727,0.06089654366896567,0.4124249356451761,False,False,0.023163833732930572,-23_to_-2,group_event__education__higher_education__ln_salario_real_adm,education,education,higher_education,Higher education,ln_salario_real_adm,ols,-23_to_41,-1,2022-11,frozen,False,"ln_salario_real_adm ~ i(event_time, treatment, ref=-1) | cbo_4d + periodo",20609,340
9.0,"C(event_time, contr.treatment(base=-1))[-14]:treatment",-14,0.03407613359815425,0.021495773716984693,-0.008205762268444848,0.07635802946475334,0.11384233209303196,False,False,0.023163833732930572,-23_to_-2,group_event__education__higher_education__ln_salario_real_adm,education,education,higher_education,Higher education,ln_salario_real_adm,ols,-23_to_41,-1,2022-11,frozen,False,"ln_salario_real_adm ~ i(event_time, treatment, ref=-1) | cbo_4d + periodo",20609,340
10.0,"C(event_time, contr.treatment(base=-1))[-13]:treatment",-13,0.03608640685469565,0.020534070566316297,-0.004303831935191106,0.0764766456445824,0.07975366419895269,False,False,0.023163833732930572,-23_to_-2,group_event__education__higher_education__ln_salario_real_adm,education,education,higher_education,Higher education,ln_salario_real_adm,ols,-23_to_41,-1,2022-11,frozen,False,"ln_salario_real_adm ~ i(event_time, treatment, ref=-1) | cbo_4d + periodo",20609,340
11.0,"C(event_time, contr.treatment(base=-1))[-12]:treatment",-12,0.0682401202714746,0.025111383902252156,0.018846368122777526,0.11763387242017166,0.0069156070667835134,False,False,0.023163833732930572,-23_to_-2,group_event__education__higher_education__ln_salario_real_adm,education,education,higher_education,Higher education,ln_salario_real_adm,ols,-23_to_41,-1,2022-11,frozen,False,"ln_salario_real_adm ~ i(event_time, treatment, ref=-1) | cbo_4d + periodo",20609,340
12.0,"C(event_time, contr.treatment(base=-1))[-11]:treatment",-11,0.04409030462547082,0.023871103556700846,-0.0028638328758802956,0.09104444212682193,0.06561612432901898,False,False,0.023163833732930572,-23_to_-2,group_event__education__higher_education__ln_salario_real_adm,education,education,higher_education,Higher education,ln_salario_real_adm,ols,-23_to_41,-1,2022-11,frozen,False,"ln_salario_real_adm ~ i(event_time, treatment, ref=-1) | cbo_4d + periodo",20609,340
13.0,"C(event_time, contr.treatment(base=-1))[-10]:treatment",-10,-0.0017859171815578097,0.020044882964209004,-0.041213930581288506,0.03764209621817289,0.9290582963532912,False,False,0.023163833732930572,-23_to_-2,group_event__education__higher_education__ln_salario_real_adm,education,education,higher_education,Higher education,ln_salario_real_adm,ols,-23_to_41,-1,2022-11,frozen,False,"ln_salario_real_adm ~ i(event_time, treatment, ref=-1) | cbo_4d + periodo",20609,340
14.0,"C(event_time, contr.treatment(base=-1))[-9]:treatment",-9,-0.002592235795626333,0.024414643190110035,-0.05061550839682351,0.04543103680557084,0.9155059471625004,False,False,0.023163833732930572,-23_to_-2,group_event__education__higher_education__ln_salario_real_adm,education,education,higher_education,Higher education,ln_salario_real_adm,ols,-23_to_41,-1,2022-11,frozen,False,"ln_salario_real_adm ~ i(event_time, treatment, ref=-1) | cbo_4d + periodo",20609,340
15.0,"C(event_time, contr.treatment(base=-1))[-8]:treatment",-8,0.028523116510461678,0.021231916255692623,-0.013239775302184186,0.07028600832310754,0.18003862895266565,False,False,0.023163833732930572,-23_to_-2,group_event__education__higher_education__ln_salario_real_adm,education,education,higher_education,Higher education,ln_salario_real_adm,ols,-23_to_41,-1,2022-11,frozen,False,"ln_salario_real_adm ~ i(event_time, treatment, ref=-1) | cbo_4d + periodo",20609,340
16.0,"C(event_time, contr.treatment(base=-1))[-7]:treatment",-7,0.04349888067996199,0.022350772043918794,-0.0004647853197577295,0.08746254667968172,0.05245770650566173,False,False,0.023163833732930572,-23_to_-2,group_event__education__higher_education__ln_salario_real_adm,education,education,higher_education,Higher education,ln_salario_real_adm,ols,-23_to_41,-1,2022-11,frozen,False,"ln_salario_real_adm ~ i(event_time, treatment, ref=-1) | cbo_4d + periodo",20609,340
17.0,"C(event_time, contr.treatment(base=-1))[-6]:treatment",-6,0.007083772406088206,0.02323819734880365,-0.038625447153347245,0.05279299196552366,0.7606803087081788,False,False,0.023163833732930572,-23_to_-2,group_event__education__higher_education__ln_salario_real_adm,education,education,higher_education,Higher education,ln_salario_real_adm,ols,-23_to_41,-1,2022-11,frozen,False,"ln_salario_real_adm ~ i(event_time, treatment, ref=-1) | cbo_4d + periodo",20609,340
18.0,"C(event_time, contr.treatment(base=-1))[-5]:treatment",-5,0.02047537688852438,0.02357573234602262,-0.025897769440500606,0.06684852321754936,0.3857384997152993,False,False,0.023163833732930572,-23_to_-2,group_event__education__higher_education__ln_salario_real_adm,education,education,higher_education,Higher education,ln_salario_real_adm,ols,-23_to_41,-1,2022-11,frozen,False,"ln_salario_real_adm ~ i(event_time, treatment, ref=-1) | cbo_4d + periodo",20609,340
19.0,"C(event_time, contr.treatment(base=-1))[-4]:treatment",-4,0.012053153738739388,0.0209579791668743,-0.029170907529078784,0.053277215006557556,0.5655980705894312,False,False,0.023163833732930572,-23_to_-2,group_event__education__higher_education__ln_salario_real_adm,education,education,higher_education,Higher education,ln_salario_real_adm,ols,-23_to_41,-1,2022-11,frozen,False,"ln_salario_real_adm ~ i(event_time, treatment, ref=-1) | cbo_4d + periodo",20609,340
20.0,"C(event_time, contr.treatment(base=-1))[-3]:treatment",-3,-0.004510229723699938,0.02924019908737102,-0.062025305440838306,0.05300484599343843,0.8775063205951796,False,False,0.023163833732930572,-23_to_-2,group_event__education__higher_education__ln_salario_real_adm,education,education,higher_education,Higher education,ln_salario_real_adm,ols,-23_to_41,-1,2022-11,frozen,False,"ln_salario_real_adm ~ i(event_time, treatment, ref=-1) | cbo_4d + periodo",20609,340
21.0,"C(event_time, contr.treatment(base=-1))[-2]:treatment",-2,0.013644306973094425,0.022380062253979937,-0.03037697247325074,0.05766558641943959,0.5424931488367137,False,False,0.023163833732930572,-23_to_-2,group_event__education__higher_education__ln_salario_real_adm,education,education,higher_education,Higher education,ln_salario_real_adm,ols,-23_to_41,-1,2022-11,frozen,False,"ln_salario_real_adm ~ i(event_time, treatment, ref=-1) | cbo_4d + periodo",20609,340
,reference_event_time,-1,0.0,0.0,0.0,0.0,,True,False,0.023163833732930572,-23_to_-2,group_event__education__higher_education__ln_salario_real_adm,education,education,higher_education,Higher education,ln_salario_real_adm,ols,-23_to_41,-1,2022-11,frozen,False,"ln_salario_real_adm ~ i(event_time, treatment, ref=-1) | cbo_4d + periodo",20609,340
22.0,"C(event_time, contr.treatment(base=-1))[0]:treatment",0,0.01952601716470323,0.024406695874629004,-0.028481623174542725,0.06753365750394918,0.4242553751374687,False,False,0.023163833732930572,-23_to_-2,group_event__education__higher_education__ln_salario_real_adm,education,education,higher_education,Higher education,ln_salario_real_adm,ols,-23_to_41,-1,2022-11,frozen,False,"ln_salario_real_adm ~ i(event_time, treatment, ref=-1) | cbo_4d + periodo",20609,340
23.0,"C(event_time, contr.treatment(base=-1))[1]:treatment",1,-0.04033346497211645,0.022949149335175383,-0.08547413100221227,0.004807201057979368,0.07973271080492417,False,False,0.023163833732930572,-23_to_-2,group_event__education__higher_education__ln_salario_real_adm,education,education,higher_education,Higher education,ln_salario_real_adm,ols,-23_to_41,-1,2022-11,frozen,False,"ln_salario_real_adm ~ i(event_time, treatment, ref=-1) | cbo_4d + periodo",20609,340
24.0,"C(event_time, contr.treatment(base=-1))[2]:treatment",2,-0.02895610709199663,0.02611111144501012,-0.08031630978182791,0.022404095597834652,0.268234706398113,False,False,0.023163833732930572,-23_to_-2,group_event__education__higher_education__ln_salario_real_adm,education,education,higher_education,Higher education,ln_salario_real_adm,ols,-23_to_41,-1,2022-11,frozen,False,"ln_salario_real_adm ~ i(event_time, treatment, ref=-1) | cbo_4d + periodo",20609,340
25.0,"C(event_time, contr.treatment(base=-1))[3]:treatment",3,-0.027431476601494052,0.02417620275604915,-0.07498574009717654,0.020122786894188442,0.25732454537738647,False,False,0.023163833732930572,-23_to_-2,group_event__education__higher_education__ln_salario_real_adm,education,education,higher_education,Higher education,ln_salario_real_adm,ols,-23_to_41,-1,2022-11,frozen,False,"ln_salario_real_adm ~ i(event_time, treatment, ref=-1) | cbo_4d + periodo",20609,340
26.0,"C(event_time, contr.treatment(base=-1))[4]:treatment",4,0.0037843466318578673,0.024649739985948892,-0.04470135818374132,0.05227005144745705,0.8780757743137695,False,False,0.023163833732930572,-23_to_-2,group_event__education__higher_education__ln_salario_real_adm,education,education,higher_education,Higher education,ln_salario_real_adm,ols,-23_to_41,-1,2022-11,frozen,False,"ln_salario_real_adm ~ i(event_time, treatment, ref=-1) | cbo_4d + periodo",20609,340
27.0,"C(event_time, contr.treatment(base=-1))[5]:treatment",5,-0.0221642141797739,0.02275236400753432,-0.06691780613470769,0.022589377775159895,0.3306766858675596,False,False,0.023163833732930572,-23_to_-2,group_event__education__higher_education__ln_salario_real_adm,education,education,higher_education,Higher education,ln_salario_real_adm,ols,-23_to_41,-1,2022-11,frozen,False,"ln_salario_real_adm ~ i(event_time, treatment, ref=-1) | cbo_4d + periodo",20609,340
28.0,"C(event_time, contr.treatment(base=-1))[6]:treatment",6,0.025424522868869325,0.023913651683413018,-0.021613306221658756,0.0724623519593974,0.2884569553791494,False,False,0.023163833732930572,-23_to_-2,group_event__education__higher_education__ln_salario_real_adm,education,education,higher_education,Higher education,ln_salario_real_adm,ols,-23_to_41,-1,2022-11,frozen,False,"ln_salario_real_adm ~ i(event_time, treatment, ref=-1) | cbo_4d + periodo",20609,340
29.0,"C(event_time, contr.treatment(base=-1))[7]:treatment",7,-0.01094177480456858,0.026047324453412367,-0.06217650934554934,0.04029295973641218,0.6746983288168078,False,False,0.023163833732930572,-23_to_-2,group_event__education__higher_education__ln_salario_real_adm,education,education,higher_education,Higher education,ln_salario_real_adm,ols,-23_to_41,-1,2022-11,frozen,False,"ln_salario_real_adm ~ i(event_time, treatment, ref=-1) | cbo_4d + periodo",20609,340
30.0,"C(event_time, contr.treatment(base=-1))[8]:treatment",8,-0.025316997471384214,0.025385521100454778,-0.07524997377735858,0.024615978834590147,0.31932990783850723,False,False,0.023163833732930572,-23_to_-2,group_event__education__higher_education__ln_salario_real_adm,education,education,higher_education,Higher education,ln_salario_real_adm,ols,-23_to_41,-1,2022-11,frozen,False,"ln_salario_real_adm ~ i(event_time, treatment, ref=-1) | cbo_4d + periodo",20609,340
31.0,"C(event_time, contr.treatment(base=-1))[9]:treatment",9,-0.01008243440738634,0.043203118556939694,-0.09506238367497194,0.07489751486019927,0.8156127563923441,False,False,0.023163833732930572,-23_to_-2,group_event__education__higher_education__ln_salario_real_adm,education,education,higher_education,Higher education,ln_salario_real_adm,ols,-23_to_41,-1,2022-11,frozen,False,"ln_salario_real_adm ~ i(event_time, treatment, ref=-1) | cbo_4d + periodo",20609,340
32.0,"C(event_time, contr.treatment(base=-1))[10]:treatment",10,-0.03052476907511596,0.02538379633668981,-0.08045435279411649,0.019404814643884567,0.22999761181817946,False,False,0.023163833732930572,-23_to_-2,group_event__education__higher_education__ln_salario_real_adm,education,education,higher_education,Higher education,ln_salario_real_adm,ols,-23_to_41,-1,2022-11,frozen,False,"ln_salario_real_adm ~ i(event_time, treatment, ref=-1) | cbo_4d + periodo",20609,340
33.0,"C(event_time, contr.treatment(base=-1))[11]:treatment",11,-0.00632827045185373,0.026133062133923652,-0.05773164984958405,0.04507510894587659,0.8088059323600543,False,False,0.023163833732930572,-23_to_-2,group_event__education__higher_education__ln_salario_real_adm,education,education,higher_education,Higher education,ln_salario_real_adm,ols,-23_to_41,-1,2022-11,frozen,False,"ln_salario_real_adm ~ i(event_time, treatment, ref=-1) | cbo_4d + periodo",20609,340
34.0,"C(event_time, contr.treatment(base=-1))[12]:treatment",12,-0.028143060987578645,0.023715067197610983,-0.07479027708320116,0.018504155108043863,0.23617044267746445,False,False,0.023163833732930572,-23_to_-2,group_event__education__higher_education__ln_salario_real_adm,education,education,higher_education,Higher education,ln_salario_real_adm,ols,-23_to_41,-1,2022-11,frozen,False,"ln_salario_real_adm ~ i(event_time, treatment, ref=-1) | cbo_4d + periodo",20609,340
35.0,"C(event_time, contr.treatment(base=-1))[13]:treatment",13,-0.00259211038202879,0.02493762073698348,-0.05164407273724959,0.046459851973192,0.9172754360306801,False,False,0.023163833732930572,-23_to_-2,group_event__education__higher_education__ln_salario_real_adm,education,education,higher_education,Higher education,ln_salario_real_adm,ols,-23_to_41,-1,2022-11,frozen,False,"ln_salario_real_adm ~ i(event_time, treatment, ref=-1) | cbo_4d + periodo",20609,340
36.0,"C(event_time, contr.treatment(base=-1))[14]:treatment",14,-0.03289594831135333,0.027007992839860735,-0.08602030456183549,0.020228407939128813,0.22406802743250331,False,False,0.023163833732930572,-23_to_-2,group_event__education__higher_education__ln_salario_real_adm,education,education,higher_education,Higher education,ln_salario_real_adm,ols,-23_to_41,-1,2022-11,frozen,False,"ln_salario_real_adm ~ i(event_time, treatment, ref=-1) | cbo_4d + periodo",20609,340
37.0,"C(event_time, contr.treatment(base=-1))[15]:treatment",15,-0.03228410489945729,0.02714965530474709,-0.08568710930038018,0.02111889950146561,0.23522604494617627,False,False,0.023163833732930572,-23_to_-2,group_event__education__higher_education__ln_salario_real_adm,education,education,higher_education,Higher education,ln_salario_real_adm,ols,-23_to_41,-1,2022-11,frozen,False,"ln_salario_real_adm ~ i(event_time, treatment, ref=-1) | cbo_4d + periodo",20609,340
38.0,"C(event_time, contr.treatment(base=-1))[16]:treatment",16,-0.040605618272938744,0.02394111337194449,-0.08769746413300004,0.006486227587122556,0.09079214990312678,False,False,0.023163833732930572,-23_to_-2,group_event__education__higher_education__ln_salario_real_adm,education,education,higher_education,Higher education,ln_salario_real_adm,ols,-23_to_41,-1,2022-11,frozen,False,"ln_salario_real_adm ~ i(event_time, treatment, ref=-1) | cbo_4d + periodo",20609,340
39.0,"C(event_time, contr.treatment(base=-1))[17]:treatment",17,0.012052389616650385,0.022314025256886257,-0.03183899595049695,0.05594377518379772,0.5894646496208411,False,False,0.023163833732930572,-23_to_-2,group_event__education__higher_education__ln_salario_real_adm,education,education,higher_education,Higher education,ln_salario_real_adm,ols,-23_to_41,-1,2022-11,frozen,False,"ln_salario_real_adm ~ i(event_time, treatment, ref=-1) | cbo_4d + periodo",20609,340
40.0,"C(event_time, contr.treatment(base=-1))[18]:treatment",18,-0.010481057028268514,0.02188084351616974,-0.05352037997634315,0.03255826591980612,0.6322431299358939,False,False,0.023163833732930572,-23_to_-2,group_event__education__higher_education__ln_salario_real_adm,education,education,higher_education,Higher education,ln_salario_real_adm,ols,-23_to_41,-1,2022-11,frozen,False,"ln_salario_real_adm ~ i(event_time, treatment, ref=-1) | cbo_4d + periodo",20609,340
41.0,"C(event_time, contr.treatment(base=-1))[19]:treatment",19,-0.0010128370864214448,0.021725704022949398,-0.04374700275179002,0.041721328578947135,0.9628441014384148,False,False,0.023163833732930572,-23_to_-2,group_event__education__higher_education__ln_salario_real_adm,education,education,higher_education,Higher education,ln_salario_real_adm,ols,-23_to_41,-1,2022-11,frozen,False,"ln_salario_real_adm ~ i(event_time, treatment, ref=-1) | cbo_4d + periodo",20609,340
42.0,"C(event_time, contr.treatment(base=-1))[20]:treatment",20,-0.00823902969447738,0.025593630956891513,-0.05858135527043025,0.04210329588147549,0.747713845410392,False,False,0.023163833732930572,-23_to_-2,group_event__education__higher_education__ln_salario_real_adm,education,education,higher_education,Higher education,ln_salario_real_adm,ols,-23_to_41,-1,2022-11,frozen,False,"ln_salario_real_adm ~ i(event_time, treatment, ref=-1) | cbo_4d + periodo",20609,340
43.0,"C(event_time, contr.treatment(base=-1))[21]:treatment",21,0.0002782432847955165,0.02472659339792067,-0.04835863115162154,0.04891511772121258,0.9910283773701307,False,False,0.023163833732930572,-23_to_-2,group_event__education__higher_education__ln_salario_real_adm,education,education,higher_education,Higher education,ln_salario_real_adm,ols,-23_to_41,-1,2022-11,frozen,False,"ln_salario_real_adm ~ i(event_time, treatment, ref=-1) | cbo_4d + periodo",20609,340
44.0,"C(event_time, contr.treatment(base=-1))[22]:treatment",22,-0.020907590576985942,0.02337076632923865,-0.06687757152606447,0.025062390372092583,0.37163330923997595,False,False,0.023163833732930572,-23_to_-2,group_event__education__higher_education__ln_salario_real_adm,education,education,higher_education,Higher education,ln_salario_real_adm,ols,-23_to_41,-1,2022-11,frozen,False,"ln_salario_real_adm ~ i(event_time, treatment, ref=-1) | cbo_4d + periodo",20609,340
45.0,"C(event_time, contr.treatment(base=-1))[23]:treatment",23,0.008313379917149255,0.01835025889284716,-0.027781330877998354,0.044408090712296865,0.6508105996377862,False,False,0.023163833732930572,-23_to_-2,group_event__education__higher_education__ln_salario_real_adm,education,education,higher_education,Higher education,ln_salario_real_adm,ols,-23_to_41,-1,2022-11,frozen,False,"ln_salario_real_adm ~ i(event_time, treatment, ref=-1) | cbo_4d + periodo",20609,340
46.0,"C(event_time, contr.treatment(base=-1))[24]:treatment",24,-4.482199690418798e-05,0.023593131119126344,-0.04645219147705943,0.04636254748325106,0.9984853051752172,False,True,0.023163833732930572,-23_to_-2,group_event__education__higher_education__ln_salario_real_adm,education,education,higher_education,Higher education,ln_salario_real_adm,ols,-23_to_41,-1,2022-11,frozen,False,"ln_salario_real_adm ~ i(event_time, treatment, ref=-1) | cbo_4d + periodo",20609,340
47.0,"C(event_time, contr.treatment(base=-1))[25]:treatment",25,-0.03761133277759854,0.02567560226114338,-0.08811489479919227,0.01289222924399519,0.14388408663402696,False,True,0.023163833732930572,-23_to_-2,group_event__education__higher_education__ln_salario_real_adm,education,education,higher_education,Higher education,ln_salario_real_adm,ols,-23_to_41,-1,2022-11,frozen,False,"ln_salario_real_adm ~ i(event_time, treatment, ref=-1) | cbo_4d + periodo",20609,340
48.0,"C(event_time, contr.treatment(base=-1))[26]:treatment",26,-0.041027350279830496,0.024994650494491094,-0.09019148939593379,0.008136788836272793,0.10163238502711813,False,True,0.023163833732930572,-23_to_-2,group_event__education__higher_education__ln_salario_real_adm,education,education,higher_education,Higher education,ln_salario_real_adm,ols,-23_to_41,-1,2022-11,frozen,False,"ln_salario_real_adm ~ i(event_time, treatment, ref=-1) | cbo_4d + periodo",20609,340
49.0,"C(event_time, contr.treatment(base=-1))[27]:treatment",27,-0.02899557130057344,0.02413045402208552,-0.07645984765594888,0.018468705054801998,0.2303506083993867,False,True,0.023163833732930572,-23_to_-2,group_event__education__higher_education__ln_salario_real_adm,education,education,higher_education,Higher education,ln_salario_real_adm,ols,-23_to_41,-1,2022-11,frozen,False,"ln_salario_real_adm ~ i(event_time, treatment, ref=-1) | cbo_4d + periodo",20609,340
50.0,"C(event_time, contr.treatment(base=-1))[28]:treatment",28,-0.0014545664863393356,0.024094602477455457,-0.04884832333882722,0.045939190366148554,0.9518973399737991,False,True,0.023163833732930572,-23_to_-2,group_event__education__higher_education__ln_salario_real_adm,education,education,higher_education,Higher education,ln_salario_real_adm,ols,-23_to_41,-1,2022-11,frozen,False,"ln_salario_real_adm ~ i(event_time, treatment, ref=-1) | cbo_4d + periodo",20609,340
51.0,"C(event_time, contr.treatment(base=-1))[29]:treatment",29,-0.0260596660184368,0.023816368710558734,-0.07290614081849019,0.02078680878161659,0.2746478872785043,False,True,0.023163833732930572,-23_to_-2,group_event__education__higher_education__ln_salario_real_adm,education,education,higher_education,Higher education,ln_salario_real_adm,ols,-23_to_41,-1,2022-11,frozen,False,"ln_salario_real_adm ~ i(event_time, treatment, ref=-1) | cbo_4d + periodo",20609,340
52.0,"C(event_time, contr.treatment(base=-1))[30]:treatment",30,-0.017157061658517114,0.025201015111355887,-0.06672711718198998,0.03241299386495575,0.49645750423889945,False,True,0.023163833732930572,-23_to_-2,group_event__education__higher_education__ln_salario_real_adm,education,education,higher_education,Higher education,ln_salario_real_adm,ols,-23_to_41,-1,2022-11,frozen,False,"ln_salario_real_adm ~ i(event_time, treatment, ref=-1) | cbo_4d + periodo",20609,340
53.0,"C(event_time, contr.treatment(base=-1))[31]:treatment",31,-0.045196483244875026,0.02509442709760983,-0.09455688158842152,0.004163915098671464,0.07258254106884432,False,True,0.023163833732930572,-23_to_-2,group_event__education__higher_education__ln_salario_real_adm,education,education,higher_education,Higher education,ln_salario_real_adm,ols,-23_to_41,-1,2022-11,frozen,False,"ln_salario_real_adm ~ i(event_time, treatment, ref=-1) | cbo_4d + periodo",20609,340
54.0,"C(event_time, contr.treatment(base=-1))[32]:treatment",32,-0.01964740190069417,0.022882221321661764,-0.06465642143435775,0.025361617632969412,0.3911504088291142,False,True,0.023163833732930572,-23_to_-2,group_event__education__higher_education__ln_salario_real_adm,education,education,higher_education,Higher education,ln_salario_real_adm,ols,-23_to_41,-1,2022-11,frozen,False,"ln_salario_real_adm ~ i(event_time, treatment, ref=-1) | cbo_4d + periodo",20609,340
55.0,"C(event_time, contr.treatment(base=-1))[33]:treatment",33,-0.033437063626195654,0.024110025153178515,-0.08086115667302073,0.013987029420629418,0.16639778267932925,False,True,0.023163833732930572,-23_to_-2,group_event__education__higher_education__ln_salario_real_adm,education,education,higher_education,Higher education,ln_salario_real_adm,ols,-23_to_41,-1,2022-11,frozen,False,"ln_salario_real_adm ~ i(event_time, treatment, ref=-1) | cbo_4d + periodo",20609,340
56.0,"C(event_time, contr.treatment(base=-1))[34]:treatment",34,-0.004317052494133403,0.022070541929334987,-0.047729509652547006,0.0390954046642802,0.8450385168240195,False,True,0.023163833732930572,-23_to_-2,group_event__education__higher_education__ln_salario_real_adm,education,education,higher_education,Higher education,ln_salario_real_adm,ols,-23_to_41,-1,2022-11,frozen,False,"ln_salario_real_adm ~ i(event_time, treatment, ref=-1) | cbo_4d + periodo",20609,340
57.0,"C(event_time, contr.treatment(base=-1))[35]:treatment",35,0.01804462639835642,0.023750314390194448,-0.028671920447860405,0.06476117324457324,0.4479238747248284,False,True,0.023163833732930572,-23_to_-2,group_event__education__higher_education__ln_salario_real_adm,education,education,higher_education,Higher education,ln_salario_real_adm,ols,-23_to_41,-1,2022-11,frozen,False,"ln_salario_real_adm ~ i(event_time, treatment, ref=-1) | cbo_4d + periodo",20609,340
58.0,"C(event_time, contr.treatment(base=-1))[36]:treatment",36,0.015286607102969444,0.02506741070235867,-0.0340206503568973,0.0645938645628362,0.5423896157839221,False,True,0.023163833732930572,-23_to_-2,group_event__education__higher_education__ln_salario_real_adm,education,education,higher_education,Higher education,ln_salario_real_adm,ols,-23_to_41,-1,2022-11,frozen,False,"ln_salario_real_adm ~ i(event_time, treatment, ref=-1) | cbo_4d + periodo",20609,340
59.0,"C(event_time, contr.treatment(base=-1))[37]:treatment",37,-0.029359601995540625,0.023013095109696093,-0.07462604849834664,0.01590684450726539,0.20290744674506267,False,True,0.023163833732930572,-23_to_-2,group_event__education__higher_education__ln_salario_real_adm,education,education,higher_education,Higher education,ln_salario_real_adm,ols,-23_to_41,-1,2022-11,frozen,False,"ln_salario_real_adm ~ i(event_time, treatment, ref=-1) | cbo_4d + periodo",20609,340
60.0,"C(event_time, contr.treatment(base=-1))[38]:treatment",38,-0.04543470721355751,0.022319949599677376,-0.08933774588276436,-0.0015316685443506686,0.04256682435075976,False,True,0.023163833732930572,-23_to_-2,group_event__education__higher_education__ln_salario_real_adm,education,education,higher_education,Higher education,ln_salario_real_adm,ols,-23_to_41,-1,2022-11,frozen,False,"ln_salario_real_adm ~ i(event_time, treatment, ref=-1) | cbo_4d + periodo",20609,340
61.0,"C(event_time, contr.treatment(base=-1))[39]:treatment",39,-0.03229679005751557,0.02440880759549425,-0.08030858412311254,0.0157150040080814,0.18667348211717494,False,True,0.023163833732930572,-23_to_-2,group_event__education__higher_education__ln_salario_real_adm,education,education,higher_education,Higher education,ln_salario_real_adm,ols,-23_to_41,-1,2022-11,frozen,False,"ln_salario_real_adm ~ i(event_time, treatment, ref=-1) | cbo_4d + periodo",20609,340
62.0,"C(event_time, contr.treatment(base=-1))[40]:treatment",40,-0.010532438874136189,0.019736778437792108,-0.04935441484188119,0.028289537093608808,0.5939366842292813,False,True,0.023163833732930572,-23_to_-2,group_event__education__higher_education__ln_salario_real_adm,education,education,higher_education,Higher education,ln_salario_real_adm,ols,-23_to_41,-1,2022-11,frozen,False,"ln_salario_real_adm ~ i(event_time, treatment, ref=-1) | cbo_4d + periodo",20609,340
63.0,"C(event_time, contr.treatment(base=-1))[41]:treatment",41,-0.005796343243018739,0.019455270901462346,-0.04406459769817855,0.03247191121214107,0.7659377503764513,False,True,0.023163833732930572,-23_to_-2,group_event__education__higher_education__ln_salario_real_adm,education,education,higher_education,Higher education,ln_salario_real_adm,ols,-23_to_41,-1,2022-11,frozen,False,"ln_salario_real_adm ~ i(event_time, treatment, ref=-1) | cbo_4d + periodo",20609,340
0.0,"C(event_time, contr.treatment(base=-1))[-23]:treatment",-23,-0.11704110244196245,0.1053135740114297,-0.324374447049565,0.09029224216564005,0.2673955903051628,False,False,-0.10220445351649832,-23_to_-2,group_event__income__low_income__admissoes,income,income,low_income,Up to 2 minimum wages,admissoes,ppml,-23_to_41,-1,2022-11,frozen,False,"admissoes ~ i(event_time, treatment, ref=-1) | cbo_4d + periodo",17672,273
1.0,"C(event_time, contr.treatment(base=-1))[-22]:treatment",-22,-0.15452742455929958,0.10313302049189134,-0.35756786145252994,0.048513012333930794,0.13520684304114194,False,False,-0.10220445351649832,-23_to_-2,group_event__income__low_income__admissoes,income,income,low_income,Up to 2 minimum wages,admissoes,ppml,-23_to_41,-1,2022-11,frozen,False,"admissoes ~ i(event_time, treatment, ref=-1) | cbo_4d + periodo",17672,273
2.0,"C(event_time, contr.treatment(base=-1))[-21]:treatment",-21,-0.15497372935357628,0.0993026448042136,-0.3504732142861061,0.04052575557895352,0.11977606538491647,False,False,-0.10220445351649832,-23_to_-2,group_event__income__low_income__admissoes,income,income,low_income,Up to 2 minimum wages,admissoes,ppml,-23_to_41,-1,2022-11,frozen,False,"admissoes ~ i(event_time, treatment, ref=-1) | cbo_4d + periodo",17672,273
3.0,"C(event_time, contr.treatment(base=-1))[-20]:treatment",-20,-0.13124952807585477,0.10032865338573516,-0.3287689405704278,0.06626988441871828,0.19191131081736934,False,False,-0.10220445351649832,-23_to_-2,group_event__income__low_income__admissoes,income,income,low_income,Up to 2 minimum wages,admissoes,ppml,-23_to_41,-1,2022-11,frozen,False,"admissoes ~ i(event_time, treatment, ref=-1) | cbo_4d + periodo",17672,273
4.0,"C(event_time, contr.treatment(base=-1))[-19]:treatment",-19,-0.14500058884137756,0.08643131329264955,-0.3151599764797431,0.025158798796987958,0.09456613927716973,False,False,-0.10220445351649832,-23_to_-2,group_event__income__low_income__admissoes,income,income,low_income,Up to 2 minimum wages,admissoes,ppml,-23_to_41,-1,2022-11,frozen,False,"admissoes ~ i(event_time, treatment, ref=-1) | cbo_4d + periodo",17672,273
5.0,"C(event_time, contr.treatment(base=-1))[-18]:treatment",-18,-0.10801752949874022,0.07551145345317933,-0.25667872866125097,0.04064366966377053,0.15372741938491874,False,False,-0.10220445351649832,-23_to_-2,group_event__income__low_income__admissoes,income,income,low_income,Up to 2 minimum wages,admissoes,ppml,-23_to_41,-1,2022-11,frozen,False,"admissoes ~ i(event_time, treatment, ref=-1) | cbo_4d + periodo",17672,273
6.0,"C(event_time, contr.treatment(base=-1))[-17]:treatment",-17,-0.11699879425517883,0.07392030389411615,-0.26252745933603666,0.028529870825678996,0.1146360547379528,False,False,-0.10220445351649832,-23_to_-2,group_event__income__low_income__admissoes,income,income,low_income,Up to 2 minimum wages,admissoes,ppml,-23_to_41,-1,2022-11,frozen,False,"admissoes ~ i(event_time, treatment, ref=-1) | cbo_4d + periodo",17672,273
7.0,"C(event_time, contr.treatment(base=-1))[-16]:treatment",-16,-0.11026251139111726,0.08127195548358784,-0.2702645482736911,0.049739525491456604,0.1759981448331871,False,False,-0.10220445351649832,-23_to_-2,group_event__income__low_income__admissoes,income,income,low_income,Up to 2 minimum wages,admissoes,ppml,-23_to_41,-1,2022-11,frozen,False,"admissoes ~ i(event_time, treatment, ref=-1) | cbo_4d + periodo",17672,273
8.0,"C(event_time, contr.treatment(base=-1))[-15]:treatment",-15,-0.12697739683436302,0.07224097469838092,-0.2691999264799996,0.01524513281127357,0.07992475631838492,False,False,-0.10220445351649832,-23_to_-2,group_event__income__low_income__admissoes,income,income,low_income,Up to 2 minimum wages,admissoes,ppml,-23_to_41,-1,2022-11,frozen,False,"admissoes ~ i(event_time, treatment, ref=-1) | cbo_4d + periodo",17672,273
9.0,"C(event_time, contr.treatment(base=-1))[-14]:treatment",-14,-0.06257858497206686,0.06155671173002424,-0.18376675132037462,0.058609581376240893,0.31024690836402424,False,False,-0.10220445351649832,-23_to_-2,group_event__income__low_income__admissoes,income,income,low_income,Up to 2 minimum wages,admissoes,ppml,-23_to_41,-1,2022-11,frozen,False,"admissoes ~ i(event_time, treatment, ref=-1) | cbo_4d + periodo",17672,273
10.0,"C(event_time, contr.treatment(base=-1))[-13]:treatment",-13,0.03587306514188713,0.029621017214963474,-0.022442537832438075,0.09418866811621233,0.22692053583429184,False,False,-0.10220445351649832,-23_to_-2,group_event__income__low_income__admissoes,income,income,low_income,Up to 2 minimum wages,admissoes,ppml,-23_to_41,-1,2022-11,frozen,False,"admissoes ~ i(event_time, treatment, ref=-1) | cbo_4d + periodo",17672,273
11.0,"C(event_time, contr.treatment(base=-1))[-12]:treatment",-12,0.10104641618933918,0.037861216356012195,0.02650813665898992,0.17558469571968843,0.008068163629543434,False,False,-0.10220445351649832,-23_to_-2,group_event__income__low_income__admissoes,income,income,low_income,Up to 2 minimum wages,admissoes,ppml,-23_to_41,-1,2022-11,frozen,False,"admissoes ~ i(event_time, treatment, ref=-1) | cbo_4d + periodo",17672,273
12.0,"C(event_time, contr.treatment(base=-1))[-11]:treatment",-11,-0.12557514644226594,0.0911553826790991,-0.30503492213834443,0.053884629253812544,0.1694609604488735,False,False,-0.10220445351649832,-23_to_-2,group_event__income__low_income__admissoes,income,income,low_income,Up to 2 minimum wages,admissoes,ppml,-23_to_41,-1,2022-11,frozen,False,"admissoes ~ i(event_time, treatment, ref=-1) | cbo_4d + periodo",17672,273
13.0,"C(event_time, contr.treatment(base=-1))[-10]:treatment",-10,-0.1123077173215949,0.0956144972586469,-0.30054625822856473,0.07593082358537491,0.24118655794006028,False,False,-0.10220445351649832,-23_to_-2,group_event__income__low_income__admissoes,income,income,low_income,Up to 2 minimum wages,admissoes,ppml,-23_to_41,-1,2022-11,frozen,False,"admissoes ~ i(event_time, treatment, ref=-1) | cbo_4d + periodo",17672,273
14.0,"C(event_time, contr.treatment(base=-1))[-9]:treatment",-9,-0.1066929441101011,0.08510640257042451,-0.2742439484139918,0.060858060193789615,0.2110486726844556,False,False,-0.10220445351649832,-23_to_-2,group_event__income__low_income__admissoes,income,income,low_income,Up to 2 minimum wages,admissoes,ppml,-23_to_41,-1,2022-11,frozen,False,"admissoes ~ i(event_time, treatment, ref=-1) | cbo_4d + periodo",17672,273
15.0,"C(event_time, contr.treatment(base=-1))[-8]:treatment",-8,-0.0710027681354717,0.08096526681811855,-0.23040101972861943,0.08839548345767605,0.3812858060548341,False,False,-0.10220445351649832,-23_to_-2,group_event__income__low_income__admissoes,income,income,low_income,Up to 2 minimum wages,admissoes,ppml,-23_to_41,-1,2022-11,frozen,False,"admissoes ~ i(event_time, treatment, ref=-1) | cbo_4d + periodo",17672,273
16.0,"C(event_time, contr.treatment(base=-1))[-7]:treatment",-7,-0.14208235322695362,0.06805505457773128,-0.27606396210789985,-0.00810074434600741,0.03775026221428557,False,False,-0.10220445351649832,-23_to_-2,group_event__income__low_income__admissoes,income,income,low_income,Up to 2 minimum wages,admissoes,ppml,-23_to_41,-1,2022-11,frozen,False,"admissoes ~ i(event_time, treatment, ref=-1) | cbo_4d + periodo",17672,273
17.0,"C(event_time, contr.treatment(base=-1))[-6]:treatment",-6,-0.13586510577257965,0.0718368916946434,-0.27729210757244305,0.005561896027283769,0.05964674727141639,False,False,-0.10220445351649832,-23_to_-2,group_event__income__low_income__admissoes,income,income,low_income,Up to 2 minimum wages,admissoes,ppml,-23_to_41,-1,2022-11,frozen,False,"admissoes ~ i(event_time, treatment, ref=-1) | cbo_4d + periodo",17672,273
18.0,"C(event_time, contr.treatment(base=-1))[-5]:treatment",-5,-0.14507999203085656,0.07344716679800752,-0.289677180827532,-0.0004828032341811228,0.04924527709604587,False,False,-0.10220445351649832,-23_to_-2,group_event__income__low_income__admissoes,income,income,low_income,Up to 2 minimum wages,admissoes,ppml,-23_to_41,-1,2022-11,frozen,False,"admissoes ~ i(event_time, treatment, ref=-1) | cbo_4d + periodo",17672,273
19.0,"C(event_time, contr.treatment(base=-1))[-4]:treatment",-4,-0.138600989774606,0.07873231076776845,-0.2936031675413102,0.01640118799209822,0.07946251539482763,False,False,-0.10220445351649832,-23_to_-2,group_event__income__low_income__admissoes,income,income,low_income,Up to 2 minimum wages,admissoes,ppml,-23_to_41,-1,2022-11,frozen,False,"admissoes ~ i(event_time, treatment, ref=-1) | cbo_4d + periodo",17672,273
20.0,"C(event_time, contr.treatment(base=-1))[-3]:treatment",-3,-0.10076504331358156,0.0682095410893608,-0.2350507934740691,0.03352070684690599,0.14075571346542004,False,False,-0.10220445351649832,-23_to_-2,group_event__income__low_income__admissoes,income,income,low_income,Up to 2 minimum wages,admissoes,ppml,-23_to_41,-1,2022-11,frozen,False,"admissoes ~ i(event_time, treatment, ref=-1) | cbo_4d + periodo",17672,273
21.0,"C(event_time, contr.treatment(base=-1))[-2]:treatment",-2,-0.0798182083426411,0.04379044397878068,-0.16602949969039343,0.0063930830051112525,0.0694418834037307,False,False,-0.10220445351649832,-23_to_-2,group_event__income__low_income__admissoes,income,income,low_income,Up to 2 minimum wages,admissoes,ppml,-23_to_41,-1,2022-11,frozen,False,"admissoes ~ i(event_time, treatment, ref=-1) | cbo_4d + periodo",17672,273
,reference_event_time,-1,0.0,0.0,0.0,0.0,,True,False,-0.10220445351649832,-23_to_-2,group_event__income__low_income__admissoes,income,income,low_income,Up to 2 minimum wages,admissoes,ppml,-23_to_41,-1,2022-11,frozen,False,"admissoes ~ i(event_time, treatment, ref=-1) | cbo_4d + periodo",17672,273
22.0,"C(event_time, contr.treatment(base=-1))[0]:treatment",0,0.02817791624359026,0.04514235643004017,-0.06069491738650713,0.11705074987368765,0.5330185883074192,False,False,-0.10220445351649832,-23_to_-2,group_event__income__low_income__admissoes,income,income,low_income,Up to 2 minimum wages,admissoes,ppml,-23_to_41,-1,2022-11,frozen,False,"admissoes ~ i(event_time, treatment, ref=-1) | cbo_4d + periodo",17672,273
23.0,"C(event_time, contr.treatment(base=-1))[1]:treatment",1,-0.15382636673974873,0.07799579249372192,-0.307378543416317,-0.0002741900631804406,0.0495951756264692,False,False,-0.10220445351649832,-23_to_-2,group_event__income__low_income__admissoes,income,income,low_income,Up to 2 minimum wages,admissoes,ppml,-23_to_41,-1,2022-11,frozen,False,"admissoes ~ i(event_time, treatment, ref=-1) | cbo_4d + periodo",17672,273
24.0,"C(event_time, contr.treatment(base=-1))[2]:treatment",2,-0.16784057842933728,0.08342134024462751,-0.3320741603481341,-0.0036069965105404445,0.04520982774825111,False,False,-0.10220445351649832,-23_to_-2,group_event__income__low_income__admissoes,income,income,low_income,Up to 2 minimum wages,admissoes,ppml,-23_to_41,-1,2022-11,frozen,False,"admissoes ~ i(event_time, treatment, ref=-1) | cbo_4d + periodo",17672,273
25.0,"C(event_time, contr.treatment(base=-1))[3]:treatment",3,-0.14748997960624827,0.06534835451455893,-0.27614284352516116,-0.0188371156873354,0.024802890838058866,False,False,-0.10220445351649832,-23_to_-2,group_event__income__low_income__admissoes,income,income,low_income,Up to 2 minimum wages,admissoes,ppml,-23_to_41,-1,2022-11,frozen,False,"admissoes ~ i(event_time, treatment, ref=-1) | cbo_4d + periodo",17672,273
26.0,"C(event_time, contr.treatment(base=-1))[4]:treatment",4,-0.12964386143927367,0.05871741876396831,-0.24524224401564976,-0.0140454788628976,0.02808378391627353,False,False,-0.10220445351649832,-23_to_-2,group_event__income__low_income__admissoes,income,income,low_income,Up to 2 minimum wages,admissoes,ppml,-23_to_41,-1,2022-11,frozen,False,"admissoes ~ i(event_time, treatment, ref=-1) | cbo_4d + periodo",17672,273
27.0,"C(event_time, contr.treatment(base=-1))[5]:treatment",5,-0.18964192629891422,0.05675385184256723,-0.3013745878512297,-0.07790926474659868,0.0009500934755302115,False,False,-0.10220445351649832,-23_to_-2,group_event__income__low_income__admissoes,income,income,low_income,Up to 2 minimum wages,admissoes,ppml,-23_to_41,-1,2022-11,frozen,False,"admissoes ~ i(event_time, treatment, ref=-1) | cbo_4d + periodo",17672,273
28.0,"C(event_time, contr.treatment(base=-1))[6]:treatment",6,-0.15629225552241935,0.05851365702604254,-0.2714894875061603,-0.0410950235386784,0.008017411761227944,False,False,-0.10220445351649832,-23_to_-2,group_event__income__low_income__admissoes,income,income,low_income,Up to 2 minimum wages,admissoes,ppml,-23_to_41,-1,2022-11,frozen,False,"admissoes ~ i(event_time, treatment, ref=-1) | cbo_4d + periodo",17672,273
29.0,"C(event_time, contr.treatment(base=-1))[7]:treatment",7,-0.14662569496719968,0.05706788861516342,-0.25897660820267504,-0.03427478173172431,0.010723223402805404,False,False,-0.10220445351649832,-23_to_-2,group_event__income__low_income__admissoes,income,income,low_income,Up to 2 minimum wages,admissoes,ppml,-23_to_41,-1,2022-11,frozen,False,"admissoes ~ i(event_time, treatment, ref=-1) | cbo_4d + periodo",17672,273
30.0,"C(event_time, contr.treatment(base=-1))[8]:treatment",8,-0.15067380050553378,0.060135400280057115,-0.2690637971077575,-0.032283803903310065,0.012809870030221049,False,False,-0.10220445351649832,-23_to_-2,group_event__income__low_income__admissoes,income,income,low_income,Up to 2 minimum wages,admissoes,ppml,-23_to_41,-1,2022-11,frozen,False,"admissoes ~ i(event_time, treatment, ref=-1) | cbo_4d + periodo",17672,273
31.0,"C(event_time, contr.treatment(base=-1))[9]:treatment",9,-0.15290937878521202,0.05224197962299819,-0.25575940990259566,-0.050059347667828366,0.0037123693749399056,False,False,-0.10220445351649832,-23_to_-2,group_event__income__low_income__admissoes,income,income,low_income,Up to 2 minimum wages,admissoes,ppml,-23_to_41,-1,2022-11,frozen,False,"admissoes ~ i(event_time, treatment, ref=-1) | cbo_4d + periodo",17672,273
32.0,"C(event_time, contr.treatment(base=-1))[10]:treatment",10,-0.10880996668334379,0.03968956346003454,-0.18694775675864367,-0.03067217660804393,0.006520894438791336,False,False,-0.10220445351649832,-23_to_-2,group_event__income__low_income__admissoes,income,income,low_income,Up to 2 minimum wages,admissoes,ppml,-23_to_41,-1,2022-11,frozen,False,"admissoes ~ i(event_time, treatment, ref=-1) | cbo_4d + periodo",17672,273
33.0,"C(event_time, contr.treatment(base=-1))[11]:treatment",11,-0.026142358338510946,0.013198092680442924,-0.05212575813824015,-0.00015895853878174562,0.04862453120372745,False,False,-0.10220445351649832,-23_to_-2,group_event__income__low_income__admissoes,income,income,low_income,Up to 2 minimum wages,admissoes,ppml,-23_to_41,-1,2022-11,frozen,False,"admissoes ~ i(event_time, treatment, ref=-1) | cbo_4d + periodo",17672,273
34.0,"C(event_time, contr.treatment(base=-1))[12]:treatment",12,0.04614086624479071,0.04146476686170136,-0.035491809101295145,0.12777354159087656,0.2667884761654564,False,False,-0.10220445351649832,-23_to_-2,group_event__income__low_income__admissoes,income,income,low_income,Up to 2 minimum wages,admissoes,ppml,-23_to_41,-1,2022-11,frozen,False,"admissoes ~ i(event_time, treatment, ref=-1) | cbo_4d + periodo",17672,273
35.0,"C(event_time, contr.treatment(base=-1))[13]:treatment",13,-0.15478508916754521,0.07476445761184956,-0.3019756598033471,-0.007594518531743311,0.039367576574413476,False,False,-0.10220445351649832,-23_to_-2,group_event__income__low_income__admissoes,income,income,low_income,Up to 2 minimum wages,admissoes,ppml,-23_to_41,-1,2022-11,frozen,False,"admissoes ~ i(event_time, treatment, ref=-1) | cbo_4d + periodo",17672,273
36.0,"C(event_time, contr.treatment(base=-1))[14]:treatment",14,-0.17593283307247656,0.06921862728822577,-0.3122051952967171,-0.03966047084823604,0.011586951690629066,False,False,-0.10220445351649832,-23_to_-2,group_event__income__low_income__admissoes,income,income,low_income,Up to 2 minimum wages,admissoes,ppml,-23_to_41,-1,2022-11,frozen,False,"admissoes ~ i(event_time, treatment, ref=-1) | cbo_4d + periodo",17672,273
37.0,"C(event_time, contr.treatment(base=-1))[15]:treatment",15,-0.12623669456636333,0.06234321387924963,-0.2489732664518554,-0.0035001226808712566,0.0438578619012433,False,False,-0.10220445351649832,-23_to_-2,group_event__income__low_income__admissoes,income,income,low_income,Up to 2 minimum wages,admissoes,ppml,-23_to_41,-1,2022-11,frozen,False,"admissoes ~ i(event_time, treatment, ref=-1) | cbo_4d + periodo",17672,273
38.0,"C(event_time, contr.treatment(base=-1))[16]:treatment",16,-0.15213036493415244,0.057259252953259954,-0.2648580217055738,-0.03940270816273109,0.0083531973459392,False,False,-0.10220445351649832,-23_to_-2,group_event__income__low_income__admissoes,income,income,low_income,Up to 2 minimum wages,admissoes,ppml,-23_to_41,-1,2022-11,frozen,False,"admissoes ~ i(event_time, treatment, ref=-1) | cbo_4d + periodo",17672,273
39.0,"C(event_time, contr.treatment(base=-1))[17]:treatment",17,-0.17635012302498979,0.04876507657219798,-0.2723550921912849,-0.08034515385869467,0.00035605836751595454,False,False,-0.10220445351649832,-23_to_-2,group_event__income__low_income__admissoes,income,income,low_income,Up to 2 minimum wages,admissoes,ppml,-23_to_41,-1,2022-11,frozen,False,"admissoes ~ i(event_time, treatment, ref=-1) | cbo_4d + periodo",17672,273
40.0,"C(event_time, contr.treatment(base=-1))[18]:treatment",18,-0.17412027752471285,0.048642877078410626,-0.2698846696334528,-0.0783558854159729,0.00040744814723270295,False,False,-0.10220445351649832,-23_to_-2,group_event__income__low_income__admissoes,income,income,low_income,Up to 2 minimum wages,admissoes,ppml,-23_to_41,-1,2022-11,frozen,False,"admissoes ~ i(event_time, treatment, ref=-1) | cbo_4d + periodo",17672,273
41.0,"C(event_time, contr.treatment(base=-1))[19]:treatment",19,-0.14773036716650936,0.05697799346732734,-0.2599043016806774,-0.03555643265234133,0.010035887959435552,False,False,-0.10220445351649832,-23_to_-2,group_event__income__low_income__admissoes,income,income,low_income,Up to 2 minimum wages,admissoes,ppml,-23_to_41,-1,2022-11,frozen,False,"admissoes ~ i(event_time, treatment, ref=-1) | cbo_4d + periodo",17672,273
42.0,"C(event_time, contr.treatment(base=-1))[20]:treatment",20,-0.14491054185556143,0.058525208499990995,-0.26013051550153693,-0.029690568209585932,0.013893930371843055,False,False,-0.10220445351649832,-23_to_-2,group_event__income__low_income__admissoes,income,income,low_income,Up to 2 minimum wages,admissoes,ppml,-23_to_41,-1,2022-11,frozen,False,"admissoes ~ i(event_time, treatment, ref=-1) | cbo_4d + periodo",17672,273
43.0,"C(event_time, contr.treatment(base=-1))[21]:treatment",21,-0.1264776732069541,0.06177867842668082,-0.24810283068429062,-0.004852515729617576,0.04159217343647237,False,False,-0.10220445351649832,-23_to_-2,group_event__income__low_income__admissoes,income,income,low_income,Up to 2 minimum wages,admissoes,ppml,-23_to_41,-1,2022-11,frozen,False,"admissoes ~ i(event_time, treatment, ref=-1) | cbo_4d + periodo",17672,273
44.0,"C(event_time, contr.treatment(base=-1))[22]:treatment",22,-0.13545123269099923,0.03852415122223662,-0.21129464790173463,-0.059607817480263836,0.0005130863391802354,False,False,-0.10220445351649832,-23_to_-2,group_event__income__low_income__admissoes,income,income,low_income,Up to 2 minimum wages,admissoes,ppml,-23_to_41,-1,2022-11,frozen,False,"admissoes ~ i(event_time, treatment, ref=-1) | cbo_4d + periodo",17672,273
45.0,"C(event_time, contr.treatment(base=-1))[23]:treatment",23,-0.0337100966943118,0.027271736119688788,-0.08740061395220458,0.019980420563580986,0.21749453465185997,False,False,-0.10220445351649832,-23_to_-2,group_event__income__low_income__admissoes,income,income,low_income,Up to 2 minimum wages,admissoes,ppml,-23_to_41,-1,2022-11,frozen,False,"admissoes ~ i(event_time, treatment, ref=-1) | cbo_4d + periodo",17672,273
46.0,"C(event_time, contr.treatment(base=-1))[24]:treatment",24,0.03547246310955444,0.06119815516716995,-0.08500980438283262,0.1559547306019415,0.5626419895955432,False,True,-0.10220445351649832,-23_to_-2,group_event__income__low_income__admissoes,income,income,low_income,Up to 2 minimum wages,admissoes,ppml,-23_to_41,-1,2022-11,frozen,False,"admissoes ~ i(event_time, treatment, ref=-1) | cbo_4d + periodo",17672,273
47.0,"C(event_time, contr.treatment(base=-1))[25]:treatment",25,-0.19836785794710818,0.061983007634669254,-0.32039528320892485,-0.0763404326852915,0.0015353046203592235,False,True,-0.10220445351649832,-23_to_-2,group_event__income__low_income__admissoes,income,income,low_income,Up to 2 minimum wages,admissoes,ppml,-23_to_41,-1,2022-11,frozen,False,"admissoes ~ i(event_time, treatment, ref=-1) | cbo_4d + periodo",17672,273
48.0,"C(event_time, contr.treatment(base=-1))[26]:treatment",26,-0.1655098769697675,0.06613678809304116,-0.29571494887670213,-0.03530480506283287,0.012917742558061773,False,True,-0.10220445351649832,-23_to_-2,group_event__income__low_income__admissoes,income,income,low_income,Up to 2 minimum wages,admissoes,ppml,-23_to_41,-1,2022-11,frozen,False,"admissoes ~ i(event_time, treatment, ref=-1) | cbo_4d + periodo",17672,273
49.0,"C(event_time, contr.treatment(base=-1))[27]:treatment",27,-0.13139799671367056,0.052201629814263725,-0.23416859020036201,-0.028627403226979084,0.012406946696795318,False,True,-0.10220445351649832,-23_to_-2,group_event__income__low_income__admissoes,income,income,low_income,Up to 2 minimum wages,admissoes,ppml,-23_to_41,-1,2022-11,frozen,False,"admissoes ~ i(event_time, treatment, ref=-1) | cbo_4d + periodo",17672,273
50.0,"C(event_time, contr.treatment(base=-1))[28]:treatment",28,-0.13980971194322095,0.05154516833675959,-0.2412879140642732,-0.03833150982216872,0.007106197939366066,False,True,-0.10220445351649832,-23_to_-2,group_event__income__low_income__admissoes,income,income,low_income,Up to 2 minimum wages,admissoes,ppml,-23_to_41,-1,2022-11,frozen,False,"admissoes ~ i(event_time, treatment, ref=-1) | cbo_4d + periodo",17672,273
51.0,"C(event_time, contr.treatment(base=-1))[29]:treatment",29,-0.17035825235561922,0.042011708943711375,-0.25306770562168596,-0.08764879908955248,6.551564638912488e-05,False,True,-0.10220445351649832,-23_to_-2,group_event__income__low_income__admissoes,income,income,low_income,Up to 2 minimum wages,admissoes,ppml,-23_to_41,-1,2022-11,frozen,False,"admissoes ~ i(event_time, treatment, ref=-1) | cbo_4d + periodo",17672,273
52.0,"C(event_time, contr.treatment(base=-1))[30]:treatment",30,-0.1349373826635842,0.050086625623686154,-0.23354411696300748,-0.03633064836416096,0.007497263398541509,False,True,-0.10220445351649832,-23_to_-2,group_event__income__low_income__admissoes,income,income,low_income,Up to 2 minimum wages,admissoes,ppml,-23_to_41,-1,2022-11,frozen,False,"admissoes ~ i(event_time, treatment, ref=-1) | cbo_4d + periodo",17672,273
53.0,"C(event_time, contr.treatment(base=-1))[31]:treatment",31,-0.14963101797408285,0.05177229924051164,-0.2515563781218254,-0.04770565782634026,0.004160632217395044,False,True,-0.10220445351649832,-23_to_-2,group_event__income__low_income__admissoes,income,income,low_income,Up to 2 minimum wages,admissoes,ppml,-23_to_41,-1,2022-11,frozen,False,"admissoes ~ i(event_time, treatment, ref=-1) | cbo_4d + periodo",17672,273
54.0,"C(event_time, contr.treatment(base=-1))[32]:treatment",32,-0.13818152847601828,0.056822753545695666,-0.25004983845440687,-0.026313218497629687,0.01566979828240256,False,True,-0.10220445351649832,-23_to_-2,group_event__income__low_income__admissoes,income,income,low_income,Up to 2 minimum wages,admissoes,ppml,-23_to_41,-1,2022-11,frozen,False,"admissoes ~ i(event_time, treatment, ref=-1) | cbo_4d + periodo",17672,273
55.0,"C(event_time, contr.treatment(base=-1))[33]:treatment",33,-0.1541929801466963,0.0546129231963952,-0.26171074441778486,-0.04667521587560777,0.0051032039736373935,False,True,-0.10220445351649832,-23_to_-2,group_event__income__low_income__admissoes,income,income,low_income,Up to 2 minimum wages,admissoes,ppml,-23_to_41,-1,2022-11,frozen,False,"admissoes ~ i(event_time, treatment, ref=-1) | cbo_4d + periodo",17672,273
56.0,"C(event_time, contr.treatment(base=-1))[34]:treatment",34,-0.1408670792339982,0.030636454815226127,-0.20118179842747216,-0.08055236004052421,6.540152786227438e-06,False,True,-0.10220445351649832,-23_to_-2,group_event__income__low_income__admissoes,income,income,low_income,Up to 2 minimum wages,admissoes,ppml,-23_to_41,-1,2022-11,frozen,False,"admissoes ~ i(event_time, treatment, ref=-1) | cbo_4d + periodo",17672,273
57.0,"C(event_time, contr.treatment(base=-1))[35]:treatment",35,-0.045631227025154195,0.025246970221292356,-0.09533553937354132,0.004073085323232931,0.07180559000156839,False,True,-0.10220445351649832,-23_to_-2,group_event__income__low_income__admissoes,income,income,low_income,Up to 2 minimum wages,admissoes,ppml,-23_to_41,-1,2022-11,frozen,False,"admissoes ~ i(event_time, treatment, ref=-1) | cbo_4d + periodo",17672,273
58.0,"C(event_time, contr.treatment(base=-1))[36]:treatment",36,0.046928992887248916,0.06821351345817038,-0.0873645777704446,0.18122256354494243,0.49205663315092707,False,True,-0.10220445351649832,-23_to_-2,group_event__income__low_income__admissoes,income,income,low_income,Up to 2 minimum wages,admissoes,ppml,-23_to_41,-1,2022-11,frozen,False,"admissoes ~ i(event_time, treatment, ref=-1) | cbo_4d + periodo",17672,273
59.0,"C(event_time, contr.treatment(base=-1))[37]:treatment",37,-0.18910967988350152,0.05531109882678328,-0.29800195916778455,-0.08021740059921849,0.0007248105480359701,False,True,-0.10220445351649832,-23_to_-2,group_event__income__low_income__admissoes,income,income,low_income,Up to 2 minimum wages,admissoes,ppml,-23_to_41,-1,2022-11,frozen,False,"admissoes ~ i(event_time, treatment, ref=-1) | cbo_4d + periodo",17672,273
60.0,"C(event_time, contr.treatment(base=-1))[38]:treatment",38,-0.1844556244006014,0.06555057637865262,-0.31350660732581426,-0.055404641475388566,0.0052509695219526975,False,True,-0.10220445351649832,-23_to_-2,group_event__income__low_income__admissoes,income,income,low_income,Up to 2 minimum wages,admissoes,ppml,-23_to_41,-1,2022-11,frozen,False,"admissoes ~ i(event_time, treatment, ref=-1) | cbo_4d + periodo",17672,273
61.0,"C(event_time, contr.treatment(base=-1))[39]:treatment",39,-0.12928626149079975,0.061303863506780014,-0.24997663951224258,-0.008595883469356927,0.03586374668751824,False,True,-0.10220445351649832,-23_to_-2,group_event__income__low_income__admissoes,income,income,low_income,Up to 2 minimum wages,admissoes,ppml,-23_to_41,-1,2022-11,frozen,False,"admissoes ~ i(event_time, treatment, ref=-1) | cbo_4d + periodo",17672,273
62.0,"C(event_time, contr.treatment(base=-1))[40]:treatment",40,-0.13635449003051947,0.048445228254010125,-0.23172976618525837,-0.04097921387578056,0.005240385273111325,False,True,-0.10220445351649832,-23_to_-2,group_event__income__low_income__admissoes,income,income,low_income,Up to 2 minimum wages,admissoes,ppml,-23_to_41,-1,2022-11,frozen,False,"admissoes ~ i(event_time, treatment, ref=-1) | cbo_4d + periodo",17672,273
63.0,"C(event_time, contr.treatment(base=-1))[41]:treatment",41,-0.17167549098390433,0.04791302029540956,-0.26600299663878857,-0.07734798532902012,0.0004022671856436233,False,True,-0.10220445351649832,-23_to_-2,group_event__income__low_income__admissoes,income,income,low_income,Up to 2 minimum wages,admissoes,ppml,-23_to_41,-1,2022-11,frozen,False,"admissoes ~ i(event_time, treatment, ref=-1) | cbo_4d + periodo",17672,273
0.0,"C(event_time, contr.treatment(base=-1))[-23]:treatment",-23,0.00533885832736481,0.01970609925291484,-0.03345700921040184,0.04413472586513146,0.7866548452463786,False,False,0.028330884722618906,-23_to_-2,group_event__income__low_income__ln_salario_real_adm,income,income,low_income,Up to 2 minimum wages,ln_salario_real_adm,ols,-23_to_41,-1,2022-11,frozen,False,"ln_salario_real_adm ~ i(event_time, treatment, ref=-1) | cbo_4d + periodo",17636,273
1.0,"C(event_time, contr.treatment(base=-1))[-22]:treatment",-22,0.048457750996033735,0.036045008470869305,-0.0225049167590613,0.11942041875112877,0.17994956487549496,False,False,0.028330884722618906,-23_to_-2,group_event__income__low_income__ln_salario_real_adm,income,income,low_income,Up to 2 minimum wages,ln_salario_real_adm,ols,-23_to_41,-1,2022-11,frozen,False,"ln_salario_real_adm ~ i(event_time, treatment, ref=-1) | cbo_4d + periodo",17636,273
2.0,"C(event_time, contr.treatment(base=-1))[-21]:treatment",-21,0.06114720048167086,0.03636796988669262,-0.010451289114534489,0.1327456900778762,0.09384320315801054,False,False,0.028330884722618906,-23_to_-2,group_event__income__low_income__ln_salario_real_adm,income,income,low_income,Up to 2 minimum wages,ln_salario_real_adm,ols,-23_to_41,-1,2022-11,frozen,False,"ln_salario_real_adm ~ i(event_time, treatment, ref=-1) | cbo_4d + periodo",17636,273
3.0,"C(event_time, contr.treatment(base=-1))[-20]:treatment",-20,0.054366630951251715,0.044020862398861764,-0.03229829063498657,0.14103155253749,0.21788893431622647,False,False,0.028330884722618906,-23_to_-2,group_event__income__low_income__ln_salario_real_adm,income,income,low_income,Up to 2 minimum wages,ln_salario_real_adm,ols,-23_to_41,-1,2022-11,frozen,False,"ln_salario_real_adm ~ i(event_time, treatment, ref=-1) | cbo_4d + periodo",17636,273
4.0,"C(event_time, contr.treatment(base=-1))[-19]:treatment",-19,0.06409346939005896,0.03708748386768705,-0.008921544539043078,0.13710848331916098,0.08509269437932332,False,False,0.028330884722618906,-23_to_-2,group_event__income__low_income__ln_salario_real_adm,income,income,low_income,Up to 2 minimum wages,ln_salario_real_adm,ols,-23_to_41,-1,2022-11,frozen,False,"ln_salario_real_adm ~ i(event_time, treatment, ref=-1) | cbo_4d + periodo",17636,273
5.0,"C(event_time, contr.treatment(base=-1))[-18]:treatment",-18,0.020627877527438738,0.019854288352772382,-0.018459733425137095,0.05971548848001457,0.2997444711606474,False,False,0.028330884722618906,-23_to_-2,group_event__income__low_income__ln_salario_real_adm,income,income,low_income,Up to 2 minimum wages,ln_salario_real_adm,ols,-23_to_41,-1,2022-11,frozen,False,"ln_salario_real_adm ~ i(event_time, treatment, ref=-1) | cbo_4d + periodo",17636,273
6.0,"C(event_time, contr.treatment(base=-1))[-17]:treatment",-17,0.009767595247134464,0.013994332097921966,-0.017783380081998208,0.03731857057626714,0.48579347274417906,False,False,0.028330884722618906,-23_to_-2,group_event__income__low_income__ln_salario_real_adm,income,income,low_income,Up to 2 minimum wages,ln_salario_real_adm,ols,-23_to_41,-1,2022-11,frozen,False,"ln_salario_real_adm ~ i(event_time, treatment, ref=-1) | cbo_4d + periodo",17636,273
7.0,"C(event_time, contr.treatment(base=-1))[-16]:treatment",-16,0.08916657008349207,0.05998143473517245,-0.028920310878844557,0.2072534510458287,0.1382867590191208,False,False,0.028330884722618906,-23_to_-2,group_event__income__low_income__ln_salario_real_adm,income,income,low_income,Up to 2 minimum wages,ln_salario_real_adm,ols,-23_to_41,-1,2022-11,frozen,False,"ln_salario_real_adm ~ i(event_time, treatment, ref=-1) | cbo_4d + periodo",17636,273
8.0,"C(event_time, contr.treatment(base=-1))[-15]:treatment",-15,0.024779444407731884,0.01808846372813238,-0.010831745496049785,0.06039063431151355,0.171846866390299,False,False,0.028330884722618906,-23_to_-2,group_event__income__low_income__ln_salario_real_adm,income,income,low_income,Up to 2 minimum wages,ln_salario_real_adm,ols,-23_to_41,-1,2022-11,frozen,False,"ln_salario_real_adm ~ i(event_time, treatment, ref=-1) | cbo_4d + periodo",17636,273
9.0,"C(event_time, contr.treatment(base=-1))[-14]:treatment",-14,0.016225334802731525,0.015762641071793253,-0.014806952572772127,0.047257622178235176,0.3042278968632881,False,False,0.028330884722618906,-23_to_-2,group_event__income__low_income__ln_salario_real_adm,income,income,low_income,Up to 2 minimum wages,ln_salario_real_adm,ols,-23_to_41,-1,2022-11,frozen,False,"ln_salario_real_adm ~ i(event_time, treatment, ref=-1) | cbo_4d + periodo",17636,273
10.0,"C(event_time, contr.treatment(base=-1))[-13]:treatment",-13,0.027363223481460457,0.012854873691168715,0.002055527090784104,0.05267091987213681,0.03418388554696872,False,False,0.028330884722618906,-23_to_-2,group_event__income__low_income__ln_salario_real_adm,income,income,low_income,Up to 2 minimum wages,ln_salario_real_adm,ols,-23_to_41,-1,2022-11,frozen,False,"ln_salario_real_adm ~ i(event_time, treatment, ref=-1) | cbo_4d + periodo",17636,273
11.0,"C(event_time, contr.treatment(base=-1))[-12]:treatment",-12,0.062032949576888936,0.0402917917064427,-0.017290461608671835,0.1413563607624497,0.12482216462980356,False,False,0.028330884722618906,-23_to_-2,group_event__income__low_income__ln_salario_real_adm,income,income,low_income,Up to 2 minimum wages,ln_salario_real_adm,ols,-23_to_41,-1,2022-11,frozen,False,"ln_salario_real_adm ~ i(event_time, treatment, ref=-1) | cbo_4d + periodo",17636,273
12.0,"C(event_time, contr.treatment(base=-1))[-11]:treatment",-11,0.031120100290346103,0.015121453784972885,0.001350133617033348,0.060890066963658854,0.04054194996296867,False,False,0.028330884722618906,-23_to_-2,group_event__income__low_income__ln_salario_real_adm,income,income,low_income,Up to 2 minimum wages,ln_salario_real_adm,ols,-23_to_41,-1,2022-11,frozen,False,"ln_salario_real_adm ~ i(event_time, treatment, ref=-1) | cbo_4d + periodo",17636,273
13.0,"C(event_time, contr.treatment(base=-1))[-10]:treatment",-10,-0.0013652689001182115,0.014621400816337848,-0.03015076936913321,0.027420231568896787,0.9256746309105759,False,False,0.028330884722618906,-23_to_-2,group_event__income__low_income__ln_salario_real_adm,income,income,low_income,Up to 2 minimum wages,ln_salario_real_adm,ols,-23_to_41,-1,2022-11,frozen,False,"ln_salario_real_adm ~ i(event_time, treatment, ref=-1) | cbo_4d + periodo",17636,273
14.0,"C(event_time, contr.treatment(base=-1))[-9]:treatment",-9,0.011728228758644842,0.015752514220983713,-0.019284121644171353,0.04274057916146104,0.45719829810905255,False,False,0.028330884722618906,-23_to_-2,group_event__income__low_income__ln_salario_real_adm,income,income,low_income,Up to 2 minimum wages,ln_salario_real_adm,ols,-23_to_41,-1,2022-11,frozen,False,"ln_salario_real_adm ~ i(event_time, treatment, ref=-1) | cbo_4d + periodo",17636,273
15.0,"C(event_time, contr.treatment(base=-1))[-8]:treatment",-8,0.017163619444417296,0.015603475145236839,-0.013555314175786704,0.047882553064621296,0.27231036913963225,False,False,0.028330884722618906,-23_to_-2,group_event__income__low_income__ln_salario_real_adm,income,income,low_income,Up to 2 minimum wages,ln_salario_real_adm,ols,-23_to_41,-1,2022-11,frozen,False,"ln_salario_real_adm ~ i(event_time, treatment, ref=-1) | cbo_4d + periodo",17636,273
16.0,"C(event_time, contr.treatment(base=-1))[-7]:treatment",-7,0.02610585041506385,0.014626072398057658,-0.0026888471082878555,0.05490054793841556,0.07539438783236396,False,False,0.028330884722618906,-23_to_-2,group_event__income__low_income__ln_salario_real_adm,income,income,low_income,Up to 2 minimum wages,ln_salario_real_adm,ols,-23_to_41,-1,2022-11,frozen,False,"ln_salario_real_adm ~ i(event_time, treatment, ref=-1) | cbo_4d + periodo",17636,273
17.0,"C(event_time, contr.treatment(base=-1))[-6]:treatment",-6,0.0034763557104646983,0.015803824945240484,-0.027637011338821404,0.0345897227597508,0.8260600922134242,False,False,0.028330884722618906,-23_to_-2,group_event__income__low_income__ln_salario_real_adm,income,income,low_income,Up to 2 minimum wages,ln_salario_real_adm,ols,-23_to_41,-1,2022-11,frozen,False,"ln_salario_real_adm ~ i(event_time, treatment, ref=-1) | cbo_4d + periodo",17636,273
18.0,"C(event_time, contr.treatment(base=-1))[-5]:treatment",-5,0.02275040595057996,0.013397134972904295,-0.0036248531569522575,0.04912566505811218,0.09062220086914308,False,False,0.028330884722618906,-23_to_-2,group_event__income__low_income__ln_salario_real_adm,income,income,low_income,Up to 2 minimum wages,ln_salario_real_adm,ols,-23_to_41,-1,2022-11,frozen,False,"ln_salario_real_adm ~ i(event_time, treatment, ref=-1) | cbo_4d + periodo",17636,273
19.0,"C(event_time, contr.treatment(base=-1))[-4]:treatment",-4,0.03127367615564858,0.016804856831335268,-0.0018104462397656798,0.06435779855106283,0.06382439884118063,False,False,0.028330884722618906,-23_to_-2,group_event__income__low_income__ln_salario_real_adm,income,income,low_income,Up to 2 minimum wages,ln_salario_real_adm,ols,-23_to_41,-1,2022-11,frozen,False,"ln_salario_real_adm ~ i(event_time, treatment, ref=-1) | cbo_4d + periodo",17636,273
20.0,"C(event_time, contr.treatment(base=-1))[-3]:treatment",-3,0.00037162011794092154,0.014010102327810546,-0.02721040243885184,0.02795364267473368,0.9788579209518491,False,False,0.028330884722618906,-23_to_-2,group_event__income__low_income__ln_salario_real_adm,income,income,low_income,Up to 2 minimum wages,ln_salario_real_adm,ols,-23_to_41,-1,2022-11,frozen,False,"ln_salario_real_adm ~ i(event_time, treatment, ref=-1) | cbo_4d + periodo",17636,273
21.0,"C(event_time, contr.treatment(base=-1))[-2]:treatment",-2,-0.0027120293186302597,0.013445231074046216,-0.029181976367445885,0.023757917730185367,0.8402946939494074,False,False,0.028330884722618906,-23_to_-2,group_event__income__low_income__ln_salario_real_adm,income,income,low_income,Up to 2 minimum wages,ln_salario_real_adm,ols,-23_to_41,-1,2022-11,frozen,False,"ln_salario_real_adm ~ i(event_time, treatment, ref=-1) | cbo_4d + periodo",17636,273
,reference_event_time,-1,0.0,0.0,0.0,0.0,,True,False,0.028330884722618906,-23_to_-2,group_event__income__low_income__ln_salario_real_adm,income,income,low_income,Up to 2 minimum wages,ln_salario_real_adm,ols,-23_to_41,-1,2022-11,frozen,False,"ln_salario_real_adm ~ i(event_time, treatment, ref=-1) | cbo_4d + periodo",17636,273
22.0,"C(event_time, contr.treatment(base=-1))[0]:treatment",0,0.006101262101409847,0.01624791118357835,-0.02588638811557889,0.03808891231839859,0.7075734699724201,False,False,0.028330884722618906,-23_to_-2,group_event__income__low_income__ln_salario_real_adm,income,income,low_income,Up to 2 minimum wages,ln_salario_real_adm,ols,-23_to_41,-1,2022-11,frozen,False,"ln_salario_real_adm ~ i(event_time, treatment, ref=-1) | cbo_4d + periodo",17636,273
23.0,"C(event_time, contr.treatment(base=-1))[1]:treatment",1,-0.01741774497310622,0.015407077442879375,-0.04775002575311127,0.012914535806898834,0.2592602521115286,False,False,0.028330884722618906,-23_to_-2,group_event__income__low_income__ln_salario_real_adm,income,income,low_income,Up to 2 minimum wages,ln_salario_real_adm,ols,-23_to_41,-1,2022-11,frozen,False,"ln_salario_real_adm ~ i(event_time, treatment, ref=-1) | cbo_4d + periodo",17636,273
24.0,"C(event_time, contr.treatment(base=-1))[2]:treatment",2,-0.04562873444793973,0.020368001753935668,-0.085727705224097,-0.005529763671782456,0.025884539496445313,False,False,0.028330884722618906,-23_to_-2,group_event__income__low_income__ln_salario_real_adm,income,income,low_income,Up to 2 minimum wages,ln_salario_real_adm,ols,-23_to_41,-1,2022-11,frozen,False,"ln_salario_real_adm ~ i(event_time, treatment, ref=-1) | cbo_4d + periodo",17636,273
25.0,"C(event_time, contr.treatment(base=-1))[3]:treatment",3,-0.030567553250384693,0.0163720221329946,-0.06279954365320839,0.0016644371524390002,0.06296882783075697,False,False,0.028330884722618906,-23_to_-2,group_event__income__low_income__ln_salario_real_adm,income,income,low_income,Up to 2 minimum wages,ln_salario_real_adm,ols,-23_to_41,-1,2022-11,frozen,False,"ln_salario_real_adm ~ i(event_time, treatment, ref=-1) | cbo_4d + periodo",17636,273
26.0,"C(event_time, contr.treatment(base=-1))[4]:treatment",4,-0.020436153781279037,0.01812963558908781,-0.056128399709564084,0.015256092147006014,0.2606413488171466,False,False,0.028330884722618906,-23_to_-2,group_event__income__low_income__ln_salario_real_adm,income,income,low_income,Up to 2 minimum wages,ln_salario_real_adm,ols,-23_to_41,-1,2022-11,frozen,False,"ln_salario_real_adm ~ i(event_time, treatment, ref=-1) | cbo_4d + periodo",17636,273
27.0,"C(event_time, contr.treatment(base=-1))[5]:treatment",5,-0.02850217867678827,0.013896912470742685,-0.055861361662691636,-0.0011429956908849091,0.04122761387838514,False,False,0.028330884722618906,-23_to_-2,group_event__income__low_income__ln_salario_real_adm,income,income,low_income,Up to 2 minimum wages,ln_salario_real_adm,ols,-23_to_41,-1,2022-11,frozen,False,"ln_salario_real_adm ~ i(event_time, treatment, ref=-1) | cbo_4d + periodo",17636,273
28.0,"C(event_time, contr.treatment(base=-1))[6]:treatment",6,-0.0014614916372266043,0.01488257085716754,-0.03076116379384046,0.027838180519387253,0.9218445729738249,False,False,0.028330884722618906,-23_to_-2,group_event__income__low_income__ln_salario_real_adm,income,income,low_income,Up to 2 minimum wages,ln_salario_real_adm,ols,-23_to_41,-1,2022-11,frozen,False,"ln_salario_real_adm ~ i(event_time, treatment, ref=-1) | cbo_4d + periodo",17636,273
29.0,"C(event_time, contr.treatment(base=-1))[7]:treatment",7,-0.013326140738524068,0.014856177413173733,-0.04257385149253321,0.015921570015485075,0.37050678357735123,False,False,0.028330884722618906,-23_to_-2,group_event__income__low_income__ln_salario_real_adm,income,income,low_income,Up to 2 minimum wages,ln_salario_real_adm,ols,-23_to_41,-1,2022-11,frozen,False,"ln_salario_real_adm ~ i(event_time, treatment, ref=-1) | cbo_4d + periodo",17636,273
30.0,"C(event_time, contr.treatment(base=-1))[8]:treatment",8,-0.025140944442959216,0.019858679716216604,-0.06423720077747014,0.013955311891551705,0.20659890026090677,False,False,0.028330884722618906,-23_to_-2,group_event__income__low_income__ln_salario_real_adm,income,income,low_income,Up to 2 minimum wages,ln_salario_real_adm,ols,-23_to_41,-1,2022-11,frozen,False,"ln_salario_real_adm ~ i(event_time, treatment, ref=-1) | cbo_4d + periodo",17636,273
31.0,"C(event_time, contr.treatment(base=-1))[9]:treatment",9,-0.03366658687557316,0.018391316363028338,-0.06987400998391201,0.0025408362327656864,0.06825885945969268,False,False,0.028330884722618906,-23_to_-2,group_event__income__low_income__ln_salario_real_adm,income,income,low_income,Up to 2 minimum wages,ln_salario_real_adm,ols,-23_to_41,-1,2022-11,frozen,False,"ln_salario_real_adm ~ i(event_time, treatment, ref=-1) | cbo_4d + periodo",17636,273
32.0,"C(event_time, contr.treatment(base=-1))[10]:treatment",10,-0.048768380806270814,0.015568409577055957,-0.07941828000617568,-0.018118481606365942,0.001922409947930026,False,False,0.028330884722618906,-23_to_-2,group_event__income__low_income__ln_salario_real_adm,income,income,low_income,Up to 2 minimum wages,ln_salario_real_adm,ols,-23_to_41,-1,2022-11,frozen,False,"ln_salario_real_adm ~ i(event_time, treatment, ref=-1) | cbo_4d + periodo",17636,273
33.0,"C(event_time, contr.treatment(base=-1))[11]:treatment",11,-0.024733263227081127,0.01618062289717374,-0.05658844138997675,0.007121914935814492,0.1275323925414722,False,False,0.028330884722618906,-23_to_-2,group_event__income__low_income__ln_salario_real_adm,income,income,low_income,Up to 2 minimum wages,ln_salario_real_adm,ols,-23_to_41,-1,2022-11,frozen,False,"ln_salario_real_adm ~ i(event_time, treatment, ref=-1) | cbo_4d + periodo",17636,273
34.0,"C(event_time, contr.treatment(base=-1))[12]:treatment",12,-0.019026788937050478,0.016852708758658488,-0.052205118562928365,0.014151540688827405,0.2598905518376242,False,False,0.028330884722618906,-23_to_-2,group_event__income__low_income__ln_salario_real_adm,income,income,low_income,Up to 2 minimum wages,ln_salario_real_adm,ols,-23_to_41,-1,2022-11,frozen,False,"ln_salario_real_adm ~ i(event_time, treatment, ref=-1) | cbo_4d + periodo",17636,273
35.0,"C(event_time, contr.treatment(base=-1))[13]:treatment",13,-0.009882062356365757,0.017891801268151777,-0.04510607818530203,0.02534195347257052,0.5811802877006291,False,False,0.028330884722618906,-23_to_-2,group_event__income__low_income__ln_salario_real_adm,income,income,low_income,Up to 2 minimum wages,ln_salario_real_adm,ols,-23_to_41,-1,2022-11,frozen,False,"ln_salario_real_adm ~ i(event_time, treatment, ref=-1) | cbo_4d + periodo",17636,273
36.0,"C(event_time, contr.treatment(base=-1))[14]:treatment",14,-0.04989572967788087,0.01624162573438861,-0.08187100558115837,-0.017920453774603377,0.002341231936692223,False,False,0.028330884722618906,-23_to_-2,group_event__income__low_income__ln_salario_real_adm,income,income,low_income,Up to 2 minimum wages,ln_salario_real_adm,ols,-23_to_41,-1,2022-11,frozen,False,"ln_salario_real_adm ~ i(event_time, treatment, ref=-1) | cbo_4d + periodo",17636,273
37.0,"C(event_time, contr.treatment(base=-1))[15]:treatment",15,-0.034803126542801335,0.01674472790215274,-0.06776887168141739,-0.0018373814041852815,0.03860515142276588,False,False,0.028330884722618906,-23_to_-2,group_event__income__low_income__ln_salario_real_adm,income,income,low_income,Up to 2 minimum wages,ln_salario_real_adm,ols,-23_to_41,-1,2022-11,frozen,False,"ln_salario_real_adm ~ i(event_time, treatment, ref=-1) | cbo_4d + periodo",17636,273
38.0,"C(event_time, contr.treatment(base=-1))[16]:treatment",16,-0.027388094546824657,0.015662950955579635,-0.05822411961319191,0.0034479305195425983,0.08148985974186607,False,False,0.028330884722618906,-23_to_-2,group_event__income__low_income__ln_salario_real_adm,income,income,low_income,Up to 2 minimum wages,ln_salario_real_adm,ols,-23_to_41,-1,2022-11,frozen,False,"ln_salario_real_adm ~ i(event_time, treatment, ref=-1) | cbo_4d + periodo",17636,273
39.0,"C(event_time, contr.treatment(base=-1))[17]:treatment",17,-0.02140292944056269,0.015856845202343046,-0.05262067873440006,0.009814819853274679,0.1782153392642125,False,False,0.028330884722618906,-23_to_-2,group_event__income__low_income__ln_salario_real_adm,income,income,low_income,Up to 2 minimum wages,ln_salario_real_adm,ols,-23_to_41,-1,2022-11,frozen,False,"ln_salario_real_adm ~ i(event_time, treatment, ref=-1) | cbo_4d + periodo",17636,273
40.0,"C(event_time, contr.treatment(base=-1))[18]:treatment",18,-0.020315067169210454,0.016016241354410293,-0.05184662346880092,0.011216489130380019,0.20573817053186128,False,False,0.028330884722618906,-23_to_-2,group_event__income__low_income__ln_salario_real_adm,income,income,low_income,Up to 2 minimum wages,ln_salario_real_adm,ols,-23_to_41,-1,2022-11,frozen,False,"ln_salario_real_adm ~ i(event_time, treatment, ref=-1) | cbo_4d + periodo",17636,273
41.0,"C(event_time, contr.treatment(base=-1))[19]:treatment",19,-0.022452965352233796,0.014888036172503132,-0.0517633972054822,0.006857466501014615,0.13268407642031121,False,False,0.028330884722618906,-23_to_-2,group_event__income__low_income__ln_salario_real_adm,income,income,low_income,Up to 2 minimum wages,ln_salario_real_adm,ols,-23_to_41,-1,2022-11,frozen,False,"ln_salario_real_adm ~ i(event_time, treatment, ref=-1) | cbo_4d + periodo",17636,273
42.0,"C(event_time, contr.treatment(base=-1))[20]:treatment",20,-0.010137520009896008,0.016660936583706706,-0.04293830318168515,0.022663263161893137,0.5433899368939492,False,False,0.028330884722618906,-23_to_-2,group_event__income__low_income__ln_salario_real_adm,income,income,low_income,Up to 2 minimum wages,ln_salario_real_adm,ols,-23_to_41,-1,2022-11,frozen,False,"ln_salario_real_adm ~ i(event_time, treatment, ref=-1) | cbo_4d + periodo",17636,273
43.0,"C(event_time, contr.treatment(base=-1))[21]:treatment",21,0.005986578450488852,0.014150735100738011,-0.021872311200087362,0.03384546810106506,0.6725873987945199,False,False,0.028330884722618906,-23_to_-2,group_event__income__low_income__ln_salario_real_adm,income,income,low_income,Up to 2 minimum wages,ln_salario_real_adm,ols,-23_to_41,-1,2022-11,frozen,False,"ln_salario_real_adm ~ i(event_time, treatment, ref=-1) | cbo_4d + periodo",17636,273
44.0,"C(event_time, contr.treatment(base=-1))[22]:treatment",22,-0.020540798928376805,0.01430306512441422,-0.04869958432923413,0.007617986472480524,0.15211964462248018,False,False,0.028330884722618906,-23_to_-2,group_event__income__low_income__ln_salario_real_adm,income,income,low_income,Up to 2 minimum wages,ln_salario_real_adm,ols,-23_to_41,-1,2022-11,frozen,False,"ln_salario_real_adm ~ i(event_time, treatment, ref=-1) | cbo_4d + periodo",17636,273
45.0,"C(event_time, contr.treatment(base=-1))[23]:treatment",23,-0.022337247696816727,0.01439282029882582,-0.05067273624996263,0.005998240856329176,0.12183176070507384,False,False,0.028330884722618906,-23_to_-2,group_event__income__low_income__ln_salario_real_adm,income,income,low_income,Up to 2 minimum wages,ln_salario_real_adm,ols,-23_to_41,-1,2022-11,frozen,False,"ln_salario_real_adm ~ i(event_time, treatment, ref=-1) | cbo_4d + periodo",17636,273
46.0,"C(event_time, contr.treatment(base=-1))[24]:treatment",24,-0.010018380822215369,0.017035505250621388,-0.04355658626103538,0.023519824616604647,0.5569610008438892,False,True,0.028330884722618906,-23_to_-2,group_event__income__low_income__ln_salario_real_adm,income,income,low_income,Up to 2 minimum wages,ln_salario_real_adm,ols,-23_to_41,-1,2022-11,frozen,False,"ln_salario_real_adm ~ i(event_time, treatment, ref=-1) | cbo_4d + periodo",17636,273
47.0,"C(event_time, contr.treatment(base=-1))[25]:treatment",25,-0.04389435993578018,0.021886117249962814,-0.08698208089202134,-0.0008066389795390247,0.04589141391198459,False,True,0.028330884722618906,-23_to_-2,group_event__income__low_income__ln_salario_real_adm,income,income,low_income,Up to 2 minimum wages,ln_salario_real_adm,ols,-23_to_41,-1,2022-11,frozen,False,"ln_salario_real_adm ~ i(event_time, treatment, ref=-1) | cbo_4d + periodo",17636,273
48.0,"C(event_time, contr.treatment(base=-1))[26]:treatment",26,-0.02683438479522013,0.017053897549068373,-0.06040879959060059,0.006740030000160331,0.11676446661902551,False,True,0.028330884722618906,-23_to_-2,group_event__income__low_income__ln_salario_real_adm,income,income,low_income,Up to 2 minimum wages,ln_salario_real_adm,ols,-23_to_41,-1,2022-11,frozen,False,"ln_salario_real_adm ~ i(event_time, treatment, ref=-1) | cbo_4d + periodo",17636,273
49.0,"C(event_time, contr.treatment(base=-1))[27]:treatment",27,-0.02200846721404869,0.01624103679089053,-0.053982583650216756,0.009965649222119382,0.17650533360842768,False,True,0.028330884722618906,-23_to_-2,group_event__income__low_income__ln_salario_real_adm,income,income,low_income,Up to 2 minimum wages,ln_salario_real_adm,ols,-23_to_41,-1,2022-11,frozen,False,"ln_salario_real_adm ~ i(event_time, treatment, ref=-1) | cbo_4d + periodo",17636,273
50.0,"C(event_time, contr.treatment(base=-1))[28]:treatment",28,0.0006037480035453069,0.016409183672979118,-0.03170140320925074,0.032908899216341346,0.9706768050697479,False,True,0.028330884722618906,-23_to_-2,group_event__income__low_income__ln_salario_real_adm,income,income,low_income,Up to 2 minimum wages,ln_salario_real_adm,ols,-23_to_41,-1,2022-11,frozen,False,"ln_salario_real_adm ~ i(event_time, treatment, ref=-1) | cbo_4d + periodo",17636,273
51.0,"C(event_time, contr.treatment(base=-1))[29]:treatment",29,-0.013693040721656693,0.018077821208296298,-0.049283278442841,0.021897196999527618,0.44943615029617767,False,True,0.028330884722618906,-23_to_-2,group_event__income__low_income__ln_salario_real_adm,income,income,low_income,Up to 2 minimum wages,ln_salario_real_adm,ols,-23_to_41,-1,2022-11,frozen,False,"ln_salario_real_adm ~ i(event_time, treatment, ref=-1) | cbo_4d + periodo",17636,273
52.0,"C(event_time, contr.treatment(base=-1))[30]:treatment",30,-0.00980969083571111,0.01858373458965124,-0.04639593229547026,0.026776550624048035,0.5980238450889703,False,True,0.028330884722618906,-23_to_-2,group_event__income__low_income__ln_salario_real_adm,income,income,low_income,Up to 2 minimum wages,ln_salario_real_adm,ols,-23_to_41,-1,2022-11,frozen,False,"ln_salario_real_adm ~ i(event_time, treatment, ref=-1) | cbo_4d + periodo",17636,273
53.0,"C(event_time, contr.treatment(base=-1))[31]:treatment",31,-0.0127974693254558,0.01609155716955835,-0.04447730166641203,0.018882363015500427,0.4271377339582525,False,True,0.028330884722618906,-23_to_-2,group_event__income__low_income__ln_salario_real_adm,income,income,low_income,Up to 2 minimum wages,ln_salario_real_adm,ols,-23_to_41,-1,2022-11,frozen,False,"ln_salario_real_adm ~ i(event_time, treatment, ref=-1) | cbo_4d + periodo",17636,273
54.0,"C(event_time, contr.treatment(base=-1))[32]:treatment",32,-0.008477278996976355,0.018250016718383204,-0.04440652212527804,0.027451964131325335,0.6426554079098887,False,True,0.028330884722618906,-23_to_-2,group_event__income__low_income__ln_salario_real_adm,income,income,low_income,Up to 2 minimum wages,ln_salario_real_adm,ols,-23_to_41,-1,2022-11,frozen,False,"ln_salario_real_adm ~ i(event_time, treatment, ref=-1) | cbo_4d + periodo",17636,273
55.0,"C(event_time, contr.treatment(base=-1))[33]:treatment",33,-0.015524602627806286,0.01952665196680079,-0.053967188014055166,0.022917982758442597,0.42727946280584495,False,True,0.028330884722618906,-23_to_-2,group_event__income__low_income__ln_salario_real_adm,income,income,low_income,Up to 2 minimum wages,ln_salario_real_adm,ols,-23_to_41,-1,2022-11,frozen,False,"ln_salario_real_adm ~ i(event_time, treatment, ref=-1) | cbo_4d + periodo",17636,273
56.0,"C(event_time, contr.treatment(base=-1))[34]:treatment",34,-0.008899410594384339,0.017209234432909292,-0.04277964081735788,0.024980819628589203,0.6054856983225323,False,True,0.028330884722618906,-23_to_-2,group_event__income__low_income__ln_salario_real_adm,income,income,low_income,Up to 2 minimum wages,ln_salario_real_adm,ols,-23_to_41,-1,2022-11,frozen,False,"ln_salario_real_adm ~ i(event_time, treatment, ref=-1) | cbo_4d + periodo",17636,273
57.0,"C(event_time, contr.treatment(base=-1))[35]:treatment",35,0.006861977302997933,0.016769598855604344,-0.026152731874785017,0.03987668648078088,0.6827211521186927,False,True,0.028330884722618906,-23_to_-2,group_event__income__low_income__ln_salario_real_adm,income,income,low_income,Up to 2 minimum wages,ln_salario_real_adm,ols,-23_to_41,-1,2022-11,frozen,False,"ln_salario_real_adm ~ i(event_time, treatment, ref=-1) | cbo_4d + periodo",17636,273
58.0,"C(event_time, contr.treatment(base=-1))[36]:treatment",36,0.002448047503900968,0.016030826935381118,-0.029112223776774446,0.034008318784576386,0.878741180993551,False,True,0.028330884722618906,-23_to_-2,group_event__income__low_income__ln_salario_real_adm,income,income,low_income,Up to 2 minimum wages,ln_salario_real_adm,ols,-23_to_41,-1,2022-11,frozen,False,"ln_salario_real_adm ~ i(event_time, treatment, ref=-1) | cbo_4d + periodo",17636,273
59.0,"C(event_time, contr.treatment(base=-1))[37]:treatment",37,-0.019358825971383057,0.01797515232286861,-0.05474693700944344,0.016029285066677324,0.28244478907423254,False,True,0.028330884722618906,-23_to_-2,group_event__income__low_income__ln_salario_real_adm,income,income,low_income,Up to 2 minimum wages,ln_salario_real_adm,ols,-23_to_41,-1,2022-11,frozen,False,"ln_salario_real_adm ~ i(event_time, treatment, ref=-1) | cbo_4d + periodo",17636,273
60.0,"C(event_time, contr.treatment(base=-1))[38]:treatment",38,-0.021206860070818147,0.018249508317770176,-0.057135102298708954,0.014721382157072655,0.24623336114463923,False,True,0.028330884722618906,-23_to_-2,group_event__income__low_income__ln_salario_real_adm,income,income,low_income,Up to 2 minimum wages,ln_salario_real_adm,ols,-23_to_41,-1,2022-11,frozen,False,"ln_salario_real_adm ~ i(event_time, treatment, ref=-1) | cbo_4d + periodo",17636,273
61.0,"C(event_time, contr.treatment(base=-1))[39]:treatment",39,-0.016010590938422834,0.01771435188408718,-0.0508852579332508,0.018864076056405134,0.3668904632339558,False,True,0.028330884722618906,-23_to_-2,group_event__income__low_income__ln_salario_real_adm,income,income,low_income,Up to 2 minimum wages,ln_salario_real_adm,ols,-23_to_41,-1,2022-11,frozen,False,"ln_salario_real_adm ~ i(event_time, treatment, ref=-1) | cbo_4d + periodo",17636,273
62.0,"C(event_time, contr.treatment(base=-1))[40]:treatment",40,-0.017675800367516547,0.014508641494069177,-0.04623930886976843,0.010887708134735337,0.22416769199543518,False,True,0.028330884722618906,-23_to_-2,group_event__income__low_income__ln_salario_real_adm,income,income,low_income,Up to 2 minimum wages,ln_salario_real_adm,ols,-23_to_41,-1,2022-11,frozen,False,"ln_salario_real_adm ~ i(event_time, treatment, ref=-1) | cbo_4d + periodo",17636,273
63.0,"C(event_time, contr.treatment(base=-1))[41]:treatment",41,-0.013557148849724714,0.01733233227090512,-0.04767972472191978,0.020565427022470356,0.4347842572028564,False,True,0.028330884722618906,-23_to_-2,group_event__income__low_income__ln_salario_real_adm,income,income,low_income,Up to 2 minimum wages,ln_salario_real_adm,ols,-23_to_41,-1,2022-11,frozen,False,"ln_salario_real_adm ~ i(event_time, treatment, ref=-1) | cbo_4d + periodo",17636,273
0.0,"C(event_time, contr.treatment(base=-1))[-23]:treatment",-23,0.0995803827430503,0.06957293760319776,-0.03973702170876099,0.2388977871948616,0.15780193762922012,False,False,0.05556783013563667,-23_to_-2,group_event__income__middle_income__admissoes,income,income,middle_income,Over 2 through 5 minimum wages,admissoes,ppml,-23_to_41,-1,2022-11,frozen,False,"admissoes ~ i(event_time, treatment, ref=-1) | cbo_4d + periodo",3770,58
1.0,"C(event_time, contr.treatment(base=-1))[-22]:treatment",-22,-0.027619934653360087,0.06681489676297675,-0.16141445758731487,0.10617458828059471,0.6808794260839484,False,False,0.05556783013563667,-23_to_-2,group_event__income__middle_income__admissoes,income,income,middle_income,Over 2 through 5 minimum wages,admissoes,ppml,-23_to_41,-1,2022-11,frozen,False,"admissoes ~ i(event_time, treatment, ref=-1) | cbo_4d + periodo",3770,58
2.0,"C(event_time, contr.treatment(base=-1))[-21]:treatment",-21,-0.09714371201692765,0.15087733383433463,-0.39927036161009966,0.20498293757624433,0.52224931991135,False,False,0.05556783013563667,-23_to_-2,group_event__income__middle_income__admissoes,income,income,middle_income,Over 2 through 5 minimum wages,admissoes,ppml,-23_to_41,-1,2022-11,frozen,False,"admissoes ~ i(event_time, treatment, ref=-1) | cbo_4d + periodo",3770,58
3.0,"C(event_time, contr.treatment(base=-1))[-20]:treatment",-20,-0.007054418028273104,0.14759143135977848,-0.3026011614135476,0.28849232535700137,0.9620451594247608,False,False,0.05556783013563667,-23_to_-2,group_event__income__middle_income__admissoes,income,income,middle_income,Over 2 through 5 minimum wages,admissoes,ppml,-23_to_41,-1,2022-11,frozen,False,"admissoes ~ i(event_time, treatment, ref=-1) | cbo_4d + periodo",3770,58
4.0,"C(event_time, contr.treatment(base=-1))[-19]:treatment",-19,0.09538618473681301,0.07475478982789306,-0.054307699810100835,0.24508006928372686,0.20713502986342403,False,False,0.05556783013563667,-23_to_-2,group_event__income__middle_income__admissoes,income,income,middle_income,Over 2 through 5 minimum wages,admissoes,ppml,-23_to_41,-1,2022-11,frozen,False,"admissoes ~ i(event_time, treatment, ref=-1) | cbo_4d + periodo",3770,58
5.0,"C(event_time, contr.treatment(base=-1))[-18]:treatment",-18,0.1265214252772218,0.08104474341042704,-0.03576787405926002,0.2888107246137036,0.12402845084703285,False,False,0.05556783013563667,-23_to_-2,group_event__income__middle_income__admissoes,income,income,middle_income,Over 2 through 5 minimum wages,admissoes,ppml,-23_to_41,-1,2022-11,frozen,False,"admissoes ~ i(event_time, treatment, ref=-1) | cbo_4d + periodo",3770,58
6.0,"C(event_time, contr.treatment(base=-1))[-17]:treatment",-17,0.1531730108678493,0.06701463472774186,0.018978519558543294,0.2873675021771553,0.026012133514139224,False,False,0.05556783013563667,-23_to_-2,group_event__income__middle_income__admissoes,income,income,middle_income,Over 2 through 5 minimum wages,admissoes,ppml,-23_to_41,-1,2022-11,frozen,False,"admissoes ~ i(event_time, treatment, ref=-1) | cbo_4d + periodo",3770,58
7.0,"C(event_time, contr.treatment(base=-1))[-16]:treatment",-16,0.16136828479754312,0.060145100069736425,0.04092979936229538,0.2818067702327909,0.009532548489955994,False,False,0.05556783013563667,-23_to_-2,group_event__income__middle_income__admissoes,income,income,middle_income,Over 2 through 5 minimum wages,admissoes,ppml,-23_to_41,-1,2022-11,frozen,False,"admissoes ~ i(event_time, treatment, ref=-1) | cbo_4d + periodo",3770,58
8.0,"C(event_time, contr.treatment(base=-1))[-15]:treatment",-15,0.17165862090792108,0.05480839873946178,0.061906695553100646,0.28141054626274153,0.002739870957903845,False,False,0.05556783013563667,-23_to_-2,group_event__income__middle_income__admissoes,income,income,middle_income,Over 2 through 5 minimum wages,admissoes,ppml,-23_to_41,-1,2022-11,frozen,False,"admissoes ~ i(event_time, treatment, ref=-1) | cbo_4d + periodo",3770,58
9.0,"C(event_time, contr.treatment(base=-1))[-14]:treatment",-14,0.157845884912567,0.046640228289314425,0.06445043874976804,0.251241331075366,0.0012966449110320966,False,False,0.05556783013563667,-23_to_-2,group_event__income__middle_income__admissoes,income,income,middle_income,Over 2 through 5 minimum wages,admissoes,ppml,-23_to_41,-1,2022-11,frozen,False,"admissoes ~ i(event_time, treatment, ref=-1) | cbo_4d + periodo",3770,58
10.0,"C(event_time, contr.treatment(base=-1))[-13]:treatment",-13,0.15918447619047132,0.052938472198779014,0.05317701414477963,0.26519193823616305,0.003920739828626285,False,False,0.05556783013563667,-23_to_-2,group_event__income__middle_income__admissoes,income,income,middle_income,Over 2 through 5 minimum wages,admissoes,ppml,-23_to_41,-1,2022-11,frozen,False,"admissoes ~ i(event_time, treatment, ref=-1) | cbo_4d + periodo",3770,58
11.0,"C(event_time, contr.treatment(base=-1))[-12]:treatment",-12,0.1569470505163168,0.07200053683049146,0.012768462462848379,0.30112563856978525,0.03341731415029825,False,False,0.05556783013563667,-23_to_-2,group_event__income__middle_income__admissoes,income,income,middle_income,Over 2 through 5 minimum wages,admissoes,ppml,-23_to_41,-1,2022-11,frozen,False,"admissoes ~ i(event_time, treatment, ref=-1) | cbo_4d + periodo",3770,58
12.0,"C(event_time, contr.treatment(base=-1))[-11]:treatment",-11,0.06847713563577518,0.0503140682194227,-0.032275048090029665,0.16922931936158003,0.17887244421527404,False,False,0.05556783013563667,-23_to_-2,group_event__income__middle_income__admissoes,income,income,middle_income,Over 2 through 5 minimum wages,admissoes,ppml,-23_to_41,-1,2022-11,frozen,False,"admissoes ~ i(event_time, treatment, ref=-1) | cbo_4d + periodo",3770,58
13.0,"C(event_time, contr.treatment(base=-1))[-10]:treatment",-10,0.028860929210503122,0.056479874185481116,-0.08423806799102405,0.1419599264120303,0.6113282458059845,False,False,0.05556783013563667,-23_to_-2,group_event__income__middle_income__admissoes,income,income,middle_income,Over 2 through 5 minimum wages,admissoes,ppml,-23_to_41,-1,2022-11,frozen,False,"admissoes ~ i(event_time, treatment, ref=-1) | cbo_4d + periodo",3770,58
14.0,"C(event_time, contr.treatment(base=-1))[-9]:treatment",-9,0.0010562435010662919,0.043987571620689316,-0.08702734930745297,0.08913983630958557,0.9809266509695878,False,False,0.05556783013563667,-23_to_-2,group_event__income__middle_income__admissoes,income,income,middle_income,Over 2 through 5 minimum wages,admissoes,ppml,-23_to_41,-1,2022-11,frozen,False,"admissoes ~ i(event_time, treatment, ref=-1) | cbo_4d + periodo",3770,58
15.0,"C(event_time, contr.treatment(base=-1))[-8]:treatment",-8,0.030133542424947528,0.04257503993631238,-0.05512150447545278,0.11538858932534785,0.48196921866059705,False,False,0.05556783013563667,-23_to_-2,group_event__income__middle_income__admissoes,income,income,middle_income,Over 2 through 5 minimum wages,admissoes,ppml,-23_to_41,-1,2022-11,frozen,False,"admissoes ~ i(event_time, treatment, ref=-1) | cbo_4d + periodo",3770,58
16.0,"C(event_time, contr.treatment(base=-1))[-7]:treatment",-7,0.02424916399695872,0.03736796138879712,-0.05057888796822715,0.09907721596214458,0.5189902658858281,False,False,0.05556783013563667,-23_to_-2,group_event__income__middle_income__admissoes,income,income,middle_income,Over 2 through 5 minimum wages,admissoes,ppml,-23_to_41,-1,2022-11,frozen,False,"admissoes ~ i(event_time, treatment, ref=-1) | cbo_4d + periodo",3770,58
17.0,"C(event_time, contr.treatment(base=-1))[-6]:treatment",-6,0.04099425346505522,0.035791851847858845,-0.030677693584342768,0.1126662005144532,0.2568497949916484,False,False,0.05556783013563667,-23_to_-2,group_event__income__middle_income__admissoes,income,income,middle_income,Over 2 through 5 minimum wages,admissoes,ppml,-23_to_41,-1,2022-11,frozen,False,"admissoes ~ i(event_time, treatment, ref=-1) | cbo_4d + periodo",3770,58
18.0,"C(event_time, contr.treatment(base=-1))[-5]:treatment",-5,-0.01599132138581679,0.03617837484926392,-0.08843726739474994,0.05645462462311635,0.6601521616688435,False,False,0.05556783013563667,-23_to_-2,group_event__income__middle_income__admissoes,income,income,middle_income,Over 2 through 5 minimum wages,admissoes,ppml,-23_to_41,-1,2022-11,frozen,False,"admissoes ~ i(event_time, treatment, ref=-1) | cbo_4d + periodo",3770,58
19.0,"C(event_time, contr.treatment(base=-1))[-4]:treatment",-4,-0.02654868277163432,0.026455411642294008,-0.07952473079665298,0.026427365253384346,0.31984859158938894,False,False,0.05556783013563667,-23_to_-2,group_event__income__middle_income__admissoes,income,income,middle_income,Over 2 through 5 minimum wages,admissoes,ppml,-23_to_41,-1,2022-11,frozen,False,"admissoes ~ i(event_time, treatment, ref=-1) | cbo_4d + periodo",3770,58
20.0,"C(event_time, contr.treatment(base=-1))[-3]:treatment",-3,-0.058681536039267033,0.019923406656896916,-0.09857746970111142,-0.01878560237742264,0.004663686874933015,False,False,0.05556783013563667,-23_to_-2,group_event__income__middle_income__admissoes,income,income,middle_income,Over 2 through 5 minimum wages,admissoes,ppml,-23_to_41,-1,2022-11,frozen,False,"admissoes ~ i(event_time, treatment, ref=-1) | cbo_4d + periodo",3770,58
21.0,"C(event_time, contr.treatment(base=-1))[-2]:treatment",-2,-0.019904721304773793,0.015144100519783377,-0.05023025950767084,0.010420816898123256,0.19399139421407385,False,False,0.05556783013563667,-23_to_-2,group_event__income__middle_income__admissoes,income,income,middle_income,Over 2 through 5 minimum wages,admissoes,ppml,-23_to_41,-1,2022-11,frozen,False,"admissoes ~ i(event_time, treatment, ref=-1) | cbo_4d + periodo",3770,58
,reference_event_time,-1,0.0,0.0,0.0,0.0,,True,False,0.05556783013563667,-23_to_-2,group_event__income__middle_income__admissoes,income,income,middle_income,Over 2 through 5 minimum wages,admissoes,ppml,-23_to_41,-1,2022-11,frozen,False,"admissoes ~ i(event_time, treatment, ref=-1) | cbo_4d + periodo",3770,58
22.0,"C(event_time, contr.treatment(base=-1))[0]:treatment",0,-0.10457626427220328,0.044086438380203,-0.1928578343517207,-0.016294694192685824,0.021087567742789304,False,False,0.05556783013563667,-23_to_-2,group_event__income__middle_income__admissoes,income,income,middle_income,Over 2 through 5 minimum wages,admissoes,ppml,-23_to_41,-1,2022-11,frozen,False,"admissoes ~ i(event_time, treatment, ref=-1) | cbo_4d + periodo",3770,58
23.0,"C(event_time, contr.treatment(base=-1))[1]:treatment",1,-0.07463358390889312,0.02356652368902212,-0.12182473359172297,-0.027442434226063274,0.002474941997506974,False,False,0.05556783013563667,-23_to_-2,group_event__income__middle_income__admissoes,income,income,middle_income,Over 2 through 5 minimum wages,admissoes,ppml,-23_to_41,-1,2022-11,frozen,False,"admissoes ~ i(event_time, treatment, ref=-1) | cbo_4d + periodo",3770,58
24.0,"C(event_time, contr.treatment(base=-1))[2]:treatment",2,-0.19491682557009893,0.047137042502783354,-0.28930712503505424,-0.10052652610514361,0.00011787616415737112,False,False,0.05556783013563667,-23_to_-2,group_event__income__middle_income__admissoes,income,income,middle_income,Over 2 through 5 minimum wages,admissoes,ppml,-23_to_41,-1,2022-11,frozen,False,"admissoes ~ i(event_time, treatment, ref=-1) | cbo_4d + periodo",3770,58
25.0,"C(event_time, contr.treatment(base=-1))[3]:treatment",3,-0.2076041562131908,0.03739753950340605,-0.28249143733123205,-0.1327168750951496,7.713769696326978e-07,False,False,0.05556783013563667,-23_to_-2,group_event__income__middle_income__admissoes,income,income,middle_income,Over 2 through 5 minimum wages,admissoes,ppml,-23_to_41,-1,2022-11,frozen,False,"admissoes ~ i(event_time, treatment, ref=-1) | cbo_4d + periodo",3770,58
26.0,"C(event_time, contr.treatment(base=-1))[4]:treatment",4,-0.15839484346467975,0.0318295395352476,-0.22213239696915027,-0.09465728996020921,6.313811219404997e-06,False,False,0.05556783013563667,-23_to_-2,group_event__income__middle_income__admissoes,income,income,middle_income,Over 2 through 5 minimum wages,admissoes,ppml,-23_to_41,-1,2022-11,frozen,False,"admissoes ~ i(event_time, treatment, ref=-1) | cbo_4d + periodo",3770,58
27.0,"C(event_time, contr.treatment(base=-1))[5]:treatment",5,-0.16711190893115727,0.026798624722449187,-0.22077522929436355,-0.11344858856795098,5.8927867918612264e-08,False,False,0.05556783013563667,-23_to_-2,group_event__income__middle_income__admissoes,income,income,middle_income,Over 2 through 5 minimum wages,admissoes,ppml,-23_to_41,-1,2022-11,frozen,False,"admissoes ~ i(event_time, treatment, ref=-1) | cbo_4d + periodo",3770,58
28.0,"C(event_time, contr.treatment(base=-1))[6]:treatment",6,-0.13378244600046965,0.030796384245667364,-0.19545114172347197,-0.07211375027746733,5.8142346172518344e-05,False,False,0.05556783013563667,-23_to_-2,group_event__income__middle_income__admissoes,income,income,middle_income,Over 2 through 5 minimum wages,admissoes,ppml,-23_to_41,-1,2022-11,frozen,False,"admissoes ~ i(event_time, treatment, ref=-1) | cbo_4d + periodo",3770,58
29.0,"C(event_time, contr.treatment(base=-1))[7]:treatment",7,-0.15925824273584083,0.03394674018501634,-0.2272354174118617,-0.09128106805981993,1.7412188675125506e-05,False,False,0.05556783013563667,-23_to_-2,group_event__income__middle_income__admissoes,income,income,middle_income,Over 2 through 5 minimum wages,admissoes,ppml,-23_to_41,-1,2022-11,frozen,False,"admissoes ~ i(event_time, treatment, ref=-1) | cbo_4d + periodo",3770,58
30.0,"C(event_time, contr.treatment(base=-1))[8]:treatment",8,-0.15823751972455855,0.03479798435131363,-0.22791928144101273,-0.08855575800810436,2.8841686955827228e-05,False,False,0.05556783013563667,-23_to_-2,group_event__income__middle_income__admissoes,income,income,middle_income,Over 2 through 5 minimum wages,admissoes,ppml,-23_to_41,-1,2022-11,frozen,False,"admissoes ~ i(event_time, treatment, ref=-1) | cbo_4d + periodo",3770,58
31.0,"C(event_time, contr.treatment(base=-1))[9]:treatment",9,-0.16937990577997888,0.040807584498358716,-0.2510956842150409,-0.08766412734491683,0.00011188265502415362,False,False,0.05556783013563667,-23_to_-2,group_event__income__middle_income__admissoes,income,income,middle_income,Over 2 through 5 minimum wages,admissoes,ppml,-23_to_41,-1,2022-11,frozen,False,"admissoes ~ i(event_time, treatment, ref=-1) | cbo_4d + periodo",3770,58
32.0,"C(event_time, contr.treatment(base=-1))[10]:treatment",10,-0.1358003297888194,0.02916448965047943,-0.19420121295175422,-0.07739944662588458,1.969746702368269e-05,False,False,0.05556783013563667,-23_to_-2,group_event__income__middle_income__admissoes,income,income,middle_income,Over 2 through 5 minimum wages,admissoes,ppml,-23_to_41,-1,2022-11,frozen,False,"admissoes ~ i(event_time, treatment, ref=-1) | cbo_4d + periodo",3770,58
33.0,"C(event_time, contr.treatment(base=-1))[11]:treatment",11,-0.11093828827684886,0.03756653545853122,-0.1861639779577881,-0.03571259859590961,0.004563419077219466,False,False,0.05556783013563667,-23_to_-2,group_event__income__middle_income__admissoes,income,income,middle_income,Over 2 through 5 minimum wages,admissoes,ppml,-23_to_41,-1,2022-11,frozen,False,"admissoes ~ i(event_time, treatment, ref=-1) | cbo_4d + periodo",3770,58
34.0,"C(event_time, contr.treatment(base=-1))[12]:treatment",12,-0.14261291785117888,0.034009044531433094,-0.21071485482886304,-0.07451098087349474,9.69408030619956e-05,False,False,0.05556783013563667,-23_to_-2,group_event__income__middle_income__admissoes,income,income,middle_income,Over 2 through 5 minimum wages,admissoes,ppml,-23_to_41,-1,2022-11,frozen,False,"admissoes ~ i(event_time, treatment, ref=-1) | cbo_4d + periodo",3770,58
35.0,"C(event_time, contr.treatment(base=-1))[13]:treatment",13,-0.10966685470468965,0.054084770881538576,-0.21796974026863813,-0.0013639691407411475,0.04727659362885017,False,False,0.05556783013563667,-23_to_-2,group_event__income__middle_income__admissoes,income,income,middle_income,Over 2 through 5 minimum wages,admissoes,ppml,-23_to_41,-1,2022-11,frozen,False,"admissoes ~ i(event_time, treatment, ref=-1) | cbo_4d + periodo",3770,58
36.0,"C(event_time, contr.treatment(base=-1))[14]:treatment",14,-0.18133188219373633,0.06153140428892662,-0.3045463939439818,-0.05811737044349086,0.004642523515464569,False,False,0.05556783013563667,-23_to_-2,group_event__income__middle_income__admissoes,income,income,middle_income,Over 2 through 5 minimum wages,admissoes,ppml,-23_to_41,-1,2022-11,frozen,False,"admissoes ~ i(event_time, treatment, ref=-1) | cbo_4d + periodo",3770,58
37.0,"C(event_time, contr.treatment(base=-1))[15]:treatment",15,-0.17863466096355662,0.05451047684777273,-0.2877900080207031,-0.06947931390641014,0.0017890456363127694,False,False,0.05556783013563667,-23_to_-2,group_event__income__middle_income__admissoes,income,income,middle_income,Over 2 through 5 minimum wages,admissoes,ppml,-23_to_41,-1,2022-11,frozen,False,"admissoes ~ i(event_time, treatment, ref=-1) | cbo_4d + periodo",3770,58
38.0,"C(event_time, contr.treatment(base=-1))[16]:treatment",16,-0.12281129692855937,0.04287187942236319,-0.20866075464673012,-0.03696183921038862,0.005835811275840097,False,False,0.05556783013563667,-23_to_-2,group_event__income__middle_income__admissoes,income,income,middle_income,Over 2 through 5 minimum wages,admissoes,ppml,-23_to_41,-1,2022-11,frozen,False,"admissoes ~ i(event_time, treatment, ref=-1) | cbo_4d + periodo",3770,58
39.0,"C(event_time, contr.treatment(base=-1))[17]:treatment",17,-0.1432030377839242,0.03778389392118445,-0.21886398027861115,-0.06754209528923728,0.0003654702338022897,False,False,0.05556783013563667,-23_to_-2,group_event__income__middle_income__admissoes,income,income,middle_income,Over 2 through 5 minimum wages,admissoes,ppml,-23_to_41,-1,2022-11,frozen,False,"admissoes ~ i(event_time, treatment, ref=-1) | cbo_4d + periodo",3770,58
40.0,"C(event_time, contr.treatment(base=-1))[18]:treatment",18,-0.14493313725985382,0.03920009261263827,-0.22342996871767015,-0.06643630580203749,0.0004914016212131944,False,False,0.05556783013563667,-23_to_-2,group_event__income__middle_income__admissoes,income,income,middle_income,Over 2 through 5 minimum wages,admissoes,ppml,-23_to_41,-1,2022-11,frozen,False,"admissoes ~ i(event_time, treatment, ref=-1) | cbo_4d + periodo",3770,58
41.0,"C(event_time, contr.treatment(base=-1))[19]:treatment",19,-0.1534711444028395,0.03635200147317028,-0.22626477172895842,-0.08067751707672055,8.808327183129627e-05,False,False,0.05556783013563667,-23_to_-2,group_event__income__middle_income__admissoes,income,income,middle_income,Over 2 through 5 minimum wages,admissoes,ppml,-23_to_41,-1,2022-11,frozen,False,"admissoes ~ i(event_time, treatment, ref=-1) | cbo_4d + periodo",3770,58
42.0,"C(event_time, contr.treatment(base=-1))[20]:treatment",20,-0.11712984001390754,0.03221151887795152,-0.18163229395830535,-0.05262738606950973,0.0005957722152860612,False,False,0.05556783013563667,-23_to_-2,group_event__income__middle_income__admissoes,income,income,middle_income,Over 2 through 5 minimum wages,admissoes,ppml,-23_to_41,-1,2022-11,frozen,False,"admissoes ~ i(event_time, treatment, ref=-1) | cbo_4d + periodo",3770,58
43.0,"C(event_time, contr.treatment(base=-1))[21]:treatment",21,-0.10204700327658285,0.029581764387394967,-0.16128346468722576,-0.042810541865939924,0.0010628681509070592,False,False,0.05556783013563667,-23_to_-2,group_event__income__middle_income__admissoes,income,income,middle_income,Over 2 through 5 minimum wages,admissoes,ppml,-23_to_41,-1,2022-11,frozen,False,"admissoes ~ i(event_time, treatment, ref=-1) | cbo_4d + periodo",3770,58
44.0,"C(event_time, contr.treatment(base=-1))[22]:treatment",22,-0.1080383008777237,0.0386303512109222,-0.18539424485787553,-0.030682356897571858,0.007026377067778755,False,False,0.05556783013563667,-23_to_-2,group_event__income__middle_income__admissoes,income,income,middle_income,Over 2 through 5 minimum wages,admissoes,ppml,-23_to_41,-1,2022-11,frozen,False,"admissoes ~ i(event_time, treatment, ref=-1) | cbo_4d + periodo",3770,58
45.0,"C(event_time, contr.treatment(base=-1))[23]:treatment",23,-0.0622617576747753,0.03904498146671485,-0.14044798442052892,0.015924469070978324,0.11632853991806691,False,False,0.05556783013563667,-23_to_-2,group_event__income__middle_income__admissoes,income,income,middle_income,Over 2 through 5 minimum wages,admissoes,ppml,-23_to_41,-1,2022-11,frozen,False,"admissoes ~ i(event_time, treatment, ref=-1) | cbo_4d + periodo",3770,58
46.0,"C(event_time, contr.treatment(base=-1))[24]:treatment",24,-0.052854268413154916,0.053455787527589546,-0.15989763653635147,0.05418909971004165,0.32696551168893206,False,True,0.05556783013563667,-23_to_-2,group_event__income__middle_income__admissoes,income,income,middle_income,Over 2 through 5 minimum wages,admissoes,ppml,-23_to_41,-1,2022-11,frozen,False,"admissoes ~ i(event_time, treatment, ref=-1) | cbo_4d + periodo",3770,58
47.0,"C(event_time, contr.treatment(base=-1))[25]:treatment",25,-0.11294081505729686,0.05777068448274188,-0.22862461529358585,0.00274298517899213,0.05549486212231347,False,True,0.05556783013563667,-23_to_-2,group_event__income__middle_income__admissoes,income,income,middle_income,Over 2 through 5 minimum wages,admissoes,ppml,-23_to_41,-1,2022-11,frozen,False,"admissoes ~ i(event_time, treatment, ref=-1) | cbo_4d + periodo",3770,58
48.0,"C(event_time, contr.treatment(base=-1))[26]:treatment",26,-0.1817176483065742,0.04884477340791655,-0.2795276199228225,-0.0839076766903259,0.00045672242263039564,False,True,0.05556783013563667,-23_to_-2,group_event__income__middle_income__admissoes,income,income,middle_income,Over 2 through 5 minimum wages,admissoes,ppml,-23_to_41,-1,2022-11,frozen,False,"admissoes ~ i(event_time, treatment, ref=-1) | cbo_4d + periodo",3770,58
49.0,"C(event_time, contr.treatment(base=-1))[27]:treatment",27,-0.18297135989630692,0.04317186474423079,-0.2694215278598118,-0.096521191932802,8.333495039392069e-05,False,True,0.05556783013563667,-23_to_-2,group_event__income__middle_income__admissoes,income,income,middle_income,Over 2 through 5 minimum wages,admissoes,ppml,-23_to_41,-1,2022-11,frozen,False,"admissoes ~ i(event_time, treatment, ref=-1) | cbo_4d + periodo",3770,58
50.0,"C(event_time, contr.treatment(base=-1))[28]:treatment",28,-0.11166688198537345,0.04371979737880456,-0.19921426612363066,-0.024119497847116228,0.013342280262491846,False,True,0.05556783013563667,-23_to_-2,group_event__income__middle_income__admissoes,income,income,middle_income,Over 2 through 5 minimum wages,admissoes,ppml,-23_to_41,-1,2022-11,frozen,False,"admissoes ~ i(event_time, treatment, ref=-1) | cbo_4d + periodo",3770,58
51.0,"C(event_time, contr.treatment(base=-1))[29]:treatment",29,-0.1358657710414206,0.03745986909668532,-0.2108778650170952,-0.060853677065746015,0.0006134452017723113,False,True,0.05556783013563667,-23_to_-2,group_event__income__middle_income__admissoes,income,income,middle_income,Over 2 through 5 minimum wages,admissoes,ppml,-23_to_41,-1,2022-11,frozen,False,"admissoes ~ i(event_time, treatment, ref=-1) | cbo_4d + periodo",3770,58
52.0,"C(event_time, contr.treatment(base=-1))[30]:treatment",30,-0.05597820432632912,0.03682492329781989,-0.12971884127125377,0.01776243261859553,0.1340095882396395,False,True,0.05556783013563667,-23_to_-2,group_event__income__middle_income__admissoes,income,income,middle_income,Over 2 through 5 minimum wages,admissoes,ppml,-23_to_41,-1,2022-11,frozen,False,"admissoes ~ i(event_time, treatment, ref=-1) | cbo_4d + periodo",3770,58
53.0,"C(event_time, contr.treatment(base=-1))[31]:treatment",31,-0.07944234576489868,0.03561822377204498,-0.15076660858971624,-0.008118082940081123,0.029674746128477425,False,True,0.05556783013563667,-23_to_-2,group_event__income__middle_income__admissoes,income,income,middle_income,Over 2 through 5 minimum wages,admissoes,ppml,-23_to_41,-1,2022-11,frozen,False,"admissoes ~ i(event_time, treatment, ref=-1) | cbo_4d + periodo",3770,58
54.0,"C(event_time, contr.treatment(base=-1))[32]:treatment",32,-0.07568528593635893,0.03466033868823596,-0.14509141696687888,-0.006279154905838982,0.033120524390137795,False,True,0.05556783013563667,-23_to_-2,group_event__income__middle_income__admissoes,income,income,middle_income,Over 2 through 5 minimum wages,admissoes,ppml,-23_to_41,-1,2022-11,frozen,False,"admissoes ~ i(event_time, treatment, ref=-1) | cbo_4d + periodo",3770,58
55.0,"C(event_time, contr.treatment(base=-1))[33]:treatment",33,-0.10070645800256645,0.032909553441666635,-0.16660670205019504,-0.034806213954937854,0.0033702868989893275,False,True,0.05556783013563667,-23_to_-2,group_event__income__middle_income__admissoes,income,income,middle_income,Over 2 through 5 minimum wages,admissoes,ppml,-23_to_41,-1,2022-11,frozen,False,"admissoes ~ i(event_time, treatment, ref=-1) | cbo_4d + periodo",3770,58
56.0,"C(event_time, contr.treatment(base=-1))[34]:treatment",34,-0.10688084534188863,0.03849855531865439,-0.18397287260009776,-0.029788818083679502,0.00742746596155075,False,True,0.05556783013563667,-23_to_-2,group_event__income__middle_income__admissoes,income,income,middle_income,Over 2 through 5 minimum wages,admissoes,ppml,-23_to_41,-1,2022-11,frozen,False,"admissoes ~ i(event_time, treatment, ref=-1) | cbo_4d + periodo",3770,58
57.0,"C(event_time, contr.treatment(base=-1))[35]:treatment",35,-0.0327348760952806,0.036565415816430816,-0.10595585827229602,0.04048610608173482,0.37442305742799675,False,True,0.05556783013563667,-23_to_-2,group_event__income__middle_income__admissoes,income,income,middle_income,Over 2 through 5 minimum wages,admissoes,ppml,-23_to_41,-1,2022-11,frozen,False,"admissoes ~ i(event_time, treatment, ref=-1) | cbo_4d + periodo",3770,58
58.0,"C(event_time, contr.treatment(base=-1))[36]:treatment",36,-0.021716489673354336,0.04502999043824266,-0.11188749015813915,0.06845451081143047,0.6314629328153754,False,True,0.05556783013563667,-23_to_-2,group_event__income__middle_income__admissoes,income,income,middle_income,Over 2 through 5 minimum wages,admissoes,ppml,-23_to_41,-1,2022-11,frozen,False,"admissoes ~ i(event_time, treatment, ref=-1) | cbo_4d + periodo",3770,58
59.0,"C(event_time, contr.treatment(base=-1))[37]:treatment",37,-0.0910467490109747,0.05209102379629268,-0.19535722490215618,0.013263726880206772,0.08587679243258184,False,True,0.05556783013563667,-23_to_-2,group_event__income__middle_income__admissoes,income,income,middle_income,Over 2 through 5 minimum wages,admissoes,ppml,-23_to_41,-1,2022-11,frozen,False,"admissoes ~ i(event_time, treatment, ref=-1) | cbo_4d + periodo",3770,58
60.0,"C(event_time, contr.treatment(base=-1))[38]:treatment",38,-0.18562543299267278,0.06195575114505876,-0.3096896846650816,-0.061561181320263975,0.004043286588658823,False,True,0.05556783013563667,-23_to_-2,group_event__income__middle_income__admissoes,income,income,middle_income,Over 2 through 5 minimum wages,admissoes,ppml,-23_to_41,-1,2022-11,frozen,False,"admissoes ~ i(event_time, treatment, ref=-1) | cbo_4d + periodo",3770,58
61.0,"C(event_time, contr.treatment(base=-1))[39]:treatment",39,-0.15865195460630513,0.05827270891788323,-0.27534104143368476,-0.04196286777892551,0.008579565005036649,False,True,0.05556783013563667,-23_to_-2,group_event__income__middle_income__admissoes,income,income,middle_income,Over 2 through 5 minimum wages,admissoes,ppml,-23_to_41,-1,2022-11,frozen,False,"admissoes ~ i(event_time, treatment, ref=-1) | cbo_4d + periodo",3770,58
62.0,"C(event_time, contr.treatment(base=-1))[40]:treatment",40,-0.133185866436811,0.049899447195365494,-0.23310778588324543,-0.03326394699037656,0.009889397530363997,False,True,0.05556783013563667,-23_to_-2,group_event__income__middle_income__admissoes,income,income,middle_income,Over 2 through 5 minimum wages,admissoes,ppml,-23_to_41,-1,2022-11,frozen,False,"admissoes ~ i(event_time, treatment, ref=-1) | cbo_4d + periodo",3770,58
63.0,"C(event_time, contr.treatment(base=-1))[41]:treatment",41,-0.14044035333755175,0.04867452051929112,-0.23790939942498313,-0.04297130725012038,0.0055120171657576655,False,True,0.05556783013563667,-23_to_-2,group_event__income__middle_income__admissoes,income,income,middle_income,Over 2 through 5 minimum wages,admissoes,ppml,-23_to_41,-1,2022-11,frozen,False,"admissoes ~ i(event_time, treatment, ref=-1) | cbo_4d + periodo",3770,58
0.0,"C(event_time, contr.treatment(base=-1))[-23]:treatment",-23,0.030454217844584474,0.03807708587449048,-0.04579383140953984,0.1067022670987088,0.4271448616622102,False,False,0.06595930154918542,-23_to_-2,group_event__income__middle_income__ln_salario_real_adm,income,income,middle_income,Over 2 through 5 minimum wages,ln_salario_real_adm,ols,-23_to_41,-1,2022-11,frozen,False,"ln_salario_real_adm ~ i(event_time, treatment, ref=-1) | cbo_4d + periodo",3769,58
1.0,"C(event_time, contr.treatment(base=-1))[-22]:treatment",-22,0.0009670716840478498,0.048908857803781014,-0.09697122672139857,0.09890537008949427,0.9842935617744206,False,False,0.06595930154918542,-23_to_-2,group_event__income__middle_income__ln_salario_real_adm,income,income,middle_income,Over 2 through 5 minimum wages,ln_salario_real_adm,ols,-23_to_41,-1,2022-11,frozen,False,"ln_salario_real_adm ~ i(event_time, treatment, ref=-1) | cbo_4d + periodo",3769,58
2.0,"C(event_time, contr.treatment(base=-1))[-21]:treatment",-21,0.08022592913757691,0.04932388182687864,-0.018543440538898504,0.17899529881405232,0.10935705800448936,False,False,0.06595930154918542,-23_to_-2,group_event__income__middle_income__ln_salario_real_adm,income,income,middle_income,Over 2 through 5 minimum wages,ln_salario_real_adm,ols,-23_to_41,-1,2022-11,frozen,False,"ln_salario_real_adm ~ i(event_time, treatment, ref=-1) | cbo_4d + periodo",3769,58
3.0,"C(event_time, contr.treatment(base=-1))[-20]:treatment",-20,0.07983697927380232,0.04839498065693564,-0.017072297894767233,0.17674625644237185,0.10450603063169517,False,False,0.06595930154918542,-23_to_-2,group_event__income__middle_income__ln_salario_real_adm,income,income,middle_income,Over 2 through 5 minimum wages,ln_salario_real_adm,ols,-23_to_41,-1,2022-11,frozen,False,"ln_salario_real_adm ~ i(event_time, treatment, ref=-1) | cbo_4d + periodo",3769,58
4.0,"C(event_time, contr.treatment(base=-1))[-19]:treatment",-19,0.09527042357995201,0.07226609605445608,-0.0494399376469017,0.23998078480680574,0.19266697954037726,False,False,0.06595930154918542,-23_to_-2,group_event__income__middle_income__ln_salario_real_adm,income,income,middle_income,Over 2 through 5 minimum wages,ln_salario_real_adm,ols,-23_to_41,-1,2022-11,frozen,False,"ln_salario_real_adm ~ i(event_time, treatment, ref=-1) | cbo_4d + periodo",3769,58
5.0,"C(event_time, contr.treatment(base=-1))[-18]:treatment",-18,0.141852178212503,0.05339009761994146,0.03494035186039576,0.24876400456461026,0.010212253258463422,False,False,0.06595930154918542,-23_to_-2,group_event__income__middle_income__ln_salario_real_adm,income,income,middle_income,Over 2 through 5 minimum wages,ln_salario_real_adm,ols,-23_to_41,-1,2022-11,frozen,False,"ln_salario_real_adm ~ i(event_time, treatment, ref=-1) | cbo_4d + periodo",3769,58
6.0,"C(event_time, contr.treatment(base=-1))[-17]:treatment",-17,0.08165863101214424,0.05312985086023902,-0.02473206019276647,0.18804932221705495,0.1298352584106537,False,False,0.06595930154918542,-23_to_-2,group_event__income__middle_income__ln_salario_real_adm,income,income,middle_income,Over 2 through 5 minimum wages,ln_salario_real_adm,ols,-23_to_41,-1,2022-11,frozen,False,"ln_salario_real_adm ~ i(event_time, treatment, ref=-1) | cbo_4d + periodo",3769,58
7.0,"C(event_time, contr.treatment(base=-1))[-16]:treatment",-16,0.020507888626689116,0.05988373630751384,-0.09940722490239755,0.14042300215577577,0.7332630728010803,False,False,0.06595930154918542,-23_to_-2,group_event__income__middle_income__ln_salario_real_adm,income,income,middle_income,Over 2 through 5 minimum wages,ln_salario_real_adm,ols,-23_to_41,-1,2022-11,frozen,False,"ln_salario_real_adm ~ i(event_time, treatment, ref=-1) | cbo_4d + periodo",3769,58
8.0,"C(event_time, contr.treatment(base=-1))[-15]:treatment",-15,0.13402109210239535,0.0513594862668443,0.03117549484610932,0.23686668935868138,0.011562766900458543,False,False,0.06595930154918542,-23_to_-2,group_event__income__middle_income__ln_salario_real_adm,income,income,middle_income,Over 2 through 5 minimum wages,ln_salario_real_adm,ols,-23_to_41,-1,2022-11,frozen,False,"ln_salario_real_adm ~ i(event_time, treatment, ref=-1) | cbo_4d + periodo",3769,58
9.0,"C(event_time, contr.treatment(base=-1))[-14]:treatment",-14,0.07795738823630752,0.03776841015415173,0.002327451450283319,0.15358732502233172,0.0435714808727079,False,False,0.06595930154918542,-23_to_-2,group_event__income__middle_income__ln_salario_real_adm,income,income,middle_income,Over 2 through 5 minimum wages,ln_salario_real_adm,ols,-23_to_41,-1,2022-11,frozen,False,"ln_salario_real_adm ~ i(event_time, treatment, ref=-1) | cbo_4d + periodo",3769,58
10.0,"C(event_time, contr.treatment(base=-1))[-13]:treatment",-13,0.08513491788177824,0.03882682550813607,0.007385540907817137,0.16288429485573935,0.032426983619394445,False,False,0.06595930154918542,-23_to_-2,group_event__income__middle_income__ln_salario_real_adm,income,income,middle_income,Over 2 through 5 minimum wages,ln_salario_real_adm,ols,-23_to_41,-1,2022-11,frozen,False,"ln_salario_real_adm ~ i(event_time, treatment, ref=-1) | cbo_4d + periodo",3769,58
11.0,"C(event_time, contr.treatment(base=-1))[-12]:treatment",-12,0.1096423860277721,0.05904826161020461,-0.008599718277841228,0.22788449033338543,0.06850588224897947,False,False,0.06595930154918542,-23_to_-2,group_event__income__middle_income__ln_salario_real_adm,income,income,middle_income,Over 2 through 5 minimum wages,ln_salario_real_adm,ols,-23_to_41,-1,2022-11,frozen,False,"ln_salario_real_adm ~ i(event_time, treatment, ref=-1) | cbo_4d + periodo",3769,58
12.0,"C(event_time, contr.treatment(base=-1))[-11]:treatment",-11,0.0921998102746195,0.05309038751288746,-0.01411185694031171,0.19851147748955073,0.08784974180857485,False,False,0.06595930154918542,-23_to_-2,group_event__income__middle_income__ln_salario_real_adm,income,income,middle_income,Over 2 through 5 minimum wages,ln_salario_real_adm,ols,-23_to_41,-1,2022-11,frozen,False,"ln_salario_real_adm ~ i(event_time, treatment, ref=-1) | cbo_4d + periodo",3769,58
13.0,"C(event_time, contr.treatment(base=-1))[-10]:treatment",-10,0.05914072307085447,0.03493696705355135,-0.010819346706269675,0.1291007928479786,0.09595627772490989,False,False,0.06595930154918542,-23_to_-2,group_event__income__middle_income__ln_salario_real_adm,income,income,middle_income,Over 2 through 5 minimum wages,ln_salario_real_adm,ols,-23_to_41,-1,2022-11,frozen,False,"ln_salario_real_adm ~ i(event_time, treatment, ref=-1) | cbo_4d + periodo",3769,58
14.0,"C(event_time, contr.treatment(base=-1))[-9]:treatment",-9,0.07894498818700063,0.04491733226795021,-0.011000418203066603,0.16889039457706786,0.08419141475374547,False,False,0.06595930154918542,-23_to_-2,group_event__income__middle_income__ln_salario_real_adm,income,income,middle_income,Over 2 through 5 minimum wages,ln_salario_real_adm,ols,-23_to_41,-1,2022-11,frozen,False,"ln_salario_real_adm ~ i(event_time, treatment, ref=-1) | cbo_4d + periodo",3769,58
15.0,"C(event_time, contr.treatment(base=-1))[-8]:treatment",-8,0.029570158133266577,0.038667375485326776,-0.04785992567753575,0.1070002419440689,0.4475860534137843,False,False,0.06595930154918542,-23_to_-2,group_event__income__middle_income__ln_salario_real_adm,income,income,middle_income,Over 2 through 5 minimum wages,ln_salario_real_adm,ols,-23_to_41,-1,2022-11,frozen,False,"ln_salario_real_adm ~ i(event_time, treatment, ref=-1) | cbo_4d + periodo",3769,58
16.0,"C(event_time, contr.treatment(base=-1))[-7]:treatment",-7,0.09176753763037893,0.038323355547197485,0.01502634186298793,0.16850873339776992,0.019951064767361304,False,False,0.06595930154918542,-23_to_-2,group_event__income__middle_income__ln_salario_real_adm,income,income,middle_income,Over 2 through 5 minimum wages,ln_salario_real_adm,ols,-23_to_41,-1,2022-11,frozen,False,"ln_salario_real_adm ~ i(event_time, treatment, ref=-1) | cbo_4d + periodo",3769,58
17.0,"C(event_time, contr.treatment(base=-1))[-6]:treatment",-6,0.03143307148871924,0.046421146213107924,-0.061523670383726456,0.12438981336116493,0.5010635817397897,False,False,0.06595930154918542,-23_to_-2,group_event__income__middle_income__ln_salario_real_adm,income,income,middle_income,Over 2 through 5 minimum wages,ln_salario_real_adm,ols,-23_to_41,-1,2022-11,frozen,False,"ln_salario_real_adm ~ i(event_time, treatment, ref=-1) | cbo_4d + periodo",3769,58
18.0,"C(event_time, contr.treatment(base=-1))[-5]:treatment",-5,0.07358809718720381,0.0545158233197754,-0.035577955995457086,0.1827541503698647,0.18240105214259827,False,False,0.06595930154918542,-23_to_-2,group_event__income__middle_income__ln_salario_real_adm,income,income,middle_income,Over 2 through 5 minimum wages,ln_salario_real_adm,ols,-23_to_41,-1,2022-11,frozen,False,"ln_salario_real_adm ~ i(event_time, treatment, ref=-1) | cbo_4d + periodo",3769,58
19.0,"C(event_time, contr.treatment(base=-1))[-4]:treatment",-4,0.02029942838630299,0.04235447287676002,-0.06451394059588636,0.10511279736849233,0.6335769283410699,False,False,0.06595930154918542,-23_to_-2,group_event__income__middle_income__ln_salario_real_adm,income,income,middle_income,Over 2 through 5 minimum wages,ln_salario_real_adm,ols,-23_to_41,-1,2022-11,frozen,False,"ln_salario_real_adm ~ i(event_time, treatment, ref=-1) | cbo_4d + periodo",3769,58
20.0,"C(event_time, contr.treatment(base=-1))[-3]:treatment",-3,0.00880419757562446,0.031529309409570654,-0.054332155472339404,0.07194055062358833,0.7810724953763413,False,False,0.06595930154918542,-23_to_-2,group_event__income__middle_income__ln_salario_real_adm,income,income,middle_income,Over 2 through 5 minimum wages,ln_salario_real_adm,ols,-23_to_41,-1,2022-11,frozen,False,"ln_salario_real_adm ~ i(event_time, treatment, ref=-1) | cbo_4d + periodo",3769,58
21.0,"C(event_time, contr.treatment(base=-1))[-2]:treatment",-2,0.02782751852855538,0.039454726942955536,-0.051179209380470964,0.10683424643758171,0.4834943940682739,False,False,0.06595930154918542,-23_to_-2,group_event__income__middle_income__ln_salario_real_adm,income,income,middle_income,Over 2 through 5 minimum wages,ln_salario_real_adm,ols,-23_to_41,-1,2022-11,frozen,False,"ln_salario_real_adm ~ i(event_time, treatment, ref=-1) | cbo_4d + periodo",3769,58
,reference_event_time,-1,0.0,0.0,0.0,0.0,,True,False,0.06595930154918542,-23_to_-2,group_event__income__middle_income__ln_salario_real_adm,income,income,middle_income,Over 2 through 5 minimum wages,ln_salario_real_adm,ols,-23_to_41,-1,2022-11,frozen,False,"ln_salario_real_adm ~ i(event_time, treatment, ref=-1) | cbo_4d + periodo",3769,58
22.0,"C(event_time, contr.treatment(base=-1))[0]:treatment",0,0.021511716061940783,0.04066054418815014,-0.05990961923080518,0.10293305135468675,0.5988207629555011,False,False,0.06595930154918542,-23_to_-2,group_event__income__middle_income__ln_salario_real_adm,income,income,middle_income,Over 2 through 5 minimum wages,ln_salario_real_adm,ols,-23_to_41,-1,2022-11,frozen,False,"ln_salario_real_adm ~ i(event_time, treatment, ref=-1) | cbo_4d + periodo",3769,58
23.0,"C(event_time, contr.treatment(base=-1))[1]:treatment",1,-0.03145556507064586,0.042142438862774495,-0.11584434326363435,0.052933213122342636,0.458486978741552,False,False,0.06595930154918542,-23_to_-2,group_event__income__middle_income__ln_salario_real_adm,income,income,middle_income,Over 2 through 5 minimum wages,ln_salario_real_adm,ols,-23_to_41,-1,2022-11,frozen,False,"ln_salario_real_adm ~ i(event_time, treatment, ref=-1) | cbo_4d + periodo",3769,58
24.0,"C(event_time, contr.treatment(base=-1))[2]:treatment",2,0.034709319691385784,0.05242871625773546,-0.07027737368969782,0.13969601307246937,0.5106205581809191,False,False,0.06595930154918542,-23_to_-2,group_event__income__middle_income__ln_salario_real_adm,income,income,middle_income,Over 2 through 5 minimum wages,ln_salario_real_adm,ols,-23_to_41,-1,2022-11,frozen,False,"ln_salario_real_adm ~ i(event_time, treatment, ref=-1) | cbo_4d + periodo",3769,58
25.0,"C(event_time, contr.treatment(base=-1))[3]:treatment",3,-0.008880707676290827,0.04366809078225739,-0.09632455114094483,0.07856313578836317,0.8395714124338833,False,False,0.06595930154918542,-23_to_-2,group_event__income__middle_income__ln_salario_real_adm,income,income,middle_income,Over 2 through 5 minimum wages,ln_salario_real_adm,ols,-23_to_41,-1,2022-11,frozen,False,"ln_salario_real_adm ~ i(event_time, treatment, ref=-1) | cbo_4d + periodo",3769,58
26.0,"C(event_time, contr.treatment(base=-1))[4]:treatment",4,0.022394381091582736,0.045755707596252394,-0.06922984293533138,0.11401860511849685,0.6264130201088973,False,False,0.06595930154918542,-23_to_-2,group_event__income__middle_income__ln_salario_real_adm,income,income,middle_income,Over 2 through 5 minimum wages,ln_salario_real_adm,ols,-23_to_41,-1,2022-11,frozen,False,"ln_salario_real_adm ~ i(event_time, treatment, ref=-1) | cbo_4d + periodo",3769,58
27.0,"C(event_time, contr.treatment(base=-1))[5]:treatment",5,0.01465566460877117,0.03958956703099411,-0.06462107591908017,0.09393240513662252,0.7126129075337815,False,False,0.06595930154918542,-23_to_-2,group_event__income__middle_income__ln_salario_real_adm,income,income,middle_income,Over 2 through 5 minimum wages,ln_salario_real_adm,ols,-23_to_41,-1,2022-11,frozen,False,"ln_salario_real_adm ~ i(event_time, treatment, ref=-1) | cbo_4d + periodo",3769,58
28.0,"C(event_time, contr.treatment(base=-1))[6]:treatment",6,0.08899653127552609,0.04919647406465985,-0.009517708757860621,0.1875107713089128,0.07572542772235646,False,False,0.06595930154918542,-23_to_-2,group_event__income__middle_income__ln_salario_real_adm,income,income,middle_income,Over 2 through 5 minimum wages,ln_salario_real_adm,ols,-23_to_41,-1,2022-11,frozen,False,"ln_salario_real_adm ~ i(event_time, treatment, ref=-1) | cbo_4d + periodo",3769,58
29.0,"C(event_time, contr.treatment(base=-1))[7]:treatment",7,0.018343886063622927,0.051147670763308485,-0.0840775579630903,0.12076533009033616,0.7211852397139507,False,False,0.06595930154918542,-23_to_-2,group_event__income__middle_income__ln_salario_real_adm,income,income,middle_income,Over 2 through 5 minimum wages,ln_salario_real_adm,ols,-23_to_41,-1,2022-11,frozen,False,"ln_salario_real_adm ~ i(event_time, treatment, ref=-1) | cbo_4d + periodo",3769,58
30.0,"C(event_time, contr.treatment(base=-1))[8]:treatment",8,0.05201957201212876,0.04293184875878794,-0.03394997223084915,0.13798911625510668,0.23063490493450778,False,False,0.06595930154918542,-23_to_-2,group_event__income__middle_income__ln_salario_real_adm,income,income,middle_income,Over 2 through 5 minimum wages,ln_salario_real_adm,ols,-23_to_41,-1,2022-11,frozen,False,"ln_salario_real_adm ~ i(event_time, treatment, ref=-1) | cbo_4d + periodo",3769,58
31.0,"C(event_time, contr.treatment(base=-1))[9]:treatment",9,0.005763063918314046,0.034904534040061067,-0.06413205986955509,0.07565818770618318,0.8694421151717124,False,False,0.06595930154918542,-23_to_-2,group_event__income__middle_income__ln_salario_real_adm,income,income,middle_income,Over 2 through 5 minimum wages,ln_salario_real_adm,ols,-23_to_41,-1,2022-11,frozen,False,"ln_salario_real_adm ~ i(event_time, treatment, ref=-1) | cbo_4d + periodo",3769,58
32.0,"C(event_time, contr.treatment(base=-1))[10]:treatment",10,0.020472883236487785,0.04773683791334714,-0.07511848582076278,0.11606425229373835,0.6696345983710845,False,False,0.06595930154918542,-23_to_-2,group_event__income__middle_income__ln_salario_real_adm,income,income,middle_income,Over 2 through 5 minimum wages,ln_salario_real_adm,ols,-23_to_41,-1,2022-11,frozen,False,"ln_salario_real_adm ~ i(event_time, treatment, ref=-1) | cbo_4d + periodo",3769,58
33.0,"C(event_time, contr.treatment(base=-1))[11]:treatment",11,-0.01835473207872759,0.0410191923961117,-0.10049424801995319,0.063784783862498,0.6562338806980132,False,False,0.06595930154918542,-23_to_-2,group_event__income__middle_income__ln_salario_real_adm,income,income,middle_income,Over 2 through 5 minimum wages,ln_salario_real_adm,ols,-23_to_41,-1,2022-11,frozen,False,"ln_salario_real_adm ~ i(event_time, treatment, ref=-1) | cbo_4d + periodo",3769,58
34.0,"C(event_time, contr.treatment(base=-1))[12]:treatment",12,-0.058697461377179495,0.037863614480060113,-0.13451804153741032,0.017123118783051332,0.12662037112842728,False,False,0.06595930154918542,-23_to_-2,group_event__income__middle_income__ln_salario_real_adm,income,income,middle_income,Over 2 through 5 minimum wages,ln_salario_real_adm,ols,-23_to_41,-1,2022-11,frozen,False,"ln_salario_real_adm ~ i(event_time, treatment, ref=-1) | cbo_4d + periodo",3769,58
35.0,"C(event_time, contr.treatment(base=-1))[13]:treatment",13,0.03530525421172474,0.0420334566167309,-0.0488652907978855,0.11947579922133499,0.40445571551999393,False,False,0.06595930154918542,-23_to_-2,group_event__income__middle_income__ln_salario_real_adm,income,income,middle_income,Over 2 through 5 minimum wages,ln_salario_real_adm,ols,-23_to_41,-1,2022-11,frozen,False,"ln_salario_real_adm ~ i(event_time, treatment, ref=-1) | cbo_4d + periodo",3769,58
36.0,"C(event_time, contr.treatment(base=-1))[14]:treatment",14,0.014297490159867216,0.03919530177573678,-0.06418974781253278,0.09278472813226721,0.716628840598382,False,False,0.06595930154918542,-23_to_-2,group_event__income__middle_income__ln_salario_real_adm,income,income,middle_income,Over 2 through 5 minimum wages,ln_salario_real_adm,ols,-23_to_41,-1,2022-11,frozen,False,"ln_salario_real_adm ~ i(event_time, treatment, ref=-1) | cbo_4d + periodo",3769,58
37.0,"C(event_time, contr.treatment(base=-1))[15]:treatment",15,-0.010721321424120535,0.041023353064316294,-0.0928691689597134,0.07142652611147232,0.7947671139146653,False,False,0.06595930154918542,-23_to_-2,group_event__income__middle_income__ln_salario_real_adm,income,income,middle_income,Over 2 through 5 minimum wages,ln_salario_real_adm,ols,-23_to_41,-1,2022-11,frozen,False,"ln_salario_real_adm ~ i(event_time, treatment, ref=-1) | cbo_4d + periodo",3769,58
38.0,"C(event_time, contr.treatment(base=-1))[16]:treatment",16,-0.034355520706498326,0.03665894827317546,-0.10776379839746753,0.03905275698447088,0.3526271653709312,False,False,0.06595930154918542,-23_to_-2,group_event__income__middle_income__ln_salario_real_adm,income,income,middle_income,Over 2 through 5 minimum wages,ln_salario_real_adm,ols,-23_to_41,-1,2022-11,frozen,False,"ln_salario_real_adm ~ i(event_time, treatment, ref=-1) | cbo_4d + periodo",3769,58
39.0,"C(event_time, contr.treatment(base=-1))[17]:treatment",17,0.04103633988032677,0.04503249660680373,-0.04913967912043674,0.13121235888109029,0.3659958918605226,False,False,0.06595930154918542,-23_to_-2,group_event__income__middle_income__ln_salario_real_adm,income,income,middle_income,Over 2 through 5 minimum wages,ln_salario_real_adm,ols,-23_to_41,-1,2022-11,frozen,False,"ln_salario_real_adm ~ i(event_time, treatment, ref=-1) | cbo_4d + periodo",3769,58
40.0,"C(event_time, contr.treatment(base=-1))[18]:treatment",18,0.04014033853549546,0.0419455743465716,-0.0438542252636367,0.12413490233462762,0.34262759623310757,False,False,0.06595930154918542,-23_to_-2,group_event__income__middle_income__ln_salario_real_adm,income,income,middle_income,Over 2 through 5 minimum wages,ln_salario_real_adm,ols,-23_to_41,-1,2022-11,frozen,False,"ln_salario_real_adm ~ i(event_time, treatment, ref=-1) | cbo_4d + periodo",3769,58
41.0,"C(event_time, contr.treatment(base=-1))[19]:treatment",19,0.059200811972561336,0.043160701362248664,-0.02722700170411551,0.14562862564923817,0.17555173675451274,False,False,0.06595930154918542,-23_to_-2,group_event__income__middle_income__ln_salario_real_adm,income,income,middle_income,Over 2 through 5 minimum wages,ln_salario_real_adm,ols,-23_to_41,-1,2022-11,frozen,False,"ln_salario_real_adm ~ i(event_time, treatment, ref=-1) | cbo_4d + periodo",3769,58
42.0,"C(event_time, contr.treatment(base=-1))[20]:treatment",20,0.053459023682919014,0.04532552693122594,-0.0373037784210248,0.14422182578686282,0.24312001683741835,False,False,0.06595930154918542,-23_to_-2,group_event__income__middle_income__ln_salario_real_adm,income,income,middle_income,Over 2 through 5 minimum wages,ln_salario_real_adm,ols,-23_to_41,-1,2022-11,frozen,False,"ln_salario_real_adm ~ i(event_time, treatment, ref=-1) | cbo_4d + periodo",3769,58
43.0,"C(event_time, contr.treatment(base=-1))[21]:treatment",21,0.059742076219327166,0.046989576634645126,-0.034352927938257,0.15383708037691132,0.208753562927674,False,False,0.06595930154918542,-23_to_-2,group_event__income__middle_income__ln_salario_real_adm,income,income,middle_income,Over 2 through 5 minimum wages,ln_salario_real_adm,ols,-23_to_41,-1,2022-11,frozen,False,"ln_salario_real_adm ~ i(event_time, treatment, ref=-1) | cbo_4d + periodo",3769,58
44.0,"C(event_time, contr.treatment(base=-1))[22]:treatment",22,0.05544434642750149,0.038400256242789754,-0.021450840326608482,0.13233953318161146,0.1542543493515689,False,False,0.06595930154918542,-23_to_-2,group_event__income__middle_income__ln_salario_real_adm,income,income,middle_income,Over 2 through 5 minimum wages,ln_salario_real_adm,ols,-23_to_41,-1,2022-11,frozen,False,"ln_salario_real_adm ~ i(event_time, treatment, ref=-1) | cbo_4d + periodo",3769,58
45.0,"C(event_time, contr.treatment(base=-1))[23]:treatment",23,-0.00377159165012955,0.03033197675688618,-0.06451032741781149,0.05696714411755238,0.9014805834821353,False,False,0.06595930154918542,-23_to_-2,group_event__income__middle_income__ln_salario_real_adm,income,income,middle_income,Over 2 through 5 minimum wages,ln_salario_real_adm,ols,-23_to_41,-1,2022-11,frozen,False,"ln_salario_real_adm ~ i(event_time, treatment, ref=-1) | cbo_4d + periodo",3769,58
46.0,"C(event_time, contr.treatment(base=-1))[24]:treatment",24,-0.030000278165105046,0.054152506688554654,-0.13843880234296044,0.07843824601275035,0.5817484859486264,False,True,0.06595930154918542,-23_to_-2,group_event__income__middle_income__ln_salario_real_adm,income,income,middle_income,Over 2 through 5 minimum wages,ln_salario_real_adm,ols,-23_to_41,-1,2022-11,frozen,False,"ln_salario_real_adm ~ i(event_time, treatment, ref=-1) | cbo_4d + periodo",3769,58
47.0,"C(event_time, contr.treatment(base=-1))[25]:treatment",25,0.011772812599633642,0.04716525259088093,-0.08267397659234064,0.10621960179160793,0.8037880596258782,False,True,0.06595930154918542,-23_to_-2,group_event__income__middle_income__ln_salario_real_adm,income,income,middle_income,Over 2 through 5 minimum wages,ln_salario_real_adm,ols,-23_to_41,-1,2022-11,frozen,False,"ln_salario_real_adm ~ i(event_time, treatment, ref=-1) | cbo_4d + periodo",3769,58
48.0,"C(event_time, contr.treatment(base=-1))[26]:treatment",26,-0.026352349665077372,0.046470922683937016,-0.11940876720104374,0.06670406787088898,0.5728919456957684,False,True,0.06595930154918542,-23_to_-2,group_event__income__middle_income__ln_salario_real_adm,income,income,middle_income,Over 2 through 5 minimum wages,ln_salario_real_adm,ols,-23_to_41,-1,2022-11,frozen,False,"ln_salario_real_adm ~ i(event_time, treatment, ref=-1) | cbo_4d + periodo",3769,58
49.0,"C(event_time, contr.treatment(base=-1))[27]:treatment",27,0.03406967981861174,0.039469186314693004,-0.044966002482881934,0.11310536212010541,0.3916468243195599,False,True,0.06595930154918542,-23_to_-2,group_event__income__middle_income__ln_salario_real_adm,income,income,middle_income,Over 2 through 5 minimum wages,ln_salario_real_adm,ols,-23_to_41,-1,2022-11,frozen,False,"ln_salario_real_adm ~ i(event_time, treatment, ref=-1) | cbo_4d + periodo",3769,58
50.0,"C(event_time, contr.treatment(base=-1))[28]:treatment",28,0.05397664164647973,0.034662725057289366,-0.015434268005642772,0.12338755129860224,0.12495950433676661,False,True,0.06595930154918542,-23_to_-2,group_event__income__middle_income__ln_salario_real_adm,income,income,middle_income,Over 2 through 5 minimum wages,ln_salario_real_adm,ols,-23_to_41,-1,2022-11,frozen,False,"ln_salario_real_adm ~ i(event_time, treatment, ref=-1) | cbo_4d + periodo",3769,58
51.0,"C(event_time, contr.treatment(base=-1))[29]:treatment",29,0.02532418058306077,0.03436931292029329,-0.04349918139939034,0.09414754256551187,0.46425063028244273,False,True,0.06595930154918542,-23_to_-2,group_event__income__middle_income__ln_salario_real_adm,income,income,middle_income,Over 2 through 5 minimum wages,ln_salario_real_adm,ols,-23_to_41,-1,2022-11,frozen,False,"ln_salario_real_adm ~ i(event_time, treatment, ref=-1) | cbo_4d + periodo",3769,58
52.0,"C(event_time, contr.treatment(base=-1))[30]:treatment",30,0.044003987442579134,0.04553214382686392,-0.047172557858185665,0.13518053274334393,0.3379078491827314,False,True,0.06595930154918542,-23_to_-2,group_event__income__middle_income__ln_salario_real_adm,income,income,middle_income,Over 2 through 5 minimum wages,ln_salario_real_adm,ols,-23_to_41,-1,2022-11,frozen,False,"ln_salario_real_adm ~ i(event_time, treatment, ref=-1) | cbo_4d + periodo",3769,58
53.0,"C(event_time, contr.treatment(base=-1))[31]:treatment",31,-0.007399598908738323,0.03761776182482114,-0.08272786761877814,0.06792866980130148,0.8447581470633287,False,True,0.06595930154918542,-23_to_-2,group_event__income__middle_income__ln_salario_real_adm,income,income,middle_income,Over 2 through 5 minimum wages,ln_salario_real_adm,ols,-23_to_41,-1,2022-11,frozen,False,"ln_salario_real_adm ~ i(event_time, treatment, ref=-1) | cbo_4d + periodo",3769,58
54.0,"C(event_time, contr.treatment(base=-1))[32]:treatment",32,0.0367491683395637,0.04651733945227199,-0.05640019717172535,0.12989853385085276,0.43279624688882024,False,True,0.06595930154918542,-23_to_-2,group_event__income__middle_income__ln_salario_real_adm,income,income,middle_income,Over 2 through 5 minimum wages,ln_salario_real_adm,ols,-23_to_41,-1,2022-11,frozen,False,"ln_salario_real_adm ~ i(event_time, treatment, ref=-1) | cbo_4d + periodo",3769,58
55.0,"C(event_time, contr.treatment(base=-1))[33]:treatment",33,0.014356729430854073,0.03430394887269748,-0.054335743304006964,0.08304920216571511,0.6771431014198526,False,True,0.06595930154918542,-23_to_-2,group_event__income__middle_income__ln_salario_real_adm,income,income,middle_income,Over 2 through 5 minimum wages,ln_salario_real_adm,ols,-23_to_41,-1,2022-11,frozen,False,"ln_salario_real_adm ~ i(event_time, treatment, ref=-1) | cbo_4d + periodo",3769,58
56.0,"C(event_time, contr.treatment(base=-1))[34]:treatment",34,0.028731980020701046,0.047650909422674755,-0.06668732020200907,0.12415128024341116,0.5489215956338596,False,True,0.06595930154918542,-23_to_-2,group_event__income__middle_income__ln_salario_real_adm,income,income,middle_income,Over 2 through 5 minimum wages,ln_salario_real_adm,ols,-23_to_41,-1,2022-11,frozen,False,"ln_salario_real_adm ~ i(event_time, treatment, ref=-1) | cbo_4d + periodo",3769,58
57.0,"C(event_time, contr.treatment(base=-1))[35]:treatment",35,0.0481692374001806,0.04537157170543489,-0.042685767773697494,0.1390242425740587,0.29286714906761047,False,True,0.06595930154918542,-23_to_-2,group_event__income__middle_income__ln_salario_real_adm,income,income,middle_income,Over 2 through 5 minimum wages,ln_salario_real_adm,ols,-23_to_41,-1,2022-11,frozen,False,"ln_salario_real_adm ~ i(event_time, treatment, ref=-1) | cbo_4d + periodo",3769,58
58.0,"C(event_time, contr.treatment(base=-1))[36]:treatment",36,0.04895116282088936,0.04176894724692179,-0.03468971131201931,0.13259203695379804,0.24609196690090673,False,True,0.06595930154918542,-23_to_-2,group_event__income__middle_income__ln_salario_real_adm,income,income,middle_income,Over 2 through 5 minimum wages,ln_salario_real_adm,ols,-23_to_41,-1,2022-11,frozen,False,"ln_salario_real_adm ~ i(event_time, treatment, ref=-1) | cbo_4d + periodo",3769,58
59.0,"C(event_time, contr.treatment(base=-1))[37]:treatment",37,-0.029850461081939093,0.04817649232178217,-0.12632222290610584,0.06662130074222765,0.5379859779557163,False,True,0.06595930154918542,-23_to_-2,group_event__income__middle_income__ln_salario_real_adm,income,income,middle_income,Over 2 through 5 minimum wages,ln_salario_real_adm,ols,-23_to_41,-1,2022-11,frozen,False,"ln_salario_real_adm ~ i(event_time, treatment, ref=-1) | cbo_4d + periodo",3769,58
60.0,"C(event_time, contr.treatment(base=-1))[38]:treatment",38,-0.11078907723666749,0.05651913644746922,-0.2239666957616795,0.002388541288344495,0.054866521042522765,False,True,0.06595930154918542,-23_to_-2,group_event__income__middle_income__ln_salario_real_adm,income,income,middle_income,Over 2 through 5 minimum wages,ln_salario_real_adm,ols,-23_to_41,-1,2022-11,frozen,False,"ln_salario_real_adm ~ i(event_time, treatment, ref=-1) | cbo_4d + periodo",3769,58
61.0,"C(event_time, contr.treatment(base=-1))[39]:treatment",39,-0.01900198937426111,0.0375854186218924,-0.09426549193759327,0.05626151318907106,0.6151093988125478,False,True,0.06595930154918542,-23_to_-2,group_event__income__middle_income__ln_salario_real_adm,income,income,middle_income,Over 2 through 5 minimum wages,ln_salario_real_adm,ols,-23_to_41,-1,2022-11,frozen,False,"ln_salario_real_adm ~ i(event_time, treatment, ref=-1) | cbo_4d + periodo",3769,58
62.0,"C(event_time, contr.treatment(base=-1))[40]:treatment",40,0.03223771544921567,0.03814854163011663,-0.04415342148741754,0.10862885238584888,0.40161193101337633,False,True,0.06595930154918542,-23_to_-2,group_event__income__middle_income__ln_salario_real_adm,income,income,middle_income,Over 2 through 5 minimum wages,ln_salario_real_adm,ols,-23_to_41,-1,2022-11,frozen,False,"ln_salario_real_adm ~ i(event_time, treatment, ref=-1) | cbo_4d + periodo",3769,58
63.0,"C(event_time, contr.treatment(base=-1))[41]:treatment",41,0.03472331674257443,0.03872157888110642,-0.04281530749605291,0.11226194098120176,0.373627785935124,False,True,0.06595930154918542,-23_to_-2,group_event__income__middle_income__ln_salario_real_adm,income,income,middle_income,Over 2 through 5 minimum wages,ln_salario_real_adm,ols,-23_to_41,-1,2022-11,frozen,False,"ln_salario_real_adm ~ i(event_time, treatment, ref=-1) | cbo_4d + periodo",3769,58
0.0,"C(event_time, contr.treatment(base=-1))[-23]:treatment",-23,0.08368971366932475,0.1582384076934319,-0.2812087088198517,0.44858813615850124,0.6112412921965358,False,False,0.06299228115599546,-23_to_-2,group_event__income__high_income__admissoes,income,income,high_income,Over 5 minimum wages,admissoes,ppml,-23_to_41,-1,2022-11,frozen,False,"admissoes ~ i(event_time, treatment, ref=-1) | cbo_4d + periodo",585,9
1.0,"C(event_time, contr.treatment(base=-1))[-22]:treatment",-22,-0.022434772400070906,0.12265270098633207,-0.30527240806851264,0.2604028632683708,0.8594168044058574,False,False,0.06299228115599546,-23_to_-2,group_event__income__high_income__admissoes,income,income,high_income,Over 5 minimum wages,admissoes,ppml,-23_to_41,-1,2022-11,frozen,False,"admissoes ~ i(event_time, treatment, ref=-1) | cbo_4d + periodo",585,9
2.0,"C(event_time, contr.treatment(base=-1))[-21]:treatment",-21,-0.17732818120459679,0.20002609179111278,-0.6385891760236307,0.2839328136144371,0.4011981022049227,False,False,0.06299228115599546,-23_to_-2,group_event__income__high_income__admissoes,income,income,high_income,Over 5 minimum wages,admissoes,ppml,-23_to_41,-1,2022-11,frozen,False,"admissoes ~ i(event_time, treatment, ref=-1) | cbo_4d + periodo",585,9
3.0,"C(event_time, contr.treatment(base=-1))[-20]:treatment",-20,-0.05815655408621478,0.17096848072335225,-0.45241057762383863,0.33609746945140906,0.7424956609097713,False,False,0.06299228115599546,-23_to_-2,group_event__income__high_income__admissoes,income,income,high_income,Over 5 minimum wages,admissoes,ppml,-23_to_41,-1,2022-11,frozen,False,"admissoes ~ i(event_time, treatment, ref=-1) | cbo_4d + periodo",585,9
4.0,"C(event_time, contr.treatment(base=-1))[-19]:treatment",-19,0.02117407977064285,0.13237266966933287,-0.2840778438748537,0.32642600341613937,0.8768791107645615,False,False,0.06299228115599546,-23_to_-2,group_event__income__high_income__admissoes,income,income,high_income,Over 5 minimum wages,admissoes,ppml,-23_to_41,-1,2022-11,frozen,False,"admissoes ~ i(event_time, treatment, ref=-1) | cbo_4d + periodo",585,9
5.0,"C(event_time, contr.treatment(base=-1))[-18]:treatment",-18,0.2136692325998595,0.10141660260217404,-0.020197872379111304,0.4475363375788303,0.06820713886420693,False,False,0.06299228115599546,-23_to_-2,group_event__income__high_income__admissoes,income,income,high_income,Over 5 minimum wages,admissoes,ppml,-23_to_41,-1,2022-11,frozen,False,"admissoes ~ i(event_time, treatment, ref=-1) | cbo_4d + periodo",585,9
6.0,"C(event_time, contr.treatment(base=-1))[-17]:treatment",-17,0.11742916395753142,0.09260194629073953,-0.09611130711686794,0.3309696350319308,0.24041793579277537,False,False,0.06299228115599546,-23_to_-2,group_event__income__high_income__admissoes,income,income,high_income,Over 5 minimum wages,admissoes,ppml,-23_to_41,-1,2022-11,frozen,False,"admissoes ~ i(event_time, treatment, ref=-1) | cbo_4d + periodo",585,9
7.0,"C(event_time, contr.treatment(base=-1))[-16]:treatment",-16,0.08009914048499779,0.09752783102651973,-0.14480044115964974,0.30499872212964535,0.4352681358291668,False,False,0.06299228115599546,-23_to_-2,group_event__income__high_income__admissoes,income,income,high_income,Over 5 minimum wages,admissoes,ppml,-23_to_41,-1,2022-11,frozen,False,"admissoes ~ i(event_time, treatment, ref=-1) | cbo_4d + periodo",585,9
8.0,"C(event_time, contr.treatment(base=-1))[-15]:treatment",-15,0.1880422015280421,0.14691804069389608,-0.15075140784817606,0.5268358109042602,0.23644169271155846,False,False,0.06299228115599546,-23_to_-2,group_event__income__high_income__admissoes,income,income,high_income,Over 5 minimum wages,admissoes,ppml,-23_to_41,-1,2022-11,frozen,False,"admissoes ~ i(event_time, treatment, ref=-1) | cbo_4d + periodo",585,9
9.0,"C(event_time, contr.treatment(base=-1))[-14]:treatment",-14,0.205246312136549,0.10134271007006534,-0.02845039635781843,0.43894302063091645,0.07742327313139974,False,False,0.06299228115599546,-23_to_-2,group_event__income__high_income__admissoes,income,income,high_income,Over 5 minimum wages,admissoes,ppml,-23_to_41,-1,2022-11,frozen,False,"admissoes ~ i(event_time, treatment, ref=-1) | cbo_4d + periodo",585,9
10.0,"C(event_time, contr.treatment(base=-1))[-13]:treatment",-13,0.18662661090816546,0.09972687300241219,-0.043343970626377654,0.41659719244270854,0.09819888339103322,False,False,0.06299228115599546,-23_to_-2,group_event__income__high_income__admissoes,income,income,high_income,Over 5 minimum wages,admissoes,ppml,-23_to_41,-1,2022-11,frozen,False,"admissoes ~ i(event_time, treatment, ref=-1) | cbo_4d + periodo",585,9
11.0,"C(event_time, contr.treatment(base=-1))[-12]:treatment",-12,0.03970510588190079,0.07802418903463415,-0.140218996677917,0.2196292084417186,0.6245695858013165,False,False,0.06299228115599546,-23_to_-2,group_event__income__high_income__admissoes,income,income,high_income,Over 5 minimum wages,admissoes,ppml,-23_to_41,-1,2022-11,frozen,False,"admissoes ~ i(event_time, treatment, ref=-1) | cbo_4d + periodo",585,9
12.0,"C(event_time, contr.treatment(base=-1))[-11]:treatment",-11,0.04835274729563103,0.11314913443340578,-0.2125696246025747,0.30927511919383677,0.6804037303915584,False,False,0.06299228115599546,-23_to_-2,group_event__income__high_income__admissoes,income,income,high_income,Over 5 minimum wages,admissoes,ppml,-23_to_41,-1,2022-11,frozen,False,"admissoes ~ i(event_time, treatment, ref=-1) | cbo_4d + periodo",585,9
13.0,"C(event_time, contr.treatment(base=-1))[-10]:treatment",-10,0.01087716186986681,0.10923625084727796,-0.24102208429815564,0.26277640803788926,0.9231320350216983,False,False,0.06299228115599546,-23_to_-2,group_event__income__high_income__admissoes,income,income,high_income,Over 5 minimum wages,admissoes,ppml,-23_to_41,-1,2022-11,frozen,False,"admissoes ~ i(event_time, treatment, ref=-1) | cbo_4d + periodo",585,9
14.0,"C(event_time, contr.treatment(base=-1))[-9]:treatment",-9,-0.04857276410728301,0.13057137020765852,-0.34967088374541744,0.2525253555308514,0.7195523083721067,False,False,0.06299228115599546,-23_to_-2,group_event__income__high_income__admissoes,income,income,high_income,Over 5 minimum wages,admissoes,ppml,-23_to_41,-1,2022-11,frozen,False,"admissoes ~ i(event_time, treatment, ref=-1) | cbo_4d + periodo",585,9
15.0,"C(event_time, contr.treatment(base=-1))[-8]:treatment",-8,0.07566900470128947,0.07400685218222737,-0.09499110246437022,0.24632911186694917,0.33648424031579705,False,False,0.06299228115599546,-23_to_-2,group_event__income__high_income__admissoes,income,income,high_income,Over 5 minimum wages,admissoes,ppml,-23_to_41,-1,2022-11,frozen,False,"admissoes ~ i(event_time, treatment, ref=-1) | cbo_4d + periodo",585,9
16.0,"C(event_time, contr.treatment(base=-1))[-7]:treatment",-7,0.08862404939242693,0.07939517722460035,-0.094461557602769,0.2717096563876229,0.2967220489285758,False,False,0.06299228115599546,-23_to_-2,group_event__income__high_income__admissoes,income,income,high_income,Over 5 minimum wages,admissoes,ppml,-23_to_41,-1,2022-11,frozen,False,"admissoes ~ i(event_time, treatment, ref=-1) | cbo_4d + periodo",585,9
17.0,"C(event_time, contr.treatment(base=-1))[-6]:treatment",-6,0.054938869958147285,0.08463875911157678,-0.14023845855169798,0.25011619846799255,0.5344616487677054,False,False,0.06299228115599546,-23_to_-2,group_event__income__high_income__admissoes,income,income,high_income,Over 5 minimum wages,admissoes,ppml,-23_to_41,-1,2022-11,frozen,False,"admissoes ~ i(event_time, treatment, ref=-1) | cbo_4d + periodo",585,9
18.0,"C(event_time, contr.treatment(base=-1))[-5]:treatment",-5,-0.03082141904896768,0.07265876617818426,-0.1983728343146931,0.13672999621675774,0.6826009161083655,False,False,0.06299228115599546,-23_to_-2,group_event__income__high_income__admissoes,income,income,high_income,Over 5 minimum wages,admissoes,ppml,-23_to_41,-1,2022-11,frozen,False,"admissoes ~ i(event_time, treatment, ref=-1) | cbo_4d + periodo",585,9
19.0,"C(event_time, contr.treatment(base=-1))[-4]:treatment",-4,0.154092633773502,0.08269962514059441,-0.03661304378054303,0.344798311327547,0.09942826741087263,False,False,0.06299228115599546,-23_to_-2,group_event__income__high_income__admissoes,income,income,high_income,Over 5 minimum wages,admissoes,ppml,-23_to_41,-1,2022-11,frozen,False,"admissoes ~ i(event_time, treatment, ref=-1) | cbo_4d + periodo",585,9
20.0,"C(event_time, contr.treatment(base=-1))[-3]:treatment",-3,0.10763185113857783,0.0747683622039683,-0.06478430128621586,0.2800480035633715,0.1879550849996543,False,False,0.06299228115599546,-23_to_-2,group_event__income__high_income__admissoes,income,income,high_income,Over 5 minimum wages,admissoes,ppml,-23_to_41,-1,2022-11,frozen,False,"admissoes ~ i(event_time, treatment, ref=-1) | cbo_4d + periodo",585,9
21.0,"C(event_time, contr.treatment(base=-1))[-2]:treatment",-2,0.047275997212578455,0.07391485658069905,-0.12317196771553633,0.21772396214069323,0.5403112972216921,False,False,0.06299228115599546,-23_to_-2,group_event__income__high_income__admissoes,income,income,high_income,Over 5 minimum wages,admissoes,ppml,-23_to_41,-1,2022-11,frozen,False,"admissoes ~ i(event_time, treatment, ref=-1) | cbo_4d + periodo",585,9
,reference_event_time,-1,0.0,0.0,0.0,0.0,,True,False,0.06299228115599546,-23_to_-2,group_event__income__high_income__admissoes,income,income,high_income,Over 5 minimum wages,admissoes,ppml,-23_to_41,-1,2022-11,frozen,False,"admissoes ~ i(event_time, treatment, ref=-1) | cbo_4d + periodo",585,9
22.0,"C(event_time, contr.treatment(base=-1))[0]:treatment",0,-0.22009709857256396,0.12862247779924957,-0.5167010642578393,0.07650686711271146,0.12541007672871052,False,False,0.06299228115599546,-23_to_-2,group_event__income__high_income__admissoes,income,income,high_income,Over 5 minimum wages,admissoes,ppml,-23_to_41,-1,2022-11,frozen,False,"admissoes ~ i(event_time, treatment, ref=-1) | cbo_4d + periodo",585,9
23.0,"C(event_time, contr.treatment(base=-1))[1]:treatment",1,0.00044770070841663654,0.03573913694244716,-0.08196689686949445,0.08286229828632773,0.9903120026551571,False,False,0.06299228115599546,-23_to_-2,group_event__income__high_income__admissoes,income,income,high_income,Over 5 minimum wages,admissoes,ppml,-23_to_41,-1,2022-11,frozen,False,"admissoes ~ i(event_time, treatment, ref=-1) | cbo_4d + periodo",585,9
24.0,"C(event_time, contr.treatment(base=-1))[2]:treatment",2,-0.08612088851841607,0.039047711807286625,-0.17616507341627952,0.003923296379447383,0.0584873640118273,False,False,0.06299228115599546,-23_to_-2,group_event__income__high_income__admissoes,income,income,high_income,Over 5 minimum wages,admissoes,ppml,-23_to_41,-1,2022-11,frozen,False,"admissoes ~ i(event_time, treatment, ref=-1) | cbo_4d + periodo",585,9
25.0,"C(event_time, contr.treatment(base=-1))[3]:treatment",3,-0.1721675606688819,0.08692525390989184,-0.3726175556387645,0.028282434301000692,0.08296660713369297,False,False,0.06299228115599546,-23_to_-2,group_event__income__high_income__admissoes,income,income,high_income,Over 5 minimum wages,admissoes,ppml,-23_to_41,-1,2022-11,frozen,False,"admissoes ~ i(event_time, treatment, ref=-1) | cbo_4d + periodo",585,9
26.0,"C(event_time, contr.treatment(base=-1))[4]:treatment",4,-0.09219423721046462,0.03638496379328956,-0.17609811417704416,-0.008290360243885075,0.03504442800186314,False,False,0.06299228115599546,-23_to_-2,group_event__income__high_income__admissoes,income,income,high_income,Over 5 minimum wages,admissoes,ppml,-23_to_41,-1,2022-11,frozen,False,"admissoes ~ i(event_time, treatment, ref=-1) | cbo_4d + periodo",585,9
27.0,"C(event_time, contr.treatment(base=-1))[5]:treatment",5,-0.06618277167140466,0.08435209086440394,-0.2606990420178376,0.1283334986750283,0.4552904965362774,False,False,0.06299228115599546,-23_to_-2,group_event__income__high_income__admissoes,income,income,high_income,Over 5 minimum wages,admissoes,ppml,-23_to_41,-1,2022-11,frozen,False,"admissoes ~ i(event_time, treatment, ref=-1) | cbo_4d + periodo",585,9
28.0,"C(event_time, contr.treatment(base=-1))[6]:treatment",6,0.014965345148453909,0.10798422037501128,-0.23404671357311993,0.26397740387002777,0.8932005848602933,False,False,0.06299228115599546,-23_to_-2,group_event__income__high_income__admissoes,income,income,high_income,Over 5 minimum wages,admissoes,ppml,-23_to_41,-1,2022-11,frozen,False,"admissoes ~ i(event_time, treatment, ref=-1) | cbo_4d + periodo",585,9
29.0,"C(event_time, contr.treatment(base=-1))[7]:treatment",7,-0.002385632008543499,0.0549573077310818,-0.12911741089610596,0.12434614687901896,0.9664395586439283,False,False,0.06299228115599546,-23_to_-2,group_event__income__high_income__admissoes,income,income,high_income,Over 5 minimum wages,admissoes,ppml,-23_to_41,-1,2022-11,frozen,False,"admissoes ~ i(event_time, treatment, ref=-1) | cbo_4d + periodo",585,9
30.0,"C(event_time, contr.treatment(base=-1))[8]:treatment",8,0.1062823209923456,0.05280914677099834,-0.015495789838180257,0.22806043182287145,0.078962501904833,False,False,0.06299228115599546,-23_to_-2,group_event__income__high_income__admissoes,income,income,high_income,Over 5 minimum wages,admissoes,ppml,-23_to_41,-1,2022-11,frozen,False,"admissoes ~ i(event_time, treatment, ref=-1) | cbo_4d + periodo",585,9
31.0,"C(event_time, contr.treatment(base=-1))[9]:treatment",9,0.05218404727930259,0.07908496143629964,-0.1301862008252663,0.2345542953838715,0.527887124849918,False,False,0.06299228115599546,-23_to_-2,group_event__income__high_income__admissoes,income,income,high_income,Over 5 minimum wages,admissoes,ppml,-23_to_41,-1,2022-11,frozen,False,"admissoes ~ i(event_time, treatment, ref=-1) | cbo_4d + periodo",585,9
32.0,"C(event_time, contr.treatment(base=-1))[10]:treatment",10,0.05179375173016659,0.12492531733180838,-0.23628454662867604,0.3398720500890092,0.6893307620767426,False,False,0.06299228115599546,-23_to_-2,group_event__income__high_income__admissoes,income,income,high_income,Over 5 minimum wages,admissoes,ppml,-23_to_41,-1,2022-11,frozen,False,"admissoes ~ i(event_time, treatment, ref=-1) | cbo_4d + periodo",585,9
33.0,"C(event_time, contr.treatment(base=-1))[11]:treatment",11,0.18545706249644828,0.09593767596765562,-0.035775615006842815,0.40668973999973934,0.08929251401652194,False,False,0.06299228115599546,-23_to_-2,group_event__income__high_income__admissoes,income,income,high_income,Over 5 minimum wages,admissoes,ppml,-23_to_41,-1,2022-11,frozen,False,"admissoes ~ i(event_time, treatment, ref=-1) | cbo_4d + periodo",585,9
34.0,"C(event_time, contr.treatment(base=-1))[12]:treatment",12,0.09948136880858356,0.11643575830633542,-0.16901997133145863,0.3679827089486257,0.41773885671538435,False,False,0.06299228115599546,-23_to_-2,group_event__income__high_income__admissoes,income,income,high_income,Over 5 minimum wages,admissoes,ppml,-23_to_41,-1,2022-11,frozen,False,"admissoes ~ i(event_time, treatment, ref=-1) | cbo_4d + periodo",585,9
35.0,"C(event_time, contr.treatment(base=-1))[13]:treatment",13,0.09698394873399874,0.09949411159986112,-0.13244988404374566,0.32641778151174317,0.3582233807350146,False,False,0.06299228115599546,-23_to_-2,group_event__income__high_income__admissoes,income,income,high_income,Over 5 minimum wages,admissoes,ppml,-23_to_41,-1,2022-11,frozen,False,"admissoes ~ i(event_time, treatment, ref=-1) | cbo_4d + periodo",585,9
36.0,"C(event_time, contr.treatment(base=-1))[14]:treatment",14,0.07486320851479666,0.08460456024203701,-0.12023525726047057,0.2699616742900639,0.4020434166266784,False,False,0.06299228115599546,-23_to_-2,group_event__income__high_income__admissoes,income,income,high_income,Over 5 minimum wages,admissoes,ppml,-23_to_41,-1,2022-11,frozen,False,"admissoes ~ i(event_time, treatment, ref=-1) | cbo_4d + periodo",585,9
37.0,"C(event_time, contr.treatment(base=-1))[15]:treatment",15,-0.10611614361082648,0.06912132145446936,-0.2655101967156092,0.053277909493956235,0.1632793666553456,False,False,0.06299228115599546,-23_to_-2,group_event__income__high_income__admissoes,income,income,high_income,Over 5 minimum wages,admissoes,ppml,-23_to_41,-1,2022-11,frozen,False,"admissoes ~ i(event_time, treatment, ref=-1) | cbo_4d + periodo",585,9
38.0,"C(event_time, contr.treatment(base=-1))[16]:treatment",16,0.18380701890275206,0.12726847163086993,-0.10967460295914797,0.47728864076465205,0.18666730323002345,False,False,0.06299228115599546,-23_to_-2,group_event__income__high_income__admissoes,income,income,high_income,Over 5 minimum wages,admissoes,ppml,-23_to_41,-1,2022-11,frozen,False,"admissoes ~ i(event_time, treatment, ref=-1) | cbo_4d + periodo",585,9
39.0,"C(event_time, contr.treatment(base=-1))[17]:treatment",17,0.0410875749555852,0.16092162615003464,-0.3299983603901734,0.41217351030134375,0.8049125933414423,False,False,0.06299228115599546,-23_to_-2,group_event__income__high_income__admissoes,income,income,high_income,Over 5 minimum wages,admissoes,ppml,-23_to_41,-1,2022-11,frozen,False,"admissoes ~ i(event_time, treatment, ref=-1) | cbo_4d + periodo",585,9
40.0,"C(event_time, contr.treatment(base=-1))[18]:treatment",18,0.10267388807224588,0.12893641051481186,-0.19465400775329206,0.4000017838977838,0.44883263094876424,False,False,0.06299228115599546,-23_to_-2,group_event__income__high_income__admissoes,income,income,high_income,Over 5 minimum wages,admissoes,ppml,-23_to_41,-1,2022-11,frozen,False,"admissoes ~ i(event_time, treatment, ref=-1) | cbo_4d + periodo",585,9
41.0,"C(event_time, contr.treatment(base=-1))[19]:treatment",19,0.17961292327997613,0.20693907266336367,-0.2975894340170557,0.656815280577008,0.4107003824219537,False,False,0.06299228115599546,-23_to_-2,group_event__income__high_income__admissoes,income,income,high_income,Over 5 minimum wages,admissoes,ppml,-23_to_41,-1,2022-11,frozen,False,"admissoes ~ i(event_time, treatment, ref=-1) | cbo_4d + periodo",585,9
42.0,"C(event_time, contr.treatment(base=-1))[20]:treatment",20,0.1261370437445252,0.1373825651639698,-0.1906677196285448,0.44294180711759523,0.3853879991671869,False,False,0.06299228115599546,-23_to_-2,group_event__income__high_income__admissoes,income,income,high_income,Over 5 minimum wages,admissoes,ppml,-23_to_41,-1,2022-11,frozen,False,"admissoes ~ i(event_time, treatment, ref=-1) | cbo_4d + periodo",585,9
43.0,"C(event_time, contr.treatment(base=-1))[21]:treatment",21,0.1830515388351688,0.11436149204195789,-0.08066653472170429,0.44676961239204194,0.14812433728336316,False,False,0.06299228115599546,-23_to_-2,group_event__income__high_income__admissoes,income,income,high_income,Over 5 minimum wages,admissoes,ppml,-23_to_41,-1,2022-11,frozen,False,"admissoes ~ i(event_time, treatment, ref=-1) | cbo_4d + periodo",585,9
44.0,"C(event_time, contr.treatment(base=-1))[22]:treatment",22,0.17329678346882157,0.21125935051141748,-0.31386815241105326,0.6604617193486964,0.4358011917990894,False,False,0.06299228115599546,-23_to_-2,group_event__income__high_income__admissoes,income,income,high_income,Over 5 minimum wages,admissoes,ppml,-23_to_41,-1,2022-11,frozen,False,"admissoes ~ i(event_time, treatment, ref=-1) | cbo_4d + periodo",585,9
45.0,"C(event_time, contr.treatment(base=-1))[23]:treatment",23,0.3009110484718324,0.18054802976628426,-0.11543345477218375,0.7172555517158485,0.13414325640309777,False,False,0.06299228115599546,-23_to_-2,group_event__income__high_income__admissoes,income,income,high_income,Over 5 minimum wages,admissoes,ppml,-23_to_41,-1,2022-11,frozen,False,"admissoes ~ i(event_time, treatment, ref=-1) | cbo_4d + periodo",585,9
46.0,"C(event_time, contr.treatment(base=-1))[24]:treatment",24,0.15631951380534082,0.14589575688054662,-0.1801167048699412,0.4927557324806228,0.31522471751858205,False,True,0.06299228115599546,-23_to_-2,group_event__income__high_income__admissoes,income,income,high_income,Over 5 minimum wages,admissoes,ppml,-23_to_41,-1,2022-11,frozen,False,"admissoes ~ i(event_time, treatment, ref=-1) | cbo_4d + periodo",585,9
47.0,"C(event_time, contr.treatment(base=-1))[25]:treatment",25,0.19982284564658234,0.21999821205084874,-0.30749394108019756,0.7071396323733623,0.3902644773354176,False,True,0.06299228115599546,-23_to_-2,group_event__income__high_income__admissoes,income,income,high_income,Over 5 minimum wages,admissoes,ppml,-23_to_41,-1,2022-11,frozen,False,"admissoes ~ i(event_time, treatment, ref=-1) | cbo_4d + periodo",585,9
48.0,"C(event_time, contr.treatment(base=-1))[26]:treatment",26,0.18945596990742838,0.21825843664800026,-0.31384888754605644,0.6927608273609133,0.4106569047492319,False,True,0.06299228115599546,-23_to_-2,group_event__income__high_income__admissoes,income,income,high_income,Over 5 minimum wages,admissoes,ppml,-23_to_41,-1,2022-11,frozen,False,"admissoes ~ i(event_time, treatment, ref=-1) | cbo_4d + periodo",585,9
49.0,"C(event_time, contr.treatment(base=-1))[27]:treatment",27,0.10553030306028892,0.19261415652032957,-0.3386387383744533,0.5496993444950311,0.5987210433299928,False,True,0.06299228115599546,-23_to_-2,group_event__income__high_income__admissoes,income,income,high_income,Over 5 minimum wages,admissoes,ppml,-23_to_41,-1,2022-11,frozen,False,"admissoes ~ i(event_time, treatment, ref=-1) | cbo_4d + periodo",585,9
50.0,"C(event_time, contr.treatment(base=-1))[28]:treatment",28,0.2516836461780623,0.21295035443219465,-0.2393807517357711,0.7427480440918958,0.27118714292129864,False,True,0.06299228115599546,-23_to_-2,group_event__income__high_income__admissoes,income,income,high_income,Over 5 minimum wages,admissoes,ppml,-23_to_41,-1,2022-11,frozen,False,"admissoes ~ i(event_time, treatment, ref=-1) | cbo_4d + periodo",585,9
51.0,"C(event_time, contr.treatment(base=-1))[29]:treatment",29,0.12526699586886136,0.19086104125502562,-0.31485935451460045,0.5653933462523232,0.5300359131707388,False,True,0.06299228115599546,-23_to_-2,group_event__income__high_income__admissoes,income,income,high_income,Over 5 minimum wages,admissoes,ppml,-23_to_41,-1,2022-11,frozen,False,"admissoes ~ i(event_time, treatment, ref=-1) | cbo_4d + periodo",585,9
52.0,"C(event_time, contr.treatment(base=-1))[30]:treatment",30,0.16028013244642003,0.20682075817530293,-0.3166493911518891,0.6372096560447291,0.46064684699631586,False,True,0.06299228115599546,-23_to_-2,group_event__income__high_income__admissoes,income,income,high_income,Over 5 minimum wages,admissoes,ppml,-23_to_41,-1,2022-11,frozen,False,"admissoes ~ i(event_time, treatment, ref=-1) | cbo_4d + periodo",585,9
53.0,"C(event_time, contr.treatment(base=-1))[31]:treatment",31,0.17608407913323376,0.2581729452901555,-0.41926380030370347,0.771431958570171,0.5144720288207827,False,True,0.06299228115599546,-23_to_-2,group_event__income__high_income__admissoes,income,income,high_income,Over 5 minimum wages,admissoes,ppml,-23_to_41,-1,2022-11,frozen,False,"admissoes ~ i(event_time, treatment, ref=-1) | cbo_4d + periodo",585,9
54.0,"C(event_time, contr.treatment(base=-1))[32]:treatment",32,0.09578786073942153,0.18271900127555804,-0.3255629117823904,0.5171386332612334,0.614324930273991,False,True,0.06299228115599546,-23_to_-2,group_event__income__high_income__admissoes,income,income,high_income,Over 5 minimum wages,admissoes,ppml,-23_to_41,-1,2022-11,frozen,False,"admissoes ~ i(event_time, treatment, ref=-1) | cbo_4d + periodo",585,9
55.0,"C(event_time, contr.treatment(base=-1))[33]:treatment",33,0.22745438563296935,0.2329407640248363,-0.30970797946592066,0.7646167507318594,0.3574415118625023,False,True,0.06299228115599546,-23_to_-2,group_event__income__high_income__admissoes,income,income,high_income,Over 5 minimum wages,admissoes,ppml,-23_to_41,-1,2022-11,frozen,False,"admissoes ~ i(event_time, treatment, ref=-1) | cbo_4d + periodo",585,9
56.0,"C(event_time, contr.treatment(base=-1))[34]:treatment",34,0.29751541196546755,0.28841783647893304,-0.36757731162159074,0.9626081355525258,0.33246053372171236,False,True,0.06299228115599546,-23_to_-2,group_event__income__high_income__admissoes,income,income,high_income,Over 5 minimum wages,admissoes,ppml,-23_to_41,-1,2022-11,frozen,False,"admissoes ~ i(event_time, treatment, ref=-1) | cbo_4d + periodo",585,9
57.0,"C(event_time, contr.treatment(base=-1))[35]:treatment",35,0.24743539529883676,0.27074496025848804,-0.376903602642924,0.8717743932405975,0.38748066415323845,False,True,0.06299228115599546,-23_to_-2,group_event__income__high_income__admissoes,income,income,high_income,Over 5 minimum wages,admissoes,ppml,-23_to_41,-1,2022-11,frozen,False,"admissoes ~ i(event_time, treatment, ref=-1) | cbo_4d + periodo",585,9
58.0,"C(event_time, contr.treatment(base=-1))[36]:treatment",36,0.11253917866333901,0.24013444434438155,-0.4412118429997593,0.6662902003264373,0.6518242249719375,False,True,0.06299228115599546,-23_to_-2,group_event__income__high_income__admissoes,income,income,high_income,Over 5 minimum wages,admissoes,ppml,-23_to_41,-1,2022-11,frozen,False,"admissoes ~ i(event_time, treatment, ref=-1) | cbo_4d + periodo",585,9
59.0,"C(event_time, contr.treatment(base=-1))[37]:treatment",37,0.16401581032527765,0.23528932596556493,-0.3785623483207158,0.7065939689712711,0.5055003479038489,False,True,0.06299228115599546,-23_to_-2,group_event__income__high_income__admissoes,income,income,high_income,Over 5 minimum wages,admissoes,ppml,-23_to_41,-1,2022-11,frozen,False,"admissoes ~ i(event_time, treatment, ref=-1) | cbo_4d + periodo",585,9
60.0,"C(event_time, contr.treatment(base=-1))[38]:treatment",38,0.18027552612128073,0.22905226618679428,-0.34791994688335204,0.7084709991259135,0.4539354565160407,False,True,0.06299228115599546,-23_to_-2,group_event__income__high_income__admissoes,income,income,high_income,Over 5 minimum wages,admissoes,ppml,-23_to_41,-1,2022-11,frozen,False,"admissoes ~ i(event_time, treatment, ref=-1) | cbo_4d + periodo",585,9
61.0,"C(event_time, contr.treatment(base=-1))[39]:treatment",39,0.03264935599972602,0.16130482859511167,-0.3393202457690005,0.4046189577684525,0.8446506231162783,False,True,0.06299228115599546,-23_to_-2,group_event__income__high_income__admissoes,income,income,high_income,Over 5 minimum wages,admissoes,ppml,-23_to_41,-1,2022-11,frozen,False,"admissoes ~ i(event_time, treatment, ref=-1) | cbo_4d + periodo",585,9
62.0,"C(event_time, contr.treatment(base=-1))[40]:treatment",40,0.09410766738607354,0.15530507320393264,-0.2640264736403807,0.4522418084125277,0.5613402283644613,False,True,0.06299228115599546,-23_to_-2,group_event__income__high_income__admissoes,income,income,high_income,Over 5 minimum wages,admissoes,ppml,-23_to_41,-1,2022-11,frozen,False,"admissoes ~ i(event_time, treatment, ref=-1) | cbo_4d + periodo",585,9
63.0,"C(event_time, contr.treatment(base=-1))[41]:treatment",41,0.13038148529298477,0.17702723943681634,-0.2778440608920915,0.5386070314780611,0.4824592598404811,False,True,0.06299228115599546,-23_to_-2,group_event__income__high_income__admissoes,income,income,high_income,Over 5 minimum wages,admissoes,ppml,-23_to_41,-1,2022-11,frozen,False,"admissoes ~ i(event_time, treatment, ref=-1) | cbo_4d + periodo",585,9
0.0,"C(event_time, contr.treatment(base=-1))[-23]:treatment",-23,-0.05804891708071894,0.0731702614307898,-0.22677984251409006,0.11068200835265218,0.45046636812297924,False,False,-0.02005364481814088,-23_to_-2,group_event__income__high_income__ln_salario_real_adm,income,income,high_income,Over 5 minimum wages,ln_salario_real_adm,ols,-23_to_41,-1,2022-11,frozen,False,"ln_salario_real_adm ~ i(event_time, treatment, ref=-1) | cbo_4d + periodo",585,9
1.0,"C(event_time, contr.treatment(base=-1))[-22]:treatment",-22,-0.0739360118643392,0.06337456005291997,-0.22007800941311734,0.07220598568443894,0.2769487011608893,False,False,-0.02005364481814088,-23_to_-2,group_event__income__high_income__ln_salario_real_adm,income,income,high_income,Over 5 minimum wages,ln_salario_real_adm,ols,-23_to_41,-1,2022-11,frozen,False,"ln_salario_real_adm ~ i(event_time, treatment, ref=-1) | cbo_4d + periodo",585,9
2.0,"C(event_time, contr.treatment(base=-1))[-21]:treatment",-21,0.0716093027728593,0.10470903167128502,-0.16985015725434782,0.31306876280006646,0.51336374014718,False,False,-0.02005364481814088,-23_to_-2,group_event__income__high_income__ln_salario_real_adm,income,income,high_income,Over 5 minimum wages,ln_salario_real_adm,ols,-23_to_41,-1,2022-11,frozen,False,"ln_salario_real_adm ~ i(event_time, treatment, ref=-1) | cbo_4d + periodo",585,9
3.0,"C(event_time, contr.treatment(base=-1))[-20]:treatment",-20,-0.06231466511105307,0.12504095201229273,-0.3506596175212656,0.2260302872991595,0.6316449339734118,False,False,-0.02005364481814088,-23_to_-2,group_event__income__high_income__ln_salario_real_adm,income,income,high_income,Over 5 minimum wages,ln_salario_real_adm,ols,-23_to_41,-1,2022-11,frozen,False,"ln_salario_real_adm ~ i(event_time, treatment, ref=-1) | cbo_4d + periodo",585,9
4.0,"C(event_time, contr.treatment(base=-1))[-19]:treatment",-19,-0.03780870155238125,0.08123884272494979,-0.22514580881531626,0.14952840571055376,0.6540504795065365,False,False,-0.02005364481814088,-23_to_-2,group_event__income__high_income__ln_salario_real_adm,income,income,high_income,Over 5 minimum wages,ln_salario_real_adm,ols,-23_to_41,-1,2022-11,frozen,False,"ln_salario_real_adm ~ i(event_time, treatment, ref=-1) | cbo_4d + periodo",585,9
5.0,"C(event_time, contr.treatment(base=-1))[-18]:treatment",-18,0.008540219693970097,0.05573385879457838,-0.11998228915721268,0.13706272854515286,0.8820097705082819,False,False,-0.02005364481814088,-23_to_-2,group_event__income__high_income__ln_salario_real_adm,income,income,high_income,Over 5 minimum wages,ln_salario_real_adm,ols,-23_to_41,-1,2022-11,frozen,False,"ln_salario_real_adm ~ i(event_time, treatment, ref=-1) | cbo_4d + periodo",585,9
6.0,"C(event_time, contr.treatment(base=-1))[-17]:treatment",-17,0.01975235801298368,0.06281960290912889,-0.12510990606735112,0.16461462209331845,0.7612382929307875,False,False,-0.02005364481814088,-23_to_-2,group_event__income__high_income__ln_salario_real_adm,income,income,high_income,Over 5 minimum wages,ln_salario_real_adm,ols,-23_to_41,-1,2022-11,frozen,False,"ln_salario_real_adm ~ i(event_time, treatment, ref=-1) | cbo_4d + periodo",585,9
7.0,"C(event_time, contr.treatment(base=-1))[-16]:treatment",-16,-0.017641008844591875,0.06651841985547347,-0.17103276009856053,0.13575074240937676,0.7975572476804584,False,False,-0.02005364481814088,-23_to_-2,group_event__income__high_income__ln_salario_real_adm,income,income,high_income,Over 5 minimum wages,ln_salario_real_adm,ols,-23_to_41,-1,2022-11,frozen,False,"ln_salario_real_adm ~ i(event_time, treatment, ref=-1) | cbo_4d + periodo",585,9
8.0,"C(event_time, contr.treatment(base=-1))[-15]:treatment",-15,0.015057702885081773,0.07286427694303886,-0.15296762105422734,0.18308302682439087,0.8414427133119471,False,False,-0.02005364481814088,-23_to_-2,group_event__income__high_income__ln_salario_real_adm,income,income,high_income,Over 5 minimum wages,ln_salario_real_adm,ols,-23_to_41,-1,2022-11,frozen,False,"ln_salario_real_adm ~ i(event_time, treatment, ref=-1) | cbo_4d + periodo",585,9
9.0,"C(event_time, contr.treatment(base=-1))[-14]:treatment",-14,-0.11016275779492808,0.12114005184491043,-0.3895122182881385,0.16918670269828234,0.38972252639242955,False,False,-0.02005364481814088,-23_to_-2,group_event__income__high_income__ln_salario_real_adm,income,income,high_income,Over 5 minimum wages,ln_salario_real_adm,ols,-23_to_41,-1,2022-11,frozen,False,"ln_salario_real_adm ~ i(event_time, treatment, ref=-1) | cbo_4d + periodo",585,9
10.0,"C(event_time, contr.treatment(base=-1))[-13]:treatment",-13,-0.012264714298877483,0.07583682270781426,-0.1871447410638423,0.16261531246608732,0.875532256528279,False,False,-0.02005364481814088,-23_to_-2,group_event__income__high_income__ln_salario_real_adm,income,income,high_income,Over 5 minimum wages,ln_salario_real_adm,ols,-23_to_41,-1,2022-11,frozen,False,"ln_salario_real_adm ~ i(event_time, treatment, ref=-1) | cbo_4d + periodo",585,9
11.0,"C(event_time, contr.treatment(base=-1))[-12]:treatment",-12,-0.09653566679775505,0.08619248525402917,-0.29529589421707036,0.10222456062156024,0.29520861730769354,False,False,-0.02005364481814088,-23_to_-2,group_event__income__high_income__ln_salario_real_adm,income,income,high_income,Over 5 minimum wages,ln_salario_real_adm,ols,-23_to_41,-1,2022-11,frozen,False,"ln_salario_real_adm ~ i(event_time, treatment, ref=-1) | cbo_4d + periodo",585,9
12.0,"C(event_time, contr.treatment(base=-1))[-11]:treatment",-11,-0.00019064023781959326,0.049669403912707445,-0.11472849105364889,0.11434721057800971,0.9970315653546664,False,False,-0.02005364481814088,-23_to_-2,group_event__income__high_income__ln_salario_real_adm,income,income,high_income,Over 5 minimum wages,ln_salario_real_adm,ols,-23_to_41,-1,2022-11,frozen,False,"ln_salario_real_adm ~ i(event_time, treatment, ref=-1) | cbo_4d + periodo",585,9
13.0,"C(event_time, contr.treatment(base=-1))[-10]:treatment",-10,-0.06711032997190262,0.08575262749362648,-0.2648562435768277,0.1306355836330224,0.4563981414680076,False,False,-0.02005364481814088,-23_to_-2,group_event__income__high_income__ln_salario_real_adm,income,income,high_income,Over 5 minimum wages,ln_salario_real_adm,ols,-23_to_41,-1,2022-11,frozen,False,"ln_salario_real_adm ~ i(event_time, treatment, ref=-1) | cbo_4d + periodo",585,9
14.0,"C(event_time, contr.treatment(base=-1))[-9]:treatment",-9,-0.07489814575616074,0.0866455669371947,-0.27470318141044103,0.12490688989811952,0.41252469160290106,False,False,-0.02005364481814088,-23_to_-2,group_event__income__high_income__ln_salario_real_adm,income,income,high_income,Over 5 minimum wages,ln_salario_real_adm,ols,-23_to_41,-1,2022-11,frozen,False,"ln_salario_real_adm ~ i(event_time, treatment, ref=-1) | cbo_4d + periodo",585,9
15.0,"C(event_time, contr.treatment(base=-1))[-8]:treatment",-8,0.03054501095752485,0.08533738768860707,-0.16624335793992406,0.22733337985497376,0.7296541492941371,False,False,-0.02005364481814088,-23_to_-2,group_event__income__high_income__ln_salario_real_adm,income,income,high_income,Over 5 minimum wages,ln_salario_real_adm,ols,-23_to_41,-1,2022-11,frozen,False,"ln_salario_real_adm ~ i(event_time, treatment, ref=-1) | cbo_4d + periodo",585,9
16.0,"C(event_time, contr.treatment(base=-1))[-7]:treatment",-7,0.005045577921252581,0.05877214266995783,-0.13048322611047933,0.14057438195298447,0.9336955308267565,False,False,-0.02005364481814088,-23_to_-2,group_event__income__high_income__ln_salario_real_adm,income,income,high_income,Over 5 minimum wages,ln_salario_real_adm,ols,-23_to_41,-1,2022-11,frozen,False,"ln_salario_real_adm ~ i(event_time, treatment, ref=-1) | cbo_4d + periodo",585,9
17.0,"C(event_time, contr.treatment(base=-1))[-6]:treatment",-6,-0.022287984938164203,0.05881140269238697,-0.1579073227439659,0.11333135286763751,0.714567699098811,False,False,-0.02005364481814088,-23_to_-2,group_event__income__high_income__ln_salario_real_adm,income,income,high_income,Over 5 minimum wages,ln_salario_real_adm,ols,-23_to_41,-1,2022-11,frozen,False,"ln_salario_real_adm ~ i(event_time, treatment, ref=-1) | cbo_4d + periodo",585,9
18.0,"C(event_time, contr.treatment(base=-1))[-5]:treatment",-5,0.002891403283166672,0.03754581990607887,-0.08368941267988206,0.0894722192462154,0.9405067708151571,False,False,-0.02005364481814088,-23_to_-2,group_event__income__high_income__ln_salario_real_adm,income,income,high_income,Over 5 minimum wages,ln_salario_real_adm,ols,-23_to_41,-1,2022-11,frozen,False,"ln_salario_real_adm ~ i(event_time, treatment, ref=-1) | cbo_4d + periodo",585,9
19.0,"C(event_time, contr.treatment(base=-1))[-4]:treatment",-4,-0.010409786826094074,0.05071142324116762,-0.1273505385223152,0.10653096487012706,0.842484244517475,False,False,-0.02005364481814088,-23_to_-2,group_event__income__high_income__ln_salario_real_adm,income,income,high_income,Over 5 minimum wages,ln_salario_real_adm,ols,-23_to_41,-1,2022-11,frozen,False,"ln_salario_real_adm ~ i(event_time, treatment, ref=-1) | cbo_4d + periodo",585,9
20.0,"C(event_time, contr.treatment(base=-1))[-3]:treatment",-3,0.017510823621221125,0.061771560256748716,-0.12493464976885467,0.15995629701129693,0.7840088220841843,False,False,-0.02005364481814088,-23_to_-2,group_event__income__high_income__ln_salario_real_adm,income,income,high_income,Over 5 minimum wages,ln_salario_real_adm,ols,-23_to_41,-1,2022-11,frozen,False,"ln_salario_real_adm ~ i(event_time, treatment, ref=-1) | cbo_4d + periodo",585,9
21.0,"C(event_time, contr.treatment(base=-1))[-2]:treatment",-2,0.03147674592762669,0.04844285080071615,-0.08023266833990314,0.1431861601951565,0.5340489161032709,False,False,-0.02005364481814088,-23_to_-2,group_event__income__high_income__ln_salario_real_adm,income,income,high_income,Over 5 minimum wages,ln_salario_real_adm,ols,-23_to_41,-1,2022-11,frozen,False,"ln_salario_real_adm ~ i(event_time, treatment, ref=-1) | cbo_4d + periodo",585,9
,reference_event_time,-1,0.0,0.0,0.0,0.0,,True,False,-0.02005364481814088,-23_to_-2,group_event__income__high_income__ln_salario_real_adm,income,income,high_income,Over 5 minimum wages,ln_salario_real_adm,ols,-23_to_41,-1,2022-11,frozen,False,"ln_salario_real_adm ~ i(event_time, treatment, ref=-1) | cbo_4d + periodo",585,9
22.0,"C(event_time, contr.treatment(base=-1))[0]:treatment",0,0.021447805256674436,0.07416410099311857,-0.1495749183171563,0.1924705288305052,0.7797857635563221,False,False,-0.02005364481814088,-23_to_-2,group_event__income__high_income__ln_salario_real_adm,income,income,high_income,Over 5 minimum wages,ln_salario_real_adm,ols,-23_to_41,-1,2022-11,frozen,False,"ln_salario_real_adm ~ i(event_time, treatment, ref=-1) | cbo_4d + periodo",585,9
23.0,"C(event_time, contr.treatment(base=-1))[1]:treatment",1,-0.07109532442142773,0.07277415861148151,-0.23891283511550787,0.09672218627265243,0.35721623581274287,False,False,-0.02005364481814088,-23_to_-2,group_event__income__high_income__ln_salario_real_adm,income,income,high_income,Over 5 minimum wages,ln_salario_real_adm,ols,-23_to_41,-1,2022-11,frozen,False,"ln_salario_real_adm ~ i(event_time, treatment, ref=-1) | cbo_4d + periodo",585,9
24.0,"C(event_time, contr.treatment(base=-1))[2]:treatment",2,-0.09203219732809903,0.09011132141569356,-0.2998292771414,0.11576488248520195,0.3369930771206364,False,False,-0.02005364481814088,-23_to_-2,group_event__income__high_income__ln_salario_real_adm,income,income,high_income,Over 5 minimum wages,ln_salario_real_adm,ols,-23_to_41,-1,2022-11,frozen,False,"ln_salario_real_adm ~ i(event_time, treatment, ref=-1) | cbo_4d + periodo",585,9
25.0,"C(event_time, contr.treatment(base=-1))[3]:treatment",3,-0.012410148438668094,0.05086572659204572,-0.12970672430008998,0.10488642742275378,0.8133878777560564,False,False,-0.02005364481814088,-23_to_-2,group_event__income__high_income__ln_salario_real_adm,income,income,high_income,Over 5 minimum wages,ln_salario_real_adm,ols,-23_to_41,-1,2022-11,frozen,False,"ln_salario_real_adm ~ i(event_time, treatment, ref=-1) | cbo_4d + periodo",585,9
26.0,"C(event_time, contr.treatment(base=-1))[4]:treatment",4,-0.009667490881912499,0.09481572376572119,-0.22831294196804136,0.20897796020421638,0.9212970675931473,False,False,-0.02005364481814088,-23_to_-2,group_event__income__high_income__ln_salario_real_adm,income,income,high_income,Over 5 minimum wages,ln_salario_real_adm,ols,-23_to_41,-1,2022-11,frozen,False,"ln_salario_real_adm ~ i(event_time, treatment, ref=-1) | cbo_4d + periodo",585,9
27.0,"C(event_time, contr.treatment(base=-1))[5]:treatment",5,-0.01031829584488638,0.044227313607260774,-0.11230666391220115,0.0916700722224284,0.8213861042007848,False,False,-0.02005364481814088,-23_to_-2,group_event__income__high_income__ln_salario_real_adm,income,income,high_income,Over 5 minimum wages,ln_salario_real_adm,ols,-23_to_41,-1,2022-11,frozen,False,"ln_salario_real_adm ~ i(event_time, treatment, ref=-1) | cbo_4d + periodo",585,9
28.0,"C(event_time, contr.treatment(base=-1))[6]:treatment",6,-0.02635574478558835,0.055605225891436814,-0.15458162563020336,0.10187013605902664,0.6481807509103135,False,False,-0.02005364481814088,-23_to_-2,group_event__income__high_income__ln_salario_real_adm,income,income,high_income,Over 5 minimum wages,ln_salario_real_adm,ols,-23_to_41,-1,2022-11,frozen,False,"ln_salario_real_adm ~ i(event_time, treatment, ref=-1) | cbo_4d + periodo",585,9
29.0,"C(event_time, contr.treatment(base=-1))[7]:treatment",7,0.0023866798928924527,0.040984710630598206,-0.0921242323014131,0.09689759208719802,0.9549910030930069,False,False,-0.02005364481814088,-23_to_-2,group_event__income__high_income__ln_salario_real_adm,income,income,high_income,Over 5 minimum wages,ln_salario_real_adm,ols,-23_to_41,-1,2022-11,frozen,False,"ln_salario_real_adm ~ i(event_time, treatment, ref=-1) | cbo_4d + periodo",585,9
30.0,"C(event_time, contr.treatment(base=-1))[8]:treatment",8,0.036879205821372704,0.05520175499452508,-0.0904162694665293,0.1641746811092747,0.5228856718656125,False,False,-0.02005364481814088,-23_to_-2,group_event__income__high_income__ln_salario_real_adm,income,income,high_income,Over 5 minimum wages,ln_salario_real_adm,ols,-23_to_41,-1,2022-11,frozen,False,"ln_salario_real_adm ~ i(event_time, treatment, ref=-1) | cbo_4d + periodo",585,9
31.0,"C(event_time, contr.treatment(base=-1))[9]:treatment",9,0.08011933831789039,0.040483189788038935,-0.013235064739582414,0.1734737413753632,0.08316746647663464,False,False,-0.02005364481814088,-23_to_-2,group_event__income__high_income__ln_salario_real_adm,income,income,high_income,Over 5 minimum wages,ln_salario_real_adm,ols,-23_to_41,-1,2022-11,frozen,False,"ln_salario_real_adm ~ i(event_time, treatment, ref=-1) | cbo_4d + periodo",585,9
32.0,"C(event_time, contr.treatment(base=-1))[10]:treatment",10,0.043631253177102064,0.04701301228738818,-0.0647809475660193,0.15204345392022345,0.38052121323789434,False,False,-0.02005364481814088,-23_to_-2,group_event__income__high_income__ln_salario_real_adm,income,income,high_income,Over 5 minimum wages,ln_salario_real_adm,ols,-23_to_41,-1,2022-11,frozen,False,"ln_salario_real_adm ~ i(event_time, treatment, ref=-1) | cbo_4d + periodo",585,9
33.0,"C(event_time, contr.treatment(base=-1))[11]:treatment",11,-0.055776376423322484,0.0678622066522532,-0.21226690558749794,0.10071415274085299,0.4349398840295233,False,False,-0.02005364481814088,-23_to_-2,group_event__income__high_income__ln_salario_real_adm,income,income,high_income,Over 5 minimum wages,ln_salario_real_adm,ols,-23_to_41,-1,2022-11,frozen,False,"ln_salario_real_adm ~ i(event_time, treatment, ref=-1) | cbo_4d + periodo",585,9
34.0,"C(event_time, contr.treatment(base=-1))[12]:treatment",12,0.019420944795266928,0.058342058866730044,-0.11511608420773736,0.15395797379827122,0.7477800169493065,False,False,-0.02005364481814088,-23_to_-2,group_event__income__high_income__ln_salario_real_adm,income,income,high_income,Over 5 minimum wages,ln_salario_real_adm,ols,-23_to_41,-1,2022-11,frozen,False,"ln_salario_real_adm ~ i(event_time, treatment, ref=-1) | cbo_4d + periodo",585,9
35.0,"C(event_time, contr.treatment(base=-1))[13]:treatment",13,0.012489758907133811,0.07757510732093834,-0.1663987593638569,0.1913782771781245,0.8760832351563175,False,False,-0.02005364481814088,-23_to_-2,group_event__income__high_income__ln_salario_real_adm,income,income,high_income,Over 5 minimum wages,ln_salario_real_adm,ols,-23_to_41,-1,2022-11,frozen,False,"ln_salario_real_adm ~ i(event_time, treatment, ref=-1) | cbo_4d + periodo",585,9
36.0,"C(event_time, contr.treatment(base=-1))[14]:treatment",14,0.04816768954683219,0.06737997494687967,-0.10721081131062536,0.20354619040428973,0.4950207091589036,False,False,-0.02005364481814088,-23_to_-2,group_event__income__high_income__ln_salario_real_adm,income,income,high_income,Over 5 minimum wages,ln_salario_real_adm,ols,-23_to_41,-1,2022-11,frozen,False,"ln_salario_real_adm ~ i(event_time, treatment, ref=-1) | cbo_4d + periodo",585,9
37.0,"C(event_time, contr.treatment(base=-1))[15]:treatment",15,-0.06370364562712501,0.05541087693630554,-0.19148135697753466,0.06407406572328465,0.28349069069274124,False,False,-0.02005364481814088,-23_to_-2,group_event__income__high_income__ln_salario_real_adm,income,income,high_income,Over 5 minimum wages,ln_salario_real_adm,ols,-23_to_41,-1,2022-11,frozen,False,"ln_salario_real_adm ~ i(event_time, treatment, ref=-1) | cbo_4d + periodo",585,9
38.0,"C(event_time, contr.treatment(base=-1))[16]:treatment",16,-0.01574368335159172,0.06229605480558169,-0.15939864334016837,0.12791127663698496,0.8068542823500027,False,False,-0.02005364481814088,-23_to_-2,group_event__income__high_income__ln_salario_real_adm,income,income,high_income,Over 5 minimum wages,ln_salario_real_adm,ols,-23_to_41,-1,2022-11,frozen,False,"ln_salario_real_adm ~ i(event_time, treatment, ref=-1) | cbo_4d + periodo",585,9
39.0,"C(event_time, contr.treatment(base=-1))[17]:treatment",17,-0.04679901824403672,0.057972269580414224,-0.18048331162364256,0.08688527513556911,0.4428510152917253,False,False,-0.02005364481814088,-23_to_-2,group_event__income__high_income__ln_salario_real_adm,income,income,high_income,Over 5 minimum wages,ln_salario_real_adm,ols,-23_to_41,-1,2022-11,frozen,False,"ln_salario_real_adm ~ i(event_time, treatment, ref=-1) | cbo_4d + periodo",585,9
40.0,"C(event_time, contr.treatment(base=-1))[18]:treatment",18,-0.035052523337005044,0.05415922337812713,-0.15994391640641228,0.08983886973240221,0.5356200921888805,False,False,-0.02005364481814088,-23_to_-2,group_event__income__high_income__ln_salario_real_adm,income,income,high_income,Over 5 minimum wages,ln_salario_real_adm,ols,-23_to_41,-1,2022-11,frozen,False,"ln_salario_real_adm ~ i(event_time, treatment, ref=-1) | cbo_4d + periodo",585,9
41.0,"C(event_time, contr.treatment(base=-1))[19]:treatment",19,0.03373530547995795,0.035841753532357044,-0.048915926378625886,0.11638653733854179,0.3741359997039173,False,False,-0.02005364481814088,-23_to_-2,group_event__income__high_income__ln_salario_real_adm,income,income,high_income,Over 5 minimum wages,ln_salario_real_adm,ols,-23_to_41,-1,2022-11,frozen,False,"ln_salario_real_adm ~ i(event_time, treatment, ref=-1) | cbo_4d + periodo",585,9
42.0,"C(event_time, contr.treatment(base=-1))[20]:treatment",20,-0.08518941508638415,0.052264275365217126,-0.20571105020202402,0.035332220029255706,0.14175442350159662,False,False,-0.02005364481814088,-23_to_-2,group_event__income__high_income__ln_salario_real_adm,income,income,high_income,Over 5 minimum wages,ln_salario_real_adm,ols,-23_to_41,-1,2022-11,frozen,False,"ln_salario_real_adm ~ i(event_time, treatment, ref=-1) | cbo_4d + periodo",585,9
43.0,"C(event_time, contr.treatment(base=-1))[21]:treatment",21,0.04298930781767823,0.04755286655955955,-0.06666779910947795,0.1526464147448344,0.3923876052410049,False,False,-0.02005364481814088,-23_to_-2,group_event__income__high_income__ln_salario_real_adm,income,income,high_income,Over 5 minimum wages,ln_salario_real_adm,ols,-23_to_41,-1,2022-11,frozen,False,"ln_salario_real_adm ~ i(event_time, treatment, ref=-1) | cbo_4d + periodo",585,9
44.0,"C(event_time, contr.treatment(base=-1))[22]:treatment",22,-0.04546605523633921,0.04963624587951513,-0.1599274434905118,0.06899533301783337,0.38645313485345145,False,False,-0.02005364481814088,-23_to_-2,group_event__income__high_income__ln_salario_real_adm,income,income,high_income,Over 5 minimum wages,ln_salario_real_adm,ols,-23_to_41,-1,2022-11,frozen,False,"ln_salario_real_adm ~ i(event_time, treatment, ref=-1) | cbo_4d + periodo",585,9
45.0,"C(event_time, contr.treatment(base=-1))[23]:treatment",23,0.049621053804357024,0.04515300585836272,-0.054501964421925286,0.15374407203063933,0.3037574117863948,False,False,-0.02005364481814088,-23_to_-2,group_event__income__high_income__ln_salario_real_adm,income,income,high_income,Over 5 minimum wages,ln_salario_real_adm,ols,-23_to_41,-1,2022-11,frozen,False,"ln_salario_real_adm ~ i(event_time, treatment, ref=-1) | cbo_4d + periodo",585,9
46.0,"C(event_time, contr.treatment(base=-1))[24]:treatment",24,-0.018831800088606444,0.0602346105247956,-0.1577330610411974,0.12006946086398451,0.7625479049187207,False,True,-0.02005364481814088,-23_to_-2,group_event__income__high_income__ln_salario_real_adm,income,income,high_income,Over 5 minimum wages,ln_salario_real_adm,ols,-23_to_41,-1,2022-11,frozen,False,"ln_salario_real_adm ~ i(event_time, treatment, ref=-1) | cbo_4d + periodo",585,9
47.0,"C(event_time, contr.treatment(base=-1))[25]:treatment",25,-0.03302624152101627,0.061094042458129716,-0.1739093560658022,0.10785687302376967,0.603517474411672,False,True,-0.02005364481814088,-23_to_-2,group_event__income__high_income__ln_salario_real_adm,income,income,high_income,Over 5 minimum wages,ln_salario_real_adm,ols,-23_to_41,-1,2022-11,frozen,False,"ln_salario_real_adm ~ i(event_time, treatment, ref=-1) | cbo_4d + periodo",585,9
48.0,"C(event_time, contr.treatment(base=-1))[26]:treatment",26,-0.02813606761677277,0.060500105152026744,-0.16764956027763322,0.1113774250440877,0.6542861483992806,False,True,-0.02005364481814088,-23_to_-2,group_event__income__high_income__ln_salario_real_adm,income,income,high_income,Over 5 minimum wages,ln_salario_real_adm,ols,-23_to_41,-1,2022-11,frozen,False,"ln_salario_real_adm ~ i(event_time, treatment, ref=-1) | cbo_4d + periodo",585,9
49.0,"C(event_time, contr.treatment(base=-1))[27]:treatment",27,-0.010648890526879482,0.05221976165068842,-0.13106787683274285,0.10977009577898389,0.843504440509675,False,True,-0.02005364481814088,-23_to_-2,group_event__income__high_income__ln_salario_real_adm,income,income,high_income,Over 5 minimum wages,ln_salario_real_adm,ols,-23_to_41,-1,2022-11,frozen,False,"ln_salario_real_adm ~ i(event_time, treatment, ref=-1) | cbo_4d + periodo",585,9
50.0,"C(event_time, contr.treatment(base=-1))[28]:treatment",28,0.04817792243645371,0.044573355724197045,-0.0546084201834709,0.15096426505637833,0.31125915117534664,False,True,-0.02005364481814088,-23_to_-2,group_event__income__high_income__ln_salario_real_adm,income,income,high_income,Over 5 minimum wages,ln_salario_real_adm,ols,-23_to_41,-1,2022-11,frozen,False,"ln_salario_real_adm ~ i(event_time, treatment, ref=-1) | cbo_4d + periodo",585,9
51.0,"C(event_time, contr.treatment(base=-1))[29]:treatment",29,-0.017631411012745832,0.06145502419036749,-0.15934695092480528,0.1240841288993136,0.781479793450611,False,True,-0.02005364481814088,-23_to_-2,group_event__income__high_income__ln_salario_real_adm,income,income,high_income,Over 5 minimum wages,ln_salario_real_adm,ols,-23_to_41,-1,2022-11,frozen,False,"ln_salario_real_adm ~ i(event_time, treatment, ref=-1) | cbo_4d + periodo",585,9
52.0,"C(event_time, contr.treatment(base=-1))[30]:treatment",30,-0.007690383078451752,0.059625402731260393,-0.14518680833995193,0.12980604218304845,0.9005585101359896,False,True,-0.02005364481814088,-23_to_-2,group_event__income__high_income__ln_salario_real_adm,income,income,high_income,Over 5 minimum wages,ln_salario_real_adm,ols,-23_to_41,-1,2022-11,frozen,False,"ln_salario_real_adm ~ i(event_time, treatment, ref=-1) | cbo_4d + periodo",585,9
53.0,"C(event_time, contr.treatment(base=-1))[31]:treatment",31,-0.04647210012999894,0.06756489500606204,-0.20227702740861325,0.10933282714861536,0.5110158990467826,False,True,-0.02005364481814088,-23_to_-2,group_event__income__high_income__ln_salario_real_adm,income,income,high_income,Over 5 minimum wages,ln_salario_real_adm,ols,-23_to_41,-1,2022-11,frozen,False,"ln_salario_real_adm ~ i(event_time, treatment, ref=-1) | cbo_4d + periodo",585,9
54.0,"C(event_time, contr.treatment(base=-1))[32]:treatment",32,-0.03756289274985947,0.062306765450931896,-0.1812425515309044,0.10611676603118547,0.5632908167109179,False,True,-0.02005364481814088,-23_to_-2,group_event__income__high_income__ln_salario_real_adm,income,income,high_income,Over 5 minimum wages,ln_salario_real_adm,ols,-23_to_41,-1,2022-11,frozen,False,"ln_salario_real_adm ~ i(event_time, treatment, ref=-1) | cbo_4d + periodo",585,9
55.0,"C(event_time, contr.treatment(base=-1))[33]:treatment",33,0.018680533018207542,0.06676888001845431,-0.13528878040729883,0.17264984644371392,0.7867447100042033,False,True,-0.02005364481814088,-23_to_-2,group_event__income__high_income__ln_salario_real_adm,income,income,high_income,Over 5 minimum wages,ln_salario_real_adm,ols,-23_to_41,-1,2022-11,frozen,False,"ln_salario_real_adm ~ i(event_time, treatment, ref=-1) | cbo_4d + periodo",585,9
56.0,"C(event_time, contr.treatment(base=-1))[34]:treatment",34,-0.02327428718649681,0.04324809105800773,-0.1230045640059489,0.07645598963295529,0.6051130574740344,False,True,-0.02005364481814088,-23_to_-2,group_event__income__high_income__ln_salario_real_adm,income,income,high_income,Over 5 minimum wages,ln_salario_real_adm,ols,-23_to_41,-1,2022-11,frozen,False,"ln_salario_real_adm ~ i(event_time, treatment, ref=-1) | cbo_4d + periodo",585,9
57.0,"C(event_time, contr.treatment(base=-1))[35]:treatment",35,-0.061734643453323794,0.05370706711206985,-0.18558336230344447,0.062114075396796885,0.2835645199466228,False,True,-0.02005364481814088,-23_to_-2,group_event__income__high_income__ln_salario_real_adm,income,income,high_income,Over 5 minimum wages,ln_salario_real_adm,ols,-23_to_41,-1,2022-11,frozen,False,"ln_salario_real_adm ~ i(event_time, treatment, ref=-1) | cbo_4d + periodo",585,9
58.0,"C(event_time, contr.treatment(base=-1))[36]:treatment",36,0.013062446212565026,0.05142055714965995,-0.1055135712090529,0.13163846363418297,0.8058784212535899,False,True,-0.02005364481814088,-23_to_-2,group_event__income__high_income__ln_salario_real_adm,income,income,high_income,Over 5 minimum wages,ln_salario_real_adm,ols,-23_to_41,-1,2022-11,frozen,False,"ln_salario_real_adm ~ i(event_time, treatment, ref=-1) | cbo_4d + periodo",585,9
59.0,"C(event_time, contr.treatment(base=-1))[37]:treatment",37,-0.0010445867827224324,0.09035990482200817,-0.20941490095892804,0.20732572739348318,0.9910595177032127,False,True,-0.02005364481814088,-23_to_-2,group_event__income__high_income__ln_salario_real_adm,income,income,high_income,Over 5 minimum wages,ln_salario_real_adm,ols,-23_to_41,-1,2022-11,frozen,False,"ln_salario_real_adm ~ i(event_time, treatment, ref=-1) | cbo_4d + periodo",585,9
60.0,"C(event_time, contr.treatment(base=-1))[38]:treatment",38,-0.06156133038375601,0.05779285732496708,-0.19483189836039438,0.07170923759288238,0.31787295029259455,False,True,-0.02005364481814088,-23_to_-2,group_event__income__high_income__ln_salario_real_adm,income,income,high_income,Over 5 minimum wages,ln_salario_real_adm,ols,-23_to_41,-1,2022-11,frozen,False,"ln_salario_real_adm ~ i(event_time, treatment, ref=-1) | cbo_4d + periodo",585,9
61.0,"C(event_time, contr.treatment(base=-1))[39]:treatment",39,0.0712226762613163,0.07849200188500763,-0.1097802046659644,0.252225557188597,0.3907148718429312,False,True,-0.02005364481814088,-23_to_-2,group_event__income__high_income__ln_salario_real_adm,income,income,high_income,Over 5 minimum wages,ln_salario_real_adm,ols,-23_to_41,-1,2022-11,frozen,False,"ln_salario_real_adm ~ i(event_time, treatment, ref=-1) | cbo_4d + periodo",585,9
62.0,"C(event_time, contr.treatment(base=-1))[40]:treatment",40,0.05795046917066882,0.09012237844036222,-0.14987210818724114,0.2657730465285788,0.5382010730185458,False,True,-0.02005364481814088,-23_to_-2,group_event__income__high_income__ln_salario_real_adm,income,income,high_income,Over 5 minimum wages,ln_salario_real_adm,ols,-23_to_41,-1,2022-11,frozen,False,"ln_salario_real_adm ~ i(event_time, treatment, ref=-1) | cbo_4d + periodo",585,9
63.0,"C(event_time, contr.treatment(base=-1))[41]:treatment",41,0.012634869799725595,0.058843493382019565,-0.12305846926907042,0.1483282088685216,0.8353580692116735,False,True,-0.02005364481814088,-23_to_-2,group_event__income__high_income__ln_salario_real_adm,income,income,high_income,Over 5 minimum wages,ln_salario_real_adm,ols,-23_to_41,-1,2022-11,frozen,False,"ln_salario_real_adm ~ i(event_time, treatment, ref=-1) | cbo_4d + periodo",585,9
