outcome,row_position,column_position,row_event_time,column_event_time,covariance_python,covariance_r,_merge,covariance_absolute_difference,comparison_pass
asinh_saldo,0,0,-23,-23,0.7895856021327874,0.789585602135404,both,2.616573624436569e-12,True
asinh_saldo,0,1,-23,-22,0.5658931195100821,0.565893119512401,both,2.318811809232102e-12,True
asinh_saldo,0,2,-23,-21,0.61484191189441,0.614841911896866,both,2.4560353750757713e-12,True
asinh_saldo,0,3,-23,-20,0.5530917563373012,0.553091756339631,both,2.329803017175891e-12,True
asinh_saldo,0,4,-23,-19,0.4774982156645106,0.477498215666859,both,2.3483992528383624e-12,True
asinh_saldo,0,5,-23,-18,0.4374298570373588,0.437429857039606,both,2.2472024241437794e-12,True
asinh_saldo,0,6,-23,-17,0.4752359618510963,0.475235961853312,both,2.215727601395656e-12,True
asinh_saldo,0,7,-23,-16,0.4235475273072292,0.423547527309432,both,2.202793503158773e-12,True
asinh_saldo,0,8,-23,-15,0.4141054648136723,0.414105464815835,both,2.162714451969805e-12,True
asinh_saldo,0,9,-23,-14,0.3866630709280053,0.386663070930057,both,2.0516921495072893e-12,True
asinh_saldo,0,10,-23,-13,0.3709616959902377,0.370961695992329,both,2.091271600335176e-12,True
asinh_saldo,0,11,-23,-12,0.2744854323285439,0.274485432330347,both,1.8031132142937167e-12,True
asinh_saldo,0,12,-23,-11,0.5450685693763144,0.545068569378691,both,2.37654340651261e-12,True
asinh_saldo,0,13,-23,-10,0.5190850356192467,0.51908503562162,both,2.373323759741197e-12,True
asinh_saldo,0,14,-23,-9,0.4522280156356333,0.452228015637969,both,2.3356871992064043e-12,True
asinh_saldo,0,15,-23,-8,0.337378850301701,0.337378850303794,both,2.092992446023345e-12,True
asinh_saldo,0,16,-23,-7,0.3530216512515963,0.353021651253732,both,2.1357360324714136e-12,True
asinh_saldo,0,17,-23,-6,0.3823999544181288,0.3823999544203,both,2.1712076581081874e-12,True
asinh_saldo,0,18,-23,-5,0.4027156327869568,0.402715632789127,both,2.1701529462347935e-12,True
asinh_saldo,0,19,-23,-4,0.406483786400961,0.406483786403225,both,2.2640223029668505e-12,True
asinh_saldo,0,20,-23,-3,0.3846733729706135,0.384673372972862,both,2.2485346917733295e-12,True
asinh_saldo,0,21,-23,-2,0.2823151316194048,0.282315131621276,both,1.87122539685447e-12,True
asinh_saldo,0,22,-23,0,0.2760490463670638,0.276049046368847,both,1.7831847110016952e-12,True
asinh_saldo,0,23,-23,1,0.4401677490849395,0.440167749087187,both,2.2474799798999356e-12,True
asinh_saldo,0,24,-23,2,0.4243054637933592,0.424305463795548,both,2.188804693048496e-12,True
asinh_saldo,0,25,-23,3,0.3834902184675758,0.383490218469807,both,2.231215212589177e-12,True
asinh_saldo,0,26,-23,4,0.3838559186746629,0.38385591867684,both,2.1770918401387007e-12,True
asinh_saldo,0,27,-23,5,0.3739182040950697,0.373918204097225,both,2.1552759577048164e-12,True
asinh_saldo,0,28,-23,6,0.4712698955105815,0.471269895512871,both,2.289501921381998e-12,True
asinh_saldo,0,29,-23,7,0.430236963908048,0.430236963910267,both,2.2190027593183004e-12,True
asinh_saldo,0,30,-23,8,0.4040796145525217,0.404079614554784,both,2.2622459461274502e-12,True
asinh_saldo,0,31,-23,9,0.4811268072545908,0.481126807256913,both,2.3221979894572087e-12,True
asinh_saldo,0,32,-23,10,0.4063347441277199,0.406334744129735,both,2.0151103008458904e-12,True
asinh_saldo,0,33,-23,11,0.3550979634427523,0.355097963444648,both,1.8957058145474548e-12,True
asinh_saldo,0,34,-23,12,0.3320874877543899,0.332087487756133,both,1.743105659812727e-12,True
asinh_saldo,0,35,-23,13,0.5983652619179198,0.598365261920283,both,2.3632207302171082e-12,True
asinh_saldo,0,36,-23,14,0.5028420023695256,0.502842002371769,both,2.243427665860054e-12,True
asinh_saldo,0,37,-23,15,0.4185568054518281,0.418556805453948,both,2.119915354370505e-12,True
asinh_saldo,0,38,-23,16,0.4337409095637505,0.433740909565939,both,2.18852713729234e-12,True
asinh_saldo,0,39,-23,17,0.3979218039296171,0.397921803931699,both,2.0818902157770935e-12,True
asinh_saldo,0,40,-23,18,0.4465092521201101,0.446509252122199,both,2.088884620832232e-12,True
asinh_saldo,0,41,-23,19,0.4541665277173844,0.454166527719499,both,2.1145862838523044e-12,True
asinh_saldo,0,42,-23,20,0.4339971308344433,0.433997130836428,both,1.984690189971161e-12,True
asinh_saldo,0,43,-23,21,0.4178195701445816,0.417819570146758,both,2.1764257063239256e-12,True
asinh_saldo,0,44,-23,22,0.3802070747388562,0.380207074740672,both,1.8158252679256748e-12,True
asinh_saldo,0,45,-23,23,0.3649579761597828,0.364957976161617,both,1.834199458983221e-12,True
asinh_saldo,1,0,-22,-23,0.5658931195100834,0.565893119512401,both,2.3175905639050143e-12,True
asinh_saldo,1,1,-22,-22,0.6483200510054589,0.648320051007699,both,2.2400969967861784e-12,True
asinh_saldo,1,2,-22,-21,0.5686105098972801,0.568610509899567,both,2.2868373861228974e-12,True
asinh_saldo,1,3,-22,-20,0.4782359656493106,0.478235965651455,both,2.14439577206349e-12,True
asinh_saldo,1,4,-22,-19,0.4749394498872077,0.474939449889423,both,2.215283512185806e-12,True
asinh_saldo,1,5,-22,-18,0.4353921124215562,0.435392112423673,both,2.1168067299015547e-12,True
asinh_saldo,1,6,-22,-17,0.4204681470882808,0.420468147090331,both,2.0501933484240453e-12,True
asinh_saldo,1,7,-22,-16,0.41571958163633,0.4157195816384,both,2.0700108294136044e-12,True
asinh_saldo,1,8,-22,-15,0.374638455597778,0.374638455599785,both,2.0070056727661267e-12,True
asinh_saldo,1,9,-22,-14,0.3398547997132802,0.339854799715174,both,1.893818435405592e-12,True
asinh_saldo,1,10,-22,-13,0.3617722178595296,0.36177221786149,both,1.96037630573187e-12,True
asinh_saldo,1,11,-22,-12,0.2181152302792303,0.21811523028087,both,1.6396883850688937e-12,True
asinh_saldo,1,12,-22,-11,0.4557529193412205,0.4557529193434,both,2.179534330792876e-12,True
asinh_saldo,1,13,-22,-10,0.4725162431810428,0.472516243183249,both,2.20617968338388e-12,True
asinh_saldo,1,14,-22,-9,0.4282986195822502,0.428298619584438,both,2.1878054923263335e-12,True
asinh_saldo,1,15,-22,-8,0.3448730644701184,0.344873064472091,both,1.972588759002747e-12,True
asinh_saldo,1,16,-22,-7,0.3400214440329447,0.340021444034949,both,2.004285626355795e-12,True
asinh_saldo,1,17,-22,-6,0.3647366355619307,0.364736635563962,both,2.0313195570054177e-12,True
asinh_saldo,1,18,-22,-5,0.3499266779772359,0.349926677979242,both,2.0060619831951954e-12,True
asinh_saldo,1,19,-22,-4,0.3742976740668031,0.374297674068918,both,2.114919350759692e-12,True
asinh_saldo,1,20,-22,-3,0.3561020447851138,0.356102044787216,both,2.102207297127734e-12,True
asinh_saldo,1,21,-22,-2,0.2678389297355025,0.267838929737246,both,1.7434942378713458e-12,True
asinh_saldo,1,22,-22,0,0.1917949111052044,0.191794911106811,both,1.6065759833594484e-12,True
asinh_saldo,1,23,-22,1,0.3981404323018027,0.398140432303889,both,2.086331107875594e-12,True
asinh_saldo,1,24,-22,2,0.4288880195684594,0.42888801957052,both,2.0605739337042905e-12,True
asinh_saldo,1,25,-22,3,0.358906855036315,0.358906855038397,both,2.082001238079556e-12,True
asinh_saldo,1,26,-22,4,0.3502945334486363,0.350294533450655,both,2.018663014524691e-12,True
asinh_saldo,1,27,-22,5,0.3428423202002904,0.342842320202291,both,2.000621890374532e-12,True
asinh_saldo,1,28,-22,6,0.3989584789758592,0.398958478977963,both,2.1038171205134404e-12,True
asinh_saldo,1,29,-22,7,0.3503395170112832,0.350339517013318,both,2.034816759532987e-12,True
asinh_saldo,1,30,-22,8,0.3851508042570667,0.385150804259182,both,2.1153079288183108e-12,True
asinh_saldo,1,31,-22,9,0.4575072478056085,0.457507247807778,both,2.1695423235712497e-12,True
asinh_saldo,1,32,-22,10,0.3543229192181588,0.354322919220011,both,1.85224058313338e-12,True
asinh_saldo,1,33,-22,11,0.2971139801784105,0.297113980180143,both,1.7325030299275568e-12,True
asinh_saldo,1,34,-22,12,0.2547228239105201,0.254722823912088,both,1.5679124665268773e-12,True
asinh_saldo,1,35,-22,13,0.5216764573675381,0.521676457369714,both,2.1759261059628443e-12,True
asinh_saldo,1,36,-22,14,0.4893058945540499,0.489305894556146,both,2.0961010704922955e-12,True
asinh_saldo,1,37,-22,15,0.392534006900639,0.392534006902609,both,1.9699797348948778e-12,True
asinh_saldo,1,38,-22,16,0.3806989271733231,0.380698927175344,both,2.020883460573941e-12,True
asinh_saldo,1,39,-22,17,0.3484054641946851,0.348405464196603,both,1.917910275039958e-12,True
asinh_saldo,1,40,-22,18,0.3740183559423193,0.374018355944229,both,1.9096946246577318e-12,True
asinh_saldo,1,41,-22,19,0.38746641517908,0.387466415181022,both,1.942002114674324e-12,True
asinh_saldo,1,42,-22,20,0.4465762796358899,0.446576279637725,both,1.8350876374029212e-12,True
asinh_saldo,1,43,-22,21,0.3982857660047234,0.39828576600675,both,2.0266011091507607e-12,True
asinh_saldo,1,44,-22,22,0.3441900058852172,0.344190005886884,both,1.6667778268697475e-12,True
asinh_saldo,1,45,-22,23,0.2952318476427642,0.295231847644425,both,1.6607826225367717e-12,True
asinh_saldo,2,0,-21,-23,0.6148419118944097,0.614841911896866,both,2.4562574196806963e-12,True
asinh_saldo,2,1,-21,-22,0.5686105098972791,0.568610509899567,both,2.28783658684506e-12,True
asinh_saldo,2,2,-21,-21,0.7666601838677878,0.766660183870313,both,2.5252022695099186e-12,True
asinh_saldo,2,3,-21,-20,0.6175438485956926,0.617543848598035,both,2.3424595596566178e-12,True
asinh_saldo,2,4,-21,-19,0.5265835495351382,0.526583549537495,both,2.3567814366742823e-12,True
asinh_saldo,2,5,-21,-18,0.4511410339314638,0.451141033933693,both,2.2291612999936206e-12,True
asinh_saldo,2,6,-21,-17,0.4199699163964662,0.419969916398618,both,2.1518342663284784e-12,True
asinh_saldo,2,7,-21,-16,0.4274935283634165,0.427493528365597,both,2.1805335315150387e-12,True
asinh_saldo,2,8,-21,-15,0.3965380956196085,0.396538095621735,both,2.1264656702157936e-12,True
asinh_saldo,2,9,-21,-14,0.3721377498996989,0.372137749901719,both,2.0201063044567036e-12,True
asinh_saldo,2,10,-21,-13,0.3717501724012925,0.371750172403365,both,2.072508831219011e-12,True
asinh_saldo,2,11,-21,-12,0.2217670271800227,0.221767027181767,both,1.744299149564199e-12,True
asinh_saldo,2,12,-21,-11,0.5399225077124175,0.539922507714756,both,2.3385737790704297e-12,True
asinh_saldo,2,13,-21,-10,0.5196536596367437,0.519653659639083,both,2.3393509351876673e-12,True
asinh_saldo,2,14,-21,-9,0.5237827646743303,0.523782764676684,both,2.3537838345077944e-12,True
asinh_saldo,2,15,-21,-8,0.3665410952311647,0.366541095233254,both,2.089328710042082e-12,True
asinh_saldo,2,16,-21,-7,0.3822591638824672,0.382259163884602,both,2.1347923429004823e-12,True
asinh_saldo,2,17,-21,-6,0.384487141360724,0.384487141362873,both,2.1490031976156843e-12,True
asinh_saldo,2,18,-21,-5,0.3794227888449906,0.379422788847119,both,2.1284085605088876e-12,True
asinh_saldo,2,19,-21,-4,0.4294907385005627,0.429490738502817,both,2.2543078515013804e-12,True
asinh_saldo,2,20,-21,-3,0.4145549764258727,0.41455497642812,both,2.247313446446242e-12,True
asinh_saldo,2,21,-21,-2,0.2972436188994239,0.297243618901289,both,1.8650636590678005e-12,True
asinh_saldo,2,22,-21,0,0.2218710869652952,0.221871086967025,both,1.7298107390928408e-12,True
asinh_saldo,2,23,-21,1,0.4615488177271757,0.461548817729411,both,2.235267526629059e-12,True
asinh_saldo,2,24,-21,2,0.4535645875015959,0.453564587503775,both,2.179090241583026e-12,True
asinh_saldo,2,25,-21,3,0.4041301126026599,0.404130112604874,both,2.2141177780099497e-12,True
asinh_saldo,2,26,-21,4,0.4121647271307097,0.412164727132876,both,2.1663226767998367e-12,True
asinh_saldo,2,27,-21,5,0.3763149313292073,0.376314931331334,both,2.1266877148207186e-12,True
asinh_saldo,2,28,-21,6,0.4625904024841952,0.462590402486444,both,2.248812247529486e-12,True
asinh_saldo,2,29,-21,7,0.4445074307482961,0.444507430750492,both,2.195910120406097e-12,True
asinh_saldo,2,30,-21,8,0.4283091063131499,0.428309106315396,both,2.246092201119154e-12,True
asinh_saldo,2,31,-21,9,0.4846354415887733,0.484635441591063,both,2.2896684548356916e-12,True
asinh_saldo,2,32,-21,10,0.4114787930155119,0.411478793017498,both,1.9861334799031738e-12,True
asinh_saldo,2,33,-21,11,0.3178004958426421,0.317800495844488,both,1.8459123118930165e-12,True
asinh_saldo,2,34,-21,12,0.2722844572392766,0.272284457240952,both,1.6754375664618237e-12,True
asinh_saldo,2,35,-21,13,0.5608115102812447,0.560811510283545,both,2.3003821070233244e-12,True
asinh_saldo,2,36,-21,14,0.5285208786714594,0.528520878673678,both,2.218669692410913e-12,True
asinh_saldo,2,37,-21,15,0.4180438506276464,0.418043850629729,both,2.0826118607431e-12,True
asinh_saldo,2,38,-21,16,0.443336247521767,0.443336247523925,both,2.157996004115148e-12,True
asinh_saldo,2,39,-21,17,0.4200484164733739,0.420048416475436,both,2.0621282459387658e-12,True
asinh_saldo,2,40,-21,18,0.4402450673946761,0.440245067396725,both,2.048861080794495e-12,True
asinh_saldo,2,41,-21,19,0.4637315794560566,0.463731579458144,both,2.0874413309002193e-12,True
asinh_saldo,2,42,-21,20,0.4709632773359494,0.470963277337898,both,1.9486079416708435e-12,True
asinh_saldo,2,43,-21,21,0.446546550855607,0.446546550857766,both,2.1589952048373107e-12,True
asinh_saldo,2,44,-21,22,0.397639609827176,0.397639609828958,both,1.7820189768258388e-12,True
asinh_saldo,2,45,-21,23,0.3282537499641011,0.328253749965885,both,1.7839063559677015e-12,True
asinh_saldo,3,0,-20,-23,0.5530917563373012,0.553091756339631,both,2.329803017175891e-12,True
asinh_saldo,3,1,-20,-22,0.4782359656493101,0.478235965651455,both,2.144895372424571e-12,True
asinh_saldo,3,2,-20,-21,0.6175438485956931,0.617543848598035,both,2.3419044481443052e-12,True
asinh_saldo,3,3,-20,-20,0.7381641343445365,0.738164134346879,both,2.3424595596566178e-12,True
asinh_saldo,3,4,-20,-19,0.4784110638439908,0.478411063846232,both,2.2412072198108035e-12,True
asinh_saldo,3,5,-20,-18,0.4053516118813587,0.405351611883476,both,2.117306330262636e-12,True
asinh_saldo,3,6,-20,-17,0.3655195630999899,0.365519563102023,both,2.033095913844818e-12,True
asinh_saldo,3,7,-20,-16,0.3739120853249355,0.373912085326997,both,2.061517623275222e-12,True
asinh_saldo,3,8,-20,-15,0.3431444413019286,0.343144441303934,both,2.0053958493804203e-12,True
asinh_saldo,3,9,-20,-14,0.3293269714706812,0.329326971472588,both,1.9068080447937064e-12,True
asinh_saldo,3,10,-20,-13,0.3057269765310011,0.305726976532944,both,1.942890293094024e-12,True
asinh_saldo,3,11,-20,-12,0.2491108807936868,0.249110880795367,both,1.680211525467712e-12,True
asinh_saldo,3,12,-20,-11,0.5293002393285375,0.529300239330787,both,2.2494228701930297e-12,True
asinh_saldo,3,13,-20,-10,0.4679817522725548,0.467981752274778,both,2.223221606811876e-12,True
asinh_saldo,3,14,-20,-9,0.4858857964028771,0.485885796405124,both,2.246924868387623e-12,True
asinh_saldo,3,15,-20,-8,0.3404508262129579,0.340450826214948,both,1.990074771640593e-12,True
asinh_saldo,3,16,-20,-7,0.3633773911622342,0.363377391164275,both,2.0407564527147315e-12,True
asinh_saldo,3,17,-20,-6,0.3395241191053466,0.33952411910738,both,2.0334289807522055e-12,True
asinh_saldo,3,18,-20,-5,0.3315081677120917,0.331508167714105,both,2.01333394400649e-12,True
asinh_saldo,3,19,-20,-4,0.3622108445455456,0.362210844547673,both,2.127409359786725e-12,True
asinh_saldo,3,20,-20,-3,0.352032449991539,0.352032449993658,both,2.119027175950805e-12,True
asinh_saldo,3,21,-20,-2,0.2964840513820371,0.296484051383819,both,1.7819079545233762e-12,True
asinh_saldo,3,22,-20,0,0.2364327126853751,0.236432712687028,both,1.652900039061933e-12,True
asinh_saldo,3,23,-20,1,0.444543242264649,0.444543242266787,both,2.1380119896718952e-12,True
asinh_saldo,3,24,-20,2,0.4000422154211046,0.400042215423166,both,2.0614066009727594e-12,True
asinh_saldo,3,25,-20,3,0.3658139891370561,0.365813989139162,both,2.105926544260228e-12,True
asinh_saldo,3,26,-20,4,0.3628222930198197,0.362822293021867,both,2.04730676856002e-12,True
asinh_saldo,3,27,-20,5,0.3610450285033132,0.361045028505345,both,2.0317636462152677e-12,True
asinh_saldo,3,28,-20,6,0.4269070840800309,0.426907084082173,both,2.142064303711777e-12,True
asinh_saldo,3,29,-20,7,0.390962039890158,0.390962039892237,both,2.079003635913068e-12,True
asinh_saldo,3,30,-20,8,0.3820598832656561,0.382059883267789,both,2.1329049637586195e-12,True
asinh_saldo,3,31,-20,9,0.4616999374802989,0.46169993748249,both,2.1910806502489777e-12,True
asinh_saldo,3,32,-20,10,0.3769102118240867,0.376910211825972,both,1.8853252292672096e-12,True
asinh_saldo,3,33,-20,11,0.3045000147928022,0.304500014794558,both,1.755817713444685e-12,True
asinh_saldo,3,34,-20,12,0.2619570890921269,0.261957089093718,both,1.591116127741543e-12,True
asinh_saldo,3,35,-20,13,0.5457682260894369,0.545768226091645,both,2.208122573676974e-12,True
asinh_saldo,3,36,-20,14,0.473963606668648,0.473963606670752,both,2.103983653967134e-12,True
asinh_saldo,3,37,-20,15,0.3815818270084489,0.381581827010429,both,1.9800827644189667e-12,True
asinh_saldo,3,38,-20,16,0.404902261351428,0.404902261353482,both,2.054023617859002e-12,True
asinh_saldo,3,39,-20,17,0.3961632125716707,0.39616321257364,both,1.9693136010801027e-12,True
asinh_saldo,3,40,-20,18,0.4347769572913728,0.434776957293335,both,1.9622081737225017e-12,True
asinh_saldo,3,41,-20,19,0.387284743060886,0.387284743062847,both,1.960986928395414e-12,True
asinh_saldo,3,42,-20,20,0.3778394085483061,0.377839408550163,both,1.8569035198368056e-12,True
asinh_saldo,3,43,-20,21,0.3890423081096977,0.38904230811174,both,2.0423107649492067e-12,True
asinh_saldo,3,44,-20,22,0.3651811406598535,0.365181140661545,both,1.6914802891676572e-12,True
asinh_saldo,3,45,-20,23,0.3078115361472838,0.307811536148971,both,1.6872059305228504e-12,True
asinh_saldo,4,0,-19,-23,0.4774982156645114,0.477498215666859,both,2.3476220967211248e-12,True
asinh_saldo,4,1,-19,-22,0.4749394498872078,0.474939449889423,both,2.2151724898833436e-12,True
asinh_saldo,4,2,-19,-21,0.5265835495351397,0.526583549537495,both,2.355227124439807e-12,True
asinh_saldo,4,3,-19,-20,0.4784110638439924,0.478411063846232,both,2.239597396425097e-12,True
asinh_saldo,4,4,-19,-19,0.6132590881094651,0.61325908811187,both,2.404965115943014e-12,True
asinh_saldo,4,5,-19,-18,0.4932393823166041,0.493239382318854,both,2.249922470554111e-12,True
asinh_saldo,4,6,-19,-17,0.4521088661988731,0.452108866201034,both,2.1609380951304047e-12,True
asinh_saldo,4,7,-19,-16,0.45604456507654,0.456044565078727,both,2.1869728250578646e-12,True
asinh_saldo,4,8,-19,-15,0.3895411325152787,0.389541132517384,both,2.105260410445453e-12,True
asinh_saldo,4,9,-19,-14,0.3556675960728909,0.35566759607488,both,1.9891310820696617e-12,True
asinh_saldo,4,10,-19,-13,0.3980840195821759,0.398084019584246,both,2.070121851716067e-12,True
asinh_saldo,4,11,-19,-12,0.2515181953259423,0.251518195327692,both,1.7497114868092467e-12,True
asinh_saldo,4,12,-19,-11,0.3988509611783283,0.398850961180564,both,2.235711615838909e-12,True
asinh_saldo,4,13,-19,-10,0.4339102892470867,0.433910289249361,both,2.274291865944633e-12,True
asinh_saldo,4,14,-19,-9,0.431737752769993,0.431737752772277,both,2.2840063174101033e-12,True
asinh_saldo,4,15,-19,-8,0.3721906121911208,0.3721906121932,both,2.079170169366762e-12,True
asinh_saldo,4,16,-19,-7,0.4081439790733562,0.40814397907549,both,2.1337931421783196e-12,True
asinh_saldo,4,17,-19,-6,0.4041264563855885,0.404126456387732,both,2.1435075936437897e-12,True
asinh_saldo,4,18,-19,-5,0.3850019738201491,0.385001973822264,both,2.1148638396084607e-12,True
asinh_saldo,4,19,-19,-4,0.4346419110174502,0.434641911019693,both,2.24281704319651e-12,True
asinh_saldo,4,20,-19,-3,0.4136918530048996,0.413691853007126,both,2.226441253583289e-12,True
asinh_saldo,4,21,-19,-2,0.2886704473098936,0.288670447311728,both,1.834365992436915e-12,True
asinh_saldo,4,22,-19,0,0.2386148125534184,0.238614812555134,both,1.7155998843776388e-12,True
asinh_saldo,4,23,-19,1,0.3678469207077346,0.367846920709885,both,2.1503909763964657e-12,True
asinh_saldo,4,24,-19,2,0.3605441680260575,0.360544168028159,both,2.1014856521617276e-12,True
asinh_saldo,4,25,-19,3,0.427228231850815,0.427228231853035,both,2.220001960040463e-12,True
asinh_saldo,4,26,-19,4,0.3810884464753585,0.381088446477491,both,2.1325163857000007e-12,True
asinh_saldo,4,27,-19,5,0.3699728583624371,0.369972858364546,both,2.108924146426716e-12,True
asinh_saldo,4,28,-19,6,0.4315412143230171,0.431541214325236,both,2.218891737015838e-12,True
asinh_saldo,4,29,-19,7,0.4103486362861211,0.410348636288284,both,2.1628809854234987e-12,True
asinh_saldo,4,30,-19,8,0.4287097859170795,0.428709785919317,both,2.2375434838295405e-12,True
asinh_saldo,4,31,-19,9,0.4807922428709792,0.48079224287326,both,2.2807866706386903e-12,True
asinh_saldo,4,32,-19,10,0.3756868113889273,0.375686811390884,both,1.956712569750607e-12,True
asinh_saldo,4,33,-19,11,0.3269358180767122,0.32693581807855,both,1.837807683813253e-12,True
asinh_saldo,4,34,-19,12,0.2535803750111395,0.253580375012791,both,1.6515122602811516e-12,True
asinh_saldo,4,35,-19,13,0.4514801258218311,0.451480125824066,both,2.23487894857044e-12,True
asinh_saldo,4,36,-19,14,0.4280994009076188,0.428099400909776,both,2.1572188479979104e-12,True
asinh_saldo,4,37,-19,15,0.3843598668902473,0.384359866892306,both,2.0586865545624278e-12,True
asinh_saldo,4,38,-19,16,0.418763265362974,0.418763265365114,both,2.1400103911162205e-12,True
asinh_saldo,4,39,-19,17,0.3923525144065633,0.392352514408605,both,2.041700142285663e-12,True
asinh_saldo,4,40,-19,18,0.3954342483204921,0.395434248322511,both,2.018885059129616e-12,True
asinh_saldo,4,41,-19,19,0.3872053785012037,0.387205378503239,both,2.0353163598940682e-12,True
asinh_saldo,4,42,-19,20,0.4211074935588388,0.421107493560773,both,1.9341750423507165e-12,True
asinh_saldo,4,43,-19,21,0.4160600766928289,0.416060076694961,both,2.1320722964901506e-12,True
asinh_saldo,4,44,-19,22,0.3556794039009904,0.355679403902754,both,1.7635892746170612e-12,True
asinh_saldo,4,45,-19,23,0.2993326260101637,0.299332626011917,both,1.7533197116392785e-12,True
asinh_saldo,5,0,-18,-23,0.4374298570373574,0.437429857039606,both,2.248645714075792e-12,True
asinh_saldo,5,1,-18,-22,0.4353921124215552,0.435392112423673,both,2.1178059306237174e-12,True
asinh_saldo,5,2,-18,-21,0.4511410339314636,0.451141033933693,both,2.2293833445985456e-12,True
asinh_saldo,5,3,-18,-20,0.4053516118813578,0.405351611883476,both,2.118194508682336e-12,True
asinh_saldo,5,4,-18,-19,0.4932393823166018,0.493239382318854,both,2.2521984277545926e-12,True
asinh_saldo,5,5,-18,-18,0.5870348171558427,0.587034817158085,both,2.2423174428354287e-12,True
asinh_saldo,5,6,-18,-17,0.4500261394471599,0.450026139449253,both,2.0931034683258076e-12,True
asinh_saldo,5,7,-18,-16,0.4710452164204152,0.471045216422545,both,2.129796339289669e-12,True
asinh_saldo,5,8,-18,-15,0.420080932079178,0.42008093208124,both,2.061961712485072e-12,True
asinh_saldo,5,9,-18,-14,0.335527100455045,0.335527100456958,both,1.912969782580376e-12,True
asinh_saldo,5,10,-18,-13,0.3889632587892678,0.38896325879127,both,2.0021762026090073e-12,True
asinh_saldo,5,11,-18,-12,0.2873380033335077,0.287338003335216,both,1.7083001679907284e-12,True
asinh_saldo,5,12,-18,-11,0.4356141980764433,0.435614198078632,both,2.1886936707460336e-12,True
asinh_saldo,5,13,-18,-10,0.4128438057151416,0.412843805717329,both,2.1873614031164834e-12,True
asinh_saldo,5,14,-18,-9,0.4270001190683337,0.427000119070543,both,2.2093438190040615e-12,True
asinh_saldo,5,15,-18,-8,0.370387794281323,0.370387794283335,both,2.01200167637694e-12,True
asinh_saldo,5,16,-18,-7,0.4104548918546681,0.410454891856737,both,2.0689006063889792e-12,True
asinh_saldo,5,17,-18,-6,0.4187436035940054,0.418743603596092,both,2.0865531524805192e-12,True
asinh_saldo,5,18,-18,-5,0.3978563488882263,0.397856348890281,both,2.0546897516737772e-12,True
asinh_saldo,5,19,-18,-4,0.4444567278661908,0.44445672786837,both,2.1792012638854885e-12,True
asinh_saldo,5,20,-18,-3,0.4193856574681081,0.419385657470273,both,2.1649348980190553e-12,True
asinh_saldo,5,21,-18,-2,0.2891839498909611,0.289183949892735,both,1.7739143487460751e-12,True
asinh_saldo,5,22,-18,0,0.2741923763812162,0.274192376382887,both,1.6708301409096293e-12,True
asinh_saldo,5,23,-18,1,0.3668790341282524,0.366879034130335,both,2.0826118607431e-12,True
asinh_saldo,5,24,-18,2,0.3544426263872561,0.354442626389282,both,2.0258794641847544e-12,True
asinh_saldo,5,25,-18,3,0.4089680764882998,0.408968076490431,both,2.1311841180704505e-12,True
asinh_saldo,5,26,-18,4,0.3476222241463714,0.347622224148406,both,2.034594714928062e-12,True
asinh_saldo,5,27,-18,5,0.3811260690230751,0.381126069025115,both,2.0398682742950314e-12,True
asinh_saldo,5,28,-18,6,0.4775269978283845,0.477526997830557,both,2.1725399257377376e-12,True
asinh_saldo,5,29,-18,7,0.4116157920509434,0.411615792053031,both,2.087607864353913e-12,True
asinh_saldo,5,30,-18,8,0.4266439869670995,0.426643986969259,both,2.159494805198392e-12,True
asinh_saldo,5,31,-18,9,0.4592028811612698,0.459202881163456,both,2.186195668940627e-12,True
asinh_saldo,5,32,-18,10,0.3629302141464534,0.362930214148328,both,1.874611577079577e-12,True
asinh_saldo,5,33,-18,11,0.3426845143794135,0.34268451438119,both,1.7765233728539442e-12,True
asinh_saldo,5,34,-18,12,0.2708568226973773,0.270856822698974,both,1.5966672428646689e-12,True
asinh_saldo,5,35,-18,13,0.4814573501502351,0.481457350152406,both,2.1708745912008e-12,True
asinh_saldo,5,36,-18,14,0.4195156107016219,0.419515610703695,both,2.0730639427313236e-12,True
asinh_saldo,5,37,-18,15,0.4098437479112126,0.409843747913211,both,1.9984014443252818e-12,True
asinh_saldo,5,38,-18,16,0.4440256027783281,0.444025602780403,both,2.074895810721955e-12,True
asinh_saldo,5,39,-18,17,0.4067043718241535,0.406704371826128,both,1.974531649295841e-12,True
asinh_saldo,5,40,-18,18,0.415187477106179,0.415187477108132,both,1.952993322618113e-12,True
asinh_saldo,5,41,-18,19,0.3857497744971025,0.385749774499063,both,1.9604873280343327e-12,True
asinh_saldo,5,42,-18,20,0.4507483169875065,0.450748316989363,both,1.8565149417781868e-12,True
asinh_saldo,5,43,-18,21,0.4101298248158937,0.410129824817948,both,2.0543011736151584e-12,True
asinh_saldo,5,44,-18,22,0.3717336295528632,0.371733629554553,both,1.6898149546307195e-12,True
asinh_saldo,5,45,-18,23,0.2920616296215648,0.292061629623243,both,1.6782131240233866e-12,True
asinh_saldo,6,0,-17,-23,0.4752359618510985,0.475235961853312,both,2.213507155346406e-12,True
asinh_saldo,6,1,-17,-22,0.4204681470882834,0.420468147090331,both,2.0475843243161762e-12,True
asinh_saldo,6,2,-17,-21,0.4199699163964694,0.419969916398618,both,2.1486146195570655e-12,True
asinh_saldo,6,3,-17,-20,0.3655195630999928,0.365519563102023,both,2.0302093339807925e-12,True
asinh_saldo,6,4,-17,-19,0.4521088661988743,0.452108866201034,both,2.159716849803317e-12,True
asinh_saldo,6,5,-17,-18,0.4500261394471627,0.450026139449253,both,2.0903279107642447e-12,True
asinh_saldo,6,6,-17,-17,0.5418302233928766,0.541830223394971,both,2.094435735955358e-12,True
asinh_saldo,6,7,-17,-16,0.4302874885406481,0.430287488542691,both,2.0429213876127506e-12,True
asinh_saldo,6,8,-17,-15,0.3818378437469182,0.381837843748891,both,1.972810803607672e-12,True
asinh_saldo,6,9,-17,-14,0.3631769188828377,0.363176918884708,both,1.8702817072835387e-12,True
asinh_saldo,6,10,-17,-13,0.381389273168044,0.381389273169978,both,1.9340085088970227e-12,True
asinh_saldo,6,11,-17,-12,0.2781121264871041,0.278112126488747,both,1.6429080318403066e-12,True
asinh_saldo,6,12,-17,-11,0.323511436831464,0.323511436833516,both,2.052025216414677e-12,True
asinh_saldo,6,13,-17,-10,0.3949983450289939,0.394998345031109,both,2.1150858842133857e-12,True
asinh_saldo,6,14,-17,-9,0.3572110617102002,0.357211061712302,both,2.101818719069115e-12,True
asinh_saldo,6,15,-17,-8,0.3290616288294425,0.329061628831366,both,1.923516901314315e-12,True
asinh_saldo,6,16,-17,-7,0.3595129109150216,0.359512910916995,both,1.9734214262712158e-12,True
asinh_saldo,6,17,-17,-6,0.4059595877526269,0.405959587754644,both,2.0171087022902157e-12,True
asinh_saldo,6,18,-17,-5,0.3995937022887236,0.39959370229072,both,1.9964030428809565e-12,True
asinh_saldo,6,19,-17,-4,0.3948543350368645,0.39485433503895,both,2.0854984406071253e-12,True
asinh_saldo,6,20,-17,-3,0.3644156855026807,0.364415685504746,both,2.0652923815589475e-12,True
asinh_saldo,6,21,-17,-2,0.2749017032880311,0.274901703289735,both,1.703914787043459e-12,True
asinh_saldo,6,22,-17,0,0.253809175068907,0.253809175070504,both,1.5970003097720564e-12,True
asinh_saldo,6,23,-17,1,0.3229989068475631,0.322998906849554,both,1.990907438909062e-12,True
asinh_saldo,6,24,-17,2,0.3287631121213363,0.328763112123286,both,1.9497181646954687e-12,True
asinh_saldo,6,25,-17,3,0.3659257928417777,0.365925792843821,both,2.0433099656713694e-12,True
asinh_saldo,6,26,-17,4,0.3187114681049402,0.318711468106894,both,1.9537704787353505e-12,True
asinh_saldo,6,27,-17,5,0.3391915706182959,0.33919157062025,both,1.954103545642738e-12,True
asinh_saldo,6,28,-17,6,0.4039662214206862,0.403966221422748,both,2.0617951790313782e-12,True
asinh_saldo,6,29,-17,7,0.3967661351809573,0.396766135182975,both,2.0176638138025282e-12,True
asinh_saldo,6,30,-17,8,0.4011645533048866,0.401164553306969,both,2.082389816138175e-12,True
asinh_saldo,6,31,-17,9,0.4184004309721114,0.418400430974211,both,2.0995982730198648e-12,True
asinh_saldo,6,32,-17,10,0.3495525489055727,0.349552548907384,both,1.8113288646759429e-12,True
asinh_saldo,6,33,-17,11,0.3439798839856585,0.343979883987378,both,1.7195134205394424e-12,True
asinh_saldo,6,34,-17,12,0.2485065333550326,0.248506533356559,both,1.526417880981512e-12,True
asinh_saldo,6,35,-17,13,0.4262752096344298,0.42627520963651,both,2.080224881240156e-12,True
asinh_saldo,6,36,-17,14,0.4179234389668145,0.417923438968828,both,2.013500477460184e-12,True
asinh_saldo,6,37,-17,15,0.3716011990919629,0.37160119909388,both,1.9171331189227203e-12,True
asinh_saldo,6,38,-17,16,0.3625455314758528,0.362545531477823,both,1.9702017794998028e-12,True
asinh_saldo,6,39,-17,17,0.3346071468969522,0.334607146898822,both,1.8697821069224574e-12,True
asinh_saldo,6,40,-17,18,0.4075198258890637,0.407519825890953,both,1.889266521004629e-12,True
asinh_saldo,6,41,-17,19,0.3973147647524085,0.397314764754318,both,1.9094725800528067e-12,True
asinh_saldo,6,42,-17,20,0.400799539029298,0.400799539031088,both,1.7900125826031399e-12,True
asinh_saldo,6,43,-17,21,0.3675814473596919,0.367581447361662,both,1.9700907571973403e-12,True
asinh_saldo,6,44,-17,22,0.3430311487582778,0.343031148759901,both,1.6232015731532101e-12,True
asinh_saldo,6,45,-17,23,0.3154988366528339,0.315498836654465,both,1.6310841566280487e-12,True
asinh_saldo,7,0,-16,-23,0.4235475273072309,0.423547527309432,both,2.2011281686218354e-12,True
asinh_saldo,7,1,-16,-22,0.4157195816363313,0.4157195816384,both,2.068678561784054e-12,True
asinh_saldo,7,2,-16,-21,0.4274935283634188,0.427493528365597,both,2.178202063163326e-12,True
asinh_saldo,7,3,-16,-20,0.3739120853249368,0.373912085326997,both,2.0601853556456717e-12,True
asinh_saldo,7,4,-16,-19,0.4560445650765403,0.456044565078727,both,2.1866952693017083e-12,True
asinh_saldo,7,5,-16,-18,0.4710452164204176,0.471045216422545,both,2.127409359786725e-12,True
asinh_saldo,7,6,-16,-17,0.4302874885406476,0.430287488542691,both,2.043420987973832e-12,True
asinh_saldo,7,7,-16,-16,0.5316868030529702,0.531686803055106,both,2.1357360324714136e-12,True
asinh_saldo,7,8,-16,-15,0.4361498049220412,0.436149804924076,both,2.034816759532987e-12,True
asinh_saldo,7,9,-16,-14,0.3437088339364969,0.343708833938378,both,1.8810508706224027e-12,True
asinh_saldo,7,10,-16,-13,0.3718268934390374,0.37182689344099,both,1.952604744559494e-12,True
asinh_saldo,7,11,-16,-12,0.2843867616803409,0.284386761682011,both,1.670108495943623e-12,True
asinh_saldo,7,12,-16,-11,0.3928518653891036,0.392851865391227,both,2.1234125568980744e-12,True
asinh_saldo,7,13,-16,-10,0.3779760866754447,0.377976086677573,both,2.128297538206425e-12,True
asinh_saldo,7,14,-16,-9,0.4060291860991606,0.40602918610132,both,2.1593837828959295e-12,True
asinh_saldo,7,15,-16,-8,0.3277920884597459,0.327792088461693,both,1.9471091405875995e-12,True
asinh_saldo,7,16,-16,-7,0.3670461283694248,0.367046128371427,both,2.0022317137602386e-12,True
asinh_saldo,7,17,-16,-6,0.3800686402146989,0.38006864021672,both,2.0211055051788662e-12,True
asinh_saldo,7,18,-16,-5,0.3685401273687242,0.368540127370723,both,1.9987900223839006e-12,True
asinh_saldo,7,19,-16,-4,0.415316737299823,0.415316737301946,both,2.1230239788394556e-12,True
asinh_saldo,7,20,-16,-3,0.4311755798983089,0.431175579900444,both,2.1350698986566385e-12,True
asinh_saldo,7,21,-16,-2,0.3123478531330467,0.312347853134799,both,1.7523205109171158e-12,True
asinh_saldo,7,22,-16,0,0.2641607075104416,0.264160707512068,both,1.626421219924623e-12,True
asinh_saldo,7,23,-16,1,0.3244362495695624,0.324436249571578,both,2.0156099012069717e-12,True
asinh_saldo,7,24,-16,2,0.3407161235040006,0.340716123505981,both,1.9804158313263542e-12,True
asinh_saldo,7,25,-16,3,0.3950216442495776,0.395021644251663,both,2.0853874183046628e-12,True
asinh_saldo,7,26,-16,4,0.3493525037598791,0.349352503761877,both,1.9979018439642005e-12,True
asinh_saldo,7,27,-16,5,0.3576484447429742,0.357648444744962,both,1.9877988144401115e-12,True
asinh_saldo,7,28,-16,6,0.4254587498788775,0.425458749880977,both,2.0994872507174023e-12,True
asinh_saldo,7,29,-16,7,0.3874755855002629,0.387475585502298,both,2.035094315289143e-12,True
asinh_saldo,7,30,-16,8,0.421303680475165,0.421303680477285,both,2.1200263766729677e-12,True
asinh_saldo,7,31,-16,9,0.4527566763454134,0.452756676347559,both,2.1456170173905775e-12,True
asinh_saldo,7,32,-16,10,0.3507997477580125,0.350799747759847,both,1.8345325258906087e-12,True
asinh_saldo,7,33,-16,11,0.3337080013899578,0.333708001391693,both,1.7351675651866572e-12,True
asinh_saldo,7,34,-16,12,0.2762427769397607,0.276242776941328,both,1.5673018438633335e-12,True
asinh_saldo,7,35,-16,13,0.4536889858953344,0.453688985897454,both,2.1195822874631176e-12,True
asinh_saldo,7,36,-16,14,0.4120328685134047,0.412032868515438,both,2.033317958449743e-12,True
asinh_saldo,7,37,-16,15,0.3955669015688008,0.395566901570756,both,1.955213768667363e-12,True
asinh_saldo,7,38,-16,16,0.3862309235617845,0.386230923563791,both,2.0065060724050454e-12,True
asinh_saldo,7,39,-16,17,0.3716932850846096,0.371693285086527,both,1.9174106746788766e-12,True
asinh_saldo,7,40,-16,18,0.3610911428956901,0.361091142897575,both,1.8848811400573595e-12,True
asinh_saldo,7,41,-16,19,0.3760070375575906,0.376007037559511,both,1.9204082768453645e-12,True
asinh_saldo,7,42,-16,20,0.4207231239538032,0.42072312395562,both,1.8168244686478374e-12,True
asinh_saldo,7,43,-16,21,0.3820856314850667,0.38208563148707,both,2.0032864256336325e-12,True
asinh_saldo,7,44,-16,22,0.3364584822622452,0.336458482263894,both,1.6488477250220512e-12,True
asinh_saldo,7,45,-16,23,0.2739928274889446,0.273992827490578,both,1.6334156249797616e-12,True
asinh_saldo,8,0,-15,-23,0.4141054648136731,0.414105464815835,both,2.161881784701336e-12,True
asinh_saldo,8,1,-15,-22,0.3746384555977778,0.374638455599785,both,2.0071722062198205e-12,True
asinh_saldo,8,2,-15,-21,0.396538095619609,0.396538095621735,both,2.1259660698547123e-12,True
asinh_saldo,8,3,-15,-20,0.3431444413019299,0.343144441303934,both,2.0041190929021013e-12,True
asinh_saldo,8,4,-15,-19,0.3895411325152794,0.389541132517384,both,2.104594276630678e-12,True
asinh_saldo,8,5,-15,-18,0.4200809320791805,0.42008093208124,both,2.0594637106796654e-12,True
asinh_saldo,8,6,-15,-17,0.3818378437469173,0.381837843748891,both,1.973698982027372e-12,True
asinh_saldo,8,7,-15,-16,0.4361498049220411,0.436149804924076,both,2.0349277818354494e-12,True
asinh_saldo,8,8,-15,-15,0.5094782009850014,0.509478200987054,both,2.0525803279269894e-12,True
asinh_saldo,8,9,-15,-14,0.3692003207108556,0.369200320712715,both,1.859401521642212e-12,True
asinh_saldo,8,10,-15,-13,0.3567802084183485,0.356780208420249,both,1.900479773553343e-12,True
asinh_saldo,8,11,-15,-12,0.2645349617192901,0.26453496172091,both,1.619926415230566e-12,True
asinh_saldo,8,12,-15,-11,0.4063982152109632,0.406398215213065,both,2.101818719069115e-12,True
asinh_saldo,8,13,-15,-10,0.391523229593438,0.391523229595544,both,2.1059820554114594e-12,True
asinh_saldo,8,14,-15,-9,0.3701363557285687,0.370136355730671,both,2.1023183194301964e-12,True
asinh_saldo,8,15,-15,-8,0.2992162436226419,0.299216243624532,both,1.8900991882730978e-12,True
asinh_saldo,8,16,-15,-7,0.3485203337549652,0.348520333756914,both,1.9487744751245373e-12,True
asinh_saldo,8,17,-15,-6,0.3602822441522693,0.360282244154239,both,1.9697021791387215e-12,True
asinh_saldo,8,18,-15,-5,0.3535655105220609,0.353565510524011,both,1.9500512316028562e-12,True
asinh_saldo,8,19,-15,-4,0.4300825474994844,0.430082547501581,both,2.096600670853377e-12,True
asinh_saldo,8,20,-15,-3,0.3982946612639585,0.398294661266033,both,2.0745072326633363e-12,True
asinh_saldo,8,21,-15,-2,0.2853519208260651,0.285351920827754,both,1.6889267762110194e-12,True
asinh_saldo,8,22,-15,0,0.2414182234585056,0.241418223460077,both,1.571381913478831e-12,True
asinh_saldo,8,23,-15,1,0.2795616412677043,0.27956164126965,both,1.945721361806818e-12,True
asinh_saldo,8,24,-15,2,0.2947557637797643,0.294755763781677,both,1.9126922268242197e-12,True
asinh_saldo,8,25,-15,3,0.3802802440587635,0.380280244060808,both,2.044531210998457e-12,True
asinh_saldo,8,26,-15,4,0.3465400932654774,0.346540093267443,both,1.9655943539476084e-12,True
asinh_saldo,8,27,-15,5,0.3703269577016102,0.370326957703572,both,1.9617640845126516e-12,True
asinh_saldo,8,28,-15,6,0.424632325675441,0.424632325677512,both,2.071010030135767e-12,True
asinh_saldo,8,29,-15,7,0.3815577602218655,0.381557760223865,both,1.999511667349907e-12,True
asinh_saldo,8,30,-15,8,0.3793843726042423,0.379384372606303,both,2.060684956006753e-12,True
asinh_saldo,8,31,-15,9,0.4485026140142639,0.448502614016378,both,2.114086683491223e-12,True
asinh_saldo,8,32,-15,10,0.3696406943838706,0.369640694385688,both,1.81737958016015e-12,True
asinh_saldo,8,33,-15,11,0.3059909420374896,0.305990942039176,both,1.6863732632543815e-12,True
asinh_saldo,8,34,-15,12,0.2523480088963986,0.252348008897914,both,1.5153989174621074e-12,True
asinh_saldo,8,35,-15,13,0.4546377664216406,0.454637766423737,both,2.096378626248452e-12,True
asinh_saldo,8,36,-15,14,0.4161316429692305,0.416131642971241,both,2.010502875293696e-12,True
asinh_saldo,8,37,-15,15,0.388397284750145,0.388397284752071,both,1.9260149031197216e-12,True
asinh_saldo,8,38,-15,16,0.4133295639454787,0.413329563947476,both,1.9972912213006566e-12,True
asinh_saldo,8,39,-15,17,0.3715029391682486,0.37150293917014,both,1.8913759447514167e-12,True
asinh_saldo,8,40,-15,18,0.3758272582625857,0.375827258264452,both,1.8663404155461194e-12,True
asinh_saldo,8,41,-15,19,0.3626385177582922,0.362638517760174,both,1.881772515588409e-12,True
asinh_saldo,8,42,-15,20,0.4102911391344021,0.410291139136187,both,1.784850045538633e-12,True
asinh_saldo,8,43,-15,21,0.3648764242302626,0.364876424232225,both,1.9623747071761954e-12,True
asinh_saldo,8,44,-15,22,0.3747793138741649,0.37477931387578,both,1.6150969450734465e-12,True
asinh_saldo,8,45,-15,23,0.292476172225996,0.292476172227605,both,1.6090462295892394e-12,True
asinh_saldo,9,0,-14,-23,0.3866630709280062,0.386663070930057,both,2.050748459936358e-12,True
asinh_saldo,9,1,-14,-22,0.3398547997132802,0.339854799715174,both,1.893818435405592e-12,True
asinh_saldo,9,2,-14,-21,0.3721377498997003,0.372137749901719,both,2.018718525675922e-12,True
asinh_saldo,9,3,-14,-20,0.3293269714706823,0.329326971472588,both,1.905697821769081e-12,True
asinh_saldo,9,4,-14,-19,0.3556675960728916,0.35566759607488,both,1.9884094371036554e-12,True
asinh_saldo,9,5,-14,-18,0.3355271004550474,0.335527100456958,both,1.910582803077432e-12,True
asinh_saldo,9,6,-14,-17,0.3631769188828368,0.363176918884708,both,1.871169885703239e-12,True
asinh_saldo,9,7,-14,-16,0.3437088339364971,0.343708833938378,both,1.880884337168709e-12,True
asinh_saldo,9,8,-14,-15,0.3692003207108559,0.369200320712715,both,1.859123965886056e-12,True
asinh_saldo,9,9,-14,-14,0.4501229410592566,0.450122941061083,both,1.826427897810845e-12,True
asinh_saldo,9,10,-14,-13,0.3357692273756385,0.335769227377433,both,1.7944534747016405e-12,True
asinh_saldo,9,11,-14,-12,0.2515790815034668,0.251579081504988,both,1.5211720771901582e-12,True
asinh_saldo,9,12,-14,-11,0.3076736430650857,0.30767364306703,both,1.9442780718748054e-12,True
asinh_saldo,9,13,-14,-10,0.3682890997209295,0.368289099722929,both,1.999511667349907e-12,True
asinh_saldo,9,14,-14,-9,0.3530211157919651,0.353021115793965,both,1.9999002454085257e-12,True
asinh_saldo,9,15,-14,-8,0.280405944423595,0.280405944425382,both,1.787014980436652e-12,True
asinh_saldo,9,16,-14,-7,0.3158498938134713,0.315849893815307,both,1.835698260066465e-12,True
asinh_saldo,9,17,-14,-6,0.3457840317156297,0.345784031717498,both,1.8682833058392134e-12,True
asinh_saldo,9,18,-14,-5,0.3499742254820326,0.349974225483891,both,1.8584023209200495e-12,True
asinh_saldo,9,19,-14,-4,0.3626028009600898,0.36260280096205,both,1.9602097722781764e-12,True
asinh_saldo,9,20,-14,-3,0.3283877647327193,0.328387764734652,both,1.9326762412674725e-12,True
asinh_saldo,9,21,-14,-2,0.2595995755038537,0.259599575505435,both,1.5812906539736105e-12,True
asinh_saldo,9,22,-14,0,0.2095240260111726,0.209524026012634,both,1.4614143228897092e-12,True
asinh_saldo,9,23,-14,1,0.275227553546888,0.275227553548739,both,1.8510193378062922e-12,True
asinh_saldo,9,24,-14,2,0.2870657052820949,0.287065705283913,both,1.8181012251261564e-12,True
asinh_saldo,9,25,-14,3,0.3549771151186868,0.354977115120624,both,1.9372281556684356e-12,True
asinh_saldo,9,26,-14,4,0.3061990712398014,0.306199071241646,both,1.8446355554146976e-12,True
asinh_saldo,9,27,-14,5,0.3193118936216515,0.319311893623491,both,1.8394730183501906e-12,True
asinh_saldo,9,28,-14,6,0.3359457464021637,0.335945746404082,both,1.9182988530985767e-12,True
asinh_saldo,9,29,-14,7,0.3081505146093806,0.308150514611245,both,1.8643975252530254e-12,True
asinh_saldo,9,30,-14,8,0.3619776440864505,0.361977644088409,both,1.9584889265900074e-12,True
asinh_saldo,9,31,-14,9,0.3896462605387062,0.38964626054069,both,1.983802011551461e-12,True
asinh_saldo,9,32,-14,10,0.3536820544668936,0.353682054468616,both,1.7224000004034679e-12,True
asinh_saldo,9,33,-14,11,0.308672408495696,0.308672408497297,both,1.600997112660707e-12,True
asinh_saldo,9,34,-14,12,0.220709365809602,0.220709365811011,both,1.4090117961274018e-12,True
asinh_saldo,9,35,-14,13,0.4057082894316,0.40570828943358,both,1.9800272532677354e-12,True
asinh_saldo,9,36,-14,14,0.4085494593397326,0.408549459341651,both,1.9184098754010392e-12,True
asinh_saldo,9,37,-14,15,0.3689451894752603,0.368945189477088,both,1.827704654289164e-12,True
asinh_saldo,9,38,-14,16,0.3284697257991948,0.328469725801053,both,1.8581802763151245e-12,True
asinh_saldo,9,39,-14,17,0.3313522930894049,0.331352293091183,both,1.7781331962396507e-12,True
asinh_saldo,9,40,-14,18,0.3494627705448234,0.349462770546586,both,1.7625900738948985e-12,True
asinh_saldo,9,41,-14,19,0.3425222787644988,0.34252227876628,both,1.7811863095573699e-12,True
asinh_saldo,9,42,-14,20,0.3704314029237842,0.37043140292547,both,1.685818151742069e-12,True
asinh_saldo,9,43,-14,21,0.3439794012517117,0.343979401253571,both,1.8592904993397497e-12,True
asinh_saldo,9,44,-14,22,0.3625855408171037,0.362585540818621,both,1.5172862966039702e-12,True
asinh_saldo,9,45,-14,23,0.3083910282395966,0.308391028241123,both,1.5264456365571277e-12,True
asinh_saldo,10,0,-13,-23,0.370961695990239,0.370961695992329,both,2.089994843856857e-12,True
asinh_saldo,10,1,-13,-22,0.36177221785953,0.36177221786149,both,1.9599877276732514e-12,True
asinh_saldo,10,2,-13,-21,0.371750172401294,0.371750172403365,both,2.071010030135767e-12,True
asinh_saldo,10,3,-13,-20,0.3057269765310019,0.305726976532944,both,1.9421131369767863e-12,True
asinh_saldo,10,4,-13,-19,0.3980840195821757,0.398084019584246,both,2.0702883851697607e-12,True
asinh_saldo,10,5,-13,-18,0.3889632587892697,0.38896325879127,both,2.0002888234671445e-12,True
asinh_saldo,10,6,-13,-17,0.3813892731680431,0.381389273169978,both,1.934896687316723e-12,True
asinh_saldo,10,7,-13,-16,0.3718268934390373,0.37182689344099,both,1.9527157668619566e-12,True
asinh_saldo,10,8,-13,-15,0.3567802084183481,0.356780208420249,both,1.9008683516119618e-12,True
asinh_saldo,10,9,-13,-14,0.3357692273756381,0.335769227377433,both,1.7948975639114906e-12,True
asinh_saldo,10,10,-13,-13,0.5108785742227658,0.510878574224739,both,1.9731993816662907e-12,True
asinh_saldo,10,11,-13,-12,0.2601111111000829,0.260111111101663,both,1.580124919797754e-12,True
asinh_saldo,10,12,-13,-11,0.2936964089926238,0.29369640899461,both,1.9862445022056363e-12,True
asinh_saldo,10,13,-13,-10,0.3479469702381572,0.347946970240195,both,2.037814361699475e-12,True
asinh_saldo,10,14,-13,-9,0.3757065469119754,0.375706546914044,both,2.0685675394815917e-12,True
asinh_saldo,10,15,-13,-8,0.3408220854465841,0.340822085448466,both,1.8818835378908716e-12,True
asinh_saldo,10,16,-13,-7,0.3263391798177727,0.326339179819669,both,1.8962609260597674e-12,True
asinh_saldo,10,17,-13,-6,0.3362600602312548,0.336260060233168,both,1.913191827185301e-12,True
asinh_saldo,10,18,-13,-5,0.3221996962239802,0.322199696225872,both,1.8918200339612667e-12,True
asinh_saldo,10,19,-13,-4,0.3866747570748749,0.386674757076904,both,2.0290991109561674e-12,True
asinh_saldo,10,20,-13,-3,0.3386411640524225,0.338641164054414,both,1.991518061572606e-12,True
asinh_saldo,10,21,-13,-2,0.2752941142668842,0.27529411426853,both,1.645794611704332e-12,True
asinh_saldo,10,22,-13,0,0.2341186132507464,0.234118613252276,both,1.5296097721773094e-12,True
asinh_saldo,10,23,-13,1,0.2751631630642968,0.2751631630662,both,1.9031998199636746e-12,True
asinh_saldo,10,24,-13,2,0.2812956923831949,0.281295692385063,both,1.8681167723855197e-12,True
asinh_saldo,10,25,-13,3,0.3473392836142246,0.34733928361621,both,1.9854118349371674e-12,True
asinh_saldo,10,26,-13,4,0.3028854126338187,0.302885412635713,both,1.8943180357666733e-12,True
asinh_saldo,10,27,-13,5,0.3330059331989572,0.333005933200859,both,1.901756530031662e-12,True
asinh_saldo,10,28,-13,6,0.3725167220468882,0.372516722048887,both,1.9987900223839006e-12,True
asinh_saldo,10,29,-13,7,0.341777492276166,0.341777492278103,both,1.9370061110635106e-12,True
asinh_saldo,10,30,-13,8,0.3771008987572027,0.377100898759225,both,2.0222712393547226e-12,True
asinh_saldo,10,31,-13,9,0.4082948867206835,0.408294886722734,both,2.050526415331433e-12,True
asinh_saldo,10,32,-13,10,0.3526092797642899,0.352609279766063,both,1.7730816814776063e-12,True
asinh_saldo,10,33,-13,11,0.3494176595197523,0.349417659521429,both,1.6767143229401427e-12,True
asinh_saldo,10,34,-13,12,0.2438061464696322,0.243806146471109,both,1.4767909117807676e-12,True
asinh_saldo,10,35,-13,13,0.3848789392751759,0.384878939277195,both,2.019107103734541e-12,True
asinh_saldo,10,36,-13,14,0.362314007488065,0.362314007490007,both,1.9419466035230926e-12,True
asinh_saldo,10,37,-13,15,0.3180200333455651,0.318020033347409,both,1.8439139104486912e-12,True
asinh_saldo,10,38,-13,16,0.3538719743214948,0.35387197432342,both,1.9251822358512527e-12,True
asinh_saldo,10,39,-13,17,0.3138896382180788,0.313889638219897,both,1.8182122474286189e-12,True
asinh_saldo,10,40,-13,18,0.3253215423458376,0.325321542347636,both,1.7983947664390598e-12,True
asinh_saldo,10,41,-13,19,0.2995441053942656,0.299544105396072,both,1.806388372216361e-12,True
asinh_saldo,10,42,-13,20,0.3674202580968564,0.367420258098597,both,1.7406076580073204e-12,True
asinh_saldo,10,43,-13,21,0.3370056558114863,0.337005655813394,both,1.9076962232134065e-12,True
asinh_saldo,10,44,-13,22,0.3228588982713867,0.322858898272957,both,1.5702994460298214e-12,True
asinh_saldo,10,45,-13,23,0.2676653650510469,0.267665365052604,both,1.5571433031880133e-12,True
asinh_saldo,11,0,-12,-23,0.2744854323285448,0.274485432330347,both,1.8022250358740166e-12,True
asinh_saldo,11,1,-12,-22,0.2181152302792303,0.21811523028087,both,1.6396883850688937e-12,True
asinh_saldo,11,2,-12,-21,0.2217670271800231,0.221767027181767,both,1.7438828159299646e-12,True
asinh_saldo,11,3,-12,-20,0.2491108807936865,0.249110880795367,both,1.6804890812238682e-12,True
asinh_saldo,11,4,-12,-19,0.2515181953259421,0.251518195327692,both,1.7498780202629405e-12,True
asinh_saldo,11,5,-12,-18,0.2873380033335094,0.287338003335216,both,1.7065793223025594e-12,True
asinh_saldo,11,6,-12,-17,0.2781121264871025,0.278112126488747,both,1.6445178552260131e-12,True
asinh_saldo,11,7,-12,-16,0.2843867616803398,0.284386761682011,both,1.6712187189682481e-12,True
asinh_saldo,11,8,-12,-15,0.2645349617192896,0.26453496172091,both,1.6204260155916472e-12,True
asinh_saldo,11,9,-12,-14,0.2515790815034657,0.251579081504988,both,1.5222823002147834e-12,True
asinh_saldo,11,10,-12,-13,0.2601111111000823,0.260111111101663,both,1.5807355424612979e-12,True
asinh_saldo,11,11,-12,-12,0.6396539685451522,0.639653968546768,both,1.6158185900394528e-12,True
asinh_saldo,11,12,-12,-11,0.3161090030223911,0.316109003024166,both,1.7749135494682378e-12,True
asinh_saldo,11,13,-12,-10,0.2776473946113884,0.277647394613153,both,1.764643986490455e-12,True
asinh_saldo,11,14,-12,-9,0.2886365914111153,0.2886365914129,both,1.7846835120849391e-12,True
asinh_saldo,11,15,-12,-8,0.2664411454812719,0.266441145482882,both,1.6101009414626333e-12,True
asinh_saldo,11,16,-12,-7,0.2237222178664608,0.223722217868064,both,1.6032175587099573e-12,True
asinh_saldo,11,17,-12,-6,0.2453999619098214,0.245399961911449,both,1.6275869541004795e-12,True
asinh_saldo,11,18,-12,-5,0.274156600600894,0.274156600602526,both,1.6320278461989801e-12,True
asinh_saldo,11,19,-12,-4,0.2686425820196493,0.26864258202137,both,1.7206791547152989e-12,True
asinh_saldo,11,20,-12,-3,0.2535069118070014,0.253506911808713,both,1.7115753259133726e-12,True
asinh_saldo,11,21,-12,-2,0.2300970728684646,0.23009707286986,both,1.3954115640757436e-12,True
asinh_saldo,11,22,-12,0,0.4752672006522615,0.475267200653705,both,1.4434564654663973e-12,True
asinh_saldo,11,23,-12,1,0.2600860138761343,0.260086013877805,both,1.6707191186071668e-12,True
asinh_saldo,11,24,-12,2,0.2321424824368644,0.232142482438469,both,1.6046053374907387e-12,True
asinh_saldo,11,25,-12,3,0.328828001433984,0.328828001435723,both,1.738997834621614e-12,True
asinh_saldo,11,26,-12,4,0.3334058608380402,0.333405860839728,both,1.6878165531863942e-12,True
asinh_saldo,11,27,-12,5,0.3532841165836913,0.35328411658537,both,1.678712724384468e-12,True
asinh_saldo,11,28,-12,6,0.3929455939674568,0.392945593969233,both,1.7761903059465567e-12,True
asinh_saldo,11,29,-12,7,0.3590710132623909,0.359071013264104,both,1.7131296381478478e-12,True
asinh_saldo,11,30,-12,8,0.3687216895407919,0.368721689542574,both,1.7821299991283013e-12,True
asinh_saldo,11,31,-12,9,0.3864966052431601,0.386496605244959,both,1.7988943668001411e-12,True
asinh_saldo,11,32,-12,10,0.3367382680690036,0.33673826807054,both,1.5364376437787541e-12,True
asinh_saldo,11,33,-12,11,0.3599009307679149,0.359900930769374,both,1.459110610113612e-12,True
asinh_saldo,11,34,-12,12,0.4951738710226881,0.495173871024117,both,1.4288570326925765e-12,True
asinh_saldo,11,35,-12,13,0.3527259553501292,0.352725955351896,both,1.7668089213884741e-12,True
asinh_saldo,11,36,-12,14,0.3340095824686158,0.334009582470309,both,1.6932011348558262e-12,True
asinh_saldo,11,37,-12,15,0.3754661742346886,0.375466174236343,both,1.654398840145177e-12,True
asinh_saldo,11,38,-12,16,0.3548853006979579,0.354885300699652,both,1.6941448244267576e-12,True
asinh_saldo,11,39,-12,17,0.4054824579458763,0.40548245794753,both,1.653732706330402e-12,True
asinh_saldo,11,40,-12,18,0.3659594773294886,0.365959477331082,both,1.5933920849420247e-12,True
asinh_saldo,11,41,-12,19,0.3271142419575671,0.327114241959165,both,1.5978884881917566e-12,True
asinh_saldo,11,42,-12,20,0.3388953886948642,0.338895388696368,both,1.5037970868547745e-12,True
asinh_saldo,11,43,-12,21,0.3254311789462923,0.325431178947964,both,1.6716628081780982e-12,True
asinh_saldo,11,44,-12,22,0.3750827756547108,0.375082775656049,both,1.3381518115807012e-12,True
asinh_saldo,11,45,-12,23,0.3482228513515447,0.348222851352921,both,1.3763434836278066e-12,True
asinh_saldo,12,0,-11,-23,0.545068569376314,0.545068569378691,both,2.37698749572246e-12,True
asinh_saldo,12,1,-11,-22,0.4557529193412194,0.4557529193434,both,2.18058904266627e-12,True
asinh_saldo,12,2,-11,-21,0.5399225077124169,0.539922507714756,both,2.3391288905827423e-12,True
asinh_saldo,12,3,-11,-20,0.529300239328537,0.529300239330787,both,2.2499779817053422e-12,True
asinh_saldo,12,4,-11,-19,0.398850961178327,0.398850961180564,both,2.236988372317228e-12,True
asinh_saldo,12,5,-11,-18,0.4356141980764434,0.435614198078632,both,2.188582648443571e-12,True
asinh_saldo,12,6,-11,-17,0.323511436831461,0.323511436833516,both,2.0550228185811648e-12,True
asinh_saldo,12,7,-11,-16,0.3928518653891011,0.392851865391227,both,2.125910558703481e-12,True
asinh_saldo,12,8,-11,-15,0.4063982152109618,0.406398215213065,both,2.1032064978498966e-12,True
asinh_saldo,12,9,-11,-14,0.307673643065084,0.30767364306703,both,1.9459989175629744e-12,True
asinh_saldo,12,10,-11,-13,0.2936964089926225,0.29369640899461,both,1.9875212586839552e-12,True
asinh_saldo,12,11,-11,-12,0.31610900302239,0.316109003024166,both,1.776023772492863e-12,True
asinh_saldo,12,12,-11,-11,0.8111087775465484,0.81110877754904,both,2.4915625118637763e-12,True
asinh_saldo,12,13,-11,-10,0.534584537690979,0.534584537693299,both,2.319922032256727e-12,True
asinh_saldo,12,14,-11,-9,0.5211341745633428,0.521134174565665,both,2.32225350060844e-12,True
asinh_saldo,12,15,-11,-8,0.3979936722550992,0.397993672257179,both,2.079836303181537e-12,True
asinh_saldo,12,16,-11,-7,0.3640999782035036,0.364099978205593,both,2.0893842211933134e-12,True
asinh_saldo,12,17,-11,-6,0.3564263759906569,0.356426375992752,both,2.095101869770133e-12,True
asinh_saldo,12,18,-11,-5,0.369138495994616,0.369138495996703,both,2.0869972416903693e-12,True
asinh_saldo,12,19,-11,-4,0.4587583247803476,0.458758324782588,both,2.2403745525423346e-12,True
asinh_saldo,12,20,-11,-3,0.3937249399482121,0.393724939950411,both,2.198907722572585e-12,True
asinh_saldo,12,21,-11,-2,0.3231762704709126,0.323176270472761,both,1.848410313698423e-12,True
asinh_saldo,12,22,-11,0,0.3062489989250389,0.306248998926781,both,1.7421064590905644e-12,True
asinh_saldo,12,23,-11,1,0.5191260163310724,0.519126016333314,both,2.2416513090206536e-12,True
asinh_saldo,12,24,-11,2,0.4630761536593195,0.463076153661472,both,2.1525004001432535e-12,True
asinh_saldo,12,25,-11,3,0.4161605087655131,0.416160508767702,both,2.1889157153509586e-12,True
asinh_saldo,12,26,-11,4,0.4162079066927154,0.41620790669485,both,2.1346258094467885e-12,True
asinh_saldo,12,27,-11,5,0.3874366973207519,0.387436697322848,both,2.0961010704922955e-12,True
asinh_saldo,12,28,-11,6,0.4455447920405355,0.445544792042737,both,2.201516746680454e-12,True
asinh_saldo,12,29,-11,7,0.4139959623859557,0.413995962388097,both,2.1412871475945394e-12,True
asinh_saldo,12,30,-11,8,0.4171352041784926,0.417135204180697,both,2.2044033265444796e-12,True
asinh_saldo,12,31,-11,9,0.4314577218993061,0.431457721901525,both,2.218891737015838e-12,True
asinh_saldo,12,32,-11,10,0.3950715856919758,0.39507158569392,both,1.944167049572343e-12,True
asinh_saldo,12,33,-11,11,0.2629600053568257,0.262960005358606,both,1.7802981311376698e-12,True
asinh_saldo,12,34,-11,12,0.2809426600126281,0.280942660014279,both,1.6509016376176078e-12,True
asinh_saldo,12,35,-11,13,0.6209568778020133,0.620956877804314,both,2.300715173930712e-12,True
asinh_saldo,12,36,-11,14,0.457599737972588,0.457599737974732,both,2.144007194004871e-12,True
asinh_saldo,12,37,-11,15,0.4354003514191666,0.43540035142123,both,2.0634050024170847e-12,True
asinh_saldo,12,38,-11,16,0.4664508572773871,0.466450857279524,both,2.13690176664727e-12,True
asinh_saldo,12,39,-11,17,0.4230331623672362,0.423033162369269,both,2.0328183580886616e-12,True
asinh_saldo,12,40,-11,18,0.3877825679960445,0.387782567998029,both,1.9845236565174673e-12,True
asinh_saldo,12,41,-11,19,0.4007536109354482,0.400753610937466,both,2.0177748361049908e-12,True
asinh_saldo,12,42,-11,20,0.4106402780356515,0.410640278037563,both,1.911470981497132e-12,True
asinh_saldo,12,43,-11,21,0.455942839230202,0.455942839232332,both,2.129962872743363e-12,True
asinh_saldo,12,44,-11,22,0.3785044795682019,0.378504479569946,both,1.7441048605348897e-12,True
asinh_saldo,12,45,-11,23,0.2617706642172566,0.261770664218968,both,1.7114087924596788e-12,True
asinh_saldo,13,0,-10,-23,0.5190850356192483,0.51908503562162,both,2.3716584252042594e-12,True
asinh_saldo,13,1,-10,-22,0.4725162431810442,0.472516243183249,both,2.2047919046030984e-12,True
asinh_saldo,13,2,-10,-21,0.5196536596367454,0.519653659639083,both,2.3376856006507296e-12,True
asinh_saldo,13,3,-10,-20,0.4679817522725563,0.467981752274778,both,2.221722805728632e-12,True
asinh_saldo,13,4,-10,-19,0.4339102892470869,0.433910289249361,both,2.274069821339708e-12,True
asinh_saldo,13,5,-10,-18,0.4128438057151434,0.412843805717329,both,2.185585046277083e-12,True
asinh_saldo,13,6,-10,-17,0.3949983450289928,0.394998345031109,both,2.116196107238011e-12,True
asinh_saldo,13,7,-10,-16,0.3779760866754449,0.377976086677573,both,2.1280754936015e-12,True
asinh_saldo,13,8,-10,-15,0.3915232295934385,0.391523229595544,both,2.105482455050378e-12,True
asinh_saldo,13,9,-10,-14,0.3682890997209295,0.368289099722929,both,1.999511667349907e-12,True
asinh_saldo,13,10,-10,-13,0.3479469702381573,0.347946970240195,both,2.0377033393970123e-12,True
asinh_saldo,13,11,-10,-12,0.2776473946113898,0.277647394613153,both,1.7632006965584424e-12,True
asinh_saldo,13,12,-10,-11,0.5345845376909809,0.534584537693299,both,2.3180346531148643e-12,True
asinh_saldo,13,13,-10,-10,0.6746170777069396,0.674617077709368,both,2.428390821762605e-12,True
asinh_saldo,13,14,-10,-9,0.561111505856298,0.56111150585866,both,2.3619994848900205e-12,True
asinh_saldo,13,15,-10,-8,0.4211198403693319,0.42111984037144,both,2.1080914791582472e-12,True
asinh_saldo,13,16,-10,-7,0.4275810376681209,0.427581037670261,both,2.140121413418683e-12,True
asinh_saldo,13,17,-10,-6,0.4132550279872617,0.413255027989407,both,2.14528395048319e-12,True
asinh_saldo,13,18,-10,-5,0.3825258902272196,0.382525890229324,both,2.104372232025753e-12,True
asinh_saldo,13,19,-10,-4,0.4569122549567591,0.456912254959006,both,2.246924868387623e-12,True
asinh_saldo,13,20,-10,-3,0.4163995092429393,0.416399509245165,both,2.2257196086172826e-12,True
asinh_saldo,13,21,-10,-2,0.2902874886297346,0.290287488631569,both,1.834421503588146e-12,True
asinh_saldo,13,22,-10,0,0.2418653193711629,0.241865319372879,both,1.71609948473872e-12,True
asinh_saldo,13,23,-10,1,0.4900985682746684,0.4900985682769,both,2.231603790647796e-12,True
asinh_saldo,13,24,-10,2,0.4960032802786736,0.496003280280857,both,2.183420111379064e-12,True
asinh_saldo,13,25,-10,3,0.4904071405765744,0.490407140578821,both,2.2465918014802355e-12,True
asinh_saldo,13,26,-10,4,0.4542517671373296,0.454251767139501,both,2.171374191561881e-12,True
asinh_saldo,13,27,-10,5,0.4711691857005761,0.471169185702731,both,2.1548873796461976e-12,True
asinh_saldo,13,28,-10,6,0.4357869284455234,0.435786928447727,both,2.2035706592760107e-12,True
asinh_saldo,13,29,-10,7,0.4221368311931454,0.422136831195303,both,2.1576074260565292e-12,True
asinh_saldo,13,30,-10,8,0.5087739580884547,0.508773958090729,both,2.274291865944633e-12,True
asinh_saldo,13,31,-10,9,0.4716257612130824,0.471625761215337,both,2.2545854072575366e-12,True
asinh_saldo,13,32,-10,10,0.3964731639062611,0.396473163908215,both,1.9539370121890443e-12,True
asinh_saldo,13,33,-10,11,0.3414224016947329,0.34142240169657,both,1.8370860388472465e-12,True
asinh_saldo,13,34,-10,12,0.2266713151680358,0.226671315169659,both,1.6232015731532101e-12,True
asinh_saldo,13,35,-10,13,0.5492955278266801,0.549295527828952,both,2.271849375290458e-12,True
asinh_saldo,13,36,-10,14,0.5686915042411613,0.568691504243381,both,2.2196688931330755e-12,True
asinh_saldo,13,37,-10,15,0.5127200520037704,0.512720052005895,both,2.124633802225162e-12,True
asinh_saldo,13,38,-10,16,0.5166585740130342,0.516658574015212,both,2.177813485104707e-12,True
asinh_saldo,13,39,-10,17,0.4518354672268412,0.451835467228903,both,2.0617951790313782e-12,True
asinh_saldo,13,40,-10,18,0.4254517169102642,0.425451716912282,both,2.017830347256222e-12,True
asinh_saldo,13,41,-10,19,0.3994880382568569,0.399488038258885,both,2.0280999102340047e-12,True
asinh_saldo,13,42,-10,20,0.461391812611741,0.461391812613668,both,1.9270141038418842e-12,True
asinh_saldo,13,43,-10,21,0.4659272054615624,0.46592720546371,both,2.147615418834903e-12,True
asinh_saldo,13,44,-10,22,0.4048922907162159,0.404892290717976,both,1.760092072089492e-12,True
asinh_saldo,13,45,-10,23,0.3298726773003868,0.329872677302149,both,1.7622014958362797e-12,True
asinh_saldo,14,0,-9,-23,0.452228015635635,0.452228015637969,both,2.3340218646694666e-12,True
asinh_saldo,14,1,-9,-22,0.4282986195822516,0.428298619584438,both,2.1863622023943208e-12,True
asinh_saldo,14,2,-9,-21,0.5237827646743325,0.523782764676684,both,2.351563388458544e-12,True
asinh_saldo,14,3,-9,-20,0.4858857964028794,0.485885796405124,both,2.2446489111871415e-12,True
asinh_saldo,14,4,-9,-19,0.4317377527699935,0.431737752772277,both,2.283506717049022e-12,True
asinh_saldo,14,5,-9,-18,0.4270001190683361,0.427000119070543,both,2.206901328349886e-12,True
asinh_saldo,14,6,-9,-17,0.3572110617101996,0.357211061712302,both,2.1023738305814277e-12,True
asinh_saldo,14,7,-9,-16,0.4060291860991612,0.40602918610132,both,2.1587731602323856e-12,True
asinh_saldo,14,8,-9,-15,0.3701363557285697,0.370136355730671,both,2.1013191187080338e-12,True
asinh_saldo,14,9,-9,-14,0.3530211157919651,0.353021115793965,both,1.9999002454085257e-12,True
asinh_saldo,14,10,-9,-13,0.3757065469119759,0.375706546914044,both,2.0680679391205103e-12,True
asinh_saldo,14,11,-9,-12,0.2886365914111164,0.2886365914129,both,1.783573289060314e-12,True
asinh_saldo,14,12,-9,-11,0.5211341745633462,0.521134174565665,both,2.318811809232102e-12,True
asinh_saldo,14,13,-9,-10,0.5611115058562982,0.56111150585866,both,2.3617774402850955e-12,True
asinh_saldo,14,14,-9,-9,0.7117707680934546,0.711770768095931,both,2.4763524564264117e-12,True
asinh_saldo,14,15,-9,-8,0.4537956429480995,0.453795642950241,both,2.1415091921994645e-12,True
asinh_saldo,14,16,-9,-7,0.4465744613723489,0.446574461374513,both,2.1641022307505864e-12,True
asinh_saldo,14,17,-9,-6,0.402199219728606,0.402199219730754,both,2.1480039968935216e-12,True
asinh_saldo,14,18,-9,-5,0.4372997067751712,0.437299706777324,both,2.1527779558994098e-12,True
asinh_saldo,14,19,-9,-4,0.4831929870277275,0.483192987030004,both,2.2765123119938835e-12,True
asinh_saldo,14,20,-9,-3,0.4538552139846764,0.453855213986939,both,2.262634524186069e-12,True
asinh_saldo,14,21,-9,-2,0.2949722552156693,0.294972255217518,both,1.8487433806058107e-12,True
asinh_saldo,14,22,-9,0,0.2526488050667447,0.252648805068479,both,1.734279386766957e-12,True
asinh_saldo,14,23,-9,1,0.4875822001480025,0.487582200150243,both,2.240485574844797e-12,True
asinh_saldo,14,24,-9,2,0.4580113639496792,0.458011363951848,both,2.1688206786052433e-12,True
asinh_saldo,14,25,-9,3,0.4637186805832197,0.46371868058546,both,2.2403190413911034e-12,True
asinh_saldo,14,26,-9,4,0.4509886317957623,0.450988631797943,both,2.1807000649687325e-12,True
asinh_saldo,14,27,-9,5,0.4455059284081899,0.445505928410341,both,2.1510571102112408e-12,True
asinh_saldo,14,28,-9,6,0.4333435627927129,0.433343562794927,both,2.2140622668587184e-12,True
asinh_saldo,14,29,-9,7,0.4382509132097452,0.438250913211923,both,2.177813485104707e-12,True
asinh_saldo,14,30,-9,8,0.5141802265129515,0.514180226515242,both,2.2905011221041605e-12,True
asinh_saldo,14,31,-9,9,0.4610697423229198,0.461069742325179,both,2.259192832809731e-12,True
asinh_saldo,14,32,-9,10,0.3731016059031726,0.373101605905123,both,1.9503842985102438e-12,True
asinh_saldo,14,33,-9,11,0.3302492522429571,0.330249252244799,both,1.841915509004366e-12,True
asinh_saldo,14,34,-9,12,0.2418325465933643,0.24183254659501,both,1.6456835894018695e-12,True
asinh_saldo,14,35,-9,13,0.5279958355316203,0.527995835533889,both,2.268629728519045e-12,True
asinh_saldo,14,36,-9,14,0.4941891700959067,0.494189170098094,both,2.187305891965252e-12,True
asinh_saldo,14,37,-9,15,0.4755304657994934,0.475530465801604,both,2.110644992114885e-12,True
asinh_saldo,14,38,-9,16,0.4900945240352558,0.49009452403743,both,2.1742052602746753e-12,True
asinh_saldo,14,39,-9,17,0.4789208159104438,0.478920815912535,both,2.091216089183945e-12,True
asinh_saldo,14,40,-9,18,0.3984932931160757,0.398493293118089,both,2.01333394400649e-12,True
asinh_saldo,14,41,-9,19,0.4070006366163241,0.407000636618368,both,2.043920588334913e-12,True
asinh_saldo,14,42,-9,20,0.4691184399012732,0.469118439903211,both,1.9377832671807482e-12,True
asinh_saldo,14,43,-9,21,0.4833861479935614,0.483386147995729,both,2.1675994332781556e-12,True
asinh_saldo,14,44,-9,22,0.3715390616299604,0.371539061631731,both,1.7705836796721997e-12,True
asinh_saldo,14,45,-9,23,0.2874416091604792,0.287441609162229,both,1.7498225091117092e-12,True
asinh_saldo,15,0,-8,-23,0.3373788503017013,0.337378850303794,both,2.092714890267189e-12,True
asinh_saldo,15,1,-8,-22,0.3448730644701183,0.344873064472091,both,1.9726997813052094e-12,True
asinh_saldo,15,2,-8,-21,0.366541095231165,0.366541095233254,both,2.0889956431346945e-12,True
asinh_saldo,15,3,-8,-20,0.3404508262129578,0.340450826214948,both,1.9901857939430556e-12,True
asinh_saldo,15,4,-8,-19,0.3721906121911192,0.3721906121932,both,2.0807799927524684e-12,True
asinh_saldo,15,5,-8,-18,0.3703877942813237,0.370387794283335,both,2.011335542562165e-12,True
asinh_saldo,15,6,-8,-17,0.32906162882944,0.329061628831366,both,1.9260149031197216e-12,True
asinh_saldo,15,7,-8,-16,0.3277920884597441,0.327792088461693,both,1.9488854974269998e-12,True
asinh_saldo,15,8,-8,-15,0.2992162436226411,0.299216243624532,both,1.8908763443903354e-12,True
asinh_saldo,15,9,-8,-14,0.2804059444235935,0.280405944425382,both,1.788513781519896e-12,True
asinh_saldo,15,10,-8,-13,0.3408220854465833,0.340822085448466,both,1.8826606940081092e-12,True
asinh_saldo,15,11,-8,-12,0.2664411454812718,0.266441145482882,both,1.6102119637650958e-12,True
asinh_saldo,15,12,-8,-11,0.3979936722551006,0.397993672257179,both,2.0784485244007556e-12,True
asinh_saldo,15,13,-8,-10,0.4211198403693306,0.42111984037144,both,2.1094237467877974e-12,True
asinh_saldo,15,14,-8,-9,0.4537956429480977,0.453795642950241,both,2.1432855490388647e-12,True
asinh_saldo,15,15,-8,-8,0.5353618847220705,0.535361884724111,both,2.0404788969585752e-12,True
asinh_saldo,15,16,-8,-7,0.390586524628664,0.39058652463063,both,1.965982932006227e-12,True
asinh_saldo,15,17,-8,-6,0.3714152895461111,0.371415289548075,both,1.9639290194106707e-12,True
asinh_saldo,15,18,-8,-5,0.3775836830653566,0.377583683067308,both,1.9513834992324064e-12,True
asinh_saldo,15,19,-8,-4,0.4096952690300307,0.409695269032097,both,2.0663470934323414e-12,True
asinh_saldo,15,20,-8,-3,0.3813142266794356,0.381314226681484,both,2.048416991584645e-12,True
asinh_saldo,15,21,-8,-2,0.2788883338594266,0.278888333861103,both,1.6764367671839864e-12,True
asinh_saldo,15,22,-8,0,0.2385032069840842,0.238503206985641,both,1.5568102362806258e-12,True
asinh_saldo,15,23,-8,1,0.368988111537725,0.368988111539719,both,1.9940160633780124e-12,True
asinh_saldo,15,24,-8,2,0.3688484001786942,0.368848400180641,both,1.9468315848314433e-12,True
asinh_saldo,15,25,-8,3,0.3943969217124867,0.394396921714519,both,2.0323187577275803e-12,True
asinh_saldo,15,26,-8,4,0.4071575933331797,0.407157593335167,both,1.9872992140790302e-12,True
asinh_saldo,15,27,-8,5,0.4077838551364297,0.407783855138392,both,1.962319196024964e-12,True
asinh_saldo,15,28,-8,6,0.3641338384432896,0.364133838445296,both,2.006395050102583e-12,True
asinh_saldo,15,29,-8,7,0.3611032090818055,0.361103209083771,both,1.965538842796377e-12,True
asinh_saldo,15,30,-8,8,0.4534521208238201,0.453452120825908,both,2.0879409312613006e-12,True
asinh_saldo,15,31,-8,9,0.4032631017250905,0.40326310172715,both,2.0595192218308966e-12,True
asinh_saldo,15,32,-8,10,0.3361586274553732,0.336158627457149,both,1.7757462167367066e-12,True
asinh_saldo,15,33,-8,11,0.286535967580436,0.286535967582095,both,1.6590062656973714e-12,True
asinh_saldo,15,34,-8,12,0.238624958166123,0.238624958167616,both,1.4930001679402949e-12,True
asinh_saldo,15,35,-8,13,0.3984736694504882,0.398473669452525,both,2.036815160977312e-12,True
asinh_saldo,15,36,-8,14,0.3792899134131777,0.379289913415141,both,1.963318396747127e-12,True
asinh_saldo,15,37,-8,15,0.3947242320621839,0.394724232064091,both,1.907141111701094e-12,True
asinh_saldo,15,38,-8,16,0.4272641938025078,0.427264193804488,both,1.9801937867214292e-12,True
asinh_saldo,15,39,-8,17,0.3743674440553562,0.374367444057228,both,1.8717805083667827e-12,True
asinh_saldo,15,40,-8,18,0.3501002337692601,0.350100233771088,both,1.827926698894089e-12,True
asinh_saldo,15,41,-8,19,0.3369384874679499,0.336938487469796,both,1.8460788453467103e-12,True
asinh_saldo,15,42,-8,20,0.3941804711079864,0.394180471109744,both,1.7576495814353166e-12,True
asinh_saldo,15,43,-8,21,0.4468136497552072,0.44681364975719,both,1.9828028108292983e-12,True
asinh_saldo,15,44,-8,22,0.300605125684557,0.300605125686148,both,1.5910051054390806e-12,True
asinh_saldo,15,45,-8,23,0.2301339646097943,0.230133964611347,both,1.5527024110895127e-12,True
asinh_saldo,16,0,-7,-23,0.3530216512515947,0.353021651253732,both,2.13734585585712e-12,True
asinh_saldo,16,1,-7,-22,0.3400214440329433,0.340021444034949,both,2.0056734051365765e-12,True
asinh_saldo,16,2,-7,-21,0.3822591638824664,0.382259163884602,both,2.135625010168951e-12,True
asinh_saldo,16,3,-7,-20,0.3633773911622335,0.363377391164275,both,2.041478097680738e-12,True
asinh_saldo,16,4,-7,-19,0.4081439790733556,0.40814397907549,both,2.1344037648418634e-12,True
asinh_saldo,16,5,-7,-18,0.4104548918546691,0.410454891856737,both,2.0679014056668166e-12,True
asinh_saldo,16,6,-7,-17,0.3595129109150191,0.359512910916995,both,1.9759194280766224e-12,True
asinh_saldo,16,7,-7,-16,0.3670461283694233,0.367046128371427,both,2.0037305148434825e-12,True
asinh_saldo,16,8,-7,-15,0.3485203337549639,0.348520333756914,both,1.9501067427540875e-12,True
asinh_saldo,16,9,-7,-14,0.3158498938134695,0.315849893815307,both,1.8374746169058653e-12,True
asinh_saldo,16,10,-7,-13,0.3263391798177718,0.326339179819669,both,1.8972046156306988e-12,True
asinh_saldo,16,11,-7,-12,0.2237222178664601,0.223722217868064,both,1.603911448100348e-12,True
asinh_saldo,16,12,-7,-11,0.3640999782035037,0.364099978205593,both,2.089273198890851e-12,True
asinh_saldo,16,13,-7,-10,0.4275810376681191,0.427581037670261,both,2.1418977702580833e-12,True
asinh_saldo,16,14,-7,-9,0.4465744613723468,0.446574461374513,both,2.166211654497374e-12,True
asinh_saldo,16,15,-7,-8,0.3905865246286641,0.39058652463063,both,1.9658719097037647e-12,True
asinh_saldo,16,16,-7,-7,0.5065050692832958,0.506505069285366,both,2.0702328740185294e-12,True
asinh_saldo,16,17,-7,-6,0.3813658401428504,0.381365840144843,both,1.9925727734459997e-12,True
asinh_saldo,16,18,-7,-5,0.3926563165146766,0.39265631651666,both,1.983413433492842e-12,True
asinh_saldo,16,19,-7,-4,0.4357840014217641,0.43578400142387,both,2.105926544260228e-12,True
asinh_saldo,16,20,-7,-3,0.4086094345603027,0.408609434562391,both,2.0883295093199195e-12,True
asinh_saldo,16,21,-7,-2,0.2758606978598014,0.2758606978615,both,1.6986412276764895e-12,True
asinh_saldo,16,22,-7,0,0.1886131194665473,0.188613119468096,both,1.5487056082008621e-12,True
asinh_saldo,16,23,-7,1,0.3492049530406804,0.349204953042687,both,2.006617094707508e-12,True
asinh_saldo,16,24,-7,2,0.3321595634932256,0.332159563495166,both,1.9403922912886173e-12,True
asinh_saldo,16,25,-7,3,0.3703145113356933,0.370314511337719,both,2.0256574195798294e-12,True
asinh_saldo,16,26,-7,4,0.3325372890031267,0.332537289005074,both,1.9473311851925246e-12,True
asinh_saldo,16,27,-7,5,0.3659189290830305,0.365918929084979,both,1.9485524305196122e-12,True
asinh_saldo,16,28,-7,6,0.3780735171241696,0.3780735171262,both,2.0304313785857175e-12,True
asinh_saldo,16,29,-7,7,0.363270894120641,0.363270894122621,both,1.979971742116504e-12,True
asinh_saldo,16,30,-7,8,0.4160365921011091,0.416036592103185,both,2.0758950114441177e-12,True
asinh_saldo,16,31,-7,9,0.3800657030042065,0.380065703006267,both,2.0605184225530593e-12,True
asinh_saldo,16,32,-7,10,0.3055699889896388,0.305569988991412,both,1.7732482149313e-12,True
asinh_saldo,16,33,-7,11,0.2555552813697792,0.255555281371434,both,1.654842929355027e-12,True
asinh_saldo,16,34,-7,12,0.149487666648613,0.149487666650068,both,1.455002784922499e-12,True
asinh_saldo,16,35,-7,13,0.3522999125220586,0.352299912524096,both,2.0373702724896248e-12,True
asinh_saldo,16,36,-7,14,0.3613280756714165,0.361328075673389,both,1.9724777367002844e-12,True
asinh_saldo,16,37,-7,15,0.3600834847632155,0.360083484765115,both,1.8994805728311803e-12,True
asinh_saldo,16,38,-7,16,0.3819437946438264,0.381943794645795,both,1.9685919561140963e-12,True
asinh_saldo,16,39,-7,17,0.356750874453474,0.356750874455349,both,1.8750001551381956e-12,True
asinh_saldo,16,40,-7,18,0.3416128985347456,0.341612898536587,both,1.8414159086432846e-12,True
asinh_saldo,16,41,-7,19,0.3448292949280996,0.344829294929969,both,1.8693935288638386e-12,True
asinh_saldo,16,42,-7,20,0.3525467992041298,0.352546799205902,both,1.7721935030579061e-12,True
asinh_saldo,16,43,-7,21,0.377340098229674,0.377340098231636,both,1.9619861291175766e-12,True
asinh_saldo,16,44,-7,22,0.2964762698768014,0.296476269878408,both,1.606603738935064e-12,True
asinh_saldo,16,45,-7,23,0.2059551435877024,0.20595514358926,both,1.557615147973479e-12,True
asinh_saldo,17,0,-6,-23,0.3823999544181283,0.3823999544203,both,2.1717072584692687e-12,True
asinh_saldo,17,1,-6,-22,0.3647366355619301,0.364736635563962,both,2.0319301796689615e-12,True
asinh_saldo,17,2,-6,-21,0.3844871413607247,0.384487141362873,both,2.148281552649678e-12,True
asinh_saldo,17,3,-6,-20,0.3395241191053467,0.33952411910738,both,2.033317958449743e-12,True
asinh_saldo,17,4,-6,-19,0.4041264563855877,0.404126456387732,both,2.1442847497610273e-12,True
asinh_saldo,17,5,-6,-18,0.4187436035940058,0.418743603596092,both,2.0861645744219004e-12,True
asinh_saldo,17,6,-6,-17,0.4059595877526253,0.405959587754644,both,2.018718525675922e-12,True
asinh_saldo,17,7,-6,-16,0.3800686402146974,0.38006864021672,both,2.02260430626211e-12,True
asinh_saldo,17,8,-6,-15,0.3602822441522683,0.360282244154239,both,1.970701379860884e-12,True
asinh_saldo,17,9,-6,-14,0.3457840317156282,0.345784031717498,both,1.8697821069224574e-12,True
asinh_saldo,17,10,-6,-13,0.3362600602312542,0.336260060233168,both,1.913802449848845e-12,True
asinh_saldo,17,11,-6,-12,0.2453999619098211,0.245399961911449,both,1.6278922654322514e-12,True
asinh_saldo,17,12,-6,-11,0.3564263759906576,0.356426375992752,both,2.094435735955358e-12,True
asinh_saldo,17,13,-6,-10,0.4132550279872603,0.413255027989407,both,2.1466717292639714e-12,True
asinh_saldo,17,14,-6,-9,0.402199219728604,0.402199219730754,both,2.150002398337847e-12,True
asinh_saldo,17,15,-6,-8,0.3714152895461114,0.371415289548075,both,1.963595952503283e-12,True
asinh_saldo,17,16,-6,-7,0.3813658401428505,0.381365840144843,both,1.992461751143537e-12,True
asinh_saldo,17,17,-6,-6,0.5071679204447971,0.507167920446894,both,2.096878226609533e-12,True
asinh_saldo,17,18,-6,-5,0.4044694173503992,0.404469417352405,both,2.005784427439039e-12,True
asinh_saldo,17,19,-6,-4,0.4059627903441463,0.405962790346246,both,2.0997092953223273e-12,True
asinh_saldo,17,20,-6,-3,0.3859120671153837,0.385912067117468,both,2.084332706431269e-12,True
asinh_saldo,17,21,-6,-2,0.3042045282192878,0.30420452822101,both,1.722233466949774e-12,True
asinh_saldo,17,22,-6,0,0.2187422123132869,0.218742212314863,both,1.5761003613334879e-12,True
asinh_saldo,17,23,-6,1,0.3663644855794429,0.366364485581471,both,2.0280999102340047e-12,True
asinh_saldo,17,24,-6,2,0.3680141950488951,0.368014195050876,both,1.9809154316874356e-12,True
asinh_saldo,17,25,-6,3,0.4186150158137233,0.418615015815807,both,2.083722083767725e-12,True
asinh_saldo,17,26,-6,4,0.3509519209879204,0.350951920989903,both,1.9826362773756045e-12,True
asinh_saldo,17,27,-6,5,0.3743060084020798,0.374306008404059,both,1.9791945859992666e-12,True
asinh_saldo,17,28,-6,6,0.3920934770894534,0.392093477091517,both,2.0635715358707785e-12,True
asinh_saldo,17,29,-6,7,0.3612745171791711,0.361274517181174,both,2.0028978475750137e-12,True
asinh_saldo,17,30,-6,8,0.4240199949413334,0.424019994943438,both,2.104594276630678e-12,True
asinh_saldo,17,31,-6,9,0.4198869481983693,0.419886948200481,both,2.111699703988279e-12,True
asinh_saldo,17,32,-6,10,0.3564797599660871,0.356479759967913,both,1.8258727862985324e-12,True
asinh_saldo,17,33,-6,11,0.3214354161969618,0.321435416198676,both,1.7141843500212417e-12,True
asinh_saldo,17,34,-6,12,0.1936366529808372,0.193636652982331,both,1.4937773240575325e-12,True
asinh_saldo,17,35,-6,13,0.4075050596577171,0.40750505965981,both,2.0928814237208826e-12,True
asinh_saldo,17,36,-6,14,0.4117828324062483,0.411782832408277,both,2.0287105328975485e-12,True
asinh_saldo,17,37,-6,15,0.4061069451741937,0.406106945176148,both,1.954270079096432e-12,True
asinh_saldo,17,38,-6,16,0.3878295270103495,0.387829527012349,both,1.999511667349907e-12,True
asinh_saldo,17,39,-6,17,0.3717570237076152,0.371757023709523,both,1.907807245515869e-12,True
asinh_saldo,17,40,-6,18,0.393864920629189,0.393864920631085,both,1.8960388814548423e-12,True
asinh_saldo,17,41,-6,19,0.3659577369305187,0.36595773693242,both,1.901312440821812e-12,True
asinh_saldo,17,42,-6,20,0.4395597339056569,0.439559733907458,both,1.8011148128493915e-12,True
asinh_saldo,17,43,-6,21,0.397733137662901,0.397733137664897,both,1.9959589536711064e-12,True
asinh_saldo,17,44,-6,22,0.3465028252560076,0.346502825257641,both,1.6333601138285303e-12,True
asinh_saldo,17,45,-6,23,0.295228150909971,0.295228150911597,both,1.625977130714773e-12,True
asinh_saldo,18,0,-5,-23,0.4027156327869553,0.402715632789127,both,2.1716517473180375e-12,True
asinh_saldo,18,1,-5,-22,0.3499266779772341,0.349926677979242,both,2.007893851185827e-12,True
asinh_saldo,18,2,-5,-21,0.3794227888449888,0.379422788847119,both,2.130184917348288e-12,True
asinh_saldo,18,3,-5,-20,0.3315081677120904,0.331508167714105,both,2.014610700484809e-12,True
asinh_saldo,18,4,-5,-19,0.3850019738201478,0.385001973822264,both,2.116196107238011e-12,True
asinh_saldo,18,5,-5,-18,0.3978563488882261,0.397856348890281,both,2.0549117962787022e-12,True
asinh_saldo,18,6,-5,-17,0.3995937022887206,0.39959370229072,both,1.9994006450474444e-12,True
asinh_saldo,18,7,-5,-16,0.3685401273687218,0.368540127370723,both,2.0011770018868447e-12,True
asinh_saldo,18,8,-5,-15,0.3535655105220592,0.353565510524011,both,1.951772077291025e-12,True
asinh_saldo,18,9,-5,-14,0.3499742254820304,0.349974225483891,both,1.8606227669693e-12,True
asinh_saldo,18,10,-5,-13,0.3221996962239786,0.322199696225872,both,1.8934298573469732e-12,True
asinh_saldo,18,11,-5,-12,0.2741566006008922,0.274156600602526,both,1.6338042030383804e-12,True
asinh_saldo,18,12,-5,-11,0.3691384959946155,0.369138495996703,both,2.0874968420514506e-12,True
asinh_saldo,18,13,-5,-10,0.382525890227217,0.382525890229324,both,2.106981256133622e-12,True
asinh_saldo,18,14,-5,-9,0.4372997067751683,0.437299706777324,both,2.1557200469146665e-12,True
asinh_saldo,18,15,-5,-8,0.3775836830653555,0.377583683067308,both,1.9524937222570315e-12,True
asinh_saldo,18,16,-5,-7,0.3926563165146763,0.39265631651666,both,1.9836909892489984e-12,True
asinh_saldo,18,17,-5,-6,0.4044694173503984,0.404469417352405,both,2.006617094707508e-12,True
asinh_saldo,18,18,-5,-5,0.5591408317205179,0.559140831722606,both,2.0881074647149944e-12,True
asinh_saldo,18,19,-5,-4,0.4448697544878484,0.444869754489953,both,2.104594276630678e-12,True
asinh_saldo,18,20,-5,-3,0.3965392461404995,0.396539246142576,both,2.0765056341076615e-12,True
asinh_saldo,18,21,-5,-2,0.2411404818623897,0.241140481864057,both,1.6673051828064445e-12,True
asinh_saldo,18,22,-5,0,0.240719431285133,0.240719431286708,both,1.5749901383088627e-12,True
asinh_saldo,18,23,-5,1,0.3558841083235317,0.35588410832554,both,2.008337940395677e-12,True
asinh_saldo,18,24,-5,2,0.3533583565073698,0.353358356509316,both,1.9462209621678994e-12,True
asinh_saldo,18,25,-5,3,0.4102323230728913,0.410232323074937,both,2.0456969451743134e-12,True
asinh_saldo,18,26,-5,4,0.372253968388506,0.372253968390477,both,1.9709789356170404e-12,True
asinh_saldo,18,27,-5,5,0.3734874495270515,0.373487449529001,both,1.9494961200905436e-12,True
asinh_saldo,18,28,-5,6,0.4203284643705953,0.420328464372647,both,2.0516921495072893e-12,True
asinh_saldo,18,29,-5,7,0.4418768256275462,0.441876825629567,both,2.0207724382714787e-12,True
asinh_saldo,18,30,-5,8,0.4647422865384626,0.464742286540563,both,2.1003754291371024e-12,True
asinh_saldo,18,31,-5,9,0.4220723386680775,0.422072338670159,both,2.0815016377184747e-12,True
asinh_saldo,18,32,-5,10,0.3423716008712513,0.342371600873042,both,1.7907342275691462e-12,True
asinh_saldo,18,33,-5,11,0.3212383913840645,0.321238391385754,both,1.689481887723332e-12,True
asinh_saldo,18,34,-5,12,0.2539596233640219,0.253959623365539,both,1.5171197631502764e-12,True
asinh_saldo,18,35,-5,13,0.4070288837920522,0.407028883794117,both,2.064792781197866e-12,True
asinh_saldo,18,36,-5,14,0.3984625240163538,0.398462524018344,both,1.9901857939430556e-12,True
asinh_saldo,18,37,-5,15,0.4289292634849843,0.428929263486922,both,1.937727756029517e-12,True
asinh_saldo,18,38,-5,16,0.425318869521386,0.425318869523375,both,1.989020059767199e-12,True
asinh_saldo,18,39,-5,17,0.4179209238540485,0.417920923855956,both,1.9074741786084815e-12,True
asinh_saldo,18,40,-5,18,0.4104948273986528,0.410494827400528,both,1.8752221997431207e-12,True
asinh_saldo,18,41,-5,19,0.4319703633041908,0.431970363306106,both,1.9151902286296263e-12,True
asinh_saldo,18,42,-5,20,0.406517000377348,0.406517000379123,both,1.774969060619469e-12,True
asinh_saldo,18,43,-5,21,0.4382904937200216,0.438290493722013,both,1.9914070392701433e-12,True
asinh_saldo,18,44,-5,22,0.347195856160566,0.347195856162176,both,1.610045430311402e-12,True
asinh_saldo,18,45,-5,23,0.310461085862537,0.310461085864149,both,1.611988320604496e-12,True
asinh_saldo,19,0,-4,-23,0.406483786400959,0.406483786403225,both,2.2660207044111758e-12,True
asinh_saldo,19,1,-4,-22,0.3742976740668013,0.374297674068918,both,2.1166957075990922e-12,True
asinh_saldo,19,2,-4,-21,0.4294907385005611,0.429490738502817,both,2.255917674887087e-12,True
asinh_saldo,19,3,-4,-20,0.3622108445455442,0.362210844547673,both,2.1287971385675064e-12,True
asinh_saldo,19,4,-4,-19,0.4346419110174489,0.434641911019693,both,2.244093799674829e-12,True
asinh_saldo,19,5,-4,-18,0.4444567278661906,0.44445672786837,both,2.1793677973391823e-12,True
asinh_saldo,19,6,-4,-17,0.3948543350368613,0.39485433503895,both,2.0887180873785383e-12,True
asinh_saldo,19,7,-4,-16,0.4153167372998202,0.415316737301946,both,2.1257995364010185e-12,True
asinh_saldo,19,8,-4,-15,0.4300825474994825,0.430082547501581,both,2.0984880499952396e-12,True
asinh_saldo,19,9,-4,-14,0.3626028009600873,0.36260280096205,both,1.962707774083583e-12,True
asinh_saldo,19,10,-4,-13,0.3866747570748733,0.386674757076904,both,2.030708934341874e-12,True
asinh_saldo,19,11,-4,-12,0.2686425820196473,0.26864258202137,both,1.7226775561596241e-12,True
asinh_saldo,19,12,-4,-11,0.4587583247803468,0.458758324782588,both,2.2412072198108035e-12,True
asinh_saldo,19,13,-4,-10,0.4569122549567561,0.456912254959006,both,2.249922470554111e-12,True
asinh_saldo,19,14,-4,-9,0.4831929870277247,0.483192987030004,both,2.2793433807066776e-12,True
asinh_saldo,19,15,-4,-8,0.4096952690300297,0.409695269032097,both,2.067346294154504e-12,True
asinh_saldo,19,16,-4,-7,0.4357840014217635,0.43578400142387,both,2.106537166923772e-12,True
asinh_saldo,19,17,-4,-6,0.4059627903441455,0.405962790346246,both,2.100486451439565e-12,True
asinh_saldo,19,18,-4,-5,0.4448697544878485,0.444869754489953,both,2.1044832543282155e-12,True
asinh_saldo,19,19,-4,-4,0.6078899110366418,0.607889911038951,both,2.309152868917863e-12,True
asinh_saldo,19,20,-4,-3,0.4745557720501744,0.474555772052399,both,2.2246093855926574e-12,True
asinh_saldo,19,21,-4,-2,0.3065545071229468,0.306554507124752,both,1.8052226380405045e-12,True
asinh_saldo,19,22,-4,0,0.2522052430470388,0.252205243048716,both,1.677213923301224e-12,True
asinh_saldo,19,23,-4,1,0.3965060630963313,0.39650606309846,both,2.128686116265044e-12,True
asinh_saldo,19,24,-4,2,0.398211171262642,0.398211171264712,both,2.0700108294136044e-12,True
asinh_saldo,19,25,-4,3,0.466592283396129,0.466592283398305,both,2.1759816171140756e-12,True
asinh_saldo,19,26,-4,4,0.4047682518224796,0.404768251824567,both,2.087385819748988e-12,True
asinh_saldo,19,27,-4,5,0.4397015035505008,0.439701503552583,both,2.08216777153325e-12,True
asinh_saldo,19,28,-4,6,0.4326205851017873,0.432620585103939,both,2.151723244026016e-12,True
asinh_saldo,19,29,-4,7,0.4543241734198353,0.45432417342196,both,2.1247448245276246e-12,True
asinh_saldo,19,30,-4,8,0.4881026223006576,0.488102622302867,both,2.2093993301552928e-12,True
asinh_saldo,19,31,-4,9,0.461857066637761,0.461857066639962,both,2.201017146319373e-12,True
asinh_saldo,19,32,-4,10,0.3931688848435165,0.393168884845428,both,1.9115264926483633e-12,True
asinh_saldo,19,33,-4,11,0.3216569764751855,0.321656976476967,both,1.7815193764647574e-12,True
asinh_saldo,19,34,-4,12,0.237021826764798,0.237021826766392,both,1.5940027076055685e-12,True
asinh_saldo,19,35,-4,13,0.4567126977858589,0.456712697788044,both,2.185140957067233e-12,True
asinh_saldo,19,36,-4,14,0.4107628023847893,0.410762802386878,both,2.0887180873785383e-12,True
asinh_saldo,19,37,-4,15,0.4329916786666145,0.432991678668643,both,2.0285439994438548e-12,True
asinh_saldo,19,38,-4,16,0.4667351161974903,0.466735116199594,both,2.103706098210978e-12,True
asinh_saldo,19,39,-4,17,0.4292002777134641,0.429200277715468,both,2.0038970482971763e-12,True
asinh_saldo,19,40,-4,18,0.3969974180545705,0.39699741805653,both,1.95948812731217e-12,True
asinh_saldo,19,41,-4,19,0.421578285153759,0.42157828515576,both,2.001010468433151e-12,True
asinh_saldo,19,42,-4,20,0.4690889048590795,0.469088904860956,both,1.8764989562214396e-12,True
asinh_saldo,19,43,-4,21,0.4732406280405016,0.473240628042609,both,2.107425345343472e-12,True
asinh_saldo,19,44,-4,22,0.3665205933660235,0.366520593367736,both,1.712519015484304e-12,True
asinh_saldo,19,45,-4,23,0.2683886545808631,0.268388654582547,both,1.6839307726002062e-12,True
asinh_saldo,20,0,-3,-23,0.3846733729706119,0.384673372972862,both,2.250144515159036e-12,True
asinh_saldo,20,1,-3,-22,0.356102044785112,0.356102044787216,both,2.1040391651183654e-12,True
asinh_saldo,20,2,-3,-21,0.4145549764258715,0.41455497642812,both,2.2484791806220983e-12,True
asinh_saldo,20,3,-3,-20,0.3520324499915376,0.352032449993658,both,2.1204149547315865e-12,True
asinh_saldo,20,4,-3,-19,0.4136918530048981,0.413691853007126,both,2.227940054666533e-12,True
asinh_saldo,20,5,-3,-18,0.4193856574681074,0.419385657470273,both,2.1656010318338303e-12,True
asinh_saldo,20,6,-3,-17,0.3644156855026776,0.364415685504746,both,2.068401006027898e-12,True
asinh_saldo,20,7,-3,-16,0.4311755798983067,0.431175579900444,both,2.137290344705889e-12,True
asinh_saldo,20,8,-3,-15,0.3982946612639566,0.398294661266033,both,2.0764501229564303e-12,True
asinh_saldo,20,9,-3,-14,0.3283877647327168,0.328387764734652,both,1.935174243072879e-12,True
asinh_saldo,20,10,-3,-13,0.3386411640524207,0.338641164054414,both,1.9933499295632373e-12,True
asinh_saldo,20,11,-3,-12,0.2535069118069994,0.253506911808713,both,1.7135737273576979e-12,True
asinh_saldo,20,12,-3,-11,0.3937249399482118,0.393724939950411,both,2.1992407894799726e-12,True
asinh_saldo,20,13,-3,-10,0.4163995092429365,0.416399509245165,both,2.2284951661788455e-12,True
asinh_saldo,20,14,-3,-9,0.453855213984674,0.453855213986939,both,2.265021503689013e-12,True
asinh_saldo,20,15,-3,-8,0.381314226679435,0.381314226681484,both,2.049027614248189e-12,True
asinh_saldo,20,16,-3,-7,0.4086094345603019,0.408609434562391,both,2.089106665437157e-12,True
asinh_saldo,20,17,-3,-6,0.3859120671153829,0.385912067117468,both,2.0851098625485065e-12,True
asinh_saldo,20,18,-3,-5,0.3965392461404993,0.396539246142576,both,2.0767276787125866e-12,True
asinh_saldo,20,19,-3,-4,0.4745557720501746,0.474555772052399,both,2.2244428521389636e-12,True
asinh_saldo,20,20,-3,-3,0.6205291655486789,0.620529165551008,both,2.329136883361116e-12,True
asinh_saldo,20,21,-3,-2,0.3077664363939476,0.30776643639575,both,1.8024470804789416e-12,True
asinh_saldo,20,22,-3,0,0.2208051502073951,0.22080515020905,both,1.6548984405062583e-12,True
asinh_saldo,20,23,-3,1,0.3551001480208681,0.355100148022965,both,2.0969337377607644e-12,True
asinh_saldo,20,24,-3,2,0.3552702748180869,0.355270274820135,both,2.0481394358284888e-12,True
asinh_saldo,20,25,-3,3,0.4380212568825165,0.43802125688469,both,2.1735391264599002e-12,True
asinh_saldo,20,26,-3,4,0.3930049619964106,0.393004961998499,both,2.0883850204711507e-12,True
asinh_saldo,20,27,-3,5,0.4048058164114358,0.404805816413509,both,2.073174965033786e-12,True
asinh_saldo,20,28,-3,6,0.4221608262735847,0.422160826275746,both,2.1613266731890235e-12,True
asinh_saldo,20,29,-3,7,0.4138382426751471,0.413838242677258,both,2.11086703671981e-12,True
asinh_saldo,20,30,-3,8,0.4367049653835476,0.436704965385739,both,2.1914137171563652e-12,True
asinh_saldo,20,31,-3,9,0.4573254554600314,0.457325455462247,both,2.2156165790931936e-12,True
asinh_saldo,20,32,-3,10,0.3293217598269566,0.32932175982884,both,1.8833823389741156e-12,True
asinh_saldo,20,33,-3,11,0.2895917223132197,0.289591722314991,both,1.7712498134869747e-12,True
asinh_saldo,20,34,-3,12,0.2340534377355962,0.234053437737194,both,1.5978052214649097e-12,True
asinh_saldo,20,35,-3,13,0.3924979180818839,0.392497918084043,both,2.159106227139773e-12,True
asinh_saldo,20,36,-3,14,0.3762919446419719,0.376291944644056,both,2.084110661826344e-12,True
asinh_saldo,20,37,-3,15,0.4275415797302783,0.427541579732323,both,2.044697744452151e-12,True
asinh_saldo,20,38,-3,16,0.4389603931689764,0.438960393171082,both,2.1055934773528406e-12,True
asinh_saldo,20,39,-3,17,0.4377532293031225,0.437753229305151,both,2.0284884882926235e-12,True
asinh_saldo,20,40,-3,18,0.3498048472968928,0.349804847298839,both,1.946165451016668e-12,True
asinh_saldo,20,41,-3,19,0.3838874061198531,0.383887406121842,both,1.9889090374647367e-12,True
asinh_saldo,20,42,-3,20,0.4285001097045084,0.428500109706394,both,1.885602785023366e-12,True
asinh_saldo,20,43,-3,21,0.4090576886773094,0.409057688679393,both,2.0836110614652625e-12,True
asinh_saldo,20,44,-3,22,0.279315261366825,0.27931526136854,both,1.7150170172897106e-12,True
asinh_saldo,20,45,-3,23,0.238061298344636,0.23806129834631,both,1.6740220321054267e-12,True
asinh_saldo,21,0,-2,-23,0.2823151316194046,0.282315131621276,both,1.871447441459395e-12,True
asinh_saldo,21,1,-2,-22,0.2678389297355026,0.267838929737246,both,1.7433832155688833e-12,True
asinh_saldo,21,2,-2,-21,0.2972436188994243,0.297243618901289,both,1.8646750810091817e-12,True
asinh_saldo,21,3,-2,-20,0.2964840513820375,0.296484051383819,both,1.7815193764647574e-12,True
asinh_saldo,21,4,-2,-19,0.2886704473098935,0.288670447311728,both,1.8344770147393774e-12,True
asinh_saldo,21,5,-2,-18,0.2891839498909623,0.289183949892735,both,1.7726931034189874e-12,True
asinh_saldo,21,6,-2,-17,0.274901703288029,0.274901703289735,both,1.7060242107902468e-12,True
asinh_saldo,21,7,-2,-16,0.3123478531330451,0.312347853134799,both,1.7539303343028223e-12,True
asinh_saldo,21,8,-2,-15,0.2853519208260647,0.285351920827754,both,1.6893153542696382e-12,True
asinh_saldo,21,9,-2,-14,0.2595995755038528,0.259599575505435,both,1.5821788323933106e-12,True
asinh_saldo,21,10,-2,-13,0.2752941142668841,0.27529411426853,both,1.6459056340067946e-12,True
asinh_saldo,21,11,-2,-12,0.2300970728684646,0.23009707286986,both,1.3954115640757436e-12,True
asinh_saldo,21,12,-2,-11,0.3231762704709134,0.323176270472761,both,1.8475776464299543e-12,True
asinh_saldo,21,13,-2,-10,0.2902874886297331,0.290287488631569,both,1.83592030467139e-12,True
asinh_saldo,21,14,-2,-9,0.2949722552156679,0.294972255217518,both,1.850131159386592e-12,True
asinh_saldo,21,15,-2,-8,0.2788883338594272,0.278888333861103,both,1.6758261445204425e-12,True
asinh_saldo,21,16,-2,-7,0.2758606978598024,0.2758606978615,both,1.6976420269543269e-12,True
asinh_saldo,21,17,-2,-6,0.304204528219288,0.30420452822101,both,1.722011422344849e-12,True
asinh_saldo,21,18,-2,-5,0.2411404818623909,0.241140481864057,both,1.6661116930549724e-12,True
asinh_saldo,21,19,-2,-4,0.3065545071229482,0.306554507124752,both,1.803834859259723e-12,True
asinh_saldo,21,20,-2,-3,0.3077664363939493,0.30776643639575,both,1.8007262347907727e-12,True
asinh_saldo,21,21,-2,-2,0.4264613808134353,0.426461380815023,both,1.5876744363652051e-12,True
asinh_saldo,21,22,-2,0,0.195927546361302,0.195927546362635,both,1.3330170300918098e-12,True
asinh_saldo,21,23,-2,1,0.2774814655524499,0.277481465554189,both,1.7391088569240765e-12,True
asinh_saldo,21,24,-2,2,0.2795800994302718,0.279580099431962,both,1.6902035326893383e-12,True
asinh_saldo,21,25,-2,3,0.2951496145215313,0.295149614523292,both,1.7607026947530358e-12,True
asinh_saldo,21,26,-2,4,0.269250644419084,0.26925064442077,both,1.686040196346994e-12,True
asinh_saldo,21,27,-2,5,0.2735417924058429,0.273541792407517,both,1.6741052988322735e-12,True
asinh_saldo,21,28,-2,6,0.2886211587980666,0.288621158799822,both,1.755373624234835e-12,True
asinh_saldo,21,29,-2,7,0.2554111167210189,0.255411116722716,both,1.6970869154420143e-12,True
asinh_saldo,21,30,-2,8,0.3110439257435389,0.311043925745329,both,1.7901236049056024e-12,True
asinh_saldo,21,31,-2,9,0.3681540734940441,0.368154073495882,both,1.837863194964484e-12,True
asinh_saldo,21,32,-2,10,0.3158701749617307,0.315870174963308,both,1.5772938510849599e-12,True
asinh_saldo,21,33,-2,11,0.2803405411067827,0.280340541108243,both,1.4603318554406997e-12,True
asinh_saldo,21,34,-2,12,0.1821083697956009,0.182108369796875,both,1.2740919430598296e-12,True
asinh_saldo,21,35,-2,13,0.3196293213926123,0.31962932139442,both,1.8077206398459111e-12,True
asinh_saldo,21,36,-2,14,0.3094350352844002,0.309435035286132,both,1.7317813849615504e-12,True
asinh_saldo,21,37,-2,15,0.2677268053569052,0.267726805358538,both,1.6328050023162177e-12,True
asinh_saldo,21,38,-2,16,0.2662712022327198,0.266271202234411,both,1.691202733411501e-12,True
asinh_saldo,21,39,-2,17,0.2485319386923596,0.248531938693958,both,1.5984158441284535e-12,True
asinh_saldo,21,40,-2,18,0.2782824549582689,0.278282454959861,both,1.5920598173124745e-12,True
asinh_saldo,21,41,-2,19,0.2483150632371671,0.248315063238769,both,1.6019130466560227e-12,True
asinh_saldo,21,42,-2,20,0.3154894654985024,0.315489465500042,both,1.5396017793989358e-12,True
asinh_saldo,21,43,-2,21,0.2958597618714043,0.295859761873104,both,1.6996959395498834e-12,True
asinh_saldo,21,44,-2,22,0.272782735306652,0.272782735308027,both,1.3750112159982564e-12,True
asinh_saldo,21,45,-2,23,0.2143101084648329,0.214310108466179,both,1.3461176617823867e-12,True
asinh_saldo,22,0,0,-23,0.2760490463670672,0.276049046368847,both,1.7797985307765884e-12,True
asinh_saldo,22,1,0,-22,0.1917949111052072,0.191794911106811,both,1.6038004257978855e-12,True
asinh_saldo,22,2,0,-21,0.2218710869652982,0.221871086967025,both,1.7268131369263529e-12,True
asinh_saldo,22,3,0,-20,0.2364327126853781,0.236432712687028,both,1.6499024368954451e-12,True
asinh_saldo,22,4,0,-19,0.2386148125534218,0.238614812555134,both,1.712213704152532e-12,True
asinh_saldo,22,5,0,-18,0.2741923763812195,0.274192376382887,both,1.6674994718357539e-12,True
asinh_saldo,22,6,0,-17,0.2538091750689073,0.253809175070504,both,1.5966672428646689e-12,True
asinh_saldo,22,7,0,-16,0.2641607075104431,0.264160707512068,both,1.6248669076901479e-12,True
asinh_saldo,22,8,0,-15,0.241418223458508,0.241418223460077,both,1.5689949339758869e-12,True
asinh_saldo,22,9,0,-14,0.2095240260111739,0.209524026012634,both,1.4601098108357746e-12,True
asinh_saldo,22,10,0,-13,0.2341186132507488,0.234118613252276,both,1.5271950370987497e-12,True
asinh_saldo,22,11,0,-12,0.4752672006522633,0.475267200653705,both,1.441680108626997e-12,True
asinh_saldo,22,12,0,-11,0.306248998925042,0.306248998926781,both,1.738997834621614e-12,True
asinh_saldo,22,13,0,-10,0.2418653193711636,0.241865319372879,both,1.7154055953483294e-12,True
asinh_saldo,22,14,0,-9,0.2526488050667451,0.252648805068479,both,1.7338908087083382e-12,True
asinh_saldo,22,15,0,-8,0.2385032069840862,0.238503206985641,both,1.5548118348363005e-12,True
asinh_saldo,22,16,0,-7,0.1886131194665509,0.188613119468096,both,1.5450973833708304e-12,True
asinh_saldo,22,17,0,-6,0.2187422123132891,0.218742212314863,both,1.5738799152842375e-12,True
asinh_saldo,22,18,0,-5,0.2407194312851367,0.240719431286708,both,1.571298646751984e-12,True
asinh_saldo,22,19,0,-4,0.2522052430470426,0.252205243048716,both,1.6733836538662672e-12,True
asinh_saldo,22,20,0,-3,0.220805150207399,0.22080515020905,both,1.6510126599200703e-12,True
asinh_saldo,22,21,0,-2,0.195927546361305,0.195927546362635,both,1.330019427925322e-12,True
asinh_saldo,22,22,0,0,0.5616658002177178,0.561665800219131,both,1.4132028880453618e-12,True
asinh_saldo,22,23,0,1,0.2292250303905322,0.229225030392147,both,1.6148193893172902e-12,True
asinh_saldo,22,24,0,2,0.2233119149048588,0.22331191490642,both,1.5611956172278951e-12,True
asinh_saldo,22,25,0,3,0.3222082337918956,0.322208233793582,both,1.6863732632543815e-12,True
asinh_saldo,22,26,0,4,0.3020675354089301,0.302067535410552,both,1.62186930552366e-12,True
asinh_saldo,22,27,0,5,0.3430664788258616,0.343066478827482,both,1.620370504440416e-12,True
asinh_saldo,22,28,0,6,0.3776922711031357,0.377692271104855,both,1.7192913759345174e-12,True
asinh_saldo,22,29,0,7,0.3358591326232953,0.335859132624945,both,1.6496803922905201e-12,True
asinh_saldo,22,30,0,8,0.3429379618343273,0.342937961836046,both,1.7187362644222048e-12,True
asinh_saldo,22,31,0,9,0.3383643762609065,0.338364376262633,both,1.726507825594581e-12,True
asinh_saldo,22,32,0,10,0.3105107459407761,0.310510745942258,both,1.481925693269659e-12,True
asinh_saldo,22,33,0,11,0.3211566325850843,0.321156632586475,both,1.390665360645471e-12,True
asinh_saldo,22,34,0,12,0.4905644762646293,0.490564476265991,both,1.3616885397027545e-12,True
asinh_saldo,22,35,0,13,0.3252770598982702,0.325277059899994,both,1.7237877791842493e-12,True
asinh_saldo,22,36,0,14,0.2946618462408025,0.294661846242443,both,1.6405210523373626e-12,True
asinh_saldo,22,37,0,15,0.3450895285353806,0.345089528536975,both,1.5943912856641873e-12,True
asinh_saldo,22,38,0,16,0.3551266932486761,0.355126693250327,both,1.6509016376176078e-12,True
asinh_saldo,22,39,0,17,0.3643219544336824,0.364321954435265,both,1.5825674104519294e-12,True
asinh_saldo,22,40,0,18,0.3370207839911813,0.337020783992717,both,1.5357159988127478e-12,True
asinh_saldo,22,41,0,19,0.3028925564499017,0.302892556451445,both,1.5433210265314301e-12,True
asinh_saldo,22,42,0,20,0.3147828028649769,0.314782802866439,both,1.4621082122801e-12,True
asinh_saldo,22,43,0,21,0.3014251250892171,0.301425125090837,both,1.619926415230566e-12,True
asinh_saldo,22,44,0,22,0.3168013024287572,0.316801302430051,both,1.2937984017469262e-12,True
asinh_saldo,22,45,0,23,0.3099620768977595,0.309962076899071,both,1.3115064589896974e-12,True
asinh_saldo,23,0,1,-23,0.4401677490849393,0.440167749087187,both,2.2477020245048607e-12,True
asinh_saldo,23,1,1,-22,0.3981404323018019,0.398140432303889,both,2.0871082639928318e-12,True
asinh_saldo,23,2,1,-21,0.4615488177271762,0.461548817729411,both,2.2347679262679776e-12,True
asinh_saldo,23,3,1,-20,0.4445432422646491,0.444543242266787,both,2.1379009673694327e-12,True
asinh_saldo,23,4,1,-19,0.3678469207077337,0.367846920709885,both,2.151279154816166e-12,True
asinh_saldo,23,5,1,-18,0.3668790341282529,0.366879034130335,both,2.0821122603820186e-12,True
asinh_saldo,23,6,1,-17,0.3229989068475611,0.322998906849554,both,1.9929058403533872e-12,True
asinh_saldo,23,7,1,-16,0.3244362495695612,0.324436249571578,both,2.0168311465340594e-12,True
asinh_saldo,23,8,1,-15,0.2795616412677038,0.27956164126965,both,1.9462209621678994e-12,True
asinh_saldo,23,9,1,-14,0.2752275535468869,0.275227553548739,both,1.8521295608309174e-12,True
asinh_saldo,23,10,1,-13,0.275163163064296,0.2751631630662,both,1.9039769760809122e-12,True
asinh_saldo,23,11,1,-12,0.2600860138761339,0.260086013877805,both,1.6711076966657856e-12,True
asinh_saldo,23,12,1,-11,0.5191260163310719,0.519126016333314,both,2.2420953982305036e-12,True
asinh_saldo,23,13,1,-10,0.4900985682746667,0.4900985682769,both,2.233324636335965e-12,True
asinh_saldo,23,14,1,-9,0.4875822001480006,0.487582200150243,both,2.242428465137891e-12,True
asinh_saldo,23,15,1,-8,0.3689881115377251,0.368988111539719,both,1.99390504107555e-12,True
asinh_saldo,23,16,1,-7,0.3492049530406815,0.349204953042687,both,2.0055068716828828e-12,True
asinh_saldo,23,17,1,-6,0.3663644855794427,0.366364485581471,both,2.0283219548389297e-12,True
asinh_saldo,23,18,1,-5,0.3558841083235333,0.35588410832554,both,2.0067281170099704e-12,True
asinh_saldo,23,19,1,-4,0.3965060630963325,0.39650606309846,both,2.1274648709379562e-12,True
asinh_saldo,23,20,1,-3,0.3551001480208694,0.355100148022965,both,2.0956014701312142e-12,True
asinh_saldo,23,21,1,-2,0.2774814655524504,0.277481465554189,both,1.7386092565629951e-12,True
asinh_saldo,23,22,1,0,0.2292250303905297,0.229225030392147,both,1.6173173911226968e-12,True
asinh_saldo,23,23,1,1,0.6488383257450875,0.648838325747354,both,2.266520304772257e-12,True
asinh_saldo,23,24,1,2,0.4933512940093449,0.493351294011448,both,2.103095475547434e-12,True
asinh_saldo,23,25,1,3,0.4186031974725943,0.418603197474713,both,2.1186941090434175e-12,True
asinh_saldo,23,26,1,4,0.3422235887166993,0.342223588718709,both,2.0097257191764584e-12,True
asinh_saldo,23,27,1,5,0.3544591665800325,0.354459166582034,both,2.0015100687942322e-12,True
asinh_saldo,23,28,1,6,0.3636381853385017,0.363638185340581,both,2.0793367028204557e-12,True
asinh_saldo,23,29,1,7,0.3538796558595534,0.353879655861585,both,2.031597112761574e-12,True
asinh_saldo,23,30,1,8,0.4017321066856708,0.401732106687795,both,2.1242452241665433e-12,True
asinh_saldo,23,31,1,9,0.3807656574869286,0.380765657489048,both,2.119415754009424e-12,True
asinh_saldo,23,32,1,10,0.3195591230190333,0.319559123020866,both,1.832700657899977e-12,True
asinh_saldo,23,33,1,11,0.2731257548599574,0.273125754861675,both,1.7176260413975797e-12,True
asinh_saldo,23,34,1,12,0.1993922746495107,0.199392274651041,both,1.5303036615677001e-12,True
asinh_saldo,23,35,1,13,0.5144456016698542,0.514445601672043,both,2.188804693048496e-12,True
asinh_saldo,23,36,1,14,0.4145173549144311,0.414517354916493,both,2.0619062013338407e-12,True
asinh_saldo,23,37,1,15,0.4153438427740354,0.415343842776029,both,1.9935719741681623e-12,True
asinh_saldo,23,38,1,16,0.3942404736230291,0.394240473625063,both,2.0338730699620555e-12,True
asinh_saldo,23,39,1,17,0.3594247914665715,0.359424791468503,both,1.931454995940385e-12,True
asinh_saldo,23,40,1,18,0.3394462027213352,0.339446202723231,both,1.8958168368499173e-12,True
asinh_saldo,23,41,1,19,0.369581683001731,0.369581683003666,both,1.9350077096191853e-12,True
asinh_saldo,23,42,1,20,0.3796390075276559,0.379639007529491,both,1.8350876374029212e-12,True
asinh_saldo,23,43,1,21,0.4003671071796206,0.400367107181651,both,2.0304313785857175e-12,True
asinh_saldo,23,44,1,22,0.3168963057787278,0.316896305780394,both,1.666222715357435e-12,True
asinh_saldo,23,45,1,23,0.2397201700781137,0.239720170079741,both,1.6273093983443232e-12,True
asinh_saldo,24,0,2,-23,0.4243054637933582,0.424305463795548,both,2.1898038937706588e-12,True
asinh_saldo,24,1,2,-22,0.4288880195684582,0.42888801957052,both,2.0617951790313782e-12,True
asinh_saldo,24,2,2,-21,0.4535645875015954,0.453564587503775,both,2.1795898419441073e-12,True
asinh_saldo,24,3,2,-20,0.4000422154211044,0.400042215423166,both,2.061573134426453e-12,True
asinh_saldo,24,4,2,-19,0.3605441680260572,0.360544168028159,both,2.101763207917884e-12,True
asinh_saldo,24,5,2,-18,0.354442626387257,0.354442626389282,both,2.0249912857650543e-12,True
asinh_saldo,24,6,2,-17,0.3287631121213341,0.328763112123286,both,1.951938610744719e-12,True
asinh_saldo,24,7,2,-16,0.3407161235039989,0.340716123505981,both,1.9821366770145232e-12,True
asinh_saldo,24,8,2,-15,0.2947557637797638,0.294755763781677,both,1.913191827185301e-12,True
asinh_saldo,24,9,2,-14,0.2870657052820933,0.287065705283913,both,1.819711048511863e-12,True
asinh_saldo,24,10,2,-13,0.2812956923831947,0.281295692385063,both,1.8683388169904447e-12,True
asinh_saldo,24,11,2,-12,0.2321424824368639,0.232142482438469,both,1.60510493785182e-12,True
asinh_saldo,24,12,2,-11,0.4630761536593201,0.463076153661472,both,2.1518897774797097e-12,True
asinh_saldo,24,13,2,-10,0.4960032802786717,0.496003280280857,both,2.185307490520927e-12,True
asinh_saldo,24,14,2,-9,0.4580113639496767,0.458011363951848,both,2.17131868041065e-12,True
asinh_saldo,24,15,2,-8,0.3688484001786945,0.368848400180641,both,1.9464985179240557e-12,True
asinh_saldo,24,16,2,-7,0.3321595634932264,0.332159563495166,both,1.9396151351713797e-12,True
asinh_saldo,24,17,2,-6,0.368014195048895,0.368014195050876,both,1.981026453989898e-12,True
asinh_saldo,24,18,2,-5,0.3533583565073707,0.353358356509316,both,1.9453327837481993e-12,True
asinh_saldo,24,19,2,-4,0.3982111712626431,0.398211171264712,both,2.0689006063889792e-12,True
asinh_saldo,24,20,2,-3,0.3552702748180879,0.355270274820135,both,2.047084723955095e-12,True
asinh_saldo,24,21,2,-2,0.279580099430272,0.279580099431962,both,1.6899814880844133e-12,True
asinh_saldo,24,22,2,0,0.223311914904856,0.22331191490642,both,1.5639989303650736e-12,True
asinh_saldo,24,23,2,1,0.4933512940093447,0.493351294011448,both,2.103317520152359e-12,True
asinh_saldo,24,24,2,2,0.7285984619230991,0.728598461925297,both,2.1979085218504224e-12,True
asinh_saldo,24,25,2,3,0.5857066938727484,0.585706693874909,both,2.160605028223017e-12,True
asinh_saldo,24,26,2,4,0.4515019049406404,0.451501904942668,both,2.0276003098729234e-12,True
asinh_saldo,24,27,2,5,0.4626454593847796,0.462645459386779,both,1.9994006450474444e-12,True
asinh_saldo,24,28,2,6,0.4676676910733487,0.467667691075427,both,2.0782819909470618e-12,True
asinh_saldo,24,29,2,7,0.4349017227861242,0.43490172278814,both,2.0157764346606655e-12,True
asinh_saldo,24,30,2,8,0.5008658259557623,0.500865825957884,both,2.121636200058674e-12,True
asinh_saldo,24,31,2,9,0.4505369514996378,0.450536951501734,both,2.096212092794758e-12,True
asinh_saldo,24,32,2,10,0.3926422151063108,0.392642215108129,both,1.8182122474286189e-12,True
asinh_saldo,24,33,2,11,0.3458895308467732,0.345889530848475,both,1.7018053632966712e-12,True
asinh_saldo,24,34,2,12,0.2460523256088694,0.246052325610376,both,1.506600399991953e-12,True
asinh_saldo,24,35,2,13,0.522417110678768,0.522417110680898,both,2.1300738950458253e-12,True
asinh_saldo,24,36,2,14,0.5321990971474044,0.532199097149471,both,2.0665691380372664e-12,True
asinh_saldo,24,37,2,15,0.4947803353045959,0.494780335306573,both,1.9770851622524788e-12,True
asinh_saldo,24,38,2,16,0.4887603436744481,0.488760343676472,both,2.023881062740429e-12,True
asinh_saldo,24,39,2,17,0.4346350844326551,0.434635084434568,both,1.9129142714291447e-12,True
asinh_saldo,24,40,2,18,0.4270902919641915,0.427090291966074,both,1.8824941605544154e-12,True
asinh_saldo,24,41,2,19,0.468055603838007,0.46805560383994,both,1.93300930817486e-12,True
asinh_saldo,24,42,2,20,0.4936949794178681,0.493694979419651,both,1.7829071552455389e-12,True
asinh_saldo,24,43,2,21,0.4454195697991896,0.445419569801187,both,1.997402243603119e-12,True
asinh_saldo,24,44,2,22,0.3790002534199793,0.379000253421597,both,1.6177059691813156e-12,True
asinh_saldo,24,45,2,23,0.3398743034783292,0.339874303479959,both,1.6298074001497298e-12,True
asinh_saldo,25,0,3,-23,0.3834902184675756,0.383490218469807,both,2.231437257194102e-12,True
asinh_saldo,25,1,3,-22,0.3589068550363143,0.358906855038397,both,2.082667371894331e-12,True
asinh_saldo,25,2,3,-21,0.4041301126026601,0.404130112604874,both,2.213951244556256e-12,True
asinh_saldo,25,3,3,-20,0.3658139891370557,0.365813989139162,both,2.106315122318847e-12,True
asinh_saldo,25,4,3,-19,0.4272282318508161,0.427228231853035,both,2.218891737015838e-12,True
asinh_saldo,25,5,3,-18,0.4089680764883007,0.408968076490431,both,2.1302959396507504e-12,True
asinh_saldo,25,6,3,-17,0.3659257928417762,0.365925792843821,both,2.0448087667546133e-12,True
asinh_saldo,25,7,3,-16,0.3950216442495763,0.395021644251663,both,2.0866641747829817e-12,True
asinh_saldo,25,8,3,-15,0.3802802440587634,0.380280244060808,both,2.0446422333009195e-12,True
asinh_saldo,25,9,3,-14,0.3549771151186855,0.354977115120624,both,1.9385049121467546e-12,True
asinh_saldo,25,10,3,-13,0.3473392836142255,0.34733928361621,both,1.9845236565174673e-12,True
asinh_saldo,25,11,3,-12,0.3288280014339836,0.328828001435723,both,1.7393864126802328e-12,True
asinh_saldo,25,12,3,-11,0.4161605087655136,0.416160508767702,both,2.1884161149898773e-12,True
asinh_saldo,25,13,3,-10,0.4904071405765726,0.490407140578821,both,2.248423669470867e-12,True
asinh_saldo,25,14,3,-9,0.4637186805832178,0.46371868058546,both,2.242206420532966e-12,True
asinh_saldo,25,15,3,-8,0.3943969217124869,0.394396921714519,both,2.0320967131226553e-12,True
asinh_saldo,25,16,3,-7,0.3703145113356932,0.370314511337719,both,2.025768441882292e-12,True
asinh_saldo,25,17,3,-6,0.4186150158137237,0.418615015815807,both,2.0833335057091062e-12,True
asinh_saldo,25,18,3,-5,0.4102323230728926,0.410232323074937,both,2.0444201886959945e-12,True
asinh_saldo,25,19,3,-4,0.4665922833961306,0.466592283398305,both,2.174371793728369e-12,True
asinh_saldo,25,20,3,-3,0.4380212568825175,0.43802125688469,both,2.1725399257377376e-12,True
asinh_saldo,25,21,3,-2,0.2951496145215312,0.295149614523292,both,1.7608137170554983e-12,True
asinh_saldo,25,22,3,0,0.3222082337918933,0.322208233793582,both,1.6887047316060944e-12,True
asinh_saldo,25,23,3,1,0.4186031974725935,0.418603197474713,both,2.119471265160655e-12,True
asinh_saldo,25,24,3,2,0.5857066938727473,0.585706693874909,both,2.1617152512476423e-12,True
asinh_saldo,25,25,3,3,0.8151550483538851,0.815155048356262,both,2.3768764734199976e-12,True
asinh_saldo,25,26,3,4,0.5969831056390029,0.5969831056412,both,2.1971313657331848e-12,True
asinh_saldo,25,27,3,5,0.6322214395719864,0.632221439574151,both,2.1646018311116677e-12,True
asinh_saldo,25,28,3,6,0.5961564734426922,0.596156473444919,both,2.2267743204906765e-12,True
asinh_saldo,25,29,3,7,0.5546272701325006,0.554627270134654,both,2.1533885785629536e-12,True
asinh_saldo,25,30,3,8,0.6182650780113709,0.618265078013633,both,2.2620794126737565e-12,True
asinh_saldo,25,31,3,9,0.5866434017796016,0.58664340178185,both,2.248423669470867e-12,True
asinh_saldo,25,32,3,10,0.5136160822865755,0.513616082288534,both,1.958433415438776e-12,True
asinh_saldo,25,33,3,11,0.4962112391567499,0.496211239158605,both,1.855071651846174e-12,True
asinh_saldo,25,34,3,12,0.3577999312460546,0.357799931247695,both,1.6404100300349e-12,True
asinh_saldo,25,35,3,13,0.5316763738544263,0.531676373856627,both,2.2006840794119853e-12,True
asinh_saldo,25,36,3,14,0.6296462459948994,0.629646245997087,both,2.1875834477214084e-12,True
asinh_saldo,25,37,3,15,0.6213841510697443,0.621384151071866,both,2.121636200058674e-12,True
asinh_saldo,25,38,3,16,0.622830164790583,0.62283016479275,both,2.167044321765843e-12,True
asinh_saldo,25,39,3,17,0.5939587116407316,0.593958711642812,both,2.080446925845081e-12,True
asinh_saldo,25,40,3,18,0.5312304071681817,0.531230407170191,both,2.0092816299666083e-12,True
asinh_saldo,25,41,3,19,0.4833578471911156,0.483357847193124,both,2.0084489626981394e-12,True
asinh_saldo,25,42,3,20,0.5679769052421955,0.567976905244064,both,1.8685053504441385e-12,True
asinh_saldo,25,43,3,21,0.5242382720217644,0.524238272023878,both,2.1135315719789105e-12,True
asinh_saldo,25,44,3,22,0.4840739810061201,0.484073981007823,both,1.7029155863212964e-12,True
asinh_saldo,25,45,3,23,0.4644230499559204,0.464423049957692,both,1.7716383915455935e-12,True
asinh_saldo,26,0,4,-23,0.3838559186746639,0.38385591867684,both,2.176092639416538e-12,True
asinh_saldo,26,1,4,-22,0.3502945334486376,0.350294533450655,both,2.017386258046372e-12,True
asinh_saldo,26,2,4,-21,0.4121647271307115,0.412164727132876,both,2.164490808809205e-12,True
asinh_saldo,26,3,4,-20,0.3628222930198209,0.362822293021867,both,2.0461410343841635e-12,True
asinh_saldo,26,4,4,-19,0.3810884464753599,0.381088446477491,both,2.1311286069192192e-12,True
asinh_saldo,26,5,4,-18,0.3476222241463735,0.347622224148406,both,2.032485291181274e-12,True
asinh_saldo,26,6,4,-17,0.3187114681049399,0.318711468106894,both,1.954103545642738e-12,True
asinh_saldo,26,7,4,-16,0.3493525037598793,0.349352503761877,both,1.9976797993592754e-12,True
asinh_saldo,26,8,4,-15,0.3465400932654787,0.346540093267443,both,1.9643175974692895e-12,True
asinh_saldo,26,9,4,-14,0.3061990712398012,0.306199071241646,both,1.8448020888683914e-12,True
asinh_saldo,26,10,4,-13,0.3028854126338197,0.302885412635713,both,1.8933188350445107e-12,True
asinh_saldo,26,11,4,-12,0.3334058608380402,0.333405860839728,both,1.6878165531863942e-12,True
asinh_saldo,26,12,4,-11,0.4162079066927169,0.41620790669485,both,2.1331270083635445e-12,True
asinh_saldo,26,13,4,-10,0.454251767137329,0.454251767139501,both,2.171984814225425e-12,True
asinh_saldo,26,14,4,-9,0.4509886317957622,0.450988631797943,both,2.180811087271195e-12,True
asinh_saldo,26,15,4,-8,0.4071575933331812,0.407157593335167,both,1.9858004129957862e-12,True
asinh_saldo,26,16,4,-7,0.3325372890031289,0.332537289005074,both,1.9451107391432743e-12,True
asinh_saldo,26,17,4,-6,0.350951920987922,0.350951920989903,both,1.981026453989898e-12,True
asinh_saldo,26,18,4,-5,0.372253968388508,0.372253968390477,both,1.968980534172715e-12,True
asinh_saldo,26,19,4,-4,0.4047682518224823,0.404768251824567,both,2.0847212844898877e-12,True
asinh_saldo,26,20,4,-3,0.3930049619964131,0.393004961998499,both,2.085887018665744e-12,True
asinh_saldo,26,21,4,-2,0.2692506444190857,0.26925064442077,both,1.684319350658825e-12,True
asinh_saldo,26,22,4,0,0.3020675354089288,0.302067535410552,both,1.6232015731532101e-12,True
asinh_saldo,26,23,4,1,0.3422235887167009,0.342223588718709,both,2.008115895790752e-12,True
asinh_saldo,26,24,4,2,0.4515019049406419,0.451501904942668,both,2.0261015087896794e-12,True
asinh_saldo,26,25,4,3,0.5969831056390046,0.5969831056412,both,2.195466031196247e-12,True
asinh_saldo,26,26,4,4,0.6957592180021983,0.695759218004428,both,2.229660900354702e-12,True
asinh_saldo,26,27,4,5,0.5970279531692977,0.597027953171406,both,2.1083135237631723e-12,True
asinh_saldo,26,28,4,6,0.5569431510438357,0.556943151046002,both,2.1662671656486054e-12,True
asinh_saldo,26,29,4,7,0.5374201113246041,0.537420111326707,both,2.102873430942509e-12,True
asinh_saldo,26,30,4,8,0.5831533105603377,0.583153310562542,both,2.2043478153932483e-12,True
asinh_saldo,26,31,4,9,0.5451257238294777,0.545125723831664,both,2.1863622023943208e-12,True
asinh_saldo,26,32,4,10,0.4980112039442544,0.498011203946165,both,1.910582803077432e-12,True
asinh_saldo,26,33,4,11,0.4043067335394253,0.404306733541184,both,1.7587042933087105e-12,True
asinh_saldo,26,34,4,12,0.3507618437530819,0.350761843754672,both,1.5901169270193805e-12,True
asinh_saldo,26,35,4,13,0.5270765312422911,0.527076531244449,both,2.1578294706614543e-12,True
asinh_saldo,26,36,4,14,0.5677845514172154,0.567784551419332,both,2.116640196447861e-12,True
asinh_saldo,26,37,4,15,0.5682225917550829,0.568222591757137,both,2.054023617859002e-12,True
asinh_saldo,26,38,4,16,0.5901401504494428,0.590140150451557,both,2.1141977057936856e-12,True
asinh_saldo,26,39,4,17,0.5602088155833992,0.560208815585424,both,2.0248247523113605e-12,True
asinh_saldo,26,40,4,18,0.4961312638838102,0.496131263885763,both,1.952826789164419e-12,True
asinh_saldo,26,41,4,19,0.4481719948312527,0.448171994833199,both,1.946331984470362e-12,True
asinh_saldo,26,42,4,20,0.5281368975020151,0.528136897503836,both,1.8208767826877192e-12,True
asinh_saldo,26,43,4,21,0.5599303994588313,0.559930399460921,both,2.089772799251932e-12,True
asinh_saldo,26,44,4,22,0.4626405400953193,0.462640540096972,both,1.652677994457008e-12,True
asinh_saldo,26,45,4,23,0.4193658187700416,0.419365818771741,both,1.6994183837937271e-12,True
asinh_saldo,27,0,5,-23,0.3739182040950737,0.373918204097225,both,2.151279154816166e-12,True
asinh_saldo,27,1,5,-22,0.3428423202002936,0.342842320202291,both,1.997402243603119e-12,True
asinh_saldo,27,2,5,-21,0.3763149313292116,0.376314931331334,both,2.1223578450246805e-12,True
asinh_saldo,27,3,5,-20,0.3610450285033162,0.361045028505345,both,2.02876604404878e-12,True
asinh_saldo,27,4,5,-19,0.3699728583624412,0.369972858364546,both,2.104816321235603e-12,True
asinh_saldo,27,5,5,-18,0.3811260690230796,0.381126069025115,both,2.0353718710452995e-12,True
asinh_saldo,27,6,5,-17,0.3391915706182977,0.33919157062025,both,1.9523271888033378e-12,True
asinh_saldo,27,7,5,-16,0.3576484447429764,0.357648444744962,both,1.9855783683908612e-12,True
asinh_saldo,27,8,5,-15,0.3703269577016134,0.370326957703572,both,1.95859994889247e-12,True
asinh_saldo,27,9,5,-14,0.3193118936216539,0.319311893623491,both,1.8370860388472465e-12,True
asinh_saldo,27,10,5,-13,0.3330059331989611,0.333005933200859,both,1.897870749445474e-12,True
asinh_saldo,27,11,5,-12,0.3532841165836931,0.35328411658537,both,1.6769363675450677e-12,True
asinh_saldo,27,12,5,-11,0.3874366973207565,0.387436697322848,both,2.0915491560913324e-12,True
asinh_saldo,27,13,5,-10,0.4711691857005775,0.471169185702731,both,2.153499600865416e-12,True
asinh_saldo,27,14,5,-9,0.4455059284081918,0.445505928410341,both,2.149169731069378e-12,True
asinh_saldo,27,15,5,-8,0.4077838551364328,0.407783855138392,both,1.9592105715560137e-12,True
asinh_saldo,27,16,5,-7,0.3659189290830349,0.365918929084979,both,1.9441115384211116e-12,True
asinh_saldo,27,17,5,-6,0.3743060084020834,0.374306008404059,both,1.975586361169235e-12,True
asinh_saldo,27,18,5,-5,0.3734874495270562,0.373487449529001,both,1.9447776722358867e-12,True
asinh_saldo,27,19,5,-4,0.4397015035505053,0.439701503552583,both,2.077671368283518e-12,True
asinh_saldo,27,20,5,-3,0.4048058164114407,0.404805816413509,both,2.0682899837254354e-12,True
asinh_saldo,27,21,5,-2,0.2735417924058464,0.273541792407517,both,1.6706080963047043e-12,True
asinh_saldo,27,22,5,0,0.3430664788258619,0.343066478827482,both,1.6200929486842597e-12,True
asinh_saldo,27,23,5,1,0.3544591665800358,0.354459166582034,both,1.998234910871588e-12,True
asinh_saldo,27,24,5,2,0.4626454593847829,0.462645459386779,both,1.996069975973569e-12,True
asinh_saldo,27,25,5,3,0.63222143957199,0.632221439574151,both,2.1610491174328672e-12,True
asinh_saldo,27,26,5,4,0.5970279531692995,0.597027953171406,both,2.106537166923772e-12,True
asinh_saldo,27,27,5,5,0.7711314491353526,0.771131449137491,both,2.138400567730514e-12,True
asinh_saldo,27,28,5,6,0.5850377055924239,0.58503770559456,both,2.1361801216812637e-12,True
asinh_saldo,27,29,5,7,0.5498074999690789,0.549807499971145,both,2.0661250488274163e-12,True
asinh_saldo,27,30,5,8,0.5949967793020008,0.594996779304162,both,2.1611601397353297e-12,True
asinh_saldo,27,31,5,9,0.5739505391076868,0.573950539109846,both,2.1591617382910044e-12,True
asinh_saldo,27,32,5,10,0.5100089152905372,0.510008915292414,both,1.876832023128827e-12,True
asinh_saldo,27,33,5,11,0.4636752918909925,0.463675291892749,both,1.7564838472594602e-12,True
asinh_saldo,27,34,5,12,0.3526971859508507,0.352697185952412,both,1.5613066395303576e-12,True
asinh_saldo,27,35,5,13,0.5105332251827122,0.510533225184824,both,2.1118662374419728e-12,True
asinh_saldo,27,36,5,14,0.5960396898178516,0.596039689819934,both,2.082445327289406e-12,True
asinh_saldo,27,37,5,15,0.5949485939419736,0.594948593943993,both,2.0193846594906972e-12,True
asinh_saldo,27,38,5,16,0.6193450130415253,0.619345013043601,both,2.0756729668391927e-12,True
asinh_saldo,27,39,5,17,0.5855877422092577,0.585587742211249,both,1.9912960169676808e-12,True
asinh_saldo,27,40,5,18,0.5282282905127546,0.528228290514683,both,1.928457393773897e-12,True
asinh_saldo,27,41,5,19,0.4848860893394467,0.484886089341377,both,1.9302892617645284e-12,True
asinh_saldo,27,42,5,20,0.5603838987008565,0.560383898702641,both,1.7845724897824766e-12,True
asinh_saldo,27,43,5,21,0.5313908065390381,0.531390806541076,both,2.037814361699475e-12,True
asinh_saldo,27,44,5,22,0.4870571153934058,0.487057115395028,both,1.6222023724310475e-12,True
asinh_saldo,27,45,5,23,0.434767615555487,0.434767615557166,both,1.6789902801406242e-12,True
asinh_saldo,28,0,6,-23,0.471269895510581,0.471269895512871,both,2.290001521743079e-12,True
asinh_saldo,28,1,6,-22,0.3989584789758587,0.398958478977963,both,2.1043167208745217e-12,True
asinh_saldo,28,2,6,-21,0.4625904024841958,0.462590402486444,both,2.248201624865942e-12,True
asinh_saldo,28,3,6,-20,0.4269070840800303,0.426907084082173,both,2.142674926375321e-12,True
asinh_saldo,28,4,6,-19,0.4315412143230174,0.431541214325236,both,2.2186141812596816e-12,True
asinh_saldo,28,5,6,-18,0.4775269978283852,0.477526997830557,both,2.1718182807717312e-12,True
asinh_saldo,28,6,6,-17,0.403966221420684,0.403966221422748,both,2.0640156250806285e-12,True
asinh_saldo,28,7,6,-16,0.4254587498788763,0.425458749880977,both,2.10070849604449e-12,True
asinh_saldo,28,8,6,-15,0.4246323256754404,0.424632325677512,both,2.071620652799311e-12,True
asinh_saldo,28,9,6,-14,0.3359457464021621,0.335945746404082,both,1.919853165333052e-12,True
asinh_saldo,28,10,6,-13,0.3725167220468882,0.372516722048887,both,1.9987900223839006e-12,True
asinh_saldo,28,11,6,-12,0.3929455939674568,0.392945593969233,both,1.7761903059465567e-12,True
asinh_saldo,28,12,6,-11,0.4455447920405358,0.445544792042737,both,2.2011836797730666e-12,True
asinh_saldo,28,13,6,-10,0.4357869284455211,0.435786928447727,both,2.2059021276277235e-12,True
asinh_saldo,28,14,6,-9,0.433343562792711,0.433343562794927,both,2.215949646000581e-12,True
asinh_saldo,28,15,6,-8,0.36413383844329,0.364133838445296,both,2.006006472043964e-12,True
asinh_saldo,28,16,6,-7,0.3780735171241705,0.3780735171262,both,2.0295432001660174e-12,True
asinh_saldo,28,17,6,-6,0.392093477089453,0.392093477091517,both,2.0639601139293973e-12,True
asinh_saldo,28,18,6,-5,0.4203284643705969,0.420328464372647,both,2.050082326121583e-12,True
asinh_saldo,28,19,6,-4,0.4326205851017886,0.432620585103939,both,2.150446487547697e-12,True
asinh_saldo,28,20,6,-3,0.4221608262735861,0.422160826275746,both,2.159938894408242e-12,True
asinh_saldo,28,21,6,-2,0.2886211587980677,0.288621158799822,both,1.7542634012102098e-12,True
asinh_saldo,28,22,6,0,0.3776922711031334,0.377692271104855,both,1.721567333134999e-12,True
asinh_saldo,28,23,6,1,0.3636381853385017,0.363638185340581,both,2.0793367028204557e-12,True
asinh_saldo,28,24,6,2,0.4676676910733488,0.467667691075427,both,2.0781709686445993e-12,True
asinh_saldo,28,25,6,3,0.5961564734426934,0.596156473444919,both,2.225553075163589e-12,True
asinh_saldo,28,26,6,4,0.5569431510438352,0.556943151046002,both,2.166822277160918e-12,True
asinh_saldo,28,27,6,5,0.5850377055924205,0.58503770559456,both,2.139510790755139e-12,True
asinh_saldo,28,28,6,6,0.8283488120877677,0.828348812090151,both,2.3833157669628235e-12,True
asinh_saldo,28,29,6,7,0.6493172448885517,0.64931724489076,both,2.208344618281899e-12,True
asinh_saldo,28,30,6,8,0.6036683034779347,0.603668303480185,both,2.2503110486127298e-12,True
asinh_saldo,28,31,6,9,0.6113331753294602,0.611333175331724,both,2.2638557695131567e-12,True
asinh_saldo,28,32,6,10,0.5665202016619048,0.566520201663893,both,1.988298414801193e-12,True
asinh_saldo,28,33,6,11,0.5430299647443159,0.543029964746194,both,1.8781642907583773e-12,True
asinh_saldo,28,34,6,12,0.3979116123832614,0.397911612384925,both,1.6636136912495658e-12,True
asinh_saldo,28,35,6,13,0.5708815285164579,0.570881528518676,both,2.2181145808986003e-12,True
asinh_saldo,28,36,6,14,0.5679973127756874,0.567997312777836,both,2.1486146195570655e-12,True
asinh_saldo,28,37,6,15,0.5585773650220572,0.55857736502413,both,2.0727863869751673e-12,True
asinh_saldo,28,38,6,16,0.6172442370381926,0.617244237040353,both,2.160382983618092e-12,True
asinh_saldo,28,39,6,17,0.5999998002052012,0.599999800207281,both,2.0798918143327683e-12,True
asinh_saldo,28,40,6,18,0.6299884190037712,0.629988419005835,both,2.0637935804757035e-12,True
asinh_saldo,28,41,6,19,0.5678207259553741,0.567820725957429,both,2.0549117962787022e-12,True
asinh_saldo,28,42,6,20,0.5984906572305125,0.598490657232383,both,1.8705037518884637e-12,True
asinh_saldo,28,43,6,21,0.5246546226943049,0.524654622696418,both,2.113198505071523e-12,True
asinh_saldo,28,44,6,22,0.5130766109057966,0.513076610907502,both,1.705413588126703e-12,True
asinh_saldo,28,45,6,23,0.485605187764578,0.485605187766361,both,1.7830181775480014e-12,True
asinh_saldo,29,0,7,-23,0.4302369639080534,0.430236963910267,both,2.2136181776488684e-12,True
asinh_saldo,29,1,7,-22,0.350339517011288,0.350339517013318,both,2.0299872893758675e-12,True
asinh_saldo,29,2,7,-21,0.4445074307483013,0.444507430750492,both,2.190692072190359e-12,True
asinh_saldo,29,3,7,-20,0.3909620398901628,0.390962039892237,both,2.0741741657559487e-12,True
asinh_saldo,29,4,7,-19,0.4103486362861266,0.410348636288284,both,2.157385381451604e-12,True
asinh_saldo,29,5,7,-18,0.4116157920509488,0.411615792053031,both,2.082223282684481e-12,True
asinh_saldo,29,6,7,-17,0.3967661351809602,0.396766135182975,both,2.014777233938503e-12,True
asinh_saldo,29,7,7,-16,0.3874755855002664,0.387475585502298,both,2.031597112761574e-12,True
asinh_saldo,29,8,7,-15,0.3815577602218702,0.381557760223865,both,1.99479321949525e-12,True
asinh_saldo,29,9,7,-14,0.3081505146093842,0.308150514611245,both,1.8607893004229936e-12,True
asinh_saldo,29,10,7,-13,0.3417774922761699,0.341777492278103,both,1.9331203304773226e-12,True
asinh_saldo,29,11,7,-12,0.3590710132623948,0.359071013264104,both,1.7091883464104285e-12,True
asinh_saldo,29,12,7,-11,0.413995962385961,0.413995962388097,both,2.13601358822757e-12,True
asinh_saldo,29,13,7,-10,0.4221368311931479,0.422136831195303,both,2.1551094242511226e-12,True
asinh_saldo,29,14,7,-9,0.4382509132097479,0.438250913211923,both,2.1750934386943754e-12,True
asinh_saldo,29,15,7,-8,0.3611032090818096,0.361103209083771,both,1.961431017605264e-12,True
asinh_saldo,29,16,7,-7,0.3632708941206456,0.363270894122621,both,1.9753643165643098e-12,True
asinh_saldo,29,17,7,-6,0.3612745171791751,0.361274517181174,both,1.998901044686363e-12,True
asinh_saldo,29,18,7,-5,0.4418768256275512,0.441876825629567,both,2.0157764346606655e-12,True
asinh_saldo,29,19,7,-4,0.454324173419841,0.45432417342196,both,2.119027175950805e-12,True
asinh_saldo,29,20,7,-3,0.4138382426751524,0.413838242677258,both,2.1055934773528406e-12,True
asinh_saldo,29,21,7,-2,0.2554111167210228,0.255411116722716,both,1.6932011348558262e-12,True
asinh_saldo,29,22,7,0,0.3358591326232964,0.335859132624945,both,1.648570169265895e-12,True
asinh_saldo,29,23,7,1,0.3538796558595576,0.353879655861585,both,2.0273782652679984e-12,True
asinh_saldo,29,24,7,2,0.4349017227861278,0.43490172278814,both,2.0121682098306337e-12,True
asinh_saldo,29,25,7,3,0.5546272701325045,0.554627270134654,both,2.1495027979767656e-12,True
asinh_saldo,29,26,7,4,0.5374201113246067,0.537420111326707,both,2.100319917985871e-12,True
asinh_saldo,29,27,7,5,0.5498074999690796,0.549807499971145,both,2.0653478927101787e-12,True
asinh_saldo,29,28,7,6,0.6493172448885557,0.64931724489076,both,2.2043478153932483e-12,True
asinh_saldo,29,29,7,7,0.7167962372953661,0.716796237297544,both,2.1779245074071696e-12,True
asinh_saldo,29,30,7,8,0.5772297623454821,0.577229762347665,both,2.1829205110179828e-12,True
asinh_saldo,29,31,7,9,0.5684794571488003,0.568479457150988,both,2.187694470023871e-12,True
asinh_saldo,29,32,7,10,0.516225917473704,0.516225917475615,both,1.9109158699848194e-12,True
asinh_saldo,29,33,7,11,0.4833650813660574,0.483365081367853,both,1.795619208877497e-12,True
asinh_saldo,29,34,7,12,0.3748315587733064,0.374831558774911,both,1.6046053374907387e-12,True
asinh_saldo,29,35,7,13,0.5140899596210772,0.51408995962322,both,2.1428414598290146e-12,True
asinh_saldo,29,36,7,14,0.5121034425467055,0.512103442548779,both,2.073563543092405e-12,True
asinh_saldo,29,37,7,15,0.5026111813601836,0.50261118136218,both,1.9964030428809565e-12,True
asinh_saldo,29,38,7,16,0.565130788623822,0.565130788625902,both,2.0800028366352308e-12,True
asinh_saldo,29,39,7,17,0.5451020035352888,0.545102003537287,both,1.9981793997203567e-12,True
asinh_saldo,29,40,7,18,0.5706308095423587,0.570630809544337,both,1.9783064075795664e-12,True
asinh_saldo,29,41,7,19,0.5558425453262535,0.555842545328248,both,1.9944046414366312e-12,True
asinh_saldo,29,42,7,20,0.5360276726692117,0.536027672671029,both,1.8173240690089187e-12,True
asinh_saldo,29,43,7,21,0.5416579762284279,0.5416579762305,both,2.072120253160392e-12,True
asinh_saldo,29,44,7,22,0.4708437423774619,0.470843742379116,both,1.6541212843890207e-12,True
asinh_saldo,29,45,7,23,0.4203238865589037,0.420323886560606,both,1.7023049636577525e-12,True
asinh_saldo,30,0,8,-23,0.4040796145525235,0.404079614554784,both,2.26046958928805e-12,True
asinh_saldo,30,1,8,-22,0.3851508042570676,0.385150804259182,both,2.1144197503986106e-12,True
asinh_saldo,30,2,8,-21,0.4283091063131518,0.428309106315396,both,2.2442048219772914e-12,True
asinh_saldo,30,3,8,-20,0.3820598832656575,0.382059883267789,both,2.131517184977838e-12,True
asinh_saldo,30,4,8,-19,0.4287097859170808,0.428709785919317,both,2.2362112161999903e-12,True
asinh_saldo,30,5,8,-18,0.4266439869671021,0.426643986969259,both,2.156885781090523e-12,True
asinh_saldo,30,6,8,-17,0.4011645533048864,0.401164553306969,both,2.0826118607431e-12,True
asinh_saldo,30,7,8,-16,0.4213036804751656,0.421303680477285,both,2.119415754009424e-12,True
asinh_saldo,30,8,8,-15,0.3793843726042436,0.379384372606303,both,2.059352688377203e-12,True
asinh_saldo,30,9,8,-14,0.3619776440864506,0.361977644088409,both,1.958377904287545e-12,True
asinh_saldo,30,10,8,-13,0.3771008987572041,0.377100898759225,both,2.020883460573941e-12,True
asinh_saldo,30,11,8,-12,0.3687216895407939,0.368721689542574,both,1.780131597683976e-12,True
asinh_saldo,30,12,8,-11,0.4171352041784953,0.417135204180697,both,2.201683280134148e-12,True
asinh_saldo,30,13,8,-10,0.5087739580884546,0.508773958090729,both,2.2744028882470957e-12,True
asinh_saldo,30,14,8,-9,0.5141802265129513,0.514180226515242,both,2.2907231667090855e-12,True
asinh_saldo,30,15,8,-8,0.453452120823822,0.453452120825908,both,2.0859980409682066e-12,True
asinh_saldo,30,16,8,-7,0.416036592101111,0.416036592103185,both,2.074007632302255e-12,True
asinh_saldo,30,17,8,-6,0.4240199949413348,0.424019994943438,both,2.1032064978498966e-12,True
asinh_saldo,30,18,8,-5,0.4647422865384649,0.464742286540563,both,2.098099471936621e-12,True
asinh_saldo,30,19,8,-4,0.48810262230066,0.488102622302867,both,2.2070123506523487e-12,True
asinh_saldo,30,20,8,-3,0.4367049653835499,0.436704965385739,both,2.1890822488046524e-12,True
asinh_saldo,30,21,8,-2,0.3110439257435415,0.311043925745329,both,1.7875145807977333e-12,True
asinh_saldo,30,22,8,0,0.342937961834326,0.342937961836046,both,1.7200130209005238e-12,True
asinh_saldo,30,23,8,1,0.401732106685672,0.401732106687795,both,2.1230239788394556e-12,True
asinh_saldo,30,24,8,2,0.5008658259557642,0.500865825957884,both,2.1197488209168114e-12,True
asinh_saldo,30,25,8,3,0.6182650780113733,0.618265078013633,both,2.259636922019581e-12,True
asinh_saldo,30,26,8,4,0.583153310560338,0.583153310562542,both,2.2040147484858608e-12,True
asinh_saldo,30,27,8,5,0.5949967793019998,0.594996779304162,both,2.1621593404574924e-12,True
asinh_saldo,30,28,8,6,0.6036683034779357,0.603668303480185,both,2.249311847890567e-12,True
asinh_saldo,30,29,8,7,0.5772297623454796,0.577229762347665,both,2.185363001672158e-12,True
asinh_saldo,30,30,8,8,0.7572939557848287,0.757293955787204,both,2.3753221611855224e-12,True
asinh_saldo,30,31,8,9,0.6267999319091202,0.626799931911414,both,2.293831791178036e-12,True
asinh_saldo,30,32,8,10,0.5182060444013682,0.518206044403344,both,1.9757528946229286e-12,True
asinh_saldo,30,33,8,11,0.495374689129335,0.495374689131206,both,1.871003352249545e-12,True
asinh_saldo,30,34,8,12,0.3686012793290468,0.368601279330709,both,1.6622259124687844e-12,True
asinh_saldo,30,35,8,13,0.5490008548202043,0.549000854822431,both,2.226663298188214e-12,True
asinh_saldo,30,36,8,14,0.6041833824522453,0.604183382454435,both,2.1896928714681962e-12,True
asinh_saldo,30,37,8,15,0.604016472091395,0.604016472093517,both,2.1220802892685242e-12,True
asinh_saldo,30,38,8,16,0.6288171411105472,0.628817141112732,both,2.1848078901598456e-12,True
asinh_saldo,30,39,8,17,0.5874727854122286,0.587472785414318,both,2.0894397323445446e-12,True
asinh_saldo,30,40,8,18,0.5360844916991684,0.536084491701197,both,2.028599510595086e-12,True
asinh_saldo,30,41,8,19,0.4999261341198491,0.499926134121885,both,2.035926982557612e-12,True
asinh_saldo,30,42,8,20,0.6156757031876656,0.615675703189555,both,1.8893775433070914e-12,True
asinh_saldo,30,43,8,21,0.5977270365117523,0.597727036513926,both,2.173705659913594e-12,True
asinh_saldo,30,44,8,22,0.4958917622615951,0.495891762263319,both,1.7238988014867118e-12,True
asinh_saldo,30,45,8,23,0.4340678784391286,0.434067878440902,both,1.7734147483849938e-12,True
asinh_saldo,31,0,9,-23,0.4811268072545916,0.481126807256913,both,2.32136532218874e-12,True
asinh_saldo,31,1,9,-22,0.4575072478056095,0.457507247807778,both,2.168543122849087e-12,True
asinh_saldo,31,2,9,-21,0.4846354415887749,0.484635441591063,both,2.288058631449985e-12,True
asinh_saldo,31,3,9,-20,0.4616999374802997,0.46169993748249,both,2.19030349413174e-12,True
asinh_saldo,31,4,9,-19,0.4807922428709808,0.48079224287326,both,2.279176847252984e-12,True
asinh_saldo,31,5,9,-18,0.4592028811612721,0.459202881163456,both,2.183864200588914e-12,True
asinh_saldo,31,6,9,-17,0.4184004309721112,0.418400430974211,both,2.0997648064735586e-12,True
asinh_saldo,31,7,9,-16,0.4527566763454133,0.452756676347559,both,2.14572803969304e-12,True
asinh_saldo,31,8,9,-15,0.4485026140142644,0.448502614016378,both,2.1135870831301418e-12,True
asinh_saldo,31,9,9,-14,0.3896462605387061,0.38964626054069,both,1.9839130338539235e-12,True
asinh_saldo,31,10,9,-13,0.4082948867206848,0.408294886722734,both,2.0491941477018827e-12,True
asinh_saldo,31,11,9,-12,0.3864966052431616,0.386496605244959,both,1.7973955657168972e-12,True
asinh_saldo,31,12,9,-11,0.431457721899308,0.431457721901525,both,2.217004357873975e-12,True
asinh_saldo,31,13,9,-10,0.4716257612130815,0.471625761215337,both,2.255529096828468e-12,True
asinh_saldo,31,14,9,-9,0.4610697423229198,0.461069742325179,both,2.259192832809731e-12,True
asinh_saldo,31,15,9,-8,0.4032631017250921,0.40326310172715,both,2.05790939844519e-12,True
asinh_saldo,31,16,9,-7,0.3800657030042085,0.380065703006267,both,2.058520021108734e-12,True
asinh_saldo,31,17,9,-6,0.4198869481983701,0.419886948200481,both,2.1109225478710414e-12,True
asinh_saldo,31,18,9,-5,0.4220723386680796,0.422072338670159,both,2.079392213971687e-12,True
asinh_saldo,31,19,9,-4,0.4618570666377631,0.461857066639962,both,2.198907722572585e-12,True
asinh_saldo,31,20,9,-3,0.4573254554600333,0.457325455462247,both,2.213729199951331e-12,True
asinh_saldo,31,21,9,-2,0.368154073494045,0.368154073495882,both,1.836975016544784e-12,True
asinh_saldo,31,22,9,0,0.3383643762609047,0.338364376262633,both,1.7282841824339812e-12,True
asinh_saldo,31,23,9,1,0.3807656574869292,0.380765657489048,both,2.11880513134588e-12,True
asinh_saldo,31,24,9,2,0.4505369514996387,0.450536951501734,both,2.095323914375058e-12,True
asinh_saldo,31,25,9,3,0.5866434017796035,0.58664340178185,both,2.2465362903290043e-12,True
asinh_saldo,31,26,9,4,0.5451257238294778,0.545125723831664,both,2.1862511800918583e-12,True
asinh_saldo,31,27,9,5,0.573950539107684,0.573950539109846,both,2.1619372958525673e-12,True
asinh_saldo,31,28,9,6,0.6113331753294616,0.611333175331724,both,2.262412479581144e-12,True
asinh_saldo,31,29,9,7,0.5684794571487978,0.568479457150988,both,2.190247982980509e-12,True
asinh_saldo,31,30,9,8,0.62679993190912,0.626799931911414,both,2.294053835782961e-12,True
asinh_saldo,31,31,9,9,0.8128831136530374,0.812883113655468,both,2.4305002455093927e-12,True
asinh_saldo,31,32,9,10,0.5957218368569643,0.595721836858998,both,2.0337065365083618e-12,True
asinh_saldo,31,33,9,11,0.5249730564823443,0.52497305648424,both,1.8957058145474548e-12,True
asinh_saldo,31,34,9,12,0.4157184448137021,0.415718444815402,both,1.6998624730035772e-12,True
asinh_saldo,31,35,9,13,0.6010834031139491,0.601083403116213,both,2.2638557695131567e-12,True
asinh_saldo,31,36,9,14,0.6240850702096238,0.624085070211833,both,2.209232796701599e-12,True
asinh_saldo,31,37,9,15,0.596848716700365,0.596848716702489,both,2.123967668410387e-12,True
asinh_saldo,31,38,9,16,0.610810070295607,0.610810070297791,both,2.184030734042608e-12,True
asinh_saldo,31,39,9,17,0.5849683552852327,0.584968355287327,both,2.0943247136528953e-12,True
asinh_saldo,31,40,9,18,0.5637359752990019,0.563735975301054,both,2.0521362387171393e-12,True
asinh_saldo,31,41,9,19,0.4774004826617558,0.477400482663786,both,2.0302093339807925e-12,True
asinh_saldo,31,42,9,20,0.6244418912625813,0.62444189126448,both,1.8987034167139427e-12,True
asinh_saldo,31,43,9,21,0.5757716751868047,0.575771675188974,both,2.1692647678150934e-12,True
asinh_saldo,31,44,9,22,0.564488037316954,0.564488037318687,both,1.7330581414398694e-12,True
asinh_saldo,31,45,9,23,0.4717170098848007,0.471717009886603,both,1.8022805470252479e-12,True
asinh_saldo,32,0,10,-23,0.4063347441277232,0.406334744129735,both,2.011835142923246e-12,True
asinh_saldo,32,1,10,-22,0.3543229192181619,0.354322919220011,both,1.8491319586644295e-12,True
asinh_saldo,32,2,10,-21,0.4114787930155152,0.411478793017498,both,1.9828028108292983e-12,True
asinh_saldo,32,3,10,-20,0.3769102118240901,0.376910211825972,both,1.8818835378908716e-12,True
asinh_saldo,32,4,10,-19,0.3756868113889302,0.375686811390884,both,1.9538259898865817e-12,True
asinh_saldo,32,5,10,-18,0.362930214146458,0.362930214148328,both,1.8700041515273824e-12,True
asinh_saldo,32,6,10,-17,0.3495525489055743,0.349552548907384,both,1.8097190412902364e-12,True
asinh_saldo,32,7,10,-16,0.3507997477580152,0.350799747759847,both,1.831812479480277e-12,True
asinh_saldo,32,8,10,-15,0.3696406943838726,0.369640694385688,both,1.8153811787158247e-12,True
asinh_saldo,32,9,10,-14,0.3536820544668946,0.353682054468616,both,1.7214007996813052e-12,True
asinh_saldo,32,10,10,-13,0.3526092797642927,0.352609279766063,both,1.7703061239160434e-12,True
asinh_saldo,32,11,10,-12,0.3367382680690059,0.33673826807054,both,1.5341061754270413e-12,True
asinh_saldo,32,12,10,-11,0.3950715856919798,0.39507158569392,both,1.9401702466836923e-12,True
asinh_saldo,32,13,10,-10,0.3964731639062621,0.396473163908215,both,1.9529378114668816e-12,True
asinh_saldo,32,14,10,-9,0.3731016059031742,0.373101605905123,both,1.9487744751245373e-12,True
asinh_saldo,32,15,10,-8,0.3361586274553764,0.336158627457149,both,1.772582081116525e-12,True
asinh_saldo,32,16,10,-7,0.3055699889896422,0.305569988991412,both,1.769806523554962e-12,True
asinh_saldo,32,17,10,-6,0.3564797599660905,0.356479759967913,both,1.8224866060734257e-12,True
asinh_saldo,32,18,10,-5,0.3423716008712551,0.342371600873042,both,1.7869039581341895e-12,True
asinh_saldo,32,19,10,-4,0.3931688848435205,0.393168884845428,both,1.9074741786084815e-12,True
asinh_saldo,32,20,10,-3,0.3293217598269614,0.32932175982884,both,1.8786083799682274e-12,True
asinh_saldo,32,21,10,-2,0.3158701749617337,0.315870174963308,both,1.574296248918472e-12,True
asinh_saldo,32,22,10,0,0.3105107459407762,0.310510745942258,both,1.4818146709671964e-12,True
asinh_saldo,32,23,10,1,0.3195591230190363,0.319559123020866,both,1.8297030557334892e-12,True
asinh_saldo,32,24,10,2,0.3926422151063137,0.392642215108129,both,1.8153256675645935e-12,True
asinh_saldo,32,25,10,3,0.5136160822865783,0.513616082288534,both,1.9556578578772132e-12,True
asinh_saldo,32,26,10,4,0.4980112039442559,0.498011203946165,both,1.909084001994188e-12,True
asinh_saldo,32,27,10,5,0.510008915290537,0.510008915292414,both,1.8769430454312896e-12,True
asinh_saldo,32,28,10,6,0.5665202016619076,0.566520201663893,both,1.9854118349371674e-12,True
asinh_saldo,32,29,10,7,0.5162259174737026,0.516225917475615,both,1.912359159916832e-12,True
asinh_saldo,32,30,10,8,0.5182060444013707,0.518206044403344,both,1.9731993816662907e-12,True
asinh_saldo,32,31,10,9,0.595721836856966,0.595721836858998,both,2.032041201971424e-12,True
asinh_saldo,32,32,10,10,0.6696407613426579,0.669640761344515,both,1.8570700532904993e-12,True
asinh_saldo,32,33,10,11,0.489836329756329,0.489836329757976,both,1.6469603458801885e-12,True
asinh_saldo,32,34,10,12,0.3260451557112486,0.326045155712672,both,1.4234169398719132e-12,True
asinh_saldo,32,35,10,13,0.5221815731796272,0.522181573181593,both,1.965760887401302e-12,True
asinh_saldo,32,36,10,14,0.5408352614531055,0.540835261455018,both,1.912581204521757e-12,True
asinh_saldo,32,37,10,15,0.5245831943011701,0.52458319430301,both,1.839972618711272e-12,True
asinh_saldo,32,38,10,16,0.5092192884508865,0.509219288452768,both,1.8814949598322528e-12,True
asinh_saldo,32,39,10,17,0.4673231654426775,0.467323165444459,both,1.7815193764647574e-12,True
asinh_saldo,32,40,10,18,0.5476878625805108,0.547687862582313,both,1.802114013571554e-12,True
asinh_saldo,32,41,10,19,0.477697410900934,0.477697410902725,both,1.7910117833253025e-12,True
asinh_saldo,32,42,10,20,0.5338690191816985,0.533869019183334,both,1.635469537575318e-12,True
asinh_saldo,32,43,10,21,0.5229479161256497,0.522947916127542,both,1.892264123171117e-12,True
asinh_saldo,32,44,10,22,0.5408533710122001,0.540853371013679,both,1.478928091103171e-12,True
asinh_saldo,32,45,10,23,0.43863565227827,0.438635652279821,both,1.5509815654013437e-12,True
asinh_saldo,33,0,11,-23,0.3550979634427562,0.355097963444648,both,1.8918200339612667e-12,True
asinh_saldo,33,1,11,-22,0.2971139801784134,0.297113980180143,both,1.7296164500635314e-12,True
asinh_saldo,33,2,11,-21,0.3178004958426459,0.317800495844488,both,1.8420820424580597e-12,True
asinh_saldo,33,3,11,-20,0.3045000147928052,0.304500014794558,both,1.7528201112781971e-12,True
asinh_saldo,33,4,11,-19,0.3269358180767158,0.32693581807855,both,1.834199458983221e-12,True
asinh_saldo,33,5,11,-18,0.342684514379417,0.34268451438119,both,1.773026170326375e-12,True
asinh_saldo,33,6,11,-17,0.3439798839856598,0.343979883987378,both,1.7181811529098923e-12,True
asinh_saldo,33,7,11,-16,0.3337080013899598,0.333708001391693,both,1.7331691637423319e-12,True
asinh_saldo,33,8,11,-15,0.3059909420374925,0.305990942039176,both,1.6834866833903561e-12,True
asinh_saldo,33,9,11,-14,0.3086724084956985,0.308672408497297,both,1.5984991108553004e-12,True
asinh_saldo,33,10,11,-13,0.349417659519755,0.349417659521429,both,1.673994276529811e-12,True
asinh_saldo,33,11,11,-12,0.3599009307679165,0.359900930769374,both,1.4575007867279055e-12,True
asinh_saldo,33,12,11,-11,0.2629600053568289,0.262960005358606,both,1.7770784843662568e-12,True
asinh_saldo,33,13,11,-10,0.3414224016947342,0.34142240169657,both,1.8358092823689276e-12,True
asinh_saldo,33,14,11,-9,0.3302492522429585,0.330249252244799,both,1.8405277302235845e-12,True
asinh_saldo,33,15,11,-8,0.286535967580439,0.286535967582095,both,1.6560086635308835e-12,True
asinh_saldo,33,16,11,-7,0.255555281369783,0.255555281371434,both,1.6510126599200703e-12,True
asinh_saldo,33,17,11,-6,0.3214354161969643,0.321435416198676,both,1.711686348215835e-12,True
asinh_saldo,33,18,11,-5,0.3212383913840688,0.321238391385754,both,1.6852075290785251e-12,True
asinh_saldo,33,19,11,-4,0.3216569764751899,0.321656976476967,both,1.7770784843662568e-12,True
asinh_saldo,33,20,11,-3,0.2895917223132235,0.289591722314991,both,1.7674750552032492e-12,True
asinh_saldo,33,21,11,-2,0.2803405411067854,0.280340541108243,both,1.457611809030368e-12,True
asinh_saldo,33,22,11,0,0.3211566325850847,0.321156632586475,both,1.3902767825868523e-12,True
asinh_saldo,33,23,11,1,0.2731257548599597,0.273125754861675,both,1.7152945730458669e-12,True
asinh_saldo,33,24,11,2,0.3458895308467761,0.345889530848475,both,1.6989187834326458e-12,True
asinh_saldo,33,25,11,3,0.4962112391567527,0.496211239158605,both,1.852296094284611e-12,True
asinh_saldo,33,26,11,4,0.4043067335394266,0.404306733541184,both,1.7574275368303915e-12,True
asinh_saldo,33,27,11,5,0.4636752918909915,0.463675291892749,both,1.7574830479816228e-12,True
asinh_saldo,33,28,11,6,0.5430299647443185,0.543029964746194,both,1.875499755499277e-12,True
asinh_saldo,33,29,11,7,0.4833650813660567,0.483365081367853,both,1.796285342692272e-12,True
asinh_saldo,33,30,11,8,0.4953746891293367,0.495374689131206,both,1.8693380177126073e-12,True
asinh_saldo,33,31,11,9,0.5249730564823462,0.52497305648424,both,1.893818435405592e-12,True
asinh_saldo,33,32,11,10,0.489836329756329,0.489836329757976,both,1.6469603458801885e-12,True
asinh_saldo,33,33,11,11,0.6364050846146427,0.636405084616262,both,1.6192602814157908e-12,True
asinh_saldo,33,34,11,12,0.3629868731191221,0.362986873120482,both,1.3599121828633542e-12,True
asinh_saldo,33,35,11,13,0.4488868625331829,0.448886862535024,both,1.8411383528871283e-12,True
asinh_saldo,33,36,11,14,0.4845963563521041,0.484596356353898,both,1.793898363189328e-12,True
asinh_saldo,33,37,11,15,0.4453307792612672,0.445330779262977,both,1.7097989690739723e-12,True
asinh_saldo,33,38,11,16,0.483328214958341,0.48332821496012,both,1.7790213746593508e-12,True
asinh_saldo,33,39,11,17,0.4338132681308175,0.433813268132498,both,1.6804890812238682e-12,True
asinh_saldo,33,40,11,18,0.4970064006255664,0.497006400627249,both,1.682598504970656e-12,True
asinh_saldo,33,41,11,19,0.4360736756336281,0.436073675635307,both,1.678934768989393e-12,True
asinh_saldo,33,42,11,20,0.5140835357236914,0.514083535725228,both,1.5366596883836792e-12,True
asinh_saldo,33,43,11,21,0.4144332065125697,0.414433206514319,both,1.7492673975993966e-12,True
asinh_saldo,33,44,11,22,0.460692525930231,0.46069252593161,both,1.3789525077356757e-12,True
asinh_saldo,33,45,11,23,0.4852526205716228,0.485252620573103,both,1.48020484758149e-12,True
asinh_saldo,34,0,12,-23,0.3320874877543922,0.332087487756133,both,1.7408297026122455e-12,True
asinh_saldo,34,1,12,-22,0.254722823910522,0.254722823912088,both,1.5660250873850146e-12,True
asinh_saldo,34,2,12,-21,0.2722844572392783,0.272284457240952,both,1.6737167207736547e-12,True
asinh_saldo,34,3,12,-20,0.2619570890921285,0.261957089093718,both,1.5895063043558366e-12,True
asinh_saldo,34,4,12,-19,0.2535803750111423,0.253580375012791,both,1.6487367027195887e-12,True
asinh_saldo,34,5,12,-18,0.2708568226973805,0.270856822698974,both,1.5935031072444872e-12,True
asinh_saldo,34,6,12,-17,0.2485065333550326,0.248506533356559,both,1.526417880981512e-12,True
asinh_saldo,34,7,12,-16,0.2762427769397619,0.276242776941328,both,1.5660805985362458e-12,True
asinh_saldo,34,8,12,-15,0.2523480088964004,0.252348008897914,both,1.513567049471476e-12,True
asinh_saldo,34,9,12,-14,0.220709365809603,0.220709365811011,both,1.4080125954052392e-12,True
asinh_saldo,34,10,12,-13,0.2438061464696342,0.243806146471109,both,1.4747925103364423e-12,True
asinh_saldo,34,11,12,-12,0.4951738710226891,0.495173871024117,both,1.4278578319704138e-12,True
asinh_saldo,34,12,12,-11,0.2809426600126314,0.280942660014279,both,1.6475709685437323e-12,True
asinh_saldo,34,13,12,-10,0.2266713151680363,0.226671315169659,both,1.6227019727921288e-12,True
asinh_saldo,34,14,12,-9,0.2418325465933649,0.24183254659501,both,1.6451007223139413e-12,True
asinh_saldo,34,15,12,-8,0.2386249581661245,0.238624958167616,both,1.491501366857051e-12,True
asinh_saldo,34,16,12,-7,0.1494876666486158,0.149487666650068,both,1.4521994717853204e-12,True
asinh_saldo,34,17,12,-6,0.193636652980839,0.193636652982331,both,1.4919732116425166e-12,True
asinh_saldo,34,18,12,-5,0.253959623364025,0.253959623365539,both,1.514011138681326e-12,True
asinh_saldo,34,19,12,-4,0.2370218267648015,0.237021826766392,both,1.5905055050779993e-12,True
asinh_saldo,34,20,12,-3,0.2340534377355997,0.234053437737194,both,1.5943080189373404e-12,True
asinh_saldo,34,21,12,-2,0.1821083697956025,0.182108369796875,both,1.2725098752497388e-12,True
asinh_saldo,34,22,12,0,0.4905644762646286,0.490564476265991,both,1.3623546735175296e-12,True
asinh_saldo,34,23,12,1,0.1993922746495124,0.199392274651041,both,1.5286105714551468e-12,True
asinh_saldo,34,24,12,2,0.246052325608871,0.246052325610376,both,1.5049905766062466e-12,True
asinh_saldo,34,25,12,3,0.3577999312460564,0.357799931247695,both,1.6385781620442685e-12,True
asinh_saldo,34,26,12,4,0.3507618437530826,0.350761843754672,both,1.5893952820533741e-12,True
asinh_saldo,34,27,12,5,0.3526971859508495,0.352697185952412,both,1.5625278848574453e-12,True
asinh_saldo,34,28,12,6,0.3979116123832632,0.397911612384925,both,1.6617818232589343e-12,True
asinh_saldo,34,29,12,7,0.374831558773304,0.374831558774911,both,1.6069923169936828e-12,True
asinh_saldo,34,30,12,8,0.3686012793290473,0.368601279330709,both,1.661726312107703e-12,True
asinh_saldo,34,31,12,9,0.415718444813703,0.415718444815402,both,1.698974294583877e-12,True
asinh_saldo,34,32,12,10,0.326045155711247,0.326045155712672,both,1.4250267632576197e-12,True
asinh_saldo,34,33,12,11,0.3629868731191217,0.362986873120482,both,1.360300760921973e-12,True
asinh_saldo,34,34,12,12,0.6664554930662748,0.666455493067732,both,1.457167719820518e-12,True
asinh_saldo,34,35,12,13,0.3737760872367772,0.373776087238444,both,1.6668333380209788e-12,True
asinh_saldo,34,36,12,14,0.377450553567659,0.377450553569264,both,1.6049939155493576e-12,True
asinh_saldo,34,37,12,15,0.3656723306106299,0.365672330612164,both,1.53405066427581e-12,True
asinh_saldo,34,38,12,16,0.3926445476728422,0.392644547674442,both,1.5998313784848506e-12,True
asinh_saldo,34,39,12,17,0.403040229263125,0.403040229264664,both,1.538991156735392e-12,True
asinh_saldo,34,40,12,18,0.3690040070980178,0.369004007099504,both,1.4862000519144658e-12,True
asinh_saldo,34,41,12,19,0.3126227945859475,0.31262279458743,both,1.4824808047819715e-12,True
asinh_saldo,34,42,12,20,0.3475997523835957,0.347599752384986,both,1.3903322937380835e-12,True
asinh_saldo,34,43,12,21,0.3311001908570249,0.331100190858589,both,1.5640821970919205e-12,True
asinh_saldo,34,44,12,22,0.3445138665783181,0.344513866579552,both,1.233901869568399e-12,True
asinh_saldo,34,45,12,23,0.3529636120452939,0.352963612046578,both,1.284083950281456e-12,True
asinh_saldo,35,0,13,-23,0.5983652619179213,0.598365261920283,both,2.3617774402850955e-12,True
asinh_saldo,35,1,13,-22,0.5216764573675386,0.521676457369714,both,2.1753709944505317e-12,True
asinh_saldo,35,2,13,-21,0.5608115102812458,0.560811510283545,both,2.299271883998699e-12,True
asinh_saldo,35,3,13,-20,0.5457682260894374,0.545768226091645,both,2.2075674621646613e-12,True
asinh_saldo,35,4,13,-19,0.4514801258218319,0.451480125824066,both,2.2341017924532025e-12,True
asinh_saldo,35,5,13,-18,0.4814573501502367,0.481457350152406,both,2.1692647678150934e-12,True
asinh_saldo,35,6,13,-17,0.426275209634428,0.42627520963651,both,2.082001238079556e-12,True
asinh_saldo,35,7,13,-16,0.4536889858953339,0.453688985897454,both,2.120081887824199e-12,True
asinh_saldo,35,8,13,-15,0.4546377664216404,0.454637766423737,both,2.096600670853377e-12,True
asinh_saldo,35,9,13,-14,0.4057082894315997,0.40570828943358,both,1.9803048090238917e-12,True
asinh_saldo,35,10,13,-13,0.3848789392751762,0.384878939277195,both,2.0188295479783847e-12,True
asinh_saldo,35,11,13,-12,0.352725955350129,0.352725955351896,both,1.7669754548421679e-12,True
asinh_saldo,35,12,13,-11,0.6209568778020143,0.620956877804314,both,2.2997159732085493e-12,True
asinh_saldo,35,13,13,-10,0.5492955278266792,0.549295527828952,both,2.272737553710158e-12,True
asinh_saldo,35,14,13,-9,0.5279958355316193,0.527995835533889,both,2.2696289292412075e-12,True
asinh_saldo,35,15,13,-8,0.398473669450489,0.398473669452525,both,2.0359824937088433e-12,True
asinh_saldo,35,16,13,-7,0.35229991252206,0.352299912524096,both,2.0359824937088433e-12,True
asinh_saldo,35,17,13,-6,0.4075050596577175,0.40750505965981,both,2.0924928456622638e-12,True
asinh_saldo,35,18,13,-5,0.4070288837920541,0.407028883794117,both,2.0629054020560034e-12,True
asinh_saldo,35,19,13,-4,0.4567126977858604,0.456712697788044,both,2.183642155983989e-12,True
asinh_saldo,35,20,13,-3,0.3924979180818851,0.392497918084043,both,2.1578849818126855e-12,True
asinh_saldo,35,21,13,-2,0.3196293213926128,0.31962932139442,both,1.8072210394848298e-12,True
asinh_saldo,35,22,13,0,0.3252770598982687,0.325277059899994,both,1.7252865802674933e-12,True
asinh_saldo,35,23,13,1,0.5144456016698545,0.514445601672043,both,2.1884716261411086e-12,True
asinh_saldo,35,24,13,2,0.5224171106787687,0.522417110680898,both,2.1292967389285877e-12,True
asinh_saldo,35,25,13,3,0.5316763738544273,0.531676373856627,both,2.1996848786898227e-12,True
asinh_saldo,35,26,13,4,0.52707653124229,0.527076531244449,both,2.1589396936860794e-12,True
asinh_saldo,35,27,13,5,0.5105332251827084,0.510533225184824,both,2.1156409957256983e-12,True
asinh_saldo,35,28,13,6,0.570881528516458,0.570881528518676,both,2.2180035585961377e-12,True
asinh_saldo,35,29,13,7,0.514089959621073,0.51408995962322,both,2.1470603073225902e-12,True
asinh_saldo,35,30,13,8,0.5490008548202033,0.549000854822431,both,2.2276624989103766e-12,True
asinh_saldo,35,31,13,9,0.6010834031139479,0.601083403116213,both,2.2650770148402444e-12,True
asinh_saldo,35,32,13,10,0.5221815731796242,0.522181573181593,both,1.96875848956779e-12,True
asinh_saldo,35,33,13,11,0.4488868625331802,0.448886862535024,both,1.8438028881462287e-12,True
asinh_saldo,35,34,13,12,0.3737760872367754,0.373776087238444,both,1.668609694860379e-12,True
asinh_saldo,35,35,13,13,0.8770704796618742,0.87707047966424,both,2.365774243173746e-12,True
asinh_saldo,35,36,13,14,0.6549258107279322,0.654925810730126,both,2.1938006966593093e-12,True
asinh_saldo,35,37,13,15,0.61248891014421,0.612488910146321,both,2.1109780590222726e-12,True
asinh_saldo,35,38,13,16,0.6002737011977579,0.600273701199911,both,2.153055511655566e-12,True
asinh_saldo,35,39,13,17,0.5606621569345291,0.560662156936586,both,2.0569101977230275e-12,True
asinh_saldo,35,40,13,18,0.5379398318882846,0.537939831890304,both,2.0193846594906972e-12,True
asinh_saldo,35,41,13,19,0.5010901247655528,0.501090124767579,both,2.0261570199409107e-12,True
asinh_saldo,35,42,13,20,0.5754729598492536,0.575472959851132,both,1.8783863353633024e-12,True
asinh_saldo,35,43,13,21,0.5579210339619384,0.557921033964077,both,2.138622612335439e-12,True
asinh_saldo,35,44,13,22,0.56102447683006,0.561024476831777,both,1.7170709298852671e-12,True
asinh_saldo,35,45,13,23,0.457493648065084,0.457493648066872,both,1.7879586700075834e-12,True
asinh_saldo,36,0,14,-23,0.5028420023695269,0.502842002371769,both,2.2420953982305036e-12,True
asinh_saldo,36,1,14,-22,0.4893058945540506,0.489305894556146,both,2.095379425526289e-12,True
asinh_saldo,36,2,14,-21,0.5285208786714601,0.528520878673678,both,2.2178925362936752e-12,True
asinh_saldo,36,3,14,-20,0.4739636066686492,0.473963606670752,both,2.1028179197912777e-12,True
asinh_saldo,36,4,14,-19,0.428099400907619,0.428099400909776,both,2.1569968033929854e-12,True
asinh_saldo,36,5,14,-18,0.419515610701623,0.419515610703695,both,2.0719537197066984e-12,True
asinh_saldo,36,6,14,-17,0.4179234389668129,0.417923438968828,both,2.0151103008458904e-12,True
asinh_saldo,36,7,14,-16,0.4120328685134046,0.412032868515438,both,2.0334289807522055e-12,True
asinh_saldo,36,8,14,-15,0.4161316429692305,0.416131642971241,both,2.010502875293696e-12,True
asinh_saldo,36,9,14,-14,0.4085494593397315,0.408549459341651,both,1.919464587274433e-12,True
asinh_saldo,36,10,14,-13,0.3623140074880651,0.362314007490007,both,1.9418910923718613e-12,True
asinh_saldo,36,11,14,-12,0.3340095824686157,0.334009582470309,both,1.6933121571582888e-12,True
asinh_saldo,36,12,14,-11,0.4575997379725885,0.457599737974732,both,2.1435075936437897e-12,True
asinh_saldo,36,13,14,-10,0.5686915042411598,0.568691504243381,both,2.2212232053675507e-12,True
asinh_saldo,36,14,14,-9,0.4941891700959053,0.494189170098094,both,2.1886936707460336e-12,True
asinh_saldo,36,15,14,-8,0.3792899134131785,0.379289913415141,both,1.962485729478658e-12,True
asinh_saldo,36,16,14,-7,0.3613280756714173,0.361328075673389,both,1.9717005805830468e-12,True
asinh_saldo,36,17,14,-6,0.4117828324062484,0.411782832408277,both,2.028599510595086e-12,True
asinh_saldo,36,18,14,-5,0.398462524016355,0.398462524018344,both,1.988964548615968e-12,True
asinh_saldo,36,19,14,-4,0.4107628023847902,0.410762802386878,both,2.087829908958838e-12,True
asinh_saldo,36,20,14,-3,0.3762919446419732,0.376291944644056,both,2.082833905348025e-12,True
asinh_saldo,36,21,14,-2,0.3094350352844004,0.309435035286132,both,1.7315593403566254e-12,True
asinh_saldo,36,22,14,0,0.2946618462408006,0.294661846242443,both,1.6424084314792253e-12,True
asinh_saldo,36,23,14,1,0.4145173549144309,0.414517354916493,both,2.0620727347875345e-12,True
asinh_saldo,36,24,14,2,0.532199097147405,0.532199097149471,both,2.066014026524954e-12,True
asinh_saldo,36,25,14,3,0.6296462459948997,0.629646245997087,both,2.187250380814021e-12,True
asinh_saldo,36,26,14,4,0.5677845514172134,0.567784551419332,both,2.1186385978921862e-12,True
asinh_saldo,36,27,14,5,0.5960396898178478,0.596039689819934,both,2.0862200855731317e-12,True
asinh_saldo,36,28,14,6,0.5679973127756877,0.567997312777836,both,2.1483925749521404e-12,True
asinh_saldo,36,29,14,7,0.5121034425467009,0.512103442548779,both,2.078115457493368e-12,True
asinh_saldo,36,30,14,8,0.6041833824522441,0.604183382454435,both,2.190914116795284e-12,True
asinh_saldo,36,31,14,9,0.6240850702096228,0.624085070211833,both,2.2102319974237616e-12,True
asinh_saldo,36,32,14,10,0.5408352614531022,0.540835261455018,both,1.91580085129317e-12,True
asinh_saldo,36,33,14,11,0.4845963563521012,0.484596356353898,both,1.7967849430533533e-12,True
asinh_saldo,36,34,14,12,0.3774505535676569,0.377450553569264,both,1.6071033392961454e-12,True
asinh_saldo,36,35,14,13,0.6549258107279315,0.654925810730126,both,2.1944668304740844e-12,True
asinh_saldo,36,36,14,14,0.8679038409751414,0.867903840977371,both,2.229660900354702e-12,True
asinh_saldo,36,37,14,15,0.6512304506676971,0.651230450669767,both,2.069899807111142e-12,True
asinh_saldo,36,38,14,16,0.6307804296518185,0.63078042965392,both,2.101541163312959e-12,True
asinh_saldo,36,39,14,17,0.584387802543062,0.584387802545069,both,2.0069501616148955e-12,True
asinh_saldo,36,40,14,18,0.5880370923571476,0.588037092359126,both,1.978417429882029e-12,True
asinh_saldo,36,41,14,19,0.4628530740685272,0.462853074070471,both,1.943778471513724e-12,True
asinh_saldo,36,42,14,20,0.5794522122596489,0.579452212261463,both,1.8141044222375058e-12,True
asinh_saldo,36,43,14,21,0.5560114635798382,0.55601146358191,both,2.0717871862530046e-12,True
asinh_saldo,36,44,14,22,0.5567801413184286,0.55678014132008,both,1.6514567491299204e-12,True
asinh_saldo,36,45,14,23,0.504545920396917,0.504545920398662,both,1.7449375278033585e-12,True
asinh_saldo,37,0,15,-23,0.4185568054518305,0.418556805453948,both,2.117528374867561e-12,True
asinh_saldo,37,1,15,-22,0.39253400690064,0.392534006902609,both,1.968980534172715e-12,True
asinh_saldo,37,2,15,-21,0.4180438506276479,0.418043850629729,both,2.081113059659856e-12,True
asinh_saldo,37,3,15,-20,0.3815818270084504,0.381581827010429,both,1.9785839633357227e-12,True
asinh_saldo,37,4,15,-19,0.384359866890249,0.384359866892306,both,2.05702122002549e-12,True
asinh_saldo,37,5,15,-18,0.4098437479112157,0.409843747913211,both,1.9952928198563313e-12,True
asinh_saldo,37,6,15,-17,0.3716011990919629,0.37160119909388,both,1.9171331189227203e-12,True
asinh_saldo,37,7,15,-16,0.3955669015688011,0.395566901570756,both,1.954936212911207e-12,True
asinh_saldo,37,8,15,-15,0.3883972847501465,0.388397284752071,both,1.9245161020364776e-12,True
asinh_saldo,37,9,15,-14,0.3689451894752611,0.368945189477088,both,1.826871987020695e-12,True
asinh_saldo,37,10,15,-13,0.3180200333455672,0.318020033347409,both,1.8418044867019034e-12,True
asinh_saldo,37,11,15,-12,0.3754661742346895,0.375466174236343,both,1.6535106617254769e-12,True
asinh_saldo,37,12,15,-11,0.435400351419169,0.43540035142123,both,2.0610180229141406e-12,True
asinh_saldo,37,13,15,-10,0.51272005200377,0.512720052005895,both,2.1249668691325496e-12,True
asinh_saldo,37,14,15,-9,0.4755304657994929,0.475530465801604,both,2.1111445924759664e-12,True
asinh_saldo,37,15,15,-8,0.3947242320621856,0.394724232064091,both,1.905420266012925e-12,True
asinh_saldo,37,16,15,-7,0.3600834847632176,0.360083484765115,both,1.8973711490843925e-12,True
asinh_saldo,37,17,15,-6,0.4061069451741945,0.406106945176148,both,1.953492922979194e-12,True
asinh_saldo,37,18,15,-5,0.428929263484987,0.428929263486922,both,1.9350077096191853e-12,True
asinh_saldo,37,19,15,-4,0.4329916786666177,0.432991678668643,both,2.025324352672442e-12,True
asinh_saldo,37,20,15,-3,0.4275415797302809,0.427541579732323,both,2.0420887203442817e-12,True
asinh_saldo,37,21,15,-2,0.2677268053569064,0.267726805358538,both,1.63158375698913e-12,True
asinh_saldo,37,22,15,0,0.3450895285353802,0.345089528536975,both,1.5947798637228061e-12,True
asinh_saldo,37,23,15,1,0.4153438427740367,0.415343842776029,both,1.9922952176898434e-12,True
asinh_saldo,37,24,15,2,0.4947803353045963,0.494780335306573,both,1.97669658419386e-12,True
asinh_saldo,37,25,15,3,0.6213841510697454,0.621384151071866,both,2.120525977034049e-12,True
asinh_saldo,37,26,15,4,0.5682225917550838,0.568222591757137,both,2.053135439439302e-12,True
asinh_saldo,37,27,15,5,0.5949485939419717,0.594948593943993,both,2.02127203863256e-12,True
asinh_saldo,37,28,15,6,0.5585773650220586,0.55857736502413,both,2.071454119345617e-12,True
asinh_saldo,37,29,15,7,0.5026111813601817,0.50261118136218,both,1.9982904220228193e-12,True
asinh_saldo,37,30,15,8,0.6040164720913944,0.604016472093517,both,2.1226354007808368e-12,True
asinh_saldo,37,31,15,9,0.5968487167003661,0.596848716702489,both,2.122857445385762e-12,True
asinh_saldo,37,32,15,10,0.5245831943011691,0.52458319430301,both,1.8409718194334346e-12,True
asinh_saldo,37,33,15,11,0.4453307792612665,0.445330779262977,both,1.7104651028887474e-12,True
asinh_saldo,37,34,15,12,0.36567233061063,0.365672330612164,both,1.5339951531245788e-12,True
asinh_saldo,37,35,15,13,0.6124889101442115,0.612488910146321,both,2.10953476909026e-12,True
asinh_saldo,37,36,15,14,0.6512304506676988,0.651230450669767,both,2.068234472574204e-12,True
asinh_saldo,37,37,15,15,0.7875989759227345,0.78759897592484,both,2.105426943899147e-12,True
asinh_saldo,37,38,15,16,0.6360907874032878,0.636090787405333,both,2.045141833662001e-12,True
asinh_saldo,37,39,15,17,0.6144733803964136,0.61447338039838,both,1.9663159989136147e-12,True
asinh_saldo,37,40,15,18,0.538505435976862,0.538505435978748,both,1.886046874233216e-12,True
asinh_saldo,37,41,15,19,0.5045179679279923,0.504517967929889,both,1.8967050152696174e-12,True
asinh_saldo,37,42,15,20,0.5982798709936408,0.598279870995379,both,1.7382761896556076e-12,True
asinh_saldo,37,43,15,21,0.5702391491029579,0.570239149104968,both,2.010058786083846e-12,True
asinh_saldo,37,44,15,22,0.5490112049340853,0.549011204935666,both,1.5807355424612979e-12,True
asinh_saldo,37,45,15,23,0.4813513192716878,0.481351319273354,both,1.666222715357435e-12,True
asinh_saldo,38,0,16,-23,0.433740909563753,0.433740909565939,both,2.1860291354869332e-12,True
asinh_saldo,38,1,16,-22,0.3806989271733252,0.380698927175344,both,2.0187740368271534e-12,True
asinh_saldo,38,2,16,-21,0.44333624752177,0.443336247523925,both,2.15499840194866e-12,True
asinh_saldo,38,3,16,-20,0.4049022613514306,0.404902261353482,both,2.051414593751133e-12,True
asinh_saldo,38,4,16,-19,0.4187632653629765,0.418763265365114,both,2.137512389310814e-12,True
asinh_saldo,38,5,16,-18,0.444025602778332,0.444025602780403,both,2.071010030135767e-12,True
asinh_saldo,38,6,16,-17,0.3625455314758538,0.362545531477823,both,1.96920257877764e-12,True
asinh_saldo,38,7,16,-16,0.3862309235617858,0.386230923563791,both,2.0052293159267265e-12,True
asinh_saldo,38,8,16,-15,0.4133295639454805,0.413329563947476,both,1.9955148644612564e-12,True
asinh_saldo,38,9,16,-14,0.3284697257991961,0.328469725801053,both,1.8569035198368056e-12,True
asinh_saldo,38,10,16,-13,0.3538719743214977,0.35387197432342,both,1.9222956559872273e-12,True
asinh_saldo,38,11,16,-12,0.3548853006979594,0.354885300699652,both,1.6925905121922824e-12,True
asinh_saldo,38,12,16,-11,0.4664508572773907,0.466450857279524,both,2.1332935418172383e-12,True
asinh_saldo,38,13,16,-10,0.5166585740130355,0.516658574015212,both,2.176481217475157e-12,True
asinh_saldo,38,14,16,-9,0.4900945240352569,0.49009452403743,both,2.17309503725005e-12,True
asinh_saldo,38,15,16,-8,0.4272641938025106,0.427264193804488,both,1.9774182291598663e-12,True
asinh_saldo,38,16,16,-7,0.3819437946438294,0.381943794645795,both,1.9655943539476084e-12,True
asinh_saldo,38,17,16,-6,0.3878295270103518,0.387829527012349,both,1.9972357101494254e-12,True
asinh_saldo,38,18,16,-5,0.4253188695213891,0.425318869523375,both,1.9859114352982488e-12,True
asinh_saldo,38,19,16,-4,0.4667351161974933,0.466735116199594,both,2.10070849604449e-12,True
asinh_saldo,38,20,16,-3,0.4389603931689797,0.438960393171082,both,2.102262808278965e-12,True
asinh_saldo,38,21,16,-2,0.2662712022327229,0.266271202234411,both,1.6880941089425505e-12,True
asinh_saldo,38,22,16,0,0.3551266932486758,0.355126693250327,both,1.651179193373764e-12,True
asinh_saldo,38,23,16,1,0.394240473623031,0.394240473625063,both,2.0319856908201928e-12,True
asinh_saldo,38,24,16,2,0.4887603436744503,0.488760343676472,both,2.021660616691179e-12,True
asinh_saldo,38,25,16,3,0.6228301647905851,0.62283016479275,both,2.1649348980190553e-12,True
asinh_saldo,38,26,16,4,0.5901401504494432,0.590140150451557,both,2.1137536165838355e-12,True
asinh_saldo,38,27,16,5,0.6193450130415231,0.619345013043601,both,2.077893412888443e-12,True
asinh_saldo,38,28,16,6,0.617244237038195,0.617244237040353,both,2.1580515152663793e-12,True
asinh_saldo,38,29,16,7,0.56513078862382,0.565130788625902,both,2.082001238079556e-12,True
asinh_saldo,38,30,16,8,0.628817141110548,0.628817141112732,both,2.184030734042608e-12,True
asinh_saldo,38,31,16,9,0.6108100702956082,0.610810070297791,both,2.1828094887155203e-12,True
asinh_saldo,38,32,16,10,0.5092192884508854,0.509219288452768,both,1.882605182856878e-12,True
asinh_saldo,38,33,16,11,0.4833282149583404,0.48332821496012,both,1.7796319973228947e-12,True
asinh_saldo,38,34,16,12,0.3926445476728418,0.392644547674442,both,1.6002199565434694e-12,True
asinh_saldo,38,35,16,13,0.6002737011977598,0.600273701199911,both,2.1511681325137033e-12,True
asinh_saldo,38,36,16,14,0.6307804296518202,0.63078042965392,both,2.0997648064735586e-12,True
asinh_saldo,38,37,16,15,0.6360907874032877,0.636090787405333,both,2.0452528559644634e-12,True
asinh_saldo,38,38,16,16,0.7900528912433686,0.790052891245532,both,2.16338058578458e-12,True
asinh_saldo,38,39,16,17,0.6430881140495212,0.64308811405155,both,2.028821555200011e-12,True
asinh_saldo,38,40,16,18,0.5772493701036233,0.57724937010558,both,1.956657058599376e-12,True
asinh_saldo,38,41,16,19,0.5018088996534116,0.501808899655358,both,1.9464430067728244e-12,True
asinh_saldo,38,42,16,20,0.5959235385042717,0.595923538506065,both,1.7933432516770154e-12,True
asinh_saldo,38,43,16,21,0.5745324068988086,0.574532406900873,both,2.0644597142904786e-12,True
asinh_saldo,38,44,16,22,0.5072221187114537,0.507222118713093,both,1.6392442958590436e-12,True
asinh_saldo,38,45,16,23,0.4733390247720048,0.473339024773719,both,1.7141843500212417e-12,True
asinh_saldo,39,0,17,-23,0.3979218039296193,0.397921803931699,both,2.0797252808790745e-12,True
asinh_saldo,39,1,17,-22,0.3484054641946875,0.348405464196603,both,1.915523295537014e-12,True
asinh_saldo,39,2,17,-21,0.420048416473376,0.420048416475436,both,2.060018822191978e-12,True
asinh_saldo,39,3,17,-20,0.3961632125716733,0.39616321257364,both,1.9667045769722336e-12,True
asinh_saldo,39,4,17,-19,0.3923525144065646,0.392352514408605,both,2.040423385807344e-12,True
asinh_saldo,39,5,17,-18,0.4067043718241569,0.406704371826128,both,1.971089957919503e-12,True
asinh_saldo,39,6,17,-17,0.3346071468969529,0.334607146898822,both,1.869060461956451e-12,True
asinh_saldo,39,7,17,-16,0.3716932850846109,0.371693285086527,both,1.9160784070493264e-12,True
asinh_saldo,39,8,17,-15,0.3715029391682499,0.37150293917014,both,1.8900991882730978e-12,True
asinh_saldo,39,9,17,-14,0.3313522930894044,0.331352293091183,both,1.778632796600732e-12,True
asinh_saldo,39,10,17,-13,0.3138896382180794,0.313889638219897,both,1.817601624765075e-12,True
asinh_saldo,39,11,17,-12,0.4054824579458782,0.40548245794753,both,1.651789816037308e-12,True
asinh_saldo,39,12,17,-11,0.4230331623672392,0.423033162369269,both,2.0298207559221737e-12,True
asinh_saldo,39,13,17,-10,0.4518354672268417,0.451835467228903,both,2.061295578670297e-12,True
asinh_saldo,39,14,17,-9,0.4789208159104449,0.478920815912535,both,2.0901058661593197e-12,True
asinh_saldo,39,15,17,-8,0.3743674440553586,0.374367444057228,both,1.8693935288638386e-12,True
asinh_saldo,39,16,17,-7,0.3567508744534761,0.356750874455349,both,1.872890731391408e-12,True
asinh_saldo,39,17,17,-6,0.3717570237076169,0.371757023709523,both,1.9061419109789313e-12,True
asinh_saldo,39,18,17,-5,0.4179209238540513,0.417920923855956,both,1.9046986210469186e-12,True
asinh_saldo,39,19,17,-4,0.4292002777134672,0.429200277715468,both,2.000788423828226e-12,True
asinh_saldo,39,20,17,-3,0.4377532293031255,0.437753229305151,both,2.0254908861261356e-12,True
asinh_saldo,39,21,17,-2,0.2485319386923608,0.248531938693958,both,1.5972223543769815e-12,True
asinh_saldo,39,22,17,0,0.3643219544336825,0.364321954435265,both,1.5825118993006981e-12,True
asinh_saldo,39,23,17,1,0.3594247914665735,0.359424791468503,both,1.9294565944960596e-12,True
asinh_saldo,39,24,17,2,0.4346350844326562,0.434635084434568,both,1.9118040484045196e-12,True
asinh_saldo,39,25,17,3,0.5939587116407331,0.593958711642812,both,2.0788926136106056e-12,True
asinh_saldo,39,26,17,4,0.5602088155834001,0.560208815585424,both,2.0239365738916604e-12,True
asinh_saldo,39,27,17,5,0.5855877422092561,0.585587742211249,both,1.992850329202156e-12,True
asinh_saldo,39,28,17,6,0.5999998002052025,0.599999800207281,both,2.078559546703218e-12,True
asinh_saldo,39,29,17,7,0.5451020035352868,0.545102003537287,both,2.000177801164682e-12,True
asinh_saldo,39,30,17,8,0.5874727854122289,0.587472785414318,both,2.089106665437157e-12,True
asinh_saldo,39,31,17,9,0.584968355285233,0.584968355287327,both,2.0939916467455078e-12,True
asinh_saldo,39,32,17,10,0.4673231654426762,0.467323165444459,both,1.7827961329430764e-12,True
asinh_saldo,39,33,17,11,0.4338132681308166,0.433813268132498,both,1.6813772596435683e-12,True
asinh_saldo,39,34,17,12,0.4030402292631244,0.403040229264664,both,1.5396017793989358e-12,True
asinh_saldo,39,35,17,13,0.5606621569345305,0.560662156936586,both,2.0555779300934773e-12,True
asinh_saldo,39,36,17,14,0.5843878025430641,0.584387802545069,both,2.0048407378681077e-12,True
asinh_saldo,39,37,17,15,0.6144733803964133,0.61447338039838,both,1.9666490658210023e-12,True
asinh_saldo,39,38,17,16,0.6430881140495214,0.64308811405155,both,2.028599510595086e-12,True
asinh_saldo,39,39,17,17,0.7648699372793352,0.764869937281385,both,2.0498047703654265e-12,True
asinh_saldo,39,40,17,18,0.5724522500621126,0.572452250064,both,1.887379141862766e-12,True
asinh_saldo,39,41,17,19,0.4880664592991577,0.488066459301023,both,1.8652857036727255e-12,True
asinh_saldo,39,42,17,20,0.5958412992049905,0.595841299206703,both,1.712519015484304e-12,True
asinh_saldo,39,43,17,21,0.5476246092590771,0.547624609261052,both,1.974975738505691e-12,True
asinh_saldo,39,44,17,22,0.5034492049562677,0.503449204957823,both,1.5553114351973818e-12,True
asinh_saldo,39,45,17,23,0.4751317693604007,0.475131769362041,both,1.6402990077324375e-12,True
asinh_saldo,40,0,18,-23,0.4465092521201134,0.446509252122199,both,2.085609462909588e-12,True
asinh_saldo,40,1,18,-22,0.3740183559423216,0.374018355944229,both,1.90741866745725e-12,True
asinh_saldo,40,2,18,-21,0.440245067394679,0.440245067396725,both,2.0459745009304697e-12,True
asinh_saldo,40,3,18,-20,0.4347769572913754,0.434776957293335,both,1.9595991496146326e-12,True
asinh_saldo,40,4,18,-19,0.3954342483204953,0.395434248322511,both,2.0157209235094342e-12,True
asinh_saldo,40,5,18,-18,0.4151874771061825,0.415187477108132,both,1.9494961200905436e-12,True
asinh_saldo,40,6,18,-17,0.4075198258890648,0.407519825890953,both,1.8881562979800037e-12,True
asinh_saldo,40,7,18,-16,0.3610911428956918,0.361091142897575,both,1.8832158055204218e-12,True
asinh_saldo,40,8,18,-15,0.3758272582625878,0.375827258264452,both,1.8642309917993316e-12,True
asinh_saldo,40,9,18,-14,0.3494627705448246,0.349462770546586,both,1.7613688285678109e-12,True
asinh_saldo,40,10,18,-13,0.3253215423458401,0.325321542347636,both,1.7958967646336532e-12,True
asinh_saldo,40,11,18,-12,0.3659594773294906,0.365959477331082,both,1.5913936834976994e-12,True
asinh_saldo,40,12,18,-11,0.3877825679960473,0.387782567998029,both,1.981692587804673e-12,True
asinh_saldo,40,13,18,-10,0.4254517169102648,0.425451716912282,both,2.017219724592678e-12,True
asinh_saldo,40,14,18,-9,0.3984932931160766,0.398493293118089,both,2.0123902544355587e-12,True
asinh_saldo,40,15,18,-8,0.3501002337692626,0.350100233771088,both,1.8254286970886824e-12,True
asinh_saldo,40,16,18,-7,0.3416128985347487,0.341612898536587,both,1.838307284174334e-12,True
asinh_saldo,40,17,18,-6,0.393864920629191,0.393864920631085,both,1.894040480010517e-12,True
asinh_saldo,40,18,18,-5,0.4104948273986565,0.410494827400528,both,1.8715029526106264e-12,True
asinh_saldo,40,19,18,-4,0.396997418054574,0.39699741805653,both,1.9559909247846008e-12,True
asinh_saldo,40,20,18,-3,0.349804847296896,0.349804847298839,both,1.9430013153964865e-12,True
asinh_saldo,40,21,18,-2,0.2782824549582715,0.278282454959861,both,1.5895063043558366e-12,True
asinh_saldo,40,22,18,0,0.3370207839911809,0.337020783992717,both,1.5361045768713666e-12,True
asinh_saldo,40,23,18,1,0.3394462027213378,0.339446202723231,both,1.893207812742048e-12,True
asinh_saldo,40,24,18,2,0.4270902919641934,0.427090291966074,both,1.8806067814125527e-12,True
asinh_saldo,40,25,18,3,0.531230407168184,0.531230407170191,both,2.0069501616148955e-12,True
asinh_saldo,40,26,18,4,0.496131263883811,0.496131263885763,both,1.9519941218959502e-12,True
asinh_saldo,40,27,18,5,0.5282282905127532,0.528228290514683,both,1.929789661403447e-12,True
asinh_saldo,40,28,18,6,0.6299884190037739,0.629988419005835,both,2.061129045216603e-12,True
asinh_saldo,40,29,18,7,0.5706308095423569,0.570630809544337,both,1.9800827644189667e-12,True
asinh_saldo,40,30,18,8,0.5360844916991696,0.536084491701197,both,2.0273782652679984e-12,True
asinh_saldo,40,31,18,9,0.563735975299003,0.563735975301054,both,2.051026015692514e-12,True
asinh_saldo,40,32,18,10,0.5476878625805096,0.547687862582313,both,1.8033352588986418e-12,True
asinh_saldo,40,33,18,11,0.4970064006255659,0.497006400627249,both,1.6830981053317373e-12,True
asinh_saldo,40,34,18,12,0.3690040070980177,0.369004007099504,both,1.4863110742169283e-12,True
asinh_saldo,40,35,18,13,0.537939831888287,0.537939831890304,both,2.0170531911389844e-12,True
asinh_saldo,40,36,18,14,0.5880370923571498,0.588037092359126,both,1.9761969838327786e-12,True
asinh_saldo,40,37,18,15,0.5385054359768625,0.538505435978748,both,1.8854917627209034e-12,True
asinh_saldo,40,38,18,16,0.5772493701036232,0.57724937010558,both,1.9567680809018384e-12,True
asinh_saldo,40,39,18,17,0.5724522500621131,0.572452250064,both,1.886935052652916e-12,True
asinh_saldo,40,40,18,18,0.7151214042276679,0.715121404229589,both,1.921129921811371e-12,True
asinh_saldo,40,41,18,19,0.544255462893564,0.544255462895427,both,1.863065257623475e-12,True
asinh_saldo,40,42,18,20,0.581151220722583,0.581151220724263,both,1.6799894808627869e-12,True
asinh_saldo,40,43,18,21,0.536423762116777,0.536423762118715,both,1.9380053117856733e-12,True
asinh_saldo,40,44,18,22,0.5571237400062421,0.55712374000776,both,1.517896919267514e-12,True
asinh_saldo,40,45,18,23,0.5187500403759268,0.518750040377553,both,1.6262546864709293e-12,True
asinh_saldo,41,0,19,-23,0.4541665277173871,0.454166527719499,both,2.111921748593204e-12,True
asinh_saldo,41,1,19,-22,0.3874664151790812,0.387466415181022,both,1.940780869347236e-12,True
asinh_saldo,41,2,19,-21,0.4637315794560587,0.463731579458144,both,2.0853319071534315e-12,True
asinh_saldo,41,3,19,-20,0.3872847430608874,0.387284743062847,both,1.9595991496146326e-12,True
asinh_saldo,41,4,19,-19,0.3872053785012059,0.387205378503239,both,2.033095913844818e-12,True
asinh_saldo,41,5,19,-18,0.3857497744971055,0.385749774499063,both,1.9574897258678448e-12,True
asinh_saldo,41,6,19,-17,0.3973147647524082,0.397314764754318,both,1.9098056469601943e-12,True
asinh_saldo,41,7,19,-16,0.3760070375575914,0.376007037559511,both,1.9195756095768957e-12,True
asinh_saldo,41,8,19,-15,0.3626385177582936,0.362638517760174,both,1.8803847368076276e-12,True
asinh_saldo,41,9,19,-14,0.3425222787644993,0.34252227876628,both,1.7806867091962886e-12,True
asinh_saldo,41,10,19,-13,0.2995441053942676,0.299544105396072,both,1.8043899707720357e-12,True
asinh_saldo,41,11,19,-12,0.3271142419575683,0.327114241959165,both,1.5967227540159001e-12,True
asinh_saldo,41,12,19,-11,0.4007536109354508,0.400753610937466,both,2.0151658119971216e-12,True
asinh_saldo,41,13,19,-10,0.3994880382568565,0.399488038258885,both,2.0284884882926235e-12,True
asinh_saldo,41,14,19,-9,0.4070006366163244,0.407000636618368,both,2.0435875214275256e-12,True
asinh_saldo,41,15,19,-8,0.3369384874679518,0.336938487469796,both,1.8441914662048475e-12,True
asinh_saldo,41,16,19,-7,0.3448292949281024,0.344829294929969,both,1.8666179713022757e-12,True
asinh_saldo,41,17,19,-6,0.365957736930521,0.36595773693242,both,1.898980972470099e-12,True
asinh_saldo,41,18,19,-5,0.431970363304194,0.431970363306106,both,1.9119705818582133e-12,True
asinh_saldo,41,19,19,-4,0.4215782851537624,0.42157828515576,both,1.997624288208044e-12,True
asinh_saldo,41,20,19,-3,0.3838874061198563,0.383887406121842,both,1.985744901844555e-12,True
asinh_saldo,41,21,19,-2,0.2483150632371685,0.248315063238769,both,1.6004975122996257e-12,True
asinh_saldo,41,22,19,0,0.3028925564499007,0.302892556451445,both,1.5443202272535927e-12,True
asinh_saldo,41,23,19,1,0.3695816830017324,0.369581683003666,both,1.933619930838404e-12,True
asinh_saldo,41,24,19,2,0.4680556038380083,0.46805560383994,both,1.93167704054531e-12,True
asinh_saldo,41,25,19,3,0.4833578471911172,0.483357847193124,both,2.006839139312433e-12,True
asinh_saldo,41,26,19,4,0.4481719948312531,0.448171994833199,both,1.945943406411743e-12,True
asinh_saldo,41,27,19,5,0.4848860893394447,0.484886089341377,both,1.9322876632088537e-12,True
asinh_saldo,41,28,19,6,0.5678207259553762,0.567820725957429,both,2.0528023725319144e-12,True
asinh_saldo,41,29,19,7,0.5558425453262507,0.555842545328248,both,1.9972912213006566e-12,True
asinh_saldo,41,30,19,8,0.4999261341198495,0.499926134121885,both,2.0355384044989933e-12,True
asinh_saldo,41,31,19,9,0.4774004826617566,0.477400482663786,both,2.0293766667123236e-12,True
asinh_saldo,41,32,19,10,0.4776974109009329,0.477697410902725,both,1.7921220063499277e-12,True
asinh_saldo,41,33,19,11,0.4360736756336272,0.436073675635307,both,1.6798229474090931e-12,True
asinh_saldo,41,34,19,12,0.3126227945859477,0.31262279458743,both,1.4822587601770465e-12,True
asinh_saldo,41,35,19,13,0.5010901247655539,0.501090124767579,both,2.0250467969162855e-12,True
asinh_saldo,41,36,19,14,0.4628530740685283,0.462853074070471,both,1.942668248489099e-12,True
asinh_saldo,41,37,19,15,0.5045179679279922,0.504517967929889,both,1.89681603757208e-12,True
asinh_saldo,41,38,19,16,0.5018088996534112,0.501808899655358,both,1.946776073680212e-12,True
asinh_saldo,41,39,19,17,0.488066459299158,0.488066459301023,both,1.8650081479165692e-12,True
asinh_saldo,41,40,19,18,0.5442554628935635,0.544255462895427,both,1.8635093468333253e-12,True
asinh_saldo,41,41,19,19,0.7175524947458531,0.717552494747824,both,1.970867913314578e-12,True
asinh_saldo,41,42,19,20,0.5397476543014446,0.53974765430315,both,1.705413588126703e-12,True
asinh_saldo,41,43,19,21,0.5061678460374724,0.506167846039424,both,1.9515500326861e-12,True
asinh_saldo,41,44,19,22,0.4411375765459622,0.441137576547514,both,1.5518142326698126e-12,True
asinh_saldo,41,45,19,23,0.4204899605102585,0.420489960511868,both,1.6094903187990894e-12,True
asinh_saldo,42,0,20,-23,0.4339971308344469,0.433997130836428,both,1.9810819651411293e-12,True
asinh_saldo,42,1,20,-22,0.446576279635892,0.446576279637725,both,1.8329782136561334e-12,True
asinh_saldo,42,2,20,-21,0.4709632773359521,0.470963277337898,both,1.945887895260512e-12,True
asinh_saldo,42,3,20,-20,0.3778394085483085,0.377839408550163,both,1.8545165403338615e-12,True
asinh_saldo,42,4,20,-19,0.421107493558841,0.421107493560773,both,1.9320101074526974e-12,True
asinh_saldo,42,5,20,-18,0.4507483169875098,0.450748316989363,both,1.8532397838555426e-12,True
asinh_saldo,42,6,20,-17,0.4007995390292984,0.400799539031088,both,1.789624004544521e-12,True
asinh_saldo,42,7,20,-16,0.4207231239538046,0.42072312395562,both,1.8153811787158247e-12,True
asinh_saldo,42,8,20,-15,0.4102911391344045,0.410291139136187,both,1.7824630660356888e-12,True
asinh_saldo,42,9,20,-14,0.370431402923785,0.37043140292547,both,1.6849854844736e-12,True
asinh_saldo,42,10,20,-13,0.3674202580968584,0.367420258098597,both,1.7386092565629951e-12,True
asinh_saldo,42,11,20,-12,0.3388953886948664,0.338895388696368,both,1.5015766408055242e-12,True
asinh_saldo,42,12,20,-11,0.4106402780356544,0.410640278037563,both,1.9085844016331066e-12,True
asinh_saldo,42,13,20,-10,0.4613918126117416,0.461391812613668,both,1.9264034811783404e-12,True
asinh_saldo,42,14,20,-9,0.469118439901274,0.469118439903211,both,1.9370061110635106e-12,True
asinh_saldo,42,15,20,-8,0.394180471107989,0.394180471109744,both,1.7550405573274475e-12,True
asinh_saldo,42,16,20,-7,0.352546799204133,0.352546799205902,both,1.7689738562864932e-12,True
asinh_saldo,42,17,20,-6,0.4395597339056589,0.439559733907458,both,1.7991164114050662e-12,True
asinh_saldo,42,18,20,-5,0.4065170003773512,0.406517000379123,both,1.771749413848056e-12,True
asinh_saldo,42,19,20,-4,0.4690889048590824,0.469088904860956,both,1.873612376357414e-12,True
asinh_saldo,42,20,20,-3,0.4285001097045116,0.428500109706394,both,1.882438649403184e-12,True
asinh_saldo,42,21,20,-2,0.3154894654985041,0.315489465500042,both,1.5378809337107668e-12,True
asinh_saldo,42,22,20,0,0.314782802864977,0.314782802866439,both,1.4619971899776374e-12,True
asinh_saldo,42,23,20,1,0.3796390075276582,0.379639007529491,both,1.8327561690512084e-12,True
asinh_saldo,42,24,20,2,0.4936949794178701,0.493694979419651,both,1.7809087538012136e-12,True
asinh_saldo,42,25,20,3,0.5679769052421975,0.567976905244064,both,1.866506948999813e-12,True
asinh_saldo,42,26,20,4,0.5281368975020163,0.528136897503836,both,1.8196555373606316e-12,True
asinh_saldo,42,27,20,5,0.5603838987008559,0.560383898702641,both,1.7851276012947892e-12,True
asinh_saldo,42,28,20,6,0.598490657230515,0.598490657232383,both,1.8680612612342884e-12,True
asinh_saldo,42,29,20,7,0.5360276726692103,0.536027672671029,both,1.8187673589409314e-12,True
asinh_saldo,42,30,20,8,0.615675703187667,0.615675703189555,both,1.8880452756775412e-12,True
asinh_saldo,42,31,20,9,0.6244418912625816,0.62444189126448,both,1.898370349806555e-12,True
asinh_saldo,42,32,20,10,0.5338690191816978,0.533869019183334,both,1.6361356713900932e-12,True
asinh_saldo,42,33,20,11,0.5140835357236911,0.514083535725228,both,1.5368817329886042e-12,True
asinh_saldo,42,34,20,12,0.3475997523835954,0.347599752384986,both,1.3906098494942398e-12,True
asinh_saldo,42,35,20,13,0.5754729598492555,0.575472959851132,both,1.8764989562214396e-12,True
asinh_saldo,42,36,20,14,0.5794522122596515,0.579452212261463,both,1.811550909280868e-12,True
asinh_saldo,42,37,20,15,0.5982798709936411,0.598279870995379,both,1.73794312274822e-12,True
asinh_saldo,42,38,20,16,0.595923538504272,0.595923538506065,both,1.7930101847696278e-12,True
asinh_saldo,42,39,20,17,0.5958412992049908,0.595841299206703,both,1.7121859485769164e-12,True
asinh_saldo,42,40,20,18,0.5811512207225824,0.581151220724263,both,1.6805445923750995e-12,True
asinh_saldo,42,41,20,19,0.5397476543014446,0.53974765430315,both,1.705413588126703e-12,True
asinh_saldo,42,42,20,20,0.8115181258010209,0.811518125802375,both,1.3541390231353034e-12,True
asinh_saldo,42,43,20,21,0.5847412378079321,0.58474123780972,both,1.787903158856352e-12,True
asinh_saldo,42,44,20,22,0.566134126084786,0.566134126086125,both,1.3390399900004013e-12,True
asinh_saldo,42,45,20,23,0.4974793789178772,0.497479378919343,both,1.4658274594125942e-12,True
asinh_saldo,43,0,21,-23,0.4178195701445849,0.417819570146758,both,2.1731505484012814e-12,True
asinh_saldo,43,1,21,-22,0.3982857660047261,0.39828576600675,both,2.023881062740429e-12,True
asinh_saldo,43,2,21,-21,0.4465465508556106,0.446546550857766,both,2.155386980007279e-12,True
asinh_saldo,43,3,21,-20,0.3890423081097008,0.38904230811174,both,2.0392021404802563e-12,True
asinh_saldo,43,4,21,-19,0.4160600766928319,0.416060076694961,both,2.1290746943236627e-12,True
asinh_saldo,43,5,21,-18,0.410129824815898,0.410129824817948,both,2.0500268149703516e-12,True
asinh_saldo,43,6,21,-17,0.3675814473596935,0.367581447361662,both,1.968480933811634e-12,True
asinh_saldo,43,7,21,-16,0.3820856314850693,0.38208563148707,both,2.0006774015257633e-12,True
asinh_saldo,43,8,21,-15,0.3648764242302657,0.364876424232225,both,1.9593215938584763e-12,True
asinh_saldo,43,9,21,-14,0.3439794012517134,0.343979401253571,both,1.857625164802812e-12,True
asinh_saldo,43,10,21,-13,0.3370056558114895,0.337005655813394,both,1.9044765764419935e-12,True
asinh_saldo,43,11,21,-12,0.3254311789462945,0.325431178947964,both,1.6694978732800791e-12,True
asinh_saldo,43,12,21,-11,0.4559428392302059,0.455942839232332,both,2.1260770921571748e-12,True
asinh_saldo,43,13,21,-10,0.4659272054615637,0.46592720546371,both,2.146338662356584e-12,True
asinh_saldo,43,14,21,-9,0.4833861479935629,0.483386147995729,both,2.1661006321949117e-12,True
asinh_saldo,43,15,21,-8,0.4468136497552109,0.44681364975719,both,1.9791390748480353e-12,True
asinh_saldo,43,16,21,-7,0.377340098229678,0.377340098231636,both,1.957989326228926e-12,True
asinh_saldo,43,17,21,-6,0.3977331376629044,0.397733137664897,both,1.9925727734459997e-12,True
asinh_saldo,43,18,21,-5,0.4382904937200259,0.438290493722013,both,1.9871326806253364e-12,True
asinh_saldo,43,19,21,-4,0.4732406280405056,0.473240628042609,both,2.1034285424548216e-12,True
asinh_saldo,43,20,21,-3,0.4090576886773138,0.409057688679393,both,2.079225680517993e-12,True
asinh_saldo,43,21,21,-2,0.2958597618714071,0.295859761873104,both,1.6968648708370893e-12,True
asinh_saldo,43,22,21,0,0.301425125089218,0.301425125090837,both,1.6190382368108658e-12,True
asinh_saldo,43,23,21,1,0.400367107179624,0.400367107181651,both,2.027045198360611e-12,True
asinh_saldo,43,24,21,2,0.4454195697991928,0.445419569801187,both,1.9942381079829374e-12,True
asinh_saldo,43,25,21,3,0.5242382720217675,0.524238272023878,both,2.11042294750996e-12,True
asinh_saldo,43,26,21,4,0.5599303994588334,0.559930399460921,both,2.0876633755051444e-12,True
asinh_saldo,43,27,21,5,0.531390806539038,0.531390806541076,both,2.0379253840019373e-12,True
asinh_saldo,43,28,21,6,0.5246546226943077,0.524654622696418,both,2.1103119252074976e-12,True
asinh_saldo,43,29,21,7,0.5416579762284267,0.5416579762305,both,2.07334149848748e-12,True
asinh_saldo,43,30,21,8,0.5977270365117547,0.597727036513926,both,2.1712631692594186e-12,True
asinh_saldo,43,31,21,9,0.5757716751868062,0.575771675188974,both,2.1678214778830807e-12,True
asinh_saldo,43,32,21,10,0.5229479161256497,0.522947916127542,both,1.892264123171117e-12,True
asinh_saldo,43,33,21,11,0.4144332065125703,0.414433206514319,both,1.7486567749358528e-12,True
asinh_saldo,43,34,21,12,0.3311001908570268,0.331100190858589,both,1.5621948179500578e-12,True
asinh_saldo,43,35,21,13,0.5579210339619411,0.557921033964077,both,2.135847054773876e-12,True
asinh_saldo,43,36,21,14,0.556011463579841,0.55601146358191,both,2.0690116286914417e-12,True
asinh_saldo,43,37,21,15,0.5702391491029591,0.570239149104968,both,2.0088375407567582e-12,True
asinh_saldo,43,38,21,16,0.5745324068988094,0.574532406900873,both,2.063682558173241e-12,True
asinh_saldo,43,39,21,17,0.5476246092590786,0.547624609261052,both,1.9734214262712158e-12,True
asinh_saldo,43,40,21,18,0.5364237621167769,0.536423762118715,both,1.9381163340881358e-12,True
asinh_saldo,43,41,21,19,0.5061678460374739,0.506167846039424,both,1.9501067427540875e-12,True
asinh_saldo,43,42,21,20,0.5847412378079327,0.58474123780972,both,1.787237025041577e-12,True
asinh_saldo,43,43,21,21,0.702162128828445,0.702162128830564,both,2.1189716647995738e-12,True
asinh_saldo,43,44,21,22,0.4980814675658359,0.498081467567464,both,1.628142065612792e-12,True
asinh_saldo,43,45,21,23,0.4015572325219121,0.401557232523585,both,1.6728840535051859e-12,True
asinh_saldo,44,0,22,-23,0.3802070747388571,0.380207074740672,both,1.8148815783547434e-12,True
asinh_saldo,44,1,22,-22,0.3441900058852173,0.344190005886884,both,1.666666804567285e-12,True
asinh_saldo,44,2,22,-21,0.3976396098271765,0.397639609828958,both,1.7815193764647574e-12,True
asinh_saldo,44,3,22,-20,0.3651811406598534,0.365181140661545,both,1.6915913114701198e-12,True
asinh_saldo,44,4,22,-19,0.3556794039009905,0.355679403902754,both,1.7634782523145986e-12,True
asinh_saldo,44,5,22,-18,0.3717336295528649,0.371733629554553,both,1.6881496200937818e-12,True
asinh_saldo,44,6,22,-17,0.3430311487582762,0.343031148759901,both,1.6247558853876853e-12,True
asinh_saldo,44,7,22,-16,0.3364584822622446,0.336458482263894,both,1.6494028365343638e-12,True
asinh_saldo,44,8,22,-15,0.3747793138741646,0.37477931387578,both,1.615430011980834e-12,True
asinh_saldo,44,9,22,-14,0.3625855408171027,0.362585540818621,both,1.5182854973261328e-12,True
asinh_saldo,44,10,22,-13,0.3228588982713865,0.322858898272957,both,1.5705214906347464e-12,True
asinh_saldo,44,11,22,-12,0.375082775654711,0.375082775656049,both,1.3379852781270074e-12,True
asinh_saldo,44,12,22,-11,0.3785044795682029,0.378504479569946,both,1.743105659812727e-12,True
asinh_saldo,44,13,22,-10,0.4048922907162139,0.404892290717976,both,1.7620904735338172e-12,True
asinh_saldo,44,14,22,-9,0.3715390616299597,0.371539061631731,both,1.771305324638206e-12,True
asinh_saldo,44,15,22,-8,0.3006051256845576,0.300605125686148,both,1.5903944827755367e-12,True
asinh_saldo,44,16,22,-7,0.296476269876803,0.296476269878408,both,1.6050494267005888e-12,True
asinh_saldo,44,17,22,-6,0.346502825256008,0.346502825257641,both,1.6329715357699115e-12,True
asinh_saldo,44,18,22,-5,0.3471958561605677,0.347195856162176,both,1.608324584623233e-12,True
asinh_saldo,44,19,22,-4,0.3665205933660256,0.366520593367736,both,1.7104095917375162e-12,True
asinh_saldo,44,20,22,-3,0.2793152613668255,0.27931526136854,both,1.7145174169286292e-12,True
asinh_saldo,44,21,22,-2,0.2727827353066528,0.272782735308027,both,1.3741785487297875e-12,True
asinh_saldo,44,22,22,0,0.3168013024287561,0.316801302430051,both,1.2949086247715513e-12,True
asinh_saldo,44,23,22,1,0.3168963057787274,0.316896305780394,both,1.6666112934160537e-12,True
asinh_saldo,44,24,22,2,0.3790002534199799,0.379000253421597,both,1.6170953465177718e-12,True
asinh_saldo,44,25,22,3,0.4840739810061201,0.484073981007823,both,1.7029155863212964e-12,True
asinh_saldo,44,26,22,4,0.4626405400953187,0.462640540096972,both,1.6532886171205519e-12,True
asinh_saldo,44,27,22,5,0.4870571153934035,0.487057115395028,both,1.624478329631529e-12,True
asinh_saldo,44,28,22,6,0.5130766109057965,0.513076610907502,both,1.7055246104291655e-12,True
asinh_saldo,44,29,22,7,0.4708437423774584,0.470843742379116,both,1.65761848691659e-12,True
asinh_saldo,44,30,22,8,0.4958917622615936,0.495891762263319,both,1.7253976025699558e-12,True
asinh_saldo,44,31,22,9,0.5644880373169531,0.564488037318687,both,1.7339463198595695e-12,True
asinh_saldo,44,32,22,10,0.5408533710121979,0.540853371013679,both,1.4811485371524213e-12,True
asinh_saldo,44,33,22,11,0.4606925259302282,0.46069252593161,both,1.3817835764484698e-12,True
asinh_saldo,44,34,22,12,0.3445138665783169,0.344513866579552,both,1.2351231148954867e-12,True
asinh_saldo,44,35,22,13,0.5610244768300591,0.561024476831777,both,1.7179591083049672e-12,True
asinh_saldo,44,36,22,14,0.5567801413184282,0.55678014132008,both,1.651789816037308e-12,True
asinh_saldo,44,37,22,15,0.5490112049340841,0.549011204935666,both,1.5819567877883856e-12,True
asinh_saldo,44,38,22,16,0.5072221187114522,0.507222118713093,both,1.6407986080935189e-12,True
asinh_saldo,44,39,22,17,0.5034492049562667,0.503449204957823,both,1.5563106359195444e-12,True
asinh_saldo,44,40,22,18,0.5571237400062387,0.55712374000776,both,1.521338610643852e-12,True
asinh_saldo,44,41,22,19,0.4411375765459608,0.441137576547514,both,1.553202011450594e-12,True
asinh_saldo,44,42,22,20,0.5661341260847843,0.566134126086125,both,1.340705324537339e-12,True
asinh_saldo,44,43,22,21,0.4980814675658336,0.498081467567464,both,1.6304180228132736e-12,True
asinh_saldo,44,44,22,22,0.7079940561071115,0.707994056108175,both,1.0634826352884375e-12,True
asinh_saldo,44,45,22,23,0.5225901966329111,0.522590196634207,both,1.2959633366449452e-12,True
asinh_saldo,45,0,23,-23,0.3649579761597876,0.364957976161617,both,1.829425499977333e-12,True
asinh_saldo,45,1,23,-22,0.2952318476427681,0.295231847644425,both,1.6568968419505836e-12,True
asinh_saldo,45,2,23,-21,0.3282537499641057,0.328253749965885,both,1.7792989304155071e-12,True
asinh_saldo,45,3,23,-20,0.3078115361472876,0.307811536148971,both,1.6833756610878936e-12,True
asinh_saldo,45,4,23,-19,0.2993326260101678,0.299332626011917,both,1.7492118864481654e-12,True
asinh_saldo,45,5,23,-18,0.2920616296215689,0.292061629623243,both,1.6741052988322735e-12,True
asinh_saldo,45,6,23,-17,0.315498836652836,0.315498836654465,both,1.628974732881261e-12,True
asinh_saldo,45,7,23,-16,0.2739928274889484,0.273992827490578,both,1.629640866696036e-12,True
asinh_saldo,45,8,23,-15,0.2924761722259995,0.292476172227605,both,1.6055490270616701e-12,True
asinh_saldo,45,9,23,-14,0.308391028239599,0.308391028241123,both,1.5240031459029524e-12,True
asinh_saldo,45,10,23,-13,0.2676653650510504,0.267665365052604,both,1.553646100660444e-12,True
asinh_saldo,45,11,23,-12,0.3482228513515482,0.348222851352921,both,1.3728462811002373e-12,True
asinh_saldo,45,12,23,-11,0.2617706642172601,0.261770664218968,both,1.7079115899321096e-12,True
asinh_saldo,45,13,23,-10,0.3298726773003884,0.329872677302149,both,1.7605916724505732e-12,True
asinh_saldo,45,14,23,-9,0.2874416091604814,0.287441609162229,both,1.747602063062459e-12,True
asinh_saldo,45,15,23,-8,0.2301339646097984,0.230133964611347,both,1.5485945858983996e-12,True
asinh_saldo,45,16,23,-7,0.2059551435877074,0.20595514358926,both,1.5526191443626658e-12,True
asinh_saldo,45,17,23,-6,0.2952281509099745,0.295228150911597,both,1.6224799281872038e-12,True
asinh_saldo,45,18,23,-5,0.3104610858625418,0.310461085864149,both,1.6072143615986079e-12,True
asinh_saldo,45,19,23,-4,0.2683886545808688,0.268388654582547,both,1.6782131240233866e-12,True
asinh_saldo,45,20,23,-3,0.238061298344641,0.23806129834631,both,1.6690260284946135e-12,True
asinh_saldo,45,21,23,-2,0.2143101084648371,0.214310108466179,both,1.341898814288811e-12,True
asinh_saldo,45,22,23,0,0.3099620768977613,0.309962076899071,both,1.3097301021502972e-12,True
asinh_saldo,45,23,23,1,0.2397201700781177,0.239720170079741,both,1.6233125954556726e-12,True
asinh_saldo,45,24,23,2,0.339874303478333,0.339874303479959,both,1.6260326418660043e-12,True
asinh_saldo,45,25,23,3,0.464423049955924,0.464423049957692,both,1.7680301667155618e-12,True
asinh_saldo,45,26,23,4,0.4193658187700442,0.419365818771741,both,1.696809359685858e-12,True
asinh_saldo,45,27,23,5,0.4347676155554877,0.434767615557166,both,1.6782686351746179e-12,True
asinh_saldo,45,28,23,6,0.4856051877645809,0.485605187766361,both,1.780131597683976e-12,True
asinh_saldo,45,29,23,7,0.4203238865589029,0.420323886560606,both,1.7030821197749901e-12,True
asinh_saldo,45,30,23,8,0.4340678784391305,0.434067878440902,both,1.771527369243131e-12,True
asinh_saldo,45,31,23,9,0.4717170098848028,0.471717009886603,both,1.80017112327846e-12,True
asinh_saldo,45,32,23,10,0.4386356522782707,0.438635652279821,both,1.5502599204353373e-12,True
asinh_saldo,45,33,23,11,0.4852526205716242,0.485252620573103,both,1.4787615576494773e-12,True
asinh_saldo,45,34,23,12,0.3529636120452956,0.352963612046578,both,1.2824186157445183e-12,True
asinh_saldo,45,35,23,13,0.4574936480650865,0.457493648066872,both,1.7854606682021767e-12,True
asinh_saldo,45,36,23,14,0.5045459203969207,0.504545920398662,both,1.7412737918220955e-12,True
asinh_saldo,45,37,23,15,0.4813513192716885,0.481351319273354,both,1.6655010703914286e-12,True
asinh_saldo,45,38,23,16,0.4733390247720065,0.473339024773719,both,1.7124635043330727e-12,True
asinh_saldo,45,39,23,17,0.4751317693604026,0.475131769362041,both,1.6384116285905748e-12,True
asinh_saldo,45,40,23,18,0.5187500403759271,0.518750040377553,both,1.6259216195635418e-12,True
asinh_saldo,45,41,23,19,0.4204899605102599,0.420489960511868,both,1.608102540018308e-12,True
asinh_saldo,45,42,23,20,0.4974793789178788,0.497479378919343,both,1.4642176360268877e-12,True
asinh_saldo,45,43,23,21,0.4015572325219125,0.401557232523585,both,1.672495475446567e-12,True
asinh_saldo,45,44,23,22,0.5225901966329136,0.522590196634207,both,1.2934098236883074e-12,True
asinh_saldo,45,45,23,23,0.6390021731001032,0.639002173101569,both,1.4658274594125942e-12,True
ln_salario_real_adm,0,0,-23,-23,0.0002728250116083,0.0002728250116081,both,2.0003530082357557e-16,True
ln_salario_real_adm,0,1,-23,-22,0.0001625263706173,0.0001625263706171,both,2.0000819576926343e-16,True
ln_salario_real_adm,0,2,-23,-21,0.0001304738864731,0.0001304738864728,both,3.000258461810512e-16,True
ln_salario_real_adm,0,3,-23,-20,9.889848073067552e-05,9.8898480730457e-05,both,2.1852094786445342e-16,True
ln_salario_real_adm,0,4,-23,-19,0.0001572271775119,0.0001572271775117,both,2.0000819576926343e-16,True
ln_salario_real_adm,0,5,-23,-18,8.95301763632869e-05,8.9530176362849e-05,both,4.3789570493973917e-16,True
ln_salario_real_adm,0,6,-23,-17,6.37283252316065e-05,6.37283252312979e-05,both,3.085910433436867e-16,True
ln_salario_real_adm,0,7,-23,-16,3.333550039839941e-05,3.33355003983747e-05,both,2.4713033269091467e-17,True
ln_salario_real_adm,0,8,-23,-15,0.0001686164570774,0.000168616457077,both,4.0001639153852686e-16,True
ln_salario_real_adm,0,9,-23,-14,0.0001167476754503,0.00011674767545,both,3.0001229365389515e-16,True
ln_salario_real_adm,0,10,-23,-13,7.244364453574456e-05,7.24436445354478e-05,both,2.9675968713643863e-16,True
ln_salario_real_adm,0,11,-23,-12,9.256827527294436e-05,9.25682752727451e-05,both,1.9926280677567965e-16,True
ln_salario_real_adm,0,12,-23,-11,0.0001157565465827,0.0001157565465823,both,3.999892864842147e-16,True
ln_salario_real_adm,0,13,-23,-10,3.408276240946202e-05,3.40827624091479e-05,both,3.1412047442336277e-16,True
ln_salario_real_adm,0,14,-23,-9,8.64155542811743e-05,8.64155542807331e-05,both,4.411889690386639e-16,True
ln_salario_real_adm,0,15,-23,-8,4.0375984752472226e-05,4.03759847520878e-05,both,3.844242090454697e-16,True
ln_salario_real_adm,0,16,-23,-7,8.152534332342111e-05,8.15253433229693e-05,both,4.518141503290218e-16,True
ln_salario_real_adm,0,17,-23,-6,7.180955581259307e-05,7.18095558122581e-05,both,3.349642611893966e-16,True
ln_salario_real_adm,0,18,-23,-5,0.0001138225602892,0.0001138225602887,both,4.999933843688464e-16,True
ln_salario_real_adm,0,19,-23,-4,0.0001101913277467,0.0001101913277465,both,1.9999464324210736e-16,True
ln_salario_real_adm,0,20,-23,-3,5.697332814586466e-05,5.69733281456198e-05,both,2.4486028439227314e-16,True
ln_salario_real_adm,0,21,-23,-2,3.418929943243331e-05,3.41892994320398e-05,both,3.9351117850361383e-16,True
ln_salario_real_adm,0,22,-23,0,1.4244520820685517e-05,1.42445208202369e-05,both,4.486174479860841e-16,True
ln_salario_real_adm,0,23,-23,1,9.420036861179925e-05,9.42003686113863e-05,both,4.129455024454165e-16,True
ln_salario_real_adm,0,24,-23,2,3.769053522088465e-05,3.76905352202254e-05,both,6.59249130979811e-16,True
ln_salario_real_adm,0,25,-23,3,3.5017458688745535e-05,3.50174586882203e-05,both,5.252349661970246e-16,True
ln_salario_real_adm,0,26,-23,4,5.8008663135753026e-05,5.80086631351188e-05,both,6.342243895861299e-16,True
ln_salario_real_adm,0,27,-23,5,4.902844689718789e-05,4.90284468966391e-05,both,5.487892583942722e-16,True
ln_salario_real_adm,0,28,-23,6,8.508894057975817e-05,8.50889405791853e-05,both,5.728788754141845e-16,True
ln_salario_real_adm,0,29,-23,7,9.88059092758605e-06,9.88059092694048e-06,both,6.455712429475485e-16,True
ln_salario_real_adm,0,30,-23,8,9.649295291976282e-05,9.64929529191659e-05,both,5.969210585890505e-16,True
ln_salario_real_adm,0,31,-23,9,3.8917639201575154e-05,3.89176392010681e-05,both,5.070542510171583e-16,True
ln_salario_real_adm,0,32,-23,10,7.926072849277302e-06,7.9260728486789e-06,both,5.984016721808511e-16,True
ln_salario_real_adm,0,33,-23,11,1.8653048447619945e-05,1.8653048447124e-05,both,4.959445668809709e-16,True
ln_salario_real_adm,0,34,-23,12,7.883110937797478e-05,7.88311093776175e-05,both,3.572852734154419e-16,True
ln_salario_real_adm,0,35,-23,13,4.681107497252156e-05,4.68110749720821e-05,both,4.394610218262651e-16,True
ln_salario_real_adm,0,36,-23,14,-4.621118346105706e-07,-4.62111835204228e-07,both,5.936573877037205e-16,True
ln_salario_real_adm,0,37,-23,15,3.605671064600355e-05,3.60567106453972e-05,both,6.063536174896744e-16,True
ln_salario_real_adm,0,38,-23,16,4.393261512344087e-05,4.39326151229729e-05,both,4.679687626990559e-16,True
ln_salario_real_adm,0,39,-23,17,1.982785182189684e-05,1.98278518213612e-05,both,5.356399189210964e-16,True
ln_salario_real_adm,0,40,-23,18,8.353786323190503e-05,8.35378632313973e-05,both,5.077318773749617e-16,True
ln_salario_real_adm,0,41,-23,19,5.366978994677566e-05,5.36697899462786e-05,both,4.970592622395575e-16,True
ln_salario_real_adm,0,42,-23,20,7.501546768113245e-05,7.50154676805448e-05,both,5.876511300142995e-16,True
ln_salario_real_adm,0,43,-23,21,4.438028294119725e-05,4.43802829407122e-05,both,4.850517231792806e-16,True
ln_salario_real_adm,0,44,-23,22,3.3011526588083596e-05,3.30115265875875e-05,both,4.960970328114767e-16,True
ln_salario_real_adm,0,45,-23,23,7.216618658263511e-05,7.21661865822848e-05,both,3.503057219300665e-16,True
ln_salario_real_adm,1,0,-22,-23,0.0001625263706173,0.0001625263706171,both,2.0000819576926343e-16,True
ln_salario_real_adm,1,1,-22,-22,0.0007241927419568,0.0007241927419568,both,0.0,True
ln_salario_real_adm,1,2,-22,-21,0.0005555189225732,0.0005555189225731,both,9.996344030316351e-17,True
ln_salario_real_adm,1,3,-22,-20,0.0004920302490423,0.0004920302490423,both,0.0,True
ln_salario_real_adm,1,4,-22,-19,0.0004416339042703,0.0004416339042703,both,0.0,True
ln_salario_real_adm,1,5,-22,-18,3.4310103934490485e-05,3.43101039341643e-05,both,3.26182223592264e-16,True
ln_salario_real_adm,1,6,-22,-17,0.0001542022943251,0.0001542022943249,both,2.0000819576926343e-16,True
ln_salario_real_adm,1,7,-22,-16,0.0007763168858786,0.0007763168858788,both,2.0003530082357557e-16,True
ln_salario_real_adm,1,8,-22,-15,0.0001208286989142,0.0001208286989138,both,3.999892864842147e-16,True
ln_salario_real_adm,1,9,-22,-14,0.000122145781003,0.0001221457810028,both,2.0000819576926343e-16,True
ln_salario_real_adm,1,10,-22,-13,0.0001298314837705,0.0001298314837703,both,1.999810907149513e-16,True
ln_salario_real_adm,1,11,-22,-12,0.0004393893542949,0.0004393893542948,both,1.0001765041178778e-16,True
ln_salario_real_adm,1,12,-22,-11,0.0001343217553304,0.0001343217553301,both,2.999987411267391e-16,True
ln_salario_real_adm,1,13,-22,-10,5.4326885628516555e-05,5.43268856283253e-05,both,1.9125326322644298e-16,True
ln_salario_real_adm,1,14,-22,-9,9.5451760826678e-05,9.54517608263518e-05,both,3.2620932864657615e-16,True
ln_salario_real_adm,1,15,-22,-8,8.714943623878956e-05,8.71494362385331e-05,both,2.5645447137429e-16,True
ln_salario_real_adm,1,16,-22,-7,8.96810280515381e-05,8.96810280512493e-05,both,2.8880435369582624e-16,True
ln_salario_real_adm,1,17,-22,-6,5.920375716272271e-05,5.92037571624825e-05,both,2.4021176757774154e-16,True
ln_salario_real_adm,1,18,-22,-5,0.0001213420146608,0.0001213420146604,both,4.000028390113708e-16,True
ln_salario_real_adm,1,19,-22,-4,0.0001203225827538,0.0001203225827536,both,1.9999464324210736e-16,True
ln_salario_real_adm,1,20,-22,-3,0.000110368052991,0.0001103680529908,both,1.9999464324210736e-16,True
ln_salario_real_adm,1,21,-22,-2,0.0001088404000396,0.0001088404000393,both,3.0001229365389515e-16,True
ln_salario_real_adm,1,22,-22,0,1.2170352629781117e-06,1.21703526264223e-06,both,3.35881597871273e-16,True
ln_salario_real_adm,1,23,-22,1,0.0001116962399741,0.0001116962399738,both,2.999987411267391e-16,True
ln_salario_real_adm,1,24,-22,2,7.977990649107498e-05,7.97799064905338e-05,both,5.411795143961395e-16,True
ln_salario_real_adm,1,25,-22,3,0.0001610919730607,0.0001610919730603,both,3.999892864842147e-16,True
ln_salario_real_adm,1,26,-22,4,6.743707974374456e-05,6.74370797432208e-05,both,5.237645170005911e-16,True
ln_salario_real_adm,1,27,-22,5,3.660483667446209e-05,3.66048366740194e-05,both,4.4269329955298753e-16,True
ln_salario_real_adm,1,28,-22,6,0.0001151136094987,0.0001151136094982,both,4.999933843688464e-16,True
ln_salario_real_adm,1,29,-22,7,7.797340401118779e-05,7.79734040106561e-05,both,5.316927453868914e-16,True
ln_salario_real_adm,1,30,-22,8,7.236380699466578e-05,7.23638069941719e-05,both,4.938811946214594e-16,True
ln_salario_real_adm,1,31,-22,9,9.4782881421375e-05,9.47828814209827e-05,both,3.923050035867237e-16,True
ln_salario_real_adm,1,32,-22,10,1.5442436224401376e-06,1.54424362193563e-06,both,5.045076464612382e-16,True
ln_salario_real_adm,1,33,-22,11,4.785220411783712e-05,4.78522041174922e-05,both,3.4492536864910717e-16,True
ln_salario_real_adm,1,34,-22,12,0.0001246740626624,0.0001246740626621,both,2.999987411267391e-16,True
ln_salario_real_adm,1,35,-22,13,7.972717156438275e-05,7.97271715640321e-05,both,3.5065808763612427e-16,True
ln_salario_real_adm,1,36,-22,14,-2.112714782520638e-05,-2.11271478257115e-05,both,5.051196277656295e-16,True
ln_salario_real_adm,1,37,-22,15,8.325427090155707e-05,8.32542709010467e-05,both,5.103746201703951e-16,True
ln_salario_real_adm,1,38,-22,16,8.198916165339403e-05,8.19891616530167e-05,both,3.773294610792677e-16,True
ln_salario_real_adm,1,39,-22,17,1.7849917207694247e-05,1.7849917207246e-05,both,4.482464475551867e-16,True
ln_salario_real_adm,1,40,-22,18,8.956422428908982e-05,8.9564224288666e-05,both,4.2382818175173975e-16,True
ln_salario_real_adm,1,41,-22,19,1.545157462176502e-05,1.54515746213485e-05,both,4.1651998148282965e-16,True
ln_salario_real_adm,1,42,-22,20,0.0001033208857578,0.0001033208857573,both,4.999933843688464e-16,True
ln_salario_real_adm,1,43,-22,21,8.392070430418553e-05,8.39207043038201e-05,both,3.6543034223623927e-16,True
ln_salario_real_adm,1,44,-22,22,3.317315057136146e-05,3.31731505709918e-05,both,3.6965873070893274e-16,True
ln_salario_real_adm,1,45,-22,23,0.0001425281970933,0.0001425281970931,both,1.999810907149513e-16,True
ln_salario_real_adm,2,0,-21,-23,0.0001304738864731,0.0001304738864728,both,3.000258461810512e-16,True
ln_salario_real_adm,2,1,-21,-22,0.0005555189225732,0.0005555189225731,both,9.996344030316351e-17,True
ln_salario_real_adm,2,2,-21,-21,0.000765498979048,0.0007654989790477,both,2.999987411267391e-16,True
ln_salario_real_adm,2,3,-21,-20,0.0005108798457209,0.0005108798457207,both,2.0003530082357557e-16,True
ln_salario_real_adm,2,4,-21,-19,0.0004560345768617,0.0004560345768617,both,0.0,True
ln_salario_real_adm,2,5,-21,-18,3.3061233848902056e-05,3.30612338484864e-05,both,4.1565600787663026e-16,True
ln_salario_real_adm,2,6,-21,-17,5.5489459341539086e-05,5.54894593412568e-05,both,2.8228558813375715e-16,True
ln_salario_real_adm,2,7,-21,-16,0.0006548386586586,0.0006548386586587,both,9.996344030316351e-17,True
ln_salario_real_adm,2,8,-21,-15,0.0001498652512577,0.0001498652512572,both,5.000069368960025e-16,True
ln_salario_real_adm,2,9,-21,-14,6.524938591964956e-05,6.52493859193517e-05,both,2.978574418360802e-16,True
ln_salario_real_adm,2,10,-21,-13,8.890605979583433e-05,8.89060597955412e-05,both,2.931276098586122e-16,True
ln_salario_real_adm,2,11,-21,-12,0.0005368164091022,0.000536816409102,both,2.0003530082357557e-16,True
ln_salario_real_adm,2,12,-21,-11,0.0001014449564207,0.0001014449564203,both,4.000028390113708e-16,True
ln_salario_real_adm,2,13,-21,-10,3.843503331379467e-05,3.84350333135149e-05,both,2.797715943463064e-16,True
ln_salario_real_adm,2,14,-21,-9,0.0001506167288017,0.0001506167288013,both,3.999892864842147e-16,True
ln_salario_real_adm,2,15,-21,-8,3.9783242489326045e-05,3.97832424889735e-05,both,3.5254188891081784e-16,True
ln_salario_real_adm,2,16,-21,-7,0.0001044495310172,0.0001044495310168,both,3.999892864842147e-16,True
ln_salario_real_adm,2,17,-21,-6,9.331729272563773e-06,9.33172927222979e-06,both,3.339833970364761e-16,True
ln_salario_real_adm,2,18,-21,-5,0.0001663126613804,0.0001663126613799,both,5.000069368960025e-16,True
ln_salario_real_adm,2,19,-21,-4,0.0001395578179418,0.0001395578179415,both,2.999987411267391e-16,True
ln_salario_real_adm,2,20,-21,-3,3.958147362854152e-05,3.95814736283111e-05,both,2.304132904439038e-16,True
ln_salario_real_adm,2,21,-21,-2,0.0001187198863503,0.00011871988635,both,2.999987411267391e-16,True
ln_salario_real_adm,2,22,-21,0,7.790138445185535e-05,7.79013844514271e-05,both,4.282463056046182e-16,True
ln_salario_real_adm,2,23,-21,1,5.141855191089166e-05,5.14185519104909e-05,both,4.007550042685326e-16,True
ln_salario_real_adm,2,24,-21,2,3.1763566975392045e-05,3.17635669747646e-05,both,6.274413497445175e-16,True
ln_salario_real_adm,2,25,-21,3,0.000149525233619,0.0001495252336185,both,5.000069368960025e-16,True
ln_salario_real_adm,2,26,-21,4,0.0001077206241977,0.0001077206241971,both,5.999974822534782e-16,True
ln_salario_real_adm,2,27,-21,5,5.155663340668284e-05,5.15566334061599e-05,both,5.22944589107649e-16,True
ln_salario_real_adm,2,28,-21,6,0.0001325302891248,0.0001325302891242,both,5.999974822534782e-16,True
ln_salario_real_adm,2,29,-21,7,0.0001816892026314,0.0001816892026307,both,7.000151326652659e-16,True
ln_salario_real_adm,2,30,-21,8,0.0001229805116333,0.0001229805116328,both,5.000069368960025e-16,True
ln_salario_real_adm,2,31,-21,9,4.58485528930926e-05,4.58485528926146e-05,both,4.780044090581248e-16,True
ln_salario_real_adm,2,32,-21,10,7.760793770188533e-05,7.76079377013032e-05,both,5.821216989346234e-16,True
ln_salario_real_adm,2,33,-21,11,-3.8186587460954865e-06,-3.8186587464993e-06,both,4.038136402410679e-16,True
ln_salario_real_adm,2,34,-21,12,9.195411442951508e-05,9.19541144292216e-05,both,2.9347997556467e-16,True
ln_salario_real_adm,2,35,-21,13,1.3060252505352916e-05,1.30602525049222e-05,both,4.307162536788117e-16,True
ln_salario_real_adm,2,36,-21,14,7.633440584409426e-05,7.63344058435178e-05,both,5.764567425833866e-16,True
ln_salario_real_adm,2,37,-21,15,7.346903601859946e-05,7.34690360180131e-05,both,5.863636399344729e-16,True
ln_salario_real_adm,2,38,-21,16,0.0001026023437263,0.0001026023437259,both,4.000028390113708e-16,True
ln_salario_real_adm,2,39,-21,17,4.563878129768917e-05,4.56387812971687e-05,both,5.204712529016664e-16,True
ln_salario_real_adm,2,40,-21,18,0.0001138734013677,0.0001138734013672,both,4.999933843688464e-16,True
ln_salario_real_adm,2,41,-21,19,9.323591515701344e-05,9.32359151565263e-05,both,4.871455886248932e-16,True
ln_salario_real_adm,2,42,-21,20,0.0001733761434233,0.0001733761434228,both,5.000069368960025e-16,True
ln_salario_real_adm,2,43,-21,21,0.0001370717031313,0.0001370717031309,both,4.0001639153852686e-16,True
ln_salario_real_adm,2,44,-21,22,6.214566500290979e-05,6.21456650024638e-05,both,4.459865636519122e-16,True
ln_salario_real_adm,2,45,-21,23,6.417018220751603e-05,6.41701822072002e-05,both,3.1582809284502744e-16,True
ln_salario_real_adm,3,0,-20,-23,9.889848073067776e-05,9.8898480730457e-05,both,2.2075711484520477e-16,True
ln_salario_real_adm,3,1,-20,-22,0.0004920302490423,0.0004920302490423,both,0.0,True
ln_salario_real_adm,3,2,-20,-21,0.0005108798457209,0.0005108798457207,both,2.0003530082357557e-16,True
ln_salario_real_adm,3,3,-20,-20,0.0009099785629878,0.0009099785629878,both,0.0,True
ln_salario_real_adm,3,4,-20,-19,0.0007057460828785,0.0007057460828786,both,9.996344030316351e-17,True
ln_salario_real_adm,3,5,-20,-18,0.0002095189688548,0.0002095189688544,both,3.999892864842147e-16,True
ln_salario_real_adm,3,6,-20,-17,7.150076359539089e-05,7.15007635952007e-05,both,1.9018261358111355e-16,True
ln_salario_real_adm,3,7,-20,-16,0.0009815339530798,0.00098153395308,both,2.0014372104082412e-16,True
ln_salario_real_adm,3,8,-20,-15,0.0001380141367455,0.0001380141367451,both,4.0001639153852686e-16,True
ln_salario_real_adm,3,9,-20,-14,0.0001760817922093,0.0001760817922091,both,2.0000819576926343e-16,True
ln_salario_real_adm,3,10,-20,-13,5.657491520003261e-05,5.65749151998104e-05,both,2.2221401151448217e-16,True
ln_salario_real_adm,3,11,-20,-12,0.0006749515002247,0.0006749515002247,both,0.0,True
ln_salario_real_adm,3,12,-20,-11,8.169067262385302e-05,8.16906726235509e-05,both,3.021129353630858e-16,True
ln_salario_real_adm,3,13,-20,-10,0.0001092058035325,0.0001092058035323,both,1.9999464324210736e-16,True
ln_salario_real_adm,3,14,-20,-9,0.0001186998550777,0.0001186998550774,both,2.999987411267391e-16,True
ln_salario_real_adm,3,15,-20,-8,0.0001071450487869,0.0001071450487867,both,1.9999464324210736e-16,True
ln_salario_real_adm,3,16,-20,-7,7.787419417048201e-05,7.78741941701976e-05,both,2.8441333489725995e-16,True
ln_salario_real_adm,3,17,-20,-6,0.0001016649526762,0.0001016649526759,both,2.999987411267391e-16,True
ln_salario_real_adm,3,18,-20,-5,0.0001253030238993,0.0001253030238989,both,3.999892864842147e-16,True
ln_salario_real_adm,3,19,-20,-4,0.0001627517699057,0.0001627517699055,both,2.0000819576926343e-16,True
ln_salario_real_adm,3,20,-20,-3,-9.550787203259436e-06,-9.55078720341376e-06,both,1.5432432079205e-16,True
ln_salario_real_adm,3,21,-20,-2,6.991732798558615e-05,6.99173279852928e-05,both,2.933444502931093e-16,True
ln_salario_real_adm,3,22,-20,0,8.794333344442033e-05,8.79433334440648e-05,both,3.5553699741230904e-16,True
ln_salario_real_adm,3,23,-20,1,9.756839446575968e-05,9.75683944654388e-05,both,3.208831854742411e-16,True
ln_salario_real_adm,3,24,-20,2,0.0002178748377874,0.0002178748377869,both,5.000069368960025e-16,True
ln_salario_real_adm,3,25,-20,3,4.162974592673221e-05,4.16297459263069e-05,both,4.253121834753293e-16,True
ln_salario_real_adm,3,26,-20,4,7.485814172543166e-05,7.48581417248967e-05,both,5.34958904431504e-16,True
ln_salario_real_adm,3,27,-20,5,0.000132585471361,0.0001325854713605,both,4.999798318416904e-16,True
ln_salario_real_adm,3,28,-20,6,8.008992205395731e-05,8.00899220534802e-05,both,4.771167185294023e-16,True
ln_salario_real_adm,3,29,-20,7,7.880377326156898e-05,7.88037732610321e-05,both,5.368833632876657e-16,True
ln_salario_real_adm,3,30,-20,8,0.0001362134846922,0.0001362134846917,both,5.000069368960025e-16,True
ln_salario_real_adm,3,31,-20,9,8.542238192239448e-05,8.54223819219914e-05,both,4.030792626757984e-16,True
ln_salario_real_adm,3,32,-20,10,7.485192512313656e-05,7.48519251226255e-05,both,5.110657990553547e-16,True
ln_salario_real_adm,3,33,-20,11,0.0001410469308465,0.0001410469308461,both,4.0001639153852686e-16,True
ln_salario_real_adm,3,34,-20,12,-2.919474790813398e-05,-2.91947479083589e-05,both,2.249211288139069e-16,True
ln_salario_real_adm,3,35,-20,13,0.0001087775111361,0.0001087775111357,both,4.000028390113708e-16,True
ln_salario_real_adm,3,36,-20,14,8.948547855525199e-05,8.94854785547421e-05,both,5.098867291927767e-16,True
ln_salario_real_adm,3,37,-20,15,0.000104507989576,0.0001045079895754,both,5.999974822534782e-16,True
ln_salario_real_adm,3,38,-20,16,6.417813988418077e-05,6.41781398837939e-05,both,3.868704401971401e-16,True
ln_salario_real_adm,3,39,-20,17,4.253395351005476e-05,4.25339535095985e-05,both,4.562593792362124e-16,True
ln_salario_real_adm,3,40,-20,18,9.01349906822134e-05,9.01349906817804e-05,both,4.3300324263639833e-16,True
ln_salario_real_adm,3,41,-20,19,2.1321250495231272e-05,2.13212504948067e-05,both,4.2457357074532354e-16,True
ln_salario_real_adm,3,42,-20,20,4.139116099212827e-05,4.13911609916504e-05,both,4.778688837865641e-16,True
ln_salario_real_adm,3,43,-20,21,0.0001413910821017,0.0001413910821013,both,3.999892864842147e-16,True
ln_salario_real_adm,3,44,-20,22,0.000104276127745,0.0001042761277447,both,2.999987411267391e-16,True
ln_salario_real_adm,3,45,-20,23,0.0001032118479362,0.000103211847936,both,1.9999464324210736e-16,True
ln_salario_real_adm,4,0,-19,-23,0.0001572271775119,0.0001572271775117,both,2.0000819576926343e-16,True
ln_salario_real_adm,4,1,-19,-22,0.0004416339042703,0.0004416339042703,both,0.0,True
ln_salario_real_adm,4,2,-19,-21,0.0004560345768617,0.0004560345768617,both,0.0,True
ln_salario_real_adm,4,3,-19,-20,0.0007057460828785,0.0007057460828786,both,9.996344030316351e-17,True
ln_salario_real_adm,4,4,-19,-19,0.0008001657886246,0.0008001657886248,both,2.0003530082357557e-16,True
ln_salario_real_adm,4,5,-19,-18,0.0002180925599324,0.0002180925599321,both,2.999987411267391e-16,True
ln_salario_real_adm,4,6,-19,-17,5.07839938833837e-05,5.07839938832156e-05,both,1.6809877058029943e-16,True
ln_salario_real_adm,4,7,-19,-16,0.0007866095059192,0.0007866095059195,both,2.999987411267391e-16,True
ln_salario_real_adm,4,8,-19,-15,0.0001929685242448,0.0001929685242445,both,2.999987411267391e-16,True
ln_salario_real_adm,4,9,-19,-14,0.0001508114087288,0.0001508114087286,both,2.0000819576926343e-16,True
ln_salario_real_adm,4,10,-19,-13,5.981103243909766e-05,5.98110324389123e-05,both,1.8535791391355305e-16,True
ln_salario_real_adm,4,11,-19,-12,0.0005913038679794,0.0005913038679795,both,9.996344030316351e-17,True
ln_salario_real_adm,4,12,-19,-11,0.0001155956840413,0.0001155956840411,both,1.9999464324210736e-16,True
ln_salario_real_adm,4,13,-19,-10,7.688892288134152e-05,7.68889228811805e-05,both,1.6101757514125348e-16,True
ln_salario_real_adm,4,14,-19,-9,0.0001210934283352,0.0001210934283349,both,3.0001229365389515e-16,True
ln_salario_real_adm,4,15,-19,-8,6.701667022146142e-05,6.7016670221228e-05,both,2.3341517520897304e-16,True
ln_salario_real_adm,4,16,-19,-7,0.0001039642164116,0.0001039642164113,both,2.999987411267391e-16,True
ln_salario_real_adm,4,17,-19,-6,0.0001522259040813,0.0001522259040811,both,2.0000819576926343e-16,True
ln_salario_real_adm,4,18,-19,-5,0.0001754481732012,0.0001754481732008,both,3.999892864842147e-16,True
ln_salario_real_adm,4,19,-19,-4,0.0001871503328131,0.0001871503328131,both,0.0,True
ln_salario_real_adm,4,20,-19,-3,5.691043845874882e-06,5.69104384573907e-06,both,1.3581156869686e-16,True
ln_salario_real_adm,4,21,-19,-2,6.75678844582191e-05,6.7567884457966e-05,both,2.53106997166741e-16,True
ln_salario_real_adm,4,22,-19,0,6.96518214028772e-05,6.96518214025607e-05,both,3.164921666756748e-16,True
ln_salario_real_adm,4,23,-19,1,9.560187637796389e-05,9.56018763776769e-05,both,2.86988315056913e-16,True
ln_salario_real_adm,4,24,-19,2,0.0001813056417548,0.0001813056417543,both,5.000069368960025e-16,True
ln_salario_real_adm,4,25,-19,3,-1.6970858743011506e-05,-1.6970858743409e-05,both,3.9749223335570905e-16,True
ln_salario_real_adm,4,26,-19,4,0.0001232338360187,0.0001232338360182,both,5.000069368960025e-16,True
ln_salario_real_adm,4,27,-19,5,0.0001308134563478,0.0001308134563474,both,4.0001639153852686e-16,True
ln_salario_real_adm,4,28,-19,6,0.0001276096921232,0.0001276096921228,both,3.999892864842147e-16,True
ln_salario_real_adm,4,29,-19,7,2.3265431115675147e-05,2.32654311151722e-05,both,5.029478352888694e-16,True
ln_salario_real_adm,4,30,-19,8,0.0001234110470126,0.0001234110470122,both,4.0001639153852686e-16,True
ln_salario_real_adm,4,31,-19,9,7.109461689603218e-05,7.1094616895665e-05,both,3.6717861823937215e-16,True
ln_salario_real_adm,4,32,-19,10,2.2349019912980775e-05,2.23490199125069e-05,both,4.738742764073128e-16,True
ln_salario_real_adm,4,33,-19,11,6.43715560571501e-05,6.43715560568283e-05,both,3.217912047936977e-16,True
ln_salario_real_adm,4,34,-19,12,-3.210264507050204e-05,-3.21026450707174e-05,both,2.1536320903708939e-16,True
ln_salario_real_adm,4,35,-19,13,5.4293551046692295e-05,5.42935510463705e-05,both,3.2179798105727575e-16,True
ln_salario_real_adm,4,36,-19,14,1.487819262382587e-05,1.48781926233533e-05,both,4.725698456685412e-16,True
ln_salario_real_adm,4,37,-19,15,5.2962051752721214e-05,5.29620517522561e-05,both,4.651159557327034e-16,True
ln_salario_real_adm,4,38,-19,16,6.680216916503552e-05,6.68021691646937e-05,both,3.418218399303674e-16,True
ln_salario_real_adm,4,39,-19,17,3.674553267091684e-05,3.67455326705012e-05,both,4.1563567908589616e-16,True
ln_salario_real_adm,4,40,-19,18,0.0001284045574535,0.0001284045574532,both,3.000258461810512e-16,True
ln_salario_real_adm,4,41,-19,19,7.009918659437871e-05,7.0099186594003e-05,both,3.757031578205394e-16,True
ln_salario_real_adm,4,42,-19,20,9.999804541672295e-05,9.99980454162821e-05,both,4.4085015585976217e-16,True
ln_salario_real_adm,4,43,-19,21,0.0001159971189464,0.0001159971189461,both,3.0001229365389515e-16,True
ln_salario_real_adm,4,44,-19,22,0.0001099178375422,0.0001099178375419,both,2.999987411267391e-16,True
ln_salario_real_adm,4,45,-19,23,6.848874564947826e-05,6.84887456492679e-05,both,2.103623265165e-16,True
ln_salario_real_adm,5,0,-18,-23,8.953017636328517e-05,8.9530176362849e-05,both,4.3617453399091843e-16,True
ln_salario_real_adm,5,1,-18,-22,3.43101039344878e-05,3.43101039341643e-05,both,3.234988232153624e-16,True
ln_salario_real_adm,5,2,-18,-21,3.3061233848898823e-05,3.30612338484864e-05,both,4.1242373014990785e-16,True
ln_salario_real_adm,5,3,-18,-20,0.0002095189688548,0.0002095189688544,both,3.999892864842147e-16,True
ln_salario_real_adm,5,4,-18,-19,0.0002180925599324,0.0002180925599321,both,2.999987411267391e-16,True
ln_salario_real_adm,5,5,-18,-18,0.0003428807411094,0.0003428807411088,both,5.999974822534782e-16,True
ln_salario_real_adm,5,6,-18,-17,7.59235024708693e-05,7.59235024704248e-05,both,4.444957856647447e-16,True
ln_salario_real_adm,5,7,-18,-16,0.0001001190954638,0.0001001190954637,both,1.0000409788463172e-16,True
ln_salario_real_adm,5,8,-18,-15,0.0001530481038918,0.0001530481038912,both,5.999974822534782e-16,True
ln_salario_real_adm,5,9,-18,-14,0.0001241978284117,0.0001241978284113,both,3.999892864842147e-16,True
ln_salario_real_adm,5,10,-18,-13,5.8053616455674906e-05,5.80536164552315e-05,both,4.4340480722868114e-16,True
ln_salario_real_adm,5,11,-18,-12,9.465039905263924e-05,9.46503990523311e-05,both,3.0813025742038036e-16,True
ln_salario_real_adm,5,12,-18,-11,0.0001060011953788,0.0001060011953783,both,5.000069368960025e-16,True
ln_salario_real_adm,5,13,-18,-10,7.869733209318441e-05,7.86973320927404e-05,both,4.440078946871262e-16,True
ln_salario_real_adm,5,14,-18,-9,9.431092901006963e-05,9.43109290094887e-05,both,5.809290765448893e-16,True
ln_salario_real_adm,5,15,-18,-8,9.233455253391344e-05,9.23345525334024e-05,both,5.110386940010425e-16,True
ln_salario_real_adm,5,16,-18,-7,0.0001072461614498,0.0001072461614492,both,5.999974822534782e-16,True
ln_salario_real_adm,5,17,-18,-6,0.0001466289570384,0.0001466289570379,both,4.999798318416904e-16,True
ln_salario_real_adm,5,18,-18,-5,0.0001939255924501,0.0001939255924494,both,7.000151326652659e-16,True
ln_salario_real_adm,5,19,-18,-4,4.979264895929786e-05,4.97926489589076e-05,both,3.902585719861573e-16,True
ln_salario_real_adm,5,20,-18,-3,1.549515924321767e-05,1.5495159242822e-05,both,3.956694184532178e-16,True
ln_salario_real_adm,5,21,-18,-2,2.9134300467697316e-05,2.91343004671602e-05,both,5.371171443811079e-16,True
ln_salario_real_adm,5,22,-18,0,0.0001287139806621,0.0001287139806615,both,5.999974822534782e-16,True
ln_salario_real_adm,5,23,-18,1,0.0001193386357964,0.0001193386357958,both,5.999974822534782e-16,True
ln_salario_real_adm,5,24,-18,2,0.0001805091487224,0.0001805091487216,both,8.000056780227416e-16,True
ln_salario_real_adm,5,25,-18,3,-7.265802962269658e-07,-7.2658029689688e-07,both,6.699142286978083e-16,True
ln_salario_real_adm,5,26,-18,4,9.621148802787124e-05,9.62114880270952e-05,both,7.760448100108119e-16,True
ln_salario_real_adm,5,27,-18,5,0.0001346273431833,0.0001346273431826,both,7.000151326652659e-16,True
ln_salario_real_adm,5,28,-18,6,8.7296677926908e-05,8.72966779261874e-05,both,7.206014214153345e-16,True
ln_salario_real_adm,5,29,-18,7,9.470216012507028e-05,9.47021601242933e-05,both,7.769799343845807e-16,True
ln_salario_real_adm,5,30,-18,8,0.0001007869623463,0.0001007869623455,both,8.000056780227416e-16,True
ln_salario_real_adm,5,31,-18,9,8.178151212371e-05,8.17815121230649e-05,both,6.451002926288751e-16,True
ln_salario_real_adm,5,32,-18,10,5.87481338659195e-05,5.87481338651876e-05,both,7.319042290634958e-16,True
ln_salario_real_adm,5,33,-18,11,0.0001042105935925,0.0001042105935919,both,5.999974822534782e-16,True
ln_salario_real_adm,5,34,-18,12,-4.6643201191181486e-05,-4.66432011917059e-05,both,5.244150383040824e-16,True
ln_salario_real_adm,5,35,-18,13,7.852816911873344e-05,7.85281691181527e-05,both,5.807393411647044e-16,True
ln_salario_real_adm,5,36,-18,14,0.0001009265119191,0.0001009265119184,both,6.999880276109538e-16,True
ln_salario_real_adm,5,37,-18,15,0.0001055013012059,0.0001055013012052,both,7.000015801381099e-16,True
ln_salario_real_adm,5,38,-18,16,3.991053053668827e-05,3.9910530536079e-05,both,6.092674108282292e-16,True
ln_salario_real_adm,5,39,-18,17,0.0001173588197826,0.000117358819782,both,5.999974822534782e-16,True
ln_salario_real_adm,5,40,-18,18,6.656378261405954e-05,6.65637826134033e-05,both,6.562404699511637e-16,True
ln_salario_real_adm,5,41,-18,19,4.078990950032112e-05,4.07899094996747e-05,both,6.464148877630138e-16,True
ln_salario_real_adm,5,42,-18,20,0.0001248088077657,0.000124808807765,both,6.999880276109538e-16,True
ln_salario_real_adm,5,43,-18,21,0.0001072994804177,0.0001072994804171,both,5.999974822534782e-16,True
ln_salario_real_adm,5,44,-18,22,0.0001082390035386,0.000108239003538,both,5.999974822534782e-16,True
ln_salario_real_adm,5,45,-18,23,7.897054612207456e-05,7.89705461215855e-05,both,4.890564949538989e-16,True
ln_salario_real_adm,6,0,-17,-23,6.37283252316048e-05,6.37283252312979e-05,both,3.068969774491781e-16,True
ln_salario_real_adm,6,1,-17,-22,0.0001542022943251,0.0001542022943249,both,2.0000819576926343e-16,True
ln_salario_real_adm,6,2,-17,-21,5.5489459341535095e-05,5.54894593412568e-05,both,2.782943688862949e-16,True
ln_salario_real_adm,6,3,-17,-20,7.15007635953868e-05,7.15007635952007e-05,both,1.8608975037998077e-16,True
ln_salario_real_adm,6,4,-17,-19,5.078399388337953e-05,5.07839938832156e-05,both,1.6393136847980827e-16,True
ln_salario_real_adm,6,5,-17,-18,7.592350247086888e-05,7.59235024704248e-05,both,4.4407565732290655e-16,True
ln_salario_real_adm,6,6,-17,-17,0.0002983075164699,0.0002983075164696,both,2.999987411267391e-16,True
ln_salario_real_adm,6,7,-17,-16,0.0002414627893434,0.0002414627893435,both,9.999054535747565e-17,True
ln_salario_real_adm,6,8,-17,-15,0.0001499999598503,0.0001499999598498,both,4.999798318416904e-16,True
ln_salario_real_adm,6,9,-17,-14,0.0001217595800466,0.0001217595800463,both,2.999987411267391e-16,True
ln_salario_real_adm,6,10,-17,-13,0.000120472170496,0.0001204721704957,both,2.999987411267391e-16,True
ln_salario_real_adm,6,11,-17,-12,9.26590472047868e-05,9.26590472046144e-05,both,1.7240169795235127e-16,True
ln_salario_real_adm,6,12,-17,-11,5.121391671134399e-05,5.12139167109205e-05,both,4.2349614483641607e-16,True
ln_salario_real_adm,6,13,-17,-10,5.439406221647109e-05,5.43940622161601e-05,both,3.109898406503109e-16,True
ln_salario_real_adm,6,14,-17,-9,6.582412843890435e-05,6.58241284384576e-05,both,4.467590576998082e-16,True
ln_salario_real_adm,6,15,-17,-8,0.0001163478273417,0.0001163478273413,both,3.999892864842147e-16,True
ln_salario_real_adm,6,16,-17,-7,9.072388073690632e-05,9.07238807364677e-05,both,4.386139888790108e-16,True
ln_salario_real_adm,6,17,-17,-6,3.327858618844472e-05,3.32785861880905e-05,both,3.5421562601459233e-16,True
ln_salario_real_adm,6,18,-17,-5,5.0169431312523817e-05,5.01694313119748e-05,both,5.490196513559253e-16,True
ln_salario_real_adm,6,19,-17,-4,-1.01619494726874e-05,-1.01619494729416e-05,both,2.5420136373459357e-16,True
ln_salario_real_adm,6,20,-17,-3,0.0001214804787105,0.0001214804787103,both,1.9999464324210736e-16,True
ln_salario_real_adm,6,21,-17,-2,6.960370380187618e-05,6.96037038014811e-05,both,3.950832716537178e-16,True
ln_salario_real_adm,6,22,-17,0,1.4922771276812252e-05,1.49227712763597e-05,both,4.525527630590276e-16,True
ln_salario_real_adm,6,23,-17,1,3.664473827698496e-05,3.66447382765556e-05,both,4.2935761283141582e-16,True
ln_salario_real_adm,6,24,-17,2,6.070833357555025e-05,6.07083335748984e-05,both,6.518494511525974e-16,True
ln_salario_real_adm,6,25,-17,3,0.0001063885633729,0.0001063885633724,both,5.000069368960025e-16,True
ln_salario_real_adm,6,26,-17,4,3.852664299148554e-05,3.85266429908465e-05,both,6.390423129901124e-16,True
ln_salario_real_adm,6,27,-17,5,2.7739026204212702e-05,2.77390262036595e-05,both,5.532039941153616e-16,True
ln_salario_real_adm,6,28,-17,6,0.0001122604026202,0.0001122604026197,both,4.999933843688464e-16,True
ln_salario_real_adm,6,29,-17,7,9.963462942964166e-05,9.96346294290003e-05,both,6.413597951338001e-16,True
ln_salario_real_adm,6,30,-17,8,8.294134642221995e-05,8.29413464216099e-05,both,6.100534574032812e-16,True
ln_salario_real_adm,6,31,-17,9,9.34519066192532e-05,9.34519066187503e-05,both,5.029071777074012e-16,True
ln_salario_real_adm,6,32,-17,10,6.821162082274826e-05,6.82116208221521e-05,both,5.961621170683107e-16,True
ln_salario_real_adm,6,33,-17,11,0.0001040133359895,0.000104013335989,both,4.999933843688464e-16,True
ln_salario_real_adm,6,34,-17,12,8.691063952852185e-05,8.69106395281601e-05,both,3.6174405484978855e-16,True
ln_salario_real_adm,6,35,-17,13,7.511024482326197e-05,7.51102448228161e-05,both,4.458645909075076e-16,True
ln_salario_real_adm,6,36,-17,14,1.2123731023278968e-05,1.21237310226806e-05,both,5.983677908629609e-16,True
ln_salario_real_adm,6,37,-17,15,6.447641874720665e-05,6.44764187465919e-05,both,6.147561843264371e-16,True
ln_salario_real_adm,6,38,-17,16,1.910600996894347e-05,1.91060099684682e-05,both,4.752701867043879e-16,True
ln_salario_real_adm,6,39,-17,17,6.809653769941426e-05,6.80965376988736e-05,both,5.406509658370529e-16,True
ln_salario_real_adm,6,40,-17,18,8.054418644657722e-05,8.05441864460571e-05,both,5.201188871956086e-16,True
ln_salario_real_adm,6,41,-17,19,1.1102584932508064e-05,1.11025849319958e-05,both,5.122635036427722e-16,True
ln_salario_real_adm,6,42,-17,20,4.315748775496744e-05,4.31574877543741e-05,both,5.933364151562703e-16,True
ln_salario_real_adm,6,43,-17,21,5.85213880772068e-05,5.85213880767216e-05,both,4.852008009779973e-16,True
ln_salario_real_adm,6,44,-17,22,2.7852555136993697e-05,2.78525551364971e-05,both,4.965950881844622e-16,True
ln_salario_real_adm,6,45,-17,23,9.59754673729337e-05,9.59754673725795e-05,both,3.542088497510143e-16,True
ln_salario_real_adm,7,0,-16,-23,3.3335500398403254e-05,3.33355003983747e-05,both,2.855517471783697e-17,True
ln_salario_real_adm,7,1,-16,-22,0.0007763168858786,0.0007763168858788,both,2.0003530082357557e-16,True
ln_salario_real_adm,7,2,-16,-21,0.0006548386586586,0.0006548386586587,both,9.996344030316351e-17,True
ln_salario_real_adm,7,3,-16,-20,0.0009815339530798,0.00098153395308,both,2.0014372104082412e-16,True
ln_salario_real_adm,7,4,-16,-19,0.0007866095059192,0.0007866095059195,both,2.999987411267391e-16,True
ln_salario_real_adm,7,5,-16,-18,0.0001001190954638,0.0001001190954637,both,1.0000409788463172e-16,True
ln_salario_real_adm,7,6,-16,-17,0.0002414627893435,0.0002414627893435,both,0.0,True
ln_salario_real_adm,7,7,-16,-16,0.0016835713232505,0.0016835713232511,both,5.999974822534782e-16,True
ln_salario_real_adm,7,8,-16,-15,6.78118788329887e-05,6.78118788327994e-05,both,1.8930169931596907e-16,True
ln_salario_real_adm,7,9,-16,-14,0.0002098310599052,0.0002098310599052,both,0.0,True
ln_salario_real_adm,7,10,-16,-13,0.0001078058184019,0.0001078058184019,both,0.0,True
ln_salario_real_adm,7,11,-16,-12,0.0008945729386143,0.0008945729386146,both,2.999987411267391e-16,True
ln_salario_real_adm,7,12,-16,-11,9.453038308473189e-06,9.45303830839615e-06,both,7.703934061867312e-17,True
ln_salario_real_adm,7,13,-16,-10,6.583933776776012e-05,6.58393377678006e-05,both,4.048139861517752e-17,True
ln_salario_real_adm,7,14,-16,-9,0.0001378347909365,0.0001378347909364,both,1.0001765041178778e-16,True
ln_salario_real_adm,7,15,-16,-8,0.0001848780416512,0.0001848780416512,both,0.0,True
ln_salario_real_adm,7,16,-16,-7,8.715243161105703e-05,8.71524316110221e-05,both,3.492486248118931e-17,True
ln_salario_real_adm,7,17,-16,-6,3.7540630622029114e-05,3.75406306219954e-05,both,3.3711911300721153e-17,True
ln_salario_real_adm,7,18,-16,-5,3.12930704777967e-05,3.12930704775728e-05,both,2.2390130114541273e-16,True
ln_salario_real_adm,7,19,-16,-4,0.0001010051384759,0.000101005138476,both,9.999054535747565e-17,True
ln_salario_real_adm,7,20,-16,-3,0.0001238408259155,0.0001238408259156,both,9.999054535747565e-17,True
ln_salario_real_adm,7,21,-16,-2,4.436638523079693e-05,4.43663852307266e-05,both,7.033083967641907e-17,True
ln_salario_real_adm,7,22,-16,0,-1.1193443739492888e-05,-1.11934437396103e-05,both,1.174123190166021e-16,True
ln_salario_real_adm,7,23,-16,1,5.736590533863712e-05,5.73659053385337e-05,both,1.0341933472796105e-16,True
ln_salario_real_adm,7,24,-16,2,0.000141429733981,0.0001414297339807,both,2.999987411267391e-16,True
ln_salario_real_adm,7,25,-16,3,0.0001115186003367,0.0001115186003365,both,1.9999464324210736e-16,True
ln_salario_real_adm,7,26,-16,4,6.355378172478892e-05,6.35537817244747e-05,both,3.142288946406113e-16,True
ln_salario_real_adm,7,27,-16,5,5.493320583216536e-05,5.49332058319392e-05,both,2.2616457318047622e-16,True
ln_salario_real_adm,7,28,-16,6,0.0001031516768167,0.0001031516768164,both,2.999987411267391e-16,True
ln_salario_real_adm,7,29,-16,7,0.0001326202415866,0.0001326202415863,both,2.999987411267391e-16,True
ln_salario_real_adm,7,30,-16,8,5.7412798470180056e-05,5.74127984698941e-05,both,2.859583229930518e-16,True
ln_salario_real_adm,7,31,-16,9,0.0001212853901831,0.000121285390183,both,9.999054535747565e-17,True
ln_salario_real_adm,7,32,-16,10,6.454077319400508e-05,6.4540773193702e-05,both,3.030751647911667e-16,True
ln_salario_real_adm,7,33,-16,11,0.0001718132661185,0.0001718132661184,both,9.999054535747565e-17,True
ln_salario_real_adm,7,34,-16,12,6.003955456703933e-05,6.00395545670833e-05,both,4.397117435786524e-17,True
ln_salario_real_adm,7,35,-16,13,0.0001136767736401,0.00011367677364,both,9.999054535747565e-17,True
ln_salario_real_adm,7,36,-16,14,-1.627919129165478e-05,-1.62791912919601e-05,both,3.053214961672851e-16,True
ln_salario_real_adm,7,37,-16,15,6.001540472722456e-05,6.00154047269283e-05,both,2.962582436316641e-16,True
ln_salario_real_adm,7,38,-16,16,4.876100752183473e-05,4.87610075216556e-05,both,1.7913052768533944e-16,True
ln_salario_real_adm,7,39,-16,17,-4.109355252677133e-07,-4.10935525518529e-07,both,2.508157201048589e-16,True
ln_salario_real_adm,7,40,-16,18,4.0329831145709805e-05,4.0329831145482e-05,both,2.2780442896636055e-16,True
ln_salario_real_adm,7,41,-16,19,-6.644064293546823e-05,-6.64406429356887e-05,both,2.2047251177492733e-16,True
ln_salario_real_adm,7,42,-16,20,-2.4080211229281492e-05,-2.40802112295229e-05,both,2.414077780992646e-16,True
ln_salario_real_adm,7,43,-16,21,6.329237316798445e-05,6.32923731678335e-05,both,1.5094804746429435e-16,True
ln_salario_real_adm,7,44,-16,22,2.5991079477058285e-05,2.59910794769157e-05,both,1.425861382089999e-16,True
ln_salario_real_adm,7,45,-16,23,0.0001426516919942,0.0001426516919942,both,0.0,True
ln_salario_real_adm,8,0,-15,-23,0.0001686164570774,0.000168616457077,both,4.0001639153852686e-16,True
ln_salario_real_adm,8,1,-15,-22,0.0001208286989142,0.0001208286989138,both,3.999892864842147e-16,True
ln_salario_real_adm,8,2,-15,-21,0.0001498652512577,0.0001498652512572,both,5.000069368960025e-16,True
ln_salario_real_adm,8,3,-15,-20,0.0001380141367455,0.0001380141367451,both,4.0001639153852686e-16,True
ln_salario_real_adm,8,4,-15,-19,0.0001929685242449,0.0001929685242445,both,3.999892864842147e-16,True
ln_salario_real_adm,8,5,-15,-18,0.0001530481038918,0.0001530481038912,both,5.999974822534782e-16,True
ln_salario_real_adm,8,6,-15,-17,0.0001499999598503,0.0001499999598498,both,4.999798318416904e-16,True
ln_salario_real_adm,8,7,-15,-16,6.781187883298846e-05,6.78118788327994e-05,both,1.8905775382715984e-16,True
ln_salario_real_adm,8,8,-15,-15,0.0003567165754069,0.0003567165754062,both,7.000151326652659e-16,True
ln_salario_real_adm,8,9,-15,-14,0.0001391047521201,0.0001391047521196,both,5.000069368960025e-16,True
ln_salario_real_adm,8,10,-15,-13,0.0001047580627115,0.0001047580627111,both,4.000028390113708e-16,True
ln_salario_real_adm,8,11,-15,-12,0.0001625402476495,0.0001625402476492,both,2.999987411267391e-16,True
ln_salario_real_adm,8,12,-15,-11,0.0001215766331091,0.0001215766331085,both,6.000110347806342e-16,True
ln_salario_real_adm,8,13,-15,-10,7.369785630177402e-05,7.36978563012873e-05,both,4.86711907755899e-16,True
ln_salario_real_adm,8,14,-15,-9,0.0001225072452508,0.0001225072452502,both,5.999974822534782e-16,True
ln_salario_real_adm,8,15,-15,-8,7.649351089573961e-05,7.64935108951815e-05,both,5.581201733412255e-16,True
ln_salario_real_adm,8,16,-15,-7,0.0001244682511945,0.0001244682511938,both,6.999880276109538e-16,True
ln_salario_real_adm,8,17,-15,-6,8.497357278441911e-05,8.49735727839031e-05,both,5.160124714673198e-16,True
ln_salario_real_adm,8,18,-15,-5,0.0001863024684801,0.0001863024684794,both,6.999880276109538e-16,True
ln_salario_real_adm,8,19,-15,-4,0.0001200032512911,0.0001200032512907,both,4.000028390113708e-16,True
ln_salario_real_adm,8,20,-15,-3,6.165545945140922e-05,6.16554594509789e-05,both,4.303198422594967e-16,True
ln_salario_real_adm,8,21,-15,-2,8.492374749708109e-05,8.49237474965175e-05,both,5.635953943122773e-16,True
ln_salario_real_adm,8,22,-15,0,6.55001687736678e-05,6.55001687730393e-05,both,6.284984468626909e-16,True
ln_salario_real_adm,8,23,-15,1,7.68534396866308e-05,7.68534396860292e-05,both,6.016102329850503e-16,True
ln_salario_real_adm,8,24,-15,2,0.0001214151387092,0.0001214151387083,both,8.999962233802172e-16,True
ln_salario_real_adm,8,25,-15,3,9.233947320530774e-05,9.2339473204614e-05,both,6.937403125920061e-16,True
ln_salario_real_adm,8,26,-15,4,0.0001286867266115,0.0001286867266107,both,8.000056780227416e-16,True
ln_salario_real_adm,8,27,-15,5,0.0001336378651279,0.0001336378651272,both,6.999880276109538e-16,True
ln_salario_real_adm,8,28,-15,6,0.0001539886527,0.0001539886526992,both,8.000056780227416e-16,True
ln_salario_real_adm,8,29,-15,7,7.832593121054176e-05,7.8325931209726e-05,both,8.157672671052496e-16,True
ln_salario_real_adm,8,30,-15,8,0.0001356298359232,0.0001356298359224,both,8.000056780227416e-16,True
ln_salario_real_adm,8,31,-15,9,0.0001279906516238,0.0001279906516231,both,7.000151326652659e-16,True
ln_salario_real_adm,8,32,-15,10,3.906028453780275e-05,3.90602845370332e-05,both,7.69553149503055e-16,True
ln_salario_real_adm,8,33,-15,11,7.87410547389133e-05,7.87410547382413e-05,both,6.720020590336717e-16,True
ln_salario_real_adm,8,34,-15,12,5.499962372793023e-05,5.49996237273935e-05,both,5.36734285488949e-16,True
ln_salario_real_adm,8,35,-15,13,4.698099312544863e-05,4.69809931248298e-05,both,6.188354950004138e-16,True
ln_salario_real_adm,8,36,-15,14,6.905345120744378e-05,6.90534512066792e-05,both,7.645793720367777e-16,True
ln_salario_real_adm,8,37,-15,15,8.721971379343679e-05,8.72197137926504e-05,both,7.863853882308924e-16,True
ln_salario_real_adm,8,38,-15,16,4.7520916253402617e-05,4.75209162527599e-05,both,6.42715047849407e-16,True
ln_salario_real_adm,8,39,-15,17,0.0001002397513591,0.0001002397513584,both,7.000015801381099e-16,True
ln_salario_real_adm,8,40,-15,18,0.0001516757732427,0.000151675773242,both,6.999880276109538e-16,True
ln_salario_real_adm,8,41,-15,19,8.760078235539241e-05,8.76007823547166e-05,both,6.758103191645271e-16,True
ln_salario_real_adm,8,42,-15,20,0.0001445403668856,0.0001445403668848,both,8.000056780227416e-16,True
ln_salario_real_adm,8,43,-15,21,0.0001249942390196,0.0001249942390189,both,6.999880276109538e-16,True
ln_salario_real_adm,8,44,-15,22,6.64867324125119e-05,6.64867324118507e-05,both,6.612006948902849e-16,True
ln_salario_real_adm,8,45,-15,23,7.087969383529243e-05,7.08796938347683e-05,both,5.24130435233805e-16,True
ln_salario_real_adm,9,0,-14,-23,0.0001167476754503,0.00011674767545,both,3.0001229365389515e-16,True
ln_salario_real_adm,9,1,-14,-22,0.000122145781003,0.0001221457810028,both,2.0000819576926343e-16,True
ln_salario_real_adm,9,2,-14,-21,6.524938591964738e-05,6.52493859193517e-05,both,2.9567548496395313e-16,True
ln_salario_real_adm,9,3,-14,-20,0.0001760817922093,0.0001760817922091,both,2.0000819576926343e-16,True
ln_salario_real_adm,9,4,-14,-19,0.0001508114087288,0.0001508114087286,both,2.0000819576926343e-16,True
ln_salario_real_adm,9,5,-14,-18,0.0001241978284117,0.0001241978284113,both,3.999892864842147e-16,True
ln_salario_real_adm,9,6,-14,-17,0.0001217595800466,0.0001217595800463,both,2.999987411267391e-16,True
ln_salario_real_adm,9,7,-14,-16,0.0002098310599052,0.0002098310599052,both,0.0,True
ln_salario_real_adm,9,8,-14,-15,0.0001391047521201,0.0001391047521196,both,5.000069368960025e-16,True
ln_salario_real_adm,9,9,-14,-14,0.0002382252237027,0.0002382252237024,both,2.999987411267391e-16,True
ln_salario_real_adm,9,10,-14,-13,0.000100048545684,0.0001000485456836,both,3.999892864842147e-16,True
ln_salario_real_adm,9,11,-14,-12,0.0001406707747948,0.0001406707747946,both,2.0000819576926343e-16,True
ln_salario_real_adm,9,12,-14,-11,0.0001152135194248,0.0001152135194244,both,4.000028390113708e-16,True
ln_salario_real_adm,9,13,-14,-10,9.002588201337952e-05,9.00258820130474e-05,both,3.3211823048662215e-16,True
ln_salario_real_adm,9,14,-14,-9,0.0001576078859583,0.0001576078859578,both,5.000069368960025e-16,True
ln_salario_real_adm,9,15,-14,-8,0.0001363923265953,0.0001363923265949,both,4.0001639153852686e-16,True
ln_salario_real_adm,9,16,-14,-7,0.0001309409497525,0.000130940949752,both,5.000069368960025e-16,True
ln_salario_real_adm,9,17,-14,-6,9.40659943988515e-05,9.406599439849e-05,both,3.615001093609793e-16,True
ln_salario_real_adm,9,18,-14,-5,6.545869423225478e-05,6.54586942316908e-05,both,5.639748650726473e-16,True
ln_salario_real_adm,9,19,-14,-4,4.285763651332491e-05,4.28576365130563e-05,both,2.686110882332837e-16,True
ln_salario_real_adm,9,20,-14,-3,9.209101590892971e-05,9.20910159086498e-05,both,2.799138958814451e-16,True
ln_salario_real_adm,9,21,-14,-2,4.659730166989866e-05,4.65973016694809e-05,both,4.1775664958582093e-16,True
ln_salario_real_adm,9,22,-14,0,4.374911823216257e-05,4.37491182316861e-05,both,4.76466197225911e-16,True
ln_salario_real_adm,9,23,-14,1,8.715233067978798e-05,8.71523306793381e-05,both,4.49876138945704e-16,True
ln_salario_real_adm,9,24,-14,2,8.103996806264087e-05,8.10399680619702e-05,both,6.70673911372377e-16,True
ln_salario_real_adm,9,25,-14,3,3.980265248314553e-05,3.98026524826002e-05,both,5.453333639694746e-16,True
ln_salario_real_adm,9,26,-14,4,6.649424988546232e-05,6.64942498848074e-05,both,6.54912322289869e-16,True
ln_salario_real_adm,9,27,-14,5,5.5021902850627526e-05,5.50219028500566e-05,both,5.709273115037106e-16,True
ln_salario_real_adm,9,28,-14,6,9.283750500292102e-05,9.2837505002323e-05,both,5.980188132886921e-16,True
ln_salario_real_adm,9,29,-14,7,8.386415706477978e-05,8.38641570641223e-05,both,6.57487302449522e-16,True
ln_salario_real_adm,9,30,-14,8,9.1803390518373e-05,9.18033905177468e-05,both,6.261945172461592e-16,True
ln_salario_real_adm,9,31,-14,9,9.149087802245852e-05,9.14908780219298e-05,both,5.287247419397123e-16,True
ln_salario_real_adm,9,32,-14,10,8.169836562609387e-05,8.16983656254765e-05,both,6.173718220675584e-16,True
ln_salario_real_adm,9,33,-14,11,9.723994349625893e-05,9.72399434957324e-05,both,5.265292325404292e-16,True
ln_salario_real_adm,9,34,-14,12,6.874781010557835e-05,6.87478101051955e-05,both,3.828453396317877e-16,True
ln_salario_real_adm,9,35,-14,13,7.986841256324174e-05,7.98684125627739e-05,both,4.678332374274952e-16,True
ln_salario_real_adm,9,36,-14,14,2.4598506149968625e-05,2.45985061493549e-05,both,6.137261922625759e-16,True
ln_salario_real_adm,9,37,-14,15,7.416623299448667e-05,7.41662329938522e-05,both,6.344615588113611e-16,True
ln_salario_real_adm,9,38,-14,16,5.6892735785593386e-05,5.68927357850979e-05,both,4.954871690894536e-16,True
ln_salario_real_adm,9,39,-14,17,4.209354217355104e-05,4.20935421729905e-05,both,5.605392994385838e-16,True
ln_salario_real_adm,9,40,-14,18,8.941558402294437e-05,8.94155840224067e-05,both,5.376694098627177e-16,True
ln_salario_real_adm,9,41,-14,19,1.4535833414878998e-05,1.4535833414352e-05,both,5.26998488793208e-16,True
ln_salario_real_adm,9,42,-14,20,4.105592811689252e-05,4.10559281162849e-05,both,6.076207787787669e-16,True
ln_salario_real_adm,9,43,-14,21,5.497115698382868e-05,5.4971156983325e-05,both,5.036796717552972e-16,True
ln_salario_real_adm,9,44,-14,22,6.737434480814796e-05,6.73743448076351e-05,both,5.128547326399557e-16,True
ln_salario_real_adm,9,45,-14,23,9.066264114883218e-05,9.06626411484527e-05,both,3.794843128970826e-16,True
ln_salario_real_adm,10,0,-13,-23,7.244364453574716e-05,7.24436445354478e-05,both,2.9936177235040384e-16,True
ln_salario_real_adm,10,1,-13,-22,0.0001298314837705,0.0001298314837703,both,1.999810907149513e-16,True
ln_salario_real_adm,10,2,-13,-21,8.890605979583516e-05,8.89060597955412e-05,both,2.939543140151324e-16,True
ln_salario_real_adm,10,3,-13,-20,5.657491520003419e-05,5.65749151998104e-05,both,2.237928809281642e-16,True
ln_salario_real_adm,10,4,-13,-19,5.981103243910149e-05,5.98110324389123e-05,both,1.891865028351425e-16,True
ln_salario_real_adm,10,5,-13,-18,5.805361645567893e-05,5.80536164552315e-05,both,4.474299077940336e-16,True
ln_salario_real_adm,10,6,-13,-17,0.000120472170496,0.0001204721704957,both,2.999987411267391e-16,True
ln_salario_real_adm,10,7,-13,-16,0.0001078058184019,0.0001078058184019,both,0.0,True
ln_salario_real_adm,10,8,-13,-15,0.0001047580627115,0.0001047580627111,both,4.000028390113708e-16,True
ln_salario_real_adm,10,9,-13,-14,0.000100048545684,0.0001000485456836,both,3.999892864842147e-16,True
ln_salario_real_adm,10,10,-13,-13,0.0001552472219013,0.000155247221901,both,2.999987411267391e-16,True
ln_salario_real_adm,10,11,-13,-12,8.047570509316824e-05,8.04757050929615e-05,both,2.0673024923867356e-16,True
ln_salario_real_adm,10,12,-13,-11,9.96131431284415e-05,9.96131431280187e-05,both,4.227981896878785e-16,True
ln_salario_real_adm,10,13,-13,-10,6.28296369210586e-05,6.28296369207468e-05,both,3.11802992279675e-16,True
ln_salario_real_adm,10,14,-13,-9,8.616928406470529e-05,8.61692840642531e-05,both,4.521936210893918e-16,True
ln_salario_real_adm,10,15,-13,-8,8.129607442559672e-05,8.1296074425214e-05,both,3.8272336688738307e-16,True
ln_salario_real_adm,10,16,-13,-7,8.828830203583098e-05,8.82883020354078e-05,both,4.2317766044824845e-16,True
ln_salario_real_adm,10,17,-13,-6,6.807143993869246e-05,6.80714399383469e-05,both,3.455623374254424e-16,True
ln_salario_real_adm,10,18,-13,-5,5.9849365054855406e-05,5.98493650543104e-05,both,5.45008103317729e-16,True
ln_salario_real_adm,10,19,-13,-4,3.079031478775952e-05,3.07903147875139e-05,both,2.45619225913013e-16,True
ln_salario_real_adm,10,20,-13,-3,5.144461036595635e-05,5.14446103656999e-05,both,2.5644769511071197e-16,True
ln_salario_real_adm,10,21,-13,-2,8.824754037742149e-05,8.82475403770325e-05,both,3.8898463443348685e-16,True
ln_salario_real_adm,10,22,-13,0,2.966271719804811e-05,2.96627171976025e-05,both,4.456104810233313e-16,True
ln_salario_real_adm,10,23,-13,1,5.472618595134301e-05,5.47261859509181e-05,both,4.2491238392422526e-16,True
ln_salario_real_adm,10,24,-13,2,5.646499222702165e-05,5.64649922263691e-05,both,6.525474063011349e-16,True
ln_salario_real_adm,10,25,-13,3,7.723420956098289e-05,7.72342095604629e-05,both,5.19996914451204e-16,True
ln_salario_real_adm,10,26,-13,4,5.4618929154262304e-05,5.46189291536298e-05,both,6.325032186373092e-16,True
ln_salario_real_adm,10,27,-13,5,3.433913159447318e-05,3.43391315939247e-05,both,5.484775502696826e-16,True
ln_salario_real_adm,10,28,-13,6,0.000101772632728,0.0001017726327274,both,5.999974822534782e-16,True
ln_salario_real_adm,10,29,-13,7,5.449170804741183e-05,5.44917080467717e-05,both,6.401265151625979e-16,True
ln_salario_real_adm,10,30,-13,8,7.36805747474135e-05,7.36805747468096e-05,both,6.038870575472699e-16,True
ln_salario_real_adm,10,31,-13,9,4.506201241573604e-05,4.5062012415233e-05,both,5.030359267153839e-16,True
ln_salario_real_adm,10,32,-13,10,4.481546464496666e-05,4.48154646443777e-05,both,5.889589488848601e-16,True
ln_salario_real_adm,10,33,-13,11,5.221258709754275e-05,5.22125870970491e-05,both,4.936508016598062e-16,True
ln_salario_real_adm,10,34,-13,12,6.969919398391285e-05,6.96991939835485e-05,both,3.6434614006375377e-16,True
ln_salario_real_adm,10,35,-13,13,5.8838241878466835e-05,5.88382418780281e-05,both,4.3873596162341544e-16,True
ln_salario_real_adm,10,36,-13,14,1.6756768513299334e-05,1.67567685127159e-05,both,5.834329059369731e-16,True
ln_salario_real_adm,10,37,-13,15,6.69167144007158e-05,6.69167144001079e-05,both,6.078986055854663e-16,True
ln_salario_real_adm,10,38,-13,16,5.75212017159352e-05,5.75212017154722e-05,both,4.630017614963566e-16,True
ln_salario_real_adm,10,39,-13,17,2.6018735603172895e-05,2.60187356026444e-05,both,5.284943489780591e-16,True
ln_salario_real_adm,10,40,-13,18,8.574847975269985e-05,8.57484797521871e-05,both,5.127598649498633e-16,True
ln_salario_real_adm,10,41,-13,19,4.128221656158283e-05,4.12822165610867e-05,both,4.961309141293668e-16,True
ln_salario_real_adm,10,42,-13,20,6.589168448341383e-05,6.58916844828272e-05,both,5.866346904775943e-16,True
ln_salario_real_adm,10,43,-13,21,4.9495154468395926e-05,4.9495154467917e-05,both,4.789259809047375e-16,True
ln_salario_real_adm,10,44,-13,22,5.151848436852904e-05,5.15184843680436e-05,both,4.854379702032285e-16,True
ln_salario_real_adm,10,45,-13,23,6.501566244224139e-05,6.50156624418879e-05,both,3.5349056581174265e-16,True
ln_salario_real_adm,11,0,-12,-23,9.256827527294212e-05,9.25682752727451e-05,both,1.970266397949283e-16,True
ln_salario_real_adm,11,1,-12,-22,0.0004393893542949,0.0004393893542948,both,1.0001765041178778e-16,True
ln_salario_real_adm,11,2,-12,-21,0.0005368164091022,0.000536816409102,both,2.0003530082357557e-16,True
ln_salario_real_adm,11,3,-12,-20,0.0006749515002247,0.0006749515002247,both,0.0,True
ln_salario_real_adm,11,4,-12,-19,0.0005913038679794,0.0005913038679795,both,9.996344030316351e-17,True
ln_salario_real_adm,11,5,-12,-18,9.465039905263864e-05,9.46503990523311e-05,both,3.0753394622551333e-16,True
ln_salario_real_adm,11,6,-12,-17,9.265904720478592e-05,9.26590472046144e-05,both,1.715207836872068e-16,True
ln_salario_real_adm,11,7,-12,-16,0.0008945729386143,0.0008945729386146,both,2.999987411267391e-16,True
ln_salario_real_adm,11,8,-12,-15,0.0001625402476495,0.0001625402476492,both,2.999987411267391e-16,True
ln_salario_real_adm,11,9,-12,-14,0.0001406707747948,0.0001406707747946,both,2.0000819576926343e-16,True
ln_salario_real_adm,11,10,-12,-13,8.047570509316122e-05,8.04757050929615e-05,both,1.9971004017182992e-16,True
ln_salario_real_adm,11,11,-12,-12,0.0008387041230568,0.0008387041230568,both,0.0,True
ln_salario_real_adm,11,12,-12,-11,3.9880909628777904e-05,3.98809096284879e-05,both,2.9000375234913833e-16,True
ln_salario_real_adm,11,13,-12,-10,3.222893114407481e-05,3.22289311438984e-05,both,1.7641324599054764e-16,True
ln_salario_real_adm,11,14,-12,-9,0.0001738746228068,0.0001738746228065,both,2.999987411267391e-16,True
ln_salario_real_adm,11,15,-12,-8,0.0001110695223858,0.0001110695223856,both,1.9999464324210736e-16,True
ln_salario_real_adm,11,16,-12,-7,9.23375139052983e-05,9.23375139050195e-05,both,2.7880258865464747e-16,True
ln_salario_real_adm,11,17,-12,-6,-1.0563608902069355e-05,-1.0563608902311e-05,both,2.416449473244958e-16,True
ln_salario_real_adm,11,18,-12,-5,6.713882403198649e-05,6.71388240315617e-05,both,4.2479041117982064e-16,True
ln_salario_real_adm,11,19,-12,-4,0.0001797203770713,0.0001797203770712,both,1.0001765041178778e-16,True
ln_salario_real_adm,11,20,-12,-3,4.587605449393342e-05,4.58760544937983e-05,both,1.35118695746006e-16,True
ln_salario_real_adm,11,21,-12,-2,3.940023753069896e-05,3.94002375304285e-05,both,2.704610081900871e-16,True
ln_salario_real_adm,11,22,-12,0,4.368791487946558e-05,4.36879148791339e-05,both,3.316777733540499e-16,True
ln_salario_real_adm,11,23,-12,1,1.3874107061633825e-05,1.3874107061326e-05,both,3.078253255593688e-16,True
ln_salario_real_adm,11,24,-12,2,0.0001323330239765,0.0001323330239759,both,5.999974822534782e-16,True
ln_salario_real_adm,11,25,-12,3,4.2902939008193755e-05,4.2902939007793e-05,both,4.007550042685326e-16,True
ln_salario_real_adm,11,26,-12,4,0.0001083308494896,0.0001083308494891,both,5.000069368960025e-16,True
ln_salario_real_adm,11,27,-12,5,7.441856297102852e-05,7.44185629706005e-05,both,4.280294651701211e-16,True
ln_salario_real_adm,11,28,-12,6,0.0001346306657617,0.0001346306657613,both,4.0001639153852686e-16,True
ln_salario_real_adm,11,29,-12,7,0.0001373884253589,0.0001373884253583,both,5.999974822534782e-16,True
ln_salario_real_adm,11,30,-12,8,0.0001180338836789,0.0001180338836784,both,5.000069368960025e-16,True
ln_salario_real_adm,11,31,-12,9,4.277568512661059e-05,4.27756851262268e-05,both,3.837940165327125e-16,True
ln_salario_real_adm,11,32,-12,10,8.396828298952539e-05,8.39682829890352e-05,both,4.901813547078526e-16,True
ln_salario_real_adm,11,33,-12,11,0.0001137833421895,0.0001137833421892,both,2.999987411267391e-16,True
ln_salario_real_adm,11,34,-12,12,7.814012933932973e-05,7.81401293391384e-05,both,1.9132102586222333e-16,True
ln_salario_real_adm,11,35,-12,13,5.4195469563077296e-05,5.41954695627368e-05,both,3.4049369226907267e-16,True
ln_salario_real_adm,11,36,-12,14,8.178041220586327e-05,8.17804122053737e-05,both,4.895714909858295e-16,True
ln_salario_real_adm,11,37,-12,15,6.095053684260309e-05,6.09505368421097e-05,both,4.933933036438409e-16,True
ln_salario_real_adm,11,38,-12,16,4.4612222018932135e-05,4.46122220185641e-05,both,3.680324274502045e-16,True
ln_salario_real_adm,11,39,-12,17,5.926820165346891e-06,5.92682016490981e-06,both,4.3708085924448054e-16,True
ln_salario_real_adm,11,40,-12,18,0.0001433479091387,0.0001433479091383,both,3.999892864842147e-16,True
ln_salario_real_adm,11,41,-12,19,7.368534223681769e-05,7.36853422364151e-05,both,4.0259137169817993e-16,True
ln_salario_real_adm,11,42,-12,20,4.432353421373469e-05,4.43235342132728e-05,both,4.61890454269559e-16,True
ln_salario_real_adm,11,43,-12,21,0.0001381861352151,0.0001381861352148,both,2.999987411267391e-16,True
ln_salario_real_adm,11,44,-12,22,7.474316128097032e-05,7.47431612806194e-05,both,3.509155856520896e-16,True
ln_salario_real_adm,11,45,-12,23,5.53153167391107e-05,5.53153167388851e-05,both,2.2560214330349937e-16,True
ln_salario_real_adm,12,0,-11,-23,0.0001157565465827,0.0001157565465823,both,3.999892864842147e-16,True
ln_salario_real_adm,12,1,-11,-22,0.0001343217553304,0.0001343217553301,both,2.999987411267391e-16,True
ln_salario_real_adm,12,2,-11,-21,0.0001014449564207,0.0001014449564203,both,4.000028390113708e-16,True
ln_salario_real_adm,12,3,-11,-20,8.169067262384746e-05,8.16906726235509e-05,both,2.965563992290976e-16,True
ln_salario_real_adm,12,4,-11,-19,0.0001155956840413,0.0001155956840411,both,1.9999464324210736e-16,True
ln_salario_real_adm,12,5,-11,-18,0.0001060011953788,0.0001060011953783,both,5.000069368960025e-16,True
ln_salario_real_adm,12,6,-11,-17,5.12139167113433e-05,5.12139167109205e-05,both,4.2280496595145656e-16,True
ln_salario_real_adm,12,7,-11,-16,9.453038308465155e-06,9.45303830839615e-06,both,6.900608014691334e-17,True
ln_salario_real_adm,12,8,-11,-15,0.0001215766331091,0.0001215766331085,both,6.000110347806342e-16,True
ln_salario_real_adm,12,9,-11,-14,0.0001152135194248,0.0001152135194244,both,4.000028390113708e-16,True
ln_salario_real_adm,12,10,-11,-13,9.96131431284364e-05,9.96131431280187e-05,both,4.1770243947719665e-16,True
ln_salario_real_adm,12,11,-11,-12,3.9880909628776854e-05,3.98809096284879e-05,both,2.88953431494543e-16,True
ln_salario_real_adm,12,12,-11,-11,0.0003202216069826,0.0003202216069821,both,5.000340419503146e-16,True
ln_salario_real_adm,12,13,-11,-10,0.0001113437289607,0.0001113437289603,both,4.000028390113708e-16,True
ln_salario_real_adm,12,14,-11,-9,0.0001662319777929,0.0001662319777924,both,5.000069368960025e-16,True
ln_salario_real_adm,12,15,-11,-8,6.308698979534596e-05,6.30869897948548e-05,both,4.911571366630896e-16,True
ln_salario_real_adm,12,16,-11,-7,0.0001153248249588,0.0001153248249583,both,4.999933843688464e-16,True
ln_salario_real_adm,12,17,-11,-6,0.0001862873962771,0.0001862873962767,both,3.999892864842147e-16,True
ln_salario_real_adm,12,18,-11,-5,0.0001633658373511,0.0001633658373504,both,7.000151326652659e-16,True
ln_salario_real_adm,12,19,-11,-4,6.254909377173399e-05,6.25490937713729e-05,both,3.6109353354629725e-16,True
ln_salario_real_adm,12,20,-11,-3,9.667084579340546e-06,9.66708457896526e-06,both,3.752864176104903e-16,True
ln_salario_real_adm,12,21,-11,-2,0.0001462206402255,0.000146220640225,both,5.000069368960025e-16,True
ln_salario_real_adm,12,22,-11,0,7.269626556660592e-05,7.2696265566032e-05,both,5.739224200052018e-16,True
ln_salario_real_adm,12,23,-11,1,0.0001407016943232,0.0001407016943227,both,5.000069368960025e-16,True
ln_salario_real_adm,12,24,-11,2,0.0001352929902027,0.0001352929902019,both,7.999785729684294e-16,True
ln_salario_real_adm,12,25,-11,3,7.990446043836349e-05,7.99044604377251e-05,both,6.383917916866211e-16,True
ln_salario_real_adm,12,26,-11,4,0.0001370966235523,0.0001370966235515,both,8.000056780227416e-16,True
ln_salario_real_adm,12,27,-11,5,0.0001265784873791,0.0001265784873785,both,5.999974822534782e-16,True
ln_salario_real_adm,12,28,-11,6,0.0001319443396955,0.0001319443396948,both,6.999880276109538e-16,True
ln_salario_real_adm,12,29,-11,7,6.971635490254493e-05,6.97163549017876e-05,both,7.573287700082809e-16,True
ln_salario_real_adm,12,30,-11,8,0.000142521498372,0.0001425214983713,both,6.999880276109538e-16,True
ln_salario_real_adm,12,31,-11,9,7.122801146176703e-05,7.12280114611473e-05,both,6.197299617927143e-16,True
ln_salario_real_adm,12,32,-11,10,7.394144422877017e-05,7.39414442280592e-05,both,7.109655746073695e-16,True
ln_salario_real_adm,12,33,-11,11,6.598650593123086e-05,6.59865059306196e-05,both,6.112596323201713e-16,True
ln_salario_real_adm,12,34,-11,12,2.9001248489797927e-05,2.9001248489311e-05,both,4.869287481903961e-16,True
ln_salario_real_adm,12,35,-11,13,8.734286123753462e-05,8.73428612369752e-05,both,5.5942121594820815e-16,True
ln_salario_real_adm,12,36,-11,14,5.005712841829027e-05,5.00571284175787e-05,both,7.115686620658146e-16,True
ln_salario_real_adm,12,37,-11,15,0.0001201489214838,0.0001201489214831,both,7.000015801381099e-16,True
ln_salario_real_adm,12,38,-11,16,9.504679201729274e-05,9.50467920167064e-05,both,5.863500874073169e-16,True
ln_salario_real_adm,12,39,-11,17,3.3768503539842858e-06,3.37685035332651e-06,both,6.577757171680621e-16,True
ln_salario_real_adm,12,40,-11,18,0.0001219946272161,0.0001219946272154,both,7.000015801381099e-16,True
ln_salario_real_adm,12,41,-11,19,9.178528335756552e-05,9.17852833569419e-05,both,6.236195370865061e-16,True
ln_salario_real_adm,12,42,-11,20,0.0001448796361012,0.0001448796361005,both,6.999880276109538e-16,True
ln_salario_real_adm,12,43,-11,21,9.899620672879536e-05,9.89962067282048e-05,both,5.905649233528543e-16,True
ln_salario_real_adm,12,44,-11,22,0.0001037204343562,0.0001037204343556,both,5.999974822534782e-16,True
ln_salario_real_adm,12,45,-11,23,7.80183419949832e-05,7.80183419945192e-05,both,4.640114247694838e-16,True
ln_salario_real_adm,13,0,-10,-23,3.408276240946134e-05,3.40827624091479e-05,both,3.134360718019813e-16,True
ln_salario_real_adm,13,1,-10,-22,5.4326885628515064e-05,5.43268856283253e-05,both,1.8976248523927541e-16,True
ln_salario_real_adm,13,2,-10,-21,3.843503331379281e-05,3.84350333135149e-05,both,2.7791489812592496e-16,True
ln_salario_real_adm,13,3,-10,-20,0.0001092058035325,0.0001092058035323,both,1.9999464324210736e-16,True
ln_salario_real_adm,13,4,-10,-19,7.688892288133929e-05,7.68889228811805e-05,both,1.5878140816050212e-16,True
ln_salario_real_adm,13,5,-10,-18,7.869733209318557e-05,7.86973320927404e-05,both,4.451734120225481e-16,True
ln_salario_real_adm,13,6,-10,-17,5.439406221647286e-05,5.43940622161601e-05,both,3.1275844544417786e-16,True
ln_salario_real_adm,13,7,-10,-16,6.583933776775588e-05,6.58393377678006e-05,both,4.472333961502706e-17,True
ln_salario_real_adm,13,8,-10,-15,7.369785630177226e-05,7.36978563012873e-05,both,4.849500792256101e-16,True
ln_salario_real_adm,13,9,-10,-14,9.00258820133791e-05,9.00258820130474e-05,both,3.31698102144784e-16,True
ln_salario_real_adm,13,10,-10,-13,6.28296369210551e-05,6.28296369207468e-05,both,3.0830644027340925e-16,True
ln_salario_real_adm,13,11,-10,-12,3.222893114407734e-05,3.22289311438984e-05,both,1.7894079230515447e-16,True
ln_salario_real_adm,13,12,-10,-11,0.0001113437289607,0.0001113437289603,both,4.000028390113708e-16,True
ln_salario_real_adm,13,13,-10,-10,0.0001570970266406,0.0001570970266403,both,2.999987411267391e-16,True
ln_salario_real_adm,13,14,-10,-9,9.827382678615117e-05,9.82738267857023e-05,both,4.488596994089988e-16,True
ln_salario_real_adm,13,15,-10,-8,8.455211090910524e-05,8.45521109087258e-05,both,3.7943010278845835e-16,True
ln_salario_real_adm,13,16,-10,-7,7.738305676346863e-05,7.7383056763041e-05,both,4.27622889355439e-16,True
ln_salario_real_adm,13,17,-10,-6,0.0001161505003719,0.0001161505003716,both,3.0001229365389515e-16,True
ln_salario_real_adm,13,18,-10,-5,6.07396486012349e-05,6.07396486006844e-05,both,5.504968768159368e-16,True
ln_salario_real_adm,13,19,-10,-4,2.1902516924005907e-05,2.1902516923753e-05,both,2.52907097391189e-16,True
ln_salario_real_adm,13,20,-10,-3,2.687475254700111e-05,2.68747525467398e-05,both,2.6130966422795165e-16,True
ln_salario_real_adm,13,21,-10,-2,7.331740596062527e-05,7.33174059602254e-05,both,3.998673137398101e-16,True
ln_salario_real_adm,13,22,-10,0,4.133446854494204e-05,4.13344685444838e-05,both,4.582448244645765e-16,True
ln_salario_real_adm,13,23,-10,1,7.002627728249237e-05,7.00262772820626e-05,both,4.2977774117325396e-16,True
ln_salario_real_adm,13,24,-10,2,0.0001154408655569,0.0001154408655563,both,5.999974822534782e-16,True
ln_salario_real_adm,13,25,-10,3,6.026095846638168e-05,6.02609584658515e-05,both,5.301748623454117e-16,True
ln_salario_real_adm,13,26,-10,4,4.06960713099243e-05,4.06960713092822e-05,both,6.420984078638059e-16,True
ln_salario_real_adm,13,27,-10,5,5.987932484017584e-05,5.98793248396214e-05,both,5.544406622183529e-16,True
ln_salario_real_adm,13,28,-10,6,7.475999134800227e-05,7.4759991347417e-05,both,5.852658852348314e-16,True
ln_salario_real_adm,13,29,-10,7,4.076695691772419e-05,4.07669569170787e-05,both,6.454865396528231e-16,True
ln_salario_real_adm,13,30,-10,8,4.954090316256497e-05,4.95409031619521e-05,both,6.128656067881655e-16,True
ln_salario_real_adm,13,31,-10,9,7.578887862536718e-05,7.57888786248583e-05,both,5.088838421832276e-16,True
ln_salario_real_adm,13,32,-10,10,7.596914635116913e-05,7.59691463505744e-05,both,5.947255491897674e-16,True
ln_salario_real_adm,13,33,-10,11,4.685642163925532e-05,4.6856421638757e-05,both,4.9832642352865e-16,True
ln_salario_real_adm,13,34,-10,12,3.0911328357640264e-06,3.09113283538281e-06,both,3.8121649527421766e-16,True
ln_salario_real_adm,13,35,-10,13,9.447503725782093e-05,9.44750372573775e-05,both,4.4342513601941524e-16,True
ln_salario_real_adm,13,36,-10,14,5.0756540642951665e-05,5.0756540642356e-05,both,5.956674498271142e-16,True
ln_salario_real_adm,13,37,-10,15,7.127217663295363e-05,7.12721766323384e-05,both,6.152305227768995e-16,True
ln_salario_real_adm,13,38,-10,16,5.755600383285676e-05,5.7556003832385e-05,both,4.717566940391771e-16,True
ln_salario_real_adm,13,39,-10,17,4.65733408010709e-05,4.6573340800531e-05,both,5.39898800579891e-16,True
ln_salario_real_adm,13,40,-10,18,5.0622634871858214e-05,5.06226348713385e-05,both,5.1971231138092655e-16,True
ln_salario_real_adm,13,41,-10,19,3.465527008441961e-05,3.46552700839101e-05,both,5.095140346959848e-16,True
ln_salario_real_adm,13,42,-10,20,5.6456916388060584e-05,5.64569163874649e-05,both,5.956877786178483e-16,True
ln_salario_real_adm,13,43,-10,21,5.321933133477961e-05,5.32193313342915e-05,both,4.881078180529741e-16,True
ln_salario_real_adm,13,44,-10,22,6.457086489508921e-05,6.45708648945963e-05,both,4.929054126662225e-16,True
ln_salario_real_adm,13,45,-10,23,3.949517968657761e-05,3.94951796862168e-05,both,3.608089304760198e-16,True
ln_salario_real_adm,14,0,-9,-23,8.641555428117062e-05,8.64155542807331e-05,both,4.3751623417936925e-16,True
ln_salario_real_adm,14,1,-9,-22,9.545176082667302e-05,9.54517608263518e-05,both,3.2122199865314283e-16,True
ln_salario_real_adm,14,2,-9,-21,0.0001506167288017,0.0001506167288013,both,3.999892864842147e-16,True
ln_salario_real_adm,14,3,-9,-20,0.0001186998550777,0.0001186998550774,both,2.999987411267391e-16,True
ln_salario_real_adm,14,4,-9,-19,0.0001210934283352,0.0001210934283349,both,3.0001229365389515e-16,True
ln_salario_real_adm,14,5,-9,-18,9.431092901006715e-05,9.43109290094887e-05,both,5.784489640753288e-16,True
ln_salario_real_adm,14,6,-9,-17,6.582412843890232e-05,6.58241284384576e-05,both,4.4472617862639785e-16,True
ln_salario_real_adm,14,7,-9,-16,0.0001378347909365,0.0001378347909364,both,1.0001765041178778e-16,True
ln_salario_real_adm,14,8,-9,-15,0.0001225072452508,0.0001225072452502,both,5.999974822534782e-16,True
ln_salario_real_adm,14,9,-9,-14,0.0001576078859583,0.0001576078859578,both,5.000069368960025e-16,True
ln_salario_real_adm,14,10,-9,-13,8.616928406469884e-05,8.61692840642531e-05,both,4.45742618163103e-16,True
ln_salario_real_adm,14,11,-9,-12,0.0001738746228068,0.0001738746228065,both,2.999987411267391e-16,True
ln_salario_real_adm,14,12,-9,-11,0.0001662319777929,0.0001662319777924,both,5.000069368960025e-16,True
ln_salario_real_adm,14,13,-9,-10,9.827382678614789e-05,9.82738267857023e-05,both,4.455799878372302e-16,True
ln_salario_real_adm,14,14,-9,-9,0.0003057557458341,0.0003057557458335,both,5.999974822534782e-16,True
ln_salario_real_adm,14,15,-9,-8,0.0001620033355287,0.0001620033355282,both,5.000069368960025e-16,True
ln_salario_real_adm,14,16,-9,-7,0.0001906306467261,0.0001906306467255,both,5.999974822534782e-16,True
ln_salario_real_adm,14,17,-9,-6,0.0001100350558494,0.0001100350558489,both,5.000069368960025e-16,True
ln_salario_real_adm,14,18,-9,-5,0.0001204363545335,0.0001204363545328,both,6.999880276109538e-16,True
ln_salario_real_adm,14,19,-9,-4,8.974284632020377e-05,8.97428463198172e-05,both,3.865722845997066e-16,True
ln_salario_real_adm,14,20,-9,-3,6.989839447050109e-05,6.98983944701029e-05,both,3.9818680037245757e-16,True
ln_salario_real_adm,14,21,-9,-2,7.009476576622072e-05,7.00947657656894e-05,both,5.313268271536775e-16,True
ln_salario_real_adm,14,22,-9,0,6.339964371405543e-05,6.33996437134581e-05,both,5.973276344037326e-16,True
ln_salario_real_adm,14,23,-9,1,9.021882897852012e-05,9.02188289779524e-05,both,5.677153625677223e-16,True
ln_salario_real_adm,14,24,-9,2,0.0001410481529414,0.0001410481529406,both,8.000056780227416e-16,True
ln_salario_real_adm,14,25,-9,3,0.0001115767634184,0.0001115767634177,both,7.000015801381099e-16,True
ln_salario_real_adm,14,26,-9,4,0.000163470727224,0.0001634707272232,both,7.999785729684294e-16,True
ln_salario_real_adm,14,27,-9,5,0.0001187310536125,0.0001187310536118,both,7.000015801381099e-16,True
ln_salario_real_adm,14,28,-9,6,0.0001243766275128,0.0001243766275121,both,7.000151326652659e-16,True
ln_salario_real_adm,14,29,-9,7,0.0001814915306107,0.0001814915306099,both,8.000056780227416e-16,True
ln_salario_real_adm,14,30,-9,8,0.0001158888394066,0.0001158888394059,both,7.000015801381099e-16,True
ln_salario_real_adm,14,31,-9,9,9.412295495145476e-05,9.41229549508117e-05,both,6.430674135554648e-16,True
ln_salario_real_adm,14,32,-9,10,0.0001411927518194,0.0001411927518186,both,8.000056780227416e-16,True
ln_salario_real_adm,14,33,-9,11,0.0001013558836568,0.0001013558836561,both,7.000015801381099e-16,True
ln_salario_real_adm,14,34,-9,12,9.705873087881489e-05,9.70587308783196e-05,both,4.952906574456906e-16,True
ln_salario_real_adm,14,35,-9,13,6.444633089985297e-05,6.44463308992653e-05,both,5.876646825414555e-16,True
ln_salario_real_adm,14,36,-9,14,9.958720323975606e-05,9.9587203239019e-05,both,7.37054189382802e-16,True
ln_salario_real_adm,14,37,-9,15,0.0001178110436664,0.0001178110436656,both,8.000056780227416e-16,True
ln_salario_real_adm,14,38,-9,16,8.757274298388348e-05,8.75727429832696e-05,both,6.138752700612926e-16,True
ln_salario_real_adm,14,39,-9,17,4.8449431630040015e-05,4.84494316293567e-05,both,6.833184192089892e-16,True
ln_salario_real_adm,14,40,-9,18,0.0001575980908473,0.0001575980908466,both,7.000151326652659e-16,True
ln_salario_real_adm,14,41,-9,19,6.489985294823291e-05,6.48998529475814e-05,both,6.515106379736957e-16,True
ln_salario_real_adm,14,42,-9,20,9.718220962882956e-05,9.71822096280902e-05,both,7.393581189993337e-16,True
ln_salario_real_adm,14,43,-9,21,0.000118353386782,0.0001183533867814,both,6.000110347806342e-16,True
ln_salario_real_adm,14,44,-9,22,8.69773501730473e-05,8.69773501724202e-05,both,6.271025365656158e-16,True
ln_salario_real_adm,14,45,-9,23,8.274548644209659e-05,8.27454864416083e-05,both,4.88284000906003e-16,True
ln_salario_real_adm,15,0,-8,-23,4.0375984752470376e-05,4.03759847520878e-05,both,3.825742890886663e-16,True
ln_salario_real_adm,15,1,-8,-22,8.714943623878535e-05,8.71494362385331e-05,both,2.522396354287526e-16,True
ln_salario_real_adm,15,2,-8,-21,3.978324248932195e-05,3.97832424889735e-05,both,3.4844902570968506e-16,True
ln_salario_real_adm,15,3,-8,-20,0.0001071450487869,0.0001071450487867,both,1.9999464324210736e-16,True
ln_salario_real_adm,15,4,-8,-19,6.701667022145622e-05,6.7016670221228e-05,both,2.282245573081987e-16,True
ln_salario_real_adm,15,5,-8,-18,9.233455253391282e-05,9.23345525334024e-05,both,5.1041527775186335e-16,True
ln_salario_real_adm,15,6,-8,-17,0.0001163478273417,0.0001163478273413,both,3.999892864842147e-16,True
ln_salario_real_adm,15,7,-8,-16,0.0001848780416512,0.0001848780416512,both,0.0,True
ln_salario_real_adm,15,8,-8,-15,7.649351089573625e-05,7.64935108951815e-05,both,5.547591466065205e-16,True
ln_salario_real_adm,15,9,-8,-14,0.0001363923265953,0.0001363923265949,both,4.0001639153852686e-16,True
ln_salario_real_adm,15,10,-8,-13,8.12960744255918e-05,8.1296074425214e-05,both,3.778037995297301e-16,True
ln_salario_real_adm,15,11,-8,-12,0.0001110695223858,0.0001110695223856,both,1.9999464324210736e-16,True
ln_salario_real_adm,15,12,-8,-11,6.308698979534619e-05,6.30869897948548e-05,both,4.913875296247427e-16,True
ln_salario_real_adm,15,13,-8,-10,8.455211090910342e-05,8.45521109087258e-05,both,3.7761406414954513e-16,True
ln_salario_real_adm,15,14,-8,-9,0.0001620033355287,0.0001620033355282,both,5.000069368960025e-16,True
ln_salario_real_adm,15,15,-8,-8,0.0002262798274849,0.0002262798274845,both,4.0001639153852686e-16,True
ln_salario_real_adm,15,16,-8,-7,0.0001444774969073,0.0001444774969068,both,5.000069368960025e-16,True
ln_salario_real_adm,15,17,-8,-6,7.50862021650447e-05,7.50862021646281e-05,both,4.16591132250399e-16,True
ln_salario_real_adm,15,18,-8,-5,5.432245996590278e-05,5.4322459965283e-05,both,6.197841719013386e-16,True
ln_salario_real_adm,15,19,-8,-4,2.5127887752394117e-05,2.5127887752071e-05,both,3.2311596432320344e-16,True
ln_salario_real_adm,15,20,-8,-3,0.0001132257966888,0.0001132257966884,both,4.000028390113708e-16,True
ln_salario_real_adm,15,21,-8,-2,5.036379731545322e-05,5.03637973149871e-05,both,4.661188427422525e-16,True
ln_salario_real_adm,15,22,-8,0,4.1820627933369e-05,4.18206279328419e-05,both,5.2709843868098405e-16,True
ln_salario_real_adm,15,23,-8,1,6.524765026235496e-05,6.52476502618552e-05,both,4.997494388800372e-16,True
ln_salario_real_adm,15,24,-8,2,0.0001336254590632,0.0001336254590625,both,7.000151326652659e-16,True
ln_salario_real_adm,15,25,-8,3,0.0001070217770047,0.0001070217770041,both,6.000110347806342e-16,True
ln_salario_real_adm,15,26,-8,4,9.084129062745036e-05,9.08412906267436e-05,both,7.067642911889882e-16,True
ln_salario_real_adm,15,27,-8,5,6.96656546563223e-05,6.96656546556984e-05,both,6.238905876296275e-16,True
ln_salario_real_adm,15,28,-8,6,0.0001198750810249,0.0001198750810243,both,6.000110347806342e-16,True
ln_salario_real_adm,15,29,-8,7,0.0001358022923048,0.0001358022923041,both,6.999880276109538e-16,True
ln_salario_real_adm,15,30,-8,8,8.871088164974108e-05,8.87108816490621e-05,both,6.789816105190472e-16,True
ln_salario_real_adm,15,31,-8,9,0.0001266954129803,0.0001266954129797,both,5.999974822534782e-16,True
ln_salario_real_adm,15,32,-8,10,0.0001179186743281,0.0001179186743275,both,5.999974822534782e-16,True
ln_salario_real_adm,15,33,-8,11,0.0001114532205044,0.0001114532205038,both,5.999974822534782e-16,True
ln_salario_real_adm,15,34,-8,12,0.0001103239284827,0.0001103239284822,both,5.000069368960025e-16,True
ln_salario_real_adm,15,35,-8,13,8.944731693640687e-05,8.94473169358907e-05,both,5.161751017931926e-16,True
ln_salario_real_adm,15,36,-8,14,7.222610340393095e-05,7.22261034032634e-05,both,6.675432775993251e-16,True
ln_salario_real_adm,15,37,-8,15,8.729931093045432e-05,8.72993109297656e-05,both,6.887258775442606e-16,True
ln_salario_real_adm,15,38,-8,16,5.506069024725015e-05,5.50606902467056e-05,both,5.445473173944226e-16,True
ln_salario_real_adm,15,39,-8,17,6.518642327998189e-05,6.51864232793703e-05,both,6.11584892971917e-16,True
ln_salario_real_adm,15,40,-8,18,9.38447521818844e-05,9.38447521812936e-05,both,5.907953163145074e-16,True
ln_salario_real_adm,15,41,-8,19,3.0253631962961535e-05,3.02536319623791e-05,both,5.82433407059213e-16,True
ln_salario_real_adm,15,42,-8,20,3.683126072734288e-05,3.68312607266817e-05,both,6.611803660995508e-16,True
ln_salario_real_adm,15,43,-8,21,6.323470445180524e-05,6.32347044512523e-05,both,5.529431079676073e-16,True
ln_salario_real_adm,15,44,-8,22,5.054275040316039e-05,5.0542750402596e-05,both,5.643882171509074e-16,True
ln_salario_real_adm,15,45,-8,23,0.0001013929758943,0.0001013929758939,both,4.000028390113708e-16,True
ln_salario_real_adm,16,0,-7,-23,8.152534332341886e-05,8.15253433229693e-05,both,4.495644308211144e-16,True
ln_salario_real_adm,16,1,-7,-22,8.968102805153502e-05,8.96810280512493e-05,both,2.8572793003139862e-16,True
ln_salario_real_adm,16,2,-7,-21,0.0001044495310172,0.0001044495310168,both,3.999892864842147e-16,True
ln_salario_real_adm,16,3,-7,-20,7.787419417047932e-05,7.78741941701976e-05,both,2.8171638199320226e-16,True
ln_salario_real_adm,16,4,-7,-19,0.0001039642164116,0.0001039642164113,both,2.999987411267391e-16,True
ln_salario_real_adm,16,5,-7,-18,0.0001072461614498,0.0001072461614492,both,5.999974822534782e-16,True
ln_salario_real_adm,16,6,-7,-17,9.07238807369066e-05,9.07238807364677e-05,both,4.3889859194928826e-16,True
ln_salario_real_adm,16,7,-7,-16,8.715243161105054e-05,8.71524316110221e-05,both,2.8433201973432354e-17,True
ln_salario_real_adm,16,8,-7,-15,0.0001244682511945,0.0001244682511938,both,6.999880276109538e-16,True
ln_salario_real_adm,16,9,-7,-14,0.0001309409497525,0.000130940949752,both,5.000069368960025e-16,True
ln_salario_real_adm,16,10,-7,-13,8.828830203582659e-05,8.82883020354078e-05,both,4.1878664164968216e-16,True
ln_salario_real_adm,16,11,-7,-12,9.23375139052976e-05,9.23375139050195e-05,both,2.780978572425319e-16,True
ln_salario_real_adm,16,12,-7,-11,0.0001153248249588,0.0001153248249583,both,4.999933843688464e-16,True
ln_salario_real_adm,16,13,-7,-10,7.738305676346768e-05,7.7383056763041e-05,both,4.266742124545142e-16,True
ln_salario_real_adm,16,14,-7,-9,0.0001906306467261,0.0001906306467255,both,5.999974822534782e-16,True
ln_salario_real_adm,16,15,-7,-8,0.0001444774969073,0.0001444774969068,both,5.000069368960025e-16,True
ln_salario_real_adm,16,16,-7,-7,0.0002131089207698,0.0002131089207692,both,5.999974822534782e-16,True
ln_salario_real_adm,16,17,-7,-6,0.000130323429757,0.0001303234297566,both,4.0001639153852686e-16,True
ln_salario_real_adm,16,18,-7,-5,0.0001314863133449,0.0001314863133442,both,6.999880276109538e-16,True
ln_salario_real_adm,16,19,-7,-4,6.731763518416445e-05,6.73176351837646e-05,both,3.9985376121265404e-16,True
ln_salario_real_adm,16,20,-7,-3,8.803806610357762e-05,8.80380661031845e-05,both,3.9311815521608784e-16,True
ln_salario_real_adm,16,21,-7,-2,5.94866484598852e-05,5.94866484594073e-05,both,4.779027651044543e-16,True
ln_salario_real_adm,16,22,-7,0,7.37910093740797e-05,7.37910093735091e-05,both,5.706020508519649e-16,True
ln_salario_real_adm,16,23,-7,1,8.934802311018802e-05,8.93480231096349e-05,both,5.531192908206362e-16,True
ln_salario_real_adm,16,24,-7,2,0.0001282053184135,0.0001282053184127,both,7.999785729684294e-16,True
ln_salario_real_adm,16,25,-7,3,0.0001058811918933,0.0001058811918927,both,5.999974822534782e-16,True
ln_salario_real_adm,16,26,-7,4,0.0001354345642315,0.0001354345642307,both,7.999785729684294e-16,True
ln_salario_real_adm,16,27,-7,5,0.0001008214514986,0.000100821451498,both,5.999974822534782e-16,True
ln_salario_real_adm,16,28,-7,6,0.0001262402122138,0.0001262402122131,both,7.000151326652659e-16,True
ln_salario_real_adm,16,29,-7,7,0.0001449105529975,0.0001449105529967,both,8.000056780227416e-16,True
ln_salario_real_adm,16,30,-7,8,0.0001202557414461,0.0001202557414454,both,7.000015801381099e-16,True
ln_salario_real_adm,16,31,-7,9,8.133329877800572e-05,8.13332987773876e-05,both,6.181172110611421e-16,True
ln_salario_real_adm,16,32,-7,10,0.0001139044216818,0.0001139044216812,both,6.000110347806342e-16,True
ln_salario_real_adm,16,33,-7,11,7.103740302852298e-05,7.10374030279202e-05,both,6.027757503204723e-16,True
ln_salario_real_adm,16,34,-7,12,9.600667873518156e-05,9.60066787347e-05,both,4.815619474365929e-16,True
ln_salario_real_adm,16,35,-7,13,5.530531668161422e-05,5.5305316681081e-05,both,5.332174046919491e-16,True
ln_salario_real_adm,16,36,-7,14,6.56661773531598e-05,6.56661773524782e-05,both,6.816108007873245e-16,True
ln_salario_real_adm,16,37,-7,15,9.60943373856852e-05,9.60943373849972e-05,both,6.88007593604989e-16,True
ln_salario_real_adm,16,38,-7,16,6.720453848430566e-05,6.72045384837749e-05,both,5.307576210131226e-16,True
ln_salario_real_adm,16,39,-7,17,7.358683925717215e-05,7.35868392565408e-05,both,6.313444775654653e-16,True
ln_salario_real_adm,16,40,-7,18,0.0001135210316815,0.0001135210316809,both,6.000110347806342e-16,True
ln_salario_real_adm,16,41,-7,19,6.680961609910355e-05,6.68096160985202e-05,both,5.833549789058257e-16,True
ln_salario_real_adm,16,42,-7,20,9.927271804580772e-05,9.9272718045119e-05,both,6.887123250171046e-16,True
ln_salario_real_adm,16,43,-7,21,9.663623961913852e-05,9.66362396185814e-05,both,5.571308388588325e-16,True
ln_salario_real_adm,16,44,-7,22,8.555593971900326e-05,8.55559397184286e-05,both,5.746542564716295e-16,True
ln_salario_real_adm,16,45,-7,23,8.578326731990851e-05,8.57832673194554e-05,both,4.531016404088484e-16,True
ln_salario_real_adm,17,0,-6,-23,7.180955581259243e-05,7.18095558122581e-05,both,3.3432729241306136e-16,True
ln_salario_real_adm,17,1,-6,-22,5.920375716272341e-05,5.92037571624825e-05,both,2.409097227262791e-16,True
ln_salario_real_adm,17,2,-6,-21,9.331729272561437e-06,9.33172927222979e-06,both,3.3164728016794875e-16,True
ln_salario_real_adm,17,3,-6,-20,0.0001016649526762,0.0001016649526759,both,2.999987411267391e-16,True
ln_salario_real_adm,17,4,-6,-19,0.0001522259040813,0.0001522259040811,both,2.0000819576926343e-16,True
ln_salario_real_adm,17,5,-6,-18,0.0001466289570384,0.0001466289570379,both,4.999798318416904e-16,True
ln_salario_real_adm,17,6,-6,-17,3.327858618844634e-05,3.32785861880905e-05,both,3.5583515300974256e-16,True
ln_salario_real_adm,17,7,-6,-16,3.7540630622026126e-05,3.75406306219954e-05,both,3.072357906280798e-17,True
ln_salario_real_adm,17,8,-6,-15,8.497357278441833e-05,8.49735727839031e-05,both,5.152264248922678e-16,True
ln_salario_real_adm,17,9,-6,-14,9.406599439885163e-05,9.406599439849e-05,both,3.6163563463254e-16,True
ln_salario_real_adm,17,10,-6,-13,6.807143993868945e-05,6.80714399383469e-05,both,3.4255367639679513e-16,True
ln_salario_real_adm,17,11,-6,-12,-1.056360890206437e-05,-1.0563608902311e-05,both,2.4663058325203463e-16,True
ln_salario_real_adm,17,12,-6,-11,0.0001862873962771,0.0001862873962767,both,3.999892864842147e-16,True
ln_salario_real_adm,17,13,-6,-10,0.0001161505003719,0.0001161505003716,both,3.0001229365389515e-16,True
ln_salario_real_adm,17,14,-6,-9,0.0001100350558494,0.0001100350558489,both,5.000069368960025e-16,True
ln_salario_real_adm,17,15,-6,-8,7.508620216504669e-05,7.50862021646281e-05,both,4.185833537423411e-16,True
ln_salario_real_adm,17,16,-6,-7,0.000130323429757,0.0001303234297566,both,4.0001639153852686e-16,True
ln_salario_real_adm,17,17,-6,-6,0.0002963576904127,0.0002963576904124,both,2.999987411267391e-16,True
ln_salario_real_adm,17,18,-6,-5,0.0001788634447635,0.000178863444763,both,5.000069368960025e-16,True
ln_salario_real_adm,17,19,-6,-4,3.418802690190618e-05,3.41880269016143e-05,both,2.9188077736025386e-16,True
ln_salario_real_adm,17,20,-6,-3,3.110002868762056e-05,3.11000286873195e-05,both,3.010626145084905e-16,True
ln_salario_real_adm,17,21,-6,-2,0.0001320338230207,0.0001320338230203,both,3.999892864842147e-16,True
ln_salario_real_adm,17,22,-6,0,6.590989316710547e-05,6.59098931666089e-05,both,4.96564594998361e-16,True
ln_salario_real_adm,17,23,-6,1,0.0001273089613187,0.0001273089613182,both,5.000069368960025e-16,True
ln_salario_real_adm,17,24,-6,2,0.000176932791532,0.0001769327915313,both,6.999880276109538e-16,True
ln_salario_real_adm,17,25,-6,3,5.4472609780431935e-05,5.44726097798524e-05,both,5.795331662478143e-16,True
ln_salario_real_adm,17,26,-6,4,0.0001263619577545,0.0001263619577538,both,6.999880276109538e-16,True
ln_salario_real_adm,17,27,-6,5,0.0001353238718921,0.0001353238718915,both,5.999974822534782e-16,True
ln_salario_real_adm,17,28,-6,6,0.0001298467683462,0.0001298467683456,both,5.999974822534782e-16,True
ln_salario_real_adm,17,29,-6,7,2.623418925602968e-05,2.62341892553351e-05,both,6.945805692756823e-16,True
ln_salario_real_adm,17,30,-6,8,0.0001132397499524,0.0001132397499517,both,7.000015801381099e-16,True
ln_salario_real_adm,17,31,-6,9,8.112138028617913e-05,8.11213802856248e-05,both,5.543254657375263e-16,True
ln_salario_real_adm,17,32,-6,10,6.711197613578249e-05,6.71119761351428e-05,both,6.396928342936037e-16,True
ln_salario_real_adm,17,33,-6,11,5.137032289451076e-05,5.13703228939684e-05,both,5.423653605222956e-16,True
ln_salario_real_adm,17,34,-6,12,6.250312282084047e-07,6.25031227781047e-07,both,4.2735766216383e-16,True
ln_salario_real_adm,17,35,-6,13,8.852968237833134e-05,8.85296823778502e-05,both,4.811418190947547e-16,True
ln_salario_real_adm,17,36,-6,14,2.78240044282498e-05,2.78240044276057e-05,both,6.441007937511151e-16,True
ln_salario_real_adm,17,37,-6,15,0.0001021754068307,0.00010217540683,both,7.000015801381099e-16,True
ln_salario_real_adm,17,38,-6,16,9.452944649739724e-05,9.45294464968842e-05,both,5.130444680201407e-16,True
ln_salario_real_adm,17,39,-6,17,4.675177112917933e-05,4.67517711285953e-05,both,5.840326052636291e-16,True
ln_salario_real_adm,17,40,-6,18,0.0001012777131929,0.0001012777131924,both,5.000069368960025e-16,True
ln_salario_real_adm,17,41,-6,19,7.733738679416276e-05,7.73373867936152e-05,both,5.475627546866479e-16,True
ln_salario_real_adm,17,42,-6,20,0.0001078835588413,0.0001078835588406,both,7.000015801381099e-16,True
ln_salario_real_adm,17,43,-6,21,5.568832117581888e-05,5.5688321175293e-05,both,5.258787112369379e-16,True
ln_salario_real_adm,17,44,-6,22,0.0001026700166682,0.0001026700166677,both,5.000069368960025e-16,True
ln_salario_real_adm,17,45,-6,23,7.745707718056989e-05,7.7457077180177e-05,both,3.9288776225443467e-16,True
ln_salario_real_adm,18,0,-5,-23,0.0001138225602892,0.0001138225602887,both,4.999933843688464e-16,True
ln_salario_real_adm,18,1,-5,-22,0.0001213420146608,0.0001213420146604,both,4.000028390113708e-16,True
ln_salario_real_adm,18,2,-5,-21,0.0001663126613804,0.0001663126613799,both,5.000069368960025e-16,True
ln_salario_real_adm,18,3,-5,-20,0.0001253030238993,0.0001253030238989,both,3.999892864842147e-16,True
ln_salario_real_adm,18,4,-5,-19,0.0001754481732012,0.0001754481732008,both,3.999892864842147e-16,True
ln_salario_real_adm,18,5,-5,-18,0.0001939255924501,0.0001939255924494,both,7.000151326652659e-16,True
ln_salario_real_adm,18,6,-5,-17,5.01694313125249e-05,5.01694313119748e-05,both,5.501038535284108e-16,True
ln_salario_real_adm,18,7,-5,-16,3.129307047779125e-05,3.12930704775728e-05,both,2.1845318522867307e-16,True
ln_salario_real_adm,18,8,-5,-15,0.0001863024684801,0.0001863024684794,both,6.999880276109538e-16,True
ln_salario_real_adm,18,9,-5,-14,6.545869423225419e-05,6.54586942316908e-05,both,5.633785538777802e-16,True
ln_salario_real_adm,18,10,-5,-13,5.9849365054851835e-05,5.98493650543104e-05,both,5.414370124121048e-16,True
ln_salario_real_adm,18,11,-5,-12,6.713882403198885e-05,6.71388240315617e-05,both,4.271485509049766e-16,True
ln_salario_real_adm,18,12,-5,-11,0.0001633658373511,0.0001633658373504,both,7.000151326652659e-16,True
ln_salario_real_adm,18,13,-5,-10,6.073964860123466e-05,6.07396486006844e-05,both,5.502597075907056e-16,True
ln_salario_real_adm,18,14,-5,-9,0.0001204363545335,0.0001204363545328,both,6.999880276109538e-16,True
ln_salario_real_adm,18,15,-5,-8,5.432245996590409e-05,5.4322459965283e-05,both,6.2109199077189925e-16,True
ln_salario_real_adm,18,16,-5,-7,0.0001314863133449,0.0001314863133442,both,6.999880276109538e-16,True
ln_salario_real_adm,18,17,-5,-6,0.0001788634447635,0.000178863444763,both,5.000069368960025e-16,True
ln_salario_real_adm,18,18,-5,-5,0.0003269650706295,0.0003269650706287,both,7.999785729684294e-16,True
ln_salario_real_adm,18,19,-5,-4,9.653121703088782e-05,9.65312170304025e-05,both,4.8532954998598e-16,True
ln_salario_real_adm,18,20,-5,-3,2.392426275419834e-05,2.39242627537016e-05,both,4.967407778513899e-16,True
ln_salario_real_adm,18,21,-5,-2,0.0001154258012733,0.0001154258012726,both,7.000015801381099e-16,True
ln_salario_real_adm,18,22,-5,0,0.0001340531444241,0.0001340531444233,both,8.000056780227416e-16,True
ln_salario_real_adm,18,23,-5,1,0.0001516085888916,0.0001516085888909,both,6.999880276109538e-16,True
ln_salario_real_adm,18,24,-5,2,0.0001937378295892,0.0001937378295883,both,8.999962233802172e-16,True
ln_salario_real_adm,18,25,-5,3,9.970935117535872e-05,9.97093511745903e-05,both,7.684147372219452e-16,True
ln_salario_real_adm,18,26,-5,4,0.0001750005511511,0.0001750005511502,both,8.999962233802172e-16,True
ln_salario_real_adm,18,27,-5,5,0.0001784367306395,0.0001784367306387,both,7.999785729684294e-16,True
ln_salario_real_adm,18,28,-5,6,0.0001322523689113,0.0001322523689104,both,8.999962233802172e-16,True
ln_salario_real_adm,18,29,-5,7,0.000125956578764,0.0001259565787632,both,8.000056780227416e-16,True
ln_salario_real_adm,18,30,-5,8,0.0001440378973576,0.0001440378973568,both,8.000056780227416e-16,True
ln_salario_real_adm,18,31,-5,9,0.0001137048632511,0.0001137048632503,both,8.000056780227416e-16,True
ln_salario_real_adm,18,32,-5,10,7.259243458387091e-05,7.25924345830333e-05,both,8.376139408808325e-16,True
ln_salario_real_adm,18,33,-5,11,7.570157476842305e-05,7.57015747676804e-05,both,7.426513830982584e-16,True
ln_salario_real_adm,18,34,-5,12,7.1297992907626664e-06,7.129799290146e-06,both,6.166662436224955e-16,True
ln_salario_real_adm,18,35,-5,13,4.912343732655115e-05,4.91234373258671e-05,both,6.840502556754169e-16,True
ln_salario_real_adm,18,36,-5,14,0.0001058911191328,0.0001058911191319,both,8.999962233802172e-16,True
ln_salario_real_adm,18,37,-5,15,0.0001256864109766,0.0001256864109757,both,8.999962233802172e-16,True
ln_salario_real_adm,18,38,-5,16,7.733910543286631e-05,7.73391054321537e-05,both,7.126054303932539e-16,True
ln_salario_real_adm,18,39,-5,17,0.0001214475161102,0.0001214475161095,both,7.000015801381099e-16,True
ln_salario_real_adm,18,40,-5,18,0.0001016144967968,0.000101614496796,both,7.999921254955855e-16,True
ln_salario_real_adm,18,41,-5,19,9.173882680229848e-05,9.17388268015524e-05,both,7.460801724687438e-16,True
ln_salario_real_adm,18,42,-5,20,0.0002111075279144,0.0002111075279136,both,8.000056780227416e-16,True
ln_salario_real_adm,18,43,-5,21,0.0001485185377466,0.0001485185377459,both,7.000151326652659e-16,True
ln_salario_real_adm,18,44,-5,22,0.0001031158454847,0.0001031158454839,both,7.999921254955855e-16,True
ln_salario_real_adm,18,45,-5,23,8.435643036583698e-05,8.4356430365251e-05,both,5.85984169174103e-16,True
ln_salario_real_adm,19,0,-4,-23,0.0001101913277467,0.0001101913277465,both,1.9999464324210736e-16,True
ln_salario_real_adm,19,1,-4,-22,0.0001203225827538,0.0001203225827536,both,1.9999464324210736e-16,True
ln_salario_real_adm,19,2,-4,-21,0.0001395578179418,0.0001395578179415,both,2.999987411267391e-16,True
ln_salario_real_adm,19,3,-4,-20,0.0001627517699057,0.0001627517699055,both,2.0000819576926343e-16,True
ln_salario_real_adm,19,4,-4,-19,0.0001871503328131,0.0001871503328131,both,0.0,True
ln_salario_real_adm,19,5,-4,-18,4.979264895929887e-05,4.97926489589076e-05,both,3.9126823525928445e-16,True
ln_salario_real_adm,19,6,-4,-17,-1.0161949472686268e-05,-1.01619494729416e-05,both,2.553329997521253e-16,True
ln_salario_real_adm,19,7,-4,-16,0.0001010051384759,0.000101005138476,both,9.999054535747565e-17,True
ln_salario_real_adm,19,8,-4,-15,0.0001200032512911,0.0001200032512907,both,4.000028390113708e-16,True
ln_salario_real_adm,19,9,-4,-14,4.285763651332364e-05,4.28576365130563e-05,both,2.673439269441913e-16,True
ln_salario_real_adm,19,10,-4,-13,3.0790314787756146e-05,3.07903147875139e-05,both,2.4224464665115186e-16,True
ln_salario_real_adm,19,11,-4,-12,0.0001797203770713,0.0001797203770712,both,1.0001765041178778e-16,True
ln_salario_real_adm,19,12,-4,-11,6.254909377173543e-05,6.25490937713729e-05,both,3.6253010142484055e-16,True
ln_salario_real_adm,19,13,-4,-10,2.1902516924005897e-05,2.1902516923753e-05,both,2.5289693299582194e-16,True
ln_salario_real_adm,19,14,-4,-9,8.974284632020678e-05,8.97428463198172e-05,both,3.895809456283539e-16,True
ln_salario_real_adm,19,15,-4,-8,2.512788775239547e-05,2.5127887752071e-05,both,3.244678289070213e-16,True
ln_salario_real_adm,19,16,-4,-7,6.731763518416577e-05,6.73176351837646e-05,both,4.011683563467927e-16,True
ln_salario_real_adm,19,17,-4,-6,3.4188026901905696e-05,3.41880269016143e-05,both,2.913996626462134e-16,True
ln_salario_real_adm,19,18,-4,-5,9.6531217030888e-05,9.65312170304025e-05,both,4.855057328390089e-16,True
ln_salario_real_adm,19,19,-4,-4,0.0002590962081936,0.0002590962081934,both,1.999810907149513e-16,True
ln_salario_real_adm,19,20,-4,-3,1.876399343243445e-05,1.87639934322395e-05,both,1.9494971500826075e-16,True
ln_salario_real_adm,19,21,-4,-2,4.027557755856851e-06,4.02755775552542e-06,both,3.314312867663989e-16,True
ln_salario_real_adm,19,22,-4,0,1.76977479491752e-05,1.76977479487845e-05,both,3.9069902911872956e-16,True
ln_salario_real_adm,19,23,-4,1,3.600465456527603e-05,3.60046545649081e-05,both,3.6793078349653396e-16,True
ln_salario_real_adm,19,24,-4,2,1.4546260015286113e-05,1.45462600146888e-05,both,5.97312387810682e-16,True
ln_salario_real_adm,19,25,-4,3,1.641426022546638e-05,1.64142602250055e-05,both,4.608807909964319e-16,True
ln_salario_real_adm,19,26,-4,4,4.425523530584559e-05,4.42552353052717e-05,both,5.738885386873116e-16,True
ln_salario_real_adm,19,27,-4,5,6.607633542640858e-05,6.60763354259187e-05,both,4.898831991104191e-16,True
ln_salario_real_adm,19,28,-4,6,-4.05266737220186e-06,-4.05266737272218e-06,both,5.203204810370551e-16,True
ln_salario_real_adm,19,29,-4,7,-1.640068158466473e-06,-1.64006815904966e-06,both,5.831870546240325e-16,True
ln_salario_real_adm,19,30,-4,8,4.388599344888487e-05,4.38859934483404e-05,both,5.444660022314862e-16,True
ln_salario_real_adm,19,31,-4,9,2.107210550636886e-06,2.10721055019065e-06,both,4.462360148548786e-16,True
ln_salario_real_adm,19,32,-4,10,-5.4886365988877e-05,-5.48863659894107e-05,both,5.337052956695676e-16,True
ln_salario_real_adm,19,33,-4,11,6.252618590904139e-06,6.2526185904737e-06,both,4.3043927390505957e-16,True
ln_salario_real_adm,19,34,-4,12,2.0384961101094984e-05,2.03849611007833e-05,both,3.116844076670594e-16,True
ln_salario_real_adm,19,35,-4,13,3.7127203048286337e-06,3.71272030444651e-06,both,3.82123667560727e-16,True
ln_salario_real_adm,19,36,-4,14,5.2443399699768775e-06,5.24433996944595e-06,both,5.309278746355207e-16,True
ln_salario_real_adm,19,37,-4,15,3.236127750113188e-05,3.23612775005878e-05,both,5.440797552075383e-16,True
ln_salario_real_adm,19,38,-4,16,1.1771920500159651e-05,1.17719204997551e-05,both,4.045514059381264e-16,True
ln_salario_real_adm,19,39,-4,17,2.1235280838012377e-05,2.12352808375392e-05,both,4.731763212587753e-16,True
ln_salario_real_adm,19,40,-4,18,6.958478398571377e-05,6.95847839852633e-05,both,4.50472450140571e-16,True
ln_salario_real_adm,19,41,-4,19,4.051125625399675e-05,4.05112562535586e-05,both,4.3814642669212644e-16,True
ln_salario_real_adm,19,42,-4,20,4.7149006618194855e-05,4.71490066176647e-05,both,5.301545335546776e-16,True
ln_salario_real_adm,19,43,-4,21,7.06533908016147e-05,7.06533908011866e-05,both,4.281107803330575e-16,True
ln_salario_real_adm,19,44,-4,22,2.0409199099971187e-05,2.04091990995359e-05,both,4.3528684346219593e-16,True
ln_salario_real_adm,19,45,-4,23,3.9794593231878326e-05,3.97945932315747e-05,both,3.036240421409875e-16,True
ln_salario_real_adm,20,0,-3,-23,5.697332814586429e-05,5.69733281456198e-05,both,2.444943661590593e-16,True
ln_salario_real_adm,20,1,-3,-22,0.000110368052991,0.0001103680529908,both,1.9999464324210736e-16,True
ln_salario_real_adm,20,2,-3,-21,3.9581473628539165e-05,3.95814736283111e-05,both,2.2806192698232586e-16,True
ln_salario_real_adm,20,3,-3,-20,-9.550787203261844e-06,-9.55078720341376e-06,both,1.5191705315595327e-16,True
ln_salario_real_adm,20,4,-3,-19,5.691043845873726e-06,5.69104384573907e-06,both,1.3465621575680514e-16,True
ln_salario_real_adm,20,5,-3,-18,1.5495159243218648e-05,1.5495159242822e-05,both,3.9664858854024376e-16,True
ln_salario_real_adm,20,6,-3,-17,0.0001214804787105,0.0001214804787103,both,1.9999464324210736e-16,True
ln_salario_real_adm,20,7,-3,-16,0.0001238408259155,0.0001238408259156,both,9.999054535747565e-17,True
ln_salario_real_adm,20,8,-3,-15,6.165545945140775e-05,6.16554594509789e-05,both,4.288561693266413e-16,True
ln_salario_real_adm,20,9,-3,-14,9.209101590892896e-05,9.20910159086498e-05,both,2.7915495436070525e-16,True
ln_salario_real_adm,20,10,-3,-13,5.1444610365952995e-05,5.14446103656999e-05,both,2.5309344463958494e-16,True
ln_salario_real_adm,20,11,-3,-12,4.5876054493935005e-05,4.58760544937983e-05,both,1.3670434142326604e-16,True
ln_salario_real_adm,20,12,-3,-11,9.667084579342352e-06,9.66708457896526e-06,both,3.770922918540365e-16,True
ln_salario_real_adm,20,13,-3,-10,2.687475254700107e-05,2.68747525467398e-05,both,2.6127239477827247e-16,True
ln_salario_real_adm,20,14,-3,-9,6.989839447050391e-05,6.98983944701029e-05,both,4.010057260209199e-16,True
ln_salario_real_adm,20,15,-3,-8,0.0001132257966888,0.0001132257966884,both,4.000028390113708e-16,True
ln_salario_real_adm,20,16,-3,-7,8.803806610357877e-05,8.80380661031845e-05,both,3.942701200243537e-16,True
ln_salario_real_adm,20,17,-3,-6,3.110002868762035e-05,3.11000286873195e-05,both,3.008525503375714e-16,True
ln_salario_real_adm,20,18,-3,-5,2.3924262754198644e-05,2.39242627537016e-05,both,4.970457097124015e-16,True
ln_salario_real_adm,20,19,-3,-4,1.8763993432434175e-05,1.87639934322395e-05,both,1.9467527633335036e-16,True
ln_salario_real_adm,20,20,-3,-3,0.0002015336543436,0.0002015336543434,both,2.0000819576926343e-16,True
ln_salario_real_adm,20,21,-3,-2,-1.5699126301990814e-06,-1.56991263054515e-06,both,3.4606865136966366e-16,True
ln_salario_real_adm,20,22,-3,0,-6.431356936459965e-06,-6.43135693685313e-06,both,3.931655890611341e-16,True
ln_salario_real_adm,20,23,-3,1,4.55525754377158e-05,4.55525754373387e-05,both,3.770990681176145e-16,True
ln_salario_real_adm,20,24,-3,2,1.7715365086674043e-05,1.77153650860679e-05,both,6.061435533187554e-16,True
ln_salario_real_adm,20,25,-3,3,7.047066820131265e-05,7.04706682008365e-05,both,4.761544891013214e-16,True
ln_salario_real_adm,20,26,-3,4,3.798163003545923e-05,3.79816300348661e-05,both,5.931263509853513e-16,True
ln_salario_real_adm,20,27,-3,5,-1.3578355606158689e-05,-1.35783556066617e-05,both,5.030105157269663e-16,True
ln_salario_real_adm,20,28,-3,6,6.606553234840898e-05,6.60655323478748e-05,both,5.34172857856452e-16,True
ln_salario_real_adm,20,29,-3,7,7.024262917380702e-05,7.02426291732139e-05,both,5.931127984581952e-16,True
ln_salario_real_adm,20,30,-3,8,3.4948867683300784e-05,3.49488676827369e-05,both,5.638867736461328e-16,True
ln_salario_real_adm,20,31,-3,9,9.391554934793224e-05,9.39155493474752e-05,both,4.570454258112644e-16,True
ln_salario_real_adm,20,32,-3,10,2.0883174441400608e-05,2.08831744408585e-05,both,5.421078625063303e-16,True
ln_salario_real_adm,20,33,-3,11,3.083384254519162e-05,3.08338425447484e-05,both,4.432218481120742e-16,True
ln_salario_real_adm,20,34,-3,12,0.0001098588652423,0.000109858865242,both,2.999987411267391e-16,True
ln_salario_real_adm,20,35,-3,13,5.156322706050236e-05,5.15632270601142e-05,both,3.8815793027696666e-16,True
ln_salario_real_adm,20,36,-3,14,6.654169016479747e-06,6.65416901594212e-06,both,5.37627058215355e-16,True
ln_salario_real_adm,20,37,-3,15,6.7371325509366905e-06,6.73713255038493e-06,both,5.517606499732403e-16,True
ln_salario_real_adm,20,38,-3,16,3.933167364929844e-05,3.93316736488828e-05,both,4.156424553494742e-16,True
ln_salario_real_adm,20,39,-3,17,6.96042937202576e-05,6.96042937197765e-05,both,4.811011615132865e-16,True
ln_salario_real_adm,20,40,-3,18,5.804866464978885e-05,5.80486646493254e-05,both,4.634489948925069e-16,True
ln_salario_real_adm,20,41,-3,19,1.2331781584523337e-06,1.23317815800131e-06,both,4.510236568309968e-16,True
ln_salario_real_adm,20,42,-3,20,3.104909955004274e-06,3.10490995447241e-06,both,5.318638460422367e-16,True
ln_salario_real_adm,20,43,-3,21,-8.35495976060954e-06,-8.35495976104824e-06,both,4.3870038623963076e-16,True
ln_salario_real_adm,20,44,-3,22,-4.680841012790185e-07,-4.68084101728473e-07,both,4.49454475356649e-16,True
ln_salario_real_adm,20,45,-3,23,7.240732311594788e-05,7.24073231156404e-05,both,3.0747973611688906e-16,True
ln_salario_real_adm,21,0,-2,-23,3.418929943243343e-05,3.41892994320398e-05,both,3.9363315124801845e-16,True
ln_salario_real_adm,21,1,-2,-22,0.0001088404000396,0.0001088404000393,both,3.0001229365389515e-16,True
ln_salario_real_adm,21,2,-2,-21,0.0001187198863503,0.00011871988635,both,2.999987411267391e-16,True
ln_salario_real_adm,21,3,-2,-20,6.991732798558378e-05,6.99173279852928e-05,both,2.9097275804079725e-16,True
ln_salario_real_adm,21,4,-2,-19,6.756788445821864e-05,6.7567884457966e-05,both,2.5264621124343467e-16,True
ln_salario_real_adm,21,5,-2,-18,2.9134300467699155e-05,2.91343004671602e-05,both,5.389568999425443e-16,True
ln_salario_real_adm,21,6,-2,-17,6.960370380187826e-05,6.96037038014811e-05,both,3.9715680830859634e-16,True
ln_salario_real_adm,21,7,-2,-16,4.4366385230794016e-05,4.43663852307266e-05,both,6.741704633786427e-17,True
ln_salario_real_adm,21,8,-2,-15,8.492374749708045e-05,8.49237474965175e-05,both,5.629584255359421e-16,True
ln_salario_real_adm,21,9,-2,-14,4.659730166989903e-05,4.65973016694809e-05,both,4.181293440826128e-16,True
ln_salario_real_adm,21,10,-2,-13,8.82475403774188e-05,8.82475403770325e-05,both,3.8628768152942916e-16,True
ln_salario_real_adm,21,11,-2,-12,3.940023753070203e-05,3.94002375304285e-05,both,2.735306555909367e-16,True
ln_salario_real_adm,21,12,-2,-11,0.0001462206402255,0.000146220640225,both,5.000069368960025e-16,True
ln_salario_real_adm,21,13,-2,-10,7.331740596062611e-05,7.33174059602254e-05,both,4.0070757042348637e-16,True
ln_salario_real_adm,21,14,-2,-9,7.009476576622426e-05,7.00947657656894e-05,both,5.348640367414115e-16,True
ln_salario_real_adm,21,15,-2,-8,5.036379731545569e-05,5.03637973149871e-05,both,4.68585402684657e-16,True
ln_salario_real_adm,21,16,-2,-7,5.948664845988692e-05,5.94866484594073e-05,both,4.79623936053275e-16,True
ln_salario_real_adm,21,17,-2,-6,0.0001320338230207,0.0001320338230203,both,3.999892864842147e-16,True
ln_salario_real_adm,21,18,-2,-5,0.0001154258012733,0.0001154258012726,both,7.000015801381099e-16,True
ln_salario_real_adm,21,19,-2,-4,4.027557755857426e-06,4.02755775552542e-06,both,3.320064221375846e-16,True
ln_salario_real_adm,21,20,-2,-3,-1.5699126301981342e-06,-1.56991263054515e-06,both,3.470158459629308e-16,True
ln_salario_real_adm,21,21,-2,-2,0.000222127038909,0.0002221270389086,both,3.999892864842147e-16,True
ln_salario_real_adm,21,22,-2,0,6.344532937711052e-05,6.34453293765647e-05,both,5.458144786835151e-16,True
ln_salario_real_adm,21,23,-2,1,6.985444699332729e-05,6.98544469928098e-05,both,5.174896969273313e-16,True
ln_salario_real_adm,21,24,-2,2,0.0001282624519765,0.0001282624519758,both,7.000151326652659e-16,True
ln_salario_real_adm,21,25,-2,3,0.0001110044534418,0.0001110044534412,both,5.999974822534782e-16,True
ln_salario_real_adm,21,26,-2,4,0.000124457117166,0.0001244571171653,both,7.000151326652659e-16,True
ln_salario_real_adm,21,27,-2,5,9.41342729478846e-05,9.41342729472446e-05,both,6.399909898910372e-16,True
ln_salario_real_adm,21,28,-2,6,0.0001662051710723,0.0001662051710716,both,6.999880276109538e-16,True
ln_salario_real_adm,21,29,-2,7,8.605733181726496e-05,8.6057331816534e-05,both,7.30955552162571e-16,True
ln_salario_real_adm,21,30,-2,8,0.0001315219426548,0.0001315219426542,both,5.999974822534782e-16,True
ln_salario_real_adm,21,31,-2,9,7.64958721653335e-05,7.6495872164745e-05,both,5.885049392251318e-16,True
ln_salario_real_adm,21,32,-2,10,0.0001213107957581,0.0001213107957574,both,7.000015801381099e-16,True
ln_salario_real_adm,21,33,-2,11,7.661830435173615e-05,7.66183043511501e-05,both,5.860519318098834e-16,True
ln_salario_real_adm,21,34,-2,12,5.554140691335325e-05,5.5541406912904e-05,both,4.492459464329468e-16,True
ln_salario_real_adm,21,35,-2,13,8.126727803922334e-05,8.12672780386931e-05,both,5.30242624981192e-16,True
ln_salario_real_adm,21,36,-2,14,5.78825944872873e-05,5.78825944866072e-05,both,6.800996940094228e-16,True
ln_salario_real_adm,21,37,-2,15,0.0001199769113087,0.000119976911308,both,7.000015801381099e-16,True
ln_salario_real_adm,21,38,-2,16,9.870331285671988e-05,9.87033128561669e-05,both,5.529837655490755e-16,True
ln_salario_real_adm,21,39,-2,17,4.0711380695398454e-05,4.07113806947752e-05,both,6.232536188532922e-16,True
ln_salario_real_adm,21,40,-2,18,0.0001241941821007,0.0001241941821001,both,5.999974822534782e-16,True
ln_salario_real_adm,21,41,-2,19,0.0001083030499899,0.0001083030499893,both,6.000110347806342e-16,True
ln_salario_real_adm,21,42,-2,20,0.0001414696109792,0.0001414696109785,both,7.000151326652659e-16,True
ln_salario_real_adm,21,43,-2,21,8.833584093185e-05,8.83358409312896e-05,both,5.603969979034451e-16,True
ln_salario_real_adm,21,44,-2,22,0.0001053822484878,0.0001053822484872,both,5.999974822534782e-16,True
ln_salario_real_adm,21,45,-2,23,5.862140674872006e-05,5.86214067482853e-05,both,4.3475829490310924e-16,True
ln_salario_real_adm,22,0,0,-23,1.4244520820684866e-05,1.42445208202369e-05,both,4.479669266825928e-16,True
ln_salario_real_adm,22,1,0,-22,1.2170352629778705e-06,1.21703526264223e-06,both,3.3564040523954234e-16,True
ln_salario_real_adm,22,2,0,-21,7.790138445185273e-05,7.79013844514271e-05,both,4.256306678634969e-16,True
ln_salario_real_adm,22,3,0,-20,8.794333344441984e-05,8.79433334440648e-05,both,3.5504910643469056e-16,True
ln_salario_real_adm,22,4,0,-19,6.965182140287783e-05,6.96518214025607e-05,both,3.1712913545201005e-16,True
ln_salario_real_adm,22,5,0,-18,0.0001287139806621,0.0001287139806615,both,5.999974822534782e-16,True
ln_salario_real_adm,22,6,0,-17,1.4922771276813995e-05,1.49227712763597e-05,both,4.542959568644769e-16,True
ln_salario_real_adm,22,7,0,-16,-1.1193443739495172e-05,-1.11934437396103e-05,both,1.151287181908045e-16,True
ln_salario_real_adm,22,8,0,-15,6.55001687736668e-05,6.55001687730393e-05,both,6.274955598531418e-16,True
ln_salario_real_adm,22,9,0,-14,4.374911823216294e-05,4.37491182316861e-05,both,4.768388917227029e-16,True
ln_salario_real_adm,22,10,0,-13,2.9662717198045373e-05,2.96627171976025e-05,both,4.4287287053780544e-16,True
ln_salario_real_adm,22,11,0,-12,4.368791487946841e-05,4.36879148791339e-05,both,3.345102515296683e-16,True
ln_salario_real_adm,22,12,0,-11,7.269626556660759e-05,7.2696265566032e-05,both,5.755893808453982e-16,True
ln_salario_real_adm,22,13,0,-10,4.1334468544942544e-05,4.13344685444838e-05,both,4.58746267969351e-16,True
ln_salario_real_adm,22,14,0,-9,6.339964371405907e-05,6.33996437134581e-05,both,6.009732642087151e-16,True
ln_salario_real_adm,22,15,0,-8,4.182062793337137e-05,4.18206279328419e-05,both,5.294701309332961e-16,True
ln_salario_real_adm,22,16,0,-7,7.379100937408132e-05,7.37910093735091e-05,both,5.722148015835371e-16,True
ln_salario_real_adm,22,17,0,-6,6.590989316710574e-05,6.59098931666089e-05,both,4.968356455414824e-16,True
ln_salario_real_adm,22,18,0,-5,0.0001340531444241,0.0001340531444233,both,8.000056780227416e-16,True
ln_salario_real_adm,22,19,0,-4,1.7697747949175417e-05,1.76977479487845e-05,both,3.9091586955322666e-16,True
ln_salario_real_adm,22,20,0,-3,-6.431356936459353e-06,-6.43135693685313e-06,both,3.937771468490517e-16,True
ln_salario_real_adm,22,21,0,-2,6.344532937711007e-05,6.34453293765647e-05,both,5.453672452873648e-16,True
ln_salario_real_adm,22,22,0,0,0.0002289612961692,0.0002289612961686,both,5.999974822534782e-16,True
ln_salario_real_adm,22,23,0,1,0.0001080266359426,0.000108026635942,both,5.999974822534782e-16,True
ln_salario_real_adm,22,24,0,2,0.0001157289524899,0.0001157289524891,both,7.999921254955855e-16,True
ln_salario_real_adm,22,25,0,3,6.449120321022584e-05,6.44912032095489e-05,both,6.769487314456368e-16,True
ln_salario_real_adm,22,26,0,4,8.453279327900899e-05,8.45327932782162e-05,both,7.92795733575713e-16,True
ln_salario_real_adm,22,27,0,5,0.0001138396556684,0.0001138396556677,both,7.000015801381099e-16,True
ln_salario_real_adm,22,28,0,6,7.250943753630238e-05,7.2509437535568e-05,both,7.343707890059004e-16,True
ln_salario_real_adm,22,29,0,7,0.000137264137232,0.0001372641372312,both,8.000056780227416e-16,True
ln_salario_real_adm,22,30,0,8,7.681167753773365e-05,7.68116775369709e-05,both,7.627497808707084e-16,True
ln_salario_real_adm,22,31,0,9,6.7955726364089e-05,6.79557263634292e-05,both,6.598047845932098e-16,True
ln_salario_real_adm,22,32,0,10,0.0001037196026143,0.0001037196026136,both,7.000015801381099e-16,True
ln_salario_real_adm,22,33,0,11,0.0001002459700903,0.0001002459700896,both,7.000015801381099e-16,True
ln_salario_real_adm,22,34,0,12,1.6667643136173096e-05,1.66676431356525e-05,both,5.2059661377786e-16,True
ln_salario_real_adm,22,35,0,13,7.776367358536448e-05,7.77636735847763e-05,both,5.881796785733862e-16,True
ln_salario_real_adm,22,36,0,14,0.0001281984579491,0.0001281984579484,both,6.999880276109538e-16,True
ln_salario_real_adm,22,37,0,15,0.000124793502288,0.0001247935022872,both,8.000056780227416e-16,True
ln_salario_real_adm,22,38,0,16,3.830812405255935e-05,3.8308124051953e-05,both,6.063468412260964e-16,True
ln_salario_real_adm,22,39,0,17,9.62778497482773e-05,9.6277849747591e-05,both,6.862999751833243e-16,True
ln_salario_real_adm,22,40,0,18,5.167812533375886e-05,5.16781253331024e-05,both,6.564640866492388e-16,True
ln_salario_real_adm,22,41,0,19,4.9394392001908224e-05,4.93943920012652e-05,both,6.430267559739966e-16,True
ln_salario_real_adm,22,42,0,20,0.0001312766432036,0.0001312766432028,both,8.000056780227416e-16,True
ln_salario_real_adm,22,43,0,21,0.000111673691662,0.0001116736916613,both,7.000015801381099e-16,True
ln_salario_real_adm,22,44,0,22,9.858925306290772e-05,9.85892530622625e-05,both,6.452222653732798e-16,True
ln_salario_real_adm,22,45,0,23,4.4043284357394976e-05,4.40432843568954e-05,both,4.995732560270083e-16,True
ln_salario_real_adm,23,0,1,-23,9.420036861180032e-05,9.42003686113863e-05,both,4.1401615209074594e-16,True
ln_salario_real_adm,23,1,1,-22,0.0001116962399741,0.0001116962399738,both,2.999987411267391e-16,True
ln_salario_real_adm,23,2,1,-21,5.141855191088964e-05,5.14185519104909e-05,both,3.9873567772227836e-16,True
ln_salario_real_adm,23,3,1,-20,9.756839446575956e-05,9.75683944654388e-05,both,3.207612127298365e-16,True
ln_salario_real_adm,23,4,1,-19,9.560187637796496e-05,9.56018763776769e-05,both,2.8805896470224246e-16,True
ln_salario_real_adm,23,5,1,-18,0.0001193386357964,0.0001193386357958,both,5.999974822534782e-16,True
ln_salario_real_adm,23,6,1,-17,3.664473827698804e-05,3.66447382765556e-05,both,4.324408127594215e-16,True
ln_salario_real_adm,23,7,1,-16,5.7365905338633966e-05,5.73659053385337e-05,both,1.0026837216417506e-16,True
ln_salario_real_adm,23,8,1,-15,7.685343968663121e-05,7.68534396860292e-05,both,6.020168087997324e-16,True
ln_salario_real_adm,23,9,1,-14,8.715233067978956e-05,8.71523306793381e-05,both,4.51461784622964e-16,True
ln_salario_real_adm,23,10,1,-13,5.472618595134157e-05,5.47261859509181e-05,both,4.2346903978210393e-16,True
ln_salario_real_adm,23,11,1,-12,1.3874107061637484e-05,1.3874107061326e-05,both,3.114845078915074e-16,True
ln_salario_real_adm,23,12,1,-11,0.0001407016943233,0.0001407016943227,both,5.999974822534782e-16,True
ln_salario_real_adm,23,13,1,-10,7.002627728249416e-05,7.00262772820626e-05,both,4.3156667475785504e-16,True
ln_salario_real_adm,23,14,1,-9,9.021882897852495e-05,9.02188289779524e-05,both,5.725536147624388e-16,True
ln_salario_real_adm,23,15,1,-8,6.524765026235843e-05,6.52476502618552e-05,both,5.032188858319908e-16,True
ln_salario_real_adm,23,16,1,-7,8.934802311019092e-05,8.93480231096349e-05,both,5.560195316320349e-16,True
ln_salario_real_adm,23,17,1,-6,0.0001273089613187,0.0001273089613182,both,5.000069368960025e-16,True
ln_salario_real_adm,23,18,1,-5,0.0001516085888916,0.0001516085888909,both,6.999880276109538e-16,True
ln_salario_real_adm,23,19,1,-4,3.600465456527776e-05,3.60046545649081e-05,both,3.6966550697251077e-16,True
ln_salario_real_adm,23,20,1,-3,4.555257543771742e-05,4.55525754373387e-05,both,3.7871859511276473e-16,True
ln_salario_real_adm,23,21,1,-2,6.985444699332847e-05,6.98544469928098e-05,both,5.186687667899093e-16,True
ln_salario_real_adm,23,22,1,0,0.0001080266359426,0.000108026635942,both,5.999974822534782e-16,True
ln_salario_real_adm,23,23,1,1,0.0002321982560713,0.0002321982560708,both,4.999798318416904e-16,True
ln_salario_real_adm,23,24,1,2,0.0001367536021049,0.0001367536021042,both,6.999880276109538e-16,True
ln_salario_real_adm,23,25,1,3,9.999600836937036e-05,9.99960083687193e-05,both,6.510634045775454e-16,True
ln_salario_real_adm,23,26,1,4,0.0001157287953339,0.0001157287953332,both,7.000015801381099e-16,True
ln_salario_real_adm,23,27,1,5,0.000126326097285,0.0001263260972843,both,6.999880276109538e-16,True
ln_salario_real_adm,23,28,1,6,7.856220192449816e-05,7.8562201923789e-05,both,7.091630884956124e-16,True
ln_salario_real_adm,23,29,1,7,7.831253141769796e-05,7.83125314169312e-05,both,7.667613289089048e-16,True
ln_salario_real_adm,23,30,1,8,0.0001018924258054,0.0001018924258047,both,7.000015801381099e-16,True
ln_salario_real_adm,23,31,1,9,0.0001150422695553,0.0001150422695547,both,5.999974822534782e-16,True
ln_salario_real_adm,23,32,1,10,6.105935949391107e-05,6.10593594931943e-05,both,7.16766056230167e-16,True
ln_salario_real_adm,23,33,1,11,8.960306772609669e-05,8.96030677254631e-05,both,6.335941970733727e-16,True
ln_salario_real_adm,23,34,1,12,3.9893837275102005e-05,3.98938372746025e-05,both,4.99505493391228e-16,True
ln_salario_real_adm,23,35,1,13,9.197852188037796e-05,9.19785218798152e-05,both,5.627686901557571e-16,True
ln_salario_real_adm,23,36,1,14,7.69562864930416e-05,7.69562864923286e-05,both,7.129984536807799e-16,True
ln_salario_real_adm,23,37,1,15,0.000122616685133,0.0001226166851322,both,8.000056780227416e-16,True
ln_salario_real_adm,23,38,1,16,8.628473088054043e-05,8.62847308799499e-05,both,5.905378182985421e-16,True
ln_salario_real_adm,23,39,1,17,6.548010249102965e-05,6.54801024903717e-05,both,6.579480883728284e-16,True
ln_salario_real_adm,23,40,1,18,6.405061125158837e-05,6.40506112509491e-05,both,6.392591534246095e-16,True
ln_salario_real_adm,23,41,1,19,2.6285666673110248e-05,2.62856666724836e-05,both,6.266485269058875e-16,True
ln_salario_real_adm,23,42,1,20,0.0001036140767449,0.0001036140767442,both,7.000015801381099e-16,True
ln_salario_real_adm,23,43,1,21,7.272588306573124e-05,7.27258830651305e-05,both,6.007293187199059e-16,True
ln_salario_real_adm,23,44,1,22,8.35932863983178e-05,8.35932863977052e-05,both,6.126013325086221e-16,True
ln_salario_real_adm,23,45,1,23,0.000103601813785,0.0001036018137846,both,4.000028390113708e-16,True
ln_salario_real_adm,24,0,2,-23,3.7690535220883286e-05,3.76905352202254e-05,both,6.578871020006261e-16,True
ln_salario_real_adm,24,1,2,-22,7.977990649107286e-05,7.97799064905338e-05,both,5.390653201597928e-16,True
ln_salario_real_adm,24,2,2,-21,3.176356697538989e-05,3.17635669747646e-05,both,6.252864979267025e-16,True
ln_salario_real_adm,24,3,2,-20,0.0002178748377874,0.0002178748377869,both,5.000069368960025e-16,True
ln_salario_real_adm,24,4,2,-19,0.0001813056417548,0.0001813056417543,both,5.000069368960025e-16,True
ln_salario_real_adm,24,5,2,-18,0.0001805091487224,0.0001805091487216,both,8.000056780227416e-16,True
ln_salario_real_adm,24,6,2,-17,6.070833357555143e-05,6.07083335748984e-05,both,6.530285210151754e-16,True
ln_salario_real_adm,24,7,2,-16,0.000141429733981,0.0001414297339807,both,2.999987411267391e-16,True
ln_salario_real_adm,24,8,2,-15,0.0001214151387092,0.0001214151387083,both,8.999962233802172e-16,True
ln_salario_real_adm,24,9,2,-14,8.103996806263996e-05,8.10399680619702e-05,both,6.697658920529204e-16,True
ln_salario_real_adm,24,10,2,-13,5.646499222701828e-05,5.64649922263691e-05,both,6.491796033028518e-16,True
ln_salario_real_adm,24,11,2,-12,0.0001323330239765,0.0001323330239759,both,5.999974822534782e-16,True
ln_salario_real_adm,24,12,2,-11,0.0001352929902027,0.0001352929902019,both,7.999785729684294e-16,True
ln_salario_real_adm,24,13,2,-10,0.0001154408655569,0.0001154408655563,both,5.999974822534782e-16,True
ln_salario_real_adm,24,14,2,-9,0.0001410481529414,0.0001410481529406,both,8.000056780227416e-16,True
ln_salario_real_adm,24,15,2,-8,0.0001336254590632,0.0001336254590625,both,7.000151326652659e-16,True
ln_salario_real_adm,24,16,2,-7,0.0001282053184135,0.0001282053184127,both,7.999785729684294e-16,True
ln_salario_real_adm,24,17,2,-6,0.000176932791532,0.0001769327915313,both,6.999880276109538e-16,True
ln_salario_real_adm,24,18,2,-5,0.0001937378295892,0.0001937378295883,both,8.999962233802172e-16,True
ln_salario_real_adm,24,19,2,-4,1.4546260015285855e-05,1.45462600146888e-05,both,5.970548897947167e-16,True
ln_salario_real_adm,24,20,2,-3,1.7715365086673863e-05,1.77153650860679e-05,both,6.059639823339374e-16,True
ln_salario_real_adm,24,21,2,-2,0.0001282624519765,0.0001282624519758,both,7.000151326652659e-16,True
ln_salario_real_adm,24,22,2,0,0.0001157289524899,0.0001157289524891,both,7.999921254955855e-16,True
ln_salario_real_adm,24,23,2,1,0.0001367536021049,0.0001367536021042,both,6.999880276109538e-16,True
ln_salario_real_adm,24,24,2,2,0.0004741861638013,0.0004741861638003,both,9.999596636833807e-16,True
ln_salario_real_adm,24,25,2,3,0.0001671422122185,0.0001671422122176,both,8.999962233802172e-16,True
ln_salario_real_adm,24,26,2,4,0.000265646498759,0.000265646498758,both,1.000013873792005e-15,True
ln_salario_real_adm,24,27,2,5,0.0002360744697934,0.0002360744697925,both,8.999962233802172e-16,True
ln_salario_real_adm,24,28,2,6,0.0002330877703354,0.0002330877703345,both,8.999962233802172e-16,True
ln_salario_real_adm,24,29,2,7,0.0001883764120703,0.0001883764120693,both,1.000013873792005e-15,True
ln_salario_real_adm,24,30,2,8,0.000193208251955,0.0001932082519541,both,8.999962233802172e-16,True
ln_salario_real_adm,24,31,2,9,0.0001506193469805,0.0001506193469797,both,8.000056780227416e-16,True
ln_salario_real_adm,24,32,2,10,0.0002326451933229,0.000232645193322,both,8.999962233802172e-16,True
ln_salario_real_adm,24,33,2,11,0.0002138979863335,0.0002138979863326,both,9.000233284345294e-16,True
ln_salario_real_adm,24,34,2,12,7.23050501826955e-05,7.23050501819871e-05,both,7.084041469748725e-16,True
ln_salario_real_adm,24,35,2,13,0.0001619377118451,0.0001619377118443,both,8.000056780227416e-16,True
ln_salario_real_adm,24,36,2,14,0.0002249708640158,0.0002249708640148,both,9.999867687376929e-16,True
ln_salario_real_adm,24,37,2,15,0.0002371159040387,0.0002371159040377,both,1.000013873792005e-15,True
ln_salario_real_adm,24,38,2,16,0.0001523740795519,0.0001523740795511,both,8.000056780227416e-16,True
ln_salario_real_adm,24,39,2,17,0.0001782825941653,0.0001782825941644,both,8.999962233802172e-16,True
ln_salario_real_adm,24,40,2,18,0.0001864804291343,0.0001864804291334,both,8.999962233802172e-16,True
ln_salario_real_adm,24,41,2,19,0.0001631272750996,0.0001631272750988,both,8.000056780227416e-16,True
ln_salario_real_adm,24,42,2,20,0.000190763883468,0.000190763883467,both,9.999867687376929e-16,True
ln_salario_real_adm,24,43,2,21,0.0002013182088833,0.0002013182088825,both,8.000056780227416e-16,True
ln_salario_real_adm,24,44,2,22,0.000206501617728,0.0002065016177272,both,8.000056780227416e-16,True
ln_salario_real_adm,24,45,2,23,0.0001314939752867,0.0001314939752861,both,5.999974822534782e-16,True
ln_salario_real_adm,25,0,3,-23,3.5017458688748266e-05,3.50174586882203e-05,both,5.279658004189725e-16,True
ln_salario_real_adm,25,1,3,-22,0.0001610919730607,0.0001610919730603,both,3.999892864842147e-16,True
ln_salario_real_adm,25,2,3,-21,0.000149525233619,0.0001495252336185,both,5.000069368960025e-16,True
ln_salario_real_adm,25,3,3,-20,4.162974592673394e-05,4.16297459263069e-05,both,4.2704013068772806e-16,True
ln_salario_real_adm,25,4,3,-19,-1.6970858743009802e-05,-1.6970858743409e-05,both,3.991964636455847e-16,True
ln_salario_real_adm,25,5,3,-18,-7.26580296222783e-07,-7.2658029689688e-07,both,6.740970891495868e-16,True
ln_salario_real_adm,25,6,3,-17,0.0001063885633729,0.0001063885633724,both,5.000069368960025e-16,True
ln_salario_real_adm,25,7,3,-16,0.0001115186003367,0.0001115186003365,both,1.9999464324210736e-16,True
ln_salario_real_adm,25,8,3,-15,9.233947320530926e-05,9.2339473204614e-05,both,6.952581956334858e-16,True
ln_salario_real_adm,25,9,3,-14,3.9802652483147566e-05,3.98026524826002e-05,both,5.473662430428849e-16,True
ln_salario_real_adm,25,10,3,-13,7.723420956098216e-05,7.72342095604629e-05,both,5.192650779847763e-16,True
ln_salario_real_adm,25,11,3,-12,4.290293900820053e-05,4.2902939007793e-05,both,4.07531267846567e-16,True
ln_salario_real_adm,25,12,3,-11,7.990446043836738e-05,7.99044604377251e-05,both,6.422813669804128e-16,True
ln_salario_real_adm,25,13,3,-10,6.026095846638491e-05,6.02609584658515e-05,both,5.334071400721341e-16,True
ln_salario_real_adm,25,14,3,-9,0.0001115767634184,0.0001115767634177,both,7.000015801381099e-16,True
ln_salario_real_adm,25,15,3,-8,0.0001070217770047,0.0001070217770041,both,6.000110347806342e-16,True
ln_salario_real_adm,25,16,3,-7,0.0001058811918933,0.0001058811918927,both,5.999974822534782e-16,True
ln_salario_real_adm,25,17,3,-6,5.4472609780434794e-05,5.44726097798524e-05,both,5.823927494777448e-16,True
ln_salario_real_adm,25,18,3,-5,9.9709351175362e-05,9.97093511745903e-05,both,7.7169444879371385e-16,True
ln_salario_real_adm,25,19,3,-4,1.6414260225468655e-05,1.64142602250055e-05,both,4.631542274268624e-16,True
ln_salario_real_adm,25,20,3,-3,7.047066820131586e-05,7.04706682008365e-05,both,4.793664380373097e-16,True
ln_salario_real_adm,25,21,3,-2,0.0001110044534418,0.0001110044534412,both,5.999974822534782e-16,True
ln_salario_real_adm,25,22,3,0,6.449120321022884e-05,6.44912032095489e-05,both,6.79943839947128e-16,True
ln_salario_real_adm,25,23,3,1,9.999600836937118e-05,9.99960083687193e-05,both,6.518765562069095e-16,True
ln_salario_real_adm,25,24,3,2,0.0001671422122185,0.0001671422122176,both,8.999962233802172e-16,True
ln_salario_real_adm,25,25,3,3,0.0003112396983,0.0003112396982993,both,7.000151326652659e-16,True
ln_salario_real_adm,25,26,3,4,0.0002239547294673,0.0002239547294664,both,8.999962233802172e-16,True
ln_salario_real_adm,25,27,3,5,0.0001630794416866,0.0001630794416858,both,8.000056780227416e-16,True
ln_salario_real_adm,25,28,3,6,0.0001682774216736,0.0001682774216728,both,8.000056780227416e-16,True
ln_salario_real_adm,25,29,3,7,0.0002031857520952,0.0002031857520943,both,8.999962233802172e-16,True
ln_salario_real_adm,25,30,3,8,0.0001637107936821,0.0001637107936813,both,8.000056780227416e-16,True
ln_salario_real_adm,25,31,3,9,0.0001553538672056,0.0001553538672048,both,8.000056780227416e-16,True
ln_salario_real_adm,25,32,3,10,0.000153969621981,0.0001539696219802,both,7.999785729684294e-16,True
ln_salario_real_adm,25,33,3,11,0.0001230680096203,0.0001230680096196,both,6.999880276109538e-16,True
ln_salario_real_adm,25,34,3,12,0.0001559998076494,0.0001559998076488,both,5.999974822534782e-16,True
ln_salario_real_adm,25,35,3,13,9.261748131080982e-05,9.26174813101434e-05,both,6.664184178453714e-16,True
ln_salario_real_adm,25,36,3,14,0.0001568319430828,0.000156831943082,both,8.000056780227416e-16,True
ln_salario_real_adm,25,37,3,15,0.0001932979418047,0.0001932979418038,both,8.999962233802172e-16,True
ln_salario_real_adm,25,38,3,16,0.0001542128393092,0.0001542128393085,both,6.999880276109538e-16,True
ln_salario_real_adm,25,39,3,17,0.0001411865272045,0.0001411865272037,both,8.000056780227416e-16,True
ln_salario_real_adm,25,40,3,18,0.0001478768268873,0.0001478768268866,both,6.999880276109538e-16,True
ln_salario_real_adm,25,41,3,19,0.0001044637689376,0.0001044637689369,both,7.000015801381099e-16,True
ln_salario_real_adm,25,42,3,20,0.0001370546849757,0.0001370546849749,both,8.000056780227416e-16,True
ln_salario_real_adm,25,43,3,21,0.0001205031305853,0.0001205031305846,both,7.000015801381099e-16,True
ln_salario_real_adm,25,44,3,22,8.628986512425897e-05,8.62898651235543e-05,both,7.046772020069536e-16,True
ln_salario_real_adm,25,45,3,23,0.0001234515491199,0.0001234515491193,both,5.999974822534782e-16,True
ln_salario_real_adm,26,0,4,-23,5.800866313575413e-05,5.80086631351188e-05,both,6.353289205493495e-16,True
ln_salario_real_adm,26,1,4,-22,6.74370797437434e-05,6.74370797432208e-05,both,5.225989996651692e-16,True
ln_salario_real_adm,26,2,4,-21,0.0001077206241977,0.0001077206241971,both,5.999974822534782e-16,True
ln_salario_real_adm,26,3,4,-20,7.485814172542978e-05,7.48581417248967e-05,both,5.330751031568104e-16,True
ln_salario_real_adm,26,4,4,-19,0.0001232338360187,0.0001232338360182,both,5.000069368960025e-16,True
ln_salario_real_adm,26,5,4,-18,9.621148802787296e-05,9.62114880270952e-05,both,7.777659809596327e-16,True
ln_salario_real_adm,26,6,4,-17,3.8526642991488175e-05,3.85266429908465e-05,both,6.416782795219678e-16,True
ln_salario_real_adm,26,7,4,-16,6.35537817247856e-05,6.35537817244747e-05,both,3.1090852548737447e-16,True
ln_salario_real_adm,26,8,4,-15,0.0001286867266115,0.0001286867266107,both,8.000056780227416e-16,True
ln_salario_real_adm,26,9,4,-14,6.649424988546217e-05,6.64942498848074e-05,both,6.547632444911522e-16,True
ln_salario_real_adm,26,10,4,-13,5.461892915425976e-05,5.46189291536298e-05,both,6.299621197955463e-16,True
ln_salario_real_adm,26,11,4,-12,0.0001083308494896,0.0001083308494891,both,5.000069368960025e-16,True
ln_salario_real_adm,26,12,4,-11,0.0001370966235523,0.0001370966235515,both,8.000056780227416e-16,True
ln_salario_real_adm,26,13,4,-10,4.069607130992607e-05,4.06960713092822e-05,both,6.438670126576729e-16,True
ln_salario_real_adm,26,14,4,-9,0.000163470727224,0.0001634707272232,both,7.999785729684294e-16,True
ln_salario_real_adm,26,15,4,-8,9.08412906274533e-05,9.08412906267436e-05,both,7.097051895818551e-16,True
ln_salario_real_adm,26,16,4,-7,0.0001354345642315,0.0001354345642307,both,7.999785729684294e-16,True
ln_salario_real_adm,26,17,4,-6,0.0001263619577545,0.0001263619577538,both,6.999880276109538e-16,True
ln_salario_real_adm,26,18,4,-5,0.0001750005511511,0.0001750005511502,both,8.999962233802172e-16,True
ln_salario_real_adm,26,19,4,-4,4.425523530584653e-05,4.42552353052717e-05,both,5.748304393246584e-16,True
ln_salario_real_adm,26,20,4,-3,3.7981630035460625e-05,3.79816300348661e-05,both,5.945222612824264e-16,True
ln_salario_real_adm,26,21,4,-2,0.000124457117166,0.0001244571171653,both,7.000151326652659e-16,True
ln_salario_real_adm,26,22,4,0,8.453279327900979e-05,8.45327932782162e-05,both,7.93595332677921e-16,True
ln_salario_real_adm,26,23,4,1,0.0001157287953339,0.0001157287953332,both,7.000015801381099e-16,True
ln_salario_real_adm,26,24,4,2,0.000265646498759,0.000265646498758,both,1.000013873792005e-15,True
ln_salario_real_adm,26,25,4,3,0.0002239547294673,0.0002239547294664,both,8.999962233802172e-16,True
ln_salario_real_adm,26,26,4,4,0.0003892650229333,0.0003892650229324,both,8.999962233802172e-16,True
ln_salario_real_adm,26,27,4,5,0.0002424515650346,0.0002424515650337,both,8.999962233802172e-16,True
ln_salario_real_adm,26,28,4,6,0.0002363474333975,0.0002363474333966,both,8.999962233802172e-16,True
ln_salario_real_adm,26,29,4,7,0.0002214508433356,0.0002214508433346,both,9.999867687376929e-16,True
ln_salario_real_adm,26,30,4,8,0.0002413881664403,0.0002413881664394,both,8.999962233802172e-16,True
ln_salario_real_adm,26,31,4,9,0.0001603206999554,0.0001603206999546,both,8.000056780227416e-16,True
ln_salario_real_adm,26,32,4,10,0.0002089813019166,0.0002089813019156,both,9.999867687376929e-16,True
ln_salario_real_adm,26,33,4,11,0.0001588304582281,0.0001588304582273,both,7.999785729684294e-16,True
ln_salario_real_adm,26,34,4,12,0.0001264857403738,0.0001264857403731,both,6.999880276109538e-16,True
ln_salario_real_adm,26,35,4,13,7.404117279164085e-05,7.40411727908606e-05,both,7.802460934291933e-16,True
ln_salario_real_adm,26,36,4,14,0.0002061120044658,0.0002061120044649,both,9.000233284345294e-16,True
ln_salario_real_adm,26,37,4,15,0.0002190970944247,0.0002190970944237,both,1.000013873792005e-15,True
ln_salario_real_adm,26,38,4,16,0.000204318134491,0.0002043181344902,both,8.000056780227416e-16,True
ln_salario_real_adm,26,39,4,17,0.000155758579454,0.0001557585794532,both,8.000056780227416e-16,True
ln_salario_real_adm,26,40,4,18,0.0002167129750065,0.0002167129750056,both,8.999962233802172e-16,True
ln_salario_real_adm,26,41,4,19,0.0001874577232564,0.0001874577232556,both,8.000056780227416e-16,True
ln_salario_real_adm,26,42,4,20,0.000209415568779,0.000209415568778,both,1.000013873792005e-15,True
ln_salario_real_adm,26,43,4,21,0.0001651548851112,0.0001651548851105,both,7.000151326652659e-16,True
ln_salario_real_adm,26,44,4,22,0.0001789974054289,0.0001789974054281,both,8.000056780227416e-16,True
ln_salario_real_adm,26,45,4,23,0.0001144414237849,0.0001144414237843,both,6.000110347806342e-16,True
ln_salario_real_adm,27,0,5,-23,4.902844689718734e-05,4.90284468966391e-05,both,5.482403810444514e-16,True
ln_salario_real_adm,27,1,5,-22,3.660483667446013e-05,3.66048366740194e-05,both,4.407349593789356e-16,True
ln_salario_real_adm,27,2,5,-21,5.155663340668043e-05,5.15566334061599e-05,both,5.205322392738687e-16,True
ln_salario_real_adm,27,3,5,-20,0.000132585471361,0.0001325854713605,both,4.999798318416904e-16,True
ln_salario_real_adm,27,4,5,-19,0.0001308134563478,0.0001308134563474,both,4.0001639153852686e-16,True
ln_salario_real_adm,27,5,5,-18,0.0001346273431833,0.0001346273431826,both,7.000151326652659e-16,True
ln_salario_real_adm,27,6,5,-17,2.7739026204214827e-05,2.77390262036595e-05,both,5.553283527470754e-16,True
ln_salario_real_adm,27,7,5,-16,5.4933205832161534e-05,5.49332058319392e-05,both,2.223359842588868e-16,True
ln_salario_real_adm,27,8,5,-15,0.0001336378651279,0.0001336378651272,both,6.999880276109538e-16,True
ln_salario_real_adm,27,9,5,-14,5.502190285062691e-05,5.50219028500566e-05,both,5.703106715181094e-16,True
ln_salario_real_adm,27,10,5,-13,3.433913159446988e-05,3.43391315939247e-05,both,5.451775099071798e-16,True
ln_salario_real_adm,27,11,5,-12,7.441856297103194e-05,7.44185629706005e-05,both,4.314447020134504e-16,True
ln_salario_real_adm,27,12,5,-11,0.0001265784873791,0.0001265784873785,both,5.999974822534782e-16,True
ln_salario_real_adm,27,13,5,-10,5.987932484017629e-05,5.98793248396214e-05,both,5.548878956145031e-16,True
ln_salario_real_adm,27,14,5,-9,0.0001187310536125,0.0001187310536118,both,7.000015801381099e-16,True
ln_salario_real_adm,27,15,5,-8,6.966565465632423e-05,6.96656546556984e-05,both,6.258285990129453e-16,True
ln_salario_real_adm,27,16,5,-7,0.0001008214514986,0.000100821451498,both,5.999974822534782e-16,True
ln_salario_real_adm,27,17,5,-6,0.0001353238718921,0.0001353238718915,both,5.999974822534782e-16,True
ln_salario_real_adm,27,18,5,-5,0.0001784367306395,0.0001784367306387,both,7.999785729684294e-16,True
ln_salario_real_adm,27,19,5,-4,6.60763354264087e-05,6.60763354259187e-05,both,4.900051718548237e-16,True
ln_salario_real_adm,27,20,5,-3,-1.3578355606158694e-05,-1.35783556066617e-05,both,5.030054335292827e-16,True
ln_salario_real_adm,27,21,5,-2,9.413427294788412e-05,9.41342729472446e-05,both,6.395166514405748e-16,True
ln_salario_real_adm,27,22,5,0,0.0001138396556684,0.0001138396556677,both,7.000015801381099e-16,True
ln_salario_real_adm,27,23,5,1,0.000126326097285,0.0001263260972843,both,6.999880276109538e-16,True
ln_salario_real_adm,27,24,5,2,0.0002360744697934,0.0002360744697925,both,8.999962233802172e-16,True
ln_salario_real_adm,27,25,5,3,0.0001630794416866,0.0001630794416858,both,8.000056780227416e-16,True
ln_salario_real_adm,27,26,5,4,0.0002424515650346,0.0002424515650337,both,8.999962233802172e-16,True
ln_salario_real_adm,27,27,5,5,0.0002735321685381,0.0002735321685373,both,7.999785729684294e-16,True
ln_salario_real_adm,27,28,5,6,0.000154549873569,0.0001545498735682,both,7.999785729684294e-16,True
ln_salario_real_adm,27,29,5,7,0.0001578678712757,0.0001578678712748,both,8.999962233802172e-16,True
ln_salario_real_adm,27,30,5,8,0.0001743763262455,0.0001743763262447,both,8.000056780227416e-16,True
ln_salario_real_adm,27,31,5,9,0.0001495576273443,0.0001495576273435,both,8.000056780227416e-16,True
ln_salario_real_adm,27,32,5,10,0.0001353448192483,0.0001353448192475,both,8.000056780227416e-16,True
ln_salario_real_adm,27,33,5,11,0.0001471799833962,0.0001471799833955,both,6.999880276109538e-16,True
ln_salario_real_adm,27,34,5,12,5.513679176607464e-05,5.51367917654596e-05,both,6.150407873967145e-16,True
ln_salario_real_adm,27,35,5,13,9.36234145948486e-05,9.36234145941608e-05,both,6.878043056976479e-16,True
ln_salario_real_adm,27,36,5,14,0.0001668439049453,0.0001668439049445,both,8.000056780227416e-16,True
ln_salario_real_adm,27,37,5,15,0.0001933022448243,0.0001933022448234,both,8.999962233802172e-16,True
ln_salario_real_adm,27,38,5,16,0.000124953391689,0.0001249533916883,both,6.999880276109538e-16,True
ln_salario_real_adm,27,39,5,17,0.000109421837203,0.0001094218372022,both,7.999921254955855e-16,True
ln_salario_real_adm,27,40,5,18,0.000152140447819,0.0001521404478182,both,8.000056780227416e-16,True
ln_salario_real_adm,27,41,5,19,0.0001195540255406,0.0001195540255398,both,8.000056780227416e-16,True
ln_salario_real_adm,27,42,5,20,0.0001520613618052,0.0001520613618044,both,8.000056780227416e-16,True
ln_salario_real_adm,27,43,5,21,0.0001636996667576,0.0001636996667569,both,7.000151326652659e-16,True
ln_salario_real_adm,27,44,5,22,0.0001346562876026,0.0001346562876019,both,6.999880276109538e-16,True
ln_salario_real_adm,27,45,5,23,9.818096813609656e-05,9.81809681355113e-05,both,5.852523327076753e-16,True
ln_salario_real_adm,28,0,6,-23,8.508894057975804e-05,8.50889405791853e-05,both,5.727433501426238e-16,True
ln_salario_real_adm,28,1,6,-22,0.0001151136094987,0.0001151136094982,both,4.999933843688464e-16,True
ln_salario_real_adm,28,2,6,-21,0.0001325302891248,0.0001325302891242,both,5.999974822534782e-16,True
ln_salario_real_adm,28,3,6,-20,8.008992205395466e-05,8.00899220534802e-05,both,4.744604232068128e-16,True
ln_salario_real_adm,28,4,6,-19,0.0001276096921232,0.0001276096921228,both,3.999892864842147e-16,True
ln_salario_real_adm,28,5,6,-18,8.72966779269095e-05,8.72966779261874e-05,both,7.221057519296581e-16,True
ln_salario_real_adm,28,6,6,-17,0.0001122604026202,0.0001122604026197,both,4.999933843688464e-16,True
ln_salario_real_adm,28,7,6,-16,0.0001031516768167,0.0001031516768164,both,2.999987411267391e-16,True
ln_salario_real_adm,28,8,6,-15,0.0001539886527,0.0001539886526992,both,8.000056780227416e-16,True
ln_salario_real_adm,28,9,6,-14,9.28375050029207e-05,9.2837505002323e-05,both,5.976935526369465e-16,True
ln_salario_real_adm,28,10,6,-13,0.000101772632728,0.0001017726327274,both,5.999974822534782e-16,True
ln_salario_real_adm,28,11,6,-12,0.0001346306657617,0.0001346306657613,both,4.0001639153852686e-16,True
ln_salario_real_adm,28,12,6,-11,0.0001319443396955,0.0001319443396948,both,6.999880276109538e-16,True
ln_salario_real_adm,28,13,6,-10,7.475999134800276e-05,7.4759991347417e-05,both,5.857537762124498e-16,True
ln_salario_real_adm,28,14,6,-9,0.0001243766275128,0.0001243766275121,both,7.000151326652659e-16,True
ln_salario_real_adm,28,15,6,-8,0.0001198750810249,0.0001198750810243,both,6.000110347806342e-16,True
ln_salario_real_adm,28,16,6,-7,0.0001262402122138,0.0001262402122131,both,7.000151326652659e-16,True
ln_salario_real_adm,28,17,6,-6,0.0001298467683462,0.0001298467683456,both,5.999974822534782e-16,True
ln_salario_real_adm,28,18,6,-5,0.0001322523689113,0.0001322523689104,both,8.999962233802172e-16,True
ln_salario_real_adm,28,19,6,-4,-4.052667372201301e-06,-4.05266737272218e-06,both,5.20879522782243e-16,True
ln_salario_real_adm,28,20,6,-3,6.606553234840974e-05,6.60655323478748e-05,both,5.349317993771918e-16,True
ln_salario_real_adm,28,21,6,-2,0.0001662051710723,0.0001662051710716,both,6.999880276109538e-16,True
ln_salario_real_adm,28,22,6,0,7.250943753630246e-05,7.2509437535568e-05,both,7.344521041688368e-16,True
ln_salario_real_adm,28,23,6,1,7.856220192449646e-05,7.8562201923789e-05,both,7.074690226011038e-16,True
ln_salario_real_adm,28,24,6,2,0.0002330877703354,0.0002330877703345,both,8.999962233802172e-16,True
ln_salario_real_adm,28,25,6,3,0.0001682774216736,0.0001682774216728,both,8.000056780227416e-16,True
ln_salario_real_adm,28,26,6,4,0.0002363474333975,0.0002363474333966,both,8.999962233802172e-16,True
ln_salario_real_adm,28,27,6,5,0.000154549873569,0.0001545498735682,both,7.999785729684294e-16,True
ln_salario_real_adm,28,28,6,6,0.0003551758984765,0.0003551758984756,both,8.999962233802172e-16,True
ln_salario_real_adm,28,29,6,7,0.0001888152002991,0.0001888152002982,both,8.999962233802172e-16,True
ln_salario_real_adm,28,30,6,8,0.0002282278342458,0.0002282278342449,both,8.999962233802172e-16,True
ln_salario_real_adm,28,31,6,9,0.0001493753551604,0.0001493753551596,both,7.999785729684294e-16,True
ln_salario_real_adm,28,32,6,10,0.0002328535695802,0.0002328535695793,both,8.999962233802172e-16,True
ln_salario_real_adm,28,33,6,11,0.0001509488759241,0.0001509488759234,both,6.999880276109538e-16,True
ln_salario_real_adm,28,34,6,12,0.0001671176051092,0.0001671176051086,both,5.999974822534782e-16,True
ln_salario_real_adm,28,35,6,13,0.0001363750530674,0.0001363750530667,both,6.999880276109538e-16,True
ln_salario_real_adm,28,36,6,14,0.0001306123769173,0.0001306123769164,both,8.999962233802172e-16,True
ln_salario_real_adm,28,37,6,15,0.0001924676644644,0.0001924676644635,both,8.999962233802172e-16,True
ln_salario_real_adm,28,38,6,16,0.0001605692335318,0.000160569233531,both,7.999785729684294e-16,True
ln_salario_real_adm,28,39,6,17,0.0001319301916606,0.0001319301916598,both,8.000056780227416e-16,True
ln_salario_real_adm,28,40,6,18,0.0002195860171355,0.0002195860171347,both,7.999785729684294e-16,True
ln_salario_real_adm,28,41,6,19,0.0002062630418292,0.0002062630418285,both,7.000151326652659e-16,True
ln_salario_real_adm,28,42,6,20,0.0002029613906586,0.0002029613906577,both,8.999962233802172e-16,True
ln_salario_real_adm,28,43,6,21,0.0001540160254167,0.000154016025416,both,7.000151326652659e-16,True
ln_salario_real_adm,28,44,6,22,0.000187132821663,0.0001871328216623,both,6.999880276109538e-16,True
ln_salario_real_adm,28,45,6,23,0.0001025449081267,0.0001025449081261,both,6.000110347806342e-16,True
ln_salario_real_adm,29,0,7,-23,9.880590927585588e-06,9.88059092694048e-06,both,6.451087629583477e-16,True
ln_salario_real_adm,29,1,7,-22,7.79734040111852e-05,7.79734040106561e-05,both,5.291042127000822e-16,True
ln_salario_real_adm,29,2,7,-21,0.0001816892026313,0.0001816892026307,both,5.999974822534782e-16,True
ln_salario_real_adm,29,3,7,-20,7.880377326156642e-05,7.88037732610321e-05,both,5.343219356551687e-16,True
ln_salario_real_adm,29,4,7,-19,2.326543111567442e-05,2.32654311151722e-05,both,5.022227750860198e-16,True
ln_salario_real_adm,29,5,7,-18,9.47021601250712e-05,9.47021601242933e-05,both,7.779015062311934e-16,True
ln_salario_real_adm,29,6,7,-17,9.96346294296432e-05,9.96346294290003e-05,both,6.42904783229592e-16,True
ln_salario_real_adm,29,7,7,-16,0.0001326202415866,0.0001326202415863,both,2.999987411267391e-16,True
ln_salario_real_adm,29,8,7,-15,7.832593121054047e-05,7.8325931209726e-05,both,8.144797770254231e-16,True
ln_salario_real_adm,29,9,7,-14,8.386415706477889e-05,8.38641570641223e-05,both,6.565928356572215e-16,True
ln_salario_real_adm,29,10,7,-13,5.449170804740837e-05,5.44917080467717e-05,both,6.366638444742223e-16,True
ln_salario_real_adm,29,11,7,-12,0.0001373884253589,0.0001373884253583,both,5.999974822534782e-16,True
ln_salario_real_adm,29,12,7,-11,6.971635490254613e-05,6.97163549017876e-05,both,7.58534944925171e-16,True
ln_salario_real_adm,29,13,7,-10,4.076695691772419e-05,4.07669569170787e-05,both,6.454865396528231e-16,True
ln_salario_real_adm,29,14,7,-9,0.0001814915306107,0.0001814915306099,both,8.000056780227416e-16,True
ln_salario_real_adm,29,15,7,-8,0.0001358022923048,0.0001358022923041,both,6.999880276109538e-16,True
ln_salario_real_adm,29,16,7,-7,0.0001449105529975,0.0001449105529967,both,8.000056780227416e-16,True
ln_salario_real_adm,29,17,7,-6,2.6234189256030105e-05,2.62341892553351e-05,both,6.950040857493095e-16,True
ln_salario_real_adm,29,18,7,-5,0.000125956578764,0.0001259565787632,both,8.000056780227416e-16,True
ln_salario_real_adm,29,19,7,-4,-1.6400681584670757e-06,-1.64006815904966e-06,both,5.825843906820611e-16,True
ln_salario_real_adm,29,20,7,-3,7.02426291738071e-05,7.02426291732139e-05,both,5.931941136211316e-16,True
ln_salario_real_adm,29,21,7,-2,8.605733181726394e-05,8.6057331816534e-05,both,7.299391126258659e-16,True
ln_salario_real_adm,29,22,7,0,0.000137264137232,0.0001372641372312,both,8.000056780227416e-16,True
ln_salario_real_adm,29,23,7,1,7.831253141769611e-05,7.83125314169312e-05,both,7.649046326885234e-16,True
ln_salario_real_adm,29,24,7,2,0.0001883764120703,0.0001883764120693,both,1.000013873792005e-15,True
ln_salario_real_adm,29,25,7,3,0.0002031857520952,0.0002031857520943,both,8.999962233802172e-16,True
ln_salario_real_adm,29,26,7,4,0.0002214508433356,0.0002214508433346,both,9.999867687376929e-16,True
ln_salario_real_adm,29,27,7,5,0.0001578678712757,0.0001578678712748,both,8.999962233802172e-16,True
ln_salario_real_adm,29,28,7,6,0.0001888152002991,0.0001888152002982,both,8.999962233802172e-16,True
ln_salario_real_adm,29,29,7,7,0.0003790047837983,0.0003790047837973,both,9.999596636833807e-16,True
ln_salario_real_adm,29,30,7,8,0.0001757963271347,0.0001757963271338,both,8.999962233802172e-16,True
ln_salario_real_adm,29,31,7,9,0.0001391833381891,0.0001391833381883,both,7.999785729684294e-16,True
ln_salario_real_adm,29,32,7,10,0.0002602503134338,0.0002602503134329,both,8.999962233802172e-16,True
ln_salario_real_adm,29,33,7,11,0.0001761487513573,0.0001761487513565,both,8.000056780227416e-16,True
ln_salario_real_adm,29,34,7,12,0.0001706390478588,0.0001706390478581,both,7.000151326652659e-16,True
ln_salario_real_adm,29,35,7,13,0.0001242224259883,0.0001242224259875,both,8.000056780227416e-16,True
ln_salario_real_adm,29,36,7,14,0.0002324738140664,0.0002324738140655,both,8.999962233802172e-16,True
ln_salario_real_adm,29,37,7,15,0.0002167007071087,0.0002167007071078,both,8.999962233802172e-16,True
ln_salario_real_adm,29,38,7,16,0.0001408280106201,0.0001408280106193,both,8.000056780227416e-16,True
ln_salario_real_adm,29,39,7,17,0.000169769425717,0.0001697694257161,both,8.999962233802172e-16,True
ln_salario_real_adm,29,40,7,18,0.0001754589910556,0.0001754589910547,both,8.999962233802172e-16,True
ln_salario_real_adm,29,41,7,19,0.0001441708866092,0.0001441708866083,both,8.999962233802172e-16,True
ln_salario_real_adm,29,42,7,20,0.0001703161404615,0.0001703161404606,both,8.999962233802172e-16,True
ln_salario_real_adm,29,43,7,21,0.0001954592595664,0.0001954592595656,both,7.999785729684294e-16,True
ln_salario_real_adm,29,44,7,22,0.000154026491259,0.0001540264912582,both,8.000056780227416e-16,True
ln_salario_real_adm,29,45,7,23,0.0001100801689658,0.0001100801689652,both,5.999974822534782e-16,True
ln_salario_real_adm,30,0,8,-23,9.64929529197629e-05,9.64929529191659e-05,both,5.970023737519869e-16,True
ln_salario_real_adm,30,1,8,-22,7.236380699466506e-05,7.23638069941719e-05,both,4.931629106821878e-16,True
ln_salario_real_adm,30,2,8,-21,0.0001229805116333,0.0001229805116328,both,5.000069368960025e-16,True
ln_salario_real_adm,30,3,8,-20,0.0001362134846922,0.0001362134846917,both,5.000069368960025e-16,True
ln_salario_real_adm,30,4,8,-19,0.0001234110470126,0.0001234110470122,both,4.0001639153852686e-16,True
ln_salario_real_adm,30,5,8,-18,0.0001007869623463,0.0001007869623455,both,8.000056780227416e-16,True
ln_salario_real_adm,30,6,8,-17,8.29413464222222e-05,8.29413464216099e-05,both,6.123031769111886e-16,True
ln_salario_real_adm,30,7,8,-16,5.741279847017893e-05,5.74127984698941e-05,both,2.848334632390981e-16,True
ln_salario_real_adm,30,8,8,-15,0.0001356298359232,0.0001356298359224,both,8.000056780227416e-16,True
ln_salario_real_adm,30,9,8,-14,9.180339051837372e-05,9.18033905177468e-05,both,6.269128011854308e-16,True
ln_salario_real_adm,30,10,8,-13,7.368057474741177e-05,7.36805747468096e-05,both,6.021658865984492e-16,True
ln_salario_real_adm,30,11,8,-12,0.0001180338836789,0.0001180338836784,both,5.000069368960025e-16,True
ln_salario_real_adm,30,12,8,-11,0.000142521498372,0.0001425214983713,both,6.999880276109538e-16,True
ln_salario_real_adm,30,13,8,-10,4.954090316256699e-05,4.95409031619521e-05,both,6.148849333344197e-16,True
ln_salario_real_adm,30,14,8,-9,0.0001158888394067,0.0001158888394059,both,8.000056780227416e-16,True
ln_salario_real_adm,30,15,8,-8,8.871088164974419e-05,8.87108816490621e-05,both,6.820851392377869e-16,True
ln_salario_real_adm,30,16,8,-7,0.0001202557414461,0.0001202557414454,both,7.000015801381099e-16,True
ln_salario_real_adm,30,17,8,-6,0.0001132397499524,0.0001132397499517,both,7.000015801381099e-16,True
ln_salario_real_adm,30,18,8,-5,0.0001440378973576,0.0001440378973568,both,8.000056780227416e-16,True
ln_salario_real_adm,30,19,8,-4,4.388599344888596e-05,4.38859934483404e-05,both,5.455569806675498e-16,True
ln_salario_real_adm,30,20,8,-3,3.494886768330253e-05,3.49488676827369e-05,both,5.656350496492657e-16,True
ln_salario_real_adm,30,21,8,-2,0.0001315219426548,0.0001315219426542,both,5.999974822534782e-16,True
ln_salario_real_adm,30,22,8,0,7.681167753773541e-05,7.68116775369709e-05,both,7.645116094009974e-16,True
ln_salario_real_adm,30,23,8,1,0.0001018924258054,0.0001018924258047,both,7.000015801381099e-16,True
ln_salario_real_adm,30,24,8,2,0.000193208251955,0.0001932082519541,both,8.999962233802172e-16,True
ln_salario_real_adm,30,25,8,3,0.0001637107936821,0.0001637107936813,both,8.000056780227416e-16,True
ln_salario_real_adm,30,26,8,4,0.0002413881664403,0.0002413881664394,both,8.999962233802172e-16,True
ln_salario_real_adm,30,27,8,5,0.0001743763262455,0.0001743763262447,both,8.000056780227416e-16,True
ln_salario_real_adm,30,28,8,6,0.0002282278342458,0.0002282278342449,both,8.999962233802172e-16,True
ln_salario_real_adm,30,29,8,7,0.0001757963271347,0.0001757963271338,both,8.999962233802172e-16,True
ln_salario_real_adm,30,30,8,8,0.0003997418028588,0.0003997418028579,both,8.999962233802172e-16,True
ln_salario_real_adm,30,31,8,9,0.0001592639688997,0.0001592639688989,both,8.000056780227416e-16,True
ln_salario_real_adm,30,32,8,10,0.0001906195796555,0.0001906195796546,both,8.999962233802172e-16,True
ln_salario_real_adm,30,33,8,11,0.0001418934991298,0.000141893499129,both,8.000056780227416e-16,True
ln_salario_real_adm,30,34,8,12,0.0001254249711367,0.000125424971136,both,7.000151326652659e-16,True
ln_salario_real_adm,30,35,8,13,0.0001058659646842,0.0001058659646835,both,7.000015801381099e-16,True
ln_salario_real_adm,30,36,8,14,0.000167015345797,0.0001670153457961,both,8.999962233802172e-16,True
ln_salario_real_adm,30,37,8,15,0.0001890293804361,0.0001890293804351,both,1.000013873792005e-15,True
ln_salario_real_adm,30,38,8,16,0.0001721613855454,0.0001721613855446,both,7.999785729684294e-16,True
ln_salario_real_adm,30,39,8,17,0.0001101112631378,0.0001101112631369,both,9.000097759073733e-16,True
ln_salario_real_adm,30,40,8,18,0.000189856318643,0.0001898563186422,both,8.000056780227416e-16,True
ln_salario_real_adm,30,41,8,19,0.0001854429449026,0.0001854429449018,both,8.000056780227416e-16,True
ln_salario_real_adm,30,42,8,20,0.0001541339670057,0.0001541339670047,both,9.999867687376929e-16,True
ln_salario_real_adm,30,43,8,21,0.0001571684170106,0.0001571684170099,both,6.999880276109538e-16,True
ln_salario_real_adm,30,44,8,22,0.0001588059404124,0.0001588059404116,both,8.000056780227416e-16,True
ln_salario_real_adm,30,45,8,23,0.0001090124830462,0.0001090124830456,both,5.999974822534782e-16,True
ln_salario_real_adm,31,0,9,-23,3.891763920157503e-05,3.89176392010681e-05,both,5.069322782727537e-16,True
ln_salario_real_adm,31,1,9,-22,9.478288142137273e-05,9.47828814209827e-05,both,3.9002817902450415e-16,True
ln_salario_real_adm,31,2,9,-21,4.584855289308955e-05,4.58485528926146e-05,both,4.749550904480093e-16,True
ln_salario_real_adm,31,3,9,-20,8.542238192239263e-05,8.54223819219914e-05,both,4.0123611898257305e-16,True
ln_salario_real_adm,31,4,9,-19,7.109461689602952e-05,7.1094616895665e-05,both,3.6452232291678266e-16,True
ln_salario_real_adm,31,5,9,-18,8.178151212371126e-05,8.17815121230649e-05,both,6.463606776543895e-16,True
ln_salario_real_adm,31,6,9,-17,9.34519066192544e-05,9.34519066187503e-05,both,5.040998000971353e-16,True
ln_salario_real_adm,31,7,9,-16,0.0001212853901831,0.000121285390183,both,9.999054535747565e-17,True
ln_salario_real_adm,31,8,9,-15,0.0001279906516238,0.0001279906516231,both,7.000151326652659e-16,True
ln_salario_real_adm,31,9,9,-14,9.149087802245783e-05,9.14908780219298e-05,both,5.280335630547528e-16,True
ln_salario_real_adm,31,10,9,-13,4.5062012415732935e-05,4.5062012415233e-05,both,4.999323979966441e-16,True
ln_salario_real_adm,31,11,9,-12,4.277568512661256e-05,4.27756851262268e-05,both,3.857591329703425e-16,True
ln_salario_real_adm,31,12,9,-11,7.12280114617685e-05,7.12280114611473e-05,both,6.211936347255698e-16,True
ln_salario_real_adm,31,13,9,-10,7.578887862536765e-05,7.57888786248583e-05,both,5.0935818063369e-16,True
ln_salario_real_adm,31,14,9,-9,9.412295495145751e-05,9.41229549508117e-05,both,6.458185765681468e-16,True
ln_salario_real_adm,31,15,9,-8,0.0001266954129803,0.0001266954129797,both,5.999974822534782e-16,True
ln_salario_real_adm,31,16,9,-7,8.133329877800688e-05,8.13332987773876e-05,both,6.192827283965641e-16,True
ln_salario_real_adm,31,17,9,-6,8.112138028617938e-05,8.11213802856248e-05,both,5.545694112263355e-16,True
ln_salario_real_adm,31,18,9,-5,0.0001137048632511,0.0001137048632503,both,8.000056780227416e-16,True
ln_salario_real_adm,31,19,9,-4,2.107210550636667e-06,2.10721055019065e-06,both,4.460170568380134e-16,True
ln_salario_real_adm,31,20,9,-3,9.39155493479324e-05,9.39155493474752e-05,both,4.572080561371372e-16,True
ln_salario_real_adm,31,21,9,-2,7.64958721653328e-05,7.6495872164745e-05,both,5.878002078130162e-16,True
ln_salario_real_adm,31,22,9,0,6.795572636408931e-05,6.79557263634292e-05,both,6.601164927177994e-16,True
ln_salario_real_adm,31,23,9,1,0.0001150422695553,0.0001150422695547,both,5.999974822534782e-16,True
ln_salario_real_adm,31,24,9,2,0.0001506193469805,0.0001506193469797,both,8.000056780227416e-16,True
ln_salario_real_adm,31,25,9,3,0.0001553538672055,0.0001553538672048,both,7.000151326652659e-16,True
ln_salario_real_adm,31,26,9,4,0.0001603206999554,0.0001603206999546,both,8.000056780227416e-16,True
ln_salario_real_adm,31,27,9,5,0.0001495576273443,0.0001495576273435,both,8.000056780227416e-16,True
ln_salario_real_adm,31,28,9,6,0.0001493753551604,0.0001493753551596,both,7.999785729684294e-16,True
ln_salario_real_adm,31,29,9,7,0.0001391833381891,0.0001391833381883,both,7.999785729684294e-16,True
ln_salario_real_adm,31,30,9,8,0.0001592639688997,0.0001592639688989,both,8.000056780227416e-16,True
ln_salario_real_adm,31,31,9,9,0.000285072415831,0.0002850724158303,both,7.000151326652659e-16,True
ln_salario_real_adm,31,32,9,10,0.0001236264849043,0.0001236264849035,both,8.000056780227416e-16,True
ln_salario_real_adm,31,33,9,11,0.0001497484791242,0.0001497484791234,both,8.000056780227416e-16,True
ln_salario_real_adm,31,34,9,12,0.0001144086890173,0.0001144086890168,both,4.999933843688464e-16,True
ln_salario_real_adm,31,35,9,13,0.0001248211182481,0.0001248211182475,both,5.999974822534782e-16,True
ln_salario_real_adm,31,36,9,14,0.0001116200850881,0.0001116200850873,both,7.999921254955855e-16,True
ln_salario_real_adm,31,37,9,15,0.0001401000399421,0.0001401000399413,both,7.999785729684294e-16,True
ln_salario_real_adm,31,38,9,16,0.0001330895772867,0.000133089577286,both,6.999880276109538e-16,True
ln_salario_real_adm,31,39,9,17,0.000130288929244,0.0001302889292433,both,6.999880276109538e-16,True
ln_salario_real_adm,31,40,9,18,0.0001271925753623,0.0001271925753616,both,6.999880276109538e-16,True
ln_salario_real_adm,31,41,9,19,6.810926602695788e-05,6.8109266026255e-05,both,7.028747158951965e-16,True
ln_salario_real_adm,31,42,9,20,0.0001088118773152,0.0001088118773144,both,8.000056780227416e-16,True
ln_salario_real_adm,31,43,9,21,0.0001031781157512,0.0001031781157506,both,5.999974822534782e-16,True
ln_salario_real_adm,31,44,9,22,8.107659229771152e-05,8.10765922970251e-05,both,6.864219479277289e-16,True
ln_salario_real_adm,31,45,9,23,0.000115362073209,0.0001153620732085,both,5.000069368960025e-16,True
ln_salario_real_adm,32,0,10,-23,7.9260728492761e-06,7.9260728486789e-06,both,5.971988853957499e-16,True
ln_salario_real_adm,32,1,10,-22,1.5442436224371614e-06,1.54424362193563e-06,both,5.015313844428234e-16,True
ln_salario_real_adm,32,2,10,-21,7.760793770188064e-05,7.76079377013032e-05,both,5.774325245386236e-16,True
ln_salario_real_adm,32,3,10,-20,7.485192512313388e-05,7.48519251226255e-05,both,5.08382398678453e-16,True
ln_salario_real_adm,32,4,10,-19,2.234901991297803e-05,2.23490199125069e-05,both,4.711298896582089e-16,True
ln_salario_real_adm,32,5,10,-18,5.8748133865919896e-05,5.87481338651876e-05,both,7.322972523510218e-16,True
ln_salario_real_adm,32,6,10,-17,6.821162082274933e-05,6.82116208221521e-05,both,5.972327667136401e-16,True
ln_salario_real_adm,32,7,10,-16,6.454077319399956e-05,6.4540773193702e-05,both,2.975592862386467e-16,True
ln_salario_real_adm,32,8,10,-15,3.906028453780138e-05,3.90602845370332e-05,both,7.68184344260292e-16,True
ln_salario_real_adm,32,9,10,-14,8.16983656260928e-05,8.16983656254765e-05,both,6.163011724222289e-16,True
ln_salario_real_adm,32,10,10,-13,4.4815464644962334e-05,4.48154646443777e-05,both,5.846356927220742e-16,True
ln_salario_real_adm,32,11,10,-12,8.396828298952657e-05,8.39682829890352e-05,both,4.913604245704306e-16,True
ln_salario_real_adm,32,12,10,-11,7.39414442287698e-05,7.39414442280592e-05,both,7.105996563741557e-16,True
ln_salario_real_adm,32,13,10,-10,7.596914635116898e-05,7.59691463505744e-05,both,5.945764713910506e-16,True
ln_salario_real_adm,32,14,10,-9,0.0001411927518194,0.0001411927518186,both,8.000056780227416e-16,True
ln_salario_real_adm,32,15,10,-8,0.0001179186743281,0.0001179186743275,both,5.999974822534782e-16,True
ln_salario_real_adm,32,16,10,-7,0.0001139044216818,0.0001139044216812,both,6.000110347806342e-16,True
ln_salario_real_adm,32,17,10,-6,6.711197613578214e-05,6.71119761351428e-05,both,6.393404685875459e-16,True
ln_salario_real_adm,32,18,10,-5,7.259243458387038e-05,7.25924345830333e-05,both,8.370853923217458e-16,True
ln_salario_real_adm,32,19,10,-4,-5.488636598887749e-05,-5.48863659894107e-05,both,5.332106284283711e-16,True
ln_salario_real_adm,32,20,10,-3,2.0883174441400388e-05,2.08831744408585e-05,both,5.418876339400441e-16,True
ln_salario_real_adm,32,21,10,-2,0.000121310795758,0.0001213107957574,both,5.999974822534782e-16,True
ln_salario_real_adm,32,22,10,0,0.0001037196026143,0.0001037196026136,both,7.000015801381099e-16,True
ln_salario_real_adm,32,23,10,1,6.105935949390873e-05,6.10593594931943e-05,both,7.144350215593231e-16,True
ln_salario_real_adm,32,24,10,2,0.0002326451933229,0.000232645193322,both,8.999962233802172e-16,True
ln_salario_real_adm,32,25,10,3,0.000153969621981,0.0001539696219802,both,7.999785729684294e-16,True
ln_salario_real_adm,32,26,10,4,0.0002089813019166,0.0002089813019156,both,9.999867687376929e-16,True
ln_salario_real_adm,32,27,10,5,0.0001353448192483,0.0001353448192475,both,8.000056780227416e-16,True
ln_salario_real_adm,32,28,10,6,0.0002328535695802,0.0002328535695793,both,8.999962233802172e-16,True
ln_salario_real_adm,32,29,10,7,0.0002602503134338,0.0002602503134329,both,8.999962233802172e-16,True
ln_salario_real_adm,32,30,10,8,0.0001906195796555,0.0001906195796546,both,8.999962233802172e-16,True
ln_salario_real_adm,32,31,10,9,0.0001236264849043,0.0001236264849035,both,8.000056780227416e-16,True
ln_salario_real_adm,32,32,10,10,0.0003287630983448,0.0003287630983439,both,8.999962233802172e-16,True
ln_salario_real_adm,32,33,10,11,0.0001737239387868,0.000173723938786,both,8.000056780227416e-16,True
ln_salario_real_adm,32,34,10,12,0.0001533578676437,0.0001533578676431,both,6.000245873077903e-16,True
ln_salario_real_adm,32,35,10,13,0.0001367183218031,0.0001367183218024,both,7.000151326652659e-16,True
ln_salario_real_adm,32,36,10,14,0.0001909595698597,0.0001909595698588,both,8.999962233802172e-16,True
ln_salario_real_adm,32,37,10,15,0.000197675343637,0.0001976753436361,both,8.999962233802172e-16,True
ln_salario_real_adm,32,38,10,16,0.0001489919604581,0.0001489919604573,both,8.000056780227416e-16,True
ln_salario_real_adm,32,39,10,17,0.0001208378421351,0.0001208378421343,both,7.999921254955855e-16,True
ln_salario_real_adm,32,40,10,18,0.0001641762107951,0.0001641762107943,both,8.000056780227416e-16,True
ln_salario_real_adm,32,41,10,19,0.0001817344081674,0.0001817344081666,both,7.999785729684294e-16,True
ln_salario_real_adm,32,42,10,20,0.0001450869198609,0.00014508691986,both,8.999962233802172e-16,True
ln_salario_real_adm,32,43,10,21,0.0001561257346192,0.0001561257346185,both,7.000151326652659e-16,True
ln_salario_real_adm,32,44,10,22,0.0001891346097666,0.0001891346097659,both,6.999880276109538e-16,True
ln_salario_real_adm,32,45,10,23,8.153738572459653e-05,8.15373857239735e-05,both,6.230232258916391e-16,True
ln_salario_real_adm,33,0,11,-23,1.8653048447620853e-05,1.8653048447124e-05,both,4.968525862004275e-16,True
ln_salario_real_adm,33,1,11,-22,4.785220411783827e-05,4.78522041174922e-05,both,3.46070557193795e-16,True
ln_salario_real_adm,33,2,11,-21,-3.818658746096753e-06,-3.8186587464993e-06,both,4.025473259849227e-16,True
ln_salario_real_adm,33,3,11,-20,0.0001410469308465,0.0001410469308461,both,4.0001639153852686e-16,True
ln_salario_real_adm,33,4,11,-19,6.437155605715029e-05,6.43715560568283e-05,both,3.219809401738827e-16,True
ln_salario_real_adm,33,5,11,-18,0.0001042105935925,0.0001042105935919,both,5.999974822534782e-16,True
ln_salario_real_adm,33,6,11,-17,0.0001040133359895,0.000104013335989,both,4.999933843688464e-16,True
ln_salario_real_adm,33,7,11,-16,0.0001718132661185,0.0001718132661184,both,9.999054535747565e-17,True
ln_salario_real_adm,33,8,11,-15,7.87410547389135e-05,7.87410547382413e-05,both,6.722053469410127e-16,True
ln_salario_real_adm,33,9,11,-14,9.723994349626057e-05,9.72399434957324e-05,both,5.281690883263135e-16,True
ln_salario_real_adm,33,10,11,-13,5.2212587097541577e-05,5.22125870970491e-05,both,4.924785080608063e-16,True
ln_salario_real_adm,33,11,11,-12,0.0001137833421895,0.0001137833421892,both,2.999987411267391e-16,True
ln_salario_real_adm,33,12,11,-11,6.5986505931234e-05,6.59865059306196e-05,both,6.144038186203793e-16,True
ln_salario_real_adm,33,13,11,-10,4.685642163925752e-05,4.6856421638757e-05,both,5.005219329279331e-16,True
ln_salario_real_adm,33,14,11,-9,0.0001013558836568,0.0001013558836561,both,7.000015801381099e-16,True
ln_salario_real_adm,33,15,11,-8,0.0001114532205044,0.0001114532205038,both,5.999974822534782e-16,True
ln_salario_real_adm,33,16,11,-7,7.10374030285255e-05,7.10374030279202e-05,both,6.052965203715011e-16,True
ln_salario_real_adm,33,17,11,-6,5.137032289451237e-05,5.13703228939684e-05,both,5.439713349902897e-16,True
ln_salario_real_adm,33,18,11,-5,7.570157476842498e-05,7.57015747676804e-05,both,7.445758419544202e-16,True
ln_salario_real_adm,33,19,11,-4,6.25261859090615e-06,6.2526185904737e-06,both,4.3245013012184128e-16,True
ln_salario_real_adm,33,20,11,-3,3.083384254519374e-05,3.08338425447484e-05,both,4.453360423484209e-16,True
ln_salario_real_adm,33,21,11,-2,7.66183043517368e-05,7.66183043511501e-05,both,5.867024531133747e-16,True
ln_salario_real_adm,33,22,11,0,0.0001002459700903,0.0001002459700896,both,7.000015801381099e-16,True
ln_salario_real_adm,33,23,11,1,8.960306772609618e-05,8.96030677254631e-05,both,6.330792010414421e-16,True
ln_salario_real_adm,33,24,11,2,0.0002138979863335,0.0002138979863326,both,9.000233284345294e-16,True
ln_salario_real_adm,33,25,11,3,0.0001230680096203,0.0001230680096196,both,6.999880276109538e-16,True
ln_salario_real_adm,33,26,11,4,0.0001588304582281,0.0001588304582273,both,7.999785729684294e-16,True
ln_salario_real_adm,33,27,11,5,0.0001471799833962,0.0001471799833955,both,6.999880276109538e-16,True
ln_salario_real_adm,33,28,11,6,0.0001509488759241,0.0001509488759234,both,6.999880276109538e-16,True
ln_salario_real_adm,33,29,11,7,0.0001761487513573,0.0001761487513565,both,8.000056780227416e-16,True
ln_salario_real_adm,33,30,11,8,0.0001418934991298,0.000141893499129,both,8.000056780227416e-16,True
ln_salario_real_adm,33,31,11,9,0.0001497484791242,0.0001497484791234,both,8.000056780227416e-16,True
ln_salario_real_adm,33,32,11,10,0.0001737239387868,0.000173723938786,both,8.000056780227416e-16,True
ln_salario_real_adm,33,33,11,11,0.0002591203088933,0.0002591203088925,both,7.999785729684294e-16,True
ln_salario_real_adm,33,34,11,12,0.000109811449619,0.0001098114496184,both,5.999974822534782e-16,True
ln_salario_real_adm,33,35,11,13,0.0001442674204485,0.0001442674204478,both,6.999880276109538e-16,True
ln_salario_real_adm,33,36,11,14,0.0001467685597896,0.0001467685597888,both,8.000056780227416e-16,True
ln_salario_real_adm,33,37,11,15,0.0001889073056533,0.0001889073056524,both,8.999962233802172e-16,True
ln_salario_real_adm,33,38,11,16,9.145762266533306e-05,9.14576226646761e-05,both,6.569587538904353e-16,True
ln_salario_real_adm,33,39,11,17,0.0001105625250966,0.0001105625250959,both,6.999880276109538e-16,True
ln_salario_real_adm,33,40,11,18,0.0001362276057583,0.0001362276057576,both,6.999880276109538e-16,True
ln_salario_real_adm,33,41,11,19,7.972340892355311e-05,7.97234089228591e-05,both,6.940113631351275e-16,True
ln_salario_real_adm,33,42,11,20,0.0001062655029872,0.0001062655029864,both,8.000056780227416e-16,True
ln_salario_real_adm,33,43,11,21,0.0001448190758464,0.0001448190758458,both,6.000245873077903e-16,True
ln_salario_real_adm,33,44,11,22,0.0001261639889258,0.0001261639889252,both,5.999974822534782e-16,True
ln_salario_real_adm,33,45,11,23,0.0001185397324897,0.0001185397324892,both,4.999933843688464e-16,True
ln_salario_real_adm,34,0,12,-23,7.883110937797566e-05,7.88311093776175e-05,both,3.581661876805864e-16,True
ln_salario_real_adm,34,1,12,-22,0.0001246740626624,0.0001246740626621,both,2.999987411267391e-16,True
ln_salario_real_adm,34,2,12,-21,9.195411442951395e-05,9.19541144292216e-05,both,2.9235511581071627e-16,True
ln_salario_real_adm,34,3,12,-20,-2.9194747908134698e-05,-2.91947479083589e-05,both,2.2420284487463527e-16,True
ln_salario_real_adm,34,4,12,-19,-3.21026450705022e-05,-3.21026450707174e-05,both,2.1520057871121656e-16,True
ln_salario_real_adm,34,5,12,-18,-4.664320119117929e-05,-4.66432011917059e-05,both,5.266105477033656e-16,True
ln_salario_real_adm,34,6,12,-17,8.691063952852452e-05,8.69106395281601e-05,both,3.644139026995341e-16,True
ln_salario_real_adm,34,7,12,-16,6.003955456703833e-05,6.00395545670833e-05,both,4.497406136741433e-17,True
ln_salario_real_adm,34,8,12,-15,5.499962372793065e-05,5.49996237273935e-05,both,5.371544138307871e-16,True
ln_salario_real_adm,34,9,12,-14,6.874781010557951e-05,6.87478101051955e-05,both,3.840108569672096e-16,True
ln_salario_real_adm,34,10,12,-13,6.969919398391113e-05,6.96991939835485e-05,both,3.6262496911493303e-16,True
ln_salario_real_adm,34,11,12,-12,7.814012933933396e-05,7.81401293391384e-05,both,1.955494143349168e-16,True
ln_salario_real_adm,34,12,12,-11,2.900124848980077e-05,2.9001248489311e-05,both,4.897713907613815e-16,True
ln_salario_real_adm,34,13,12,-10,3.091132835765737e-06,3.09113283538281e-06,both,3.829270783111977e-16,True
ln_salario_real_adm,34,14,12,-9,9.705873087881928e-05,9.70587308783196e-05,both,4.996816762442569e-16,True
ln_salario_real_adm,34,15,12,-8,0.0001103239284827,0.0001103239284822,both,5.000069368960025e-16,True
ln_salario_real_adm,34,16,12,-7,9.600667873518451e-05,9.60066787347e-05,both,4.845163983566159e-16,True
ln_salario_real_adm,34,17,12,-6,6.250312282106872e-07,6.25031227781047e-07,both,4.2964020419844354e-16,True
ln_salario_real_adm,34,18,12,-5,7.129799290764709e-06,7.129799290146e-06,both,6.187084400583256e-16,True
ln_salario_real_adm,34,19,12,-4,2.0384961101096895e-05,2.03849611007833e-05,both,3.135953139960651e-16,True
ln_salario_real_adm,34,20,12,-3,0.0001098588652423,0.000109858865242,both,2.999987411267391e-16,True
ln_salario_real_adm,34,21,12,-2,5.554140691335407e-05,5.5541406912904e-05,both,4.50065874325889e-16,True
ln_salario_real_adm,34,22,12,0,1.6667643136174282e-05,1.66676431356525e-05,both,5.217824599040161e-16,True
ln_salario_real_adm,34,23,12,1,3.9893837275101775e-05,3.98938372746025e-05,both,4.992751004295748e-16,True
ln_salario_real_adm,34,24,12,2,7.23050501826972e-05,7.23050501819871e-05,both,7.100982128693811e-16,True
ln_salario_real_adm,34,25,12,3,0.0001559998076494,0.0001559998076488,both,5.999974822534782e-16,True
ln_salario_real_adm,34,26,12,4,0.0001264857403738,0.0001264857403731,both,6.999880276109538e-16,True
ln_salario_real_adm,34,27,12,5,5.5136791766075983e-05,5.51367917654596e-05,both,6.163824875851653e-16,True
ln_salario_real_adm,34,28,12,6,0.0001671176051092,0.0001671176051086,both,5.999974822534782e-16,True
ln_salario_real_adm,34,29,12,7,0.0001706390478588,0.0001706390478581,both,7.000151326652659e-16,True
ln_salario_real_adm,34,30,12,8,0.0001254249711367,0.000125424971136,both,7.000151326652659e-16,True
ln_salario_real_adm,34,31,12,9,0.0001144086890173,0.0001144086890168,both,4.999933843688464e-16,True
ln_salario_real_adm,34,32,12,10,0.0001533578676437,0.0001533578676431,both,6.000245873077903e-16,True
ln_salario_real_adm,34,33,12,11,0.000109811449619,0.0001098114496184,both,5.999974822534782e-16,True
ln_salario_real_adm,34,34,12,12,0.0002825913046683,0.0002825913046678,both,4.999798318416904e-16,True
ln_salario_real_adm,34,35,12,13,7.985608955667152e-05,7.98560895561769e-05,both,4.946130310878871e-16,True
ln_salario_real_adm,34,36,12,14,5.592562556397755e-05,5.59256255633302e-05,both,6.473500121367826e-16,True
ln_salario_real_adm,34,37,12,15,0.0001149098999335,0.0001149098999328,both,7.000015801381099e-16,True
ln_salario_real_adm,34,38,12,16,0.0001012505299976,0.000101250529997,both,5.999974822534782e-16,True
ln_salario_real_adm,34,39,12,17,5.656905448474077e-05,5.65690544841411e-05,both,5.996654453381545e-16,True
ln_salario_real_adm,34,40,12,18,0.0001397024716484,0.0001397024716478,both,5.999974822534782e-16,True
ln_salario_real_adm,34,41,12,19,0.0001056258175822,0.0001056258175816,both,5.999974822534782e-16,True
ln_salario_real_adm,34,42,12,20,6.042979911308334e-05,6.04297991124345e-05,both,6.488407901239501e-16,True
ln_salario_real_adm,34,43,12,21,7.359140213233879e-05,7.35914021318178e-05,both,5.20986248933597e-16,True
ln_salario_real_adm,34,44,12,22,7.29682299346803e-05,7.29682299341279e-05,both,5.524010068813645e-16,True
ln_salario_real_adm,34,45,12,23,9.840496193376864e-05,9.84049619333675e-05,both,4.0114125129248057e-16,True
ln_salario_real_adm,35,0,13,-23,4.681107497252088e-05,4.68110749720821e-05,both,4.3877661920488364e-16,True
ln_salario_real_adm,35,1,13,-22,7.972717156437994e-05,7.97271715640321e-05,both,3.4783916198766196e-16,True
ln_salario_real_adm,35,2,13,-21,1.3060252505349377e-05,1.30602525049222e-05,both,4.2717735002518326e-16,True
ln_salario_real_adm,35,3,13,-20,0.0001087775111361,0.0001087775111357,both,4.000028390113708e-16,True
ln_salario_real_adm,35,4,13,-19,5.429355104669005e-05,5.42935510463705e-05,both,3.1955503781294636e-16,True
ln_salario_real_adm,35,5,13,-18,7.852816911873367e-05,7.85281691181527e-05,both,5.809697341263576e-16,True
ln_salario_real_adm,35,6,13,-17,7.511024482326307e-05,7.51102448228161e-05,both,4.469623456071492e-16,True
ln_salario_real_adm,35,7,13,-16,0.0001136767736401,0.00011367677364,both,9.999054535747565e-17,True
ln_salario_real_adm,35,8,13,-15,4.698099312544687e-05,4.69809931248298e-05,both,6.170736664701248e-16,True
ln_salario_real_adm,35,9,13,-14,7.98684125632412e-05,7.98684125627739e-05,both,4.672911363412524e-16,True
ln_salario_real_adm,35,10,13,-13,5.8838241878463664e-05,5.88382418780281e-05,both,4.3556467026889534e-16,True
ln_salario_real_adm,35,11,13,-12,5.419546956307837e-05,5.41954695627368e-05,both,3.415643419144021e-16,True
ln_salario_real_adm,35,12,13,-11,8.734286123753569e-05,8.73428612369752e-05,both,5.604918655935376e-16,True
ln_salario_real_adm,35,13,13,-10,9.44750372578209e-05,9.44750372573775e-05,both,4.433980309651031e-16,True
ln_salario_real_adm,35,14,13,-9,6.44463308998557e-05,6.44463308992653e-05,both,5.904022930269814e-16,True
ln_salario_real_adm,35,15,13,-8,8.944731693640824e-05,8.94473169358907e-05,both,5.175439070359555e-16,True
ln_salario_real_adm,35,16,13,-7,5.530531668161496e-05,5.5305316681081e-05,both,5.339560174219549e-16,True
ln_salario_real_adm,35,17,13,-6,8.852968237833105e-05,8.85296823778502e-05,both,4.808572160244773e-16,True
ln_salario_real_adm,35,18,13,-5,4.912343732655116e-05,4.91234373258671e-05,both,6.84063808202573e-16,True
ln_salario_real_adm,35,19,13,-4,3.712720304828677e-06,3.71272030444651e-06,both,3.82166866241037e-16,True
ln_salario_real_adm,35,20,13,-3,5.156322706050218e-05,5.15632270601142e-05,both,3.8798174742393776e-16,True
ln_salario_real_adm,35,21,13,-2,8.126727803922242e-05,8.12672780386931e-05,both,5.293210531345793e-16,True
ln_salario_real_adm,35,22,13,0,7.776367358536416e-05,7.77636735847763e-05,both,5.878544179216405e-16,True
ln_salario_real_adm,35,23,13,1,9.19785218803757e-05,9.19785218798152e-05,both,5.605054181206937e-16,True
ln_salario_real_adm,35,24,13,2,0.0001619377118451,0.0001619377118443,both,8.000056780227416e-16,True
ln_salario_real_adm,35,25,13,3,9.2617481310807e-05,9.26174813101434e-05,both,6.635994921969091e-16,True
ln_salario_real_adm,35,26,13,4,7.404117279163951e-05,7.40411727908606e-05,both,7.789043932407425e-16,True
ln_salario_real_adm,35,27,13,5,9.36234145948482e-05,9.36234145941608e-05,both,6.873977298829659e-16,True
ln_salario_real_adm,35,28,13,6,0.0001363750530674,0.0001363750530667,both,6.999880276109538e-16,True
ln_salario_real_adm,35,29,13,7,0.0001242224259883,0.0001242224259875,both,8.000056780227416e-16,True
ln_salario_real_adm,35,30,13,8,0.0001058659646842,0.0001058659646835,both,7.000015801381099e-16,True
ln_salario_real_adm,35,31,13,9,0.0001248211182481,0.0001248211182475,both,5.999974822534782e-16,True
ln_salario_real_adm,35,32,13,10,0.0001367183218031,0.0001367183218024,both,7.000151326652659e-16,True
ln_salario_real_adm,35,33,13,11,0.0001442674204484,0.0001442674204478,both,5.999974822534782e-16,True
ln_salario_real_adm,35,34,13,12,7.985608955666959e-05,7.98560895561769e-05,both,4.926885722317254e-16,True
ln_salario_real_adm,35,35,13,13,0.0002543447707626,0.000254344770762,both,5.999974822534782e-16,True
ln_salario_real_adm,35,36,13,14,0.0001357920773429,0.0001357920773422,both,6.999880276109538e-16,True
ln_salario_real_adm,35,37,13,15,0.0001590361925176,0.0001590361925168,both,8.000056780227416e-16,True
ln_salario_real_adm,35,38,13,16,0.0001163143208225,0.0001163143208219,both,5.999974822534782e-16,True
ln_salario_real_adm,35,39,13,17,0.0001049881098074,0.0001049881098067,both,6.999880276109538e-16,True
ln_salario_real_adm,35,40,13,18,0.0001236288650835,0.0001236288650828,both,7.000151326652659e-16,True
ln_salario_real_adm,35,41,13,19,9.73933005347533e-05,9.73933005341225e-05,both,6.308023764792225e-16,True
ln_salario_real_adm,35,42,13,20,9.968242482767158e-05,9.96824248269407e-05,both,7.308742369996346e-16,True
ln_salario_real_adm,35,43,13,21,0.0001306506834888,0.0001306506834882,both,6.000245873077903e-16,True
ln_salario_real_adm,35,44,13,22,0.0001216046224601,0.0001216046224595,both,5.999974822534782e-16,True
ln_salario_real_adm,35,45,13,23,0.0001089855616009,0.0001089855616004,both,4.999933843688464e-16,True
ln_salario_real_adm,36,0,14,-23,-4.621118346118941e-07,-4.62111835204228e-07,both,5.923338987236357e-16,True
ln_salario_real_adm,36,1,14,-22,-2.1127147825209416e-05,-2.11271478257115e-05,both,5.020838616826701e-16,True
ln_salario_real_adm,36,2,14,-21,7.633440584409057e-05,7.63344058435178e-05,both,5.727704551969359e-16,True
ln_salario_real_adm,36,3,14,-20,8.948547855524948e-05,8.94854785547421e-05,both,5.073795116689039e-16,True
ln_salario_real_adm,36,4,14,-19,1.4878192623823515e-05,1.48781926233533e-05,both,4.702150940751743e-16,True
ln_salario_real_adm,36,5,14,-18,0.0001009265119191,0.0001009265119184,both,6.999880276109538e-16,True
ln_salario_real_adm,36,6,14,-17,1.2123731023280332e-05,1.21237310226806e-05,both,5.997315139080403e-16,True
ln_salario_real_adm,36,7,14,-16,-1.6279191291660315e-05,-1.62791912919601e-05,both,2.99785288824031e-16,True
ln_salario_real_adm,36,8,14,-15,6.905345120744175e-05,6.90534512066792e-05,both,7.625464929633674e-16,True
ln_salario_real_adm,36,9,14,-14,2.4598506149967164e-05,2.45985061493549e-05,both,6.122659074615094e-16,True
ln_salario_real_adm,36,10,14,-13,1.6756768513296065e-05,1.67567685127159e-05,both,5.801633587605715e-16,True
ln_salario_real_adm,36,11,14,-12,8.178041220586576e-05,8.17804122053737e-05,both,4.920651559825462e-16,True
ln_salario_real_adm,36,12,14,-11,5.0057128418290506e-05,5.00571284175787e-05,both,7.118058312910458e-16,True
ln_salario_real_adm,36,13,14,-10,5.075654064295112e-05,5.0756540642356e-05,both,5.951253487408714e-16,True
ln_salario_real_adm,36,14,14,-9,9.958720323975908e-05,9.9587203239019e-05,both,7.400764029386053e-16,True
ln_salario_real_adm,36,15,14,-8,7.222610340393241e-05,7.22261034032634e-05,both,6.690069505321805e-16,True
ln_salario_real_adm,36,16,14,-7,6.566617735316047e-05,6.56661773524782e-05,both,6.822748746179719e-16,True
ln_salario_real_adm,36,17,14,-6,2.782400442824808e-05,2.78240044276057e-05,both,6.423796228022943e-16,True
ln_salario_real_adm,36,18,14,-5,0.0001058911191328,0.0001058911191319,both,8.999962233802172e-16,True
ln_salario_real_adm,36,19,14,-4,5.244339969976235e-06,5.24433996944595e-06,both,5.302849766285547e-16,True
ln_salario_real_adm,36,20,14,-3,6.654169016480015e-06,6.65416901594212e-06,both,5.378955676596346e-16,True
ln_salario_real_adm,36,21,14,-2,5.788259448728535e-05,5.78825944866072e-05,both,6.78154906362527e-16,True
ln_salario_real_adm,36,22,14,0,0.0001281984579491,0.0001281984579484,both,6.999880276109538e-16,True
ln_salario_real_adm,36,23,14,1,7.695628649303882e-05,7.69562864923286e-05,both,7.102201856137857e-16,True
ln_salario_real_adm,36,24,14,2,0.0002249708640158,0.0002249708640148,both,9.999867687376929e-16,True
ln_salario_real_adm,36,25,14,3,0.0001568319430828,0.000156831943082,both,8.000056780227416e-16,True
ln_salario_real_adm,36,26,14,4,0.0002061120044658,0.0002061120044649,both,9.000233284345294e-16,True
ln_salario_real_adm,36,27,14,5,0.0001668439049453,0.0001668439049445,both,8.000056780227416e-16,True
ln_salario_real_adm,36,28,14,6,0.0001306123769173,0.0001306123769164,both,8.999962233802172e-16,True
ln_salario_real_adm,36,29,14,7,0.0002324738140664,0.0002324738140655,both,8.999962233802172e-16,True
ln_salario_real_adm,36,30,14,8,0.000167015345797,0.0001670153457961,both,8.999962233802172e-16,True
ln_salario_real_adm,36,31,14,9,0.0001116200850881,0.0001116200850873,both,7.999921254955855e-16,True
ln_salario_real_adm,36,32,14,10,0.0001909595698597,0.0001909595698588,both,8.999962233802172e-16,True
ln_salario_real_adm,36,33,14,11,0.0001467685597896,0.0001467685597888,both,8.000056780227416e-16,True
ln_salario_real_adm,36,34,14,12,5.592562556397517e-05,5.59256255633302e-05,both,6.449715436208925e-16,True
ln_salario_real_adm,36,35,14,13,0.0001357920773429,0.0001357920773422,both,6.999880276109538e-16,True
ln_salario_real_adm,36,36,14,14,0.0002949565945453,0.0002949565945444,both,8.999962233802172e-16,True
ln_salario_real_adm,36,37,14,15,0.0002071810655646,0.0002071810655637,both,8.999962233802172e-16,True
ln_salario_real_adm,36,38,14,16,0.0001438404566816,0.0001438404566809,both,7.000151326652659e-16,True
ln_salario_real_adm,36,39,14,17,0.000168518337092,0.0001685183370912,both,8.000056780227416e-16,True
ln_salario_real_adm,36,40,14,18,0.0001539688069824,0.0001539688069816,both,8.000056780227416e-16,True
ln_salario_real_adm,36,41,14,19,0.0001447988977306,0.0001447988977299,both,6.999880276109538e-16,True
ln_salario_real_adm,36,42,14,20,0.0001596108164153,0.0001596108164144,both,8.999962233802172e-16,True
ln_salario_real_adm,36,43,14,21,0.0001962297004548,0.0001962297004541,both,7.000151326652659e-16,True
ln_salario_real_adm,36,44,14,22,0.0001582826067167,0.0001582826067159,both,8.000056780227416e-16,True
ln_salario_real_adm,36,45,14,23,9.635304589325032e-05,9.63530458926326e-05,both,6.177241877736162e-16,True
ln_salario_real_adm,37,0,15,-23,3.605671064599848e-05,3.60567106453972e-05,both,6.012781960697267e-16,True
ln_salario_real_adm,37,1,15,-22,8.32542709015507e-05,8.32542709010467e-05,both,5.040049324070428e-16,True
ln_salario_real_adm,37,2,15,-21,7.346903601859168e-05,7.34690360180131e-05,both,5.785844893468894e-16,True
ln_salario_real_adm,37,3,15,-20,0.0001045079895759,0.0001045079895754,both,5.000069368960025e-16,True
ln_salario_real_adm,37,4,15,-19,5.296205175271462e-05,5.29620517522561e-05,both,4.585226512712759e-16,True
ln_salario_real_adm,37,5,15,-18,0.0001055013012059,0.0001055013012052,both,7.000015801381099e-16,True
ln_salario_real_adm,37,6,15,-17,6.447641874720366e-05,6.44764187465919e-05,both,6.117610758249459e-16,True
ln_salario_real_adm,37,7,15,-16,6.0015404727216e-05,6.00154047269283e-05,both,2.8769982273260664e-16,True
ln_salario_real_adm,37,8,15,-15,8.721971379343077e-05,8.72197137926504e-05,both,7.803680661735979e-16,True
ln_salario_real_adm,37,9,15,-14,7.416623299448247e-05,7.41662329938522e-05,both,6.302602753929798e-16,True
ln_salario_real_adm,37,10,15,-13,6.69167144007076e-05,6.69167144001079e-05,both,5.996993266560446e-16,True
ln_salario_real_adm,37,11,15,-12,6.095053684260024e-05,6.09505368421097e-05,both,4.905404966774884e-16,True
ln_salario_real_adm,37,12,15,-11,0.0001201489214838,0.0001201489214831,both,7.000015801381099e-16,True
ln_salario_real_adm,37,13,15,-10,7.12721766329493e-05,7.12721766323384e-05,both,6.109072666141135e-16,True
ln_salario_real_adm,37,14,15,-9,0.0001178110436664,0.0001178110436656,both,8.000056780227416e-16,True
ln_salario_real_adm,37,15,15,-8,8.72993109304514e-05,8.72993109297656e-05,both,6.857985316785498e-16,True
ln_salario_real_adm,37,16,15,-7,9.609433738568136e-05,9.60943373849972e-05,both,6.841586758926654e-16,True
ln_salario_real_adm,37,17,15,-6,0.0001021754068307,0.00010217540683,both,7.000015801381099e-16,True
ln_salario_real_adm,37,18,15,-5,0.0001256864109766,0.0001256864109757,both,8.999962233802172e-16,True
ln_salario_real_adm,37,19,15,-4,3.23612775011279e-05,3.23612775005878e-05,both,5.401020884872321e-16,True
ln_salario_real_adm,37,20,15,-3,6.737132550932357e-06,6.73713255038493e-06,both,5.474272294150873e-16,True
ln_salario_real_adm,37,21,15,-2,0.0001199769113087,0.000119976911308,both,7.000015801381099e-16,True
ln_salario_real_adm,37,22,15,0,0.000124793502288,0.0001247935022872,both,8.000056780227416e-16,True
ln_salario_real_adm,37,23,15,1,0.000122616685133,0.0001226166851322,both,8.000056780227416e-16,True
ln_salario_real_adm,37,24,15,2,0.0002371159040387,0.0002371159040377,both,1.000013873792005e-15,True
ln_salario_real_adm,37,25,15,3,0.0001932979418047,0.0001932979418038,both,8.999962233802172e-16,True
ln_salario_real_adm,37,26,15,4,0.0002190970944247,0.0002190970944237,both,1.000013873792005e-15,True
ln_salario_real_adm,37,27,15,5,0.0001933022448243,0.0001933022448234,both,8.999962233802172e-16,True
ln_salario_real_adm,37,28,15,6,0.0001924676644644,0.0001924676644635,both,8.999962233802172e-16,True
ln_salario_real_adm,37,29,15,7,0.0002167007071087,0.0002167007071078,both,8.999962233802172e-16,True
ln_salario_real_adm,37,30,15,8,0.0001890293804361,0.0001890293804351,both,1.000013873792005e-15,True
ln_salario_real_adm,37,31,15,9,0.0001401000399421,0.0001401000399413,both,7.999785729684294e-16,True
ln_salario_real_adm,37,32,15,10,0.000197675343637,0.0001976753436361,both,8.999962233802172e-16,True
ln_salario_real_adm,37,33,15,11,0.0001889073056533,0.0001889073056524,both,8.999962233802172e-16,True
ln_salario_real_adm,37,34,15,12,0.0001149098999335,0.0001149098999328,both,7.000015801381099e-16,True
ln_salario_real_adm,37,35,15,13,0.0001590361925176,0.0001590361925168,both,8.000056780227416e-16,True
ln_salario_real_adm,37,36,15,14,0.0002071810655646,0.0002071810655637,both,8.999962233802172e-16,True
ln_salario_real_adm,37,37,15,15,0.0003132745040242,0.0003132745040232,both,9.999596636833807e-16,True
ln_salario_real_adm,37,38,15,16,0.0001790860896607,0.0001790860896599,both,8.000056780227416e-16,True
ln_salario_real_adm,37,39,15,17,0.0001652237549962,0.0001652237549954,both,8.000056780227416e-16,True
ln_salario_real_adm,37,40,15,18,0.000191371389452,0.0001913713894512,both,8.000056780227416e-16,True
ln_salario_real_adm,37,41,15,19,0.0001592964273836,0.0001592964273828,both,7.999785729684294e-16,True
ln_salario_real_adm,37,42,15,20,0.0001922978993404,0.0001922978993395,both,8.999962233802172e-16,True
ln_salario_real_adm,37,43,15,21,0.0002278693805128,0.000227869380512,both,7.999785729684294e-16,True
ln_salario_real_adm,37,44,15,22,0.0001892397711925,0.0001892397711917,both,8.000056780227416e-16,True
ln_salario_real_adm,37,45,15,23,0.0001539565237684,0.0001539565237678,both,5.999974822534782e-16,True
ln_salario_real_adm,38,0,16,-23,4.393261512343906e-05,4.39326151229729e-05,both,4.661595003237207e-16,True
ln_salario_real_adm,38,1,16,-22,8.198916165339102e-05,8.19891616530167e-05,both,3.743208000506204e-16,True
ln_salario_real_adm,38,2,16,-21,0.0001026023437263,0.0001026023437259,both,4.000028390113708e-16,True
ln_salario_real_adm,38,3,16,-20,6.417813988417786e-05,6.41781398837939e-05,both,3.8395664685858533e-16,True
ln_salario_real_adm,38,4,16,-19,6.680216916503253e-05,6.68021691646937e-05,both,3.388267314288762e-16,True
ln_salario_real_adm,38,5,16,-18,3.9910530536687914e-05,3.9910530536079e-05,both,6.089150451221714e-16,True
ln_salario_real_adm,38,6,16,-17,1.9106009968943737e-05,1.91060099684682e-05,both,4.755378491157203e-16,True
ln_salario_real_adm,38,7,16,-16,4.876100752182854e-05,4.87610075216556e-05,both,1.7294379903859403e-16,True
ln_salario_real_adm,38,8,16,-15,4.7520916253400746e-05,4.75209162527599e-05,both,6.408447991018695e-16,True
ln_salario_real_adm,38,9,16,-14,5.689273578559221e-05,5.68927357850979e-05,both,4.943080992268756e-16,True
ln_salario_real_adm,38,10,16,-13,5.752120171593076e-05,5.75212017154722e-05,both,4.585633088527441e-16,True
ln_salario_real_adm,38,11,16,-12,4.461222201893327e-05,4.46122220185641e-05,both,3.6917083973131426e-16,True
ln_salario_real_adm,38,12,16,-11,9.504679201729312e-05,9.50467920167064e-05,both,5.867295581676868e-16,True
ln_salario_real_adm,38,13,16,-10,5.755600383285623e-05,5.7556003832385e-05,both,4.712281454800904e-16,True
ln_salario_real_adm,38,14,16,-9,8.75727429838857e-05,8.75727429832696e-05,both,6.160978845148879e-16,True
ln_salario_real_adm,38,15,16,-8,5.506069024725069e-05,5.50606902467056e-05,both,5.450894184806654e-16,True
ln_salario_real_adm,38,16,16,-7,6.720453848430577e-05,6.72045384837749e-05,both,5.308660412303712e-16,True
ln_salario_real_adm,38,17,16,-6,9.452944649739649e-05,9.45294464968842e-05,both,5.122855264994008e-16,True
ln_salario_real_adm,38,18,16,-5,7.733910543286615e-05,7.73391054321537e-05,both,7.12442800067381e-16,True
ln_salario_real_adm,38,19,16,-4,1.1771920500158354e-05,1.17719204997551e-05,both,4.032537514629328e-16,True
ln_salario_real_adm,38,20,16,-3,3.933167364929832e-05,3.93316736488828e-05,both,4.1552048260506957e-16,True
ln_salario_real_adm,38,21,16,-2,9.870331285671748e-05,9.87033128561669e-05,both,5.505849682424513e-16,True
ln_salario_real_adm,38,22,16,0,3.830812405255864e-05,3.8308124051953e-05,both,6.056353335504028e-16,True
ln_salario_real_adm,38,23,16,1,8.628473088053772e-05,8.62847308799499e-05,both,5.878273128673284e-16,True
ln_salario_real_adm,38,24,16,2,0.0001523740795519,0.0001523740795511,both,8.000056780227416e-16,True
ln_salario_real_adm,38,25,16,3,0.0001542128393092,0.0001542128393085,both,6.999880276109538e-16,True
ln_salario_real_adm,38,26,16,4,0.0002043181344909,0.0002043181344902,both,6.999880276109538e-16,True
ln_salario_real_adm,38,27,16,5,0.000124953391689,0.0001249533916883,both,6.999880276109538e-16,True
ln_salario_real_adm,38,28,16,6,0.0001605692335318,0.000160569233531,both,7.999785729684294e-16,True
ln_salario_real_adm,38,29,16,7,0.0001408280106201,0.0001408280106193,both,8.000056780227416e-16,True
ln_salario_real_adm,38,30,16,8,0.0001721613855454,0.0001721613855446,both,7.999785729684294e-16,True
ln_salario_real_adm,38,31,16,9,0.0001330895772867,0.000133089577286,both,6.999880276109538e-16,True
ln_salario_real_adm,38,32,16,10,0.0001489919604581,0.0001489919604573,both,8.000056780227416e-16,True
ln_salario_real_adm,38,33,16,11,9.145762266532992e-05,9.14576226646761e-05,both,6.538145675902274e-16,True
ln_salario_real_adm,38,34,16,12,0.0001012505299976,0.000101250529997,both,5.999974822534782e-16,True
ln_salario_real_adm,38,35,16,13,0.0001163143208225,0.0001163143208219,both,5.999974822534782e-16,True
ln_salario_real_adm,38,36,16,14,0.0001438404566816,0.0001438404566809,both,7.000151326652659e-16,True
ln_salario_real_adm,38,37,16,15,0.0001790860896607,0.0001790860896599,both,8.000056780227416e-16,True
ln_salario_real_adm,38,38,16,16,0.0002480038273602,0.0002480038273596,both,5.999974822534782e-16,True
ln_salario_real_adm,38,39,16,17,0.0001242953084938,0.0001242953084931,both,6.999880276109538e-16,True
ln_salario_real_adm,38,40,16,18,0.0001930407743334,0.0001930407743327,both,7.000151326652659e-16,True
ln_salario_real_adm,38,41,16,19,0.0001591796670624,0.0001591796670617,both,6.999880276109538e-16,True
ln_salario_real_adm,38,42,16,20,0.0001373265311074,0.0001373265311066,both,8.000056780227416e-16,True
ln_salario_real_adm,38,43,16,21,0.0001346948608737,0.000134694860873,both,6.999880276109538e-16,True
ln_salario_real_adm,38,44,16,22,0.0001575121580019,0.0001575121580012,both,7.000151326652659e-16,True
ln_salario_real_adm,38,45,16,23,0.0001116352177357,0.0001116352177352,both,5.000069368960025e-16,True
ln_salario_real_adm,39,0,17,-23,1.982785182189566e-05,1.98278518213612e-05,both,5.344574609267294e-16,True
ln_salario_real_adm,39,1,17,-22,1.7849917207692556e-05,1.7849917207246e-05,both,4.465557697924671e-16,True
ln_salario_real_adm,39,2,17,-21,4.5638781297685795e-05,4.56387812971687e-05,both,5.170966736398053e-16,True
ln_salario_real_adm,39,3,17,-20,4.2533953510051746e-05,4.25339535095985e-05,both,4.532439419439871e-16,True
ln_salario_real_adm,39,4,17,-19,3.6745532670914486e-05,3.67455326705012e-05,both,4.132843156243182e-16,True
ln_salario_real_adm,39,5,17,-18,0.0001173588197826,0.000117358819782,both,5.999974822534782e-16,True
ln_salario_real_adm,39,6,17,-17,6.80965376994153e-05,6.80965376988736e-05,both,5.416945104280702e-16,True
ln_salario_real_adm,39,7,17,-16,-4.1093552527332707e-07,-4.10935525518529e-07,both,2.4520195630737185e-16,True
ln_salario_real_adm,39,8,17,-15,0.0001002397513591,0.0001002397513584,both,7.000015801381099e-16,True
ln_salario_real_adm,39,9,17,-14,4.2093542173550486e-05,4.20935421729905e-05,both,5.59983645825185e-16,True
ln_salario_real_adm,39,10,17,-13,2.6018735603169056e-05,2.60187356026444e-05,both,5.246555956611026e-16,True
ln_salario_real_adm,39,11,17,-12,5.926820165348687e-06,5.92682016490981e-06,both,4.3887656909265965e-16,True
ln_salario_real_adm,39,12,17,-11,3.3768503539852e-06,3.37685035332651e-06,both,6.586900892346231e-16,True
ln_salario_real_adm,39,13,17,-10,4.657334080107052e-05,4.6573340800531e-05,both,5.395193298195211e-16,True
ln_salario_real_adm,39,14,17,-9,4.844943163004273e-05,4.84494316293567e-05,both,6.86035700903781e-16,True
ln_salario_real_adm,39,15,17,-8,6.518642327998311e-05,6.51864232793703e-05,both,6.128046204159632e-16,True
ln_salario_real_adm,39,16,17,-7,7.358683925717307e-05,7.35868392565408e-05,both,6.32266049412078e-16,True
ln_salario_real_adm,39,17,17,-6,4.6751771129178626e-05,4.67517711285953e-05,both,5.833278738515135e-16,True
ln_salario_real_adm,39,18,17,-5,0.0001214475161102,0.0001214475161095,both,7.000015801381099e-16,True
ln_salario_real_adm,39,19,17,-4,2.1235280838012048e-05,2.12352808375392e-05,both,4.728476724752406e-16,True
ln_salario_real_adm,39,20,17,-3,6.960429372025728e-05,6.96042937197765e-05,both,4.807894533886969e-16,True
ln_salario_real_adm,39,21,17,-2,4.071138069539738e-05,4.07113806947752e-05,both,6.221829692079628e-16,True
ln_salario_real_adm,39,22,17,0,9.627784974827648e-05,9.6277849747591e-05,both,6.854732710268041e-16,True
ln_salario_real_adm,39,23,17,1,6.54801024910266e-05,6.54801024903717e-05,both,6.548987697627129e-16,True
ln_salario_real_adm,39,24,17,2,0.0001782825941653,0.0001782825941644,both,8.999962233802172e-16,True
ln_salario_real_adm,39,25,17,3,0.0001411865272045,0.0001411865272037,both,8.000056780227416e-16,True
ln_salario_real_adm,39,26,17,4,0.000155758579454,0.0001557585794532,both,8.000056780227416e-16,True
ln_salario_real_adm,39,27,17,5,0.000109421837203,0.0001094218372022,both,7.999921254955855e-16,True
ln_salario_real_adm,39,28,17,6,0.0001319301916606,0.0001319301916598,both,8.000056780227416e-16,True
ln_salario_real_adm,39,29,17,7,0.000169769425717,0.0001697694257161,both,8.999962233802172e-16,True
ln_salario_real_adm,39,30,17,8,0.0001101112631378,0.0001101112631369,both,9.000097759073733e-16,True
ln_salario_real_adm,39,31,17,9,0.000130288929244,0.0001302889292433,both,6.999880276109538e-16,True
ln_salario_real_adm,39,32,17,10,0.0001208378421351,0.0001208378421343,both,7.999921254955855e-16,True
ln_salario_real_adm,39,33,17,11,0.0001105625250966,0.0001105625250959,both,6.999880276109538e-16,True
ln_salario_real_adm,39,34,17,12,5.656905448473883e-05,5.65690544841411e-05,both,5.977274339548366e-16,True
ln_salario_real_adm,39,35,17,13,0.0001049881098074,0.0001049881098067,both,6.999880276109538e-16,True
ln_salario_real_adm,39,36,17,14,0.000168518337092,0.0001685183370912,both,8.000056780227416e-16,True
ln_salario_real_adm,39,37,17,15,0.0001652237549962,0.0001652237549954,both,8.000056780227416e-16,True
ln_salario_real_adm,39,38,17,16,0.0001242953084938,0.0001242953084931,both,6.999880276109538e-16,True
ln_salario_real_adm,39,39,17,17,0.0002717680220486,0.0002717680220478,both,8.000327830770537e-16,True
ln_salario_real_adm,39,40,17,18,0.0001199779781772,0.0001199779781764,both,8.000056780227416e-16,True
ln_salario_real_adm,39,41,17,19,0.0001155237531921,0.0001155237531914,both,7.000015801381099e-16,True
ln_salario_real_adm,39,42,17,20,0.0001513021525143,0.0001513021525135,both,8.000056780227416e-16,True
ln_salario_real_adm,39,43,17,21,0.0001363810734459,0.0001363810734452,both,7.000151326652659e-16,True
ln_salario_real_adm,39,44,17,22,0.0001299292248488,0.000129929224848,both,7.999785729684294e-16,True
ln_salario_real_adm,39,45,17,23,0.0001001013420194,0.0001001013420189,both,4.999933843688464e-16,True
ln_salario_real_adm,40,0,18,-23,8.353786323190312e-05,8.35378632313973e-05,both,5.05820971045956e-16,True
ln_salario_real_adm,40,1,18,-22,8.956422428908662e-05,8.9564224288666e-05,both,4.206297853429075e-16,True
ln_salario_real_adm,40,2,18,-21,0.0001138734013677,0.0001138734013672,both,4.999933843688464e-16,True
ln_salario_real_adm,40,3,18,-20,9.01349906822115e-05,9.01349906817804e-05,both,4.311058888345487e-16,True
ln_salario_real_adm,40,4,18,-19,0.0001284045574535,0.0001284045574532,both,3.000258461810512e-16,True
ln_salario_real_adm,40,5,18,-18,6.656378261405888e-05,6.65637826134033e-05,both,6.555763961205163e-16,True
ln_salario_real_adm,40,6,18,-17,8.054418644657714e-05,8.05441864460571e-05,both,5.200375720326722e-16,True
ln_salario_real_adm,40,7,18,-16,4.032983114570373e-05,4.0329831145482e-05,both,2.217261205368637e-16,True
ln_salario_real_adm,40,8,18,-15,0.0001516757732427,0.000151675773242,both,6.999880276109538e-16,True
ln_salario_real_adm,40,9,18,-14,8.941558402294284e-05,8.94155840224067e-05,both,5.361379742940819e-16,True
ln_salario_real_adm,40,10,18,-13,8.574847975269503e-05,8.57484797521871e-05,both,5.079351652823028e-16,True
ln_salario_real_adm,40,11,18,-12,0.0001433479091387,0.0001433479091383,both,3.999892864842147e-16,True
ln_salario_real_adm,40,12,18,-11,0.0001219946272161,0.0001219946272154,both,7.000015801381099e-16,True
ln_salario_real_adm,40,13,18,-10,5.062263487185712e-05,5.06226348713385e-05,both,5.18621332944863e-16,True
ln_salario_real_adm,40,14,18,-9,0.0001575980908473,0.0001575980908466,both,7.000151326652659e-16,True
ln_salario_real_adm,40,15,18,-8,9.384475218188448e-05,9.38447521812936e-05,both,5.908766314774438e-16,True
ln_salario_real_adm,40,16,18,-7,0.0001135210316815,0.0001135210316809,both,6.000110347806342e-16,True
ln_salario_real_adm,40,17,18,-6,0.0001012777131929,0.0001012777131924,both,5.000069368960025e-16,True
ln_salario_real_adm,40,18,18,-5,0.0001016144967968,0.000101614496796,both,7.999921254955855e-16,True
ln_salario_real_adm,40,19,18,-4,6.958478398571291e-05,6.95847839852633e-05,both,4.496186409297387e-16,True
ln_salario_real_adm,40,20,18,-3,5.8048664649788166e-05,5.80486646493254e-05,both,4.627645922711254e-16,True
ln_salario_real_adm,40,21,18,-2,0.0001241941821007,0.0001241941821001,both,5.999974822534782e-16,True
ln_salario_real_adm,40,22,18,0,5.167812533375753e-05,5.16781253331024e-05,both,6.551291627243661e-16,True
ln_salario_real_adm,40,23,18,1,6.405061125158549e-05,6.40506112509491e-05,both,6.363860176675229e-16,True
ln_salario_real_adm,40,24,18,2,0.0001864804291343,0.0001864804291334,both,8.999962233802172e-16,True
ln_salario_real_adm,40,25,18,3,0.0001478768268873,0.0001478768268866,both,6.999880276109538e-16,True
ln_salario_real_adm,40,26,18,4,0.0002167129750065,0.0002167129750056,both,8.999962233802172e-16,True
ln_salario_real_adm,40,27,18,5,0.000152140447819,0.0001521404478182,both,8.000056780227416e-16,True
ln_salario_real_adm,40,28,18,6,0.0002195860171355,0.0002195860171347,both,7.999785729684294e-16,True
ln_salario_real_adm,40,29,18,7,0.0001754589910556,0.0001754589910547,both,8.999962233802172e-16,True
ln_salario_real_adm,40,30,18,8,0.000189856318643,0.0001898563186422,both,8.000056780227416e-16,True
ln_salario_real_adm,40,31,18,9,0.0001271925753623,0.0001271925753616,both,6.999880276109538e-16,True
ln_salario_real_adm,40,32,18,10,0.0001641762107951,0.0001641762107943,both,8.000056780227416e-16,True
ln_salario_real_adm,40,33,18,11,0.0001362276057583,0.0001362276057576,both,6.999880276109538e-16,True
ln_salario_real_adm,40,34,18,12,0.0001397024716484,0.0001397024716478,both,5.999974822534782e-16,True
ln_salario_real_adm,40,35,18,13,0.0001236288650835,0.0001236288650828,both,7.000151326652659e-16,True
ln_salario_real_adm,40,36,18,14,0.0001539688069824,0.0001539688069816,both,8.000056780227416e-16,True
ln_salario_real_adm,40,37,18,15,0.0001913713894521,0.0001913713894512,both,9.000233284345294e-16,True
ln_salario_real_adm,40,38,18,16,0.0001930407743334,0.0001930407743327,both,7.000151326652659e-16,True
ln_salario_real_adm,40,39,18,17,0.0001199779781772,0.0001199779781764,both,8.000056780227416e-16,True
ln_salario_real_adm,40,40,18,18,0.0003147673039639,0.0003147673039632,both,6.999609225566417e-16,True
ln_salario_real_adm,40,41,18,19,0.0002045869132951,0.0002045869132944,both,7.000151326652659e-16,True
ln_salario_real_adm,40,42,18,20,0.0001540743104591,0.0001540743104583,both,8.000056780227416e-16,True
ln_salario_real_adm,40,43,18,21,0.0001846291053646,0.000184629105364,both,5.999974822534782e-16,True
ln_salario_real_adm,40,44,18,22,0.0001713765606772,0.0001713765606765,both,6.999880276109538e-16,True
ln_salario_real_adm,40,45,18,23,0.0001194452569142,0.0001194452569137,both,5.000069368960025e-16,True
ln_salario_real_adm,41,0,19,-23,5.3669789946775226e-05,5.36697899462786e-05,both,4.966255813705633e-16,True
ln_salario_real_adm,41,1,19,-22,1.545157462176228e-05,1.54515746213485e-05,both,4.1377898286551473e-16,True
ln_salario_real_adm,41,2,19,-21,9.323591515700996e-05,9.32359151565263e-05,both,4.836625891457835e-16,True
ln_salario_real_adm,41,3,19,-20,2.1321250495229748e-05,2.13212504948067e-05,both,4.230489114402658e-16,True
ln_salario_real_adm,41,4,19,-19,7.00991865943771e-05,7.0099186594003e-05,both,3.7409040708896724e-16,True
ln_salario_real_adm,41,5,19,-18,4.078990950032187e-05,4.07899094996747e-05,both,6.471670530201756e-16,True
ln_salario_real_adm,41,6,19,-17,1.1102584932509463e-05,1.11025849319958e-05,both,5.136628020716363e-16,True
ln_salario_real_adm,41,7,19,-16,-6.644064293547298e-05,-6.64406429356887e-05,both,2.1572912727030324e-16,True
ln_salario_real_adm,41,8,19,-15,8.760078235539163e-05,8.76007823547166e-05,both,6.750242725894751e-16,True
ln_salario_real_adm,41,9,19,-14,1.4535833414878715e-05,1.4535833414352e-05,both,5.267155797888251e-16,True
ln_salario_real_adm,41,10,19,-13,4.128221656157992e-05,4.12822165610867e-05,both,4.932238970543901e-16,True
ln_salario_real_adm,41,11,19,-12,7.368534223682026e-05,7.36853422364151e-05,both,4.05166351857833e-16,True
ln_salario_real_adm,41,12,19,-11,9.178528335756604e-05,9.17852833569419e-05,both,6.241345331184367e-16,True
ln_salario_real_adm,41,13,19,-10,3.4655270084420126e-05,3.46552700839101e-05,both,5.100290307279154e-16,True
ln_salario_real_adm,41,14,19,-9,6.489985294823601e-05,6.48998529475814e-05,both,6.546141666924354e-16,True
ln_salario_real_adm,41,15,19,-8,3.0253631962963263e-05,3.02536319623791e-05,both,5.841613542716118e-16,True
ln_salario_real_adm,41,16,19,-7,6.68096160991044e-05,6.68096160985202e-05,both,5.841952355895019e-16,True
ln_salario_real_adm,41,17,19,-6,7.733738679416276e-05,7.73373867936152e-05,both,5.475627546866479e-16,True
ln_salario_real_adm,41,18,19,-5,9.173882680229886e-05,9.17388268015524e-05,both,7.464596432291137e-16,True
ln_salario_real_adm,41,19,19,-4,4.051125625399625e-05,4.05112562535586e-05,both,4.3765175945092993e-16,True
ln_salario_real_adm,41,20,19,-3,1.2331781584528557e-06,1.23317815800131e-06,both,4.515456408847422e-16,True
ln_salario_real_adm,41,21,19,-2,0.0001083030499899,0.0001083030499893,both,6.000110347806342e-16,True
ln_salario_real_adm,41,22,19,0,4.939439200190771e-05,4.93943920012652e-05,both,6.42511759942066e-16,True
ln_salario_real_adm,41,23,19,1,2.628566667310782e-05,2.62856666724836e-05,both,6.242226245449511e-16,True
ln_salario_real_adm,41,24,19,2,0.0001631272750996,0.0001631272750988,both,8.000056780227416e-16,True
ln_salario_real_adm,41,25,19,3,0.0001044637689376,0.0001044637689369,both,7.000015801381099e-16,True
ln_salario_real_adm,41,26,19,4,0.0001874577232564,0.0001874577232556,both,8.000056780227416e-16,True
ln_salario_real_adm,41,27,19,5,0.0001195540255406,0.0001195540255398,both,8.000056780227416e-16,True
ln_salario_real_adm,41,28,19,6,0.0002062630418292,0.0002062630418285,both,7.000151326652659e-16,True
ln_salario_real_adm,41,29,19,7,0.0001441708866092,0.0001441708866083,both,8.999962233802172e-16,True
ln_salario_real_adm,41,30,19,8,0.0001854429449026,0.0001854429449018,both,8.000056780227416e-16,True
ln_salario_real_adm,41,31,19,9,6.810926602695736e-05,6.8109266026255e-05,both,7.023597198632658e-16,True
ln_salario_real_adm,41,32,19,10,0.0001817344081674,0.0001817344081666,both,7.999785729684294e-16,True
ln_salario_real_adm,41,33,19,11,7.972340892355091e-05,7.97234089228591e-05,both,6.918158537358443e-16,True
ln_salario_real_adm,41,34,19,12,0.0001056258175822,0.0001056258175816,both,5.999974822534782e-16,True
ln_salario_real_adm,41,35,19,13,9.739330053475352e-05,9.73933005341225e-05,both,6.3101921691371965e-16,True
ln_salario_real_adm,41,36,19,14,0.0001447988977306,0.0001447988977299,both,6.999880276109538e-16,True
ln_salario_real_adm,41,37,19,15,0.0001592964273836,0.0001592964273828,both,7.999785729684294e-16,True
ln_salario_real_adm,41,38,19,16,0.0001591796670624,0.0001591796670617,both,6.999880276109538e-16,True
ln_salario_real_adm,41,39,19,17,0.0001155237531921,0.0001155237531914,both,7.000015801381099e-16,True
ln_salario_real_adm,41,40,19,18,0.0002045869132951,0.0002045869132944,both,7.000151326652659e-16,True
ln_salario_real_adm,41,41,19,19,0.0002664730008594,0.0002664730008588,both,5.999974822534782e-16,True
ln_salario_real_adm,41,42,19,20,0.000166835465459,0.0001668354654582,both,8.000056780227416e-16,True
ln_salario_real_adm,41,43,19,21,0.0001457797528664,0.0001457797528657,both,6.999880276109538e-16,True
ln_salario_real_adm,41,44,19,22,0.0001760564966977,0.0001760564966971,both,5.999974822534782e-16,True
ln_salario_real_adm,41,45,19,23,4.836136585820392e-05,4.83613658576683e-05,both,5.356229782621513e-16,True
ln_salario_real_adm,42,0,20,-23,7.501546768113327e-05,7.50154676805448e-05,both,5.884642816436636e-16,True
ln_salario_real_adm,42,1,20,-22,0.0001033208857578,0.0001033208857573,both,4.999933843688464e-16,True
ln_salario_real_adm,42,2,20,-21,0.0001733761434233,0.0001733761434228,both,5.000069368960025e-16,True
ln_salario_real_adm,42,3,20,-20,4.139116099212664e-05,4.13911609916504e-05,both,4.762358042642578e-16,True
ln_salario_real_adm,42,4,20,-19,9.999804541672384e-05,9.99980454162821e-05,both,4.4173107012490664e-16,True
ln_salario_real_adm,42,5,20,-18,0.0001248088077657,0.000124808807765,both,6.999880276109538e-16,True
ln_salario_real_adm,42,6,20,-17,4.315748775497044e-05,4.31574877543741e-05,both,5.963382999213396e-16,True
ln_salario_real_adm,42,7,20,-16,-2.40802112292832e-05,-2.40802112295229e-05,both,2.3970015967759994e-16,True
ln_salario_real_adm,42,8,20,-15,0.0001445403668856,0.0001445403668848,both,8.000056780227416e-16,True
ln_salario_real_adm,42,9,20,-14,4.105592811689364e-05,4.10559281162849e-05,both,6.087388622691425e-16,True
ln_salario_real_adm,42,10,20,-13,6.589168448341203e-05,6.58916844828272e-05,both,5.848322043658372e-16,True
ln_salario_real_adm,42,11,20,-12,4.4323534213739e-05,4.43235342132728e-05,both,4.662001579051889e-16,True
ln_salario_real_adm,42,12,20,-11,0.0001448796361012,0.0001448796361005,both,6.999880276109538e-16,True
ln_salario_real_adm,42,13,20,-10,5.6456916388062854e-05,5.64569163874649e-05,both,5.979578269164898e-16,True
ln_salario_real_adm,42,14,20,-9,9.718220962883432e-05,9.71822096280902e-05,both,7.441150560311138e-16,True
ln_salario_real_adm,42,15,20,-8,3.683126072734624e-05,3.68312607266817e-05,both,6.645413928342558e-16,True
ln_salario_real_adm,42,16,20,-7,9.92727180458105e-05,9.9272718045119e-05,both,6.914905930840987e-16,True
ln_salario_real_adm,42,17,20,-6,0.0001078835588413,0.0001078835588406,both,7.000015801381099e-16,True
ln_salario_real_adm,42,18,20,-5,0.0002111075279144,0.0002111075279136,both,8.000056780227416e-16,True
ln_salario_real_adm,42,19,20,-4,4.714900661819666e-05,4.71490066176647e-05,both,5.319570196664347e-16,True
ln_salario_real_adm,42,20,20,-3,3.104909955006065e-06,3.10490995447241e-06,both,5.33654897209206e-16,True
ln_salario_real_adm,42,21,20,-2,0.0001414696109792,0.0001414696109785,both,7.000151326652659e-16,True
ln_salario_real_adm,42,22,20,0,0.0001312766432036,0.0001312766432028,both,8.000056780227416e-16,True
ln_salario_real_adm,42,23,20,1,0.0001036140767449,0.0001036140767442,both,7.000015801381099e-16,True
ln_salario_real_adm,42,24,20,2,0.000190763883468,0.000190763883467,both,9.999867687376929e-16,True
ln_salario_real_adm,42,25,20,3,0.0001370546849757,0.0001370546849749,both,8.000056780227416e-16,True
ln_salario_real_adm,42,26,20,4,0.000209415568779,0.000209415568778,both,1.000013873792005e-15,True
ln_salario_real_adm,42,27,20,5,0.0001520613618052,0.0001520613618044,both,8.000056780227416e-16,True
ln_salario_real_adm,42,28,20,6,0.0002029613906586,0.0002029613906577,both,8.999962233802172e-16,True
ln_salario_real_adm,42,29,20,7,0.0001703161404615,0.0001703161404606,both,8.999962233802172e-16,True
ln_salario_real_adm,42,30,20,8,0.0001541339670057,0.0001541339670047,both,9.999867687376929e-16,True
ln_salario_real_adm,42,31,20,9,0.0001088118773152,0.0001088118773144,both,8.000056780227416e-16,True
ln_salario_real_adm,42,32,20,10,0.0001450869198609,0.00014508691986,both,8.999962233802172e-16,True
ln_salario_real_adm,42,33,20,11,0.0001062655029872,0.0001062655029864,both,8.000056780227416e-16,True
ln_salario_real_adm,42,34,20,12,6.042979911308313e-05,6.04297991124345e-05,both,6.486307259530311e-16,True
ln_salario_real_adm,42,35,20,13,9.96824248276732e-05,9.96824248269407e-05,both,7.325005402583629e-16,True
ln_salario_real_adm,42,36,20,14,0.0001596108164153,0.0001596108164144,both,8.999962233802172e-16,True
ln_salario_real_adm,42,37,20,15,0.0001922978993405,0.0001922978993395,both,1.000013873792005e-15,True
ln_salario_real_adm,42,38,20,16,0.0001373265311074,0.0001373265311066,both,8.000056780227416e-16,True
ln_salario_real_adm,42,39,20,17,0.0001513021525143,0.0001513021525135,both,8.000056780227416e-16,True
ln_salario_real_adm,42,40,20,18,0.0001540743104591,0.0001540743104583,both,8.000056780227416e-16,True
ln_salario_real_adm,42,41,20,19,0.000166835465459,0.0001668354654582,both,8.000056780227416e-16,True
ln_salario_real_adm,42,42,20,20,0.0003106776113162,0.0003106776113152,both,1.000013873792005e-15,True
ln_salario_real_adm,42,43,20,21,0.0001947557818376,0.0001947557818368,both,8.000056780227416e-16,True
ln_salario_real_adm,42,44,20,22,0.0001639941481267,0.0001639941481259,both,8.000056780227416e-16,True
ln_salario_real_adm,42,45,20,23,8.836111892695818e-05,8.83611189263295e-05,both,6.286881822428758e-16,True
ln_salario_real_adm,43,0,21,-23,4.438028294119309e-05,4.43802829407122e-05,both,4.808910973423675e-16,True
ln_salario_real_adm,43,1,21,-22,8.392070430417884e-05,8.39207043038201e-05,both,3.5874894634829735e-16,True
ln_salario_real_adm,43,2,21,-21,0.0001370717031313,0.0001370717031309,both,4.0001639153852686e-16,True
ln_salario_real_adm,43,3,21,-20,0.0001413910821016,0.0001413910821013,both,2.999987411267391e-16,True
ln_salario_real_adm,43,4,21,-19,0.0001159971189464,0.0001159971189461,both,3.0001229365389515e-16,True
ln_salario_real_adm,43,5,21,-18,0.0001072994804177,0.0001072994804171,both,5.999974822534782e-16,True
ln_salario_real_adm,43,6,21,-17,5.8521388077204735e-05,5.85213880767216e-05,both,4.831340405866968e-16,True
ln_salario_real_adm,43,7,21,-16,6.329237316797623e-05,6.32923731678335e-05,both,1.4273521600771666e-16,True
ln_salario_real_adm,43,8,21,-15,0.0001249942390195,0.0001249942390189,both,5.999974822534782e-16,True
ln_salario_real_adm,43,9,21,-14,5.4971156983824424e-05,5.4971156983325e-05,both,4.994241782282915e-16,True
ln_salario_real_adm,43,10,21,-13,4.949515446838866e-05,4.9495154467917e-05,both,4.716618263490846e-16,True
ln_salario_real_adm,43,11,21,-12,0.0001381861352151,0.0001381861352148,both,2.999987411267391e-16,True
ln_salario_real_adm,43,12,21,-11,9.899620672879258e-05,9.89962067282048e-05,both,5.877866552858602e-16,True
ln_salario_real_adm,43,13,21,-10,5.32193313347761e-05,5.32193313342915e-05,both,4.846044897831303e-16,True
ln_salario_real_adm,43,14,21,-9,0.000118353386782,0.0001183533867814,both,6.000110347806342e-16,True
ln_salario_real_adm,43,15,21,-8,6.323470445180295e-05,6.32347044512523e-05,both,5.506527308782316e-16,True
ln_salario_real_adm,43,16,21,-7,9.663623961913592e-05,9.66362396185814e-05,both,5.545287536448673e-16,True
ln_salario_real_adm,43,17,21,-6,5.568832117581467e-05,5.5688321175293e-05,both,5.216706515549785e-16,True
ln_salario_real_adm,43,18,21,-5,0.0001485185377466,0.0001485185377459,both,7.000151326652659e-16,True
ln_salario_real_adm,43,19,21,-4,7.065339080161092e-05,7.06533908011866e-05,both,4.243296252565143e-16,True
ln_salario_real_adm,43,20,21,-3,-8.354959760612935e-06,-8.35495976104824e-06,both,4.353054781870355e-16,True
ln_salario_real_adm,43,21,21,-2,8.833584093184509e-05,8.83358409312896e-05,both,5.554909830729482e-16,True
ln_salario_real_adm,43,22,21,0,0.000111673691662,0.0001116736916613,both,7.000015801381099e-16,True
ln_salario_real_adm,43,23,21,1,7.272588306572489e-05,7.27258830651305e-05,both,5.943867360108657e-16,True
ln_salario_real_adm,43,24,21,2,0.0002013182088833,0.0002013182088825,both,8.000056780227416e-16,True
ln_salario_real_adm,43,25,21,3,0.0001205031305853,0.0001205031305846,both,7.000015801381099e-16,True
ln_salario_real_adm,43,26,21,4,0.0001651548851112,0.0001651548851105,both,7.000151326652659e-16,True
ln_salario_real_adm,43,27,21,5,0.0001636996667576,0.0001636996667569,both,7.000151326652659e-16,True
ln_salario_real_adm,43,28,21,6,0.0001540160254167,0.000154016025416,both,7.000151326652659e-16,True
ln_salario_real_adm,43,29,21,7,0.0001954592595664,0.0001954592595656,both,7.999785729684294e-16,True
ln_salario_real_adm,43,30,21,8,0.0001571684170106,0.0001571684170099,both,6.999880276109538e-16,True
ln_salario_real_adm,43,31,21,9,0.0001031781157512,0.0001031781157506,both,5.999974822534782e-16,True
ln_salario_real_adm,43,32,21,10,0.0001561257346192,0.0001561257346185,both,7.000151326652659e-16,True
ln_salario_real_adm,43,33,21,11,0.0001448190758464,0.0001448190758458,both,6.000245873077903e-16,True
ln_salario_real_adm,43,34,21,12,7.35914021323338e-05,7.35914021318178e-05,both,5.159989189401637e-16,True
ln_salario_real_adm,43,35,21,13,0.0001306506834888,0.0001306506834882,both,6.000245873077903e-16,True
ln_salario_real_adm,43,36,21,14,0.0001962297004548,0.0001962297004541,both,7.000151326652659e-16,True
ln_salario_real_adm,43,37,21,15,0.0002278693805128,0.000227869380512,both,7.999785729684294e-16,True
ln_salario_real_adm,43,38,21,16,0.0001346948608737,0.000134694860873,both,6.999880276109538e-16,True
ln_salario_real_adm,43,39,21,17,0.0001363810734459,0.0001363810734452,both,7.000151326652659e-16,True
ln_salario_real_adm,43,40,21,18,0.0001846291053646,0.000184629105364,both,5.999974822534782e-16,True
ln_salario_real_adm,43,41,21,19,0.0001457797528664,0.0001457797528657,both,6.999880276109538e-16,True
ln_salario_real_adm,43,42,21,20,0.0001947557818376,0.0001947557818368,both,8.000056780227416e-16,True
ln_salario_real_adm,43,43,21,21,0.0002926708164633,0.0002926708164627,both,5.999974822534782e-16,True
ln_salario_real_adm,43,44,21,22,0.0001699558988031,0.0001699558988024,both,6.999880276109538e-16,True
ln_salario_real_adm,43,45,21,23,0.0001238029048015,0.000123802904801,both,5.000069368960025e-16,True
ln_salario_real_adm,44,0,22,-23,3.30115265880839e-05,3.30115265875875e-05,both,4.964019646724882e-16,True
ln_salario_real_adm,44,1,22,-22,3.317315057136159e-05,3.31731505709918e-05,both,3.697874797169154e-16,True
ln_salario_real_adm,44,2,22,-21,6.214566500290833e-05,6.21456650024638e-05,both,4.445228907190568e-16,True
ln_salario_real_adm,44,3,22,-20,0.000104276127745,0.0001042761277447,both,2.999987411267391e-16,True
ln_salario_real_adm,44,4,22,-19,0.0001099178375422,0.0001099178375419,both,2.999987411267391e-16,True
ln_salario_real_adm,44,5,22,-18,0.0001082390035386,0.000108239003538,both,5.999974822534782e-16,True
ln_salario_real_adm,44,6,22,-17,2.785255513699646e-05,2.78525551364971e-05,both,4.993598037243002e-16,True
ln_salario_real_adm,44,7,22,-16,2.5991079477057672e-05,2.59910794769157e-05,both,1.419728863551878e-16,True
ln_salario_real_adm,44,8,22,-15,6.648673241251173e-05,6.64867324118507e-05,both,6.61024512037256e-16,True
ln_salario_real_adm,44,9,22,-14,6.737434480814899e-05,6.73743448076351e-05,both,5.13884724703817e-16,True
ln_salario_real_adm,44,10,22,-13,5.1518484368526953e-05,5.15184843680436e-05,both,4.833508810211939e-16,True
ln_salario_real_adm,44,11,22,-12,7.474316128097478e-05,7.47431612806194e-05,both,3.553743670864362e-16,True
ln_salario_real_adm,44,12,22,-11,0.0001037204343562,0.0001037204343556,both,5.999974822534782e-16,True
ln_salario_real_adm,44,13,22,-10,6.457086489509122e-05,6.45708648945963e-05,both,4.949111866853206e-16,True
ln_salario_real_adm,44,14,22,-9,8.697735017305196e-05,8.69773501724202e-05,both,6.317646059073034e-16,True
ln_salario_real_adm,44,15,22,-8,5.054275040316388e-05,5.0542750402596e-05,both,5.678779928935951e-16,True
ln_salario_real_adm,44,16,22,-7,8.555593971900518e-05,8.55559397184286e-05,both,5.765787153277913e-16,True
ln_salario_real_adm,44,17,22,-6,0.0001026700166682,0.0001026700166677,both,5.000069368960025e-16,True
ln_salario_real_adm,44,18,22,-5,0.0001031158454847,0.0001031158454839,both,7.999921254955855e-16,True
ln_salario_real_adm,44,19,22,-4,2.0409199099973108e-05,2.04091990995359e-05,both,4.372079141865687e-16,True
ln_salario_real_adm,44,20,22,-3,-4.680841012769516e-07,-4.68084101728473e-07,both,4.515213945666271e-16,True
ln_salario_real_adm,44,21,22,-2,0.0001053822484878,0.0001053822484872,both,5.999974822534782e-16,True
ln_salario_real_adm,44,22,22,0,9.858925306290882e-05,9.85892530622625e-05,both,6.463200200729213e-16,True
ln_salario_real_adm,44,23,22,1,8.359328639831692e-05,8.35932863977052e-05,both,6.117204182434777e-16,True
ln_salario_real_adm,44,24,22,2,0.000206501617728,0.0002065016177272,both,8.000056780227416e-16,True
ln_salario_real_adm,44,25,22,3,8.628986512425777e-05,8.62898651235543e-05,both,7.034710270900635e-16,True
ln_salario_real_adm,44,26,22,4,0.0001789974054289,0.0001789974054281,both,8.000056780227416e-16,True
ln_salario_real_adm,44,27,22,5,0.0001346562876026,0.0001346562876019,both,6.999880276109538e-16,True
ln_salario_real_adm,44,28,22,6,0.000187132821663,0.0001871328216623,both,6.999880276109538e-16,True
ln_salario_real_adm,44,29,22,7,0.000154026491259,0.0001540264912582,both,8.000056780227416e-16,True
ln_salario_real_adm,44,30,22,8,0.0001588059404124,0.0001588059404116,both,8.000056780227416e-16,True
ln_salario_real_adm,44,31,22,9,8.107659229771263e-05,8.10765922970251e-05,both,6.875332551545266e-16,True
ln_salario_real_adm,44,32,22,10,0.0001891346097666,0.0001891346097659,both,6.999880276109538e-16,True
ln_salario_real_adm,44,33,22,11,0.0001261639889258,0.0001261639889252,both,5.999974822534782e-16,True
ln_salario_real_adm,44,34,22,12,7.296822993468026e-05,7.29682299341279e-05,both,5.523603492998963e-16,True
ln_salario_real_adm,44,35,22,13,0.0001216046224601,0.0001216046224595,both,5.999974822534782e-16,True
ln_salario_real_adm,44,36,22,14,0.0001582826067167,0.0001582826067159,both,8.000056780227416e-16,True
ln_salario_real_adm,44,37,22,15,0.0001892397711925,0.0001892397711917,both,8.000056780227416e-16,True
ln_salario_real_adm,44,38,22,16,0.0001575121580019,0.0001575121580012,both,7.000151326652659e-16,True
ln_salario_real_adm,44,39,22,17,0.0001299292248488,0.000129929224848,both,7.999785729684294e-16,True
ln_salario_real_adm,44,40,22,18,0.0001713765606772,0.0001713765606765,both,6.999880276109538e-16,True
ln_salario_real_adm,44,41,22,19,0.0001760564966977,0.0001760564966971,both,5.999974822534782e-16,True
ln_salario_real_adm,44,42,22,20,0.0001639941481267,0.0001639941481259,both,8.000056780227416e-16,True
ln_salario_real_adm,44,43,22,21,0.0001699558988031,0.0001699558988024,both,6.999880276109538e-16,True
ln_salario_real_adm,44,44,22,22,0.0002399397739172,0.0002399397739165,both,6.999880276109538e-16,True
ln_salario_real_adm,44,45,22,23,8.994291108079552e-05,8.99429110802741e-05,both,5.214199298025912e-16,True
ln_salario_real_adm,45,0,23,-23,7.216618658263286e-05,7.21661865822848e-05,both,3.4805600242215906e-16,True
ln_salario_real_adm,45,1,23,-22,0.0001425281970933,0.0001425281970931,both,1.999810907149513e-16,True
ln_salario_real_adm,45,2,23,-21,6.417018220751237e-05,6.41701822072002e-05,both,3.1216891051288886e-16,True
ln_salario_real_adm,45,3,23,-20,0.0001032118479362,0.000103211847936,both,1.9999464324210736e-16,True
ln_salario_real_adm,45,4,23,-19,6.848874564947532e-05,6.84887456492679e-05,both,2.0742142812363307e-16,True
ln_salario_real_adm,45,5,23,-18,7.89705461220734e-05,7.89705461215855e-05,both,4.87890977618477e-16,True
ln_salario_real_adm,45,6,23,-17,9.59754673729334e-05,9.59754673725795e-05,both,3.539106941535808e-16,True
ln_salario_real_adm,45,7,23,-16,0.0001426516919942,0.0001426516919942,both,0.0,True
ln_salario_real_adm,45,8,23,-15,7.087969383528915e-05,7.08796938347683e-05,both,5.208507236620363e-16,True
ln_salario_real_adm,45,9,23,-14,9.06626411488298e-05,9.06626411484527e-05,both,3.770990681176145e-16,True
ln_salario_real_adm,45,10,23,-13,6.501566244223635e-05,6.50156624418879e-05,both,3.4844902570968506e-16,True
ln_salario_real_adm,45,11,23,-12,5.531531673911182e-05,5.53153167388851e-05,both,2.2672022679387505e-16,True
ln_salario_real_adm,45,12,23,-11,7.8018341994983e-05,7.80183419945192e-05,both,4.638081368621427e-16,True
ln_salario_real_adm,45,13,23,-10,3.949517968657591e-05,3.94951796862168e-05,both,3.5910808831793317e-16,True
ln_salario_real_adm,45,14,23,-9,8.274548644209789e-05,8.27454864416083e-05,both,4.895850435129856e-16,True
ln_salario_real_adm,45,15,23,-8,0.0001013929758943,0.0001013929758939,both,4.000028390113708e-16,True
ln_salario_real_adm,45,16,23,-7,8.578326731990756e-05,8.57832673194554e-05,both,4.521529635079236e-16,True
ln_salario_real_adm,45,17,23,-6,7.745707718056764e-05,7.7457077180177e-05,both,3.9063804274652725e-16,True
ln_salario_real_adm,45,18,23,-5,8.435643036583547e-05,8.4356430365251e-05,both,5.844798386597794e-16,True
ln_salario_real_adm,45,19,23,-4,3.9794593231876626e-05,3.97945932315747e-05,both,3.0192319998290085e-16,True
ln_salario_real_adm,45,20,23,-3,7.240732311594645e-05,7.24073231156404e-05,both,3.0604316823834576e-16,True
ln_salario_real_adm,45,21,23,-2,5.862140674871724e-05,5.86214067482853e-05,both,4.3193936925464693e-16,True
ln_salario_real_adm,45,22,23,0,4.404328435739269e-05,4.40432843568954e-05,both,4.972896552012107e-16,True
ln_salario_real_adm,45,23,23,1,0.000103601813785,0.0001036018137846,both,4.000028390113708e-16,True
ln_salario_real_adm,45,24,23,2,0.0001314939752867,0.0001314939752861,both,5.999974822534782e-16,True
ln_salario_real_adm,45,25,23,3,0.0001234515491199,0.0001234515491193,both,5.999974822534782e-16,True
ln_salario_real_adm,45,26,23,4,0.0001144414237849,0.0001144414237843,both,6.000110347806342e-16,True
ln_salario_real_adm,45,27,23,5,9.81809681360945e-05,9.81809681355113e-05,both,5.831923485799528e-16,True
ln_salario_real_adm,45,28,23,6,0.0001025449081267,0.0001025449081261,both,6.000110347806342e-16,True
ln_salario_real_adm,45,29,23,7,0.0001100801689658,0.0001100801689652,both,5.999974822534782e-16,True
ln_salario_real_adm,45,30,23,8,0.0001090124830462,0.0001090124830456,both,5.999974822534782e-16,True
ln_salario_real_adm,45,31,23,9,0.000115362073209,0.0001153620732085,both,5.000069368960025e-16,True
ln_salario_real_adm,45,32,23,10,8.153738572459525e-05,8.15373857239735e-05,both,6.217492883389686e-16,True
ln_salario_real_adm,45,33,23,11,0.0001185397324897,0.0001185397324892,both,4.999933843688464e-16,True
ln_salario_real_adm,45,34,23,12,9.84049619337653e-05,9.84049619333675e-05,both,3.977937770849316e-16,True
ln_salario_real_adm,45,35,23,13,0.0001089855616009,0.0001089855616004,both,4.999933843688464e-16,True
ln_salario_real_adm,45,36,23,14,9.635304589324984e-05,9.63530458926326e-05,both,6.172498493231537e-16,True
ln_salario_real_adm,45,37,23,15,0.0001539565237685,0.0001539565237678,both,6.999880276109538e-16,True
ln_salario_real_adm,45,38,23,16,0.0001116352177357,0.0001116352177352,both,5.000069368960025e-16,True
ln_salario_real_adm,45,39,23,17,0.0001001013420194,0.0001001013420189,both,4.999933843688464e-16,True
ln_salario_real_adm,45,40,23,18,0.0001194452569142,0.0001194452569137,both,5.000069368960025e-16,True
ln_salario_real_adm,45,41,23,19,4.836136585820277e-05,4.83613658576683e-05,both,5.344710134538855e-16,True
ln_salario_real_adm,45,42,23,20,8.836111892695452e-05,8.83611189263295e-05,both,6.250289999107372e-16,True
ln_salario_real_adm,45,43,23,21,0.0001238029048015,0.000123802904801,both,5.000069368960025e-16,True
ln_salario_real_adm,45,44,23,22,8.994291108079243e-05,8.99429110802741e-05,both,5.183299536110075e-16,True
ln_salario_real_adm,45,45,23,23,0.0001910092411146,0.0001910092411142,both,4.0001639153852686e-16,True
