analysis_family,model_id,outcome,estimator,joint_lead_count,joint_lead_statistic,joint_lead_p_value,lead_covariance_positive_semidefinite,lead_covariance_min_eigenvalue,lead_covariance_dimension,lead_covariance_rank,lead_covariance_full_rank,lead_covariance_condition_number,lead_covariance_rank_tolerance,lead_covariance_psd_tolerance,linear_pretrend_coefficient,linear_pretrend_standard_error,linear_pretrend_p_value,dynamic_pre_p_lt_005,dynamic_min_p_value,pretrend_status,n_obs,minimum_clusters,sample_id,status,reference_event_time,independent_engine_status,independent_engine_pretrend_status
ddd_pretrend,ddd_pretrend::A::age_canaries::age_22_25::admissoes,admissoes,ppml,22,105.625694913912,6.61045340868525e-13,TRUE,9.49447601535581e-06,22,22,TRUE,1368.48862579266,6.34709648322271e-17,-1e-08,0.00171927102597611,0.000611940841730945,0.00524831853829052,3,0.00953635376609187,fail,31861,341,family_A:age_canaries:age_22_25,estimated,-1,estimated,fail
ddd_pretrend,ddd_pretrend::A::age_canaries::age_22_25::asinh_saldo,asinh_saldo,ols,22,73.5337616799407,1.81767000250666e-07,TRUE,0.070751296411904,22,22,TRUE,94.8664781947265,3.27876346079642e-14,-1e-08,0.0262410441069865,0.0193276057365817,0.175460052729887,3,0.00249003599869817,fail,31870,341,family_A:age_canaries:age_22_25,estimated,-1,estimated,fail
ddd_pretrend,ddd_pretrend::A::age_canaries::age_22_25::desligamentos,desligamentos,ppml,22,48.6621607173128,0.000886470422542021,TRUE,1.12402885388749e-05,22,22,TRUE,633.828547142215,3.48026377914747e-17,-1e-08,0.00150487283296291,0.000501753695033973,0.00290626142069626,0,0.0924797956887648,fail,31861,341,family_A:age_canaries:age_22_25,estimated,-1,estimated,fail
ddd_pretrend,ddd_pretrend::A::age_canaries::age_22_25::ln_salario_real_adm,ln_salario_real_adm,ols,22,32.413188774414,0.0706194196590163,TRUE,6.4859691063582e-05,22,22,TRUE,108.820313400164,3.44784516467663e-17,-1e-08,0.000596093716822656,0.000551868037204156,0.280846264199889,4,0.00430802804759527,fail,31453,341,family_A:age_canaries:age_22_25,estimated,-1,estimated,fail
ddd_pretrend,ddd_pretrend::A::age_canaries::age_22_25::n_movimentacoes,n_movimentacoes,ppml,22,79.5972209844883,1.88705711553522e-08,TRUE,6.41167645267105e-06,22,22,TRUE,1260.9778726795,3.94949866009776e-17,-1e-08,0.000900208711420741,0.000442454845173737,0.0426689677199504,0,0.0707439275785589,fail,31861,341,family_A:age_canaries:age_22_25,estimated,-1,estimated,fail
ddd_pretrend,ddd_pretrend::A::age_canaries::age_26_30::admissoes,admissoes,ppml,22,50.0236356716896,0.000582163554832232,TRUE,8.69636903506965e-06,22,22,TRUE,579.120429051657,2.46019625270008e-17,-1e-08,0.000475921118589444,0.000375387554495325,0.205732364850138,1,0.0464371777236562,fail,31870,341,family_A:age_canaries:age_26_30,estimated,-1,estimated,fail
ddd_pretrend,ddd_pretrend::A::age_canaries::age_26_30::asinh_saldo,asinh_saldo,ols,22,15.5626962508874,0.836980713478117,TRUE,0.0539432102302377,22,22,TRUE,83.2566932570235,2.19391022601462e-14,-1e-08,-0.0218358854321259,0.0153206318579577,0.154999367984858,3,0.0256225707129675,fail,31870,341,family_A:age_canaries:age_26_30,estimated,-1,estimated,fail
ddd_pretrend,ddd_pretrend::A::age_canaries::age_26_30::desligamentos,desligamentos,ppml,22,67.4245250982897,1.67102904210966e-06,TRUE,9.55943423113638e-06,22,22,TRUE,234.62822193035,1.09565883563381e-17,-1e-08,0.000723074432350201,0.000401360357767297,0.0725005809716311,1,0.0431099530831511,fail,31870,341,family_A:age_canaries:age_26_30,estimated,-1,estimated,fail
ddd_pretrend,ddd_pretrend::A::age_canaries::age_26_30::ln_salario_real_adm,ln_salario_real_adm,ols,22,29.3954848729164,0.133912223564092,TRUE,6.37885525367584e-05,22,22,TRUE,141.580481030167,4.41173113490547e-17,-1e-08,0.000153388341008456,0.000392181678715546,0.695956827012459,3,0.0267900664853665,fail,31597,341,family_A:age_canaries:age_26_30,estimated,-1,estimated,fail
ddd_pretrend,ddd_pretrend::A::age_canaries::age_26_30::n_movimentacoes,n_movimentacoes,ppml,22,98.3569573260006,1.2477176865161e-11,TRUE,4.33055605108845e-06,22,22,TRUE,534.921289978135,1.131609158417e-17,-1e-08,0.00130267006419013,0.000352110946834411,0.000251747903087682,0,0.0562665328730318,fail,31870,341,family_A:age_canaries:age_26_30,estimated,-1,estimated,fail
ddd_pretrend,ddd_pretrend::A::age_canaries::age_31_34::admissoes,admissoes,ppml,22,68.616370673242,1.08998181663635e-06,TRUE,8.79393256054274e-06,22,22,TRUE,351.80756830552,1.51130185386883e-17,-1e-08,0.00166679881406893,0.00039432850485038,3.04771765756959e-05,1,0.041012047373043,fail,31870,341,family_A:age_canaries:age_31_34,estimated,-1,estimated,fail
ddd_pretrend,ddd_pretrend::A::age_canaries::age_31_34::asinh_saldo,asinh_saldo,ols,22,41.6780599268652,0.00683623527127402,TRUE,0.0621207851134457,22,22,TRUE,71.2427972375588,2.16192590402406e-14,-1e-08,-0.0542027771431546,0.0137568249260199,9.88833569088792e-05,19,5.39794427050263e-05,fail,31870,341,family_A:age_canaries:age_31_34,estimated,-1,estimated,fail
ddd_pretrend,ddd_pretrend::A::age_canaries::age_31_34::desligamentos,desligamentos,ppml,22,40.3635481420747,0.00980122271344994,TRUE,1.06516234588011e-05,22,22,TRUE,230.442317347276,1.19906008353094e-17,-1e-08,-0.000285984186726434,0.000252193615583063,0.257599064007182,1,0.0156180482133943,fail,31870,341,family_A:age_canaries:age_31_34,estimated,-1,estimated,fail
ddd_pretrend,ddd_pretrend::A::age_canaries::age_31_34::ln_salario_real_adm,ln_salario_real_adm,ols,22,21.2776623210852,0.503639369359903,TRUE,7.24824137335926e-05,22,22,TRUE,124.316306348342,4.40173255428437e-17,-1e-08,0.00115384250901525,0.000487762037755639,0.0185622339678224,2,0.0347612851297981,fail,31460,341,family_A:age_canaries:age_31_34,estimated,-1,estimated,fail
ddd_pretrend,ddd_pretrend::A::age_canaries::age_31_34::n_movimentacoes,n_movimentacoes,ppml,22,50.997277697492,0.000429262974867774,TRUE,4.42404915259409e-06,22,22,TRUE,523.54472027735,1.13145330158245e-17,-1e-08,0.000650079785914639,0.000283563471067849,0.0224849382999736,2,0.0428744885639568,fail,31870,341,family_A:age_canaries:age_31_34,estimated,-1,estimated,fail
ddd_pretrend,ddd_pretrend::A::age_canaries::age_35_40::admissoes,admissoes,ppml,22,84.6908940965068,2.69815008144772e-09,TRUE,8.2335902032611e-06,22,22,TRUE,397.098589332308,1.59716762497411e-17,-1e-08,0.000312183366927779,0.000502852761263678,0.535130977156703,0,0.068892238815198,fail,31861,341,family_A:age_canaries:age_35_40,estimated,-1,estimated,fail
ddd_pretrend,ddd_pretrend::A::age_canaries::age_35_40::asinh_saldo,asinh_saldo,ols,22,40.6615128277674,0.00903936394244907,TRUE,0.0576269026875249,22,22,TRUE,79.7026461739861,2.24368004109507e-14,-1e-08,-0.03233575864649,0.0157766972643471,0.041171305739775,6,0.000101692637653184,fail,31870,341,family_A:age_canaries:age_35_40,estimated,-1,estimated,fail
ddd_pretrend,ddd_pretrend::A::age_canaries::age_35_40::desligamentos,desligamentos,ppml,22,62.0579598720863,1.10287805830711e-05,TRUE,9.38310722954195e-06,22,22,TRUE,230.087752933311,1.05463720591076e-17,-1e-08,0.00126263315187534,0.000339603330695135,0.00023480466411934,0,0.0567282028487217,fail,31861,341,family_A:age_canaries:age_35_40,estimated,-1,estimated,fail
ddd_pretrend,ddd_pretrend::A::age_canaries::age_35_40::ln_salario_real_adm,ln_salario_real_adm,ols,22,30.2891412231128,0.111604415047149,TRUE,4.80390008630166e-05,22,22,TRUE,224.393570694827,5.26583542543451e-17,-1e-08,-0.00102544829107127,0.00052892477948303,0.0533601128061391,1,0.00307542529874803,warning,31561,341,family_A:age_canaries:age_35_40,estimated,-1,estimated,warning
ddd_pretrend,ddd_pretrend::A::age_canaries::age_35_40::n_movimentacoes,n_movimentacoes,ppml,22,111.439638637771,6.10179818070453e-14,TRUE,4.79426117498441e-06,22,22,TRUE,436.719536280472,1.02279174856671e-17,-1e-08,0.000758366307815662,0.000395587778393507,0.0560678855494875,0,0.0851359321271225,fail,31861,341,family_A:age_canaries:age_35_40,estimated,-1,estimated,fail
ddd_pretrend,ddd_pretrend::A::age_canaries::age_41_49::admissoes,admissoes,ppml,22,59.7223462113258,2.45635272732842e-05,TRUE,1.03071330734997e-05,22,22,TRUE,836.862431457818,4.21361509673674e-17,-1e-08,0.000359098263811623,0.000585935208733217,0.540376352296435,3,0.005987240060008,fail,31870,341,family_A:age_canaries:age_41_49,estimated,-1,estimated,fail
ddd_pretrend,ddd_pretrend::A::age_canaries::age_41_49::asinh_saldo,asinh_saldo,ols,22,49.1168020386209,0.000770905765934315,TRUE,0.0559238001262752,22,22,TRUE,89.2144634940809,2.43722065076277e-14,-1e-08,-0.0417561174036149,0.0161897432001268,0.0103234072906961,8,0.000699797552692384,fail,31870,341,family_A:age_canaries:age_41_49,estimated,-1,estimated,fail
ddd_pretrend,ddd_pretrend::A::age_canaries::age_41_49::desligamentos,desligamentos,ppml,22,78.2063884453252,3.1888780951397e-08,TRUE,1.06900837487067e-05,22,22,TRUE,382.859727777199,1.99932639747931e-17,-1e-08,0.00171961619078644,0.000383831129762523,1.02032580920583e-05,10,2.44113661709785e-05,fail,31870,341,family_A:age_canaries:age_41_49,estimated,-1,estimated,fail
ddd_pretrend,ddd_pretrend::A::age_canaries::age_41_49::ln_salario_real_adm,ln_salario_real_adm,ols,22,32.8306191178531,0.0642965241742994,TRUE,8.93326189587026e-05,22,22,TRUE,98.123147686898,4.28197812304471e-17,-1e-08,0.000573163684940786,0.000500894768541068,0.253312616111079,0,0.154024149472237,warning,31536,341,family_A:age_canaries:age_41_49,estimated,-1,estimated,warning
ddd_pretrend,ddd_pretrend::A::age_canaries::age_41_49::n_movimentacoes,n_movimentacoes,ppml,22,106.85164795525,4.00897944821985e-13,TRUE,6.34739425153526e-06,22,22,TRUE,815.666376919388,2.52912876385364e-17,-1e-08,0.000553505405125253,0.000427545590625915,0.196332826956955,6,0.000291455140154284,fail,31870,341,family_A:age_canaries:age_41_49,estimated,-1,estimated,fail
ddd_pretrend,ddd_pretrend::A::age_canaries::age_50_plus::admissoes,admissoes,ppml,22,90.7658376432912,2.53791203176112e-10,TRUE,2.10914350703815e-05,22,22,TRUE,1349.33608984068,1.3902380571061e-16,-1e-08,-0.00458783553764765,0.00122728503272756,0.000217382106654782,4,6.81157642802139e-05,fail,31870,341,family_A:age_canaries:age_50_plus,estimated,-1,estimated,fail
ddd_pretrend,ddd_pretrend::A::age_canaries::age_50_plus::asinh_saldo,asinh_saldo,ols,22,53.9881843669422,0.000165119695694459,TRUE,0.0651148166330122,22,22,TRUE,107.960194429436,3.4340481970622e-14,-1e-08,0.021822180921212,0.0191407270298827,0.255050660210233,14,0.000181717626365918,fail,31870,341,family_A:age_canaries:age_50_plus,estimated,-1,estimated,fail
ddd_pretrend,ddd_pretrend::A::age_canaries::age_50_plus::desligamentos,desligamentos,ppml,22,131.068823213903,1.63777724225829e-17,TRUE,2.6674355832271e-05,22,22,TRUE,569.398638030823,7.41947661947198e-17,-1e-08,-0.00444184683536745,0.000722043155644388,2.15284406521949e-09,4,0.000269848762694217,fail,31870,341,family_A:age_canaries:age_50_plus,estimated,-1,estimated,fail
ddd_pretrend,ddd_pretrend::A::age_canaries::age_50_plus::ln_salario_real_adm,ln_salario_real_adm,ols,22,32.5518952998571,0.0684615800021175,TRUE,0.00015450231669047,22,22,TRUE,128.620705409606,9.70753107061788e-17,-1e-08,0.000700661546901564,0.000755604347200893,0.354435687481316,2,0.0144859837119866,fail,31210,341,family_A:age_canaries:age_50_plus,estimated,-1,estimated,fail
ddd_pretrend,ddd_pretrend::A::age_canaries::age_50_plus::n_movimentacoes,n_movimentacoes,ppml,22,135.095409478124,2.94490125043705e-18,TRUE,1.16113857125378e-05,22,22,TRUE,1002.57749952312,5.68676015568404e-17,-1e-08,-0.00268943023762496,0.000841463756453445,0.00152342870825367,3,0.00264847365655834,fail,31870,341,family_A:age_canaries:age_50_plus,estimated,-1,estimated,fail
ddd_pretrend,ddd_pretrend::A::education::fundamental_or_less::admissoes,admissoes,ppml,22,71.6194663577398,3.66953302096375e-07,TRUE,2.98609297271691e-05,22,22,TRUE,1178.16023134496,1.71858331401835e-16,-1e-08,-0.00163707875918265,0.00117261209321497,0.163596532456995,2,0.0114277142571942,fail,31814,341,family_A:education:fundamental_or_less,estimated,-1,estimated,fail
ddd_pretrend,ddd_pretrend::A::education::fundamental_or_less::asinh_saldo,asinh_saldo,ols,22,34.1955589774291,0.0469201745638683,TRUE,0.0616285991134187,22,22,TRUE,124.105326074557,3.7362473680859e-14,-1e-08,0.0315382376143094,0.0192726710547968,0.102676408691206,2,0.00739508156263521,fail,31870,341,family_A:education:fundamental_or_less,estimated,-1,estimated,fail
ddd_pretrend,ddd_pretrend::A::education::fundamental_or_less::desligamentos,desligamentos,ppml,22,140.029600511536,3.55521190702229e-19,TRUE,1.45114205590208e-05,22,22,TRUE,2030.42042922094,1.43932480316779e-16,-1e-08,-0.0024597551887476,0.0010720203813627,0.0223704948477341,0,0.108188711379243,fail,31870,341,family_A:education:fundamental_or_less,estimated,-1,estimated,fail
ddd_pretrend,ddd_pretrend::A::education::fundamental_or_less::ln_salario_real_adm,ln_salario_real_adm,ols,22,29.1216112448846,0.141421361325041,TRUE,0.000253028512174787,22,22,TRUE,178.719817000121,2.20904762619423e-16,-1e-08,0.00360031722752987,0.00112808589977503,0.00154719985882782,0,0.200724617105847,fail,30543,341,family_A:education:fundamental_or_less,estimated,-1,estimated,fail
ddd_pretrend,ddd_pretrend::A::education::fundamental_or_less::n_movimentacoes,n_movimentacoes,ppml,22,130.692710011892,1.92159806402349e-17,TRUE,1.20446046178677e-05,22,22,TRUE,1653.88332791794,9.73106388612672e-17,-1e-08,-0.00525405012169094,0.00116758093647041,9.34590942114064e-06,2,0.0196517336666247,fail,31870,341,family_A:education:fundamental_or_less,estimated,-1,estimated,fail
ddd_pretrend,ddd_pretrend::A::education::high_school::admissoes,admissoes,ppml,22,74.7132806898966,1.1753393331812e-07,TRUE,1.842533321675e-05,22,22,TRUE,4967.95646718636,4.47152886476393e-16,-1e-08,-0.00142811651877893,0.000839711805862591,0.089909529295025,0,0.0812653531484253,fail,31861,341,family_A:education:high_school,estimated,-1,estimated,fail
ddd_pretrend,ddd_pretrend::A::education::high_school::asinh_saldo,asinh_saldo,ols,22,35.3847163929861,0.0353038439909185,TRUE,0.0733648755356807,22,22,TRUE,95.9119941208375,3.43735203063727e-14,-1e-08,0.00713563347228566,0.0177860624283556,0.688530479590044,8,0.00360823530561357,fail,31870,341,family_A:education:high_school,estimated,-1,estimated,fail
ddd_pretrend,ddd_pretrend::A::education::high_school::desligamentos,desligamentos,ppml,22,207.4251603247,3.98382850398983e-32,TRUE,1.26082828705526e-05,22,22,TRUE,1067.56384443923,6.57525661756731e-17,-1e-08,0.0016925107290223,0.000922631933968101,0.0674627366562332,13,2.13053380026766e-05,fail,31870,341,family_A:education:high_school,estimated,-1,estimated,fail
ddd_pretrend,ddd_pretrend::A::education::high_school::ln_salario_real_adm,ln_salario_real_adm,ols,22,37.5559817359702,0.0205373850378888,TRUE,7.89283564718303e-05,22,22,TRUE,186.877229838961,7.20530474152766e-17,-1e-08,-0.000143635504395509,0.00059106494197316,0.808143125051933,1,0.0253440644015861,fail,31595,341,family_A:education:high_school,estimated,-1,estimated,fail
ddd_pretrend,ddd_pretrend::A::education::high_school::n_movimentacoes,n_movimentacoes,ppml,22,159.607608707256,7.23440563599505e-23,TRUE,1.00178402287582e-05,22,22,TRUE,3679.78308192096,1.8007740583264e-16,-1e-08,7.23581200489107e-06,0.000788772355718706,0.992686079891719,6,0.00587268800802596,fail,31870,341,family_A:education:high_school,estimated,-1,estimated,fail
ddd_pretrend,ddd_pretrend::A::education::higher_education::admissoes,admissoes,ppml,22,96.5570855430308,2.56267626251826e-11,TRUE,4.57420419036034e-05,22,22,TRUE,5068.45790548131,1.13254195039532e-15,-1e-08,-0.00421306786537456,0.00133957588136445,0.00180688293546869,4,0.0439287287067023,fail,31861,341,family_A:education:higher_education,estimated,-1,estimated,fail
ddd_pretrend,ddd_pretrend::A::education::higher_education::asinh_saldo,asinh_saldo,ols,22,107.387999334202,3.21987103588809e-13,TRUE,0.0698529911471133,22,22,TRUE,100.375610978447,3.42512255516511e-14,-1e-08,-0.0526819989864905,0.0196249868056869,0.00762106050334658,21,6.58537617072791e-10,fail,31870,341,family_A:education:higher_education,estimated,-1,estimated,fail
ddd_pretrend,ddd_pretrend::A::education::higher_education::desligamentos,desligamentos,ppml,22,90.108861209427,3.28416900611761e-10,TRUE,3.07492506724814e-05,22,22,TRUE,2548.60709433562,3.82825035007212e-16,-1e-08,-2.77976460970835e-05,0.00119873295596519,0.981512964802193,6,0.00148103247216927,fail,31870,341,family_A:education:higher_education,estimated,-1,estimated,fail
ddd_pretrend,ddd_pretrend::A::education::higher_education::ln_salario_real_adm,ln_salario_real_adm,ols,22,30.1063890374938,0.115901429810475,TRUE,0.000106264857189055,22,22,TRUE,137.86411580909,7.1565516338548e-17,-1e-08,0.00077572990860114,0.000778806599780836,0.319934446126808,1,0.0356364452115973,warning,30703,341,family_A:education:higher_education,estimated,-1,estimated,warning
ddd_pretrend,ddd_pretrend::A::education::higher_education::n_movimentacoes,n_movimentacoes,ppml,22,112.935513860602,3.29113552785171e-14,TRUE,2.02312414973414e-05,22,22,TRUE,6072.2218757219,6.00113052195963e-16,-1e-08,-0.00297821741653421,0.00108897713172542,0.00656746497361896,1,0.0369711176697117,fail,31870,341,family_A:education:higher_education,estimated,-1,estimated,fail
ddd_pretrend,ddd_pretrend::A::income::high_income::admissoes,admissoes,ppml,22,1016.96696874051,4.78677211988214e-201,TRUE,1.39371700377123e-05,22,22,TRUE,15750.4645695924,1.07233596743414e-15,-1e-08,-0.00398788472512256,0.00113119043351312,0.000480796507347659,6,0.00495828476250382,fail,15935,341,family_A:income:high_income,estimated,-1,estimated,fail
ddd_pretrend,ddd_pretrend::A::income::high_income::asinh_saldo,asinh_saldo,ols,22,283.232263063056,3.01867757026942e-47,TRUE,0.0580754100523894,22,22,TRUE,1846.93072592207,5.23969246528235e-13,-1.6254349359064e-07,0.102884084810652,0.0261306234722602,9.99788235871714e-05,6,0.0178654351649471,fail,15935,341,family_A:income:high_income,estimated,-1,estimated,fail
ddd_pretrend,ddd_pretrend::A::income::high_income::desligamentos,desligamentos,ppml,22,660.088807859358,2.00824780308192e-125,TRUE,1.09042255932208e-05,22,22,TRUE,10604.4489821268,5.64866528628171e-16,-1e-08,0.00913156804604378,0.00102813041544892,3.87634342570366e-17,1,0.0476145399507062,fail,15935,341,family_A:income:high_income,estimated,-1,estimated,fail
ddd_pretrend,ddd_pretrend::A::income::high_income::ln_salario_real_adm,ln_salario_real_adm,ols,22,97.8760857455697,1.51274104225137e-11,TRUE,4.62966905604141e-05,22,22,TRUE,1289.37658302787,2.91603432726327e-16,-1e-08,0.000383164528752079,0.000682514312879622,0.574893727308621,1,0.0198537630804937,fail,15907,341,family_A:income:high_income,estimated,-1,estimated,fail
ddd_pretrend,ddd_pretrend::A::income::high_income::n_movimentacoes,n_movimentacoes,ppml,22,903.317457673264,7.00081880294913e-177,TRUE,9.39245668444584e-06,22,22,TRUE,11586.3793511565,5.31605971704545e-16,-1e-08,-0.00538329973804819,0.00114695783217193,3.89892012887829e-06,4,0.00122456770378386,fail,15935,341,family_A:income:high_income,estimated,-1,estimated,fail
ddd_pretrend,ddd_pretrend::A::income::low_income::admissoes,admissoes,ppml,22,90.2172666729463,3.1475169524925e-10,TRUE,5.62779741550195e-05,22,22,TRUE,3146.09575402334,8.64914740217537e-16,-1e-08,0.00269889753586146,0.00192671656228676,0.162193183482319,9,0.000837968227537885,fail,15935,341,family_A:income:low_income,estimated,-1,estimated,fail
ddd_pretrend,ddd_pretrend::A::income::low_income::asinh_saldo,asinh_saldo,ols,22,28.7775377573233,0.151322507244242,TRUE,0.199805839891992,22,22,TRUE,163.562695768175,1.5964500824974e-13,-2.88397559801587e-08,0.0783458288862482,0.0401426245829263,0.0517961407871397,14,0.00330250878158321,fail,15935,341,family_A:income:low_income,estimated,-1,estimated,fail
ddd_pretrend,ddd_pretrend::A::income::low_income::desligamentos,desligamentos,ppml,22,48.6252300560621,0.000896556388380773,TRUE,2.86840679206533e-05,22,22,TRUE,2750.32212890578,3.85378260077695e-16,-1e-08,7.6030398237023e-05,0.0017699750942763,0.965762117072895,0,0.0879639672968797,fail,15935,341,family_A:income:low_income,estimated,-1,estimated,fail
ddd_pretrend,ddd_pretrend::A::income::low_income::ln_salario_real_adm,ln_salario_real_adm,ols,22,25.2157142716603,0.28687061345112,TRUE,0.00014162689242515,22,22,TRUE,176.672257719465,1.22229769072378e-16,-1e-08,0.00155400150365274,0.00110832713603927,0.161793379878548,1,0.0367938285152053,warning,15907,341,family_A:income:low_income,estimated,-1,estimated,warning
ddd_pretrend,ddd_pretrend::A::income::low_income::n_movimentacoes,n_movimentacoes,ppml,22,60.140865405649,2.13010944400834e-05,TRUE,1.87151293066115e-05,22,22,TRUE,4734.68813218168,4.32859662257334e-16,-1e-08,-0.00335452164262634,0.00175433367415103,0.0566991393219594,7,0.00630263130077657,fail,15935,341,family_A:income:low_income,estimated,-1,estimated,fail
ddd_pretrend,ddd_pretrend::A::income::middle_income::admissoes,admissoes,ppml,22,112.604876617079,3.77285969610167e-14,TRUE,3.61513553519607e-05,22,22,TRUE,5228.32437610236,9.23315262723618e-16,-1e-08,-0.00185252031169792,0.00189354427873632,0.328604344286416,9,0.0010587477251431,fail,15935,341,family_A:income:middle_income,estimated,-1,estimated,fail
ddd_pretrend,ddd_pretrend::A::income::middle_income::asinh_saldo,asinh_saldo,ols,22,29.8943068211111,0.121056029798169,TRUE,0.183359748131963,22,22,TRUE,182.763030911591,1.63702481114577e-13,-2.96161633257418e-08,-0.0766870422781688,0.039837427286968,0.0550633894127639,11,0.00455119388967249,fail,15935,341,family_A:income:middle_income,estimated,-1,estimated,fail
ddd_pretrend,ddd_pretrend::A::income::middle_income::desligamentos,desligamentos,ppml,22,49.3863040948999,0.000709396575297646,TRUE,2.82289710320632e-05,22,22,TRUE,2944.71575695686,4.06070401219312e-16,-1e-08,0.000537981755174165,0.00176178453416817,0.760277445838876,0,0.0728096907979987,fail,15935,341,family_A:income:middle_income,estimated,-1,estimated,fail
ddd_pretrend,ddd_pretrend::A::income::middle_income::ln_salario_real_adm,ln_salario_real_adm,ols,22,24.4594261962079,0.323616254217557,TRUE,0.000137606507784567,22,22,TRUE,213.560681918489,1.4355660483815e-16,-1e-08,-0.00178694742383368,0.00117266344167323,0.128479107218089,2,0.0294228561572274,fail,15907,341,family_A:income:middle_income,estimated,-1,estimated,fail
ddd_pretrend,ddd_pretrend::A::income::middle_income::n_movimentacoes,n_movimentacoes,ppml,22,62.6744383408093,8.90824762590765e-06,TRUE,1.60728989896419e-05,22,22,TRUE,6023.44800311573,4.72935905796586e-16,-1e-08,0.0027605815204867,0.00174391890170464,0.11435667436167,7,0.0093193119209177,fail,15935,341,family_A:income:middle_income,estimated,-1,estimated,fail
ddd_pretrend,ddd_pretrend::A::race_color::race_black::admissoes,admissoes,ppml,22,213.64837048819,2.37690370458336e-33,TRUE,3.11521576773772e-05,22,22,TRUE,581.692355081217,8.85206093392217e-17,-1e-08,0.00688691719846506,0.000721499629475688,2.7529548984879e-19,9,2.32093729205362e-06,fail,31861,341,family_A:race_color:race_black,estimated,-1,estimated,fail
ddd_pretrend,ddd_pretrend::A::race_color::race_black::asinh_saldo,asinh_saldo,ols,22,43.8832961821348,0.00366765044774165,TRUE,0.0601029096537948,22,22,TRUE,99.5695886583789,2.92337895692723e-14,-1e-08,0.0102342676950783,0.0164691996727147,0.534740620404432,17,8.04594308748835e-05,fail,31870,341,family_A:race_color:race_black,estimated,-1,estimated,fail
ddd_pretrend,ddd_pretrend::A::race_color::race_black::desligamentos,desligamentos,ppml,22,239.577160680438,1.73131759535705e-38,TRUE,2.23446683194433e-05,22,22,TRUE,240.128695047218,2.62108363870613e-17,-1e-08,0.00653983979287286,0.000508803873801102,4.33884283284655e-31,12,1.29014761370122e-06,fail,31861,341,family_A:race_color:race_black,estimated,-1,estimated,fail
ddd_pretrend,ddd_pretrend::A::race_color::race_black::ln_salario_real_adm,ln_salario_real_adm,ols,22,27.8399636569744,0.181045762947616,TRUE,0.000170573970681333,22,22,TRUE,59.9050924719309,4.9915957747911e-17,-1e-08,0.00169246298685001,0.00073615940361574,0.0221082869467671,1,0.0476716086238337,fail,30827,341,family_A:race_color:race_black,estimated,-1,estimated,fail
ddd_pretrend,ddd_pretrend::A::race_color::race_black::n_movimentacoes,n_movimentacoes,ppml,22,194.057776215091,1.64746244412704e-29,TRUE,1.63781297679196e-05,22,22,TRUE,475.074386192641,3.80092088519996e-17,-1e-08,0.00596277120860652,0.000558539814978346,3.88327933044629e-23,9,5.83891418043309e-10,fail,31861,341,family_A:race_color:race_black,estimated,-1,estimated,fail
ddd_pretrend,ddd_pretrend::A::race_color::race_indigenous::admissoes,admissoes,ppml,22,118.230896052837,3.6517550982453e-15,TRUE,0.000557117008140685,22,22,TRUE,1705.88124131519,4.64256632579792e-15,-1e-08,0.0111679234235791,0.00241107991977494,5.16657651087995e-06,4,0.000347611959573911,fail,30975,341,family_A:race_color:race_indigenous,estimated,-1,estimated,fail
ddd_pretrend,ddd_pretrend::A::race_color::race_indigenous::asinh_saldo,asinh_saldo,ols,22,63.5881764340861,6.48101788603906e-06,TRUE,0.0576839852641273,22,22,TRUE,140.536455436407,3.96010917698721e-14,-1e-08,-0.0162265528709878,0.0206011575692897,0.431448757186286,21,3.52214919996024e-06,fail,31870,341,family_A:race_color:race_indigenous,estimated,-1,estimated,fail
ddd_pretrend,ddd_pretrend::A::race_color::race_indigenous::desligamentos,desligamentos,ppml,22,89.1934357908614,4.69949311764027e-10,TRUE,0.000470763145047106,22,22,TRUE,1155.17529116338,2.65652099635207e-15,-1e-08,0.00890796370540384,0.00270967236888007,0.00111650606347472,3,0.00316277679650588,fail,31120,341,family_A:race_color:race_indigenous,estimated,-1,estimated,fail
ddd_pretrend,ddd_pretrend::A::race_color::race_indigenous::ln_salario_real_adm,ln_salario_real_adm,ols,22,11.5020086674721,0.966828562304074,TRUE,0.00113865245332042,22,22,TRUE,107.724004303312,5.99192792980981e-16,-1e-08,0.000833413596331923,0.00152654839946066,0.585460812128227,0,0.0739683058480369,pass,24135,341,family_A:race_color:race_indigenous,estimated,-1,estimated,pass
ddd_pretrend,ddd_pretrend::A::race_color::race_indigenous::n_movimentacoes,n_movimentacoes,ppml,22,139.421993289047,4.61555580715048e-19,TRUE,0.000344867361021148,22,22,TRUE,1715.0270858244,2.88925573104163e-15,-1e-08,0.0122988594313647,0.00189919689553393,3.30214749596126e-10,4,0.000491219991641249,fail,31355,341,family_A:race_color:race_indigenous,estimated,-1,estimated,fail
ddd_pretrend,ddd_pretrend::A::race_color::race_pardo::admissoes,admissoes,ppml,22,210.922843065694,8.17823895369932e-33,TRUE,1.77369686469697e-05,22,22,TRUE,505.505801244614,4.37994289827637e-17,-1e-08,-0.00283414043944633,0.000571739066309756,1.13148311469247e-06,7,0.000433324673796163,fail,31870,341,family_A:race_color:race_pardo,estimated,-1,estimated,fail
ddd_pretrend,ddd_pretrend::A::race_color::race_pardo::asinh_saldo,asinh_saldo,ols,22,28.0332530383463,0.174581792559946,TRUE,0.0663663667827735,22,22,TRUE,112.043833630846,3.63244384542141e-14,-1e-08,0.0117942728488467,0.0145517137191095,0.418215509605575,2,0.0186871116403313,fail,31870,341,family_A:race_color:race_pardo,estimated,-1,estimated,fail
ddd_pretrend,ddd_pretrend::A::race_color::race_pardo::desligamentos,desligamentos,ppml,22,86.2208844444745,1.49410779366665e-09,TRUE,1.26372107746295e-05,22,22,TRUE,875.750692848509,5.40623132958982e-17,-1e-08,-0.00135065328277474,0.000604072622677116,0.0260059881179062,18,0.00013101852727812,fail,31870,341,family_A:race_color:race_pardo,estimated,-1,estimated,fail
ddd_pretrend,ddd_pretrend::A::race_color::race_pardo::ln_salario_real_adm,ln_salario_real_adm,ols,22,27.7747364719978,0.183267245311779,TRUE,7.52935602368616e-05,22,22,TRUE,155.449025000308,5.71753381545661e-17,-1e-08,-0.000223693644105512,0.000470010533564425,0.634427588094531,0,0.0964605618445185,pass,31679,341,family_A:race_color:race_pardo,estimated,-1,estimated,pass
ddd_pretrend,ddd_pretrend::A::race_color::race_pardo::n_movimentacoes,n_movimentacoes,ppml,22,124.38873694666,2.76490527937356e-16,TRUE,7.67996271928069e-06,22,22,TRUE,914.28637526331,3.4300801330135e-17,-1e-08,-0.00326894068658349,0.000567009331487481,1.83127745705696e-08,5,0.00098946344647099,fail,31870,341,family_A:race_color:race_pardo,estimated,-1,estimated,fail
ddd_pretrend,ddd_pretrend::A::race_color::race_unknown::admissoes,admissoes,ppml,22,64.8842412433928,4.11433066478129e-06,TRUE,1.98388880279291e-05,22,22,TRUE,540.471592866583,5.23785057747632e-17,-1e-08,0.000386864051372547,0.000561711503209942,0.491466809738262,4,0.0136193715721828,fail,31866,341,family_A:race_color:race_unknown,estimated,-1,estimated,fail
ddd_pretrend,ddd_pretrend::A::race_color::race_unknown::asinh_saldo,asinh_saldo,ols,22,47.2294819174422,0.00136980513270555,TRUE,0.0586025739684056,22,22,TRUE,157.382873279064,4.50543852002657e-14,-1e-08,0.0023702921555112,0.0168913783433611,0.888485862479877,14,3.85284815780979e-05,fail,31870,341,family_A:race_color:race_unknown,estimated,-1,estimated,fail
ddd_pretrend,ddd_pretrend::A::race_color::race_unknown::desligamentos,desligamentos,ppml,22,54.4619673800182,0.000141566317523291,TRUE,1.48570147772506e-05,22,22,TRUE,1179.33677141365,8.55918279552986e-17,-1e-08,-0.000700716111137848,0.000575843484250351,0.224504644722381,15,0.000945633207484211,fail,31861,341,family_A:race_color:race_unknown,estimated,-1,estimated,fail
ddd_pretrend,ddd_pretrend::A::race_color::race_unknown::ln_salario_real_adm,ln_salario_real_adm,ols,22,27.2930061463464,0.200308547931329,TRUE,7.26960108405482e-05,22,22,TRUE,144.326234332393,5.12529380943303e-17,-1e-08,0.000761863504011129,0.000735375201337029,0.300929031629184,9,0.00297034293276492,fail,30327,341,family_A:race_color:race_unknown,estimated,-1,estimated,fail
ddd_pretrend,ddd_pretrend::A::race_color::race_unknown::n_movimentacoes,n_movimentacoes,ppml,22,90.9649700664922,2.34693941618041e-10,TRUE,8.61503852577389e-06,22,22,TRUE,854.241139749211,3.59501422505052e-17,-1e-08,-0.000376647128743923,0.000460221700933619,0.41369993647839,3,0.0272698066251707,fail,31870,341,family_A:race_color:race_unknown,estimated,-1,estimated,fail
ddd_pretrend,ddd_pretrend::A::race_color::race_white::admissoes,admissoes,ppml,22,107.388954405166,3.2186138253169e-13,TRUE,1.60088166547488e-05,22,22,TRUE,724.855624558471,5.6685717782799e-17,-1e-08,0.00112797228230963,0.000586463797115793,0.0552715374173409,4,0.00124362702624496,fail,31870,341,family_A:race_color:race_white,estimated,-1,estimated,fail
ddd_pretrend,ddd_pretrend::A::race_color::race_white::asinh_saldo,asinh_saldo,ols,22,39.1270461828974,0.013646322394374,TRUE,0.0698333465041003,22,22,TRUE,115.604546391511,3.94367098096307e-14,-1e-08,-0.00660256348815997,0.0166126527973221,0.691291052093228,1,0.0364479171904922,fail,31870,341,family_A:race_color:race_white,estimated,-1,estimated,fail
ddd_pretrend,ddd_pretrend::A::race_color::race_white::desligamentos,desligamentos,ppml,22,83.8071076574949,3.7908399253914e-09,TRUE,8.85947821039999e-06,22,22,TRUE,1630.43421500924,7.05625604235992e-17,-1e-08,3.32693416890334e-05,0.00064373979127129,0.958812947234118,0,0.123888429747096,fail,31870,341,family_A:race_color:race_white,estimated,-1,estimated,fail
ddd_pretrend,ddd_pretrend::A::race_color::race_white::ln_salario_real_adm,ln_salario_real_adm,ols,22,29.7360773048492,0.125021467317722,TRUE,6.3193183448487e-05,22,22,TRUE,188.441481022018,5.81714178492813e-17,-1e-08,-0.00106059994598754,0.000567491171565602,0.0624924950072674,2,0.0178048408508315,fail,31687,341,family_A:race_color:race_white,estimated,-1,estimated,fail
ddd_pretrend,ddd_pretrend::A::race_color::race_white::n_movimentacoes,n_movimentacoes,ppml,22,119.914743486027,1.80755179579801e-15,TRUE,7.46560184690849e-06,22,22,TRUE,1376.28758336121,5.01922798285675e-17,-1e-08,0.0014468909200229,0.00080263982978383,0.0723262090421,2,0.0156966501604536,fail,31870,341,family_A:race_color:race_white,estimated,-1,estimated,fail
ddd_pretrend,ddd_pretrend::A::race_color::race_yellow::admissoes,admissoes,ppml,22,49.4511545292442,0.000695316617389758,TRUE,0.000281564672441528,22,22,TRUE,311.954942515891,4.29074732751124e-16,-1e-08,0.000419592152399204,0.00151412199035318,0.781857046502005,2,0.0177278238389423,fail,31767,341,family_A:race_color:race_yellow,estimated,-1,estimated,fail
ddd_pretrend,ddd_pretrend::A::race_color::race_yellow::asinh_saldo,asinh_saldo,ols,22,59.5411673384308,2.6123018990669e-05,TRUE,0.0600185613990581,22,22,TRUE,132.211270449657,3.87629629658691e-14,-1e-08,0.00227368616699487,0.0190001968185284,0.904818052513025,21,5.87959941607658e-07,fail,31870,341,family_A:race_color:race_yellow,estimated,-1,estimated,fail
ddd_pretrend,ddd_pretrend::A::race_color::race_yellow::desligamentos,desligamentos,ppml,22,93.8889756837151,7.40305424073012e-11,TRUE,0.000227492116986655,22,22,TRUE,2544.32091128996,2.82749044374885e-15,-1e-08,-0.00405952620086968,0.00142687661139587,0.00470963488220863,0,0.0908304245993343,fail,31767,341,family_A:race_color:race_yellow,estimated,-1,estimated,fail
ddd_pretrend,ddd_pretrend::A::race_color::race_yellow::ln_salario_real_adm,ln_salario_real_adm,ols,22,29.1302893756911,0.141178412660118,TRUE,0.000656532812345346,22,22,TRUE,41.4516523838994,1.32941688358021e-16,-1e-08,0.00165215666174918,0.00116178634721741,0.155918844336671,1,0.0385731525315054,warning,27207,341,family_A:race_color:race_yellow,estimated,-1,estimated,warning
ddd_pretrend,ddd_pretrend::A::race_color::race_yellow::n_movimentacoes,n_movimentacoes,ppml,22,52.4790141296737,0.000268356859711463,TRUE,0.000145111361477396,22,22,TRUE,1076.98312543548,7.63437030846848e-16,-1e-08,-0.000988402161830728,0.0012806763619347,0.440780003031787,0,0.166672901719477,fail,31814,341,family_A:race_color:race_yellow,estimated,-1,estimated,fail
ddd_pretrend,ddd_pretrend::A::sex::men::admissoes,admissoes,ppml,22,101.622791554958,3.35322910257259e-12,TRUE,1.96275455414731e-05,22,22,TRUE,6382.57169597237,6.11962206677425e-16,-1e-08,-0.00145928041106625,0.00148327977359066,0.325903552486327,0,0.0802534496500337,fail,31861,341,family_A:sex:men,estimated,-1,estimated,fail
ddd_pretrend,ddd_pretrend::A::sex::men::asinh_saldo,asinh_saldo,ols,22,84.1757084151405,3.290041942582e-09,TRUE,0.0628765570168578,22,22,TRUE,128.340863453188,3.94199996216829e-14,-1e-08,0.0148648707505397,0.0165065214711009,0.368467530993028,16,0.000177597462597061,fail,31870,341,family_A:sex:men,estimated,-1,estimated,fail
ddd_pretrend,ddd_pretrend::A::sex::men::desligamentos,desligamentos,ppml,22,92.0318274539574,1.54223154326145e-10,TRUE,1.19009310272954e-05,22,22,TRUE,2906.30121011252,1.68960220351195e-16,-1e-08,-0.00152144905117158,0.000624200296908668,0.0153038426654222,5,0.00201292164364541,fail,31870,341,family_A:sex:men,estimated,-1,estimated,fail
ddd_pretrend,ddd_pretrend::A::sex::men::ln_salario_real_adm,ln_salario_real_adm,ols,22,21.8435196527516,0.469261364297607,TRUE,0.000100959360173929,22,22,TRUE,73.815398475758,3.6404616837541e-17,-1e-08,-0.000657927113305936,0.000655887634715825,0.316521396337722,3,0.0132393976146973,fail,31285,341,family_A:sex:men,estimated,-1,estimated,fail
ddd_pretrend,ddd_pretrend::A::sex::men::n_movimentacoes,n_movimentacoes,ppml,22,189.969849182383,1.03058123800003e-28,TRUE,6.38646120403031e-06,22,22,TRUE,10168.7897172413,3.17243294404153e-16,-1e-08,0.00292641359031708,0.00107222795456328,0.00667742656705377,2,0.0138815274429068,fail,31870,341,family_A:sex:men,estimated,-1,estimated,fail
ddd_pretrend,ddd_pretrend::A::sex::women::admissoes,admissoes,ppml,22,101.622791554956,3.35322910257507e-12,TRUE,1.96275455414773e-05,22,22,TRUE,6382.57169597191,6.11962206677435e-16,-1e-08,0.00145928041106578,0.00148327977359063,0.325903552486469,0,0.0802534496500342,fail,31861,341,family_A:sex:women,estimated,-1,estimated,fail
ddd_pretrend,ddd_pretrend::A::sex::women::asinh_saldo,asinh_saldo,ols,22,84.1757084151383,3.29004194258474e-09,TRUE,0.0628765570168585,22,22,TRUE,128.340863453192,3.94199996216849e-14,-1e-08,-0.0148648707505379,0.0165065214711009,0.368467530993084,16,0.000177597462597183,fail,31870,341,family_A:sex:women,estimated,-1,estimated,fail
ddd_pretrend,ddd_pretrend::A::sex::women::desligamentos,desligamentos,ppml,22,92.0318274539598,1.54223154325995e-10,TRUE,1.1900931027297e-05,22,22,TRUE,2906.30121011211,1.68960220351193e-16,-1e-08,0.00152144905117161,0.00062420029690868,0.0153038426654224,5,0.00201292164364559,fail,31870,341,family_A:sex:women,estimated,-1,estimated,fail
ddd_pretrend,ddd_pretrend::A::sex::women::ln_salario_real_adm,ln_salario_real_adm,ols,22,21.8435196527516,0.469261364297602,TRUE,0.00010095936017393,22,22,TRUE,73.8153984757544,3.64046168375394e-17,-1e-08,0.00065792711330595,0.000655887634715823,0.31652139633771,3,0.0132393976146983,fail,31285,341,family_A:sex:women,estimated,-1,estimated,fail
ddd_pretrend,ddd_pretrend::A::sex::women::n_movimentacoes,n_movimentacoes,ppml,22,189.969849182377,1.03058123800279e-28,TRUE,6.38646120402787e-06,22,22,TRUE,10168.7897172457,3.17243294404156e-16,-1e-08,-0.00292641359031728,0.00107222795456327,0.00667742656705007,2,0.0138815274429075,fail,31870,341,family_A:sex:women,estimated,-1,estimated,fail
ddd_pretrend,ddd_pretrend::B::age_pnad::age_18_24::admissoes,admissoes,ppml,22,102.904792992524,1.99652194827484e-12,TRUE,8.51277896814496e-06,22,22,TRUE,3264.79257899373,1.35765635898002e-16,-1e-08,0.00212283779924011,0.00081186355374635,0.00932621589235428,3,0.0164879264586992,fail,31870,341,family_B:age_pnad:age_18_24,estimated,-1,estimated,fail
ddd_pretrend,ddd_pretrend::B::age_pnad::age_18_24::asinh_saldo,asinh_saldo,ols,22,70.8299536986669,4.89346994413453e-07,TRUE,0.0621226384915288,22,22,TRUE,132.373415047277,4.01710859676916e-14,-1e-08,0.0342392170372003,0.0214467779316416,0.111312063791167,3,0.00204456358574273,fail,31870,341,family_B:age_pnad:age_18_24,estimated,-1,estimated,fail
ddd_pretrend,ddd_pretrend::B::age_pnad::age_18_24::desligamentos,desligamentos,ppml,22,116.120962817414,8.79022485461749e-15,TRUE,8.82414377371645e-06,22,22,TRUE,1581.8754824807,6.81879724172755e-17,-1e-08,0.00305231139969724,0.00072348693038522,3.15280619041227e-05,1,0.0203952976871616,fail,31861,341,family_B:age_pnad:age_18_24,estimated,-1,estimated,fail
ddd_pretrend,ddd_pretrend::B::age_pnad::age_18_24::ln_salario_real_adm,ln_salario_real_adm,ols,22,31.790554658611,0.0810375959280085,TRUE,6.44582084281202e-05,22,22,TRUE,104.673184770055,3.29591934048144e-17,-1e-08,0.000797398890412733,0.000515179907767174,0.122599121603749,2,0.00541308617196741,fail,31516,341,family_B:age_pnad:age_18_24,estimated,-1,estimated,fail
ddd_pretrend,ddd_pretrend::B::age_pnad::age_18_24::n_movimentacoes,n_movimentacoes,ppml,22,161.381143947881,3.3236438572046e-23,TRUE,5.91196352385401e-06,22,22,TRUE,3145.37192793459,9.08378106849499e-17,-1e-08,0.00374351684328004,0.000819040420713796,6.8159463300028e-06,2,0.00824796490915691,fail,31870,341,family_B:age_pnad:age_18_24,estimated,-1,estimated,fail
ddd_pretrend,ddd_pretrend::B::age_pnad::age_25_34::admissoes,admissoes,ppml,22,57.0473471028366,6.04256297421639e-05,TRUE,5.42199542894244e-06,22,22,TRUE,1836.3989032169,4.86394973402531e-17,-1e-08,-0.000111031532314858,0.000340338959580596,0.744444937106644,0,0.16022570147809,fail,31870,341,family_B:age_pnad:age_25_34,estimated,-1,estimated,fail
ddd_pretrend,ddd_pretrend::B::age_pnad::age_25_34::asinh_saldo,asinh_saldo,ols,22,35.3053801427778,0.0359902628674907,TRUE,0.0466251970672205,22,22,TRUE,91.7185781881481,2.08901183508135e-14,-1e-08,-0.0392472217704916,0.0150765032604434,0.00964032007811385,1,0.0113891065213756,fail,31870,341,family_B:age_pnad:age_25_34,estimated,-1,estimated,fail
ddd_pretrend,ddd_pretrend::B::age_pnad::age_25_34::desligamentos,desligamentos,ppml,22,56.3752841704512,7.55312617604029e-05,TRUE,6.49387577812369e-06,22,22,TRUE,513.129987152052,1.62777464132411e-17,-1e-08,0.000731551735994422,0.000426047447075707,0.0868777090370121,0,0.0662560693825441,fail,31870,341,family_B:age_pnad:age_25_34,estimated,-1,estimated,fail
ddd_pretrend,ddd_pretrend::B::age_pnad::age_25_34::ln_salario_real_adm,ln_salario_real_adm,ols,22,28.8976263178947,0.147806913377049,TRUE,3.70974403746064e-05,22,22,TRUE,224.380599371214,4.06623201644477e-17,-1e-08,-0.000798497919413359,0.000460347169789572,0.0837257749633715,1,0.0218177921554524,warning,31716,341,family_B:age_pnad:age_25_34,estimated,-1,estimated,warning
ddd_pretrend,ddd_pretrend::B::age_pnad::age_25_34::n_movimentacoes,n_movimentacoes,ppml,22,72.593538542277,2.56870272334596e-07,TRUE,2.69207443736591e-06,22,22,TRUE,2153.98261529004,2.83264509220703e-17,-1e-08,-0.000188754259859405,0.000339162157465825,0.578214003158571,0,0.126189341858592,fail,31870,341,family_B:age_pnad:age_25_34,estimated,-1,estimated,fail
ddd_pretrend,ddd_pretrend::B::age_pnad::age_35_44::admissoes,admissoes,ppml,22,89.103047790771,4.86848775563896e-10,TRUE,7.78437985955667e-06,22,22,TRUE,1141.8246078357,4.34196506678751e-17,-1e-08,0.000454668517805509,0.00055205634703356,0.410749435143534,0,0.0572217794088884,fail,31870,341,family_B:age_pnad:age_35_44,estimated,-1,estimated,fail
ddd_pretrend,ddd_pretrend::B::age_pnad::age_35_44::asinh_saldo,asinh_saldo,ols,22,30.429762170369,0.108387558958812,TRUE,0.0579468821614215,22,22,TRUE,87.4978372784146,2.47679634702477e-14,-1e-08,-0.0284217728199154,0.017693776007387,0.109133075042182,0,0.105419870624731,pass,31870,341,family_B:age_pnad:age_35_44,estimated,-1,estimated,pass
ddd_pretrend,ddd_pretrend::B::age_pnad::age_35_44::desligamentos,desligamentos,ppml,22,81.8054638676058,8.15640025741433e-09,TRUE,7.76757168756813e-06,22,22,TRUE,573.633286762162,2.17661952685265e-17,-1e-08,-0.000290284220318696,0.000467883046949278,0.535396626457449,0,0.0676391577020376,fail,31870,341,family_B:age_pnad:age_35_44,estimated,-1,estimated,fail
ddd_pretrend,ddd_pretrend::B::age_pnad::age_35_44::ln_salario_real_adm,ln_salario_real_adm,ols,22,28.0475044376996,0.174112209492457,TRUE,4.92783277168536e-05,22,22,TRUE,194.324819441543,4.6778591442885e-17,-1e-08,-0.000995737440577144,0.000416587779246667,0.0173820738499792,3,0.00892232644615543,fail,31664,341,family_B:age_pnad:age_35_44,estimated,-1,estimated,fail
ddd_pretrend,ddd_pretrend::B::age_pnad::age_35_44::n_movimentacoes,n_movimentacoes,ppml,22,107.592886217969,2.96105465492135e-13,TRUE,4.28118864218844e-06,22,22,TRUE,1396.39999643149,2.92036483224485e-17,-1e-08,0.00028081356966622,0.00053045528023225,0.596885827523763,0,0.0827708558599292,fail,31870,341,family_B:age_pnad:age_35_44,estimated,-1,estimated,fail
ddd_pretrend,ddd_pretrend::B::age_pnad::age_45_54::admissoes,admissoes,ppml,22,74.7180112048315,1.17328043595968e-07,TRUE,1.18805355033816e-05,22,22,TRUE,1725.54186718844,1.00143882330148e-16,-1e-08,0.000898747866674923,0.000801103480863812,0.262702013715216,1,0.0220453929712392,fail,31870,341,family_B:age_pnad:age_45_54,estimated,-1,estimated,fail
ddd_pretrend,ddd_pretrend::B::age_pnad::age_45_54::asinh_saldo,asinh_saldo,ols,22,43.0258739093054,0.00468463059828941,TRUE,0.0585613535783813,22,22,TRUE,111.896354080346,3.20103150696038e-14,-1e-08,-0.0131306421490922,0.0213662452506334,0.539262473775422,11,0.00121920232852259,fail,31870,341,family_B:age_pnad:age_45_54,estimated,-1,estimated,fail
ddd_pretrend,ddd_pretrend::B::age_pnad::age_45_54::desligamentos,desligamentos,ppml,22,63.8555841905705,5.90280810023391e-06,TRUE,1.55507207285329e-05,22,22,TRUE,560.66300250553,4.25907538226813e-17,-1e-08,-0.0011891096600815,0.000567855422026126,0.0369968887968826,5,0.0028687223774757,fail,31870,341,family_B:age_pnad:age_45_54,estimated,-1,estimated,fail
ddd_pretrend,ddd_pretrend::B::age_pnad::age_45_54::ln_salario_real_adm,ln_salario_real_adm,ols,22,34.2735478781471,0.046065793763278,TRUE,0.000129870407718861,22,22,TRUE,112.56536116287,7.14130989195238e-17,-1e-08,0.00100891335912249,0.000649236657001307,0.121114872469788,2,0.0167834325354846,fail,31377,341,family_B:age_pnad:age_45_54,estimated,-1,estimated,fail
ddd_pretrend,ddd_pretrend::B::age_pnad::age_45_54::n_movimentacoes,n_movimentacoes,ppml,22,115.691446818756,1.05073794991219e-14,TRUE,8.824376440682e-06,22,22,TRUE,1316.04311888217,5.6730557507229e-17,-1e-08,-0.00040767974475646,0.000685210224817589,0.552259067736842,1,0.0341072126244206,fail,31870,341,family_B:age_pnad:age_45_54,estimated,-1,estimated,fail
ddd_pretrend,ddd_pretrend::B::age_pnad::age_55_65::admissoes,admissoes,ppml,22,66.2039637787168,2.58067253208598e-06,TRUE,3.96550019817641e-05,22,22,TRUE,1069.79294374325,2.07233809821963e-16,-1e-08,-0.00177062389269211,0.00145819649261541,0.22549267198451,4,0.000436413561779067,fail,31861,341,family_B:age_pnad:age_55_65,estimated,-1,estimated,fail
ddd_pretrend,ddd_pretrend::B::age_pnad::age_55_65::asinh_saldo,asinh_saldo,ols,22,48.5612712728793,0.000914285317927759,TRUE,0.0568751093962198,22,22,TRUE,135.217482826072,3.75679933420504e-14,-1e-08,0.0288798719358578,0.0203397352255571,0.156560456358728,14,0.000368026051589741,fail,31870,341,family_B:age_pnad:age_55_65,estimated,-1,estimated,fail
ddd_pretrend,ddd_pretrend::B::age_pnad::age_55_65::desligamentos,desligamentos,ppml,22,139.680260927529,4.13094947504994e-19,TRUE,4.88633949537644e-05,22,22,TRUE,724.378562383891,1.72906823831132e-16,-1e-08,-0.00608622645635396,0.000914557469114766,1.13711081244794e-10,5,0.0027494992127791,fail,31870,341,family_B:age_pnad:age_55_65,estimated,-1,estimated,fail
ddd_pretrend,ddd_pretrend::B::age_pnad::age_55_65::ln_salario_real_adm,ln_salario_real_adm,ols,22,25.9946567854938,0.251911509426087,TRUE,0.00027333963321344,22,22,TRUE,132.782331307281,1.77298802796748e-16,-1e-08,0.00107145589436258,0.00129596823304858,0.40895240983953,1,0.0364481350818795,warning,30416,341,family_B:age_pnad:age_55_65,estimated,-1,estimated,warning
ddd_pretrend,ddd_pretrend::B::age_pnad::age_55_65::n_movimentacoes,n_movimentacoes,ppml,22,135.970965352546,2.02551246003482e-18,TRUE,2.74933702997894e-05,22,22,TRUE,723.347254493297,9.71488636888654e-17,-1e-08,-0.00374204501163113,0.000934919912688199,7.69675476990562e-05,4,0.000767408261876738,fail,31870,341,family_B:age_pnad:age_55_65,estimated,-1,estimated,fail
ddd_pretrend,ddd_pretrend::B::race_aggregate::race_negra::admissoes,admissoes,ppml,22,220.641306069254,9.90828876688189e-35,TRUE,1.66154401664214e-05,22,22,TRUE,618.32704089092,5.01872034878123e-17,-1e-08,-0.00238931335265824,0.000647567528853725,0.000261379993915257,6,2.61527716194999e-05,fail,31870,341,family_B:race_aggregate:race_negra,estimated,-1,estimated,fail
ddd_pretrend,ddd_pretrend::B::race_aggregate::race_negra::asinh_saldo,asinh_saldo,ols,22,32.3998730767614,0.0708296075424667,TRUE,0.0701158488557772,22,22,TRUE,96.1615718195355,3.29367433725724e-14,-1e-08,0.0208254533474186,0.0134963178311327,0.123749560264563,5,0.00830323253383375,fail,31870,341,family_B:race_aggregate:race_negra,estimated,-1,estimated,fail
ddd_pretrend,ddd_pretrend::B::race_aggregate::race_negra::desligamentos,desligamentos,ppml,22,119.757030066536,1.93077434968879e-15,TRUE,1.29916716750176e-05,22,22,TRUE,837.579299351502,5.31561940458342e-17,-1e-08,0.000961061341147141,0.000621277930003747,0.122815091210758,12,0.000109561061110534,fail,31870,341,family_B:race_aggregate:race_negra,estimated,-1,estimated,fail
ddd_pretrend,ddd_pretrend::B::race_aggregate::race_negra::ln_salario_real_adm,ln_salario_real_adm,ols,22,22.4352963105448,0.434178178621447,TRUE,6.09376851209989e-05,22,22,TRUE,159.862455725695,4.75877683421286e-17,-1e-08,0.000326757378832291,0.000476212545750544,0.493080678107442,0,0.157208770014402,pass,31691,341,family_B:race_aggregate:race_negra,estimated,-1,estimated,pass
ddd_pretrend,ddd_pretrend::B::race_aggregate::race_negra::n_movimentacoes,n_movimentacoes,ppml,22,186.699474050796,4.4534086329928e-28,TRUE,7.64399663128534e-06,22,22,TRUE,1014.71071369415,3.78900901984017e-17,-1e-08,-0.00253658103053822,0.000640530900745504,9.12710599921265e-05,1,0.00691951851895656,fail,31870,341,family_B:race_aggregate:race_negra,estimated,-1,estimated,fail
group_pretrend,group_pretrend::A::age_canaries::age_22_25::admissoes,admissoes,ppml,22,256.764642744551,6.37484412189525e-42,TRUE,1.12466059925026e-05,22,22,TRUE,9043.20394527132,4.96828741927315e-16,-1e-08,-0.00482808504294175,0.000812478903597892,6.97234137649736e-09,9,0.00276583146716617,fail,15926,340,family_A_target:age_canaries:age_22_25,estimated,-1,estimated,fail
group_pretrend,group_pretrend::A::age_canaries::age_22_25::asinh_saldo,asinh_saldo,ols,22,59.769856099449,2.41698955404172e-05,TRUE,0.0168681040229993,22,22,TRUE,194.506128206458,1.60273774877022e-14,-1e-08,0.0256297097614341,0.0116339169375481,0.0282639396589179,20,2.08816360028991e-07,fail,15935,341,family_A_target:age_canaries:age_22_25,estimated,-1,estimated,fail
group_pretrend,group_pretrend::A::age_canaries::age_22_25::desligamentos,desligamentos,ppml,22,115.21097994392,1.28266612336684e-14,TRUE,8.43587609362294e-06,22,22,TRUE,2885.26281536892,1.18899075335528e-16,-1e-08,0.00280002015424526,0.00081179270992363,0.000633226532664552,12,3.21198218472528e-05,fail,15926,340,family_A_target:age_canaries:age_22_25,estimated,-1,estimated,fail
group_pretrend,group_pretrend::A::age_canaries::age_22_25::ln_salario_real_adm,ln_salario_real_adm,ols,22,19.9653050703424,0.585210081242474,TRUE,6.17161716124558e-05,22,22,TRUE,99.4637510339965,2.99865648793407e-17,-1e-08,-0.000448348690649342,0.000508170883476893,0.378252762483059,0,0.145555032446905,pass,15554,339,family_A_target:age_canaries:age_22_25,estimated,-1,estimated,pass
group_pretrend,group_pretrend::A::age_canaries::age_22_25::n_movimentacoes,n_movimentacoes,ppml,22,277.873551653592,3.64013561171868e-46,TRUE,4.69629462437917e-06,22,22,TRUE,8032.25779006697,1.84270527677693e-16,-1e-08,-0.0021735918114918,0.000837720242986855,0.00987986375501915,1,0.00621783916137408,fail,15926,340,family_A_target:age_canaries:age_22_25,estimated,-1,estimated,fail
group_pretrend,group_pretrend::A::age_canaries::age_26_30::admissoes,admissoes,ppml,22,195.017406710292,1.07057775711287e-29,TRUE,1.44825839250707e-05,22,22,TRUE,5475.72210039267,3.87391742490027e-16,-1e-08,-0.00490857582667972,0.000939475817314192,3.04703517473558e-07,9,0.000419401297774883,fail,15935,341,family_A_target:age_canaries:age_26_30,estimated,-1,estimated,fail
group_pretrend,group_pretrend::A::age_canaries::age_26_30::asinh_saldo,asinh_saldo,ols,22,61.4009978326243,1.3833301882597e-05,TRUE,0.0345439527949783,22,22,TRUE,167.513281216579,2.82672905827626e-14,-1e-08,-0.0222305491844047,0.0168694147175569,0.188457145324492,21,0.000109996114040202,fail,15935,341,family_A_target:age_canaries:age_26_30,estimated,-1,estimated,fail
group_pretrend,group_pretrend::A::age_canaries::age_26_30::desligamentos,desligamentos,ppml,22,82.9795563219771,5.20713654122899e-09,TRUE,1.22792799766084e-05,22,22,TRUE,1796.96743814913,1.07789390347035e-16,-1e-08,0.00161729188094558,0.000894636082992133,0.0715266729865079,14,0.000103121575266159,fail,15935,341,family_A_target:age_canaries:age_26_30,estimated,-1,estimated,fail
group_pretrend,group_pretrend::A::age_canaries::age_26_30::ln_salario_real_adm,ln_salario_real_adm,ols,22,56.6706161053262,6.84872064674617e-05,TRUE,5.58320015787645e-05,22,22,TRUE,110.49071642132,3.01350484079481e-17,-1e-08,-0.000222373602568815,0.000515868927490378,0.666694285968448,4,0.0044046861987091,fail,15708,340,family_A_target:age_canaries:age_26_30,estimated,-1,estimated,fail
group_pretrend,group_pretrend::A::age_canaries::age_26_30::n_movimentacoes,n_movimentacoes,ppml,22,125.391649383402,1.81192113662246e-16,TRUE,7.52161888255075e-06,22,22,TRUE,3806.04310386351,1.39845318639005e-16,-1e-08,-2.27183899508952e-06,0.00091853861508011,0.998028029495319,2,0.00764387213749679,fail,15935,341,family_A_target:age_canaries:age_26_30,estimated,-1,estimated,fail
group_pretrend,group_pretrend::A::age_canaries::age_31_34::admissoes,admissoes,ppml,22,176.162504165238,4.86983920325395e-26,TRUE,2.07704474332682e-05,22,22,TRUE,3989.48401086822,4.04786003502658e-16,-1e-08,-0.00256632737514744,0.000934047887871083,0.00632463436119889,3,0.00383849607525246,fail,15935,341,family_A_target:age_canaries:age_31_34,estimated,-1,estimated,fail
group_pretrend,group_pretrend::A::age_canaries::age_31_34::asinh_saldo,asinh_saldo,ols,22,79.3550038824902,2.06802703163794e-08,TRUE,0.044886761354159,22,22,TRUE,102.052291609388,2.23771070341314e-14,-1e-08,0.00659000710593632,0.0138170522870496,0.633705985355668,13,1.05743939610518e-07,fail,15935,341,family_A_target:age_canaries:age_31_34,estimated,-1,estimated,fail
group_pretrend,group_pretrend::A::age_canaries::age_31_34::desligamentos,desligamentos,ppml,22,121.496427758947,9.32097506946227e-16,TRUE,1.50492498919845e-05,22,22,TRUE,1605.69361427918,1.18043054870292e-16,-1e-08,-0.00130390576254745,0.000999326966519602,0.192848862372173,10,0.000565456695976991,fail,15935,341,family_A_target:age_canaries:age_31_34,estimated,-1,estimated,fail
group_pretrend,group_pretrend::A::age_canaries::age_31_34::ln_salario_real_adm,ln_salario_real_adm,ols,22,42.5316475313066,0.00538627030103337,TRUE,7.77523444835397e-05,22,22,TRUE,87.6013421004671,3.32726322095912e-17,-1e-08,-0.000120090520494304,0.000658347094118296,0.855368311067273,1,0.0360097642929923,fail,15561,340,family_A_target:age_canaries:age_31_34,estimated,-1,estimated,fail
group_pretrend,group_pretrend::A::age_canaries::age_31_34::n_movimentacoes,n_movimentacoes,ppml,22,192.575080111357,3.20511882799653e-29,TRUE,8.38240550594162e-06,22,22,TRUE,3430.27473874799,1.40462527132502e-16,-1e-08,-0.0025597678885916,0.000975631619853422,0.0090899860454716,0,0.0624602876365156,fail,15935,341,family_A_target:age_canaries:age_31_34,estimated,-1,estimated,fail
group_pretrend,group_pretrend::A::age_canaries::age_35_40::admissoes,admissoes,ppml,22,139.143041141524,5.20283673580153e-19,TRUE,2.15790705385655e-05,22,22,TRUE,3508.62043394038,3.69855455687491e-16,-1e-08,-0.00367706581427155,0.000829659495018531,1.26224386968471e-05,6,0.00214606443316794,fail,15926,340,family_A_target:age_canaries:age_35_40,estimated,-1,estimated,fail
group_pretrend,group_pretrend::A::age_canaries::age_35_40::asinh_saldo,asinh_saldo,ols,22,82.1567235230604,7.13306075530164e-09,TRUE,0.0465313940790385,22,22,TRUE,111.12503607592,2.52592752503916e-14,-1e-08,-0.0187707093763168,0.0144722848311163,0.195506931598826,17,3.45316036607689e-07,fail,15935,341,family_A_target:age_canaries:age_35_40,estimated,-1,estimated,fail
group_pretrend,group_pretrend::A::age_canaries::age_35_40::desligamentos,desligamentos,ppml,22,146.366456282021,2.31228443672233e-20,TRUE,1.50009500017659e-05,22,22,TRUE,1338.535918196,9.80870559124937e-17,-1e-08,-0.000626189424871819,0.000928252346137437,0.500396290764853,12,9.00794508201956e-05,fail,15926,340,family_A_target:age_canaries:age_35_40,estimated,-1,estimated,fail
group_pretrend,group_pretrend::A::age_canaries::age_35_40::ln_salario_real_adm,ln_salario_real_adm,ols,22,49.9805166844785,0.000590027599110459,TRUE,6.05513369661002e-05,22,22,TRUE,181.636152384803,5.37265478999499e-17,-1e-08,-0.000232037487168665,0.000658472533953891,0.724766652879992,9,0.000161847763206197,fail,15663,340,family_A_target:age_canaries:age_35_40,estimated,-1,estimated,fail
group_pretrend,group_pretrend::A::age_canaries::age_35_40::n_movimentacoes,n_movimentacoes,ppml,22,173.957472936648,1.29512945410033e-25,TRUE,1.09971863442622e-05,22,22,TRUE,2248.47142237153,1.20790245111581e-16,-1e-08,-0.00208291064361294,0.000796879391302322,0.00935251003694755,0,0.0546921846148174,fail,15926,340,family_A_target:age_canaries:age_35_40,estimated,-1,estimated,fail
group_pretrend,group_pretrend::A::age_canaries::age_41_49::admissoes,admissoes,ppml,22,123.080896843869,4.79310812300261e-16,TRUE,2.06069391035342e-05,22,22,TRUE,4568.53919665955,4.59889770351992e-16,-1e-08,-0.00274882133470386,0.000818008904478343,0.000866817164834223,6,0.0368632561156177,fail,15935,341,family_A_target:age_canaries:age_41_49,estimated,-1,estimated,fail
group_pretrend,group_pretrend::A::age_canaries::age_41_49::asinh_saldo,asinh_saldo,ols,22,68.1034612071964,1.31046782695563e-06,TRUE,0.0446872568018457,22,22,TRUE,140.865911350447,3.07505233306041e-14,-1e-08,-0.00388817480306249,0.01473539878447,0.792042818756962,17,5.07151248070539e-07,fail,15935,341,family_A_target:age_canaries:age_41_49,estimated,-1,estimated,fail
group_pretrend,group_pretrend::A::age_canaries::age_41_49::desligamentos,desligamentos,ppml,22,149.541034821831,5.84078975237879e-21,TRUE,1.81669742143665e-05,22,22,TRUE,1020.80893985349,9.05920256896145e-17,-1e-08,0.00097733407171622,0.000709006034466709,0.168968679433949,7,0.00113320538575778,fail,15935,341,family_A_target:age_canaries:age_41_49,estimated,-1,estimated,fail
group_pretrend,group_pretrend::A::age_canaries::age_41_49::ln_salario_real_adm,ln_salario_real_adm,ols,22,27.7258006894181,0.184947253834913,TRUE,0.00011509547576335,22,22,TRUE,79.1942715486295,4.45261276639623e-17,-1e-08,-0.000767206738935282,0.000563762137586592,0.174458912812384,1,0.0118767147097562,warning,15646,340,family_A_target:age_canaries:age_41_49,estimated,-1,estimated,warning
group_pretrend,group_pretrend::A::age_canaries::age_41_49::n_movimentacoes,n_movimentacoes,ppml,22,184.772516946611,1.05341233293892e-27,TRUE,1.09858079585062e-05,22,22,TRUE,2565.17488415183,1.37661306900418e-16,-1e-08,-0.000466936679448461,0.00067933158100613,0.492332527362811,0,0.0893959322858451,fail,15935,341,family_A_target:age_canaries:age_41_49,estimated,-1,estimated,fail
group_pretrend,group_pretrend::A::age_canaries::age_50_plus::admissoes,admissoes,ppml,22,136.716171564581,1.47251561310727e-18,TRUE,3.27264611298719e-05,22,22,TRUE,4095.94611995705,6.54811332415927e-16,-1e-08,-0.00360363152640785,0.00109429838023174,0.00109507423667418,0,0.0975593562670451,fail,15935,341,family_A_target:age_canaries:age_50_plus,estimated,-1,estimated,fail
group_pretrend,group_pretrend::A::age_canaries::age_50_plus::asinh_saldo,asinh_saldo,ols,22,87.7833249551553,8.14572090424709e-10,TRUE,0.0304768464087796,22,22,TRUE,114.260974258173,1.70110395959809e-14,-1e-08,0.0432763592531754,0.0132258103513959,0.00117696690912626,18,6.6768933471585e-07,fail,15935,341,family_A_target:age_canaries:age_50_plus,estimated,-1,estimated,fail
group_pretrend,group_pretrend::A::age_canaries::age_50_plus::desligamentos,desligamentos,ppml,22,173.715804281392,1.44154951780293e-25,TRUE,3.50002661154586e-05,22,22,TRUE,627.618738276176,1.07307519068671e-16,-1e-08,-0.00687654158609493,0.000857685160709523,1.75350640232268e-14,6,3.17675882462227e-05,fail,15935,341,family_A_target:age_canaries:age_50_plus,estimated,-1,estimated,fail
group_pretrend,group_pretrend::A::age_canaries::age_50_plus::ln_salario_real_adm,ln_salario_real_adm,ols,22,26.560246908971,0.228406313006302,TRUE,0.000150137327992182,22,22,TRUE,124.489243542193,9.13026571152654e-17,-1e-08,-0.00122229576713568,0.000783817635260087,0.119834347877128,3,0.00455579201607528,fail,15318,339,family_A_target:age_canaries:age_50_plus,estimated,-1,estimated,fail
group_pretrend,group_pretrend::A::age_canaries::age_50_plus::n_movimentacoes,n_movimentacoes,ppml,22,125.881301987918,1.47377668911944e-16,TRUE,1.72313592914686e-05,22,22,TRUE,1978.06024622361,1.66502960233283e-16,-1e-08,-0.00288658472543669,0.000864943901059662,0.000939561740341691,0,0.135127445082769,fail,15935,341,family_A_target:age_canaries:age_50_plus,estimated,-1,estimated,fail
group_pretrend,group_pretrend::A::education::fundamental_or_less::admissoes,admissoes,ppml,22,256.890333224963,6.01567023814851e-42,TRUE,2.0722794281107e-05,22,22,TRUE,6957.81175529826,7.04342503507405e-16,-1e-08,-0.00384519340500623,0.00103452741916197,0.000236005123386404,5,0.00682631544827396,fail,15879,339,family_A_target:education:fundamental_or_less,estimated,-1,estimated,fail
group_pretrend,group_pretrend::A::education::fundamental_or_less::asinh_saldo,asinh_saldo,ols,22,76.6921531717923,5.62669278064565e-08,TRUE,0.0373604589293986,22,22,TRUE,89.3659029120575,1.63097369386822e-14,-1e-08,0.0432520362961772,0.0120172832581304,0.000366713081522332,20,1.78589811251034e-07,fail,15935,341,family_A_target:education:fundamental_or_less,estimated,-1,estimated,fail
group_pretrend,group_pretrend::A::education::fundamental_or_less::desligamentos,desligamentos,ppml,22,314.929948835863,1.13293606338033e-53,TRUE,1.11400389883406e-05,22,22,TRUE,2621.74717473197,1.42672550744713e-16,-1e-08,-0.00396157149948601,0.000809002908367876,1.50818390893399e-06,6,5.50653563163013e-06,fail,15935,341,family_A_target:education:fundamental_or_less,estimated,-1,estimated,fail
group_pretrend,group_pretrend::A::education::fundamental_or_less::ln_salario_real_adm,ln_salario_real_adm,ols,22,36.466270130814,0.0270484891515566,TRUE,0.000185280355851156,22,22,TRUE,227.689236137104,2.06079495532559e-16,-1e-08,0.00148337145625498,0.000967437268728082,0.126142993905906,0,0.078322028372483,fail,14641,337,family_A_target:education:fundamental_or_less,estimated,-1,estimated,fail
group_pretrend,group_pretrend::A::education::fundamental_or_less::n_movimentacoes,n_movimentacoes,ppml,22,296.293434398331,6.88625190911875e-50,TRUE,8.43683316713332e-06,22,22,TRUE,6244.87984536876,2.57375056132268e-16,-1e-08,-0.00641734931189587,0.000865051674195171,9.55012418336904e-13,2,6.94888459113132e-07,fail,15935,341,family_A_target:education:fundamental_or_less,estimated,-1,estimated,fail
group_pretrend,group_pretrend::A::education::high_school::admissoes,admissoes,ppml,22,363.88470219404,1.11537710849755e-63,TRUE,6.76832245784355e-06,22,22,TRUE,20473.3815253381,6.76914048203408e-16,-1e-08,-0.00528429613923038,0.000850017243728016,1.48730350653129e-09,1,0.0104306403296119,fail,15935,341,family_A_target:education:high_school,estimated,-1,estimated,fail
group_pretrend,group_pretrend::A::education::high_school::asinh_saldo,asinh_saldo,ols,22,75.7088699418568,8.12002424386958e-08,TRUE,0.0391965149414823,22,22,TRUE,199.176739496694,3.81372153867938e-14,-1e-08,-0.000176596117465158,0.0160349482323313,0.991219373344152,20,2.50865455509917e-07,fail,15935,341,family_A_target:education:high_school,estimated,-1,estimated,fail
group_pretrend,group_pretrend::A::education::high_school::desligamentos,desligamentos,ppml,22,219.508208048344,1.6592276786472e-34,TRUE,7.53879417874762e-06,22,22,TRUE,2366.0527245373,8.71343129071278e-17,-1e-08,0.00358809291374704,0.000863370361549533,4.10418502471932e-05,11,0.000190793306538444,fail,15935,341,family_A_target:education:high_school,estimated,-1,estimated,fail
group_pretrend,group_pretrend::A::education::high_school::ln_salario_real_adm,ln_salario_real_adm,ols,22,34.3717647668581,0.0450093701521494,TRUE,4.34689737519312e-05,22,22,TRUE,209.882846648875,4.45675991540844e-17,-1e-08,-0.00048753838555507,0.000555461308863044,0.380716570711096,5,0.0118361001909918,fail,15801,341,family_A_target:education:high_school,estimated,-1,estimated,fail
group_pretrend,group_pretrend::A::education::high_school::n_movimentacoes,n_movimentacoes,ppml,22,270.350361412965,1.19255326993451e-44,TRUE,3.27362604100592e-06,22,22,TRUE,12569.9310208894,2.01013334315545e-16,-1e-08,-0.0038969157358896,0.000912327026626087,2.52422712132445e-05,1,0.00619159397182148,fail,15935,341,family_A_target:education:high_school,estimated,-1,estimated,fail
group_pretrend,group_pretrend::A::education::higher_education::admissoes,admissoes,ppml,22,101.335409294766,3.76576882493998e-12,TRUE,3.40551668397994e-05,22,22,TRUE,4759.13023926868,7.91723450096052e-16,-1e-08,-0.00276630220280967,0.00115622228804069,0.0172763784873801,7,0.0016854528935366,fail,15926,340,family_A_target:education:higher_education,estimated,-1,estimated,fail
group_pretrend,group_pretrend::A::education::higher_education::asinh_saldo,asinh_saldo,ols,22,66.7696753267327,2.11064571302297e-06,TRUE,0.028814486781542,22,22,TRUE,174.438292151183,2.4553625131867e-14,-1e-08,-0.0209272016161194,0.0163027406771545,0.200134543947715,2,0.00204995737477688,fail,15935,341,family_A_target:education:higher_education,estimated,-1,estimated,fail
group_pretrend,group_pretrend::A::education::higher_education::desligamentos,desligamentos,ppml,22,173.118732833525,1.87810018221055e-25,TRUE,2.14877696010136e-05,22,22,TRUE,3757.53987947337,3.94419014410814e-16,-1e-08,-0.00143232238024967,0.000886124419340863,0.106937519491871,0,0.0981519701048589,fail,15935,341,family_A_target:education:higher_education,estimated,-1,estimated,fail
group_pretrend,group_pretrend::A::education::higher_education::ln_salario_real_adm,ln_salario_real_adm,ols,22,55.1624310564498,0.000112618724997306,TRUE,8.42498581404113e-05,22,22,TRUE,67.3081054174009,2.77012553625665e-17,-1e-08,-0.00070443990599578,0.000525778010450912,0.181206223052624,4,0.00588320744194588,fail,14892,340,family_A_target:education:higher_education,estimated,-1,estimated,fail
group_pretrend,group_pretrend::A::education::higher_education::n_movimentacoes,n_movimentacoes,ppml,22,98.2112859053531,1.32271567976687e-11,TRUE,1.18937944203102e-05,22,22,TRUE,8795.02350238879,5.10999338865796e-16,-1e-08,-0.000684065946928897,0.000970275682766644,0.481279073536488,3,0.0265045045112229,fail,15935,341,family_A_target:education:higher_education,estimated,-1,estimated,fail
group_pretrend,group_pretrend::A::income::high_income::admissoes,admissoes,ppml,22,,,TRUE,-1.99780699982018e-17,22,7,FALSE,Inf,8.93366293479479e-16,-1e-08,,,,0,0.0680400895638972,not_interpretable_rank_deficient,423,9,family_A_target:income:high_income,estimated,-1,estimated,not_interpretable_rank_deficient
group_pretrend,group_pretrend::A::income::high_income::asinh_saldo,asinh_saldo,ols,22,,,TRUE,-5.25544808402495e-15,22,7,FALSE,Inf,6.82069831598884e-13,-2.19134708620365e-07,,,,0,0.113305177698973,not_interpretable_rank_deficient,423,9,family_A_target:income:high_income,estimated,-1,estimated,not_interpretable_rank_deficient
group_pretrend,group_pretrend::A::income::high_income::desligamentos,desligamentos,ppml,22,,,TRUE,-9.55160136285667e-18,22,7,FALSE,Inf,7.07278029927065e-16,-1e-08,,,,1,0.0288435739405358,not_interpretable_rank_deficient,423,9,family_A_target:income:high_income,estimated,-1,estimated,not_interpretable_rank_deficient
group_pretrend,group_pretrend::A::income::high_income::ln_salario_real_adm,ln_salario_real_adm,ols,22,,,TRUE,-1.5126738936727e-17,22,7,FALSE,Inf,3.87991046239813e-16,-1e-08,,,,0,0.276616046599322,not_interpretable_rank_deficient,423,9,family_A_target:income:high_income,estimated,-1,estimated,not_interpretable_rank_deficient
group_pretrend,group_pretrend::A::income::high_income::n_movimentacoes,n_movimentacoes,ppml,22,,,TRUE,-9.1276672758154e-18,22,7,FALSE,Inf,5.72334186763407e-16,-1e-08,,,,3,0.0183479262144911,not_interpretable_rank_deficient,423,9,family_A_target:income:high_income,estimated,-1,estimated,not_interpretable_rank_deficient
group_pretrend,group_pretrend::A::income::low_income::admissoes,admissoes,ppml,22,312.766990784702,3.12001070440391e-53,TRUE,1.06405500916907e-05,22,22,TRUE,11880.4483666289,6.17532498703723e-16,-1e-08,-0.00439097064271671,0.00079242455068103,7.09351899665456e-08,3,0.00806673850691507,fail,12782,273,family_A_target:income:low_income,estimated,-1,estimated,fail
group_pretrend,group_pretrend::A::income::low_income::asinh_saldo,asinh_saldo,ols,22,61.80732045931,1.20259700718163e-05,TRUE,0.0545873566009825,22,22,TRUE,304.018165012501,8.10689417169331e-14,-1.61536329830221e-08,0.028381654270502,0.0280334972089142,0.312237344896763,21,2.80224865652592e-05,fail,12782,273,family_A_target:income:low_income,estimated,-1,estimated,fail
group_pretrend,group_pretrend::A::income::low_income::desligamentos,desligamentos,ppml,22,183.784106619333,1.63761162731969e-27,TRUE,5.33375845192593e-06,22,22,TRUE,3285.28275345982,8.55990616990545e-17,-1e-08,0.00482950871344107,0.000645803529227256,1.03992389607334e-12,9,0.000174341191300132,fail,12782,273,family_A_target:income:low_income,estimated,-1,estimated,fail
group_pretrend,group_pretrend::A::income::low_income::ln_salario_real_adm,ln_salario_real_adm,ols,22,38.6111971242883,0.0156297034665347,TRUE,1.99194900018092e-05,22,22,TRUE,499.061961897332,4.85618911142493e-17,-1e-08,-0.000159810462778704,0.000500839466975867,0.749906811019017,2,0.0312949628667512,fail,12755,273,family_A_target:income:low_income,estimated,-1,estimated,fail
group_pretrend,group_pretrend::A::income::low_income::n_movimentacoes,n_movimentacoes,ppml,22,247.698578200597,4.1528264275385e-40,TRUE,4.42061447558101e-06,22,22,TRUE,8468.89041010498,1.82882462475744e-16,-1e-08,-0.00267810730979321,0.000775387235142574,0.000640700874375753,1,0.0426496956657291,fail,12782,273,family_A_target:income:low_income,estimated,-1,estimated,fail
group_pretrend,group_pretrend::A::income::middle_income::admissoes,admissoes,ppml,22,554.456133552008,3.06114628046971e-103,TRUE,8.7607821113e-06,22,22,TRUE,8913.26058961835,3.81454189655525e-16,-1e-08,-0.00842344867730609,0.00105929124999947,8.25863079911467e-11,7,0.00129527184426632,fail,2726,58,family_A_target:income:middle_income,estimated,-1,estimated,fail
group_pretrend,group_pretrend::A::income::middle_income::asinh_saldo,asinh_saldo,ols,22,27.367607662211,0.197595862235221,TRUE,0.031164382443593,22,22,TRUE,617.374750124701,9.39875426655163e-14,-1.97187042650745e-08,-0.0109151804695469,0.0170292080876884,0.524112180001189,1,0.0149613446305595,warning,2726,58,family_A_target:income:middle_income,estimated,-1,estimated,warning
group_pretrend,group_pretrend::A::income::middle_income::desligamentos,desligamentos,ppml,22,265.103602622082,1.3531915015307e-43,TRUE,8.55702564301985e-06,22,22,TRUE,8081.64437823266,3.37820091902573e-16,-1e-08,-0.00353334974517971,0.000693672953416731,4.13389423463701e-06,10,0.00396084670908731,fail,2726,58,family_A_target:income:middle_income,estimated,-1,estimated,fail
group_pretrend,group_pretrend::A::income::middle_income::ln_salario_real_adm,ln_salario_real_adm,ols,22,53.9102362221607,0.00016934299690284,TRUE,3.41605523605127e-05,22,22,TRUE,740.808203834901,1.2362137615715e-16,-1e-08,-0.00270665436098973,0.000859879611402523,0.00261747106917004,5,0.0102049934995411,fail,2725,58,family_A_target:income:middle_income,estimated,-1,estimated,fail
group_pretrend,group_pretrend::A::income::middle_income::n_movimentacoes,n_movimentacoes,ppml,22,240.185680948208,1.30965515409201e-38,TRUE,4.62112573232225e-06,22,22,TRUE,14172.3828975683,3.19928970542038e-16,-1e-08,0.000991725763610771,0.000772309372180015,0.204300516399266,7,0.0104685376393647,fail,2726,58,family_A_target:income:middle_income,estimated,-1,estimated,fail
group_pretrend,group_pretrend::A::race_color::race_black::admissoes,admissoes,ppml,22,214.078352523384,1.955625830532e-33,TRUE,3.6057407463392e-05,22,22,TRUE,2785.80877417092,4.90691693028778e-16,-1e-08,0.00156718219186721,0.00119652420479844,0.191157535500926,12,0.00170171037293885,fail,15926,340,family_A_target:race_color:race_black,estimated,-1,estimated,fail
group_pretrend,group_pretrend::A::race_color::race_black::asinh_saldo,asinh_saldo,ols,22,58.8096069275616,3.34652679728972e-05,TRUE,0.0268806540881665,22,22,TRUE,111.779473544472,1.46779295329445e-14,-1e-08,0.0243063655380318,0.0108594246251424,0.0258500827276691,15,3.35750914213448e-05,fail,15935,341,family_A_target:race_color:race_black,estimated,-1,estimated,fail
group_pretrend,group_pretrend::A::race_color::race_black::desligamentos,desligamentos,ppml,22,220.537594933861,1.03871717749277e-34,TRUE,2.90587433795284e-05,22,22,TRUE,755.56147928559,1.07253023562042e-16,-1e-08,0.00612467271860586,0.000734561310451592,1.91982221242688e-15,10,4.74228497525243e-06,fail,15926,340,family_A_target:race_color:race_black,estimated,-1,estimated,fail
group_pretrend,group_pretrend::A::race_color::race_black::ln_salario_real_adm,ln_salario_real_adm,ols,22,29.455947550258,0.132298040985531,TRUE,0.00016996346169234,22,22,TRUE,62.7227978740194,5.20767528614163e-17,-1e-08,0.000716802995691883,0.000793411104923298,0.36693338711804,2,0.0228974327796898,fail,14922,339,family_A_target:race_color:race_black,estimated,-1,estimated,fail
group_pretrend,group_pretrend::A::race_color::race_black::n_movimentacoes,n_movimentacoes,ppml,22,233.760512528075,2.48696323987668e-37,TRUE,1.75270127541498e-05,22,22,TRUE,2294.80432382032,1.96479149026382e-16,-1e-08,0.00323668336014253,0.000932151838402812,0.000582901163897421,6,0.000514731654466975,fail,15926,340,family_A_target:race_color:race_black,estimated,-1,estimated,fail
group_pretrend,group_pretrend::A::race_color::race_indigenous::admissoes,admissoes,ppml,22,150.576107534457,3.72580424614471e-21,TRUE,0.000527160258710946,22,22,TRUE,1754.01076444589,4.51687241033739e-15,-1e-08,0.00998070456318442,0.00170533827850304,1.20081008957803e-08,3,0.000207719346141188,fail,15040,320,family_A_target:race_color:race_indigenous,estimated,-1,estimated,fail
group_pretrend,group_pretrend::A::race_color::race_indigenous::asinh_saldo,asinh_saldo,ols,22,36.7251561253865,0.0253513678894933,TRUE,0.00895584488790667,22,22,TRUE,84.8468835339707,3.71197775169819e-15,-1e-08,0.00716176999416264,0.00469514821675258,0.128100094022275,3,0.000337436578851432,fail,15935,341,family_A_target:race_color:race_indigenous,estimated,-1,estimated,fail
group_pretrend,group_pretrend::A::race_color::race_indigenous::desligamentos,desligamentos,ppml,22,86.1295569453633,1.54789057503896e-09,TRUE,0.000449619587028785,22,22,TRUE,1253.98202620863,2.75422515390911e-15,-1e-08,-3.40911319532627e-05,0.00249481938805827,0.989105866958404,3,0.00541356365654914,fail,15185,324,family_A_target:race_color:race_indigenous,estimated,-1,estimated,fail
group_pretrend,group_pretrend::A::race_color::race_indigenous::ln_salario_real_adm,ln_salario_real_adm,ols,22,21.5625223607459,0.486245043970808,TRUE,0.00104546594561495,22,22,TRUE,115.542834109978,5.90086682423777e-16,-1e-08,-0.000540531591874809,0.0015267081054601,0.723544958792243,0,0.0971838471182348,pass,8228,307,family_A_target:race_color:race_indigenous,estimated,-1,estimated,pass
group_pretrend,group_pretrend::A::race_color::race_indigenous::n_movimentacoes,n_movimentacoes,ppml,22,149.463171686789,6.04158952569034e-21,TRUE,0.000301054744362591,22,22,TRUE,1941.18105454887,2.85479170415477e-15,-1e-08,0.010430897027093,0.0015221413865959,3.59515906022862e-11,5,0.00193389590907894,fail,15420,329,family_A_target:race_color:race_indigenous,estimated,-1,estimated,fail
group_pretrend,group_pretrend::A::race_color::race_pardo::admissoes,admissoes,ppml,22,238.612994126935,2.69393056103457e-38,TRUE,2.4014470752961e-05,22,22,TRUE,4613.8624844134,5.41253318871594e-16,-1e-08,-0.00613567500325215,0.000869394922859736,9.57989586177082e-12,7,0.00320679066737006,fail,15935,341,family_A_target:race_color:race_pardo,estimated,-1,estimated,fail
group_pretrend,group_pretrend::A::race_color::race_pardo::asinh_saldo,asinh_saldo,ols,22,99.2545770097977,8.70385503347706e-12,TRUE,0.038345404902094,22,22,TRUE,147.525317004238,2.76339387604675e-14,-1e-08,0.00412603490893187,0.0161677381638597,0.798721590921367,21,1.01819161140543e-09,fail,15935,341,family_A_target:race_color:race_pardo,estimated,-1,estimated,fail
group_pretrend,group_pretrend::A::race_color::race_pardo::desligamentos,desligamentos,ppml,22,103.085962159378,1.85523487667084e-12,TRUE,1.03065056447288e-05,22,22,TRUE,2658.84782726578,1.33865244019524e-16,-1e-08,0.000385127709184155,0.000544245735162261,0.479656292768976,16,7.88185169437884e-06,fail,15935,341,family_A_target:race_color:race_pardo,estimated,-1,estimated,fail
group_pretrend,group_pretrend::A::race_color::race_pardo::ln_salario_real_adm,ln_salario_real_adm,ols,22,28.9551684239088,0.146145225017026,TRUE,5.18811679403377e-05,22,22,TRUE,133.315450430835,3.37872725359046e-17,-1e-08,-0.00117557628991978,0.000563784299198762,0.0378032021205817,4,0.0266719106017258,fail,15804,340,family_A_target:race_color:race_pardo,estimated,-1,estimated,fail
group_pretrend,group_pretrend::A::race_color::race_pardo::n_movimentacoes,n_movimentacoes,ppml,22,232.875064964684,3.72916586506233e-37,TRUE,6.07899265649107e-06,22,22,TRUE,6038.33167260679,1.79312881364334e-16,-1e-08,-0.00523055961734174,0.000701350806073971,7.39100607718303e-13,2,0.00572252189769125,fail,15935,341,family_A_target:race_color:race_pardo,estimated,-1,estimated,fail
group_pretrend,group_pretrend::A::race_color::race_unknown::admissoes,admissoes,ppml,22,159.443152412986,7.77497640547312e-23,TRUE,1.50570576915633e-05,22,22,TRUE,5298.07085577098,3.896913653202e-16,-1e-08,-0.00400318172606516,0.000863095346587248,5.02690174167474e-06,1,0.0408893689593963,fail,15931,340,family_A_target:race_color:race_unknown,estimated,-1,estimated,fail
group_pretrend,group_pretrend::A::race_color::race_unknown::asinh_saldo,asinh_saldo,ols,22,57.9072170045231,4.5337017314705e-05,TRUE,0.021381396665821,22,22,TRUE,199.037799034829,2.0789044911856e-14,-1e-08,0.0161530082389998,0.0118347479976117,0.173193360894771,17,0.000657904116422728,fail,15935,341,family_A_target:race_color:race_unknown,estimated,-1,estimated,fail
group_pretrend,group_pretrend::A::race_color::race_unknown::desligamentos,desligamentos,ppml,22,181.381894385505,4.77956983854877e-27,TRUE,1.3660871841789e-05,22,22,TRUE,2406.46854782197,1.60591114918954e-16,-1e-08,0.00400297436085269,0.000840092280009136,2.80681751966004e-06,2,0.0343019129194053,fail,15926,340,family_A_target:race_color:race_unknown,estimated,-1,estimated,fail
group_pretrend,group_pretrend::A::race_color::race_unknown::ln_salario_real_adm,ln_salario_real_adm,ols,22,26.851453421994,0.216922842237624,TRUE,6.06568423050016e-05,22,22,TRUE,133.418577372909,3.95329305695427e-17,-1e-08,0.000492207044342664,0.000551921192952961,0.373130947209209,1,0.00738763322652473,warning,14437,339,family_A_target:race_color:race_unknown,estimated,-1,estimated,warning
group_pretrend,group_pretrend::A::race_color::race_unknown::n_movimentacoes,n_movimentacoes,ppml,22,135.89214525943,2.09495170790953e-18,TRUE,9.04233433964931e-06,22,22,TRUE,2578.58654853513,1.13900381860139e-16,-1e-08,0.000189321417575879,0.00090411906411124,0.834262363047108,0,0.0692001243104573,fail,15935,341,family_A_target:race_color:race_unknown,estimated,-1,estimated,fail
group_pretrend,group_pretrend::A::race_color::race_white::admissoes,admissoes,ppml,22,194.812610045966,1.17375383206092e-29,TRUE,1.2307196014083e-05,22,22,TRUE,8832.41189220427,5.31008334538563e-16,-1e-08,-0.000249611564894887,0.000616010678383959,0.685580525597033,4,0.00158700295295264,fail,15935,341,family_A_target:race_color:race_white,estimated,-1,estimated,fail
group_pretrend,group_pretrend::A::race_color::race_white::asinh_saldo,asinh_saldo,ols,22,59.3682653592929,2.77013587725476e-05,TRUE,0.0593197688500594,22,22,TRUE,129.48538940002,3.75217532845794e-14,-1e-08,0.0116734203054022,0.0177843121841413,0.512018087551861,17,4.62934166041912e-05,fail,15935,341,family_A_target:race_color:race_white,estimated,-1,estimated,fail
group_pretrend,group_pretrend::A::race_color::race_white::desligamentos,desligamentos,ppml,22,118.344831663785,3.48227235177365e-15,TRUE,1.01793924911974e-05,22,22,TRUE,1485.95002192754,7.3890561869368e-17,-1e-08,-0.00093609987412089,0.000799541451431136,0.242500732622937,9,7.39057729059862e-05,fail,15935,341,family_A_target:race_color:race_white,estimated,-1,estimated,fail
group_pretrend,group_pretrend::A::race_color::race_white::ln_salario_real_adm,ln_salario_real_adm,ols,22,56.602781049862,7.00462064715377e-05,TRUE,4.5594997863719e-05,22,22,TRUE,141.156747611559,3.14399429440933e-17,-1e-08,-0.00048902071151548,0.000661436053356329,0.460215662374078,6,0.000301587781928481,fail,15802,341,family_A_target:race_color:race_white,estimated,-1,estimated,fail
group_pretrend,group_pretrend::A::race_color::race_white::n_movimentacoes,n_movimentacoes,ppml,22,198.519027508538,2.21658925051915e-30,TRUE,5.52891482873005e-06,22,22,TRUE,6496.94628519037,1.75473719658722e-16,-1e-08,-0.000495592244668783,0.000567978013154884,0.383521276448521,2,0.0294530480226533,fail,15935,341,family_A_target:race_color:race_white,estimated,-1,estimated,fail
group_pretrend,group_pretrend::A::race_color::race_yellow::admissoes,admissoes,ppml,22,139.34769335988,4.76519144471472e-19,TRUE,0.000281983648797731,22,22,TRUE,541.119647671283,7.45384118672838e-16,-1e-08,0.00493417617485307,0.00164304256947086,0.00287252474149661,3,0.00137863189028496,fail,15832,338,family_A_target:race_color:race_yellow,estimated,-1,estimated,fail
group_pretrend,group_pretrend::A::race_color::race_yellow::asinh_saldo,asinh_saldo,ols,22,66.9477797226787,1.98091473011155e-06,TRUE,0.0133174979670065,22,22,TRUE,97.6423951355729,6.35219716197532e-15,-1e-08,-0.00362017105785111,0.00640507342553628,0.572307988312252,1,0.0290385817835202,fail,15935,341,family_A_target:race_color:race_yellow,estimated,-1,estimated,fail
group_pretrend,group_pretrend::A::race_color::race_yellow::desligamentos,desligamentos,ppml,22,107.976877257427,2.53047154409879e-13,TRUE,0.000268895430227387,22,22,TRUE,2148.37691046962,2.82199866583374e-15,-1e-08,-0.00307804773964026,0.00133567110715355,0.0218023960255498,0,0.14552505852181,fail,15832,338,family_A_target:race_color:race_yellow,estimated,-1,estimated,fail
group_pretrend,group_pretrend::A::race_color::race_yellow::ln_salario_real_adm,ln_salario_real_adm,ols,22,36.0387335875762,0.0300772873730631,TRUE,0.000593990143412036,22,22,TRUE,44.0710917706286,1.27878034975722e-16,-1e-08,0.000207433490378184,0.00116119529605396,0.858331319858441,2,0.0113270004584332,fail,11300,332,family_A_target:race_color:race_yellow,estimated,-1,estimated,fail
group_pretrend,group_pretrend::A::race_color::race_yellow::n_movimentacoes,n_movimentacoes,ppml,22,110.438117585915,9.21611968756843e-14,TRUE,0.000152475894817857,22,22,TRUE,1182.10700475813,8.80482822887227e-16,-1e-08,0.00404099495518189,0.00152942468969014,0.0086208655652491,0,0.105930229311637,fail,15879,339,family_A_target:race_color:race_yellow,estimated,-1,estimated,fail
group_pretrend,group_pretrend::A::sex::men::admissoes,admissoes,ppml,22,284.084824862516,2.03067758536115e-47,TRUE,9.3338336991553e-06,22,22,TRUE,3435.51545790488,1.56644399453657e-16,-1e-08,-0.00558164991016652,0.00088958901992213,1.06790223438759e-09,5,0.000875286860031026,fail,15935,341,family_A_target:sex:men,estimated,-1,estimated,fail
group_pretrend,group_pretrend::A::sex::men::asinh_saldo,asinh_saldo,ols,22,84.59982794803,2.794490974489e-09,TRUE,0.0509605336999642,22,22,TRUE,147.296902971348,3.66682758225996e-14,-1e-08,0.00506769925322995,0.0175173116431737,0.772530711641209,20,5.06268573824736e-07,fail,15935,341,family_A_target:sex:men,estimated,-1,estimated,fail
group_pretrend,group_pretrend::A::sex::men::desligamentos,desligamentos,ppml,22,107.491091044668,3.08694708423152e-13,TRUE,9.75393141385873e-06,22,22,TRUE,3049.00789291163,1.45278434857909e-16,-1e-08,0.00155771792384988,0.000734997124845373,0.0347850754264105,16,8.32458927739403e-05,fail,15935,341,family_A_target:sex:men,estimated,-1,estimated,fail
group_pretrend,group_pretrend::A::sex::men::ln_salario_real_adm,ln_salario_real_adm,ols,22,51.3657458197791,0.000382194239480021,TRUE,3.58154445781507e-05,22,22,TRUE,174.406831909876,3.0513831659422e-17,-1e-08,-0.000464557866518811,0.000517436446163665,0.369923967123074,11,0.000238251310031739,fail,15867,341,family_A_target:sex:men,estimated,-1,estimated,fail
group_pretrend,group_pretrend::A::sex::men::n_movimentacoes,n_movimentacoes,ppml,22,202.322726593477,3.99259871421995e-31,TRUE,5.99993375946935e-06,22,22,TRUE,2344.18824187263,6.87071359275888e-17,-1e-08,-0.00243045221910608,0.000965032954392274,0.0122434562807448,3,0.000127025668663271,fail,15935,341,family_A_target:sex:men,estimated,-1,estimated,fail
group_pretrend,group_pretrend::A::sex::women::admissoes,admissoes,ppml,22,383.738316913134,9.24034610245505e-68,TRUE,1.09076018854771e-05,22,22,TRUE,19009.0003125965,1.01286476279863e-15,-1e-08,-0.000430980864567951,0.00100912628408067,0.66958986275274,1,0.0341249065537184,fail,15926,340,family_A_target:sex:women,estimated,-1,estimated,fail
group_pretrend,group_pretrend::A::sex::women::asinh_saldo,asinh_saldo,ols,22,48.554314780242,0.000916233798278664,TRUE,0.034192654764222,22,22,TRUE,181.612995300131,3.03349056713609e-14,-1e-08,0.000980809139080196,0.0178750203003529,0.956273958198038,5,0.0139715722154859,fail,15935,341,family_A_target:sex:women,estimated,-1,estimated,fail
group_pretrend,group_pretrend::A::sex::women::desligamentos,desligamentos,ppml,22,190.374814923377,8.59581875819947e-29,TRUE,7.81037319064294e-06,22,22,TRUE,3210.41690781243,1.22488728326087e-16,-1e-08,-0.000683930635169489,0.00068651978057579,0.319847558904992,1,0.0113721326373465,fail,15935,341,family_A_target:sex:women,estimated,-1,estimated,fail
group_pretrend,group_pretrend::A::sex::women::ln_salario_real_adm,ln_salario_real_adm,ols,22,42.2323596787606,0.00585809402866934,TRUE,6.82622165605079e-05,22,22,TRUE,72.5470868413797,2.4191526329177e-17,-1e-08,-0.000149224253759202,0.000584835049167207,0.798757234503001,1,0.0290807974399337,fail,15418,340,family_A_target:sex:women,estimated,-1,estimated,fail
group_pretrend,group_pretrend::A::sex::women::n_movimentacoes,n_movimentacoes,ppml,22,290.717000080661,9.26762446932648e-49,TRUE,4.45140072454306e-06,22,22,TRUE,17746.1031922704,3.85889179582339e-16,-1e-08,-0.00053748499241194,0.000715608168809201,0.453118987508223,0,0.069764699089018,fail,15935,341,family_A_target:sex:women,estimated,-1,estimated,fail
group_pretrend,group_pretrend::B::age_pnad::age_18_24::admissoes,admissoes,ppml,22,305.465434863898,9.50123176679076e-52,TRUE,8.35484271100318e-06,22,22,TRUE,15420.6196295559,6.29365611458697e-16,-1e-08,-0.00347764703833181,0.000836613958667469,4.08886993339477e-05,7,0.0113724035106022,fail,15935,341,family_B_target:age_pnad:age_18_24,estimated,-1,estimated,fail
group_pretrend,group_pretrend::B::age_pnad::age_18_24::asinh_saldo,asinh_saldo,ols,22,66.1377485449148,2.64200961232532e-06,TRUE,0.00792341510196352,22,22,TRUE,308.797464303228,1.19522327205204e-14,-1e-08,0.0164552803178085,0.00839900968262969,0.0509070796075348,21,1.83599727086302e-09,fail,15935,341,family_B_target:age_pnad:age_18_24,estimated,-1,estimated,fail
group_pretrend,group_pretrend::B::age_pnad::age_18_24::desligamentos,desligamentos,ppml,22,165.639065479657,5.11198582361842e-24,TRUE,7.4673813429222e-06,22,22,TRUE,4076.17802652206,1.48690896574193e-16,-1e-08,0.00488107634732035,0.00077068835580403,7.61837020504802e-10,9,0.000103227311379832,fail,15926,340,family_B_target:age_pnad:age_18_24,estimated,-1,estimated,fail
group_pretrend,group_pretrend::B::age_pnad::age_18_24::ln_salario_real_adm,ln_salario_real_adm,ols,22,15.5101419113177,0.839431656950666,TRUE,4.923107441971e-05,22,22,TRUE,122.057443061676,2.93539458035398e-17,-1e-08,-0.000555945078065585,0.000494501360092626,0.261700773558632,1,0.0325562496432996,warning,15616,340,family_B_target:age_pnad:age_18_24,estimated,-1,estimated,warning
group_pretrend,group_pretrend::B::age_pnad::age_18_24::n_movimentacoes,n_movimentacoes,ppml,22,359.608474792777,8.41299658885396e-63,TRUE,3.98953604058458e-06,22,22,TRUE,13036.5115128679,2.54066082734327e-16,-1e-08,-0.00205352663837121,0.00102117291368682,0.0451198473499902,0,0.0548890904842052,fail,15935,341,family_B_target:age_pnad:age_18_24,estimated,-1,estimated,fail
group_pretrend,group_pretrend::B::age_pnad::age_25_34::admissoes,admissoes,ppml,22,254.848850712922,1.54249602010913e-41,TRUE,9.11952238937718e-06,22,22,TRUE,8841.43498912385,3.93874403187505e-16,-1e-08,-0.00394141381467323,0.00089860976499941,1.54098800275944e-05,7,0.000816602096570231,fail,15935,341,family_B_target:age_pnad:age_25_34,estimated,-1,estimated,fail
group_pretrend,group_pretrend::B::age_pnad::age_25_34::asinh_saldo,asinh_saldo,ols,22,86.964576520719,1.11981853588469e-09,TRUE,0.0447866690497958,22,22,TRUE,150.438209289755,3.2913178498604e-14,-1e-08,-0.0225049940816037,0.0194532990882949,0.248136448590991,21,6.70387363243528e-07,fail,15935,341,family_B_target:age_pnad:age_25_34,estimated,-1,estimated,fail
group_pretrend,group_pretrend::B::age_pnad::age_25_34::desligamentos,desligamentos,ppml,22,111.345471168712,6.34323887854378e-14,TRUE,8.21975272012038e-06,22,22,TRUE,2529.08212925224,1.01551090569805e-16,-1e-08,0.000700501332430156,0.000941228355439222,0.45724435304447,14,0.000117795016221507,fail,15935,341,family_B_target:age_pnad:age_25_34,estimated,-1,estimated,fail
group_pretrend,group_pretrend::B::age_pnad::age_25_34::ln_salario_real_adm,ln_salario_real_adm,ols,22,63.7134159359182,6.20360626826928e-06,TRUE,3.95369017041657e-05,22,22,TRUE,137.31642304592,2.65208855426362e-17,-1e-08,-0.00117867999243554,0.000540162636170117,0.0297874825067502,5,0.000387015277541674,fail,15828,341,family_B_target:age_pnad:age_25_34,estimated,-1,estimated,fail
group_pretrend,group_pretrend::B::age_pnad::age_25_34::n_movimentacoes,n_movimentacoes,ppml,22,183.54944280297,1.81838033842961e-27,TRUE,5.86687229683352e-06,22,22,TRUE,4844.74354801031,1.38848225707168e-16,-1e-08,-0.00143450496343613,0.00086433669629634,0.0979049073240846,1,0.0140526124563343,fail,15935,341,family_B_target:age_pnad:age_25_34,estimated,-1,estimated,fail
group_pretrend,group_pretrend::B::age_pnad::age_35_44::admissoes,admissoes,ppml,22,154.489581808857,6.77992314119087e-22,TRUE,1.92405020137189e-05,22,22,TRUE,4053.69505228199,3.81004741525702e-16,-1e-08,-0.00409776676951758,0.000786126084940409,3.23849864500752e-07,5,0.00258958479001277,fail,15935,341,family_B_target:age_pnad:age_35_44,estimated,-1,estimated,fail
group_pretrend,group_pretrend::B::age_pnad::age_35_44::asinh_saldo,asinh_saldo,ols,22,78.1437317339919,3.26492262123862e-08,TRUE,0.0562461139548982,22,22,TRUE,113.654695517258,3.1227902269083e-14,-1e-08,-0.0164232760266344,0.0159014081930031,0.302422708213912,18,4.59327625903136e-08,fail,15935,341,family_B_target:age_pnad:age_35_44,estimated,-1,estimated,fail
group_pretrend,group_pretrend::B::age_pnad::age_35_44::desligamentos,desligamentos,ppml,22,147.089740789933,1.69069032568346e-20,TRUE,1.37301457037647e-05,22,22,TRUE,1447.87927439718,9.71114421714062e-17,-1e-08,0.000219783452225538,0.000863945180780278,0.799344096030534,10,0.000230026508297468,fail,15935,341,family_B_target:age_pnad:age_35_44,estimated,-1,estimated,fail
group_pretrend,group_pretrend::B::age_pnad::age_35_44::ln_salario_real_adm,ln_salario_real_adm,ols,22,44.8590195857451,0.00276529502817461,TRUE,5.8999960438146e-05,22,22,TRUE,191.984079914767,5.53324427685524e-17,-1e-08,-0.00104327912872114,0.000621069772724053,0.0939155893105675,10,0.00025010013032019,fail,15775,340,family_B_target:age_pnad:age_35_44,estimated,-1,estimated,fail
group_pretrend,group_pretrend::B::age_pnad::age_35_44::n_movimentacoes,n_movimentacoes,ppml,22,188.630171976795,1.87762193274275e-28,TRUE,9.60480935167357e-06,22,22,TRUE,2502.35589549579,1.17408822383872e-16,-1e-08,-0.001487082367159,0.000729626084163344,0.0423091360403308,0,0.0814422721816755,fail,15935,341,family_B_target:age_pnad:age_35_44,estimated,-1,estimated,fail
group_pretrend,group_pretrend::B::age_pnad::age_45_54::admissoes,admissoes,ppml,22,108.942939290992,1.70324400567702e-13,TRUE,2.24874766222749e-05,22,22,TRUE,5015.45296614064,5.50952037143135e-16,-1e-08,-0.00224527115927154,0.00079821735216206,0.00519569388066549,1,0.0439711742789806,fail,15935,341,family_B_target:age_pnad:age_45_54,estimated,-1,estimated,fail
group_pretrend,group_pretrend::B::age_pnad::age_45_54::asinh_saldo,asinh_saldo,ols,22,77.8421771899072,3.65675151513042e-08,TRUE,0.0360822126500531,22,22,TRUE,148.791151819613,2.62260674441428e-14,-1e-08,-0.0244296190634104,0.0134146016463832,0.0694671336513672,14,3.11366552705598e-05,fail,15935,341,family_B_target:age_pnad:age_45_54,estimated,-1,estimated,fail
group_pretrend,group_pretrend::B::age_pnad::age_45_54::desligamentos,desligamentos,ppml,22,98.7187753517641,1.07922670210627e-11,TRUE,2.70341328499664e-05,22,22,TRUE,619.356940507135,8.179304163898e-17,-1e-08,-0.00302570548831315,0.000756201164027744,7.73845669242711e-05,4,0.000344383023309282,fail,15935,341,family_B_target:age_pnad:age_45_54,estimated,-1,estimated,fail
group_pretrend,group_pretrend::B::age_pnad::age_45_54::ln_salario_real_adm,ln_salario_real_adm,ols,22,27.4216277514177,0.195648488266818,TRUE,0.000130843944535885,22,22,TRUE,86.025596358803,5.49849996400791e-17,-1e-08,0.000474412294019469,0.000654470341810205,0.469027315229278,1,0.044210177409474,warning,15478,339,family_B_target:age_pnad:age_45_54,estimated,-1,estimated,warning
group_pretrend,group_pretrend::B::age_pnad::age_45_54::n_movimentacoes,n_movimentacoes,ppml,22,147.463869047231,1.43776584663966e-20,TRUE,1.37631594984564e-05,22,22,TRUE,2619.80491396829,1.76136759286136e-16,-1e-08,-0.00267730856600209,0.000687757957766464,0.000119267307958589,0,0.140085925359503,fail,15935,341,family_B_target:age_pnad:age_45_54,estimated,-1,estimated,fail
group_pretrend,group_pretrend::B::age_pnad::age_55_65::admissoes,admissoes,ppml,22,110.029305438739,1.09031884672088e-13,TRUE,6.11800175502321e-05,22,22,TRUE,2489.85782039287,7.44126980763497e-16,-1e-08,-0.00423931062937534,0.00128819998555969,0.00110379320508522,0,0.151184215131945,fail,15926,340,family_B_target:age_pnad:age_55_65,estimated,-1,estimated,fail
group_pretrend,group_pretrend::B::age_pnad::age_55_65::asinh_saldo,asinh_saldo,ols,22,99.4212081547491,8.1402914378086e-12,TRUE,0.0194831309290229,22,22,TRUE,102.956343972069,9.79884228220255e-15,-1e-08,0.0435090618811539,0.0100528217558823,1.98098439150085e-05,15,1.09331319849188e-07,fail,15935,341,family_B_target:age_pnad:age_55_65,estimated,-1,estimated,fail
group_pretrend,group_pretrend::B::age_pnad::age_55_65::desligamentos,desligamentos,ppml,22,158.271417881671,1.29882654748045e-22,TRUE,5.10627625771634e-05,22,22,TRUE,792.168295296042,1.97598967154295e-16,-1e-08,-0.00607023727745675,0.000996462266602725,3.02199722195243e-09,7,1.19802591697898e-05,fail,15935,341,family_B_target:age_pnad:age_55_65,estimated,-1,estimated,fail
group_pretrend,group_pretrend::B::age_pnad::age_55_65::ln_salario_real_adm,ln_salario_real_adm,ols,22,30.0377788491645,0.117549069576798,TRUE,0.000321234026627593,22,22,TRUE,101.198570040394,1.5880304430264e-16,-1e-08,-0.000992469838377436,0.00122930959938128,0.420040527949294,4,0.00507384871229493,fail,14512,338,family_B_target:age_pnad:age_55_65,estimated,-1,estimated,fail
group_pretrend,group_pretrend::B::age_pnad::age_55_65::n_movimentacoes,n_movimentacoes,ppml,22,106.410643754406,4.79985629665907e-13,TRUE,3.04709708660282e-05,22,22,TRUE,1144.77249760333,1.70399527221629e-16,-1e-08,-0.0027782779157234,0.00102443246569566,0.00702746465152679,1,0.0438518079239185,fail,15935,341,family_B_target:age_pnad:age_55_65,estimated,-1,estimated,fail
group_pretrend,group_pretrend::B::race_aggregate::race_negra::admissoes,admissoes,ppml,22,290.924018571174,8.41557801776616e-49,TRUE,2.15755338520502e-05,22,22,TRUE,4946.71625835742,5.21364500450026e-16,-1e-08,-0.00632871681587761,0.000908058566387152,1.65892140235831e-11,7,0.00520809935442182,fail,15935,341,family_B_target:race_aggregate:race_negra,estimated,-1,estimated,fail
group_pretrend,group_pretrend::B::race_aggregate::race_negra::asinh_saldo,asinh_saldo,ols,22,109.805378295139,1.19541321651914e-13,TRUE,0.0415363012079307,22,22,TRUE,135.343436005372,2.74617319856629e-14,-1e-08,0.0165232363196738,0.0165808219775051,0.319702850790053,20,2.38004173770854e-11,fail,15935,341,family_B_target:race_aggregate:race_negra,estimated,-1,estimated,fail
group_pretrend,group_pretrend::B::race_aggregate::race_negra::desligamentos,desligamentos,ppml,22,122.367413312584,6.46799684796203e-16,TRUE,1.03424484440694e-05,22,22,TRUE,2458.91646805272,1.24231018712258e-16,-1e-08,0.00150726108685781,0.000525965584749931,0.00441983285260903,15,1.00485532348711e-05,fail,15935,341,family_B_target:race_aggregate:race_negra,estimated,-1,estimated,fail
group_pretrend,group_pretrend::B::race_aggregate::race_negra::ln_salario_real_adm,ln_salario_real_adm,ols,22,30.1734385570757,0.114309495926769,TRUE,5.31617652518712e-05,22,22,TRUE,122.600016962453,3.18385169508624e-17,-1e-08,-0.000649434246039133,0.000562081167802766,0.248736246057445,7,0.014052582861202,fail,15825,340,family_B_target:race_aggregate:race_negra,estimated,-1,estimated,fail
group_pretrend,group_pretrend::B::race_aggregate::race_negra::n_movimentacoes,n_movimentacoes,ppml,22,297.022097635339,4.90170391504861e-50,TRUE,5.70057515288095e-06,22,22,TRUE,6295.92369238573,1.75323865566724e-16,-1e-08,-0.00523814642342101,0.000706961755454169,1.0130191450422e-12,2,0.00852896596018096,fail,15935,341,family_B_target:race_aggregate:race_negra,estimated,-1,estimated,fail
national_pretrend,national_pretrend::balanced::admissoes,admissoes,ppml,22,308.66874195439,2.12415075260163e-52,TRUE,9.85519110568917e-06,22,22,TRUE,9984.21773090972,4.80664446719561e-16,-1e-08,-0.00597926867801228,0.00080140225071347,7.23971104307912e-13,3,0.00288359931955066,fail,15935,341,v_a:balanced:-23_23,estimated,-1,estimated,fail
national_pretrend,national_pretrend::balanced::asinh_saldo,asinh_saldo,ols,22,67.757972908191,1.4831703467485e-06,TRUE,0.0414509560298576,22,22,TRUE,210.601014053874,4.26439981581409e-14,-1e-08,0.00212525065430801,0.0210996856524413,0.919828704731137,21,1.02504832554159e-06,fail,15935,341,v_a:balanced:-23_23,estimated,-1,estimated,fail
national_pretrend,national_pretrend::balanced::desligamentos,desligamentos,ppml,22,135.855147345443,2.12835995073483e-18,TRUE,5.9496017097437e-06,22,22,TRUE,3178.14418603969,9.2368607391172e-17,-1e-08,0.00333702650237728,0.000734181860631039,7.63773448341808e-06,10,6.2341055006317e-05,fail,15935,341,v_a:balanced:-23_23,estimated,-1,estimated,fail
national_pretrend,national_pretrend::balanced::ln_salario_real_adm,ln_salario_real_adm,ols,22,54.1238912452934,0.000158009796664742,TRUE,2.43962385352834e-05,22,22,TRUE,189.80248116694,2.26197428150377e-17,-1e-08,-0.00058367853464618,0.000475826310613623,0.220798059698161,11,0.00139179588296284,fail,15907,341,v_a:balanced:-23_23,estimated,-1,estimated,fail
national_pretrend,national_pretrend::balanced::n_movimentacoes,n_movimentacoes,ppml,22,262.57953619723,4.34751099685463e-43,TRUE,4.68023453838217e-06,22,22,TRUE,6749.36827200784,1.54309850003671e-16,-1e-08,-0.00259851759810779,0.000787086833816174,0.00106402393649144,1,0.0222067591625962,fail,15935,341,v_a:balanced:-23_23,estimated,-1,estimated,fail
national_pretrend,national_pretrend::continuous::admissoes,admissoes,ppml,22,257.263712533769,5.06362078534012e-42,TRUE,7.40284180512486e-07,22,22,TRUE,19166.5185412611,6.93113900440897e-17,-1e-08,-0.00151588403487066,0.000275860703309253,6.66099265564186e-08,1,0.014741107428764,fail,20294,436,continuous:event_-23_23,estimated,-1,estimated,fail
national_pretrend,national_pretrend::continuous::asinh_saldo,asinh_saldo,ols,22,78.229185632241,3.16164680865326e-08,TRUE,0.00590311780981269,22,22,TRUE,231.184386991598,6.66657635504465e-15,-1e-08,0.00309528814913702,0.00807873379277528,0.701802933368406,21,1.10023303349968e-08,fail,20294,436,continuous:event_-23_23,estimated,-1,estimated,fail
national_pretrend,national_pretrend::continuous::desligamentos,desligamentos,ppml,22,210.10715216249,1.18339498297644e-32,TRUE,4.0106800833982e-07,22,22,TRUE,8249.18143890838,1.61618764911196e-17,-1e-08,0.00145677188024665,0.00021827373244311,7.59728625078228e-11,12,0.000237657110477229,fail,20294,436,continuous:event_-23_23,estimated,-1,estimated,fail
national_pretrend,national_pretrend::continuous::ln_salario_real_adm,ln_salario_real_adm,ols,22,60.3974427784268,1.95149134246123e-05,TRUE,3.69900663531279e-06,22,22,TRUE,91.7914224721834,1.6586322931482e-18,-1e-08,-0.000309443110990085,0.000173560522471623,0.075297879607803,9,4.33085890651771e-05,fail,20238,436,continuous:event_-23_23,estimated,-1,estimated,fail
national_pretrend,national_pretrend::continuous::n_movimentacoes,n_movimentacoes,ppml,22,280.225176325317,1.22120944764098e-46,TRUE,3.35220495704714e-07,22,22,TRUE,10587.0059678241,1.73367077468153e-17,-1e-08,-0.00146362944433077,0.000232197848127472,7.15463328341684e-10,1,0.0457902758256782,fail,20294,436,continuous:event_-23_23,estimated,-1,estimated,fail
national_pretrend,national_pretrend::expanded_minimal::admissoes,admissoes,ppml,22,130.023423496099,2.5532099013492e-17,TRUE,8.35913238060497e-06,22,22,TRUE,17902.6297369843,7.31039660475997e-16,-1e-08,0.000281066695187558,0.000907852176729101,0.75701703864333,1,0.0306204957737349,fail,20294,436,expanded_minimal:event_-23_23,estimated,-1,estimated,fail
national_pretrend,national_pretrend::expanded_minimal::asinh_saldo,asinh_saldo,ols,22,70.3802483675459,5.76234131898959e-07,TRUE,0.036887557311034,22,22,TRUE,216.285141747827,3.89735071678516e-14,-1e-08,-0.0107934129494219,0.020336948100692,0.595877265481194,21,3.23641254749804e-06,fail,20294,436,expanded_minimal:event_-23_23,estimated,-1,estimated,fail
national_pretrend,national_pretrend::expanded_minimal::desligamentos,desligamentos,ppml,22,120.716619080532,1.2922871378692e-15,TRUE,5.78545937411409e-06,22,22,TRUE,3048.66430875371,8.61609266332405e-17,-1e-08,0.000715119774571001,0.000745539644119761,0.337992074227389,10,0.00123246489884369,fail,20294,436,expanded_minimal:event_-23_23,estimated,-1,estimated,fail
national_pretrend,national_pretrend::expanded_minimal::ln_salario_real_adm,ln_salario_real_adm,ols,22,45.9111873270836,0.00203020018665796,TRUE,2.77278469919861e-05,22,22,TRUE,164.160605054707,2.22355562983253e-17,-1e-08,-0.000542647217227543,0.000473471292585153,0.252382307650591,9,0.000537835603138311,fail,20238,436,expanded_minimal:event_-23_23,estimated,-1,estimated,fail
national_pretrend,national_pretrend::expanded_minimal::n_movimentacoes,n_movimentacoes,ppml,22,184.487670014648,1.19627522377199e-27,TRUE,2.98468207853936e-06,22,22,TRUE,14699.7186259464,2.14323605159617e-16,-1e-08,-0.00116162461438349,0.000651873324757609,0.0754501085176205,0,0.120052973638786,fail,20294,436,expanded_minimal:event_-23_23,estimated,-1,estimated,fail
national_pretrend,national_pretrend::extended::admissoes,admissoes,ppml,22,308.659230961962,2.13362314709881e-52,TRUE,9.855502383058e-06,22,22,TRUE,9984.22047704394,4.80679760772244e-16,-1e-08,-0.00597927567673616,0.000801414918048567,7.24486892713125e-13,3,0.00288404071184879,fail,22049,341,v_a:extended:-23_41,estimated,-1,estimated,fail
national_pretrend,national_pretrend::extended::asinh_saldo,asinh_saldo,ols,22,67.7703567783112,1.47660944984444e-06,TRUE,0.0414575141480021,22,22,TRUE,210.572546421667,4.26449797905751e-14,-1e-08,0.00211319636386132,0.0211001301892176,0.920283578096982,21,1.02543988701472e-06,fail,22049,341,v_a:extended:-23_41,estimated,-1,estimated,fail
national_pretrend,national_pretrend::extended::desligamentos,desligamentos,ppml,22,135.850947461932,2.13218576380766e-18,TRUE,5.94977149365704e-06,22,22,TRUE,3178.15533193468,9.23715672662455e-17,-1e-08,0.00333703589272797,0.000734193529702702,7.63976666090829e-06,10,6.2357493740993e-05,fail,22049,341,v_a:extended:-23_41,estimated,-1,estimated,fail
national_pretrend,national_pretrend::extended::ln_salario_real_adm,ln_salario_real_adm,ols,22,53.830375100086,0.00017377867053981,TRUE,2.44302761684105e-05,22,22,TRUE,189.610681189737,2.2628412195315e-17,-1e-08,-0.000570522501406516,0.000475769804836758,0.231302104605226,11,0.00155824075453407,fail,22012,341,v_a:extended:-23_41,estimated,-1,estimated,fail
national_pretrend,national_pretrend::extended::n_movimentacoes,n_movimentacoes,ppml,22,262.57042380235,4.36586119793004e-43,TRUE,4.68038473240272e-06,22,22,TRUE,6749.36704144505,1.5431477384622e-16,-1e-08,-0.00259851565504823,0.000787099259731213,0.00106422450283501,1,0.0222088702998422,fail,22049,341,v_a:extended:-23_41,estimated,-1,estimated,fail
national_pretrend,national_pretrend::sample_2022::admissoes,admissoes,ppml,10,45.5456097205458,1.73325061892132e-06,TRUE,2.31035683183506e-05,10,10,TRUE,1868.07676581105,9.58327621321843e-17,-1e-08,-0.00239537724183003,0.00252957588523395,0.344337709191399,2,0.0433771874127372,fail,17976,341,v_a:sample_2022:-11_41,estimated,-1,estimated,fail
national_pretrend,national_pretrend::sample_2022::asinh_saldo,asinh_saldo,ols,10,40.7740988392606,1.23719405612829e-05,TRUE,0.080692709114814,10,10,TRUE,52.2764152747432,9.36656434931145e-15,-1e-08,0.181939255965649,0.0577767782375797,0.0017834620467654,10,1.02519649954787e-06,fail,17976,341,v_a:sample_2022:-11_41,estimated,-1,estimated,fail
national_pretrend,national_pretrend::sample_2022::desligamentos,desligamentos,ppml,10,34.6362458821282,0.000144023507346642,TRUE,1.0073874300335e-05,10,10,TRUE,589.745823874607,1.31917261533505e-17,-1e-08,-0.009162131586528,0.00226902069630203,6.66860972494177e-05,9,6.23472759644051e-05,fail,17976,341,v_a:sample_2022:-11_41,estimated,-1,estimated,fail
national_pretrend,national_pretrend::sample_2022::ln_salario_real_adm,ln_salario_real_adm,ols,10,23.1619224029244,0.0101644197872106,TRUE,4.27255764892231e-05,10,10,TRUE,26.6282267098535,2.52621554134129e-18,-1e-08,-0.00245213056156002,0.00112330588306211,0.0297223789431172,3,0.00197620894587425,fail,17947,341,v_a:sample_2022:-11_41,estimated,-1,estimated,fail
national_pretrend,national_pretrend::sample_2022::n_movimentacoes,n_movimentacoes,ppml,10,44.0573453514586,3.21450671824763e-06,TRUE,8.94585616037972e-06,10,10,TRUE,1319.66557471528,2.62135611244394e-17,-1e-08,-0.00411735304433973,0.00176356724936405,0.0201421420010731,0,0.415287313291615,fail,17976,341,v_a:sample_2022:-11_41,estimated,-1,estimated,fail
national_pretrend,national_pretrend::wage_complete_coverage::ln_salario_real_adm,ln_salario_real_adm,ols,22,69.9076368731409,6.83944487105915e-07,TRUE,2.26332094485366e-05,22,22,TRUE,212.999275586052,2.35497973939325e-17,-1e-08,-0.000360731352656463,0.000475661612170745,0.44876267356275,12,0.000525554922681881,fail,15651,333,v_a:wage_complete_coverage:event_-23_23,estimated,-1,estimated,fail
sector_pretrend,sector_pretrend::level_2::admissoes,admissoes,ppml,22,150.301085297476,4.19873550022067e-21,TRUE,1.17320240380455e-05,22,22,TRUE,5924.55178150235,3.39540317225731e-16,-1e-08,-0.00173105628435465,0.00071569512787049,0.0161004652500294,1,0.0275838814320018,fail,581324,341,sector:level_2:event_-23_23,estimated,-1,estimated,fail
sector_pretrend,sector_pretrend::level_2::asinh_saldo,asinh_saldo,ols,22,105.744546062723,6.29794743803372e-13,TRUE,0.000545805243275679,22,22,TRUE,378.747236334379,1.00983421719924e-15,-1e-08,-0.000479180614585776,0.00199210484807149,0.810056741183716,18,3.45998644055698e-05,fail,581507,341,sector:level_2:event_-23_23,estimated,-1,estimated,fail
sector_pretrend,sector_pretrend::level_2::desligamentos,desligamentos,ppml,22,73.2846078370967,1.9924224408389e-07,TRUE,1.04659123831677e-05,22,22,TRUE,1670.21086178841,8.53908437069853e-17,-1e-08,-0.00055564169595261,0.00061220730381851,0.364730388861888,3,0.013380757003345,fail,581433,341,sector:level_2:event_-23_23,estimated,-1,estimated,fail
sector_pretrend,sector_pretrend::level_2::ln_salario_real_adm,ln_salario_real_adm,ols,22,57.3237358620395,5.51076203296531e-05,TRUE,1.33058014033912e-05,22,22,TRUE,73.5532147728675,4.78085533465681e-18,-1e-08,-0.000454855944895155,0.000269398361626674,0.0922487116393832,14,7.53887605680613e-05,fail,493494,341,sector:level_2:event_-23_23,estimated,-1,estimated,fail
sector_pretrend,sector_pretrend::level_2::n_movimentacoes,n_movimentacoes,ppml,22,111.833060728869,5.18817701558781e-14,TRUE,8.11589159752248e-06,22,22,TRUE,3427.90458608051,1.35902632392193e-16,-1e-08,-0.000404451382383563,0.000639568181821075,0.52756234285938,0,0.219245188380661,fail,581507,341,sector:level_2:event_-23_23,estimated,-1,estimated,fail
sector_pretrend,sector_pretrend::level_2_two_way::admissoes,admissoes,ppml,22,25.5954847194568,0.269454312546885,FALSE,-9.47859308191868e-05,22,22,TRUE,15756.1891084191,3.98297346367782e-16,-1e-08,-0.00385595447975645,0.000813416881149642,8.37282619650731e-06,1,0.00293544149042112,fail,581324,87,sector:level_2_two_way:event_-23_23,estimated,-1,estimated,fail
sector_pretrend,sector_pretrend::level_2_two_way::asinh_saldo,asinh_saldo,ols,22,92.9457068528638,1.07524338841709e-10,TRUE,5.4843818065781e-05,22,22,TRUE,5140.75513200234,1.37726498249741e-15,-1e-08,0.00891288995937098,0.00236202105982128,0.000295235543826729,15,0.000363051147214767,fail,581507,87,sector:level_2_two_way:event_-23_23,estimated,-1,estimated,fail
sector_pretrend,sector_pretrend::level_2_two_way::desligamentos,desligamentos,ppml,22,20.4413777234947,0.555451510847106,FALSE,-7.29676842980297e-05,22,22,TRUE,4318.7837730805,9.75363200945423e-17,-1e-08,-0.00410910236928388,0.000947010088339828,3.88251295563498e-05,3,0.0184473879324358,fail,581433,87,sector:level_2_two_way:event_-23_23,estimated,-1,estimated,fail
sector_pretrend,sector_pretrend::level_2_two_way::ln_salario_real_adm,ln_salario_real_adm,ols,22,138.024232039113,8.40803310766048e-19,TRUE,2.00897513269325e-06,22,22,TRUE,526.560541531924,5.16756298718337e-18,-1e-08,-0.00162812103667366,0.000198757188425899,2.1669111039937e-12,13,4.20976132605385e-05,fail,493494,87,sector:level_2_two_way:event_-23_23,estimated,-1,estimated,fail
sector_pretrend,sector_pretrend::level_2_two_way::n_movimentacoes,n_movimentacoes,ppml,22,413.072940891909,8.20346656012766e-74,FALSE,-4.64883658792429e-05,22,22,TRUE,154169.808468845,1.73466649954804e-16,-1e-08,-0.00210312366688771,0.000164117097976172,1.19682539613279e-21,0,0.191301722947454,fail,581507,87,sector:level_2_two_way:event_-23_23,estimated,-1,estimated,fail
