outcome,row_position,column_position,row_event_time,column_event_time,covariance
ln_salario_real_adm,0,0,-23,-23,0.0002728250116083902
ln_salario_real_adm,0,1,-23,-22,0.00016252637061730846
ln_salario_real_adm,0,2,-23,-21,0.00013047388647317572
ln_salario_real_adm,0,3,-23,-20,9.889848073067552e-05
ln_salario_real_adm,0,4,-23,-19,0.00015722717751191393
ln_salario_real_adm,0,5,-23,-18,8.95301763632869e-05
ln_salario_real_adm,0,6,-23,-17,6.37283252316065e-05
ln_salario_real_adm,0,7,-23,-16,3.333550039839941e-05
ln_salario_real_adm,0,8,-23,-15,0.00016861645707745625
ln_salario_real_adm,0,9,-23,-14,0.00011674767545031498
ln_salario_real_adm,0,10,-23,-13,7.244364453574456e-05
ln_salario_real_adm,0,11,-23,-12,9.256827527294436e-05
ln_salario_real_adm,0,12,-23,-11,0.00011575654658277123
ln_salario_real_adm,0,13,-23,-10,3.408276240946202e-05
ln_salario_real_adm,0,14,-23,-9,8.64155542811743e-05
ln_salario_real_adm,0,15,-23,-8,4.0375984752472226e-05
ln_salario_real_adm,0,16,-23,-7,8.152534332342111e-05
ln_salario_real_adm,0,17,-23,-6,7.180955581259307e-05
ln_salario_real_adm,0,18,-23,-5,0.00011382256028925397
ln_salario_real_adm,0,19,-23,-4,0.00011019132774679235
ln_salario_real_adm,0,20,-23,-3,5.697332814586466e-05
ln_salario_real_adm,0,21,-23,-2,3.418929943243331e-05
ln_salario_real_adm,0,22,-23,0,1.4244520820685517e-05
ln_salario_real_adm,0,23,-23,1,9.420036861179925e-05
ln_salario_real_adm,0,24,-23,2,3.769053522088465e-05
ln_salario_real_adm,0,25,-23,3,3.5017458688745535e-05
ln_salario_real_adm,0,26,-23,4,5.8008663135753026e-05
ln_salario_real_adm,0,27,-23,5,4.902844689718789e-05
ln_salario_real_adm,0,28,-23,6,8.508894057975817e-05
ln_salario_real_adm,0,29,-23,7,9.88059092758605e-06
ln_salario_real_adm,0,30,-23,8,9.649295291976282e-05
ln_salario_real_adm,0,31,-23,9,3.8917639201575154e-05
ln_salario_real_adm,0,32,-23,10,7.926072849277302e-06
ln_salario_real_adm,0,33,-23,11,1.8653048447619942e-05
ln_salario_real_adm,0,34,-23,12,7.883110937797478e-05
ln_salario_real_adm,0,35,-23,13,4.681107497252156e-05
ln_salario_real_adm,0,36,-23,14,-4.6211183461057055e-07
ln_salario_real_adm,0,37,-23,15,3.605671064600355e-05
ln_salario_real_adm,0,38,-23,16,4.393261512344087e-05
ln_salario_real_adm,0,39,-23,17,1.982785182189684e-05
ln_salario_real_adm,0,40,-23,18,8.353786323190503e-05
ln_salario_real_adm,0,41,-23,19,5.366978994677566e-05
ln_salario_real_adm,0,42,-23,20,7.501546768113245e-05
ln_salario_real_adm,0,43,-23,21,4.4380282941197244e-05
ln_salario_real_adm,0,44,-23,22,3.3011526588083596e-05
ln_salario_real_adm,0,45,-23,23,7.216618658263511e-05
ln_salario_real_adm,1,0,-22,-23,0.0001625263706173108
ln_salario_real_adm,1,1,-22,-22,0.0007241927419568925
ln_salario_real_adm,1,2,-22,-21,0.0005555189225732815
ln_salario_real_adm,1,3,-22,-20,0.000492030249042369
ln_salario_real_adm,1,4,-22,-19,0.00044163390427032526
ln_salario_real_adm,1,5,-22,-18,3.4310103934490485e-05
ln_salario_real_adm,1,6,-22,-17,0.00015420229432512697
ln_salario_real_adm,1,7,-22,-16,0.0007763168858786671
ln_salario_real_adm,1,8,-22,-15,0.00012082869891427502
ln_salario_real_adm,1,9,-22,-14,0.00012214578100303852
ln_salario_real_adm,1,10,-22,-13,0.00012983148377054406
ln_salario_real_adm,1,11,-22,-12,0.000439389354294914
ln_salario_real_adm,1,12,-22,-11,0.00013432175533045854
ln_salario_real_adm,1,13,-22,-10,5.4326885628516555e-05
ln_salario_real_adm,1,14,-22,-9,9.545176082667799e-05
ln_salario_real_adm,1,15,-22,-8,8.714943623878956e-05
ln_salario_real_adm,1,16,-22,-7,8.96810280515381e-05
ln_salario_real_adm,1,17,-22,-6,5.920375716272271e-05
ln_salario_real_adm,1,18,-22,-5,0.00012134201466083943
ln_salario_real_adm,1,19,-22,-4,0.00012032258275382427
ln_salario_real_adm,1,20,-22,-3,0.00011036805299102931
ln_salario_real_adm,1,21,-22,-2,0.00010884040003966319
ln_salario_real_adm,1,22,-22,0,1.2170352629781117e-06
ln_salario_real_adm,1,23,-22,1,0.00011169623997414887
ln_salario_real_adm,1,24,-22,2,7.977990649107498e-05
ln_salario_real_adm,1,25,-22,3,0.0001610919730607855
ln_salario_real_adm,1,26,-22,4,6.743707974374456e-05
ln_salario_real_adm,1,27,-22,5,3.660483667446209e-05
ln_salario_real_adm,1,28,-22,6,0.00011511360949873448
ln_salario_real_adm,1,29,-22,7,7.797340401118779e-05
ln_salario_real_adm,1,30,-22,8,7.236380699466578e-05
ln_salario_real_adm,1,31,-22,9,9.478288142137499e-05
ln_salario_real_adm,1,32,-22,10,1.5442436224401376e-06
ln_salario_real_adm,1,33,-22,11,4.7852204117837116e-05
ln_salario_real_adm,1,34,-22,12,0.00012467406266241242
ln_salario_real_adm,1,35,-22,13,7.972717156438275e-05
ln_salario_real_adm,1,36,-22,14,-2.112714782520638e-05
ln_salario_real_adm,1,37,-22,15,8.325427090155707e-05
ln_salario_real_adm,1,38,-22,16,8.198916165339403e-05
ln_salario_real_adm,1,39,-22,17,1.7849917207694247e-05
ln_salario_real_adm,1,40,-22,18,8.956422428908982e-05
ln_salario_real_adm,1,41,-22,19,1.545157462176502e-05
ln_salario_real_adm,1,42,-22,20,0.00010332088575784987
ln_salario_real_adm,1,43,-22,21,8.392070430418553e-05
ln_salario_real_adm,1,44,-22,22,3.317315057136146e-05
ln_salario_real_adm,1,45,-22,23,0.00014252819709339965
ln_salario_real_adm,2,0,-21,-23,0.0001304738864731771
ln_salario_real_adm,2,1,-21,-22,0.0005555189225732828
ln_salario_real_adm,2,2,-21,-21,0.0007654989790480003
ln_salario_real_adm,2,3,-21,-20,0.0005108798457209589
ln_salario_real_adm,2,4,-21,-19,0.0004560345768617962
ln_salario_real_adm,2,5,-21,-18,3.3061233848902056e-05
ln_salario_real_adm,2,6,-21,-17,5.5489459341539086e-05
ln_salario_real_adm,2,7,-21,-16,0.000654838658658664
ln_salario_real_adm,2,8,-21,-15,0.00014986525125772304
ln_salario_real_adm,2,9,-21,-14,6.524938591964956e-05
ln_salario_real_adm,2,10,-21,-13,8.890605979583433e-05
ln_salario_real_adm,2,11,-21,-12,0.0005368164091022527
ln_salario_real_adm,2,12,-21,-11,0.00010144495642070793
ln_salario_real_adm,2,13,-21,-10,3.843503331379467e-05
ln_salario_real_adm,2,14,-21,-9,0.00015061672880176238
ln_salario_real_adm,2,15,-21,-8,3.9783242489326045e-05
ln_salario_real_adm,2,16,-21,-7,0.00010444953101722927
ln_salario_real_adm,2,17,-21,-6,9.331729272563771e-06
ln_salario_real_adm,2,18,-21,-5,0.00016631266138046936
ln_salario_real_adm,2,19,-21,-4,0.00013955781794180972
ln_salario_real_adm,2,20,-21,-3,3.9581473628541523e-05
ln_salario_real_adm,2,21,-21,-2,0.00011871988635036975
ln_salario_real_adm,2,22,-21,0,7.790138445185535e-05
ln_salario_real_adm,2,23,-21,1,5.141855191089166e-05
ln_salario_real_adm,2,24,-21,2,3.1763566975392045e-05
ln_salario_real_adm,2,25,-21,3,0.0001495252336190137
ln_salario_real_adm,2,26,-21,4,0.00010772062419774063
ln_salario_real_adm,2,27,-21,5,5.155663340668284e-05
ln_salario_real_adm,2,28,-21,6,0.00013253028912484712
ln_salario_real_adm,2,29,-21,7,0.00018168920263140245
ln_salario_real_adm,2,30,-21,8,0.0001229805116333887
ln_salario_real_adm,2,31,-21,9,4.58485528930926e-05
ln_salario_real_adm,2,32,-21,10,7.760793770188533e-05
ln_salario_real_adm,2,33,-21,11,-3.8186587460954865e-06
ln_salario_real_adm,2,34,-21,12,9.195411442951508e-05
ln_salario_real_adm,2,35,-21,13,1.3060252505352917e-05
ln_salario_real_adm,2,36,-21,14,7.633440584409426e-05
ln_salario_real_adm,2,37,-21,15,7.346903601859946e-05
ln_salario_real_adm,2,38,-21,16,0.00010260234372636609
ln_salario_real_adm,2,39,-21,17,4.563878129768917e-05
ln_salario_real_adm,2,40,-21,18,0.00011387340136771218
ln_salario_real_adm,2,41,-21,19,9.323591515701343e-05
ln_salario_real_adm,2,42,-21,20,0.00017337614342339416
ln_salario_real_adm,2,43,-21,21,0.00013707170313135696
ln_salario_real_adm,2,44,-21,22,6.214566500290979e-05
ln_salario_real_adm,2,45,-21,23,6.417018220751603e-05
ln_salario_real_adm,3,0,-20,-23,9.889848073067777e-05
ln_salario_real_adm,3,1,-20,-22,0.0004920302490423733
ln_salario_real_adm,3,2,-20,-21,0.0005108798457209585
ln_salario_real_adm,3,3,-20,-20,0.0009099785629878771
ln_salario_real_adm,3,4,-20,-19,0.0007057460828785582
ln_salario_real_adm,3,5,-20,-18,0.00020951896885481092
ln_salario_real_adm,3,6,-20,-17,7.150076359539089e-05
ln_salario_real_adm,3,7,-20,-16,0.0009815339530798576
ln_salario_real_adm,3,8,-20,-15,0.0001380141367455239
ln_salario_real_adm,3,9,-20,-14,0.00017608179220932388
ln_salario_real_adm,3,10,-20,-13,5.657491520003261e-05
ln_salario_real_adm,3,11,-20,-12,0.000674951500224738
ln_salario_real_adm,3,12,-20,-11,8.169067262385302e-05
ln_salario_real_adm,3,13,-20,-10,0.00010920580353253701
ln_salario_real_adm,3,14,-20,-9,0.00011869985507776613
ln_salario_real_adm,3,15,-20,-8,0.00010714504878695606
ln_salario_real_adm,3,16,-20,-7,7.787419417048201e-05
ln_salario_real_adm,3,17,-20,-6,0.00010166495267622824
ln_salario_real_adm,3,18,-20,-5,0.000125303023899371
ln_salario_real_adm,3,19,-20,-4,0.0001627517699057205
ln_salario_real_adm,3,20,-20,-3,-9.550787203259435e-06
ln_salario_real_adm,3,21,-20,-2,6.991732798558615e-05
ln_salario_real_adm,3,22,-20,0,8.794333344442033e-05
ln_salario_real_adm,3,23,-20,1,9.756839446575968e-05
ln_salario_real_adm,3,24,-20,2,0.00021787483778745295
ln_salario_real_adm,3,25,-20,3,4.162974592673221e-05
ln_salario_real_adm,3,26,-20,4,7.485814172543166e-05
ln_salario_real_adm,3,27,-20,5,0.00013258547136100893
ln_salario_real_adm,3,28,-20,6,8.008992205395731e-05
ln_salario_real_adm,3,29,-20,7,7.880377326156898e-05
ln_salario_real_adm,3,30,-20,8,0.00013621348469224708
ln_salario_real_adm,3,31,-20,9,8.542238192239448e-05
ln_salario_real_adm,3,32,-20,10,7.485192512313656e-05
ln_salario_real_adm,3,33,-20,11,0.0001410469308465133
ln_salario_real_adm,3,34,-20,12,-2.919474790813398e-05
ln_salario_real_adm,3,35,-20,13,0.0001087775111361198
ln_salario_real_adm,3,36,-20,14,8.948547855525199e-05
ln_salario_real_adm,3,37,-20,15,0.00010450798957600052
ln_salario_real_adm,3,38,-20,16,6.417813988418077e-05
ln_salario_real_adm,3,39,-20,17,4.253395351005476e-05
ln_salario_real_adm,3,40,-20,18,9.01349906822134e-05
ln_salario_real_adm,3,41,-20,19,2.1321250495231272e-05
ln_salario_real_adm,3,42,-20,20,4.139116099212827e-05
ln_salario_real_adm,3,43,-20,21,0.00014139108210170625
ln_salario_real_adm,3,44,-20,22,0.00010427612774508124
ln_salario_real_adm,3,45,-20,23,0.00010321184793626025
ln_salario_real_adm,4,0,-19,-23,0.00015722717751191399
ln_salario_real_adm,4,1,-19,-22,0.00044163390427032445
ln_salario_real_adm,4,2,-19,-21,0.00045603457686179316
ln_salario_real_adm,4,3,-19,-20,0.000705746082878559
ln_salario_real_adm,4,4,-19,-19,0.0008001657886246385
ln_salario_real_adm,4,5,-19,-18,0.00021809255993245953
ln_salario_real_adm,4,6,-19,-17,5.07839938833837e-05
ln_salario_real_adm,4,7,-19,-16,0.0007866095059192379
ln_salario_real_adm,4,8,-19,-15,0.00019296852424489835
ln_salario_real_adm,4,9,-19,-14,0.00015081140872881093
ln_salario_real_adm,4,10,-19,-13,5.981103243909766e-05
ln_salario_real_adm,4,11,-19,-12,0.0005913038679794995
ln_salario_real_adm,4,12,-19,-11,0.00011559568404137475
ln_salario_real_adm,4,13,-19,-10,7.688892288134152e-05
ln_salario_real_adm,4,14,-19,-9,0.00012109342833527697
ln_salario_real_adm,4,15,-19,-8,6.701667022146142e-05
ln_salario_real_adm,4,16,-19,-7,0.00010396421641163613
ln_salario_real_adm,4,17,-19,-6,0.00015222590408137067
ln_salario_real_adm,4,18,-19,-5,0.00017544817320128345
ln_salario_real_adm,4,19,-19,-4,0.00018715033281319218
ln_salario_real_adm,4,20,-19,-3,5.691043845874882e-06
ln_salario_real_adm,4,21,-19,-2,6.75678844582191e-05
ln_salario_real_adm,4,22,-19,0,6.96518214028772e-05
ln_salario_real_adm,4,23,-19,1,9.560187637796389e-05
ln_salario_real_adm,4,24,-19,2,0.0001813056417548237
ln_salario_real_adm,4,25,-19,3,-1.6970858743011506e-05
ln_salario_real_adm,4,26,-19,4,0.00012323383601870052
ln_salario_real_adm,4,27,-19,5,0.000130813456347819
ln_salario_real_adm,4,28,-19,6,0.00012760969212326028
ln_salario_real_adm,4,29,-19,7,2.3265431115675147e-05
ln_salario_real_adm,4,30,-19,8,0.0001234110470126794
ln_salario_real_adm,4,31,-19,9,7.109461689603218e-05
ln_salario_real_adm,4,32,-19,10,2.2349019912980775e-05
ln_salario_real_adm,4,33,-19,11,6.43715560571501e-05
ln_salario_real_adm,4,34,-19,12,-3.210264507050204e-05
ln_salario_real_adm,4,35,-19,13,5.4293551046692295e-05
ln_salario_real_adm,4,36,-19,14,1.487819262382587e-05
ln_salario_real_adm,4,37,-19,15,5.2962051752721214e-05
ln_salario_real_adm,4,38,-19,16,6.680216916503552e-05
ln_salario_real_adm,4,39,-19,17,3.674553267091684e-05
ln_salario_real_adm,4,40,-19,18,0.00012840455745359258
ln_salario_real_adm,4,41,-19,19,7.009918659437871e-05
ln_salario_real_adm,4,42,-19,20,9.999804541672297e-05
ln_salario_real_adm,4,43,-19,21,0.00011599711894642056
ln_salario_real_adm,4,44,-19,22,0.0001099178375422589
ln_salario_real_adm,4,45,-19,23,6.848874564947826e-05
ln_salario_real_adm,5,0,-18,-23,8.953017636328517e-05
ln_salario_real_adm,5,1,-18,-22,3.43101039344878e-05
ln_salario_real_adm,5,2,-18,-21,3.3061233848898823e-05
ln_salario_real_adm,5,3,-18,-20,0.00020951896885480588
ln_salario_real_adm,5,4,-18,-19,0.00021809255993245646
ln_salario_real_adm,5,5,-18,-18,0.0003428807411094422
ln_salario_real_adm,5,6,-18,-17,7.59235024708693e-05
ln_salario_real_adm,5,7,-18,-16,0.000100119095463866
ln_salario_real_adm,5,8,-18,-15,0.00015304810389182798
ln_salario_real_adm,5,9,-18,-14,0.00012419782841178182
ln_salario_real_adm,5,10,-18,-13,5.8053616455674906e-05
ln_salario_real_adm,5,11,-18,-12,9.465039905263924e-05
ln_salario_real_adm,5,12,-18,-11,0.00010600119537888477
ln_salario_real_adm,5,13,-18,-10,7.869733209318441e-05
ln_salario_real_adm,5,14,-18,-9,9.431092901006965e-05
ln_salario_real_adm,5,15,-18,-8,9.233455253391344e-05
ln_salario_real_adm,5,16,-18,-7,0.00010724616144982814
ln_salario_real_adm,5,17,-18,-6,0.00014662895703844425
ln_salario_real_adm,5,18,-18,-5,0.00019392559245015579
ln_salario_real_adm,5,19,-18,-4,4.979264895929786e-05
ln_salario_real_adm,5,20,-18,-3,1.549515924321767e-05
ln_salario_real_adm,5,21,-18,-2,2.9134300467697316e-05
ln_salario_real_adm,5,22,-18,0,0.00012871398066211014
ln_salario_real_adm,5,23,-18,1,0.00011933863579645746
ln_salario_real_adm,5,24,-18,2,0.00018050914872240652
ln_salario_real_adm,5,25,-18,3,-7.265802962269658e-07
ln_salario_real_adm,5,26,-18,4,9.621148802787125e-05
ln_salario_real_adm,5,27,-18,5,0.00013462734318335514
ln_salario_real_adm,5,28,-18,6,8.7296677926908e-05
ln_salario_real_adm,5,29,-18,7,9.470216012507028e-05
ln_salario_real_adm,5,30,-18,8,0.00010078696234631332
ln_salario_real_adm,5,31,-18,9,8.178151212371e-05
ln_salario_real_adm,5,32,-18,10,5.87481338659195e-05
ln_salario_real_adm,5,33,-18,11,0.00010421059359258275
ln_salario_real_adm,5,34,-18,12,-4.6643201191181486e-05
ln_salario_real_adm,5,35,-18,13,7.852816911873344e-05
ln_salario_real_adm,5,36,-18,14,0.00010092651191913926
ln_salario_real_adm,5,37,-18,15,0.000105501301205983
ln_salario_real_adm,5,38,-18,16,3.991053053668827e-05
ln_salario_real_adm,5,39,-18,17,0.00011735881978267493
ln_salario_real_adm,5,40,-18,18,6.656378261405954e-05
ln_salario_real_adm,5,41,-18,19,4.0789909500321124e-05
ln_salario_real_adm,5,42,-18,20,0.00012480880776574808
ln_salario_real_adm,5,43,-18,21,0.0001072994804177688
ln_salario_real_adm,5,44,-18,22,0.00010823900353862938
ln_salario_real_adm,5,45,-18,23,7.897054612207456e-05
ln_salario_real_adm,6,0,-17,-23,6.37283252316048e-05
ln_salario_real_adm,6,1,-17,-22,0.00015420229432512405
ln_salario_real_adm,6,2,-17,-21,5.5489459341535095e-05
ln_salario_real_adm,6,3,-17,-20,7.15007635953868e-05
ln_salario_real_adm,6,4,-17,-19,5.078399388337953e-05
ln_salario_real_adm,6,5,-17,-18,7.592350247086888e-05
ln_salario_real_adm,6,6,-17,-17,0.00029830751646996466
ln_salario_real_adm,6,7,-17,-16,0.00024146278934349862
ln_salario_real_adm,6,8,-17,-15,0.00014999995985034498
ln_salario_real_adm,6,9,-17,-14,0.00012175958004665952
ln_salario_real_adm,6,10,-17,-13,0.00012047217049607948
ln_salario_real_adm,6,11,-17,-12,9.26590472047868e-05
ln_salario_real_adm,6,12,-17,-11,5.121391671134399e-05
ln_salario_real_adm,6,13,-17,-10,5.439406221647109e-05
ln_salario_real_adm,6,14,-17,-9,6.582412843890435e-05
ln_salario_real_adm,6,15,-17,-8,0.00011634782734175824
ln_salario_real_adm,6,16,-17,-7,9.072388073690632e-05
ln_salario_real_adm,6,17,-17,-6,3.327858618844472e-05
ln_salario_real_adm,6,18,-17,-5,5.0169431312523817e-05
ln_salario_real_adm,6,19,-17,-4,-1.01619494726874e-05
ln_salario_real_adm,6,20,-17,-3,0.00012148047871057796
ln_salario_real_adm,6,21,-17,-2,6.960370380187618e-05
ln_salario_real_adm,6,22,-17,0,1.4922771276812252e-05
ln_salario_real_adm,6,23,-17,1,3.664473827698496e-05
ln_salario_real_adm,6,24,-17,2,6.070833357555025e-05
ln_salario_real_adm,6,25,-17,3,0.00010638856337295511
ln_salario_real_adm,6,26,-17,4,3.852664299148554e-05
ln_salario_real_adm,6,27,-17,5,2.7739026204212706e-05
ln_salario_real_adm,6,28,-17,6,0.00011226040262027792
ln_salario_real_adm,6,29,-17,7,9.963462942964166e-05
ln_salario_real_adm,6,30,-17,8,8.294134642221995e-05
ln_salario_real_adm,6,31,-17,9,9.345190661925319e-05
ln_salario_real_adm,6,32,-17,10,6.821162082274826e-05
ln_salario_real_adm,6,33,-17,11,0.00010401333598957736
ln_salario_real_adm,6,34,-17,12,8.691063952852185e-05
ln_salario_real_adm,6,35,-17,13,7.511024482326197e-05
ln_salario_real_adm,6,36,-17,14,1.2123731023278968e-05
ln_salario_real_adm,6,37,-17,15,6.447641874720665e-05
ln_salario_real_adm,6,38,-17,16,1.910600996894347e-05
ln_salario_real_adm,6,39,-17,17,6.809653769941426e-05
ln_salario_real_adm,6,40,-17,18,8.054418644657722e-05
ln_salario_real_adm,6,41,-17,19,1.1102584932508064e-05
ln_salario_real_adm,6,42,-17,20,4.315748775496744e-05
ln_salario_real_adm,6,43,-17,21,5.85213880772068e-05
ln_salario_real_adm,6,44,-17,22,2.7852555136993697e-05
ln_salario_real_adm,6,45,-17,23,9.59754673729337e-05
ln_salario_real_adm,7,0,-16,-23,3.3335500398403254e-05
ln_salario_real_adm,7,1,-16,-22,0.0007763168858786728
ln_salario_real_adm,7,2,-16,-21,0.0006548386586586654
ln_salario_real_adm,7,3,-16,-20,0.000981533953079859
ln_salario_real_adm,7,4,-16,-19,0.0007866095059192422
ln_salario_real_adm,7,5,-16,-18,0.00010011909546387303
ln_salario_real_adm,7,6,-16,-17,0.00024146278934350637
ln_salario_real_adm,7,7,-16,-16,0.0016835713232505934
ln_salario_real_adm,7,8,-16,-15,6.78118788329887e-05
ln_salario_real_adm,7,9,-16,-14,0.0002098310599052423
ln_salario_real_adm,7,10,-16,-13,0.00010780581840195145
ln_salario_real_adm,7,11,-16,-12,0.0008945729386143857
ln_salario_real_adm,7,12,-16,-11,9.453038308473187e-06
ln_salario_real_adm,7,13,-16,-10,6.583933776776012e-05
ln_salario_real_adm,7,14,-16,-9,0.00013783479093658116
ln_salario_real_adm,7,15,-16,-8,0.00018487804165125206
ln_salario_real_adm,7,16,-16,-7,8.715243161105703e-05
ln_salario_real_adm,7,17,-16,-6,3.7540630622029114e-05
ln_salario_real_adm,7,18,-16,-5,3.12930704777967e-05
ln_salario_real_adm,7,19,-16,-4,0.0001010051384759382
ln_salario_real_adm,7,20,-16,-3,0.00012384082591553497
ln_salario_real_adm,7,21,-16,-2,4.436638523079693e-05
ln_salario_real_adm,7,22,-16,0,-1.1193443739492887e-05
ln_salario_real_adm,7,23,-16,1,5.736590533863712e-05
ln_salario_real_adm,7,24,-16,2,0.00014142973398109012
ln_salario_real_adm,7,25,-16,3,0.00011151860033672162
ln_salario_real_adm,7,26,-16,4,6.355378172478892e-05
ln_salario_real_adm,7,27,-16,5,5.493320583216536e-05
ln_salario_real_adm,7,28,-16,6,0.00010315167681673168
ln_salario_real_adm,7,29,-16,7,0.00013262024158663946
ln_salario_real_adm,7,30,-16,8,5.7412798470180056e-05
ln_salario_real_adm,7,31,-16,9,0.00012128539018318538
ln_salario_real_adm,7,32,-16,10,6.454077319400508e-05
ln_salario_real_adm,7,33,-16,11,0.00017181326611858522
ln_salario_real_adm,7,34,-16,12,6.003955456703933e-05
ln_salario_real_adm,7,35,-16,13,0.00011367677364016174
ln_salario_real_adm,7,36,-16,14,-1.627919129165478e-05
ln_salario_real_adm,7,37,-16,15,6.001540472722456e-05
ln_salario_real_adm,7,38,-16,16,4.876100752183473e-05
ln_salario_real_adm,7,39,-16,17,-4.109355252677133e-07
ln_salario_real_adm,7,40,-16,18,4.0329831145709805e-05
ln_salario_real_adm,7,41,-16,19,-6.644064293546823e-05
ln_salario_real_adm,7,42,-16,20,-2.4080211229281492e-05
ln_salario_real_adm,7,43,-16,21,6.329237316798445e-05
ln_salario_real_adm,7,44,-16,22,2.5991079477058285e-05
ln_salario_real_adm,7,45,-16,23,0.00014265169199428467
ln_salario_real_adm,8,0,-15,-23,0.00016861645707745668
ln_salario_real_adm,8,1,-15,-22,0.00012082869891427621
ln_salario_real_adm,8,2,-15,-21,0.0001498652512577227
ln_salario_real_adm,8,3,-15,-20,0.00013801413674552479
ln_salario_real_adm,8,4,-15,-19,0.00019296852424490057
ln_salario_real_adm,8,5,-15,-18,0.00015304810389183077
ln_salario_real_adm,8,6,-15,-17,0.00014999995985034805
ln_salario_real_adm,8,7,-15,-16,6.781187883298846e-05
ln_salario_real_adm,8,8,-15,-15,0.00035671657540690884
ln_salario_real_adm,8,9,-15,-14,0.0001391047521201584
ln_salario_real_adm,8,10,-15,-13,0.00010475806271159029
ln_salario_real_adm,8,11,-15,-12,0.00016254024764959422
ln_salario_real_adm,8,12,-15,-11,0.0001215766331091785
ln_salario_real_adm,8,13,-15,-10,7.369785630177402e-05
ln_salario_real_adm,8,14,-15,-9,0.00012250724525086633
ln_salario_real_adm,8,15,-15,-8,7.649351089573961e-05
ln_salario_real_adm,8,16,-15,-7,0.00012446825119451089
ln_salario_real_adm,8,17,-15,-6,8.497357278441911e-05
ln_salario_real_adm,8,18,-15,-5,0.0001863024684801686
ln_salario_real_adm,8,19,-15,-4,0.00012000325129115513
ln_salario_real_adm,8,20,-15,-3,6.165545945140922e-05
ln_salario_real_adm,8,21,-15,-2,8.492374749708109e-05
ln_salario_real_adm,8,22,-15,0,6.55001687736678e-05
ln_salario_real_adm,8,23,-15,1,7.68534396866308e-05
ln_salario_real_adm,8,24,-15,2,0.00012141513870921068
ln_salario_real_adm,8,25,-15,3,9.233947320530774e-05
ln_salario_real_adm,8,26,-15,4,0.00012868672661156433
ln_salario_real_adm,8,27,-15,5,0.00013363786512794181
ln_salario_real_adm,8,28,-15,6,0.00015398865270004614
ln_salario_real_adm,8,29,-15,7,7.832593121054176e-05
ln_salario_real_adm,8,30,-15,8,0.00013562983592327224
ln_salario_real_adm,8,31,-15,9,0.00012799065162384944
ln_salario_real_adm,8,32,-15,10,3.906028453780275e-05
ln_salario_real_adm,8,33,-15,11,7.87410547389133e-05
ln_salario_real_adm,8,34,-15,12,5.499962372793023e-05
ln_salario_real_adm,8,35,-15,13,4.698099312544863e-05
ln_salario_real_adm,8,36,-15,14,6.905345120744378e-05
ln_salario_real_adm,8,37,-15,15,8.721971379343679e-05
ln_salario_real_adm,8,38,-15,16,4.7520916253402617e-05
ln_salario_real_adm,8,39,-15,17,0.00010023975135915754
ln_salario_real_adm,8,40,-15,18,0.0001516757732427184
ln_salario_real_adm,8,41,-15,19,8.760078235539241e-05
ln_salario_real_adm,8,42,-15,20,0.0001445403668856735
ln_salario_real_adm,8,43,-15,21,0.00012499423901960046
ln_salario_real_adm,8,44,-15,22,6.64867324125119e-05
ln_salario_real_adm,8,45,-15,23,7.087969383529243e-05
ln_salario_real_adm,9,0,-14,-23,0.00011674767545031437
ln_salario_real_adm,9,1,-14,-22,0.00012214578100303928
ln_salario_real_adm,9,2,-14,-21,6.524938591964738e-05
ln_salario_real_adm,9,3,-14,-20,0.0001760817922093219
ln_salario_real_adm,9,4,-14,-19,0.00015081140872881088
ln_salario_real_adm,9,5,-14,-18,0.00012419782841178298
ln_salario_real_adm,9,6,-14,-17,0.00012175958004666146
ln_salario_real_adm,9,7,-14,-16,0.00020983105990523976
ln_salario_real_adm,9,8,-14,-15,0.00013910475212015733
ln_salario_real_adm,9,9,-14,-14,0.00023822522370277988
ln_salario_real_adm,9,10,-14,-13,0.00010004854568402902
ln_salario_real_adm,9,11,-14,-12,0.00014067077479482765
ln_salario_real_adm,9,12,-14,-11,0.00011521351942489365
ln_salario_real_adm,9,13,-14,-10,9.002588201337952e-05
ln_salario_real_adm,9,14,-14,-9,0.00015760788595831055
ln_salario_real_adm,9,15,-14,-8,0.00013639232659531703
ln_salario_real_adm,9,16,-14,-7,0.00013094094975254383
ln_salario_real_adm,9,17,-14,-6,9.40659943988515e-05
ln_salario_real_adm,9,18,-14,-5,6.545869423225478e-05
ln_salario_real_adm,9,19,-14,-4,4.285763651332491e-05
ln_salario_real_adm,9,20,-14,-3,9.209101590892973e-05
ln_salario_real_adm,9,21,-14,-2,4.659730166989866e-05
ln_salario_real_adm,9,22,-14,0,4.374911823216257e-05
ln_salario_real_adm,9,23,-14,1,8.715233067978798e-05
ln_salario_real_adm,9,24,-14,2,8.103996806264087e-05
ln_salario_real_adm,9,25,-14,3,3.980265248314553e-05
ln_salario_real_adm,9,26,-14,4,6.649424988546232e-05
ln_salario_real_adm,9,27,-14,5,5.5021902850627526e-05
ln_salario_real_adm,9,28,-14,6,9.283750500292102e-05
ln_salario_real_adm,9,29,-14,7,8.386415706477978e-05
ln_salario_real_adm,9,30,-14,8,9.180339051837301e-05
ln_salario_real_adm,9,31,-14,9,9.149087802245851e-05
ln_salario_real_adm,9,32,-14,10,8.169836562609387e-05
ln_salario_real_adm,9,33,-14,11,9.723994349625891e-05
ln_salario_real_adm,9,34,-14,12,6.874781010557835e-05
ln_salario_real_adm,9,35,-14,13,7.986841256324174e-05
ln_salario_real_adm,9,36,-14,14,2.4598506149968625e-05
ln_salario_real_adm,9,37,-14,15,7.416623299448667e-05
ln_salario_real_adm,9,38,-14,16,5.6892735785593386e-05
ln_salario_real_adm,9,39,-14,17,4.209354217355104e-05
ln_salario_real_adm,9,40,-14,18,8.941558402294437e-05
ln_salario_real_adm,9,41,-14,19,1.4535833414878998e-05
ln_salario_real_adm,9,42,-14,20,4.105592811689252e-05
ln_salario_real_adm,9,43,-14,21,5.497115698382868e-05
ln_salario_real_adm,9,44,-14,22,6.737434480814796e-05
ln_salario_real_adm,9,45,-14,23,9.066264114883218e-05
ln_salario_real_adm,10,0,-13,-23,7.244364453574716e-05
ln_salario_real_adm,10,1,-13,-22,0.00012983148377054688
ln_salario_real_adm,10,2,-13,-21,8.890605979583516e-05
ln_salario_real_adm,10,3,-13,-20,5.657491520003419e-05
ln_salario_real_adm,10,4,-13,-19,5.981103243910149e-05
ln_salario_real_adm,10,5,-13,-18,5.805361645567893e-05
ln_salario_real_adm,10,6,-13,-17,0.00012047217049608429
ln_salario_real_adm,10,7,-13,-16,0.0001078058184019518
ln_salario_real_adm,10,8,-13,-15,0.00010475806271159219
ln_salario_real_adm,10,9,-13,-14,0.00010004854568403186
ln_salario_real_adm,10,10,-13,-13,0.0001552472219013203
ln_salario_real_adm,10,11,-13,-12,8.047570509316824e-05
ln_salario_real_adm,10,12,-13,-11,9.96131431284415e-05
ln_salario_real_adm,10,13,-13,-10,6.28296369210586e-05
ln_salario_real_adm,10,14,-13,-9,8.616928406470529e-05
ln_salario_real_adm,10,15,-13,-8,8.129607442559672e-05
ln_salario_real_adm,10,16,-13,-7,8.828830203583098e-05
ln_salario_real_adm,10,17,-13,-6,6.807143993869246e-05
ln_salario_real_adm,10,18,-13,-5,5.9849365054855406e-05
ln_salario_real_adm,10,19,-13,-4,3.079031478775952e-05
ln_salario_real_adm,10,20,-13,-3,5.1444610365956356e-05
ln_salario_real_adm,10,21,-13,-2,8.824754037742149e-05
ln_salario_real_adm,10,22,-13,0,2.966271719804811e-05
ln_salario_real_adm,10,23,-13,1,5.472618595134301e-05
ln_salario_real_adm,10,24,-13,2,5.646499222702165e-05
ln_salario_real_adm,10,25,-13,3,7.723420956098289e-05
ln_salario_real_adm,10,26,-13,4,5.4618929154262304e-05
ln_salario_real_adm,10,27,-13,5,3.433913159447318e-05
ln_salario_real_adm,10,28,-13,6,0.00010177263272801095
ln_salario_real_adm,10,29,-13,7,5.449170804741183e-05
ln_salario_real_adm,10,30,-13,8,7.36805747474135e-05
ln_salario_real_adm,10,31,-13,9,4.506201241573604e-05
ln_salario_real_adm,10,32,-13,10,4.481546464496666e-05
ln_salario_real_adm,10,33,-13,11,5.2212587097542756e-05
ln_salario_real_adm,10,34,-13,12,6.969919398391285e-05
ln_salario_real_adm,10,35,-13,13,5.8838241878466835e-05
ln_salario_real_adm,10,36,-13,14,1.6756768513299334e-05
ln_salario_real_adm,10,37,-13,15,6.69167144007158e-05
ln_salario_real_adm,10,38,-13,16,5.75212017159352e-05
ln_salario_real_adm,10,39,-13,17,2.6018735603172898e-05
ln_salario_real_adm,10,40,-13,18,8.574847975269985e-05
ln_salario_real_adm,10,41,-13,19,4.128221656158283e-05
ln_salario_real_adm,10,42,-13,20,6.589168448341383e-05
ln_salario_real_adm,10,43,-13,21,4.9495154468395926e-05
ln_salario_real_adm,10,44,-13,22,5.151848436852904e-05
ln_salario_real_adm,10,45,-13,23,6.501566244224139e-05
ln_salario_real_adm,11,0,-12,-23,9.256827527294213e-05
ln_salario_real_adm,11,1,-12,-22,0.0004393893542949105
ln_salario_real_adm,11,2,-12,-21,0.0005368164091022467
ln_salario_real_adm,11,3,-12,-20,0.0006749515002247309
ln_salario_real_adm,11,4,-12,-19,0.0005913038679794965
ln_salario_real_adm,11,5,-12,-18,9.465039905263865e-05
ln_salario_real_adm,11,6,-12,-17,9.265904720478593e-05
ln_salario_real_adm,11,7,-12,-16,0.00089457293861438
ln_salario_real_adm,11,8,-12,-15,0.00016254024764958855
ln_salario_real_adm,11,9,-12,-14,0.00014067077479482427
ln_salario_real_adm,11,10,-12,-13,8.047570509316122e-05
ln_salario_real_adm,11,11,-12,-12,0.0008387041230568119
ln_salario_real_adm,11,12,-12,-11,3.9880909628777904e-05
ln_salario_real_adm,11,13,-12,-10,3.222893114407481e-05
ln_salario_real_adm,11,14,-12,-9,0.0001738746228068437
ln_salario_real_adm,11,15,-12,-8,0.00011106952238586628
ln_salario_real_adm,11,16,-12,-7,9.23375139052983e-05
ln_salario_real_adm,11,17,-12,-6,-1.0563608902069357e-05
ln_salario_real_adm,11,18,-12,-5,6.713882403198649e-05
ln_salario_real_adm,11,19,-12,-4,0.0001797203770713282
ln_salario_real_adm,11,20,-12,-3,4.587605449393342e-05
ln_salario_real_adm,11,21,-12,-2,3.940023753069896e-05
ln_salario_real_adm,11,22,-12,0,4.368791487946558e-05
ln_salario_real_adm,11,23,-12,1,1.3874107061633823e-05
ln_salario_real_adm,11,24,-12,2,0.0001323330239765085
ln_salario_real_adm,11,25,-12,3,4.2902939008193755e-05
ln_salario_real_adm,11,26,-12,4,0.00010833084948962349
ln_salario_real_adm,11,27,-12,5,7.441856297102852e-05
ln_salario_real_adm,11,28,-12,6,0.00013463066576175164
ln_salario_real_adm,11,29,-12,7,0.000137388425358903
ln_salario_real_adm,11,30,-12,8,0.00011803388367890731
ln_salario_real_adm,11,31,-12,9,4.277568512661059e-05
ln_salario_real_adm,11,32,-12,10,8.396828298952539e-05
ln_salario_real_adm,11,33,-12,11,0.00011378334218954266
ln_salario_real_adm,11,34,-12,12,7.814012933932973e-05
ln_salario_real_adm,11,35,-12,13,5.4195469563077296e-05
ln_salario_real_adm,11,36,-12,14,8.178041220586327e-05
ln_salario_real_adm,11,37,-12,15,6.095053684260309e-05
ln_salario_real_adm,11,38,-12,16,4.4612222018932135e-05
ln_salario_real_adm,11,39,-12,17,5.926820165346891e-06
ln_salario_real_adm,11,40,-12,18,0.00014334790913875145
ln_salario_real_adm,11,41,-12,19,7.368534223681769e-05
ln_salario_real_adm,11,42,-12,20,4.432353421373469e-05
ln_salario_real_adm,11,43,-12,21,0.00013818613521518122
ln_salario_real_adm,11,44,-12,22,7.474316128097032e-05
ln_salario_real_adm,11,45,-12,23,5.53153167391107e-05
ln_salario_real_adm,12,0,-11,-23,0.00011575654658276902
ln_salario_real_adm,12,1,-11,-22,0.0001343217553304541
ln_salario_real_adm,12,2,-11,-21,0.00010144495642070342
ln_salario_real_adm,12,3,-11,-20,8.169067262384746e-05
ln_salario_real_adm,12,4,-11,-19,0.00011559568404137023
ln_salario_real_adm,12,5,-11,-18,0.00010600119537888412
ln_salario_real_adm,12,6,-11,-17,5.12139167113433e-05
ln_salario_real_adm,12,7,-11,-16,9.453038308465157e-06
ln_salario_real_adm,12,8,-11,-15,0.00012157663310917537
ln_salario_real_adm,12,9,-11,-14,0.00011521351942489158
ln_salario_real_adm,12,10,-11,-13,9.961314312843639e-05
ln_salario_real_adm,12,11,-11,-12,3.9880909628776854e-05
ln_salario_real_adm,12,12,-11,-11,0.0003202216069826942
ln_salario_real_adm,12,13,-11,-10,0.00011134372896078013
ln_salario_real_adm,12,14,-11,-9,0.00016623197779296408
ln_salario_real_adm,12,15,-11,-8,6.308698979534596e-05
ln_salario_real_adm,12,16,-11,-7,0.00011532482495886702
ln_salario_real_adm,12,17,-11,-6,0.0001862873962771675
ln_salario_real_adm,12,18,-11,-5,0.0001633658373511461
ln_salario_real_adm,12,19,-11,-4,6.254909377173399e-05
ln_salario_real_adm,12,20,-11,-3,9.667084579340546e-06
ln_salario_real_adm,12,21,-11,-2,0.00014622064022556326
ln_salario_real_adm,12,22,-11,0,7.269626556660592e-05
ln_salario_real_adm,12,23,-11,1,0.00014070169432329715
ln_salario_real_adm,12,24,-11,2,0.00013529299020276385
ln_salario_real_adm,12,25,-11,3,7.990446043836349e-05
ln_salario_real_adm,12,26,-11,4,0.00013709662355231912
ln_salario_real_adm,12,27,-11,5,0.00012657848737918545
ln_salario_real_adm,12,28,-11,6,0.0001319443396955078
ln_salario_real_adm,12,29,-11,7,6.971635490254493e-05
ln_salario_real_adm,12,30,-11,8,0.00014252149837202128
ln_salario_real_adm,12,31,-11,9,7.122801146176703e-05
ln_salario_real_adm,12,32,-11,10,7.394144422877017e-05
ln_salario_real_adm,12,33,-11,11,6.598650593123086e-05
ln_salario_real_adm,12,34,-11,12,2.9001248489797927e-05
ln_salario_real_adm,12,35,-11,13,8.734286123753462e-05
ln_salario_real_adm,12,36,-11,14,5.005712841829027e-05
ln_salario_real_adm,12,37,-11,15,0.00012014892148389569
ln_salario_real_adm,12,38,-11,16,9.504679201729274e-05
ln_salario_real_adm,12,39,-11,17,3.3768503539842858e-06
ln_salario_real_adm,12,40,-11,18,0.00012199462721612487
ln_salario_real_adm,12,41,-11,19,9.178528335756551e-05
ln_salario_real_adm,12,42,-11,20,0.0001448796361012926
ln_salario_real_adm,12,43,-11,21,9.899620672879535e-05
ln_salario_real_adm,12,44,-11,22,0.00010372043435621594
ln_salario_real_adm,12,45,-11,23,7.80183419949832e-05
ln_salario_real_adm,13,0,-10,-23,3.408276240946134e-05
ln_salario_real_adm,13,1,-10,-22,5.4326885628515064e-05
ln_salario_real_adm,13,2,-10,-21,3.843503331379281e-05
ln_salario_real_adm,13,3,-10,-20,0.00010920580353253394
ln_salario_real_adm,13,4,-10,-19,7.688892288133929e-05
ln_salario_real_adm,13,5,-10,-18,7.869733209318557e-05
ln_salario_real_adm,13,6,-10,-17,5.439406221647286e-05
ln_salario_real_adm,13,7,-10,-16,6.583933776775588e-05
ln_salario_real_adm,13,8,-10,-15,7.369785630177226e-05
ln_salario_real_adm,13,9,-10,-14,9.00258820133791e-05
ln_salario_real_adm,13,10,-10,-13,6.28296369210551e-05
ln_salario_real_adm,13,11,-10,-12,3.222893114407734e-05
ln_salario_real_adm,13,12,-10,-11,0.00011134372896078161
ln_salario_real_adm,13,13,-10,-10,0.00015709702664065613
ln_salario_real_adm,13,14,-10,-9,9.827382678615115e-05
ln_salario_real_adm,13,15,-10,-8,8.455211090910524e-05
ln_salario_real_adm,13,16,-10,-7,7.738305676346863e-05
ln_salario_real_adm,13,17,-10,-6,0.00011615050037199653
ln_salario_real_adm,13,18,-10,-5,6.07396486012349e-05
ln_salario_real_adm,13,19,-10,-4,2.1902516924005907e-05
ln_salario_real_adm,13,20,-10,-3,2.687475254700111e-05
ln_salario_real_adm,13,21,-10,-2,7.331740596062527e-05
ln_salario_real_adm,13,22,-10,0,4.133446854494204e-05
ln_salario_real_adm,13,23,-10,1,7.002627728249237e-05
ln_salario_real_adm,13,24,-10,2,0.00011544086555698335
ln_salario_real_adm,13,25,-10,3,6.026095846638168e-05
ln_salario_real_adm,13,26,-10,4,4.06960713099243e-05
ln_salario_real_adm,13,27,-10,5,5.9879324840175836e-05
ln_salario_real_adm,13,28,-10,6,7.475999134800227e-05
ln_salario_real_adm,13,29,-10,7,4.076695691772419e-05
ln_salario_real_adm,13,30,-10,8,4.954090316256497e-05
ln_salario_real_adm,13,31,-10,9,7.578887862536718e-05
ln_salario_real_adm,13,32,-10,10,7.596914635116913e-05
ln_salario_real_adm,13,33,-10,11,4.685642163925532e-05
ln_salario_real_adm,13,34,-10,12,3.0911328357640264e-06
ln_salario_real_adm,13,35,-10,13,9.447503725782093e-05
ln_salario_real_adm,13,36,-10,14,5.0756540642951665e-05
ln_salario_real_adm,13,37,-10,15,7.127217663295363e-05
ln_salario_real_adm,13,38,-10,16,5.755600383285676e-05
ln_salario_real_adm,13,39,-10,17,4.65733408010709e-05
ln_salario_real_adm,13,40,-10,18,5.0622634871858214e-05
ln_salario_real_adm,13,41,-10,19,3.465527008441961e-05
ln_salario_real_adm,13,42,-10,20,5.6456916388060584e-05
ln_salario_real_adm,13,43,-10,21,5.321933133477961e-05
ln_salario_real_adm,13,44,-10,22,6.457086489508921e-05
ln_salario_real_adm,13,45,-10,23,3.949517968657761e-05
ln_salario_real_adm,14,0,-9,-23,8.641555428117062e-05
ln_salario_real_adm,14,1,-9,-22,9.545176082667302e-05
ln_salario_real_adm,14,2,-9,-21,0.00015061672880175604
ln_salario_real_adm,14,3,-9,-20,0.00011869985507775897
ln_salario_real_adm,14,4,-9,-19,0.00012109342833527112
ln_salario_real_adm,14,5,-9,-18,9.431092901006717e-05
ln_salario_real_adm,14,6,-9,-17,6.582412843890232e-05
ln_salario_real_adm,14,7,-9,-16,0.00013783479093657248
ln_salario_real_adm,14,8,-9,-15,0.00012250724525086142
ln_salario_real_adm,14,9,-9,-14,0.0001576078859583071
ln_salario_real_adm,14,10,-9,-13,8.616928406469884e-05
ln_salario_real_adm,14,11,-9,-12,0.0001738746228068419
ln_salario_real_adm,14,12,-9,-11,0.00016623197779296232
ln_salario_real_adm,14,13,-9,-10,9.827382678614787e-05
ln_salario_real_adm,14,14,-9,-9,0.0003057557458341562
ln_salario_real_adm,14,15,-9,-8,0.00016200333552879797
ln_salario_real_adm,14,16,-9,-7,0.00019063064672615352
ln_salario_real_adm,14,17,-9,-6,0.00011003505584944581
ln_salario_real_adm,14,18,-9,-5,0.00012043635453350453
ln_salario_real_adm,14,19,-9,-4,8.974284632020377e-05
ln_salario_real_adm,14,20,-9,-3,6.989839447050109e-05
ln_salario_real_adm,14,21,-9,-2,7.009476576622072e-05
ln_salario_real_adm,14,22,-9,0,6.339964371405543e-05
ln_salario_real_adm,14,23,-9,1,9.021882897852013e-05
ln_salario_real_adm,14,24,-9,2,0.00014104815294144202
ln_salario_real_adm,14,25,-9,3,0.00011157676341842027
ln_salario_real_adm,14,26,-9,4,0.00016347072722403637
ln_salario_real_adm,14,27,-9,5,0.00011873105361255321
ln_salario_real_adm,14,28,-9,6,0.00012437662751285214
ln_salario_real_adm,14,29,-9,7,0.00018149153061075657
ln_salario_real_adm,14,30,-9,8,0.00011588883940669853
ln_salario_real_adm,14,31,-9,9,9.412295495145475e-05
ln_salario_real_adm,14,32,-9,10,0.00014119275181940466
ln_salario_real_adm,14,33,-9,11,0.00010135588365683052
ln_salario_real_adm,14,34,-9,12,9.705873087881487e-05
ln_salario_real_adm,14,35,-9,13,6.444633089985297e-05
ln_salario_real_adm,14,36,-9,14,9.958720323975606e-05
ln_salario_real_adm,14,37,-9,15,0.000117811043666449
ln_salario_real_adm,14,38,-9,16,8.757274298388348e-05
ln_salario_real_adm,14,39,-9,17,4.8449431630040015e-05
ln_salario_real_adm,14,40,-9,18,0.00015759809084734335
ln_salario_real_adm,14,41,-9,19,6.489985294823291e-05
ln_salario_real_adm,14,42,-9,20,9.718220962882955e-05
ln_salario_real_adm,14,43,-9,21,0.00011835338678202321
ln_salario_real_adm,14,44,-9,22,8.69773501730473e-05
ln_salario_real_adm,14,45,-9,23,8.274548644209659e-05
ln_salario_real_adm,15,0,-8,-23,4.0375984752470376e-05
ln_salario_real_adm,15,1,-8,-22,8.714943623878535e-05
ln_salario_real_adm,15,2,-8,-21,3.978324248932195e-05
ln_salario_real_adm,15,3,-8,-20,0.00010714504878695227
ln_salario_real_adm,15,4,-8,-19,6.701667022145622e-05
ln_salario_real_adm,15,5,-8,-18,9.233455253391282e-05
ln_salario_real_adm,15,6,-8,-17,0.00011634782734175792
ln_salario_real_adm,15,7,-8,-16,0.00018487804165124598
ln_salario_real_adm,15,8,-8,-15,7.649351089573625e-05
ln_salario_real_adm,15,9,-8,-14,0.00013639232659531537
ln_salario_real_adm,15,10,-8,-13,8.12960744255918e-05
ln_salario_real_adm,15,11,-8,-12,0.00011106952238586699
ln_salario_real_adm,15,12,-8,-11,6.308698979534619e-05
ln_salario_real_adm,15,13,-8,-10,8.455211090910342e-05
ln_salario_real_adm,15,14,-8,-9,0.00016200333552879954
ln_salario_real_adm,15,15,-8,-8,0.00022627982748494528
ln_salario_real_adm,15,16,-8,-7,0.00014447749690734782
ln_salario_real_adm,15,17,-8,-6,7.50862021650447e-05
ln_salario_real_adm,15,18,-8,-5,5.432245996590278e-05
ln_salario_real_adm,15,19,-8,-4,2.5127887752394117e-05
ln_salario_real_adm,15,20,-8,-3,0.00011322579668880237
ln_salario_real_adm,15,21,-8,-2,5.036379731545322e-05
ln_salario_real_adm,15,22,-8,0,4.1820627933369e-05
ln_salario_real_adm,15,23,-8,1,6.524765026235496e-05
ln_salario_real_adm,15,24,-8,2,0.00013362545906323822
ln_salario_real_adm,15,25,-8,3,0.00010702177700477838
ln_salario_real_adm,15,26,-8,4,9.084129062745035e-05
ln_salario_real_adm,15,27,-8,5,6.96656546563223e-05
ln_salario_real_adm,15,28,-8,6,0.00011987508102497434
ln_salario_real_adm,15,29,-8,7,0.0001358022923048249
ln_salario_real_adm,15,30,-8,8,8.871088164974108e-05
ln_salario_real_adm,15,31,-8,9,0.00012669541298030476
ln_salario_real_adm,15,32,-8,10,0.00011791867432818783
ln_salario_real_adm,15,33,-8,11,0.00011145322050443918
ln_salario_real_adm,15,34,-8,12,0.00011032392848270722
ln_salario_real_adm,15,35,-8,13,8.944731693640687e-05
ln_salario_real_adm,15,36,-8,14,7.222610340393095e-05
ln_salario_real_adm,15,37,-8,15,8.729931093045432e-05
ln_salario_real_adm,15,38,-8,16,5.506069024725015e-05
ln_salario_real_adm,15,39,-8,17,6.518642327998189e-05
ln_salario_real_adm,15,40,-8,18,9.384475218188441e-05
ln_salario_real_adm,15,41,-8,19,3.0253631962961538e-05
ln_salario_real_adm,15,42,-8,20,3.683126072734288e-05
ln_salario_real_adm,15,43,-8,21,6.323470445180524e-05
ln_salario_real_adm,15,44,-8,22,5.054275040316039e-05
ln_salario_real_adm,15,45,-8,23,0.00010139297589435656
ln_salario_real_adm,16,0,-7,-23,8.152534332341886e-05
ln_salario_real_adm,16,1,-7,-22,8.968102805153502e-05
ln_salario_real_adm,16,2,-7,-21,0.00010444953101722415
ln_salario_real_adm,16,3,-7,-20,7.787419417047932e-05
ln_salario_real_adm,16,4,-7,-19,0.00010396421641163302
ln_salario_real_adm,16,5,-7,-18,0.0001072461614498279
ln_salario_real_adm,16,6,-7,-17,9.072388073690659e-05
ln_salario_real_adm,16,7,-7,-16,8.715243161105054e-05
ln_salario_real_adm,16,8,-7,-15,0.00012446825119450826
ln_salario_real_adm,16,9,-7,-14,0.00013094094975254285
ln_salario_real_adm,16,10,-7,-13,8.828830203582659e-05
ln_salario_real_adm,16,11,-7,-12,9.233751390529761e-05
ln_salario_real_adm,16,12,-7,-11,0.00011532482495886754
ln_salario_real_adm,16,13,-7,-10,7.738305676346768e-05
ln_salario_real_adm,16,14,-7,-9,0.0001906306467261557
ln_salario_real_adm,16,15,-7,-8,0.00014447749690734842
ln_salario_real_adm,16,16,-7,-7,0.0002131089207698004
ln_salario_real_adm,16,17,-7,-6,0.00013032342975708808
ln_salario_real_adm,16,18,-7,-5,0.00013148631334490877
ln_salario_real_adm,16,19,-7,-4,6.731763518416445e-05
ln_salario_real_adm,16,20,-7,-3,8.803806610357762e-05
ln_salario_real_adm,16,21,-7,-2,5.94866484598852e-05
ln_salario_real_adm,16,22,-7,0,7.37910093740797e-05
ln_salario_real_adm,16,23,-7,1,8.934802311018802e-05
ln_salario_real_adm,16,24,-7,2,0.00012820531841354482
ln_salario_real_adm,16,25,-7,3,0.00010588119189331936
ln_salario_real_adm,16,26,-7,4,0.00013543456423151977
ln_salario_real_adm,16,27,-7,5,0.0001008214514986659
ln_salario_real_adm,16,28,-7,6,0.00012624021221383885
ln_salario_real_adm,16,29,-7,7,0.00014491055299754881
ln_salario_real_adm,16,30,-7,8,0.00012025574144612632
ln_salario_real_adm,16,31,-7,9,8.133329877800572e-05
ln_salario_real_adm,16,32,-7,10,0.00011390442168189306
ln_salario_real_adm,16,33,-7,11,7.103740302852298e-05
ln_salario_real_adm,16,34,-7,12,9.600667873518156e-05
ln_salario_real_adm,16,35,-7,13,5.530531668161422e-05
ln_salario_real_adm,16,36,-7,14,6.56661773531598e-05
ln_salario_real_adm,16,37,-7,15,9.609433738568519e-05
ln_salario_real_adm,16,38,-7,16,6.720453848430566e-05
ln_salario_real_adm,16,39,-7,17,7.358683925717215e-05
ln_salario_real_adm,16,40,-7,18,0.0001135210316815077
ln_salario_real_adm,16,41,-7,19,6.680961609910355e-05
ln_salario_real_adm,16,42,-7,20,9.927271804580772e-05
ln_salario_real_adm,16,43,-7,21,9.663623961913851e-05
ln_salario_real_adm,16,44,-7,22,8.555593971900326e-05
ln_salario_real_adm,16,45,-7,23,8.578326731990851e-05
ln_salario_real_adm,17,0,-6,-23,7.180955581259243e-05
ln_salario_real_adm,17,1,-6,-22,5.9203757162723404e-05
ln_salario_real_adm,17,2,-6,-21,9.331729272561437e-06
ln_salario_real_adm,17,3,-6,-20,0.00010166495267622848
ln_salario_real_adm,17,4,-6,-19,0.00015222590408136828
ln_salario_real_adm,17,5,-6,-18,0.00014662895703844575
ln_salario_real_adm,17,6,-6,-17,3.327858618844634e-05
ln_salario_real_adm,17,7,-6,-16,3.7540630622026126e-05
ln_salario_real_adm,17,8,-6,-15,8.497357278441833e-05
ln_salario_real_adm,17,9,-6,-14,9.406599439885165e-05
ln_salario_real_adm,17,10,-6,-13,6.807143993868945e-05
ln_salario_real_adm,17,11,-6,-12,-1.056360890206437e-05
ln_salario_real_adm,17,12,-6,-11,0.0001862873962771687
ln_salario_real_adm,17,13,-6,-10,0.00011615050037199687
ln_salario_real_adm,17,14,-6,-9,0.00011003505584944902
ln_salario_real_adm,17,15,-6,-8,7.508620216504669e-05
ln_salario_real_adm,17,16,-6,-7,0.00013032342975708913
ln_salario_real_adm,17,17,-6,-6,0.0002963576904127267
ln_salario_real_adm,17,18,-6,-5,0.00017886344476359984
ln_salario_real_adm,17,19,-6,-4,3.418802690190618e-05
ln_salario_real_adm,17,20,-6,-3,3.110002868762056e-05
ln_salario_real_adm,17,21,-6,-2,0.00013203382302079387
ln_salario_real_adm,17,22,-6,0,6.590989316710547e-05
ln_salario_real_adm,17,23,-6,1,0.00012730896131871736
ln_salario_real_adm,17,24,-6,2,0.0001769327915320594
ln_salario_real_adm,17,25,-6,3,5.4472609780431935e-05
ln_salario_real_adm,17,26,-6,4,0.0001263619577545227
ln_salario_real_adm,17,27,-6,5,0.00013532387189214376
ln_salario_real_adm,17,28,-6,6,0.00012984676834623693
ln_salario_real_adm,17,29,-6,7,2.6234189256029678e-05
ln_salario_real_adm,17,30,-6,8,0.00011323974995243552
ln_salario_real_adm,17,31,-6,9,8.112138028617913e-05
ln_salario_real_adm,17,32,-6,10,6.711197613578249e-05
ln_salario_real_adm,17,33,-6,11,5.137032289451076e-05
ln_salario_real_adm,17,34,-6,12,6.250312282084047e-07
ln_salario_real_adm,17,35,-6,13,8.852968237833134e-05
ln_salario_real_adm,17,36,-6,14,2.78240044282498e-05
ln_salario_real_adm,17,37,-6,15,0.00010217540683074229
ln_salario_real_adm,17,38,-6,16,9.452944649739723e-05
ln_salario_real_adm,17,39,-6,17,4.675177112917933e-05
ln_salario_real_adm,17,40,-6,18,0.00010127771319296989
ln_salario_real_adm,17,41,-6,19,7.733738679416276e-05
ln_salario_real_adm,17,42,-6,20,0.00010788355884133299
ln_salario_real_adm,17,43,-6,21,5.5688321175818884e-05
ln_salario_real_adm,17,44,-6,22,0.00010267001666823174
ln_salario_real_adm,17,45,-6,23,7.745707718056989e-05
ln_salario_real_adm,18,0,-5,-23,0.0001138225602892533
ln_salario_real_adm,18,1,-5,-22,0.0001213420146608369
ln_salario_real_adm,18,2,-5,-21,0.000166312661380466
ln_salario_real_adm,18,3,-5,-20,0.00012530302389936882
ln_salario_real_adm,18,4,-5,-19,0.00017544817320128145
ln_salario_real_adm,18,5,-5,-18,0.00019392559245015682
ln_salario_real_adm,18,6,-5,-17,5.01694313125249e-05
ln_salario_real_adm,18,7,-5,-16,3.129307047779125e-05
ln_salario_real_adm,18,8,-5,-15,0.00018630246848016713
ln_salario_real_adm,18,9,-5,-14,6.545869423225419e-05
ln_salario_real_adm,18,10,-5,-13,5.9849365054851835e-05
ln_salario_real_adm,18,11,-5,-12,6.713882403198885e-05
ln_salario_real_adm,18,12,-5,-11,0.00016336583735114722
ln_salario_real_adm,18,13,-5,-10,6.073964860123466e-05
ln_salario_real_adm,18,14,-5,-9,0.0001204363545335073
ln_salario_real_adm,18,15,-5,-8,5.432245996590409e-05
ln_salario_real_adm,18,16,-5,-7,0.00013148631334490956
ln_salario_real_adm,18,17,-5,-6,0.0001788634447635994
ln_salario_real_adm,18,18,-5,-5,0.00032696507062954515
ln_salario_real_adm,18,19,-5,-4,9.653121703088782e-05
ln_salario_real_adm,18,20,-5,-3,2.392426275419834e-05
ln_salario_real_adm,18,21,-5,-2,0.00011542580127330231
ln_salario_real_adm,18,22,-5,0,0.00013405314442410318
ln_salario_real_adm,18,23,-5,1,0.00015160858889160065
ln_salario_real_adm,18,24,-5,2,0.0001937378295892356
ln_salario_real_adm,18,25,-5,3,9.970935117535872e-05
ln_salario_real_adm,18,26,-5,4,0.00017500055115115466
ln_salario_real_adm,18,27,-5,5,0.00017843673063959293
ln_salario_real_adm,18,28,-5,6,0.00013225236891131062
ln_salario_real_adm,18,29,-5,7,0.00012595657876409734
ln_salario_real_adm,18,30,-5,8,0.00014403789735769075
ln_salario_real_adm,18,31,-5,9,0.00011370486325110433
ln_salario_real_adm,18,32,-5,10,7.259243458387091e-05
ln_salario_real_adm,18,33,-5,11,7.570157476842305e-05
ln_salario_real_adm,18,34,-5,12,7.1297992907626664e-06
ln_salario_real_adm,18,35,-5,13,4.912343732655115e-05
ln_salario_real_adm,18,36,-5,14,0.0001058911191328229
ln_salario_real_adm,18,37,-5,15,0.00012568641097665317
ln_salario_real_adm,18,38,-5,16,7.733910543286631e-05
ln_salario_real_adm,18,39,-5,17,0.00012144751611028063
ln_salario_real_adm,18,40,-5,18,0.00010161449679685374
ln_salario_real_adm,18,41,-5,19,9.173882680229847e-05
ln_salario_real_adm,18,42,-5,20,0.00021110752791447904
ln_salario_real_adm,18,43,-5,21,0.00014851853774666644
ln_salario_real_adm,18,44,-5,22,0.0001031158454847031
ln_salario_real_adm,18,45,-5,23,8.435643036583698e-05
ln_salario_real_adm,19,0,-4,-23,0.00011019132774679191
ln_salario_real_adm,19,1,-4,-22,0.00012032258275382232
ln_salario_real_adm,19,2,-4,-21,0.00013955781794180644
ln_salario_real_adm,19,3,-4,-20,0.00016275176990571596
ln_salario_real_adm,19,4,-4,-19,0.00018715033281319006
ln_salario_real_adm,19,5,-4,-18,4.979264895929887e-05
ln_salario_real_adm,19,6,-4,-17,-1.0161949472686268e-05
ln_salario_real_adm,19,7,-4,-16,0.00010100513847593382
ln_salario_real_adm,19,8,-4,-15,0.00012000325129115295
ln_salario_real_adm,19,9,-4,-14,4.285763651332364e-05
ln_salario_real_adm,19,10,-4,-13,3.0790314787756146e-05
ln_salario_real_adm,19,11,-4,-12,0.0001797203770713294
ln_salario_real_adm,19,12,-4,-11,6.254909377173543e-05
ln_salario_real_adm,19,13,-4,-10,2.1902516924005894e-05
ln_salario_real_adm,19,14,-4,-9,8.974284632020678e-05
ln_salario_real_adm,19,15,-4,-8,2.512788775239547e-05
ln_salario_real_adm,19,16,-4,-7,6.731763518416577e-05
ln_salario_real_adm,19,17,-4,-6,3.4188026901905696e-05
ln_salario_real_adm,19,18,-4,-5,9.653121703088801e-05
ln_salario_real_adm,19,19,-4,-4,0.000259096208193647
ln_salario_real_adm,19,20,-4,-3,1.8763993432434446e-05
ln_salario_real_adm,19,21,-4,-2,4.027557755856851e-06
ln_salario_real_adm,19,22,-4,0,1.76977479491752e-05
ln_salario_real_adm,19,23,-4,1,3.600465456527603e-05
ln_salario_real_adm,19,24,-4,2,1.4546260015286113e-05
ln_salario_real_adm,19,25,-4,3,1.641426022546638e-05
ln_salario_real_adm,19,26,-4,4,4.425523530584559e-05
ln_salario_real_adm,19,27,-4,5,6.607633542640858e-05
ln_salario_real_adm,19,28,-4,6,-4.05266737220186e-06
ln_salario_real_adm,19,29,-4,7,-1.640068158466473e-06
ln_salario_real_adm,19,30,-4,8,4.388599344888487e-05
ln_salario_real_adm,19,31,-4,9,2.107210550636886e-06
ln_salario_real_adm,19,32,-4,10,-5.4886365988877e-05
ln_salario_real_adm,19,33,-4,11,6.252618590904139e-06
ln_salario_real_adm,19,34,-4,12,2.0384961101094984e-05
ln_salario_real_adm,19,35,-4,13,3.7127203048286337e-06
ln_salario_real_adm,19,36,-4,14,5.2443399699768775e-06
ln_salario_real_adm,19,37,-4,15,3.236127750113188e-05
ln_salario_real_adm,19,38,-4,16,1.1771920500159653e-05
ln_salario_real_adm,19,39,-4,17,2.1235280838012377e-05
ln_salario_real_adm,19,40,-4,18,6.958478398571377e-05
ln_salario_real_adm,19,41,-4,19,4.051125625399675e-05
ln_salario_real_adm,19,42,-4,20,4.7149006618194855e-05
ln_salario_real_adm,19,43,-4,21,7.06533908016147e-05
ln_salario_real_adm,19,44,-4,22,2.0409199099971187e-05
ln_salario_real_adm,19,45,-4,23,3.9794593231878326e-05
ln_salario_real_adm,20,0,-3,-23,5.697332814586429e-05
ln_salario_real_adm,20,1,-3,-22,0.0001103680529910277
ln_salario_real_adm,20,2,-3,-21,3.9581473628539165e-05
ln_salario_real_adm,20,3,-3,-20,-9.550787203261845e-06
ln_salario_real_adm,20,4,-3,-19,5.691043845873726e-06
ln_salario_real_adm,20,5,-3,-18,1.5495159243218648e-05
ln_salario_real_adm,20,6,-3,-17,0.00012148047871057892
ln_salario_real_adm,20,7,-3,-16,0.00012384082591553142
ln_salario_real_adm,20,8,-3,-15,6.165545945140775e-05
ln_salario_real_adm,20,9,-3,-14,9.209101590892897e-05
ln_salario_real_adm,20,10,-3,-13,5.1444610365952995e-05
ln_salario_real_adm,20,11,-3,-12,4.5876054493935005e-05
ln_salario_real_adm,20,12,-3,-11,9.667084579342352e-06
ln_salario_real_adm,20,13,-3,-10,2.687475254700107e-05
ln_salario_real_adm,20,14,-3,-9,6.989839447050391e-05
ln_salario_real_adm,20,15,-3,-8,0.00011322579668880366
ln_salario_real_adm,20,16,-3,-7,8.803806610357877e-05
ln_salario_real_adm,20,17,-3,-6,3.110002868762035e-05
ln_salario_real_adm,20,18,-3,-5,2.3924262754198644e-05
ln_salario_real_adm,20,19,-3,-4,1.8763993432434175e-05
ln_salario_real_adm,20,20,-3,-3,0.00020153365434361426
ln_salario_real_adm,20,21,-3,-2,-1.5699126301990814e-06
ln_salario_real_adm,20,22,-3,0,-6.431356936459965e-06
ln_salario_real_adm,20,23,-3,1,4.55525754377158e-05
ln_salario_real_adm,20,24,-3,2,1.7715365086674043e-05
ln_salario_real_adm,20,25,-3,3,7.047066820131265e-05
ln_salario_real_adm,20,26,-3,4,3.7981630035459236e-05
ln_salario_real_adm,20,27,-3,5,-1.3578355606158687e-05
ln_salario_real_adm,20,28,-3,6,6.606553234840898e-05
ln_salario_real_adm,20,29,-3,7,7.024262917380702e-05
ln_salario_real_adm,20,30,-3,8,3.4948867683300784e-05
ln_salario_real_adm,20,31,-3,9,9.391554934793225e-05
ln_salario_real_adm,20,32,-3,10,2.0883174441400608e-05
ln_salario_real_adm,20,33,-3,11,3.083384254519162e-05
ln_salario_real_adm,20,34,-3,12,0.0001098588652423955
ln_salario_real_adm,20,35,-3,13,5.156322706050236e-05
ln_salario_real_adm,20,36,-3,14,6.654169016479747e-06
ln_salario_real_adm,20,37,-3,15,6.7371325509366905e-06
ln_salario_real_adm,20,38,-3,16,3.933167364929844e-05
ln_salario_real_adm,20,39,-3,17,6.96042937202576e-05
ln_salario_real_adm,20,40,-3,18,5.804866464978885e-05
ln_salario_real_adm,20,41,-3,19,1.2331781584523337e-06
ln_salario_real_adm,20,42,-3,20,3.104909955004274e-06
ln_salario_real_adm,20,43,-3,21,-8.35495976060954e-06
ln_salario_real_adm,20,44,-3,22,-4.680841012790185e-07
ln_salario_real_adm,20,45,-3,23,7.240732311594788e-05
ln_salario_real_adm,21,0,-2,-23,3.418929943243343e-05
ln_salario_real_adm,21,1,-2,-22,0.000108840400039662
ln_salario_real_adm,21,2,-2,-21,0.00011871988635036786
ln_salario_real_adm,21,3,-2,-20,6.991732798558378e-05
ln_salario_real_adm,21,4,-2,-19,6.756788445821864e-05
ln_salario_real_adm,21,5,-2,-18,2.9134300467699155e-05
ln_salario_real_adm,21,6,-2,-17,6.960370380187826e-05
ln_salario_real_adm,21,7,-2,-16,4.4366385230794016e-05
ln_salario_real_adm,21,8,-2,-15,8.492374749708045e-05
ln_salario_real_adm,21,9,-2,-14,4.659730166989903e-05
ln_salario_real_adm,21,10,-2,-13,8.82475403774188e-05
ln_salario_real_adm,21,11,-2,-12,3.940023753070203e-05
ln_salario_real_adm,21,12,-2,-11,0.00014622064022556553
ln_salario_real_adm,21,13,-2,-10,7.331740596062611e-05
ln_salario_real_adm,21,14,-2,-9,7.009476576622426e-05
ln_salario_real_adm,21,15,-2,-8,5.036379731545569e-05
ln_salario_real_adm,21,16,-2,-7,5.948664845988692e-05
ln_salario_real_adm,21,17,-2,-6,0.00013203382302079438
ln_salario_real_adm,21,18,-2,-5,0.00011542580127330317
ln_salario_real_adm,21,19,-2,-4,4.027557755857426e-06
ln_salario_real_adm,21,20,-2,-3,-1.5699126301981342e-06
ln_salario_real_adm,21,21,-2,-2,0.00022212703890907957
ln_salario_real_adm,21,22,-2,0,6.344532937711052e-05
ln_salario_real_adm,21,23,-2,1,6.985444699332729e-05
ln_salario_real_adm,21,24,-2,2,0.00012826245197659523
ln_salario_real_adm,21,25,-2,3,0.0001110044534418463
ln_salario_real_adm,21,26,-2,4,0.00012445711716605387
ln_salario_real_adm,21,27,-2,5,9.41342729478846e-05
ln_salario_real_adm,21,28,-2,6,0.00016620517107234262
ln_salario_real_adm,21,29,-2,7,8.605733181726496e-05
ln_salario_real_adm,21,30,-2,8,0.00013152194265488826
ln_salario_real_adm,21,31,-2,9,7.64958721653335e-05
ln_salario_real_adm,21,32,-2,10,0.0001213107957581007
ln_salario_real_adm,21,33,-2,11,7.661830435173615e-05
ln_salario_real_adm,21,34,-2,12,5.554140691335325e-05
ln_salario_real_adm,21,35,-2,13,8.126727803922334e-05
ln_salario_real_adm,21,36,-2,14,5.78825944872873e-05
ln_salario_real_adm,21,37,-2,15,0.00011997691130871319
ln_salario_real_adm,21,38,-2,16,9.870331285671988e-05
ln_salario_real_adm,21,39,-2,17,4.0711380695398454e-05
ln_salario_real_adm,21,40,-2,18,0.0001241941821007882
ln_salario_real_adm,21,41,-2,19,0.00010830304998991821
ln_salario_real_adm,21,42,-2,20,0.00014146961097923815
ln_salario_real_adm,21,43,-2,21,8.833584093185e-05
ln_salario_real_adm,21,44,-2,22,0.00010538224848783438
ln_salario_real_adm,21,45,-2,23,5.862140674872006e-05
ln_salario_real_adm,22,0,0,-23,1.4244520820684866e-05
ln_salario_real_adm,22,1,0,-22,1.2170352629778703e-06
ln_salario_real_adm,22,2,0,-21,7.790138445185273e-05
ln_salario_real_adm,22,3,0,-20,8.794333344441984e-05
ln_salario_real_adm,22,4,0,-19,6.965182140287783e-05
ln_salario_real_adm,22,5,0,-18,0.00012871398066211165
ln_salario_real_adm,22,6,0,-17,1.4922771276813995e-05
ln_salario_real_adm,22,7,0,-16,-1.1193443739495172e-05
ln_salario_real_adm,22,8,0,-15,6.55001687736668e-05
ln_salario_real_adm,22,9,0,-14,4.374911823216294e-05
ln_salario_real_adm,22,10,0,-13,2.9662717198045373e-05
ln_salario_real_adm,22,11,0,-12,4.368791487946841e-05
ln_salario_real_adm,22,12,0,-11,7.269626556660759e-05
ln_salario_real_adm,22,13,0,-10,4.1334468544942544e-05
ln_salario_real_adm,22,14,0,-9,6.339964371405907e-05
ln_salario_real_adm,22,15,0,-8,4.182062793337137e-05
ln_salario_real_adm,22,16,0,-7,7.379100937408132e-05
ln_salario_real_adm,22,17,0,-6,6.590989316710574e-05
ln_salario_real_adm,22,18,0,-5,0.0001340531444241036
ln_salario_real_adm,22,19,0,-4,1.7697747949175417e-05
ln_salario_real_adm,22,20,0,-3,-6.431356936459353e-06
ln_salario_real_adm,22,21,0,-2,6.344532937711007e-05
ln_salario_real_adm,22,22,0,0,0.0002289612961692818
ln_salario_real_adm,22,23,0,1,0.00010802663594265071
ln_salario_real_adm,22,24,0,2,0.00011572895248991532
ln_salario_real_adm,22,25,0,3,6.449120321022584e-05
ln_salario_real_adm,22,26,0,4,8.453279327900899e-05
ln_salario_real_adm,22,27,0,5,0.00011383965566841604
ln_salario_real_adm,22,28,0,6,7.250943753630238e-05
ln_salario_real_adm,22,29,0,7,0.00013726413723205017
ln_salario_real_adm,22,30,0,8,7.681167753773365e-05
ln_salario_real_adm,22,31,0,9,6.7955726364089e-05
ln_salario_real_adm,22,32,0,10,0.00010371960261438377
ln_salario_real_adm,22,33,0,11,0.00010024597009034014
ln_salario_real_adm,22,34,0,12,1.6667643136173096e-05
ln_salario_real_adm,22,35,0,13,7.776367358536448e-05
ln_salario_real_adm,22,36,0,14,0.0001281984579491905
ln_salario_real_adm,22,37,0,15,0.00012479350228807582
ln_salario_real_adm,22,38,0,16,3.830812405255935e-05
ln_salario_real_adm,22,39,0,17,9.62778497482773e-05
ln_salario_real_adm,22,40,0,18,5.167812533375886e-05
ln_salario_real_adm,22,41,0,19,4.9394392001908224e-05
ln_salario_real_adm,22,42,0,20,0.00013127664320365976
ln_salario_real_adm,22,43,0,21,0.00011167369166201178
ln_salario_real_adm,22,44,0,22,9.858925306290773e-05
ln_salario_real_adm,22,45,0,23,4.4043284357394976e-05
ln_salario_real_adm,23,0,1,-23,9.420036861180033e-05
ln_salario_real_adm,23,1,1,-22,0.00011169623997414834
ln_salario_real_adm,23,2,1,-21,5.141855191088964e-05
ln_salario_real_adm,23,3,1,-20,9.756839446575957e-05
ln_salario_real_adm,23,4,1,-19,9.560187637796497e-05
ln_salario_real_adm,23,5,1,-18,0.00011933863579646006
ln_salario_real_adm,23,6,1,-17,3.664473827698804e-05
ln_salario_real_adm,23,7,1,-16,5.7365905338633966e-05
ln_salario_real_adm,23,8,1,-15,7.685343968663121e-05
ln_salario_real_adm,23,9,1,-14,8.715233067978956e-05
ln_salario_real_adm,23,10,1,-13,5.472618595134157e-05
ln_salario_real_adm,23,11,1,-12,1.3874107061637484e-05
ln_salario_real_adm,23,12,1,-11,0.0001407016943233004
ln_salario_real_adm,23,13,1,-10,7.002627728249416e-05
ln_salario_real_adm,23,14,1,-9,9.021882897852495e-05
ln_salario_real_adm,23,15,1,-8,6.524765026235843e-05
ln_salario_real_adm,23,16,1,-7,8.934802311019092e-05
ln_salario_real_adm,23,17,1,-6,0.00012730896131871937
ln_salario_real_adm,23,18,1,-5,0.00015160858889160303
ln_salario_real_adm,23,19,1,-4,3.600465456527776e-05
ln_salario_real_adm,23,20,1,-3,4.555257543771742e-05
ln_salario_real_adm,23,21,1,-2,6.985444699332847e-05
ln_salario_real_adm,23,22,1,0,0.00010802663594265253
ln_salario_real_adm,23,23,1,1,0.00023219825607135954
ln_salario_real_adm,23,24,1,2,0.00013675360210498285
ln_salario_real_adm,23,25,1,3,9.999600836937035e-05
ln_salario_real_adm,23,26,1,4,0.00011572879533399452
ln_salario_real_adm,23,27,1,5,0.00012632609728506684
ln_salario_real_adm,23,28,1,6,7.856220192449816e-05
ln_salario_real_adm,23,29,1,7,7.831253141769796e-05
ln_salario_real_adm,23,30,1,8,0.00010189242580545016
ln_salario_real_adm,23,31,1,9,0.00011504226955538642
ln_salario_real_adm,23,32,1,10,6.105935949391107e-05
ln_salario_real_adm,23,33,1,11,8.960306772609669e-05
ln_salario_real_adm,23,34,1,12,3.9893837275102005e-05
ln_salario_real_adm,23,35,1,13,9.197852188037796e-05
ln_salario_real_adm,23,36,1,14,7.69562864930416e-05
ln_salario_real_adm,23,37,1,15,0.00012261668513301717
ln_salario_real_adm,23,38,1,16,8.628473088054043e-05
ln_salario_real_adm,23,39,1,17,6.548010249102965e-05
ln_salario_real_adm,23,40,1,18,6.405061125158837e-05
ln_salario_real_adm,23,41,1,19,2.6285666673110248e-05
ln_salario_real_adm,23,42,1,20,0.00010361407674499521
ln_salario_real_adm,23,43,1,21,7.272588306573124e-05
ln_salario_real_adm,23,44,1,22,8.35932863983178e-05
ln_salario_real_adm,23,45,1,23,0.00010360181378508135
ln_salario_real_adm,24,0,2,-23,3.7690535220883286e-05
ln_salario_real_adm,24,1,2,-22,7.977990649107286e-05
ln_salario_real_adm,24,2,2,-21,3.176356697538989e-05
ln_salario_real_adm,24,3,2,-20,0.00021787483778745026
ln_salario_real_adm,24,4,2,-19,0.00018130564175482312
ln_salario_real_adm,24,5,2,-18,0.00018050914872240714
ln_salario_real_adm,24,6,2,-17,6.070833357555143e-05
ln_salario_real_adm,24,7,2,-16,0.00014142973398108494
ln_salario_real_adm,24,8,2,-15,0.00012141513870920923
ln_salario_real_adm,24,9,2,-14,8.103996806263996e-05
ln_salario_real_adm,24,10,2,-13,5.646499222701828e-05
ln_salario_real_adm,24,11,2,-12,0.00013233302397651223
ln_salario_real_adm,24,12,2,-11,0.0001352929902027649
ln_salario_real_adm,24,13,2,-10,0.00011544086555698343
ln_salario_real_adm,24,14,2,-9,0.00014104815294144543
ln_salario_real_adm,24,15,2,-8,0.00013362545906324004
ln_salario_real_adm,24,16,2,-7,0.0001282053184135456
ln_salario_real_adm,24,17,2,-6,0.00017693279153205957
ln_salario_real_adm,24,18,2,-5,0.00019373782958923588
ln_salario_real_adm,24,19,2,-4,1.4546260015285857e-05
ln_salario_real_adm,24,20,2,-3,1.7715365086673863e-05
ln_salario_real_adm,24,21,2,-2,0.00012826245197659452
ln_salario_real_adm,24,22,2,0,0.00011572895248991546
ln_salario_real_adm,24,23,2,1,0.0001367536021049808
ln_salario_real_adm,24,24,2,2,0.00047418616380133554
ln_salario_real_adm,24,25,2,3,0.00016714221221855884
ln_salario_real_adm,24,26,2,4,0.0002656464987590322
ln_salario_real_adm,24,27,2,5,0.0002360744697934267
ln_salario_real_adm,24,28,2,6,0.00023308777033544245
ln_salario_real_adm,24,29,2,7,0.00018837641207031583
ln_salario_real_adm,24,30,2,8,0.00019320825195508982
ln_salario_real_adm,24,31,2,9,0.0001506193469805959
ln_salario_real_adm,24,32,2,10,0.00023264519332298828
ln_salario_real_adm,24,33,2,11,0.00021389798633356374
ln_salario_real_adm,24,34,2,12,7.23050501826955e-05
ln_salario_real_adm,24,35,2,13,0.0001619377118451114
ln_salario_real_adm,24,36,2,14,0.00022497086401580132
ln_salario_real_adm,24,37,2,15,0.00023711590403876294
ln_salario_real_adm,24,38,2,16,0.00015237407955192946
ln_salario_real_adm,24,39,2,17,0.00017828259416532318
ln_salario_real_adm,24,40,2,18,0.00018648042913432241
ln_salario_real_adm,24,41,2,19,0.00016312727509969554
ln_salario_real_adm,24,42,2,20,0.00019076388346802106
ln_salario_real_adm,24,43,2,21,0.00020131820888332337
ln_salario_real_adm,24,44,2,22,0.00020650161772805875
ln_salario_real_adm,24,45,2,23,0.00013149397528678693
ln_salario_real_adm,25,0,3,-23,3.5017458688748266e-05
ln_salario_real_adm,25,1,3,-22,0.000161091973060787
ln_salario_real_adm,25,2,3,-21,0.00014952523361901374
ln_salario_real_adm,25,3,3,-20,4.162974592673394e-05
ln_salario_real_adm,25,4,3,-19,-1.6970858743009802e-05
ln_salario_real_adm,25,5,3,-18,-7.26580296222783e-07
ln_salario_real_adm,25,6,3,-17,0.00010638856337295945
ln_salario_real_adm,25,7,3,-16,0.00011151860033672258
ln_salario_real_adm,25,8,3,-15,9.233947320530926e-05
ln_salario_real_adm,25,9,3,-14,3.9802652483147566e-05
ln_salario_real_adm,25,10,3,-13,7.723420956098216e-05
ln_salario_real_adm,25,11,3,-12,4.2902939008200525e-05
ln_salario_real_adm,25,12,3,-11,7.990446043836738e-05
ln_salario_real_adm,25,13,3,-10,6.0260958466384916e-05
ln_salario_real_adm,25,14,3,-9,0.00011157676341842588
ln_salario_real_adm,25,15,3,-8,0.00010702177700478266
ln_salario_real_adm,25,16,3,-7,0.00010588119189332272
ln_salario_real_adm,25,17,3,-6,5.4472609780434794e-05
ln_salario_real_adm,25,18,3,-5,9.9709351175362e-05
ln_salario_real_adm,25,19,3,-4,1.6414260225468655e-05
ln_salario_real_adm,25,20,3,-3,7.047066820131586e-05
ln_salario_real_adm,25,21,3,-2,0.00011100445344184808
ln_salario_real_adm,25,22,3,0,6.449120321022884e-05
ln_salario_real_adm,25,23,3,1,9.999600836937118e-05
ln_salario_real_adm,25,24,3,2,0.000167142212218562
ln_salario_real_adm,25,25,3,3,0.00031123969830006745
ln_salario_real_adm,25,26,3,4,0.0002239547294673421
ln_salario_real_adm,25,27,3,5,0.0001630794416866325
ln_salario_real_adm,25,28,3,6,0.00016827742167360886
ln_salario_real_adm,25,29,3,7,0.00020318575209525986
ln_salario_real_adm,25,30,3,8,0.00016371079368215
ln_salario_real_adm,25,31,3,9,0.00015535386720560212
ln_salario_real_adm,25,32,3,10,0.000153969621981097
ln_salario_real_adm,25,33,3,11,0.0001230680096203498
ln_salario_real_adm,25,34,3,12,0.00015599980764944017
ln_salario_real_adm,25,35,3,13,9.261748131080982e-05
ln_salario_real_adm,25,36,3,14,0.00015683194308285588
ln_salario_real_adm,25,37,3,15,0.000193297941804714
ln_salario_real_adm,25,38,3,16,0.0001542128393092433
ln_salario_real_adm,25,39,3,17,0.00014118652720450698
ln_salario_real_adm,25,40,3,18,0.00014787682688734285
ln_salario_real_adm,25,41,3,19,0.00010446376893767209
ln_salario_real_adm,25,42,3,20,0.0001370546849757877
ln_salario_real_adm,25,43,3,21,0.00012050313058530892
ln_salario_real_adm,25,44,3,22,8.628986512425897e-05
ln_salario_real_adm,25,45,3,23,0.00012345154911990887
ln_salario_real_adm,26,0,4,-23,5.8008663135754124e-05
ln_salario_real_adm,26,1,4,-22,6.74370797437434e-05
ln_salario_real_adm,26,2,4,-21,0.00010772062419773777
ln_salario_real_adm,26,3,4,-20,7.485814172542978e-05
ln_salario_real_adm,26,4,4,-19,0.00012323383601870068
ln_salario_real_adm,26,5,4,-18,9.621148802787295e-05
ln_salario_real_adm,26,6,4,-17,3.8526642991488175e-05
ln_salario_real_adm,26,7,4,-16,6.35537817247856e-05
ln_salario_real_adm,26,8,4,-15,0.00012868672661156435
ln_salario_real_adm,26,9,4,-14,6.649424988546217e-05
ln_salario_real_adm,26,10,4,-13,5.4618929154259756e-05
ln_salario_real_adm,26,11,4,-12,0.00010833084948962816
ln_salario_real_adm,26,12,4,-11,0.0001370966235523211
ln_salario_real_adm,26,13,4,-10,4.069607130992607e-05
ln_salario_real_adm,26,14,4,-9,0.00016347072722404054
ln_salario_real_adm,26,15,4,-8,9.08412906274533e-05
ln_salario_real_adm,26,16,4,-7,0.00013543456423152167
ln_salario_real_adm,26,17,4,-6,0.0001263619577545245
ln_salario_real_adm,26,18,4,-5,0.00017500055115115659
ln_salario_real_adm,26,19,4,-4,4.425523530584653e-05
ln_salario_real_adm,26,20,4,-3,3.7981630035460625e-05
ln_salario_real_adm,26,21,4,-2,0.00012445711716605446
ln_salario_real_adm,26,22,4,0,8.453279327900979e-05
ln_salario_real_adm,26,23,4,1,0.00011572879533399334
ln_salario_real_adm,26,24,4,2,0.00026564649875903334
ln_salario_real_adm,26,25,4,3,0.0002239547294673405
ln_salario_real_adm,26,26,4,4,0.00038926502293336915
ln_salario_real_adm,26,27,4,5,0.00024245156503468023
ln_salario_real_adm,26,28,4,6,0.00023634743339756353
ln_salario_real_adm,26,29,4,7,0.00022145084333563759
ln_salario_real_adm,26,30,4,8,0.00024138816644037988
ln_salario_real_adm,26,31,4,9,0.00016032069995546879
ln_salario_real_adm,26,32,4,10,0.0002089813019166036
ln_salario_real_adm,26,33,4,11,0.0001588304582281925
ln_salario_real_adm,26,34,4,12,0.0001264857403738809
ln_salario_real_adm,26,35,4,13,7.404117279164085e-05
ln_salario_real_adm,26,36,4,14,0.0002061120044658741
ln_salario_real_adm,26,37,4,15,0.00021909709442473463
ln_salario_real_adm,26,38,4,16,0.00020431813449100258
ln_salario_real_adm,26,39,4,17,0.00015575857945409396
ln_salario_real_adm,26,40,4,18,0.00021671297500654095
ln_salario_real_adm,26,41,4,19,0.0001874577232564525
ln_salario_real_adm,26,42,4,20,0.00020941556877901611
ln_salario_real_adm,26,43,4,21,0.00016515488511129533
ln_salario_real_adm,26,44,4,22,0.00017899740542897858
ln_salario_real_adm,26,45,4,23,0.00011444142378497285
ln_salario_real_adm,27,0,5,-23,4.902844689718734e-05
ln_salario_real_adm,27,1,5,-22,3.660483667446013e-05
ln_salario_real_adm,27,2,5,-21,5.155663340668043e-05
ln_salario_real_adm,27,3,5,-20,0.00013258547136100693
ln_salario_real_adm,27,4,5,-19,0.00013081345634781847
ln_salario_real_adm,27,5,5,-18,0.0001346273431833566
ln_salario_real_adm,27,6,5,-17,2.7739026204214827e-05
ln_salario_real_adm,27,7,5,-16,5.4933205832161534e-05
ln_salario_real_adm,27,8,5,-15,0.00013363786512794103
ln_salario_real_adm,27,9,5,-14,5.502190285062691e-05
ln_salario_real_adm,27,10,5,-13,3.433913159446988e-05
ln_salario_real_adm,27,11,5,-12,7.441856297103194e-05
ln_salario_real_adm,27,12,5,-11,0.00012657848737918727
ln_salario_real_adm,27,13,5,-10,5.987932484017629e-05
ln_salario_real_adm,27,14,5,-9,0.00011873105361255665
ln_salario_real_adm,27,15,5,-8,6.966565465632423e-05
ln_salario_real_adm,27,16,5,-7,0.00010082145149866722
ln_salario_real_adm,27,17,5,-6,0.00013532387189214428
ln_salario_real_adm,27,18,5,-5,0.00017843673063959342
ln_salario_real_adm,27,19,5,-4,6.60763354264087e-05
ln_salario_real_adm,27,20,5,-3,-1.3578355606158694e-05
ln_salario_real_adm,27,21,5,-2,9.413427294788413e-05
ln_salario_real_adm,27,22,5,0,0.00011383965566841606
ln_salario_real_adm,27,23,5,1,0.00012632609728506494
ln_salario_real_adm,27,24,5,2,0.00023607446979342645
ln_salario_real_adm,27,25,5,3,0.0001630794416866298
ln_salario_real_adm,27,26,5,4,0.00024245156503467936
ln_salario_real_adm,27,27,5,5,0.0002735321685381846
ln_salario_real_adm,27,28,5,6,0.0001545498735690781
ln_salario_real_adm,27,29,5,7,0.0001578678712757616
ln_salario_real_adm,27,30,5,8,0.0001743763262455768
ln_salario_real_adm,27,31,5,9,0.00014955762734434916
ln_salario_real_adm,27,32,5,10,0.00013534481924839
ln_salario_real_adm,27,33,5,11,0.00014717998339627597
ln_salario_real_adm,27,34,5,12,5.513679176607464e-05
ln_salario_real_adm,27,35,5,13,9.362341459484859e-05
ln_salario_real_adm,27,36,5,14,0.00016684390494539557
ln_salario_real_adm,27,37,5,15,0.00019330224482433484
ln_salario_real_adm,27,38,5,16,0.00012495339168906272
ln_salario_real_adm,27,39,5,17,0.0001094218372030193
ln_salario_real_adm,27,40,5,18,0.00015214044781904646
ln_salario_real_adm,27,41,5,19,0.00011955402554061799
ln_salario_real_adm,27,42,5,20,0.00015206136180526838
ln_salario_real_adm,27,43,5,21,0.00016369966675762435
ln_salario_real_adm,27,44,5,22,0.00013465628760267644
ln_salario_real_adm,27,45,5,23,9.818096813609657e-05
ln_salario_real_adm,28,0,6,-23,8.508894057975804e-05
ln_salario_real_adm,28,1,6,-22,0.00011511360949873323
ln_salario_real_adm,28,2,6,-21,0.00013253028912484368
ln_salario_real_adm,28,3,6,-20,8.008992205395466e-05
ln_salario_real_adm,28,4,6,-19,0.00012760969212325952
ln_salario_real_adm,28,5,6,-18,8.72966779269095e-05
ln_salario_real_adm,28,6,6,-17,0.00011226040262027943
ln_salario_real_adm,28,7,6,-16,0.00010315167681672846
ln_salario_real_adm,28,8,6,-15,0.00015398865270004473
ln_salario_real_adm,28,9,6,-14,9.28375050029207e-05
ln_salario_real_adm,28,10,6,-13,0.00010177263272800741
ln_salario_real_adm,28,11,6,-12,0.00013463066576175394
ln_salario_real_adm,28,12,6,-11,0.0001319443396955095
ln_salario_real_adm,28,13,6,-10,7.475999134800276e-05
ln_salario_real_adm,28,14,6,-9,0.0001243766275128555
ln_salario_real_adm,28,15,6,-8,0.00011987508102497641
ln_salario_real_adm,28,16,6,-7,0.00012624021221383996
ln_salario_real_adm,28,17,6,-6,0.00012984676834623714
ln_salario_real_adm,28,18,6,-5,0.0001322523689113114
ln_salario_real_adm,28,19,6,-4,-4.052667372201301e-06
ln_salario_real_adm,28,20,6,-3,6.606553234840974e-05
ln_salario_real_adm,28,21,6,-2,0.00016620517107234227
ln_salario_real_adm,28,22,6,0,7.250943753630246e-05
ln_salario_real_adm,28,23,6,1,7.856220192449646e-05
ln_salario_real_adm,28,24,6,2,0.00023308777033544245
ln_salario_real_adm,28,25,6,3,0.00016827742167360653
ln_salario_real_adm,28,26,6,4,0.00023634743339756226
ln_salario_real_adm,28,27,6,5,0.00015454987356907775
ln_salario_real_adm,28,28,6,6,0.0003551758984765123
ln_salario_real_adm,28,29,6,7,0.0001888152002991748
ln_salario_real_adm,28,30,6,8,0.00022822783424583627
ln_salario_real_adm,28,31,6,9,0.000149375355160447
ln_salario_real_adm,28,32,6,10,0.00023285356958023206
ln_salario_real_adm,28,33,6,11,0.00015094887592419288
ln_salario_real_adm,28,34,6,12,0.00016711760510925837
ln_salario_real_adm,28,35,6,13,0.00013637505306744437
ln_salario_real_adm,28,36,6,14,0.00013061237691733865
ln_salario_real_adm,28,37,6,15,0.00019246766446446523
ln_salario_real_adm,28,38,6,16,0.00016056923353181514
ln_salario_real_adm,28,39,6,17,0.00013193019166063159
ln_salario_real_adm,28,40,6,18,0.0002195860171355476
ln_salario_real_adm,28,41,6,19,0.00020626304182929154
ln_salario_real_adm,28,42,6,20,0.0002029613906586279
ln_salario_real_adm,28,43,6,21,0.00015401602541673887
ln_salario_real_adm,28,44,6,22,0.00018713282166308022
ln_salario_real_adm,28,45,6,23,0.00010254490812677702
ln_salario_real_adm,29,0,7,-23,9.880590927585587e-06
ln_salario_real_adm,29,1,7,-22,7.79734040111852e-05
ln_salario_real_adm,29,2,7,-21,0.00018168920263139998
ln_salario_real_adm,29,3,7,-20,7.880377326156642e-05
ln_salario_real_adm,29,4,7,-19,2.326543111567442e-05
ln_salario_real_adm,29,5,7,-18,9.470216012507119e-05
ln_salario_real_adm,29,6,7,-17,9.963462942964321e-05
ln_salario_real_adm,29,7,7,-16,0.00013262024158663488
ln_salario_real_adm,29,8,7,-15,7.832593121054047e-05
ln_salario_real_adm,29,9,7,-14,8.386415706477889e-05
ln_salario_real_adm,29,10,7,-13,5.449170804740837e-05
ln_salario_real_adm,29,11,7,-12,0.00013738842535890514
ln_salario_real_adm,29,12,7,-11,6.971635490254613e-05
ln_salario_real_adm,29,13,7,-10,4.076695691772419e-05
ln_salario_real_adm,29,14,7,-9,0.0001814915306107594
ln_salario_real_adm,29,15,7,-8,0.0001358022923048265
ln_salario_real_adm,29,16,7,-7,0.0001449105529975499
ln_salario_real_adm,29,17,7,-6,2.6234189256030105e-05
ln_salario_real_adm,29,18,7,-5,0.00012595657876409718
ln_salario_real_adm,29,19,7,-4,-1.6400681584670757e-06
ln_salario_real_adm,29,20,7,-3,7.02426291738071e-05
ln_salario_real_adm,29,21,7,-2,8.605733181726394e-05
ln_salario_real_adm,29,22,7,0,0.0001372641372320499
ln_salario_real_adm,29,23,7,1,7.831253141769611e-05
ln_salario_real_adm,29,24,7,2,0.00018837641207031597
ln_salario_real_adm,29,25,7,3,0.00020318575209525664
ln_salario_real_adm,29,26,7,4,0.0002214508433356363
ln_salario_real_adm,29,27,7,5,0.00015786787127576162
ln_salario_real_adm,29,28,7,6,0.0001888152002991752
ln_salario_real_adm,29,29,7,7,0.0003790047837983153
ln_salario_real_adm,29,30,7,8,0.00017579632713479815
ln_salario_real_adm,29,31,7,9,0.00013918333818917786
ln_salario_real_adm,29,32,7,10,0.0002602503134338377
ln_salario_real_adm,29,33,7,11,0.00017614875135738337
ln_salario_real_adm,29,34,7,12,0.0001706390478588773
ln_salario_real_adm,29,35,7,13,0.00012422242598831995
ln_salario_real_adm,29,36,7,14,0.00023247381406643025
ln_salario_real_adm,29,37,7,15,0.0002167007071087861
ln_salario_real_adm,29,38,7,16,0.00014082801062016508
ln_salario_real_adm,29,39,7,17,0.00016976942571705843
ln_salario_real_adm,29,40,7,18,0.00017545899105564578
ln_salario_real_adm,29,41,7,19,0.0001441708866092231
ln_salario_real_adm,29,42,7,20,0.0001703161404615503
ln_salario_real_adm,29,43,7,21,0.00019545925956648906
ln_salario_real_adm,29,44,7,22,0.000154026491259078
ln_salario_real_adm,29,45,7,23,0.00011008016896586951
ln_salario_real_adm,30,0,8,-23,9.64929529197629e-05
ln_salario_real_adm,30,1,8,-22,7.236380699466506e-05
ln_salario_real_adm,30,2,8,-21,0.00012298051163338777
ln_salario_real_adm,30,3,8,-20,0.0001362134846922466
ln_salario_real_adm,30,4,8,-19,0.0001234110470126786
ln_salario_real_adm,30,5,8,-18,0.00010078696234631583
ln_salario_real_adm,30,6,8,-17,8.29413464222222e-05
ln_salario_real_adm,30,7,8,-16,5.741279847017893e-05
ln_salario_real_adm,30,8,8,-15,0.00013562983592327232
ln_salario_real_adm,30,9,8,-14,9.180339051837373e-05
ln_salario_real_adm,30,10,8,-13,7.368057474741177e-05
ln_salario_real_adm,30,11,8,-12,0.00011803388367891136
ln_salario_real_adm,30,12,8,-11,0.0001425214983720236
ln_salario_real_adm,30,13,8,-10,4.954090316256699e-05
ln_salario_real_adm,30,14,8,-9,0.00011588883940670299
ln_salario_real_adm,30,15,8,-8,8.871088164974419e-05
ln_salario_real_adm,30,16,8,-7,0.00012025574144612872
ln_salario_real_adm,30,17,8,-6,0.00011323974995243658
ln_salario_real_adm,30,18,8,-5,0.00014403789735769232
ln_salario_real_adm,30,19,8,-4,4.388599344888596e-05
ln_salario_real_adm,30,20,8,-3,3.494886768330253e-05
ln_salario_real_adm,30,21,8,-2,0.0001315219426548883
ln_salario_real_adm,30,22,8,0,7.681167753773541e-05
ln_salario_real_adm,30,23,8,1,0.00010189242580544969
ln_salario_real_adm,30,24,8,2,0.0001932082519550912
ln_salario_real_adm,30,25,8,3,0.00016371079368214856
ln_salario_real_adm,30,26,8,4,0.0002413881664403795
ln_salario_real_adm,30,27,8,5,0.00017437632624557758
ln_salario_real_adm,30,28,8,6,0.00022822783424583697
ln_salario_real_adm,30,29,8,7,0.0001757963271347994
ln_salario_real_adm,30,30,8,8,0.0003997418028588825
ln_salario_real_adm,30,31,8,9,0.00015926396889976108
ln_salario_real_adm,30,32,8,10,0.00019061957965555335
ln_salario_real_adm,30,33,8,11,0.00014189349912988288
ln_salario_real_adm,30,34,8,12,0.0001254249711367215
ln_salario_real_adm,30,35,8,13,0.00010586596468428129
ln_salario_real_adm,30,36,8,14,0.00016701534579701202
ln_salario_real_adm,30,37,8,15,0.0001890293804361285
ln_salario_real_adm,30,38,8,16,0.00017216138554542127
ln_salario_real_adm,30,39,8,17,0.00011011126313782765
ln_salario_real_adm,30,40,8,18,0.00018985631864308953
ln_salario_real_adm,30,41,8,19,0.00018544294490265467
ln_salario_real_adm,30,42,8,20,0.00015413396700570339
ln_salario_real_adm,30,43,8,21,0.00015716841701069023
ln_salario_real_adm,30,44,8,22,0.00015880594041243763
ln_salario_real_adm,30,45,8,23,0.00010901248304628763
ln_salario_real_adm,31,0,9,-23,3.891763920157503e-05
ln_salario_real_adm,31,1,9,-22,9.478288142137271e-05
ln_salario_real_adm,31,2,9,-21,4.584855289308955e-05
ln_salario_real_adm,31,3,9,-20,8.542238192239263e-05
ln_salario_real_adm,31,4,9,-19,7.109461689602952e-05
ln_salario_real_adm,31,5,9,-18,8.178151212371126e-05
ln_salario_real_adm,31,6,9,-17,9.345190661925441e-05
ln_salario_real_adm,31,7,9,-16,0.0001212853901831828
ln_salario_real_adm,31,8,9,-15,0.00012799065162384847
ln_salario_real_adm,31,9,9,-14,9.149087802245785e-05
ln_salario_real_adm,31,10,9,-13,4.5062012415732935e-05
ln_salario_real_adm,31,11,9,-12,4.2775685126612564e-05
ln_salario_real_adm,31,12,9,-11,7.12280114617685e-05
ln_salario_real_adm,31,13,9,-10,7.578887862536765e-05
ln_salario_real_adm,31,14,9,-9,9.412295495145751e-05
ln_salario_real_adm,31,15,9,-8,0.00012669541298030666
ln_salario_real_adm,31,16,9,-7,8.133329877800688e-05
ln_salario_real_adm,31,17,9,-6,8.112138028617938e-05
ln_salario_real_adm,31,18,9,-5,0.00011370486325110476
ln_salario_real_adm,31,19,9,-4,2.107210550636667e-06
ln_salario_real_adm,31,20,9,-3,9.391554934793239e-05
ln_salario_real_adm,31,21,9,-2,7.64958721653328e-05
ln_salario_real_adm,31,22,9,0,6.795572636408931e-05
ln_salario_real_adm,31,23,9,1,0.0001150422695553846
ln_salario_real_adm,31,24,9,2,0.0001506193469805957
ln_salario_real_adm,31,25,9,3,0.00015535386720559998
ln_salario_real_adm,31,26,9,4,0.00016032069995546705
ln_salario_real_adm,31,27,9,5,0.00014955762734434865
ln_salario_real_adm,31,28,9,6,0.000149375355160447
ln_salario_real_adm,31,29,9,7,0.0001391833381891777
ln_salario_real_adm,31,30,9,8,0.0001592639688997601
ln_salario_real_adm,31,31,9,9,0.0002850724158310251
ln_salario_real_adm,31,32,9,10,0.00012362648490436473
ln_salario_real_adm,31,33,9,11,0.0001497484791242134
ln_salario_real_adm,31,34,9,12,0.00011440868901737298
ln_salario_real_adm,31,35,9,13,0.00012482111824819645
ln_salario_real_adm,31,36,9,14,0.00011162008508814851
ln_salario_real_adm,31,37,9,15,0.00014010003994219228
ln_salario_real_adm,31,38,9,16,0.00013308957728671536
ln_salario_real_adm,31,39,9,17,0.00013028892924406158
ln_salario_real_adm,31,40,9,18,0.00012719257536238887
ln_salario_real_adm,31,41,9,19,6.810926602695788e-05
ln_salario_real_adm,31,42,9,20,0.00010881187731527346
ln_salario_real_adm,31,43,9,21,0.00010317811575129156
ln_salario_real_adm,31,44,9,22,8.107659229771152e-05
ln_salario_real_adm,31,45,9,23,0.00011536207320907834
ln_salario_real_adm,32,0,10,-23,7.9260728492761e-06
ln_salario_real_adm,32,1,10,-22,1.5442436224371614e-06
ln_salario_real_adm,32,2,10,-21,7.760793770188064e-05
ln_salario_real_adm,32,3,10,-20,7.485192512313388e-05
ln_salario_real_adm,32,4,10,-19,2.2349019912978034e-05
ln_salario_real_adm,32,5,10,-18,5.8748133865919896e-05
ln_salario_real_adm,32,6,10,-17,6.821162082274933e-05
ln_salario_real_adm,32,7,10,-16,6.454077319399956e-05
ln_salario_real_adm,32,8,10,-15,3.906028453780138e-05
ln_salario_real_adm,32,9,10,-14,8.16983656260928e-05
ln_salario_real_adm,32,10,10,-13,4.4815464644962334e-05
ln_salario_real_adm,32,11,10,-12,8.396828298952657e-05
ln_salario_real_adm,32,12,10,-11,7.39414442287698e-05
ln_salario_real_adm,32,13,10,-10,7.596914635116898e-05
ln_salario_real_adm,32,14,10,-9,0.0001411927518194072
ln_salario_real_adm,32,15,10,-8,0.00011791867432818856
ln_salario_real_adm,32,16,10,-7,0.00011390442168189296
ln_salario_real_adm,32,17,10,-6,6.711197613578214e-05
ln_salario_real_adm,32,18,10,-5,7.259243458387038e-05
ln_salario_real_adm,32,19,10,-4,-5.488636598887749e-05
ln_salario_real_adm,32,20,10,-3,2.0883174441400388e-05
ln_salario_real_adm,32,21,10,-2,0.00012131079575809938
ln_salario_real_adm,32,22,10,0,0.00010371960261438331
ln_salario_real_adm,32,23,10,1,6.105935949390873e-05
ln_salario_real_adm,32,24,10,2,0.0002326451933229877
ln_salario_real_adm,32,25,10,3,0.00015396962198109348
ln_salario_real_adm,32,26,10,4,0.00020898130191660157
ln_salario_real_adm,32,27,10,5,0.000135344819248389
ln_salario_real_adm,32,28,10,6,0.00023285356958023128
ln_salario_real_adm,32,29,10,7,0.00026025031343383716
ln_salario_real_adm,32,30,10,8,0.00019061957965555142
ln_salario_real_adm,32,31,10,9,0.00012362648490436362
ln_salario_real_adm,32,32,10,10,0.0003287630983448406
ln_salario_real_adm,32,33,10,11,0.00017372393878681443
ln_salario_real_adm,32,34,10,12,0.0001533578676437659
ln_salario_real_adm,32,35,10,13,0.00013671832180316365
ln_salario_real_adm,32,36,10,14,0.00019095956985974719
ln_salario_real_adm,32,37,10,15,0.00019767534363707905
ln_salario_real_adm,32,38,10,16,0.0001489919604581165
ln_salario_real_adm,32,39,10,17,0.00012083784213516138
ln_salario_real_adm,32,40,10,18,0.0001641762107951291
ln_salario_real_adm,32,41,10,19,0.00018173440816740614
ln_salario_real_adm,32,42,10,20,0.00014508691986090365
ln_salario_real_adm,32,43,10,21,0.0001561257346192916
ln_salario_real_adm,32,44,10,22,0.00018913460976667754
ln_salario_real_adm,32,45,10,23,8.153738572459653e-05
ln_salario_real_adm,33,0,11,-23,1.8653048447620853e-05
ln_salario_real_adm,33,1,11,-22,4.785220411783827e-05
ln_salario_real_adm,33,2,11,-21,-3.818658746096753e-06
ln_salario_real_adm,33,3,11,-20,0.00014104693084651142
ln_salario_real_adm,33,4,11,-19,6.437155605715029e-05
ln_salario_real_adm,33,5,11,-18,0.00010421059359258528
ln_salario_real_adm,33,6,11,-17,0.0001040133359895806
ln_salario_real_adm,33,7,11,-16,0.00017181326611858224
ln_salario_real_adm,33,8,11,-15,7.87410547389135e-05
ln_salario_real_adm,33,9,11,-14,9.723994349626057e-05
ln_salario_real_adm,33,10,11,-13,5.2212587097541577e-05
ln_salario_real_adm,33,11,11,-12,0.00011378334218954569
ln_salario_real_adm,33,12,11,-11,6.5986505931234e-05
ln_salario_real_adm,33,13,11,-10,4.685642163925752e-05
ln_salario_real_adm,33,14,11,-9,0.00010135588365683514
ln_salario_real_adm,33,15,11,-8,0.00011145322050444252
ln_salario_real_adm,33,16,11,-7,7.10374030285255e-05
ln_salario_real_adm,33,17,11,-6,5.137032289451237e-05
ln_salario_real_adm,33,18,11,-5,7.570157476842498e-05
ln_salario_real_adm,33,19,11,-4,6.25261859090615e-06
ln_salario_real_adm,33,20,11,-3,3.083384254519374e-05
ln_salario_real_adm,33,21,11,-2,7.66183043517368e-05
ln_salario_real_adm,33,22,11,0,0.00010024597009034148
ln_salario_real_adm,33,23,11,1,8.960306772609618e-05
ln_salario_real_adm,33,24,11,2,0.00021389798633356544
ln_salario_real_adm,33,25,11,3,0.00012306800962034867
ln_salario_real_adm,33,26,11,4,0.00015883045822819331
ln_salario_real_adm,33,27,11,5,0.00014717998339627676
ln_salario_real_adm,33,28,11,6,0.00015094887592419475
ln_salario_real_adm,33,29,11,7,0.0001761487513573843
ln_salario_real_adm,33,30,11,8,0.00014189349912988389
ln_salario_real_adm,33,31,11,9,0.000149748479124215
ln_salario_real_adm,33,32,11,10,0.00017372393878681717
ln_salario_real_adm,33,33,11,11,0.00025912030889333273
ln_salario_real_adm,33,34,11,12,0.00010981144961906637
ln_salario_real_adm,33,35,11,13,0.00014426742044850233
ln_salario_real_adm,33,36,11,14,0.0001467685597896436
ln_salario_real_adm,33,37,11,15,0.00018890730565330875
ln_salario_real_adm,33,38,11,16,9.145762266533306e-05
ln_salario_real_adm,33,39,11,17,0.00011056252509669386
ln_salario_real_adm,33,40,11,18,0.00013622760575833132
ln_salario_real_adm,33,41,11,19,7.972340892355311e-05
ln_salario_real_adm,33,42,11,20,0.00010626550298722023
ln_salario_real_adm,33,43,11,21,0.000144819075846498
ln_salario_real_adm,33,44,11,22,0.0001261639889258984
ln_salario_real_adm,33,45,11,23,0.00011853973248976606
ln_salario_real_adm,34,0,12,-23,7.883110937797566e-05
ln_salario_real_adm,34,1,12,-22,0.00012467406266241307
ln_salario_real_adm,34,2,12,-21,9.195411442951397e-05
ln_salario_real_adm,34,3,12,-20,-2.9194747908134698e-05
ln_salario_real_adm,34,4,12,-19,-3.21026450705022e-05
ln_salario_real_adm,34,5,12,-18,-4.664320119117929e-05
ln_salario_real_adm,34,6,12,-17,8.691063952852452e-05
ln_salario_real_adm,34,7,12,-16,6.003955456703833e-05
ln_salario_real_adm,34,8,12,-15,5.499962372793065e-05
ln_salario_real_adm,34,9,12,-14,6.874781010557951e-05
ln_salario_real_adm,34,10,12,-13,6.969919398391113e-05
ln_salario_real_adm,34,11,12,-12,7.814012933933396e-05
ln_salario_real_adm,34,12,12,-11,2.900124848980077e-05
ln_salario_real_adm,34,13,12,-10,3.0911328357657366e-06
ln_salario_real_adm,34,14,12,-9,9.705873087881929e-05
ln_salario_real_adm,34,15,12,-8,0.00011032392848271036
ln_salario_real_adm,34,16,12,-7,9.600667873518453e-05
ln_salario_real_adm,34,17,12,-6,6.250312282106872e-07
ln_salario_real_adm,34,18,12,-5,7.129799290764709e-06
ln_salario_real_adm,34,19,12,-4,2.0384961101096898e-05
ln_salario_real_adm,34,20,12,-3,0.00010985886524239746
ln_salario_real_adm,34,21,12,-2,5.554140691335407e-05
ln_salario_real_adm,34,22,12,0,1.6667643136174282e-05
ln_salario_real_adm,34,23,12,1,3.9893837275101775e-05
ln_salario_real_adm,34,24,12,2,7.23050501826972e-05
ln_salario_real_adm,34,25,12,3,0.00015599980764943955
ln_salario_real_adm,34,26,12,4,0.00012648574037388096
ln_salario_real_adm,34,27,12,5,5.5136791766075983e-05
ln_salario_real_adm,34,28,12,6,0.0001671176051092597
ln_salario_real_adm,34,29,12,7,0.00017063904785887888
ln_salario_real_adm,34,30,12,8,0.00012542497113672178
ln_salario_real_adm,34,31,12,9,0.00011440868901737455
ln_salario_real_adm,34,32,12,10,0.00015335786764376862
ln_salario_real_adm,34,33,12,11,0.00010981144961906627
ln_salario_real_adm,34,34,12,12,0.00028259130466830724
ln_salario_real_adm,34,35,12,13,7.985608955667152e-05
ln_salario_real_adm,34,36,12,14,5.592562556397755e-05
ln_salario_real_adm,34,37,12,15,0.00011490989993355732
ln_salario_real_adm,34,38,12,16,0.00010125052999761724
ln_salario_real_adm,34,39,12,17,5.656905448474077e-05
ln_salario_real_adm,34,40,12,18,0.00013970247164844945
ln_salario_real_adm,34,41,12,19,0.00010562581758222293
ln_salario_real_adm,34,42,12,20,6.042979911308334e-05
ln_salario_real_adm,34,43,12,21,7.359140213233879e-05
ln_salario_real_adm,34,44,12,22,7.29682299346803e-05
ln_salario_real_adm,34,45,12,23,9.840496193376863e-05
ln_salario_real_adm,35,0,13,-23,4.681107497252088e-05
ln_salario_real_adm,35,1,13,-22,7.972717156437994e-05
ln_salario_real_adm,35,2,13,-21,1.3060252505349375e-05
ln_salario_real_adm,35,3,13,-20,0.00010877751113611766
ln_salario_real_adm,35,4,13,-19,5.429355104669005e-05
ln_salario_real_adm,35,5,13,-18,7.852816911873367e-05
ln_salario_real_adm,35,6,13,-17,7.511024482326307e-05
ln_salario_real_adm,35,7,13,-16,0.00011367677364015678
ln_salario_real_adm,35,8,13,-15,4.698099312544687e-05
ln_salario_real_adm,35,9,13,-14,7.98684125632412e-05
ln_salario_real_adm,35,10,13,-13,5.8838241878463664e-05
ln_salario_real_adm,35,11,13,-12,5.419546956307837e-05
ln_salario_real_adm,35,12,13,-11,8.734286123753569e-05
ln_salario_real_adm,35,13,13,-10,9.44750372578209e-05
ln_salario_real_adm,35,14,13,-9,6.44463308998557e-05
ln_salario_real_adm,35,15,13,-8,8.944731693640824e-05
ln_salario_real_adm,35,16,13,-7,5.530531668161496e-05
ln_salario_real_adm,35,17,13,-6,8.852968237833105e-05
ln_salario_real_adm,35,18,13,-5,4.912343732655116e-05
ln_salario_real_adm,35,19,13,-4,3.712720304828677e-06
ln_salario_real_adm,35,20,13,-3,5.156322706050218e-05
ln_salario_real_adm,35,21,13,-2,8.126727803922242e-05
ln_salario_real_adm,35,22,13,0,7.776367358536416e-05
ln_salario_real_adm,35,23,13,1,9.19785218803757e-05
ln_salario_real_adm,35,24,13,2,0.0001619377118451113
ln_salario_real_adm,35,25,13,3,9.261748131080699e-05
ln_salario_real_adm,35,26,13,4,7.404117279163951e-05
ln_salario_real_adm,35,27,13,5,9.36234145948482e-05
ln_salario_real_adm,35,28,13,6,0.00013637505306744402
ln_salario_real_adm,35,29,13,7,0.0001242224259883195
ln_salario_real_adm,35,30,13,8,0.00010586596468427902
ln_salario_real_adm,35,31,13,9,0.000124821118248196
ln_salario_real_adm,35,32,13,10,0.0001367183218031637
ln_salario_real_adm,35,33,13,11,0.00014426742044849997
ln_salario_real_adm,35,34,13,12,7.985608955666959e-05
ln_salario_real_adm,35,35,13,13,0.0002543447707626028
ln_salario_real_adm,35,36,13,14,0.00013579207734292262
ln_salario_real_adm,35,37,13,15,0.00015903619251760785
ln_salario_real_adm,35,38,13,16,0.00011631432082254492
ln_salario_real_adm,35,39,13,17,0.00010498810980740352
ln_salario_real_adm,35,40,13,18,0.0001236288650835059
ln_salario_real_adm,35,41,13,19,9.73933005347533e-05
ln_salario_real_adm,35,42,13,20,9.968242482767158e-05
ln_salario_real_adm,35,43,13,21,0.00013065068348885268
ln_salario_real_adm,35,44,13,22,0.0001216046224601164
ln_salario_real_adm,35,45,13,23,0.00010898556160094573
ln_salario_real_adm,36,0,14,-23,-4.621118346118941e-07
ln_salario_real_adm,36,1,14,-22,-2.1127147825209416e-05
ln_salario_real_adm,36,2,14,-21,7.633440584409057e-05
ln_salario_real_adm,36,3,14,-20,8.948547855524948e-05
ln_salario_real_adm,36,4,14,-19,1.4878192623823515e-05
ln_salario_real_adm,36,5,14,-18,0.00010092651191913894
ln_salario_real_adm,36,6,14,-17,1.2123731023280333e-05
ln_salario_real_adm,36,7,14,-16,-1.6279191291660315e-05
ln_salario_real_adm,36,8,14,-15,6.905345120744175e-05
ln_salario_real_adm,36,9,14,-14,2.4598506149967164e-05
ln_salario_real_adm,36,10,14,-13,1.6756768513296065e-05
ln_salario_real_adm,36,11,14,-12,8.178041220586576e-05
ln_salario_real_adm,36,12,14,-11,5.0057128418290506e-05
ln_salario_real_adm,36,13,14,-10,5.0756540642951116e-05
ln_salario_real_adm,36,14,14,-9,9.958720323975907e-05
ln_salario_real_adm,36,15,14,-8,7.222610340393241e-05
ln_salario_real_adm,36,16,14,-7,6.566617735316047e-05
ln_salario_real_adm,36,17,14,-6,2.7824004428248082e-05
ln_salario_real_adm,36,18,14,-5,0.00010589111913282224
ln_salario_real_adm,36,19,14,-4,5.244339969976235e-06
ln_salario_real_adm,36,20,14,-3,6.654169016480015e-06
ln_salario_real_adm,36,21,14,-2,5.788259448728535e-05
ln_salario_real_adm,36,22,14,0,0.00012819845794918958
ln_salario_real_adm,36,23,14,1,7.695628649303882e-05
ln_salario_real_adm,36,24,14,2,0.00022497086401580062
ln_salario_real_adm,36,25,14,3,0.00015683194308285263
ln_salario_real_adm,36,26,14,4,0.000206112004465871
ln_salario_real_adm,36,27,14,5,0.00016684390494539492
ln_salario_real_adm,36,28,14,6,0.0001306123769173377
ln_salario_real_adm,36,29,14,7,0.00023247381406643006
ln_salario_real_adm,36,30,14,8,0.00016701534579700855
ln_salario_real_adm,36,31,14,9,0.00011162008508814728
ln_salario_real_adm,36,32,14,10,0.0001909595698597461
ln_salario_real_adm,36,33,14,11,0.00014676855978964105
ln_salario_real_adm,36,34,14,12,5.5925625563975164e-05
ln_salario_real_adm,36,35,14,13,0.00013579207734292214
ln_salario_real_adm,36,36,14,14,0.0002949565945453629
ln_salario_real_adm,36,37,14,15,0.00020718106556466673
ln_salario_real_adm,36,38,14,16,0.00014384045668167891
ln_salario_real_adm,36,39,14,17,0.00016851833709203022
ln_salario_real_adm,36,40,14,18,0.00015396880698247085
ln_salario_real_adm,36,41,14,19,0.00014479889773068598
ln_salario_real_adm,36,42,14,20,0.00015961081641533554
ln_salario_real_adm,36,43,14,21,0.000196229700454899
ln_salario_real_adm,36,44,14,22,0.00015828260671673134
ln_salario_real_adm,36,45,14,23,9.635304589325032e-05
ln_salario_real_adm,37,0,15,-23,3.605671064599848e-05
ln_salario_real_adm,37,1,15,-22,8.32542709015507e-05
ln_salario_real_adm,37,2,15,-21,7.346903601859168e-05
ln_salario_real_adm,37,3,15,-20,0.00010450798957599602
ln_salario_real_adm,37,4,15,-19,5.296205175271462e-05
ln_salario_real_adm,37,5,15,-18,0.00010550130120597952
ln_salario_real_adm,37,6,15,-17,6.447641874720366e-05
ln_salario_real_adm,37,7,15,-16,6.0015404727216e-05
ln_salario_real_adm,37,8,15,-15,8.721971379343077e-05
ln_salario_real_adm,37,9,15,-14,7.416623299448247e-05
ln_salario_real_adm,37,10,15,-13,6.69167144007076e-05
ln_salario_real_adm,37,11,15,-12,6.095053684260024e-05
ln_salario_real_adm,37,12,15,-11,0.00012014892148389262
ln_salario_real_adm,37,13,15,-10,7.12721766329493e-05
ln_salario_real_adm,37,14,15,-9,0.00011781104366644732
ln_salario_real_adm,37,15,15,-8,8.72993109304514e-05
ln_salario_real_adm,37,16,15,-7,9.609433738568136e-05
ln_salario_real_adm,37,17,15,-6,0.00010217540683073772
ln_salario_real_adm,37,18,15,-5,0.0001256864109766492
ln_salario_real_adm,37,19,15,-4,3.23612775011279e-05
ln_salario_real_adm,37,20,15,-3,6.737132550932357e-06
ln_salario_real_adm,37,21,15,-2,0.00011997691130870809
ln_salario_real_adm,37,22,15,0,0.0001247935022880705
ln_salario_real_adm,37,23,15,1,0.0001226166851330101
ln_salario_real_adm,37,24,15,2,0.00023711590403875793
ln_salario_real_adm,37,25,15,3,0.0001932979418047061
ln_salario_real_adm,37,26,15,4,0.00021909709442472864
ln_salario_real_adm,37,27,15,5,0.0001933022448243293
ln_salario_real_adm,37,28,15,6,0.00019246766446446081
ln_salario_real_adm,37,29,15,7,0.00021670070710878058
ln_salario_real_adm,37,30,15,8,0.00018902938043612315
ln_salario_real_adm,37,31,15,9,0.0001401000399421875
ln_salario_real_adm,37,32,15,10,0.00019767534363707517
ln_salario_real_adm,37,33,15,11,0.00018890730565330208
ln_salario_real_adm,37,34,15,12,0.00011490989993355023
ln_salario_real_adm,37,35,15,13,0.00015903619251760338
ln_salario_real_adm,37,36,15,14,0.00020718106556466296
ln_salario_real_adm,37,37,15,15,0.0003132745040242585
ln_salario_real_adm,37,38,15,16,0.0001790860896607563
ln_salario_real_adm,37,39,15,17,0.00016522375499627257
ln_salario_real_adm,37,40,15,18,0.00019137138945209814
ln_salario_real_adm,37,41,15,19,0.00015929642738363116
ln_salario_real_adm,37,42,15,20,0.00019229789934049484
ln_salario_real_adm,37,43,15,21,0.0002278693805128569
ln_salario_real_adm,37,44,15,22,0.00018923977119252597
ln_salario_real_adm,37,45,15,23,0.00015395652376849983
ln_salario_real_adm,38,0,16,-23,4.393261512343906e-05
ln_salario_real_adm,38,1,16,-22,8.198916165339102e-05
ln_salario_real_adm,38,2,16,-21,0.00010260234372636262
ln_salario_real_adm,38,3,16,-20,6.417813988417786e-05
ln_salario_real_adm,38,4,16,-19,6.680216916503253e-05
ln_salario_real_adm,38,5,16,-18,3.9910530536687914e-05
ln_salario_real_adm,38,6,16,-17,1.9106009968943737e-05
ln_salario_real_adm,38,7,16,-16,4.876100752182854e-05
ln_salario_real_adm,38,8,16,-15,4.7520916253400746e-05
ln_salario_real_adm,38,9,16,-14,5.689273578559221e-05
ln_salario_real_adm,38,10,16,-13,5.7521201715930757e-05
ln_salario_real_adm,38,11,16,-12,4.461222201893327e-05
ln_salario_real_adm,38,12,16,-11,9.504679201729312e-05
ln_salario_real_adm,38,13,16,-10,5.7556003832856235e-05
ln_salario_real_adm,38,14,16,-9,8.75727429838857e-05
ln_salario_real_adm,38,15,16,-8,5.506069024725069e-05
ln_salario_real_adm,38,16,16,-7,6.720453848430577e-05
ln_salario_real_adm,38,17,16,-6,9.452944649739647e-05
ln_salario_real_adm,38,18,16,-5,7.733910543286615e-05
ln_salario_real_adm,38,19,16,-4,1.1771920500158354e-05
ln_salario_real_adm,38,20,16,-3,3.9331673649298324e-05
ln_salario_real_adm,38,21,16,-2,9.870331285671747e-05
ln_salario_real_adm,38,22,16,0,3.830812405255864e-05
ln_salario_real_adm,38,23,16,1,8.628473088053772e-05
ln_salario_real_adm,38,24,16,2,0.00015237407955192856
ln_salario_real_adm,38,25,16,3,0.00015421283930924006
ln_salario_real_adm,38,26,16,4,0.0002043181344909998
ln_salario_real_adm,38,27,16,5,0.000124953391689062
ln_salario_real_adm,38,28,16,6,0.0001605692335318135
ln_salario_real_adm,38,29,16,7,0.000140828010620164
ln_salario_real_adm,38,30,16,8,0.00017216138554541812
ln_salario_real_adm,38,31,16,9,0.00013308957728671366
ln_salario_real_adm,38,32,16,10,0.00014899196045811618
ln_salario_real_adm,38,33,16,11,9.145762266532992e-05
ln_salario_real_adm,38,34,16,12,0.00010125052999761492
ln_salario_real_adm,38,35,16,13,0.00011631432082254412
ln_salario_real_adm,38,36,16,14,0.00014384045668167924
ln_salario_real_adm,38,37,16,15,0.00017908608966075954
ln_salario_real_adm,38,38,16,16,0.000248003827360252
ln_salario_real_adm,38,39,16,17,0.00012429530849387765
ln_salario_real_adm,38,40,16,18,0.00019304077433340237
ln_salario_real_adm,38,41,16,19,0.00015917966706242886
ln_salario_real_adm,38,42,16,20,0.00013732653110742297
ln_salario_real_adm,38,43,16,21,0.00013469486087371274
ln_salario_real_adm,38,44,16,22,0.00015751215800190104
ln_salario_real_adm,38,45,16,23,0.00011163521773577022
ln_salario_real_adm,39,0,17,-23,1.982785182189566e-05
ln_salario_real_adm,39,1,17,-22,1.7849917207692556e-05
ln_salario_real_adm,39,2,17,-21,4.5638781297685795e-05
ln_salario_real_adm,39,3,17,-20,4.2533953510051746e-05
ln_salario_real_adm,39,4,17,-19,3.6745532670914486e-05
ln_salario_real_adm,39,5,17,-18,0.00011735881978267512
ln_salario_real_adm,39,6,17,-17,6.80965376994153e-05
ln_salario_real_adm,39,7,17,-16,-4.1093552527332707e-07
ln_salario_real_adm,39,8,17,-15,0.00010023975135915538
ln_salario_real_adm,39,9,17,-14,4.2093542173550486e-05
ln_salario_real_adm,39,10,17,-13,2.6018735603169056e-05
ln_salario_real_adm,39,11,17,-12,5.926820165348687e-06
ln_salario_real_adm,39,12,17,-11,3.3768503539852e-06
ln_salario_real_adm,39,13,17,-10,4.657334080107052e-05
ln_salario_real_adm,39,14,17,-9,4.844943163004273e-05
ln_salario_real_adm,39,15,17,-8,6.518642327998311e-05
ln_salario_real_adm,39,16,17,-7,7.358683925717307e-05
ln_salario_real_adm,39,17,17,-6,4.6751771129178626e-05
ln_salario_real_adm,39,18,17,-5,0.00012144751611028021
ln_salario_real_adm,39,19,17,-4,2.1235280838012048e-05
ln_salario_real_adm,39,20,17,-3,6.960429372025728e-05
ln_salario_real_adm,39,21,17,-2,4.071138069539738e-05
ln_salario_real_adm,39,22,17,0,9.627784974827649e-05
ln_salario_real_adm,39,23,17,1,6.54801024910266e-05
ln_salario_real_adm,39,24,17,2,0.00017828259416532153
ln_salario_real_adm,39,25,17,3,0.00014118652720450427
ln_salario_real_adm,39,26,17,4,0.00015575857945409225
ln_salario_real_adm,39,27,17,5,0.00010942183720301786
ln_salario_real_adm,39,28,17,6,0.000131930191660631
ln_salario_real_adm,39,29,17,7,0.0001697694257170572
ln_salario_real_adm,39,30,17,8,0.00011011126313782592
ln_salario_real_adm,39,31,17,9,0.00013028892924406104
ln_salario_real_adm,39,32,17,10,0.00012083784213516119
ln_salario_real_adm,39,33,17,11,0.00011056252509669104
ln_salario_real_adm,39,34,17,12,5.656905448473883e-05
ln_salario_real_adm,39,35,17,13,0.00010498810980740364
ln_salario_real_adm,39,36,17,14,0.00016851833709203144
ln_salario_real_adm,39,37,17,15,0.00016522375499627577
ln_salario_real_adm,39,38,17,16,0.00012429530849387792
ln_salario_real_adm,39,39,17,17,0.00027176802204860505
ln_salario_real_adm,39,40,17,18,0.00011997797817723835
ln_salario_real_adm,39,41,17,19,0.00011552375319218477
ln_salario_real_adm,39,42,17,20,0.00015130215251437322
ln_salario_real_adm,39,43,17,21,0.00013638107344597056
ln_salario_real_adm,39,44,17,22,0.00012992922484880056
ln_salario_real_adm,39,45,17,23,0.0001001013420194721
ln_salario_real_adm,40,0,18,-23,8.353786323190312e-05
ln_salario_real_adm,40,1,18,-22,8.956422428908662e-05
ln_salario_real_adm,40,2,18,-21,0.00011387340136770939
ln_salario_real_adm,40,3,18,-20,9.01349906822115e-05
ln_salario_real_adm,40,4,18,-19,0.00012840455745359038
ln_salario_real_adm,40,5,18,-18,6.656378261405888e-05
ln_salario_real_adm,40,6,18,-17,8.054418644657714e-05
ln_salario_real_adm,40,7,18,-16,4.032983114570373e-05
ln_salario_real_adm,40,8,18,-15,0.0001516757732427158
ln_salario_real_adm,40,9,18,-14,8.941558402294284e-05
ln_salario_real_adm,40,10,18,-13,8.574847975269503e-05
ln_salario_real_adm,40,11,18,-12,0.00014334790913875342
ln_salario_real_adm,40,12,18,-11,0.0001219946272161246
ln_salario_real_adm,40,13,18,-10,5.0622634871857116e-05
ln_salario_real_adm,40,14,18,-9,0.00015759809084734509
ln_salario_real_adm,40,15,18,-8,9.384475218188448e-05
ln_salario_real_adm,40,16,18,-7,0.00011352103168150753
ln_salario_real_adm,40,17,18,-6,0.00010127771319296893
ln_salario_real_adm,40,18,18,-5,0.00010161449679685271
ln_salario_real_adm,40,19,18,-4,6.958478398571291e-05
ln_salario_real_adm,40,20,18,-3,5.8048664649788166e-05
ln_salario_real_adm,40,21,18,-2,0.00012419418210078592
ln_salario_real_adm,40,22,18,0,5.167812533375753e-05
ln_salario_real_adm,40,23,18,1,6.405061125158549e-05
ln_salario_real_adm,40,24,18,2,0.00018648042913432114
ln_salario_real_adm,40,25,18,3,0.00014787682688733849
ln_salario_real_adm,40,26,18,4,0.0002167129750065389
ln_salario_real_adm,40,27,18,5,0.00015214044781904526
ln_salario_real_adm,40,28,18,6,0.00021958601713554618
ln_salario_real_adm,40,29,18,7,0.000175458991055645
ln_salario_real_adm,40,30,18,8,0.00018985631864308703
ln_salario_real_adm,40,31,18,9,0.0001271925753623878
ln_salario_real_adm,40,32,18,10,0.00016417621079512884
ln_salario_real_adm,40,33,18,11,0.0001362276057583278
ln_salario_real_adm,40,34,18,12,0.00013970247164844657
ln_salario_real_adm,40,35,18,13,0.00012362886508350524
ln_salario_real_adm,40,36,18,14,0.0001539688069824716
ln_salario_real_adm,40,37,18,15,0.00019137138945210126
ln_salario_real_adm,40,38,18,16,0.0001930407743334022
ln_salario_real_adm,40,39,18,17,0.00011997797817723815
ln_salario_real_adm,40,40,18,18,0.0003147673039639898
ln_salario_real_adm,40,41,18,19,0.00020458691329518311
ln_salario_real_adm,40,42,18,20,0.0001540743104591275
ln_salario_real_adm,40,43,18,21,0.00018462910536469585
ln_salario_real_adm,40,44,18,22,0.0001713765606772654
ln_salario_real_adm,40,45,18,23,0.00011944525691429633
ln_salario_real_adm,41,0,19,-23,5.3669789946775226e-05
ln_salario_real_adm,41,1,19,-22,1.545157462176228e-05
ln_salario_real_adm,41,2,19,-21,9.323591515700997e-05
ln_salario_real_adm,41,3,19,-20,2.1321250495229748e-05
ln_salario_real_adm,41,4,19,-19,7.00991865943771e-05
ln_salario_real_adm,41,5,19,-18,4.078990950032187e-05
ln_salario_real_adm,41,6,19,-17,1.1102584932509463e-05
ln_salario_real_adm,41,7,19,-16,-6.644064293547298e-05
ln_salario_real_adm,41,8,19,-15,8.760078235539163e-05
ln_salario_real_adm,41,9,19,-14,1.4535833414878715e-05
ln_salario_real_adm,41,10,19,-13,4.128221656157992e-05
ln_salario_real_adm,41,11,19,-12,7.368534223682026e-05
ln_salario_real_adm,41,12,19,-11,9.178528335756605e-05
ln_salario_real_adm,41,13,19,-10,3.4655270084420126e-05
ln_salario_real_adm,41,14,19,-9,6.489985294823601e-05
ln_salario_real_adm,41,15,19,-8,3.0253631962963266e-05
ln_salario_real_adm,41,16,19,-7,6.68096160991044e-05
ln_salario_real_adm,41,17,19,-6,7.733738679416276e-05
ln_salario_real_adm,41,18,19,-5,9.173882680229886e-05
ln_salario_real_adm,41,19,19,-4,4.051125625399625e-05
ln_salario_real_adm,41,20,19,-3,1.2331781584528557e-06
ln_salario_real_adm,41,21,19,-2,0.00010830304998991688
ln_salario_real_adm,41,22,19,0,4.9394392001907715e-05
ln_salario_real_adm,41,23,19,1,2.628566667310782e-05
ln_salario_real_adm,41,24,19,2,0.000163127275099695
ln_salario_real_adm,41,25,19,3,0.00010446376893766955
ln_salario_real_adm,41,26,19,4,0.0001874577232564501
ln_salario_real_adm,41,27,19,5,0.00011955402554061751
ln_salario_real_adm,41,28,19,6,0.00020626304182929089
ln_salario_real_adm,41,29,19,7,0.00014417088660922256
ln_salario_real_adm,41,30,19,8,0.00018544294490265234
ln_salario_real_adm,41,31,19,9,6.810926602695736e-05
ln_salario_real_adm,41,32,19,10,0.00018173440816740603
ln_salario_real_adm,41,33,19,11,7.972340892355091e-05
ln_salario_real_adm,41,34,19,12,0.00010562581758222086
ln_salario_real_adm,41,35,19,13,9.739330053475352e-05
ln_salario_real_adm,41,36,19,14,0.000144798897730687
ln_salario_real_adm,41,37,19,15,0.00015929642738363517
ln_salario_real_adm,41,38,19,16,0.00015917966706242902
ln_salario_real_adm,41,39,19,17,0.00011552375319218459
ln_salario_real_adm,41,40,19,18,0.00020458691329518344
ln_salario_real_adm,41,41,19,19,0.0002664730008594879
ln_salario_real_adm,41,42,19,20,0.0001668354654590278
ln_salario_real_adm,41,43,19,21,0.00014577975286643024
ln_salario_real_adm,41,44,19,22,0.00017605649669778447
ln_salario_real_adm,41,45,19,23,4.836136585820392e-05
ln_salario_real_adm,42,0,20,-23,7.501546768113327e-05
ln_salario_real_adm,42,1,20,-22,0.00010332088575784882
ln_salario_real_adm,42,2,20,-21,0.0001733761434233925
ln_salario_real_adm,42,3,20,-20,4.139116099212664e-05
ln_salario_real_adm,42,4,20,-19,9.999804541672384e-05
ln_salario_real_adm,42,5,20,-18,0.00012480880776575022
ln_salario_real_adm,42,6,20,-17,4.315748775497044e-05
ln_salario_real_adm,42,7,20,-16,-2.40802112292832e-05
ln_salario_real_adm,42,8,20,-15,0.0001445403668856739
ln_salario_real_adm,42,9,20,-14,4.105592811689364e-05
ln_salario_real_adm,42,10,20,-13,6.589168448341203e-05
ln_salario_real_adm,42,11,20,-12,4.4323534213739e-05
ln_salario_real_adm,42,12,20,-11,0.00014487963610129498
ln_salario_real_adm,42,13,20,-10,5.6456916388062854e-05
ln_salario_real_adm,42,14,20,-9,9.718220962883433e-05
ln_salario_real_adm,42,15,20,-8,3.683126072734624e-05
ln_salario_real_adm,42,16,20,-7,9.92727180458105e-05
ln_salario_real_adm,42,17,20,-6,0.0001078835588413352
ln_salario_real_adm,42,18,20,-5,0.00021110752791448067
ln_salario_real_adm,42,19,20,-4,4.714900661819666e-05
ln_salario_real_adm,42,20,20,-3,3.104909955006065e-06
ln_salario_real_adm,42,21,20,-2,0.00014146961097923853
ln_salario_real_adm,42,22,20,0,0.0001312766432036613
ln_salario_real_adm,42,23,20,1,0.00010361407674499476
ln_salario_real_adm,42,24,20,2,0.00019076388346802258
ln_salario_real_adm,42,25,20,3,0.00013705468497578652
ln_salario_real_adm,42,26,20,4,0.00020941556877901587
ln_salario_real_adm,42,27,20,5,0.0001520613618052699
ln_salario_real_adm,42,28,20,6,0.00020296139065862875
ln_salario_real_adm,42,29,20,7,0.00017031614046155187
ln_salario_real_adm,42,30,20,8,0.00015413396700570352
ln_salario_real_adm,42,31,20,9,0.00010881187731527495
ln_salario_real_adm,42,32,20,10,0.00014508691986090614
ln_salario_real_adm,42,33,20,11,0.00010626550298721995
ln_salario_real_adm,42,34,20,12,6.042979911308313e-05
ln_salario_real_adm,42,35,20,13,9.968242482767321e-05
ln_salario_real_adm,42,36,20,14,0.00015961081641533876
ln_salario_real_adm,42,37,20,15,0.00019229789934050107
ln_salario_real_adm,42,38,20,16,0.00013732653110742505
ln_salario_real_adm,42,39,20,17,0.00015130215251437504
ln_salario_real_adm,42,40,20,18,0.0001540743104591303
ln_salario_real_adm,42,41,20,19,0.0001668354654590295
ln_salario_real_adm,42,42,20,20,0.0003106776113162341
ln_salario_real_adm,42,43,20,21,0.00019475578183763374
ln_salario_real_adm,42,44,20,22,0.00016399414812675003
ln_salario_real_adm,42,45,20,23,8.836111892695818e-05
ln_salario_real_adm,43,0,21,-23,4.4380282941193084e-05
ln_salario_real_adm,43,1,21,-22,8.392070430417884e-05
ln_salario_real_adm,43,2,21,-21,0.00013707170313135135
ln_salario_real_adm,43,3,21,-20,0.00014139108210169986
ln_salario_real_adm,43,4,21,-19,0.00011599711894641459
ln_salario_real_adm,43,5,21,-18,0.00010729948041776567
ln_salario_real_adm,43,6,21,-17,5.8521388077204735e-05
ln_salario_real_adm,43,7,21,-16,6.329237316797623e-05
ln_salario_real_adm,43,8,21,-15,0.00012499423901959537
ln_salario_real_adm,43,9,21,-14,5.4971156983824424e-05
ln_salario_real_adm,43,10,21,-13,4.949515446838866e-05
ln_salario_real_adm,43,11,21,-12,0.0001381861352151795
ln_salario_real_adm,43,12,21,-11,9.899620672879258e-05
ln_salario_real_adm,43,13,21,-10,5.32193313347761e-05
ln_salario_real_adm,43,14,21,-9,0.00011835338678202235
ln_salario_real_adm,43,15,21,-8,6.323470445180295e-05
ln_salario_real_adm,43,16,21,-7,9.663623961913591e-05
ln_salario_real_adm,43,17,21,-6,5.5688321175814676e-05
ln_salario_real_adm,43,18,21,-5,0.00014851853774666294
ln_salario_real_adm,43,19,21,-4,7.065339080161092e-05
ln_salario_real_adm,43,20,21,-3,-8.354959760612935e-06
ln_salario_real_adm,43,21,21,-2,8.833584093184509e-05
ln_salario_real_adm,43,22,21,0,0.00011167369166200774
ln_salario_real_adm,43,23,21,1,7.272588306572489e-05
ln_salario_real_adm,43,24,21,2,0.00020131820888331868
ln_salario_real_adm,43,25,21,3,0.0001205031305853023
ln_salario_real_adm,43,26,21,4,0.00016515488511129045
ln_salario_real_adm,43,27,21,5,0.00016369966675762023
ln_salario_real_adm,43,28,21,6,0.00015401602541673432
ln_salario_real_adm,43,29,21,7,0.00019545925956648518
ln_salario_real_adm,43,30,21,8,0.0001571684170106851
ln_salario_real_adm,43,31,21,9,0.0001031781157512877
ln_salario_real_adm,43,32,21,10,0.00015612573461928835
ln_salario_real_adm,43,33,21,11,0.0001448190758464923
ln_salario_real_adm,43,34,21,12,7.35914021323338e-05
ln_salario_real_adm,43,35,21,13,0.0001306506834888493
ln_salario_real_adm,43,36,21,14,0.00019622970045489688
ln_salario_real_adm,43,37,21,15,0.00022786938051285705
ln_salario_real_adm,43,38,21,16,0.00013469486087370962
ln_salario_real_adm,43,39,21,17,0.0001363810734459677
ln_salario_real_adm,43,40,21,18,0.00018462910536469338
ln_salario_real_adm,43,41,21,19,0.00014577975286642685
ln_salario_real_adm,43,42,21,20,0.00019475578183762816
ln_salario_real_adm,43,43,21,21,0.00029267081646337686
ln_salario_real_adm,43,44,21,22,0.0001699558988031269
ln_salario_real_adm,43,45,21,23,0.00012380290480159485
ln_salario_real_adm,44,0,22,-23,3.30115265880839e-05
ln_salario_real_adm,44,1,22,-22,3.317315057136159e-05
ln_salario_real_adm,44,2,22,-21,6.214566500290833e-05
ln_salario_real_adm,44,3,22,-20,0.00010427612774507988
ln_salario_real_adm,44,4,22,-19,0.00010991783754225952
ln_salario_real_adm,44,5,22,-18,0.00010823900353863197
ln_salario_real_adm,44,6,22,-17,2.785255513699646e-05
ln_salario_real_adm,44,7,22,-16,2.5991079477057672e-05
ln_salario_real_adm,44,8,22,-15,6.648673241251173e-05
ln_salario_real_adm,44,9,22,-14,6.737434480814899e-05
ln_salario_real_adm,44,10,22,-13,5.1518484368526953e-05
ln_salario_real_adm,44,11,22,-12,7.474316128097478e-05
ln_salario_real_adm,44,12,22,-11,0.0001037204343562186
ln_salario_real_adm,44,13,22,-10,6.457086489509122e-05
ln_salario_real_adm,44,14,22,-9,8.697735017305196e-05
ln_salario_real_adm,44,15,22,-8,5.054275040316388e-05
ln_salario_real_adm,44,16,22,-7,8.555593971900518e-05
ln_salario_real_adm,44,17,22,-6,0.00010267001666823335
ln_salario_real_adm,44,18,22,-5,0.00010311584548470466
ln_salario_real_adm,44,19,22,-4,2.0409199099973108e-05
ln_salario_real_adm,44,20,22,-3,-4.680841012769516e-07
ln_salario_real_adm,44,21,22,-2,0.00010538224848783507
ln_salario_real_adm,44,22,22,0,9.858925306290882e-05
ln_salario_real_adm,44,23,22,1,8.359328639831692e-05
ln_salario_real_adm,44,24,22,2,0.00020650161772806005
ln_salario_real_adm,44,25,22,3,8.628986512425777e-05
ln_salario_real_adm,44,26,22,4,0.0001789974054289787
ln_salario_real_adm,44,27,22,5,0.00013465628760267733
ln_salario_real_adm,44,28,22,6,0.00018713282166308117
ln_salario_real_adm,44,29,22,7,0.00015402649125907946
ln_salario_real_adm,44,30,22,8,0.00015880594041243768
ln_salario_real_adm,44,31,22,9,8.107659229771263e-05
ln_salario_real_adm,44,32,22,10,0.0001891346097666796
ln_salario_real_adm,44,33,22,11,0.00012616398892589798
ln_salario_real_adm,44,34,22,12,7.296822993468026e-05
ln_salario_real_adm,44,35,22,13,0.00012160462246011782
ln_salario_real_adm,44,36,22,14,0.00015828260671673416
ln_salario_real_adm,44,37,22,15,0.00018923977119253256
ln_salario_real_adm,44,38,22,16,0.00015751215800190367
ln_salario_real_adm,44,39,22,17,0.000129929224848802
ln_salario_real_adm,44,40,22,18,0.00017137656067726776
ln_salario_real_adm,44,41,22,19,0.00017605649669778594
ln_salario_real_adm,44,42,22,20,0.00016399414812674976
ln_salario_real_adm,44,43,22,21,0.00016995589880313238
ln_salario_real_adm,44,44,22,22,0.00023993977391722202
ln_salario_real_adm,44,45,22,23,8.994291108079552e-05
ln_salario_real_adm,45,0,23,-23,7.216618658263286e-05
ln_salario_real_adm,45,1,23,-22,0.00014252819709339526
ln_salario_real_adm,45,2,23,-21,6.417018220751237e-05
ln_salario_real_adm,45,3,23,-20,0.00010321184793625597
ln_salario_real_adm,45,4,23,-19,6.848874564947532e-05
ln_salario_real_adm,45,5,23,-18,7.89705461220734e-05
ln_salario_real_adm,45,6,23,-17,9.59754673729334e-05
ln_salario_real_adm,45,7,23,-16,0.00014265169199427852
ln_salario_real_adm,45,8,23,-15,7.087969383528915e-05
ln_salario_real_adm,45,9,23,-14,9.06626411488298e-05
ln_salario_real_adm,45,10,23,-13,6.501566244223635e-05
ln_salario_real_adm,45,11,23,-12,5.531531673911182e-05
ln_salario_real_adm,45,12,23,-11,7.8018341994983e-05
ln_salario_real_adm,45,13,23,-10,3.949517968657591e-05
ln_salario_real_adm,45,14,23,-9,8.274548644209789e-05
ln_salario_real_adm,45,15,23,-8,0.00010139297589435618
ln_salario_real_adm,45,16,23,-7,8.578326731990756e-05
ln_salario_real_adm,45,17,23,-6,7.745707718056764e-05
ln_salario_real_adm,45,18,23,-5,8.435643036583547e-05
ln_salario_real_adm,45,19,23,-4,3.9794593231876626e-05
ln_salario_real_adm,45,20,23,-3,7.240732311594645e-05
ln_salario_real_adm,45,21,23,-2,5.862140674871724e-05
ln_salario_real_adm,45,22,23,0,4.404328435739269e-05
ln_salario_real_adm,45,23,23,1,0.0001036018137850775
ln_salario_real_adm,45,24,23,2,0.0001314939752867847
ln_salario_real_adm,45,25,23,3,0.00012345154911990445
ln_salario_real_adm,45,26,23,4,0.00011444142378497017
ln_salario_real_adm,45,27,23,5,9.81809681360945e-05
ln_salario_real_adm,45,28,23,6,0.0001025449081267745
ln_salario_real_adm,45,29,23,7,0.00011008016896586741
ln_salario_real_adm,45,30,23,8,0.00010901248304628473
ln_salario_real_adm,45,31,23,9,0.00011536207320907664
ln_salario_real_adm,45,32,23,10,8.153738572459525e-05
ln_salario_real_adm,45,33,23,11,0.00011853973248976242
ln_salario_real_adm,45,34,23,12,9.84049619337653e-05
ln_salario_real_adm,45,35,23,13,0.00010898556160094407
ln_salario_real_adm,45,36,23,14,9.635304589324983e-05
ln_salario_real_adm,45,37,23,15,0.0001539565237685022
ln_salario_real_adm,45,38,23,16,0.00011163521773576922
ln_salario_real_adm,45,39,23,17,0.0001001013420194708
ln_salario_real_adm,45,40,23,18,0.00011944525691429586
ln_salario_real_adm,45,41,23,19,4.836136585820277e-05
ln_salario_real_adm,45,42,23,20,8.836111892695452e-05
ln_salario_real_adm,45,43,23,21,0.0001238029048015967
ln_salario_real_adm,45,44,23,22,8.994291108079243e-05
ln_salario_real_adm,45,45,23,23,0.0001910092411146586
asinh_saldo,0,0,-23,-23,0.7895856021327874
asinh_saldo,0,1,-23,-22,0.5658931195100821
asinh_saldo,0,2,-23,-21,0.61484191189441
asinh_saldo,0,3,-23,-20,0.5530917563373012
asinh_saldo,0,4,-23,-19,0.4774982156645106
asinh_saldo,0,5,-23,-18,0.4374298570373588
asinh_saldo,0,6,-23,-17,0.4752359618510963
asinh_saldo,0,7,-23,-16,0.4235475273072292
asinh_saldo,0,8,-23,-15,0.41410546481367233
asinh_saldo,0,9,-23,-14,0.38666307092800534
asinh_saldo,0,10,-23,-13,0.37096169599023776
asinh_saldo,0,11,-23,-12,0.27448543232854394
asinh_saldo,0,12,-23,-11,0.5450685693763144
asinh_saldo,0,13,-23,-10,0.5190850356192467
asinh_saldo,0,14,-23,-9,0.45222801563563336
asinh_saldo,0,15,-23,-8,0.33737885030170106
asinh_saldo,0,16,-23,-7,0.35302165125159635
asinh_saldo,0,17,-23,-6,0.38239995441812885
asinh_saldo,0,18,-23,-5,0.4027156327869568
asinh_saldo,0,19,-23,-4,0.40648378640096106
asinh_saldo,0,20,-23,-3,0.3846733729706135
asinh_saldo,0,21,-23,-2,0.28231513161940486
asinh_saldo,0,22,-23,0,0.27604904636706384
asinh_saldo,0,23,-23,1,0.4401677490849395
asinh_saldo,0,24,-23,2,0.4243054637933592
asinh_saldo,0,25,-23,3,0.38349021846757586
asinh_saldo,0,26,-23,4,0.3838559186746629
asinh_saldo,0,27,-23,5,0.3739182040950697
asinh_saldo,0,28,-23,6,0.4712698955105815
asinh_saldo,0,29,-23,7,0.43023696390804805
asinh_saldo,0,30,-23,8,0.4040796145525217
asinh_saldo,0,31,-23,9,0.48112680725459084
asinh_saldo,0,32,-23,10,0.4063347441277199
asinh_saldo,0,33,-23,11,0.35509796344275235
asinh_saldo,0,34,-23,12,0.3320874877543899
asinh_saldo,0,35,-23,13,0.5983652619179198
asinh_saldo,0,36,-23,14,0.5028420023695256
asinh_saldo,0,37,-23,15,0.41855680545182816
asinh_saldo,0,38,-23,16,0.4337409095637505
asinh_saldo,0,39,-23,17,0.3979218039296171
asinh_saldo,0,40,-23,18,0.4465092521201101
asinh_saldo,0,41,-23,19,0.4541665277173844
asinh_saldo,0,42,-23,20,0.4339971308344433
asinh_saldo,0,43,-23,21,0.4178195701445816
asinh_saldo,0,44,-23,22,0.3802070747388562
asinh_saldo,0,45,-23,23,0.36495797615978287
asinh_saldo,1,0,-22,-23,0.5658931195100834
asinh_saldo,1,1,-22,-22,0.6483200510054589
asinh_saldo,1,2,-22,-21,0.5686105098972801
asinh_saldo,1,3,-22,-20,0.47823596564931065
asinh_saldo,1,4,-22,-19,0.4749394498872077
asinh_saldo,1,5,-22,-18,0.43539211242155623
asinh_saldo,1,6,-22,-17,0.42046814708828084
asinh_saldo,1,7,-22,-16,0.41571958163633
asinh_saldo,1,8,-22,-15,0.374638455597778
asinh_saldo,1,9,-22,-14,0.33985479971328025
asinh_saldo,1,10,-22,-13,0.3617722178595296
asinh_saldo,1,11,-22,-12,0.2181152302792303
asinh_saldo,1,12,-22,-11,0.45575291934122053
asinh_saldo,1,13,-22,-10,0.47251624318104285
asinh_saldo,1,14,-22,-9,0.4282986195822502
asinh_saldo,1,15,-22,-8,0.34487306447011845
asinh_saldo,1,16,-22,-7,0.34002144403294476
asinh_saldo,1,17,-22,-6,0.36473663556193076
asinh_saldo,1,18,-22,-5,0.3499266779772359
asinh_saldo,1,19,-22,-4,0.3742976740668031
asinh_saldo,1,20,-22,-3,0.35610204478511387
asinh_saldo,1,21,-22,-2,0.26783892973550255
asinh_saldo,1,22,-22,0,0.19179491110520444
asinh_saldo,1,23,-22,1,0.39814043230180274
asinh_saldo,1,24,-22,2,0.4288880195684594
asinh_saldo,1,25,-22,3,0.358906855036315
asinh_saldo,1,26,-22,4,0.35029453344863637
asinh_saldo,1,27,-22,5,0.34284232020029043
asinh_saldo,1,28,-22,6,0.39895847897585923
asinh_saldo,1,29,-22,7,0.3503395170112832
asinh_saldo,1,30,-22,8,0.3851508042570667
asinh_saldo,1,31,-22,9,0.4575072478056085
asinh_saldo,1,32,-22,10,0.35432291921815884
asinh_saldo,1,33,-22,11,0.2971139801784105
asinh_saldo,1,34,-22,12,0.25472282391052015
asinh_saldo,1,35,-22,13,0.5216764573675381
asinh_saldo,1,36,-22,14,0.48930589455404994
asinh_saldo,1,37,-22,15,0.39253400690063905
asinh_saldo,1,38,-22,16,0.3806989271733231
asinh_saldo,1,39,-22,17,0.34840546419468515
asinh_saldo,1,40,-22,18,0.37401835594231936
asinh_saldo,1,41,-22,19,0.38746641517908
asinh_saldo,1,42,-22,20,0.44657627963588997
asinh_saldo,1,43,-22,21,0.3982857660047234
asinh_saldo,1,44,-22,22,0.3441900058852172
asinh_saldo,1,45,-22,23,0.2952318476427642
asinh_saldo,2,0,-21,-23,0.6148419118944097
asinh_saldo,2,1,-21,-22,0.5686105098972791
asinh_saldo,2,2,-21,-21,0.7666601838677878
asinh_saldo,2,3,-21,-20,0.6175438485956926
asinh_saldo,2,4,-21,-19,0.5265835495351382
asinh_saldo,2,5,-21,-18,0.4511410339314638
asinh_saldo,2,6,-21,-17,0.41996991639646625
asinh_saldo,2,7,-21,-16,0.4274935283634165
asinh_saldo,2,8,-21,-15,0.39653809561960857
asinh_saldo,2,9,-21,-14,0.37213774989969894
asinh_saldo,2,10,-21,-13,0.3717501724012925
asinh_saldo,2,11,-21,-12,0.2217670271800227
asinh_saldo,2,12,-21,-11,0.5399225077124175
asinh_saldo,2,13,-21,-10,0.5196536596367437
asinh_saldo,2,14,-21,-9,0.5237827646743303
asinh_saldo,2,15,-21,-8,0.3665410952311647
asinh_saldo,2,16,-21,-7,0.3822591638824672
asinh_saldo,2,17,-21,-6,0.384487141360724
asinh_saldo,2,18,-21,-5,0.3794227888449906
asinh_saldo,2,19,-21,-4,0.42949073850056274
asinh_saldo,2,20,-21,-3,0.41455497642587275
asinh_saldo,2,21,-21,-2,0.29724361889942397
asinh_saldo,2,22,-21,0,0.22187108696529523
asinh_saldo,2,23,-21,1,0.46154881772717576
asinh_saldo,2,24,-21,2,0.45356458750159595
asinh_saldo,2,25,-21,3,0.4041301126026599
asinh_saldo,2,26,-21,4,0.41216472713070973
asinh_saldo,2,27,-21,5,0.37631493132920735
asinh_saldo,2,28,-21,6,0.46259040248419525
asinh_saldo,2,29,-21,7,0.4445074307482961
asinh_saldo,2,30,-21,8,0.42830910631314995
asinh_saldo,2,31,-21,9,0.4846354415887733
asinh_saldo,2,32,-21,10,0.4114787930155119
asinh_saldo,2,33,-21,11,0.31780049584264214
asinh_saldo,2,34,-21,12,0.2722844572392766
asinh_saldo,2,35,-21,13,0.5608115102812447
asinh_saldo,2,36,-21,14,0.5285208786714594
asinh_saldo,2,37,-21,15,0.41804385062764643
asinh_saldo,2,38,-21,16,0.443336247521767
asinh_saldo,2,39,-21,17,0.4200484164733739
asinh_saldo,2,40,-21,18,0.4402450673946761
asinh_saldo,2,41,-21,19,0.4637315794560566
asinh_saldo,2,42,-21,20,0.4709632773359494
asinh_saldo,2,43,-21,21,0.446546550855607
asinh_saldo,2,44,-21,22,0.39763960982717605
asinh_saldo,2,45,-21,23,0.32825374996410117
asinh_saldo,3,0,-20,-23,0.5530917563373012
asinh_saldo,3,1,-20,-22,0.47823596564931015
asinh_saldo,3,2,-20,-21,0.6175438485956931
asinh_saldo,3,3,-20,-20,0.7381641343445365
asinh_saldo,3,4,-20,-19,0.4784110638439908
asinh_saldo,3,5,-20,-18,0.4053516118813587
asinh_saldo,3,6,-20,-17,0.3655195630999899
asinh_saldo,3,7,-20,-16,0.3739120853249355
asinh_saldo,3,8,-20,-15,0.34314444130192867
asinh_saldo,3,9,-20,-14,0.3293269714706812
asinh_saldo,3,10,-20,-13,0.3057269765310011
asinh_saldo,3,11,-20,-12,0.24911088079368682
asinh_saldo,3,12,-20,-11,0.5293002393285375
asinh_saldo,3,13,-20,-10,0.46798175227255484
asinh_saldo,3,14,-20,-9,0.4858857964028771
asinh_saldo,3,15,-20,-8,0.34045082621295797
asinh_saldo,3,16,-20,-7,0.3633773911622342
asinh_saldo,3,17,-20,-6,0.33952411910534663
asinh_saldo,3,18,-20,-5,0.3315081677120917
asinh_saldo,3,19,-20,-4,0.36221084454554564
asinh_saldo,3,20,-20,-3,0.35203244999153904
asinh_saldo,3,21,-20,-2,0.29648405138203715
asinh_saldo,3,22,-20,0,0.23643271268537516
asinh_saldo,3,23,-20,1,0.444543242264649
asinh_saldo,3,24,-20,2,0.40004221542110463
asinh_saldo,3,25,-20,3,0.3658139891370561
asinh_saldo,3,26,-20,4,0.3628222930198197
asinh_saldo,3,27,-20,5,0.3610450285033132
asinh_saldo,3,28,-20,6,0.4269070840800309
asinh_saldo,3,29,-20,7,0.390962039890158
asinh_saldo,3,30,-20,8,0.38205988326565615
asinh_saldo,3,31,-20,9,0.4616999374802989
asinh_saldo,3,32,-20,10,0.3769102118240867
asinh_saldo,3,33,-20,11,0.30450001479280225
asinh_saldo,3,34,-20,12,0.26195708909212695
asinh_saldo,3,35,-20,13,0.5457682260894369
asinh_saldo,3,36,-20,14,0.47396360666864806
asinh_saldo,3,37,-20,15,0.38158182700844895
asinh_saldo,3,38,-20,16,0.40490226135142804
asinh_saldo,3,39,-20,17,0.39616321257167075
asinh_saldo,3,40,-20,18,0.4347769572913728
asinh_saldo,3,41,-20,19,0.387284743060886
asinh_saldo,3,42,-20,20,0.37783940854830617
asinh_saldo,3,43,-20,21,0.38904230810969775
asinh_saldo,3,44,-20,22,0.3651811406598535
asinh_saldo,3,45,-20,23,0.3078115361472838
asinh_saldo,4,0,-19,-23,0.47749821566451145
asinh_saldo,4,1,-19,-22,0.4749394498872078
asinh_saldo,4,2,-19,-21,0.5265835495351397
asinh_saldo,4,3,-19,-20,0.4784110638439924
asinh_saldo,4,4,-19,-19,0.6132590881094651
asinh_saldo,4,5,-19,-18,0.49323938231660414
asinh_saldo,4,6,-19,-17,0.45210886619887314
asinh_saldo,4,7,-19,-16,0.45604456507654006
asinh_saldo,4,8,-19,-15,0.3895411325152787
asinh_saldo,4,9,-19,-14,0.35566759607289095
asinh_saldo,4,10,-19,-13,0.39808401958217593
asinh_saldo,4,11,-19,-12,0.2515181953259423
asinh_saldo,4,12,-19,-11,0.39885096117832836
asinh_saldo,4,13,-19,-10,0.4339102892470867
asinh_saldo,4,14,-19,-9,0.43173775276999304
asinh_saldo,4,15,-19,-8,0.3721906121911208
asinh_saldo,4,16,-19,-7,0.4081439790733562
asinh_saldo,4,17,-19,-6,0.40412645638558853
asinh_saldo,4,18,-19,-5,0.38500197382014917
asinh_saldo,4,19,-19,-4,0.43464191101745026
asinh_saldo,4,20,-19,-3,0.41369185300489963
asinh_saldo,4,21,-19,-2,0.2886704473098936
asinh_saldo,4,22,-19,0,0.2386148125534184
asinh_saldo,4,23,-19,1,0.3678469207077346
asinh_saldo,4,24,-19,2,0.36054416802605754
asinh_saldo,4,25,-19,3,0.427228231850815
asinh_saldo,4,26,-19,4,0.3810884464753585
asinh_saldo,4,27,-19,5,0.36997285836243715
asinh_saldo,4,28,-19,6,0.4315412143230171
asinh_saldo,4,29,-19,7,0.41034863628612117
asinh_saldo,4,30,-19,8,0.4287097859170795
asinh_saldo,4,31,-19,9,0.48079224287097927
asinh_saldo,4,32,-19,10,0.37568681138892734
asinh_saldo,4,33,-19,11,0.32693581807671224
asinh_saldo,4,34,-19,12,0.2535803750111395
asinh_saldo,4,35,-19,13,0.4514801258218311
asinh_saldo,4,36,-19,14,0.42809940090761883
asinh_saldo,4,37,-19,15,0.3843598668902473
asinh_saldo,4,38,-19,16,0.418763265362974
asinh_saldo,4,39,-19,17,0.3923525144065633
asinh_saldo,4,40,-19,18,0.3954342483204921
asinh_saldo,4,41,-19,19,0.38720537850120373
asinh_saldo,4,42,-19,20,0.4211074935588388
asinh_saldo,4,43,-19,21,0.4160600766928289
asinh_saldo,4,44,-19,22,0.3556794039009904
asinh_saldo,4,45,-19,23,0.29933262601016375
asinh_saldo,5,0,-18,-23,0.4374298570373574
asinh_saldo,5,1,-18,-22,0.43539211242155523
asinh_saldo,5,2,-18,-21,0.4511410339314636
asinh_saldo,5,3,-18,-20,0.4053516118813578
asinh_saldo,5,4,-18,-19,0.49323938231660186
asinh_saldo,5,5,-18,-18,0.5870348171558427
asinh_saldo,5,6,-18,-17,0.45002613944715997
asinh_saldo,5,7,-18,-16,0.4710452164204152
asinh_saldo,5,8,-18,-15,0.42008093207917807
asinh_saldo,5,9,-18,-14,0.335527100455045
asinh_saldo,5,10,-18,-13,0.38896325878926785
asinh_saldo,5,11,-18,-12,0.28733800333350773
asinh_saldo,5,12,-18,-11,0.4356141980764433
asinh_saldo,5,13,-18,-10,0.4128438057151416
asinh_saldo,5,14,-18,-9,0.42700011906833374
asinh_saldo,5,15,-18,-8,0.37038779428132307
asinh_saldo,5,16,-18,-7,0.4104548918546681
asinh_saldo,5,17,-18,-6,0.4187436035940054
asinh_saldo,5,18,-18,-5,0.3978563488882263
asinh_saldo,5,19,-18,-4,0.44445672786619084
asinh_saldo,5,20,-18,-3,0.41938565746810813
asinh_saldo,5,21,-18,-2,0.2891839498909611
asinh_saldo,5,22,-18,0,0.27419237638121624
asinh_saldo,5,23,-18,1,0.3668790341282524
asinh_saldo,5,24,-18,2,0.35444262638725615
asinh_saldo,5,25,-18,3,0.4089680764882998
asinh_saldo,5,26,-18,4,0.3476222241463714
asinh_saldo,5,27,-18,5,0.3811260690230751
asinh_saldo,5,28,-18,6,0.4775269978283845
asinh_saldo,5,29,-18,7,0.41161579205094345
asinh_saldo,5,30,-18,8,0.42664398696709954
asinh_saldo,5,31,-18,9,0.4592028811612698
asinh_saldo,5,32,-18,10,0.3629302141464534
asinh_saldo,5,33,-18,11,0.3426845143794135
asinh_saldo,5,34,-18,12,0.2708568226973773
asinh_saldo,5,35,-18,13,0.4814573501502351
asinh_saldo,5,36,-18,14,0.41951561070162197
asinh_saldo,5,37,-18,15,0.4098437479112126
asinh_saldo,5,38,-18,16,0.44402560277832814
asinh_saldo,5,39,-18,17,0.4067043718241535
asinh_saldo,5,40,-18,18,0.415187477106179
asinh_saldo,5,41,-18,19,0.38574977449710257
asinh_saldo,5,42,-18,20,0.4507483169875065
asinh_saldo,5,43,-18,21,0.4101298248158937
asinh_saldo,5,44,-18,22,0.3717336295528632
asinh_saldo,5,45,-18,23,0.2920616296215648
asinh_saldo,6,0,-17,-23,0.47523596185109857
asinh_saldo,6,1,-17,-22,0.4204681470882834
asinh_saldo,6,2,-17,-21,0.41996991639646947
asinh_saldo,6,3,-17,-20,0.3655195630999928
asinh_saldo,6,4,-17,-19,0.4521088661988743
asinh_saldo,6,5,-17,-18,0.4500261394471627
asinh_saldo,6,6,-17,-17,0.5418302233928766
asinh_saldo,6,7,-17,-16,0.43028748854064813
asinh_saldo,6,8,-17,-15,0.38183784374691826
asinh_saldo,6,9,-17,-14,0.36317691888283776
asinh_saldo,6,10,-17,-13,0.381389273168044
asinh_saldo,6,11,-17,-12,0.27811212648710415
asinh_saldo,6,12,-17,-11,0.32351143683146405
asinh_saldo,6,13,-17,-10,0.3949983450289939
asinh_saldo,6,14,-17,-9,0.35721106171020023
asinh_saldo,6,15,-17,-8,0.3290616288294425
asinh_saldo,6,16,-17,-7,0.3595129109150216
asinh_saldo,6,17,-17,-6,0.40595958775262697
asinh_saldo,6,18,-17,-5,0.3995937022887236
asinh_saldo,6,19,-17,-4,0.3948543350368645
asinh_saldo,6,20,-17,-3,0.3644156855026807
asinh_saldo,6,21,-17,-2,0.2749017032880311
asinh_saldo,6,22,-17,0,0.253809175068907
asinh_saldo,6,23,-17,1,0.32299890684756316
asinh_saldo,6,24,-17,2,0.32876311212133635
asinh_saldo,6,25,-17,3,0.36592579284177773
asinh_saldo,6,26,-17,4,0.3187114681049402
asinh_saldo,6,27,-17,5,0.3391915706182959
asinh_saldo,6,28,-17,6,0.4039662214206862
asinh_saldo,6,29,-17,7,0.3967661351809573
asinh_saldo,6,30,-17,8,0.4011645533048866
asinh_saldo,6,31,-17,9,0.41840043097211144
asinh_saldo,6,32,-17,10,0.34955254890557275
asinh_saldo,6,33,-17,11,0.34397988398565854
asinh_saldo,6,34,-17,12,0.24850653335503264
asinh_saldo,6,35,-17,13,0.4262752096344298
asinh_saldo,6,36,-17,14,0.4179234389668145
asinh_saldo,6,37,-17,15,0.37160119909196293
asinh_saldo,6,38,-17,16,0.36254553147585283
asinh_saldo,6,39,-17,17,0.3346071468969522
asinh_saldo,6,40,-17,18,0.40751982588906377
asinh_saldo,6,41,-17,19,0.39731476475240857
asinh_saldo,6,42,-17,20,0.400799539029298
asinh_saldo,6,43,-17,21,0.36758144735969195
asinh_saldo,6,44,-17,22,0.3430311487582778
asinh_saldo,6,45,-17,23,0.31549883665283396
asinh_saldo,7,0,-16,-23,0.4235475273072309
asinh_saldo,7,1,-16,-22,0.4157195816363313
asinh_saldo,7,2,-16,-21,0.4274935283634188
asinh_saldo,7,3,-16,-20,0.37391208532493686
asinh_saldo,7,4,-16,-19,0.4560445650765403
asinh_saldo,7,5,-16,-18,0.4710452164204176
asinh_saldo,7,6,-16,-17,0.4302874885406476
asinh_saldo,7,7,-16,-16,0.5316868030529702
asinh_saldo,7,8,-16,-15,0.43614980492204125
asinh_saldo,7,9,-16,-14,0.3437088339364969
asinh_saldo,7,10,-16,-13,0.37182689343903746
asinh_saldo,7,11,-16,-12,0.2843867616803409
asinh_saldo,7,12,-16,-11,0.39285186538910366
asinh_saldo,7,13,-16,-10,0.37797608667544474
asinh_saldo,7,14,-16,-9,0.4060291860991606
asinh_saldo,7,15,-16,-8,0.3277920884597459
asinh_saldo,7,16,-16,-7,0.36704612836942485
asinh_saldo,7,17,-16,-6,0.38006864021469894
asinh_saldo,7,18,-16,-5,0.3685401273687242
asinh_saldo,7,19,-16,-4,0.41531673729982305
asinh_saldo,7,20,-16,-3,0.4311755798983089
asinh_saldo,7,21,-16,-2,0.31234785313304675
asinh_saldo,7,22,-16,0,0.26416070751044163
asinh_saldo,7,23,-16,1,0.32443624956956246
asinh_saldo,7,24,-16,2,0.3407161235040006
asinh_saldo,7,25,-16,3,0.39502164424957764
asinh_saldo,7,26,-16,4,0.3493525037598791
asinh_saldo,7,27,-16,5,0.35764844474297425
asinh_saldo,7,28,-16,6,0.42545874987887755
asinh_saldo,7,29,-16,7,0.38747558550026295
asinh_saldo,7,30,-16,8,0.42130368047516503
asinh_saldo,7,31,-16,9,0.4527566763454134
asinh_saldo,7,32,-16,10,0.35079974775801254
asinh_saldo,7,33,-16,11,0.3337080013899578
asinh_saldo,7,34,-16,12,0.2762427769397607
asinh_saldo,7,35,-16,13,0.4536889858953344
asinh_saldo,7,36,-16,14,0.4120328685134047
asinh_saldo,7,37,-16,15,0.39556690156880087
asinh_saldo,7,38,-16,16,0.38623092356178457
asinh_saldo,7,39,-16,17,0.3716932850846096
asinh_saldo,7,40,-16,18,0.36109114289569016
asinh_saldo,7,41,-16,19,0.3760070375575906
asinh_saldo,7,42,-16,20,0.4207231239538032
asinh_saldo,7,43,-16,21,0.38208563148506675
asinh_saldo,7,44,-16,22,0.3364584822622452
asinh_saldo,7,45,-16,23,0.27399282748894466
asinh_saldo,8,0,-15,-23,0.41410546481367316
asinh_saldo,8,1,-15,-22,0.3746384555977778
asinh_saldo,8,2,-15,-21,0.39653809561960907
asinh_saldo,8,3,-15,-20,0.3431444413019299
asinh_saldo,8,4,-15,-19,0.3895411325152794
asinh_saldo,8,5,-15,-18,0.42008093207918057
asinh_saldo,8,6,-15,-17,0.3818378437469173
asinh_saldo,8,7,-15,-16,0.4361498049220411
asinh_saldo,8,8,-15,-15,0.5094782009850014
asinh_saldo,8,9,-15,-14,0.3692003207108556
asinh_saldo,8,10,-15,-13,0.35678020841834857
asinh_saldo,8,11,-15,-12,0.2645349617192901
asinh_saldo,8,12,-15,-11,0.40639821521096325
asinh_saldo,8,13,-15,-10,0.39152322959343805
asinh_saldo,8,14,-15,-9,0.3701363557285687
asinh_saldo,8,15,-15,-8,0.2992162436226419
asinh_saldo,8,16,-15,-7,0.3485203337549652
asinh_saldo,8,17,-15,-6,0.3602822441522693
asinh_saldo,8,18,-15,-5,0.3535655105220609
asinh_saldo,8,19,-15,-4,0.4300825474994844
asinh_saldo,8,20,-15,-3,0.39829466126395857
asinh_saldo,8,21,-15,-2,0.28535192082606514
asinh_saldo,8,22,-15,0,0.24141822345850567
asinh_saldo,8,23,-15,1,0.27956164126770433
asinh_saldo,8,24,-15,2,0.2947557637797643
asinh_saldo,8,25,-15,3,0.3802802440587635
asinh_saldo,8,26,-15,4,0.3465400932654774
asinh_saldo,8,27,-15,5,0.3703269577016102
asinh_saldo,8,28,-15,6,0.424632325675441
asinh_saldo,8,29,-15,7,0.3815577602218655
asinh_saldo,8,30,-15,8,0.3793843726042423
asinh_saldo,8,31,-15,9,0.4485026140142639
asinh_saldo,8,32,-15,10,0.3696406943838706
asinh_saldo,8,33,-15,11,0.3059909420374896
asinh_saldo,8,34,-15,12,0.2523480088963986
asinh_saldo,8,35,-15,13,0.4546377664216406
asinh_saldo,8,36,-15,14,0.41613164296923055
asinh_saldo,8,37,-15,15,0.38839728475014507
asinh_saldo,8,38,-15,16,0.4133295639454787
asinh_saldo,8,39,-15,17,0.3715029391682486
asinh_saldo,8,40,-15,18,0.37582725826258573
asinh_saldo,8,41,-15,19,0.36263851775829226
asinh_saldo,8,42,-15,20,0.4102911391344021
asinh_saldo,8,43,-15,21,0.3648764242302626
asinh_saldo,8,44,-15,22,0.3747793138741649
asinh_saldo,8,45,-15,23,0.29247617222599603
asinh_saldo,9,0,-14,-23,0.3866630709280062
asinh_saldo,9,1,-14,-22,0.3398547997132802
asinh_saldo,9,2,-14,-21,0.3721377498997003
asinh_saldo,9,3,-14,-20,0.32932697147068235
asinh_saldo,9,4,-14,-19,0.35566759607289167
asinh_saldo,9,5,-14,-18,0.3355271004550474
asinh_saldo,9,6,-14,-17,0.3631769188828368
asinh_saldo,9,7,-14,-16,0.3437088339364971
asinh_saldo,9,8,-14,-15,0.3692003207108559
asinh_saldo,9,9,-14,-14,0.4501229410592566
asinh_saldo,9,10,-14,-13,0.3357692273756385
asinh_saldo,9,11,-14,-12,0.25157908150346686
asinh_saldo,9,12,-14,-11,0.3076736430650857
asinh_saldo,9,13,-14,-10,0.3682890997209295
asinh_saldo,9,14,-14,-9,0.3530211157919651
asinh_saldo,9,15,-14,-8,0.28040594442359507
asinh_saldo,9,16,-14,-7,0.3158498938134713
asinh_saldo,9,17,-14,-6,0.34578403171562977
asinh_saldo,9,18,-14,-5,0.34997422548203266
asinh_saldo,9,19,-14,-4,0.36260280096008984
asinh_saldo,9,20,-14,-3,0.3283877647327193
asinh_saldo,9,21,-14,-2,0.2595995755038537
asinh_saldo,9,22,-14,0,0.2095240260111726
asinh_saldo,9,23,-14,1,0.27522755354688805
asinh_saldo,9,24,-14,2,0.2870657052820949
asinh_saldo,9,25,-14,3,0.3549771151186868
asinh_saldo,9,26,-14,4,0.3061990712398014
asinh_saldo,9,27,-14,5,0.3193118936216515
asinh_saldo,9,28,-14,6,0.33594574640216374
asinh_saldo,9,29,-14,7,0.3081505146093806
asinh_saldo,9,30,-14,8,0.36197764408645056
asinh_saldo,9,31,-14,9,0.38964626053870627
asinh_saldo,9,32,-14,10,0.3536820544668936
asinh_saldo,9,33,-14,11,0.308672408495696
asinh_saldo,9,34,-14,12,0.22070936580960207
asinh_saldo,9,35,-14,13,0.4057082894316
asinh_saldo,9,36,-14,14,0.4085494593397326
asinh_saldo,9,37,-14,15,0.3689451894752603
asinh_saldo,9,38,-14,16,0.32846972579919487
asinh_saldo,9,39,-14,17,0.3313522930894049
asinh_saldo,9,40,-14,18,0.34946277054482344
asinh_saldo,9,41,-14,19,0.34252227876449887
asinh_saldo,9,42,-14,20,0.3704314029237842
asinh_saldo,9,43,-14,21,0.3439794012517117
asinh_saldo,9,44,-14,22,0.36258554081710376
asinh_saldo,9,45,-14,23,0.30839102823959663
asinh_saldo,10,0,-13,-23,0.37096169599023904
asinh_saldo,10,1,-13,-22,0.36177221785953
asinh_saldo,10,2,-13,-21,0.371750172401294
asinh_saldo,10,3,-13,-20,0.30572697653100195
asinh_saldo,10,4,-13,-19,0.3980840195821757
asinh_saldo,10,5,-13,-18,0.3889632587892697
asinh_saldo,10,6,-13,-17,0.38138927316804316
asinh_saldo,10,7,-13,-16,0.3718268934390373
asinh_saldo,10,8,-13,-15,0.3567802084183481
asinh_saldo,10,9,-13,-14,0.33576922737563814
asinh_saldo,10,10,-13,-13,0.5108785742227658
asinh_saldo,10,11,-13,-12,0.2601111111000829
asinh_saldo,10,12,-13,-11,0.29369640899262384
asinh_saldo,10,13,-13,-10,0.3479469702381572
asinh_saldo,10,14,-13,-9,0.3757065469119754
asinh_saldo,10,15,-13,-8,0.3408220854465841
asinh_saldo,10,16,-13,-7,0.3263391798177727
asinh_saldo,10,17,-13,-6,0.3362600602312548
asinh_saldo,10,18,-13,-5,0.3221996962239802
asinh_saldo,10,19,-13,-4,0.3866747570748749
asinh_saldo,10,20,-13,-3,0.33864116405242256
asinh_saldo,10,21,-13,-2,0.2752941142668842
asinh_saldo,10,22,-13,0,0.2341186132507464
asinh_saldo,10,23,-13,1,0.2751631630642968
asinh_saldo,10,24,-13,2,0.2812956923831949
asinh_saldo,10,25,-13,3,0.3473392836142246
asinh_saldo,10,26,-13,4,0.30288541263381874
asinh_saldo,10,27,-13,5,0.33300593319895727
asinh_saldo,10,28,-13,6,0.37251672204688824
asinh_saldo,10,29,-13,7,0.34177749227616605
asinh_saldo,10,30,-13,8,0.37710089875720276
asinh_saldo,10,31,-13,9,0.4082948867206835
asinh_saldo,10,32,-13,10,0.3526092797642899
asinh_saldo,10,33,-13,11,0.34941765951975234
asinh_saldo,10,34,-13,12,0.2438061464696322
asinh_saldo,10,35,-13,13,0.3848789392751759
asinh_saldo,10,36,-13,14,0.362314007488065
asinh_saldo,10,37,-13,15,0.31802003334556517
asinh_saldo,10,38,-13,16,0.35387197432149486
asinh_saldo,10,39,-13,17,0.3138896382180788
asinh_saldo,10,40,-13,18,0.32532154234583766
asinh_saldo,10,41,-13,19,0.2995441053942656
asinh_saldo,10,42,-13,20,0.36742025809685647
asinh_saldo,10,43,-13,21,0.33700565581148634
asinh_saldo,10,44,-13,22,0.32285889827138675
asinh_saldo,10,45,-13,23,0.26766536505104693
asinh_saldo,11,0,-12,-23,0.2744854323285448
asinh_saldo,11,1,-12,-22,0.21811523027923033
asinh_saldo,11,2,-12,-21,0.22176702718002317
asinh_saldo,11,3,-12,-20,0.2491108807936865
asinh_saldo,11,4,-12,-19,0.25151819532594216
asinh_saldo,11,5,-12,-18,0.2873380033335094
asinh_saldo,11,6,-12,-17,0.27811212648710254
asinh_saldo,11,7,-12,-16,0.28438676168033983
asinh_saldo,11,8,-12,-15,0.26453496171928964
asinh_saldo,11,9,-12,-14,0.2515790815034657
asinh_saldo,11,10,-12,-13,0.26011111110008234
asinh_saldo,11,11,-12,-12,0.6396539685451522
asinh_saldo,11,12,-12,-11,0.3161090030223911
asinh_saldo,11,13,-12,-10,0.2776473946113884
asinh_saldo,11,14,-12,-9,0.2886365914111153
asinh_saldo,11,15,-12,-8,0.26644114548127196
asinh_saldo,11,16,-12,-7,0.22372221786646085
asinh_saldo,11,17,-12,-6,0.24539996190982147
asinh_saldo,11,18,-12,-5,0.274156600600894
asinh_saldo,11,19,-12,-4,0.2686425820196493
asinh_saldo,11,20,-12,-3,0.2535069118070014
asinh_saldo,11,21,-12,-2,0.2300970728684646
asinh_saldo,11,22,-12,0,0.4752672006522615
asinh_saldo,11,23,-12,1,0.2600860138761343
asinh_saldo,11,24,-12,2,0.2321424824368644
asinh_saldo,11,25,-12,3,0.328828001433984
asinh_saldo,11,26,-12,4,0.3334058608380402
asinh_saldo,11,27,-12,5,0.3532841165836913
asinh_saldo,11,28,-12,6,0.3929455939674568
asinh_saldo,11,29,-12,7,0.3590710132623909
asinh_saldo,11,30,-12,8,0.36872168954079193
asinh_saldo,11,31,-12,9,0.38649660524316015
asinh_saldo,11,32,-12,10,0.33673826806900364
asinh_saldo,11,33,-12,11,0.3599009307679149
asinh_saldo,11,34,-12,12,0.4951738710226881
asinh_saldo,11,35,-12,13,0.35272595535012924
asinh_saldo,11,36,-12,14,0.33400958246861584
asinh_saldo,11,37,-12,15,0.3754661742346886
asinh_saldo,11,38,-12,16,0.35488530069795793
asinh_saldo,11,39,-12,17,0.40548245794587634
asinh_saldo,11,40,-12,18,0.36595947732948864
asinh_saldo,11,41,-12,19,0.3271142419575671
asinh_saldo,11,42,-12,20,0.33889538869486424
asinh_saldo,11,43,-12,21,0.3254311789462923
asinh_saldo,11,44,-12,22,0.3750827756547108
asinh_saldo,11,45,-12,23,0.34822285135154474
asinh_saldo,12,0,-11,-23,0.545068569376314
asinh_saldo,12,1,-11,-22,0.4557529193412194
asinh_saldo,12,2,-11,-21,0.5399225077124169
asinh_saldo,12,3,-11,-20,0.529300239328537
asinh_saldo,12,4,-11,-19,0.398850961178327
asinh_saldo,12,5,-11,-18,0.4356141980764434
asinh_saldo,12,6,-11,-17,0.323511436831461
asinh_saldo,12,7,-11,-16,0.39285186538910116
asinh_saldo,12,8,-11,-15,0.4063982152109618
asinh_saldo,12,9,-11,-14,0.307673643065084
asinh_saldo,12,10,-11,-13,0.2936964089926225
asinh_saldo,12,11,-11,-12,0.31610900302239
asinh_saldo,12,12,-11,-11,0.8111087775465484
asinh_saldo,12,13,-11,-10,0.534584537690979
asinh_saldo,12,14,-11,-9,0.5211341745633428
asinh_saldo,12,15,-11,-8,0.3979936722550992
asinh_saldo,12,16,-11,-7,0.3640999782035036
asinh_saldo,12,17,-11,-6,0.35642637599065696
asinh_saldo,12,18,-11,-5,0.36913849599461607
asinh_saldo,12,19,-11,-4,0.4587583247803476
asinh_saldo,12,20,-11,-3,0.39372493994821217
asinh_saldo,12,21,-11,-2,0.32317627047091263
asinh_saldo,12,22,-11,0,0.3062489989250389
asinh_saldo,12,23,-11,1,0.5191260163310724
asinh_saldo,12,24,-11,2,0.4630761536593195
asinh_saldo,12,25,-11,3,0.41616050876551314
asinh_saldo,12,26,-11,4,0.4162079066927154
asinh_saldo,12,27,-11,5,0.3874366973207519
asinh_saldo,12,28,-11,6,0.4455447920405355
asinh_saldo,12,29,-11,7,0.4139959623859557
asinh_saldo,12,30,-11,8,0.41713520417849265
asinh_saldo,12,31,-11,9,0.4314577218993061
asinh_saldo,12,32,-11,10,0.39507158569197587
asinh_saldo,12,33,-11,11,0.26296000535682573
asinh_saldo,12,34,-11,12,0.2809426600126281
asinh_saldo,12,35,-11,13,0.6209568778020133
asinh_saldo,12,36,-11,14,0.45759973797258807
asinh_saldo,12,37,-11,15,0.43540035141916666
asinh_saldo,12,38,-11,16,0.46645085727738717
asinh_saldo,12,39,-11,17,0.42303316236723626
asinh_saldo,12,40,-11,18,0.38778256799604455
asinh_saldo,12,41,-11,19,0.40075361093544826
asinh_saldo,12,42,-11,20,0.41064027803565156
asinh_saldo,12,43,-11,21,0.45594283923020207
asinh_saldo,12,44,-11,22,0.3785044795682019
asinh_saldo,12,45,-11,23,0.2617706642172566
asinh_saldo,13,0,-10,-23,0.5190850356192483
asinh_saldo,13,1,-10,-22,0.47251624318104424
asinh_saldo,13,2,-10,-21,0.5196536596367454
asinh_saldo,13,3,-10,-20,0.46798175227255634
asinh_saldo,13,4,-10,-19,0.43391028924708697
asinh_saldo,13,5,-10,-18,0.4128438057151434
asinh_saldo,13,6,-10,-17,0.3949983450289928
asinh_saldo,13,7,-10,-16,0.3779760866754449
asinh_saldo,13,8,-10,-15,0.39152322959343855
asinh_saldo,13,9,-10,-14,0.3682890997209295
asinh_saldo,13,10,-10,-13,0.34794697023815735
asinh_saldo,13,11,-10,-12,0.2776473946113898
asinh_saldo,13,12,-10,-11,0.5345845376909809
asinh_saldo,13,13,-10,-10,0.6746170777069396
asinh_saldo,13,14,-10,-9,0.561111505856298
asinh_saldo,13,15,-10,-8,0.4211198403693319
asinh_saldo,13,16,-10,-7,0.42758103766812094
asinh_saldo,13,17,-10,-6,0.4132550279872617
asinh_saldo,13,18,-10,-5,0.38252589022721967
asinh_saldo,13,19,-10,-4,0.4569122549567591
asinh_saldo,13,20,-10,-3,0.4163995092429393
asinh_saldo,13,21,-10,-2,0.29028748862973464
asinh_saldo,13,22,-10,0,0.2418653193711629
asinh_saldo,13,23,-10,1,0.4900985682746684
asinh_saldo,13,24,-10,2,0.4960032802786736
asinh_saldo,13,25,-10,3,0.4904071405765744
asinh_saldo,13,26,-10,4,0.4542517671373296
asinh_saldo,13,27,-10,5,0.47116918570057614
asinh_saldo,13,28,-10,6,0.4357869284455234
asinh_saldo,13,29,-10,7,0.4221368311931454
asinh_saldo,13,30,-10,8,0.5087739580884547
asinh_saldo,13,31,-10,9,0.4716257612130824
asinh_saldo,13,32,-10,10,0.3964731639062611
asinh_saldo,13,33,-10,11,0.3414224016947329
asinh_saldo,13,34,-10,12,0.22667131516803585
asinh_saldo,13,35,-10,13,0.5492955278266801
asinh_saldo,13,36,-10,14,0.5686915042411613
asinh_saldo,13,37,-10,15,0.5127200520037704
asinh_saldo,13,38,-10,16,0.5166585740130342
asinh_saldo,13,39,-10,17,0.45183546722684126
asinh_saldo,13,40,-10,18,0.4254517169102642
asinh_saldo,13,41,-10,19,0.39948803825685697
asinh_saldo,13,42,-10,20,0.46139181261174106
asinh_saldo,13,43,-10,21,0.46592720546156247
asinh_saldo,13,44,-10,22,0.4048922907162159
asinh_saldo,13,45,-10,23,0.3298726773003868
asinh_saldo,14,0,-9,-23,0.45222801563563503
asinh_saldo,14,1,-9,-22,0.4282986195822516
asinh_saldo,14,2,-9,-21,0.5237827646743325
asinh_saldo,14,3,-9,-20,0.48588579640287943
asinh_saldo,14,4,-9,-19,0.4317377527699935
asinh_saldo,14,5,-9,-18,0.4270001190683361
asinh_saldo,14,6,-9,-17,0.3572110617101996
asinh_saldo,14,7,-9,-16,0.4060291860991612
asinh_saldo,14,8,-9,-15,0.3701363557285697
asinh_saldo,14,9,-9,-14,0.3530211157919651
asinh_saldo,14,10,-9,-13,0.3757065469119759
asinh_saldo,14,11,-9,-12,0.28863659141111647
asinh_saldo,14,12,-9,-11,0.5211341745633462
asinh_saldo,14,13,-9,-10,0.5611115058562982
asinh_saldo,14,14,-9,-9,0.7117707680934546
asinh_saldo,14,15,-9,-8,0.4537956429480995
asinh_saldo,14,16,-9,-7,0.4465744613723489
asinh_saldo,14,17,-9,-6,0.402199219728606
asinh_saldo,14,18,-9,-5,0.43729970677517127
asinh_saldo,14,19,-9,-4,0.4831929870277275
asinh_saldo,14,20,-9,-3,0.4538552139846764
asinh_saldo,14,21,-9,-2,0.2949722552156693
asinh_saldo,14,22,-9,0,0.2526488050667447
asinh_saldo,14,23,-9,1,0.4875822001480025
asinh_saldo,14,24,-9,2,0.4580113639496792
asinh_saldo,14,25,-9,3,0.46371868058321974
asinh_saldo,14,26,-9,4,0.4509886317957623
asinh_saldo,14,27,-9,5,0.4455059284081899
asinh_saldo,14,28,-9,6,0.43334356279271297
asinh_saldo,14,29,-9,7,0.4382509132097452
asinh_saldo,14,30,-9,8,0.5141802265129515
asinh_saldo,14,31,-9,9,0.4610697423229198
asinh_saldo,14,32,-9,10,0.3731016059031726
asinh_saldo,14,33,-9,11,0.3302492522429571
asinh_saldo,14,34,-9,12,0.2418325465933643
asinh_saldo,14,35,-9,13,0.5279958355316203
asinh_saldo,14,36,-9,14,0.49418917009590674
asinh_saldo,14,37,-9,15,0.4755304657994934
asinh_saldo,14,38,-9,16,0.4900945240352558
asinh_saldo,14,39,-9,17,0.4789208159104438
asinh_saldo,14,40,-9,18,0.39849329311607573
asinh_saldo,14,41,-9,19,0.40700063661632413
asinh_saldo,14,42,-9,20,0.4691184399012732
asinh_saldo,14,43,-9,21,0.48338614799356144
asinh_saldo,14,44,-9,22,0.3715390616299604
asinh_saldo,14,45,-9,23,0.28744160916047923
asinh_saldo,15,0,-8,-23,0.33737885030170134
asinh_saldo,15,1,-8,-22,0.3448730644701183
asinh_saldo,15,2,-8,-21,0.36654109523116507
asinh_saldo,15,3,-8,-20,0.34045082621295786
asinh_saldo,15,4,-8,-19,0.37219061219111926
asinh_saldo,15,5,-8,-18,0.37038779428132373
asinh_saldo,15,6,-8,-17,0.32906162882944007
asinh_saldo,15,7,-8,-16,0.3277920884597441
asinh_saldo,15,8,-8,-15,0.29921624362264115
asinh_saldo,15,9,-8,-14,0.28040594442359357
asinh_saldo,15,10,-8,-13,0.3408220854465833
asinh_saldo,15,11,-8,-12,0.2664411454812718
asinh_saldo,15,12,-8,-11,0.39799367225510063
asinh_saldo,15,13,-8,-10,0.42111984036933064
asinh_saldo,15,14,-8,-9,0.45379564294809777
asinh_saldo,15,15,-8,-8,0.5353618847220705
asinh_saldo,15,16,-8,-7,0.390586524628664
asinh_saldo,15,17,-8,-6,0.37141528954611114
asinh_saldo,15,18,-8,-5,0.37758368306535667
asinh_saldo,15,19,-8,-4,0.4096952690300307
asinh_saldo,15,20,-8,-3,0.38131422667943565
asinh_saldo,15,21,-8,-2,0.27888833385942663
asinh_saldo,15,22,-8,0,0.23850320698408428
asinh_saldo,15,23,-8,1,0.36898811153772504
asinh_saldo,15,24,-8,2,0.3688484001786942
asinh_saldo,15,25,-8,3,0.39439692171248675
asinh_saldo,15,26,-8,4,0.40715759333317975
asinh_saldo,15,27,-8,5,0.4077838551364297
asinh_saldo,15,28,-8,6,0.3641338384432896
asinh_saldo,15,29,-8,7,0.3611032090818055
asinh_saldo,15,30,-8,8,0.45345212082382014
asinh_saldo,15,31,-8,9,0.40326310172509056
asinh_saldo,15,32,-8,10,0.3361586274553732
asinh_saldo,15,33,-8,11,0.28653596758043604
asinh_saldo,15,34,-8,12,0.238624958166123
asinh_saldo,15,35,-8,13,0.39847366945048823
asinh_saldo,15,36,-8,14,0.37928991341317775
asinh_saldo,15,37,-8,15,0.3947242320621839
asinh_saldo,15,38,-8,16,0.42726419380250785
asinh_saldo,15,39,-8,17,0.3743674440553562
asinh_saldo,15,40,-8,18,0.3501002337692601
asinh_saldo,15,41,-8,19,0.3369384874679499
asinh_saldo,15,42,-8,20,0.39418047110798643
asinh_saldo,15,43,-8,21,0.4468136497552072
asinh_saldo,15,44,-8,22,0.30060512568455705
asinh_saldo,15,45,-8,23,0.2301339646097943
asinh_saldo,16,0,-7,-23,0.35302165125159474
asinh_saldo,16,1,-7,-22,0.3400214440329433
asinh_saldo,16,2,-7,-21,0.3822591638824664
asinh_saldo,16,3,-7,-20,0.36337739116223355
asinh_saldo,16,4,-7,-19,0.4081439790733556
asinh_saldo,16,5,-7,-18,0.41045489185466916
asinh_saldo,16,6,-7,-17,0.35951291091501913
asinh_saldo,16,7,-7,-16,0.36704612836942335
asinh_saldo,16,8,-7,-15,0.34852033375496394
asinh_saldo,16,9,-7,-14,0.31584989381346956
asinh_saldo,16,10,-7,-13,0.3263391798177718
asinh_saldo,16,11,-7,-12,0.2237222178664601
asinh_saldo,16,12,-7,-11,0.3640999782035037
asinh_saldo,16,13,-7,-10,0.4275810376681191
asinh_saldo,16,14,-7,-9,0.44657446137234685
asinh_saldo,16,15,-7,-8,0.39058652462866417
asinh_saldo,16,16,-7,-7,0.5065050692832958
asinh_saldo,16,17,-7,-6,0.3813658401428504
asinh_saldo,16,18,-7,-5,0.39265631651467664
asinh_saldo,16,19,-7,-4,0.4357840014217641
asinh_saldo,16,20,-7,-3,0.4086094345603027
asinh_saldo,16,21,-7,-2,0.27586069785980144
asinh_saldo,16,22,-7,0,0.18861311946654735
asinh_saldo,16,23,-7,1,0.34920495304068044
asinh_saldo,16,24,-7,2,0.3321595634932256
asinh_saldo,16,25,-7,3,0.3703145113356933
asinh_saldo,16,26,-7,4,0.3325372890031267
asinh_saldo,16,27,-7,5,0.3659189290830305
asinh_saldo,16,28,-7,6,0.37807351712416964
asinh_saldo,16,29,-7,7,0.36327089412064106
asinh_saldo,16,30,-7,8,0.41603659210110916
asinh_saldo,16,31,-7,9,0.3800657030042065
asinh_saldo,16,32,-7,10,0.3055699889896388
asinh_saldo,16,33,-7,11,0.25555528136977923
asinh_saldo,16,34,-7,12,0.14948766664861304
asinh_saldo,16,35,-7,13,0.35229991252205867
asinh_saldo,16,36,-7,14,0.36132807567141656
asinh_saldo,16,37,-7,15,0.36008348476321556
asinh_saldo,16,38,-7,16,0.38194379464382644
asinh_saldo,16,39,-7,17,0.356750874453474
asinh_saldo,16,40,-7,18,0.34161289853474563
asinh_saldo,16,41,-7,19,0.3448292949280996
asinh_saldo,16,42,-7,20,0.35254679920412985
asinh_saldo,16,43,-7,21,0.377340098229674
asinh_saldo,16,44,-7,22,0.2964762698768014
asinh_saldo,16,45,-7,23,0.20595514358770248
asinh_saldo,17,0,-6,-23,0.3823999544181283
asinh_saldo,17,1,-6,-22,0.36473663556193014
asinh_saldo,17,2,-6,-21,0.3844871413607247
asinh_saldo,17,3,-6,-20,0.33952411910534674
asinh_saldo,17,4,-6,-19,0.4041264563855877
asinh_saldo,17,5,-6,-18,0.4187436035940058
asinh_saldo,17,6,-6,-17,0.40595958775262536
asinh_saldo,17,7,-6,-16,0.3800686402146974
asinh_saldo,17,8,-6,-15,0.36028224415226834
asinh_saldo,17,9,-6,-14,0.34578403171562827
asinh_saldo,17,10,-6,-13,0.33626006023125427
asinh_saldo,17,11,-6,-12,0.2453999619098211
asinh_saldo,17,12,-6,-11,0.35642637599065763
asinh_saldo,17,13,-6,-10,0.4132550279872603
asinh_saldo,17,14,-6,-9,0.40219921972860406
asinh_saldo,17,15,-6,-8,0.37141528954611147
asinh_saldo,17,16,-6,-7,0.3813658401428505
asinh_saldo,17,17,-6,-6,0.5071679204447971
asinh_saldo,17,18,-6,-5,0.40446941735039926
asinh_saldo,17,19,-6,-4,0.40596279034414634
asinh_saldo,17,20,-6,-3,0.3859120671153837
asinh_saldo,17,21,-6,-2,0.30420452821928784
asinh_saldo,17,22,-6,0,0.2187422123132869
asinh_saldo,17,23,-6,1,0.36636448557944296
asinh_saldo,17,24,-6,2,0.3680141950488951
asinh_saldo,17,25,-6,3,0.41861501581372335
asinh_saldo,17,26,-6,4,0.3509519209879204
asinh_saldo,17,27,-6,5,0.37430600840207984
asinh_saldo,17,28,-6,6,0.3920934770894534
asinh_saldo,17,29,-6,7,0.3612745171791711
asinh_saldo,17,30,-6,8,0.4240199949413334
asinh_saldo,17,31,-6,9,0.41988694819836936
asinh_saldo,17,32,-6,10,0.35647975996608716
asinh_saldo,17,33,-6,11,0.32143541619696187
asinh_saldo,17,34,-6,12,0.1936366529808372
asinh_saldo,17,35,-6,13,0.4075050596577171
asinh_saldo,17,36,-6,14,0.41178283240624836
asinh_saldo,17,37,-6,15,0.4061069451741937
asinh_saldo,17,38,-6,16,0.3878295270103495
asinh_saldo,17,39,-6,17,0.37175702370761526
asinh_saldo,17,40,-6,18,0.393864920629189
asinh_saldo,17,41,-6,19,0.3659577369305187
asinh_saldo,17,42,-6,20,0.43955973390565695
asinh_saldo,17,43,-6,21,0.397733137662901
asinh_saldo,17,44,-6,22,0.3465028252560076
asinh_saldo,17,45,-6,23,0.29522815090997107
asinh_saldo,18,0,-5,-23,0.4027156327869553
asinh_saldo,18,1,-5,-22,0.3499266779772341
asinh_saldo,18,2,-5,-21,0.37942278884498887
asinh_saldo,18,3,-5,-20,0.3315081677120904
asinh_saldo,18,4,-5,-19,0.38500197382014784
asinh_saldo,18,5,-5,-18,0.3978563488882261
asinh_saldo,18,6,-5,-17,0.3995937022887206
asinh_saldo,18,7,-5,-16,0.3685401273687218
asinh_saldo,18,8,-5,-15,0.3535655105220592
asinh_saldo,18,9,-5,-14,0.34997422548203044
asinh_saldo,18,10,-5,-13,0.3221996962239786
asinh_saldo,18,11,-5,-12,0.2741566006008922
asinh_saldo,18,12,-5,-11,0.3691384959946155
asinh_saldo,18,13,-5,-10,0.382525890227217
asinh_saldo,18,14,-5,-9,0.43729970677516833
asinh_saldo,18,15,-5,-8,0.37758368306535556
asinh_saldo,18,16,-5,-7,0.3926563165146763
asinh_saldo,18,17,-5,-6,0.4044694173503984
asinh_saldo,18,18,-5,-5,0.5591408317205179
asinh_saldo,18,19,-5,-4,0.44486975448784843
asinh_saldo,18,20,-5,-3,0.3965392461404995
asinh_saldo,18,21,-5,-2,0.24114048186238976
asinh_saldo,18,22,-5,0,0.24071943128513307
asinh_saldo,18,23,-5,1,0.3558841083235317
asinh_saldo,18,24,-5,2,0.3533583565073698
asinh_saldo,18,25,-5,3,0.4102323230728913
asinh_saldo,18,26,-5,4,0.37225396838850605
asinh_saldo,18,27,-5,5,0.3734874495270515
asinh_saldo,18,28,-5,6,0.42032846437059534
asinh_saldo,18,29,-5,7,0.4418768256275462
asinh_saldo,18,30,-5,8,0.4647422865384626
asinh_saldo,18,31,-5,9,0.42207233866807753
asinh_saldo,18,32,-5,10,0.3423716008712513
asinh_saldo,18,33,-5,11,0.32123839138406457
asinh_saldo,18,34,-5,12,0.2539596233640219
asinh_saldo,18,35,-5,13,0.4070288837920522
asinh_saldo,18,36,-5,14,0.3984625240163538
asinh_saldo,18,37,-5,15,0.42892926348498434
asinh_saldo,18,38,-5,16,0.425318869521386
asinh_saldo,18,39,-5,17,0.41792092385404855
asinh_saldo,18,40,-5,18,0.41049482739865284
asinh_saldo,18,41,-5,19,0.43197036330419086
asinh_saldo,18,42,-5,20,0.40651700037734806
asinh_saldo,18,43,-5,21,0.43829049372002166
asinh_saldo,18,44,-5,22,0.347195856160566
asinh_saldo,18,45,-5,23,0.310461085862537
asinh_saldo,19,0,-4,-23,0.406483786400959
asinh_saldo,19,1,-4,-22,0.3742976740668013
asinh_saldo,19,2,-4,-21,0.4294907385005611
asinh_saldo,19,3,-4,-20,0.3622108445455442
asinh_saldo,19,4,-4,-19,0.4346419110174489
asinh_saldo,19,5,-4,-18,0.44445672786619067
asinh_saldo,19,6,-4,-17,0.3948543350368613
asinh_saldo,19,7,-4,-16,0.4153167372998202
asinh_saldo,19,8,-4,-15,0.4300825474994825
asinh_saldo,19,9,-4,-14,0.3626028009600873
asinh_saldo,19,10,-4,-13,0.3866747570748733
asinh_saldo,19,11,-4,-12,0.2686425820196473
asinh_saldo,19,12,-4,-11,0.45875832478034684
asinh_saldo,19,13,-4,-10,0.45691225495675614
asinh_saldo,19,14,-4,-9,0.4831929870277247
asinh_saldo,19,15,-4,-8,0.40969526903002973
asinh_saldo,19,16,-4,-7,0.43578400142176354
asinh_saldo,19,17,-4,-6,0.4059627903441455
asinh_saldo,19,18,-4,-5,0.4448697544878485
asinh_saldo,19,19,-4,-4,0.6078899110366418
asinh_saldo,19,20,-4,-3,0.4745557720501744
asinh_saldo,19,21,-4,-2,0.3065545071229468
asinh_saldo,19,22,-4,0,0.25220524304703884
asinh_saldo,19,23,-4,1,0.3965060630963313
asinh_saldo,19,24,-4,2,0.39821117126264205
asinh_saldo,19,25,-4,3,0.466592283396129
asinh_saldo,19,26,-4,4,0.4047682518224796
asinh_saldo,19,27,-4,5,0.43970150355050086
asinh_saldo,19,28,-4,6,0.43262058510178736
asinh_saldo,19,29,-4,7,0.4543241734198353
asinh_saldo,19,30,-4,8,0.48810262230065765
asinh_saldo,19,31,-4,9,0.461857066637761
asinh_saldo,19,32,-4,10,0.39316888484351653
asinh_saldo,19,33,-4,11,0.32165697647518554
asinh_saldo,19,34,-4,12,0.237021826764798
asinh_saldo,19,35,-4,13,0.4567126977858589
asinh_saldo,19,36,-4,14,0.4107628023847893
asinh_saldo,19,37,-4,15,0.4329916786666145
asinh_saldo,19,38,-4,16,0.4667351161974903
asinh_saldo,19,39,-4,17,0.42920027771346414
asinh_saldo,19,40,-4,18,0.39699741805457056
asinh_saldo,19,41,-4,19,0.421578285153759
asinh_saldo,19,42,-4,20,0.4690889048590795
asinh_saldo,19,43,-4,21,0.4732406280405016
asinh_saldo,19,44,-4,22,0.36652059336602355
asinh_saldo,19,45,-4,23,0.2683886545808631
asinh_saldo,20,0,-3,-23,0.3846733729706119
asinh_saldo,20,1,-3,-22,0.356102044785112
asinh_saldo,20,2,-3,-21,0.4145549764258715
asinh_saldo,20,3,-3,-20,0.35203244999153765
asinh_saldo,20,4,-3,-19,0.41369185300489814
asinh_saldo,20,5,-3,-18,0.41938565746810746
asinh_saldo,20,6,-3,-17,0.3644156855026776
asinh_saldo,20,7,-3,-16,0.4311755798983067
asinh_saldo,20,8,-3,-15,0.3982946612639566
asinh_saldo,20,9,-3,-14,0.32838776473271686
asinh_saldo,20,10,-3,-13,0.3386411640524207
asinh_saldo,20,11,-3,-12,0.25350691180699947
asinh_saldo,20,12,-3,-11,0.3937249399482118
asinh_saldo,20,13,-3,-10,0.41639950924293656
asinh_saldo,20,14,-3,-9,0.45385521398467404
asinh_saldo,20,15,-3,-8,0.381314226679435
asinh_saldo,20,16,-3,-7,0.4086094345603019
asinh_saldo,20,17,-3,-6,0.38591206711538295
asinh_saldo,20,18,-3,-5,0.3965392461404993
asinh_saldo,20,19,-3,-4,0.4745557720501746
asinh_saldo,20,20,-3,-3,0.6205291655486789
asinh_saldo,20,21,-3,-2,0.30776643639394763
asinh_saldo,20,22,-3,0,0.2208051502073951
asinh_saldo,20,23,-3,1,0.3551001480208681
asinh_saldo,20,24,-3,2,0.35527027481808693
asinh_saldo,20,25,-3,3,0.43802125688251653
asinh_saldo,20,26,-3,4,0.39300496199641066
asinh_saldo,20,27,-3,5,0.40480581641143587
asinh_saldo,20,28,-3,6,0.42216082627358475
asinh_saldo,20,29,-3,7,0.4138382426751471
asinh_saldo,20,30,-3,8,0.4367049653835476
asinh_saldo,20,31,-3,9,0.45732545546003145
asinh_saldo,20,32,-3,10,0.32932175982695666
asinh_saldo,20,33,-3,11,0.2895917223132197
asinh_saldo,20,34,-3,12,0.23405343773559628
asinh_saldo,20,35,-3,13,0.39249791808188395
asinh_saldo,20,36,-3,14,0.37629194464197196
asinh_saldo,20,37,-3,15,0.42754157973027834
asinh_saldo,20,38,-3,16,0.43896039316897645
asinh_saldo,20,39,-3,17,0.4377532293031225
asinh_saldo,20,40,-3,18,0.3498048472968928
asinh_saldo,20,41,-3,19,0.3838874061198531
asinh_saldo,20,42,-3,20,0.42850010970450847
asinh_saldo,20,43,-3,21,0.40905768867730946
asinh_saldo,20,44,-3,22,0.279315261366825
asinh_saldo,20,45,-3,23,0.23806129834463605
asinh_saldo,21,0,-2,-23,0.28231513161940464
asinh_saldo,21,1,-2,-22,0.2678389297355026
asinh_saldo,21,2,-2,-21,0.2972436188994243
asinh_saldo,21,3,-2,-20,0.29648405138203754
asinh_saldo,21,4,-2,-19,0.28867044730989355
asinh_saldo,21,5,-2,-18,0.2891839498909623
asinh_saldo,21,6,-2,-17,0.27490170328802904
asinh_saldo,21,7,-2,-16,0.3123478531330451
asinh_saldo,21,8,-2,-15,0.28535192082606475
asinh_saldo,21,9,-2,-14,0.2595995755038528
asinh_saldo,21,10,-2,-13,0.27529411426688416
asinh_saldo,21,11,-2,-12,0.2300970728684646
asinh_saldo,21,12,-2,-11,0.32317627047091346
asinh_saldo,21,13,-2,-10,0.29028748862973314
asinh_saldo,21,14,-2,-9,0.29497225521566794
asinh_saldo,21,15,-2,-8,0.2788883338594272
asinh_saldo,21,16,-2,-7,0.27586069785980244
asinh_saldo,21,17,-2,-6,0.304204528219288
asinh_saldo,21,18,-2,-5,0.2411404818623909
asinh_saldo,21,19,-2,-4,0.3065545071229482
asinh_saldo,21,20,-2,-3,0.30776643639394935
asinh_saldo,21,21,-2,-2,0.4264613808134353
asinh_saldo,21,22,-2,0,0.19592754636130208
asinh_saldo,21,23,-2,1,0.2774814655524499
asinh_saldo,21,24,-2,2,0.2795800994302718
asinh_saldo,21,25,-2,3,0.2951496145215313
asinh_saldo,21,26,-2,4,0.26925064441908403
asinh_saldo,21,27,-2,5,0.2735417924058429
asinh_saldo,21,28,-2,6,0.2886211587980666
asinh_saldo,21,29,-2,7,0.2554111167210189
asinh_saldo,21,30,-2,8,0.3110439257435389
asinh_saldo,21,31,-2,9,0.3681540734940441
asinh_saldo,21,32,-2,10,0.31587017496173075
asinh_saldo,21,33,-2,11,0.2803405411067827
asinh_saldo,21,34,-2,12,0.18210836979560097
asinh_saldo,21,35,-2,13,0.31962932139261235
asinh_saldo,21,36,-2,14,0.3094350352844002
asinh_saldo,21,37,-2,15,0.2677268053569052
asinh_saldo,21,38,-2,16,0.26627120223271983
asinh_saldo,21,39,-2,17,0.24853193869235968
asinh_saldo,21,40,-2,18,0.2782824549582689
asinh_saldo,21,41,-2,19,0.24831506323716715
asinh_saldo,21,42,-2,20,0.3154894654985024
asinh_saldo,21,43,-2,21,0.2958597618714043
asinh_saldo,21,44,-2,22,0.272782735306652
asinh_saldo,21,45,-2,23,0.21431010846483298
asinh_saldo,22,0,0,-23,0.2760490463670672
asinh_saldo,22,1,0,-22,0.19179491110520724
asinh_saldo,22,2,0,-21,0.2218710869652982
asinh_saldo,22,3,0,-20,0.2364327126853781
asinh_saldo,22,4,0,-19,0.23861481255342182
asinh_saldo,22,5,0,-18,0.27419237638121957
asinh_saldo,22,6,0,-17,0.2538091750689073
asinh_saldo,22,7,0,-16,0.2641607075104431
asinh_saldo,22,8,0,-15,0.24141822345850802
asinh_saldo,22,9,0,-14,0.20952402601117392
asinh_saldo,22,10,0,-13,0.2341186132507488
asinh_saldo,22,11,0,-12,0.47526720065226336
asinh_saldo,22,12,0,-11,0.30624899892504204
asinh_saldo,22,13,0,-10,0.24186531937116365
asinh_saldo,22,14,0,-9,0.2526488050667451
asinh_saldo,22,15,0,-8,0.23850320698408628
asinh_saldo,22,16,0,-7,0.18861311946655096
asinh_saldo,22,17,0,-6,0.21874221231328914
asinh_saldo,22,18,0,-5,0.24071943128513676
asinh_saldo,22,19,0,-4,0.25220524304704267
asinh_saldo,22,20,0,-3,0.220805150207399
asinh_saldo,22,21,0,-2,0.19592754636130505
asinh_saldo,22,22,0,0,0.5616658002177178
asinh_saldo,22,23,0,1,0.2292250303905322
asinh_saldo,22,24,0,2,0.22331191490485888
asinh_saldo,22,25,0,3,0.32220823379189567
asinh_saldo,22,26,0,4,0.3020675354089301
asinh_saldo,22,27,0,5,0.34306647882586166
asinh_saldo,22,28,0,6,0.3776922711031357
asinh_saldo,22,29,0,7,0.3358591326232953
asinh_saldo,22,30,0,8,0.3429379618343273
asinh_saldo,22,31,0,9,0.33836437626090654
asinh_saldo,22,32,0,10,0.31051074594077616
asinh_saldo,22,33,0,11,0.3211566325850843
asinh_saldo,22,34,0,12,0.4905644762646293
asinh_saldo,22,35,0,13,0.32527705989827027
asinh_saldo,22,36,0,14,0.29466184624080255
asinh_saldo,22,37,0,15,0.34508952853538066
asinh_saldo,22,38,0,16,0.3551266932486761
asinh_saldo,22,39,0,17,0.3643219544336824
asinh_saldo,22,40,0,18,0.33702078399118135
asinh_saldo,22,41,0,19,0.3028925564499017
asinh_saldo,22,42,0,20,0.3147828028649769
asinh_saldo,22,43,0,21,0.3014251250892171
asinh_saldo,22,44,0,22,0.31680130242875726
asinh_saldo,22,45,0,23,0.30996207689775956
asinh_saldo,23,0,1,-23,0.44016774908493933
asinh_saldo,23,1,1,-22,0.39814043230180196
asinh_saldo,23,2,1,-21,0.46154881772717626
asinh_saldo,23,3,1,-20,0.4445432422646491
asinh_saldo,23,4,1,-19,0.3678469207077337
asinh_saldo,23,5,1,-18,0.3668790341282529
asinh_saldo,23,6,1,-17,0.3229989068475611
asinh_saldo,23,7,1,-16,0.32443624956956124
asinh_saldo,23,8,1,-15,0.27956164126770383
asinh_saldo,23,9,1,-14,0.27522755354688694
asinh_saldo,23,10,1,-13,0.275163163064296
asinh_saldo,23,11,1,-12,0.26008601387613395
asinh_saldo,23,12,1,-11,0.5191260163310719
asinh_saldo,23,13,1,-10,0.4900985682746667
asinh_saldo,23,14,1,-9,0.48758220014800063
asinh_saldo,23,15,1,-8,0.3689881115377251
asinh_saldo,23,16,1,-7,0.34920495304068155
asinh_saldo,23,17,1,-6,0.3663644855794427
asinh_saldo,23,18,1,-5,0.3558841083235333
asinh_saldo,23,19,1,-4,0.3965060630963325
asinh_saldo,23,20,1,-3,0.3551001480208694
asinh_saldo,23,21,1,-2,0.2774814655524504
asinh_saldo,23,22,1,0,0.22922503039052974
asinh_saldo,23,23,1,1,0.6488383257450875
asinh_saldo,23,24,1,2,0.49335129400934497
asinh_saldo,23,25,1,3,0.4186031974725943
asinh_saldo,23,26,1,4,0.3422235887166993
asinh_saldo,23,27,1,5,0.3544591665800325
asinh_saldo,23,28,1,6,0.36363818533850173
asinh_saldo,23,29,1,7,0.35387965585955344
asinh_saldo,23,30,1,8,0.4017321066856708
asinh_saldo,23,31,1,9,0.3807656574869286
asinh_saldo,23,32,1,10,0.31955912301903333
asinh_saldo,23,33,1,11,0.2731257548599574
asinh_saldo,23,34,1,12,0.19939227464951076
asinh_saldo,23,35,1,13,0.5144456016698542
asinh_saldo,23,36,1,14,0.41451735491443115
asinh_saldo,23,37,1,15,0.41534384277403547
asinh_saldo,23,38,1,16,0.39424047362302916
asinh_saldo,23,39,1,17,0.3594247914665715
asinh_saldo,23,40,1,18,0.3394462027213352
asinh_saldo,23,41,1,19,0.36958168300173105
asinh_saldo,23,42,1,20,0.3796390075276559
asinh_saldo,23,43,1,21,0.40036710717962065
asinh_saldo,23,44,1,22,0.31689630577872785
asinh_saldo,23,45,1,23,0.23972017007811372
asinh_saldo,24,0,2,-23,0.4243054637933582
asinh_saldo,24,1,2,-22,0.42888801956845823
asinh_saldo,24,2,2,-21,0.45356458750159545
asinh_saldo,24,3,2,-20,0.4000422154211044
asinh_saldo,24,4,2,-19,0.36054416802605727
asinh_saldo,24,5,2,-18,0.354442626387257
asinh_saldo,24,6,2,-17,0.32876311212133413
asinh_saldo,24,7,2,-16,0.34071612350399894
asinh_saldo,24,8,2,-15,0.29475576377976387
asinh_saldo,24,9,2,-14,0.28706570528209335
asinh_saldo,24,10,2,-13,0.28129569238319474
asinh_saldo,24,11,2,-12,0.2321424824368639
asinh_saldo,24,12,2,-11,0.4630761536593201
asinh_saldo,24,13,2,-10,0.4960032802786717
asinh_saldo,24,14,2,-9,0.45801136394967673
asinh_saldo,24,15,2,-8,0.3688484001786945
asinh_saldo,24,16,2,-7,0.33215956349322645
asinh_saldo,24,17,2,-6,0.368014195048895
asinh_saldo,24,18,2,-5,0.3533583565073707
asinh_saldo,24,19,2,-4,0.3982111712626431
asinh_saldo,24,20,2,-3,0.3552702748180879
asinh_saldo,24,21,2,-2,0.279580099430272
asinh_saldo,24,22,2,0,0.22331191490485605
asinh_saldo,24,23,2,1,0.4933512940093447
asinh_saldo,24,24,2,2,0.7285984619230991
asinh_saldo,24,25,2,3,0.5857066938727484
asinh_saldo,24,26,2,4,0.45150190494064046
asinh_saldo,24,27,2,5,0.46264545938477963
asinh_saldo,24,28,2,6,0.46766769107334877
asinh_saldo,24,29,2,7,0.4349017227861242
asinh_saldo,24,30,2,8,0.5008658259557623
asinh_saldo,24,31,2,9,0.45053695149963785
asinh_saldo,24,32,2,10,0.3926422151063108
asinh_saldo,24,33,2,11,0.3458895308467732
asinh_saldo,24,34,2,12,0.24605232560886942
asinh_saldo,24,35,2,13,0.522417110678768
asinh_saldo,24,36,2,14,0.5321990971474044
asinh_saldo,24,37,2,15,0.4947803353045959
asinh_saldo,24,38,2,16,0.4887603436744481
asinh_saldo,24,39,2,17,0.4346350844326551
asinh_saldo,24,40,2,18,0.42709029196419157
asinh_saldo,24,41,2,19,0.468055603838007
asinh_saldo,24,42,2,20,0.4936949794178681
asinh_saldo,24,43,2,21,0.4454195697991896
asinh_saldo,24,44,2,22,0.37900025341997934
asinh_saldo,24,45,2,23,0.33987430347832925
asinh_saldo,25,0,3,-23,0.38349021846757564
asinh_saldo,25,1,3,-22,0.3589068550363143
asinh_saldo,25,2,3,-21,0.4041301126026601
asinh_saldo,25,3,3,-20,0.36581398913705576
asinh_saldo,25,4,3,-19,0.4272282318508161
asinh_saldo,25,5,3,-18,0.40896807648830075
asinh_saldo,25,6,3,-17,0.3659257928417762
asinh_saldo,25,7,3,-16,0.39502164424957636
asinh_saldo,25,8,3,-15,0.3802802440587634
asinh_saldo,25,9,3,-14,0.35497711511868557
asinh_saldo,25,10,3,-13,0.3473392836142255
asinh_saldo,25,11,3,-12,0.32882800143398366
asinh_saldo,25,12,3,-11,0.4161605087655136
asinh_saldo,25,13,3,-10,0.4904071405765726
asinh_saldo,25,14,3,-9,0.4637186805832178
asinh_saldo,25,15,3,-8,0.3943969217124869
asinh_saldo,25,16,3,-7,0.3703145113356932
asinh_saldo,25,17,3,-6,0.4186150158137237
asinh_saldo,25,18,3,-5,0.4102323230728926
asinh_saldo,25,19,3,-4,0.4665922833961306
asinh_saldo,25,20,3,-3,0.4380212568825175
asinh_saldo,25,21,3,-2,0.2951496145215312
asinh_saldo,25,22,3,0,0.3222082337918933
asinh_saldo,25,23,3,1,0.41860319747259356
asinh_saldo,25,24,3,2,0.5857066938727473
asinh_saldo,25,25,3,3,0.8151550483538851
asinh_saldo,25,26,3,4,0.5969831056390029
asinh_saldo,25,27,3,5,0.6322214395719864
asinh_saldo,25,28,3,6,0.5961564734426922
asinh_saldo,25,29,3,7,0.5546272701325006
asinh_saldo,25,30,3,8,0.6182650780113709
asinh_saldo,25,31,3,9,0.5866434017796016
asinh_saldo,25,32,3,10,0.5136160822865755
asinh_saldo,25,33,3,11,0.4962112391567499
asinh_saldo,25,34,3,12,0.35779993124605464
asinh_saldo,25,35,3,13,0.5316763738544263
asinh_saldo,25,36,3,14,0.6296462459948994
asinh_saldo,25,37,3,15,0.6213841510697443
asinh_saldo,25,38,3,16,0.622830164790583
asinh_saldo,25,39,3,17,0.5939587116407316
asinh_saldo,25,40,3,18,0.5312304071681817
asinh_saldo,25,41,3,19,0.4833578471911156
asinh_saldo,25,42,3,20,0.5679769052421955
asinh_saldo,25,43,3,21,0.5242382720217644
asinh_saldo,25,44,3,22,0.4840739810061201
asinh_saldo,25,45,3,23,0.46442304995592043
asinh_saldo,26,0,4,-23,0.38385591867466395
asinh_saldo,26,1,4,-22,0.3502945334486376
asinh_saldo,26,2,4,-21,0.41216472713071156
asinh_saldo,26,3,4,-20,0.3628222930198209
asinh_saldo,26,4,4,-19,0.3810884464753599
asinh_saldo,26,5,4,-18,0.3476222241463735
asinh_saldo,26,6,4,-17,0.3187114681049399
asinh_saldo,26,7,4,-16,0.34935250375987936
asinh_saldo,26,8,4,-15,0.3465400932654787
asinh_saldo,26,9,4,-14,0.3061990712398012
asinh_saldo,26,10,4,-13,0.3028854126338197
asinh_saldo,26,11,4,-12,0.3334058608380402
asinh_saldo,26,12,4,-11,0.41620790669271696
asinh_saldo,26,13,4,-10,0.454251767137329
asinh_saldo,26,14,4,-9,0.45098863179576226
asinh_saldo,26,15,4,-8,0.4071575933331812
asinh_saldo,26,16,4,-7,0.33253728900312896
asinh_saldo,26,17,4,-6,0.35095192098792205
asinh_saldo,26,18,4,-5,0.37225396838850805
asinh_saldo,26,19,4,-4,0.40476825182248233
asinh_saldo,26,20,4,-3,0.39300496199641316
asinh_saldo,26,21,4,-2,0.26925064441908575
asinh_saldo,26,22,4,0,0.30206753540892883
asinh_saldo,26,23,4,1,0.3422235887167009
asinh_saldo,26,24,4,2,0.4515019049406419
asinh_saldo,26,25,4,3,0.5969831056390046
asinh_saldo,26,26,4,4,0.6957592180021983
asinh_saldo,26,27,4,5,0.5970279531692977
asinh_saldo,26,28,4,6,0.5569431510438357
asinh_saldo,26,29,4,7,0.5374201113246041
asinh_saldo,26,30,4,8,0.5831533105603377
asinh_saldo,26,31,4,9,0.5451257238294777
asinh_saldo,26,32,4,10,0.49801120394425447
asinh_saldo,26,33,4,11,0.4043067335394253
asinh_saldo,26,34,4,12,0.35076184375308195
asinh_saldo,26,35,4,13,0.5270765312422911
asinh_saldo,26,36,4,14,0.5677845514172154
asinh_saldo,26,37,4,15,0.5682225917550829
asinh_saldo,26,38,4,16,0.5901401504494428
asinh_saldo,26,39,4,17,0.5602088155833992
asinh_saldo,26,40,4,18,0.49613126388381024
asinh_saldo,26,41,4,19,0.44817199483125275
asinh_saldo,26,42,4,20,0.5281368975020151
asinh_saldo,26,43,4,21,0.5599303994588313
asinh_saldo,26,44,4,22,0.46264054009531935
asinh_saldo,26,45,4,23,0.4193658187700416
asinh_saldo,27,0,5,-23,0.3739182040950737
asinh_saldo,27,1,5,-22,0.34284232020029365
asinh_saldo,27,2,5,-21,0.3763149313292116
asinh_saldo,27,3,5,-20,0.36104502850331627
asinh_saldo,27,4,5,-19,0.36997285836244126
asinh_saldo,27,5,5,-18,0.3811260690230796
asinh_saldo,27,6,5,-17,0.33919157061829774
asinh_saldo,27,7,5,-16,0.35764844474297647
asinh_saldo,27,8,5,-15,0.37032695770161345
asinh_saldo,27,9,5,-14,0.31931189362165396
asinh_saldo,27,10,5,-13,0.3330059331989611
asinh_saldo,27,11,5,-12,0.35328411658369313
asinh_saldo,27,12,5,-11,0.3874366973207565
asinh_saldo,27,13,5,-10,0.4711691857005775
asinh_saldo,27,14,5,-9,0.4455059284081918
asinh_saldo,27,15,5,-8,0.40778385513643284
asinh_saldo,27,16,5,-7,0.36591892908303497
asinh_saldo,27,17,5,-6,0.3743060084020834
asinh_saldo,27,18,5,-5,0.37348744952705626
asinh_saldo,27,19,5,-4,0.4397015035505053
asinh_saldo,27,20,5,-3,0.4048058164114407
asinh_saldo,27,21,5,-2,0.2735417924058464
asinh_saldo,27,22,5,0,0.34306647882586194
asinh_saldo,27,23,5,1,0.3544591665800358
asinh_saldo,27,24,5,2,0.46264545938478296
asinh_saldo,27,25,5,3,0.63222143957199
asinh_saldo,27,26,5,4,0.5970279531692995
asinh_saldo,27,27,5,5,0.7711314491353526
asinh_saldo,27,28,5,6,0.5850377055924239
asinh_saldo,27,29,5,7,0.5498074999690789
asinh_saldo,27,30,5,8,0.5949967793020008
asinh_saldo,27,31,5,9,0.5739505391076868
asinh_saldo,27,32,5,10,0.5100089152905372
asinh_saldo,27,33,5,11,0.46367529189099255
asinh_saldo,27,34,5,12,0.35269718595085076
asinh_saldo,27,35,5,13,0.5105332251827122
asinh_saldo,27,36,5,14,0.5960396898178516
asinh_saldo,27,37,5,15,0.5949485939419736
asinh_saldo,27,38,5,16,0.6193450130415253
asinh_saldo,27,39,5,17,0.5855877422092577
asinh_saldo,27,40,5,18,0.5282282905127546
asinh_saldo,27,41,5,19,0.4848860893394467
asinh_saldo,27,42,5,20,0.5603838987008565
asinh_saldo,27,43,5,21,0.5313908065390381
asinh_saldo,27,44,5,22,0.4870571153934058
asinh_saldo,27,45,5,23,0.43476761555548704
asinh_saldo,28,0,6,-23,0.47126989551058107
asinh_saldo,28,1,6,-22,0.39895847897585873
asinh_saldo,28,2,6,-21,0.46259040248419586
asinh_saldo,28,3,6,-20,0.4269070840800303
asinh_saldo,28,4,6,-19,0.43154121432301745
asinh_saldo,28,5,6,-18,0.4775269978283852
asinh_saldo,28,6,6,-17,0.40396622142068406
asinh_saldo,28,7,6,-16,0.42545874987887633
asinh_saldo,28,8,6,-15,0.4246323256754404
asinh_saldo,28,9,6,-14,0.3359457464021621
asinh_saldo,28,10,6,-13,0.3725167220468882
asinh_saldo,28,11,6,-12,0.3929455939674568
asinh_saldo,28,12,6,-11,0.4455447920405358
asinh_saldo,28,13,6,-10,0.4357869284455211
asinh_saldo,28,14,6,-9,0.433343562792711
asinh_saldo,28,15,6,-8,0.36413383844329
asinh_saldo,28,16,6,-7,0.37807351712417053
asinh_saldo,28,17,6,-6,0.392093477089453
asinh_saldo,28,18,6,-5,0.4203284643705969
asinh_saldo,28,19,6,-4,0.4326205851017886
asinh_saldo,28,20,6,-3,0.42216082627358614
asinh_saldo,28,21,6,-2,0.2886211587980677
asinh_saldo,28,22,6,0,0.3776922711031334
asinh_saldo,28,23,6,1,0.36363818533850173
asinh_saldo,28,24,6,2,0.4676676910733488
asinh_saldo,28,25,6,3,0.5961564734426934
asinh_saldo,28,26,6,4,0.5569431510438352
asinh_saldo,28,27,6,5,0.5850377055924205
asinh_saldo,28,28,6,6,0.8283488120877677
asinh_saldo,28,29,6,7,0.6493172448885517
asinh_saldo,28,30,6,8,0.6036683034779347
asinh_saldo,28,31,6,9,0.6113331753294602
asinh_saldo,28,32,6,10,0.5665202016619048
asinh_saldo,28,33,6,11,0.5430299647443159
asinh_saldo,28,34,6,12,0.3979116123832614
asinh_saldo,28,35,6,13,0.5708815285164579
asinh_saldo,28,36,6,14,0.5679973127756874
asinh_saldo,28,37,6,15,0.5585773650220572
asinh_saldo,28,38,6,16,0.6172442370381926
asinh_saldo,28,39,6,17,0.5999998002052012
asinh_saldo,28,40,6,18,0.6299884190037712
asinh_saldo,28,41,6,19,0.5678207259553741
asinh_saldo,28,42,6,20,0.5984906572305125
asinh_saldo,28,43,6,21,0.5246546226943049
asinh_saldo,28,44,6,22,0.5130766109057966
asinh_saldo,28,45,6,23,0.48560518776457806
asinh_saldo,29,0,7,-23,0.4302369639080534
asinh_saldo,29,1,7,-22,0.350339517011288
asinh_saldo,29,2,7,-21,0.44450743074830135
asinh_saldo,29,3,7,-20,0.39096203989016287
asinh_saldo,29,4,7,-19,0.4103486362861266
asinh_saldo,29,5,7,-18,0.4116157920509488
asinh_saldo,29,6,7,-17,0.39676613518096027
asinh_saldo,29,7,7,-16,0.3874755855002664
asinh_saldo,29,8,7,-15,0.38155776022187027
asinh_saldo,29,9,7,-14,0.30815051460938425
asinh_saldo,29,10,7,-13,0.34177749227616994
asinh_saldo,29,11,7,-12,0.3590710132623948
asinh_saldo,29,12,7,-11,0.41399596238596104
asinh_saldo,29,13,7,-10,0.42213683119314793
asinh_saldo,29,14,7,-9,0.4382509132097479
asinh_saldo,29,15,7,-8,0.36110320908180965
asinh_saldo,29,16,7,-7,0.3632708941206456
asinh_saldo,29,17,7,-6,0.3612745171791751
asinh_saldo,29,18,7,-5,0.4418768256275512
asinh_saldo,29,19,7,-4,0.45432417341984105
asinh_saldo,29,20,7,-3,0.41383824267515246
asinh_saldo,29,21,7,-2,0.25541111672102285
asinh_saldo,29,22,7,0,0.3358591326232964
asinh_saldo,29,23,7,1,0.35387965585955766
asinh_saldo,29,24,7,2,0.4349017227861278
asinh_saldo,29,25,7,3,0.5546272701325045
asinh_saldo,29,26,7,4,0.5374201113246067
asinh_saldo,29,27,7,5,0.5498074999690796
asinh_saldo,29,28,7,6,0.6493172448885557
asinh_saldo,29,29,7,7,0.7167962372953661
asinh_saldo,29,30,7,8,0.5772297623454821
asinh_saldo,29,31,7,9,0.5684794571488003
asinh_saldo,29,32,7,10,0.516225917473704
asinh_saldo,29,33,7,11,0.48336508136605744
asinh_saldo,29,34,7,12,0.37483155877330643
asinh_saldo,29,35,7,13,0.5140899596210772
asinh_saldo,29,36,7,14,0.5121034425467055
asinh_saldo,29,37,7,15,0.5026111813601836
asinh_saldo,29,38,7,16,0.565130788623822
asinh_saldo,29,39,7,17,0.5451020035352888
asinh_saldo,29,40,7,18,0.5706308095423587
asinh_saldo,29,41,7,19,0.5558425453262535
asinh_saldo,29,42,7,20,0.5360276726692117
asinh_saldo,29,43,7,21,0.5416579762284279
asinh_saldo,29,44,7,22,0.4708437423774619
asinh_saldo,29,45,7,23,0.4203238865589037
asinh_saldo,30,0,8,-23,0.40407961455252356
asinh_saldo,30,1,8,-22,0.38515080425706766
asinh_saldo,30,2,8,-21,0.42830910631315183
asinh_saldo,30,3,8,-20,0.3820598832656575
asinh_saldo,30,4,8,-19,0.42870978591708087
asinh_saldo,30,5,8,-18,0.4266439869671021
asinh_saldo,30,6,8,-17,0.4011645533048864
asinh_saldo,30,7,8,-16,0.4213036804751656
asinh_saldo,30,8,8,-15,0.3793843726042436
asinh_saldo,30,9,8,-14,0.36197764408645067
asinh_saldo,30,10,8,-13,0.37710089875720415
asinh_saldo,30,11,8,-12,0.3687216895407939
asinh_saldo,30,12,8,-11,0.4171352041784953
asinh_saldo,30,13,8,-10,0.5087739580884546
asinh_saldo,30,14,8,-9,0.5141802265129513
asinh_saldo,30,15,8,-8,0.453452120823822
asinh_saldo,30,16,8,-7,0.41603659210111105
asinh_saldo,30,17,8,-6,0.4240199949413348
asinh_saldo,30,18,8,-5,0.4647422865384649
asinh_saldo,30,19,8,-4,0.48810262230066004
asinh_saldo,30,20,8,-3,0.43670496538354997
asinh_saldo,30,21,8,-2,0.3110439257435415
asinh_saldo,30,22,8,0,0.34293796183432607
asinh_saldo,30,23,8,1,0.40173210668567205
asinh_saldo,30,24,8,2,0.5008658259557642
asinh_saldo,30,25,8,3,0.6182650780113733
asinh_saldo,30,26,8,4,0.583153310560338
asinh_saldo,30,27,8,5,0.5949967793019998
asinh_saldo,30,28,8,6,0.6036683034779357
asinh_saldo,30,29,8,7,0.5772297623454796
asinh_saldo,30,30,8,8,0.7572939557848287
asinh_saldo,30,31,8,9,0.6267999319091202
asinh_saldo,30,32,8,10,0.5182060444013682
asinh_saldo,30,33,8,11,0.495374689129335
asinh_saldo,30,34,8,12,0.36860127932904685
asinh_saldo,30,35,8,13,0.5490008548202043
asinh_saldo,30,36,8,14,0.6041833824522453
asinh_saldo,30,37,8,15,0.604016472091395
asinh_saldo,30,38,8,16,0.6288171411105472
asinh_saldo,30,39,8,17,0.5874727854122286
asinh_saldo,30,40,8,18,0.5360844916991684
asinh_saldo,30,41,8,19,0.49992613411984915
asinh_saldo,30,42,8,20,0.6156757031876656
asinh_saldo,30,43,8,21,0.5977270365117523
asinh_saldo,30,44,8,22,0.4958917622615951
asinh_saldo,30,45,8,23,0.4340678784391286
asinh_saldo,31,0,9,-23,0.4811268072545916
asinh_saldo,31,1,9,-22,0.4575072478056095
asinh_saldo,31,2,9,-21,0.4846354415887749
asinh_saldo,31,3,9,-20,0.46169993748029975
asinh_saldo,31,4,9,-19,0.4807922428709808
asinh_saldo,31,5,9,-18,0.4592028811612721
asinh_saldo,31,6,9,-17,0.41840043097211127
asinh_saldo,31,7,9,-16,0.4527566763454133
asinh_saldo,31,8,9,-15,0.44850261401426444
asinh_saldo,31,9,9,-14,0.3896462605387061
asinh_saldo,31,10,9,-13,0.4082948867206848
asinh_saldo,31,11,9,-12,0.3864966052431616
asinh_saldo,31,12,9,-11,0.43145772189930803
asinh_saldo,31,13,9,-10,0.4716257612130815
asinh_saldo,31,14,9,-9,0.4610697423229198
asinh_saldo,31,15,9,-8,0.40326310172509217
asinh_saldo,31,16,9,-7,0.3800657030042085
asinh_saldo,31,17,9,-6,0.41988694819837014
asinh_saldo,31,18,9,-5,0.4220723386680796
asinh_saldo,31,19,9,-4,0.46185706663776316
asinh_saldo,31,20,9,-3,0.45732545546003334
asinh_saldo,31,21,9,-2,0.36815407349404505
asinh_saldo,31,22,9,0,0.33836437626090476
asinh_saldo,31,23,9,1,0.3807656574869292
asinh_saldo,31,24,9,2,0.4505369514996387
asinh_saldo,31,25,9,3,0.5866434017796035
asinh_saldo,31,26,9,4,0.5451257238294778
asinh_saldo,31,27,9,5,0.573950539107684
asinh_saldo,31,28,9,6,0.6113331753294616
asinh_saldo,31,29,9,7,0.5684794571487978
asinh_saldo,31,30,9,8,0.62679993190912
asinh_saldo,31,31,9,9,0.8128831136530374
asinh_saldo,31,32,9,10,0.5957218368569643
asinh_saldo,31,33,9,11,0.5249730564823443
asinh_saldo,31,34,9,12,0.4157184448137021
asinh_saldo,31,35,9,13,0.6010834031139491
asinh_saldo,31,36,9,14,0.6240850702096238
asinh_saldo,31,37,9,15,0.596848716700365
asinh_saldo,31,38,9,16,0.610810070295607
asinh_saldo,31,39,9,17,0.5849683552852327
asinh_saldo,31,40,9,18,0.5637359752990019
asinh_saldo,31,41,9,19,0.47740048266175583
asinh_saldo,31,42,9,20,0.6244418912625813
asinh_saldo,31,43,9,21,0.5757716751868047
asinh_saldo,31,44,9,22,0.564488037316954
asinh_saldo,31,45,9,23,0.47171700988480075
asinh_saldo,32,0,10,-23,0.4063347441277232
asinh_saldo,32,1,10,-22,0.35432291921816195
asinh_saldo,32,2,10,-21,0.41147879301551527
asinh_saldo,32,3,10,-20,0.3769102118240901
asinh_saldo,32,4,10,-19,0.37568681138893023
asinh_saldo,32,5,10,-18,0.36293021414645804
asinh_saldo,32,6,10,-17,0.34955254890557436
asinh_saldo,32,7,10,-16,0.3507997477580152
asinh_saldo,32,8,10,-15,0.36964069438387265
asinh_saldo,32,9,10,-14,0.35368205446689466
asinh_saldo,32,10,10,-13,0.3526092797642927
asinh_saldo,32,11,10,-12,0.3367382680690059
asinh_saldo,32,12,10,-11,0.39507158569197987
asinh_saldo,32,13,10,-10,0.3964731639062621
asinh_saldo,32,14,10,-9,0.37310160590317426
asinh_saldo,32,15,10,-8,0.33615862745537645
asinh_saldo,32,16,10,-7,0.30556998898964227
asinh_saldo,32,17,10,-6,0.35647975996609055
asinh_saldo,32,18,10,-5,0.3423716008712551
asinh_saldo,32,19,10,-4,0.3931688848435205
asinh_saldo,32,20,10,-3,0.3293217598269614
asinh_saldo,32,21,10,-2,0.3158701749617337
asinh_saldo,32,22,10,0,0.31051074594077627
asinh_saldo,32,23,10,1,0.31955912301903633
asinh_saldo,32,24,10,2,0.39264221510631375
asinh_saldo,32,25,10,3,0.5136160822865783
asinh_saldo,32,26,10,4,0.4980112039442559
asinh_saldo,32,27,10,5,0.510008915290537
asinh_saldo,32,28,10,6,0.5665202016619076
asinh_saldo,32,29,10,7,0.5162259174737026
asinh_saldo,32,30,10,8,0.5182060444013707
asinh_saldo,32,31,10,9,0.595721836856966
asinh_saldo,32,32,10,10,0.6696407613426579
asinh_saldo,32,33,10,11,0.489836329756329
asinh_saldo,32,34,10,12,0.3260451557112486
asinh_saldo,32,35,10,13,0.5221815731796272
asinh_saldo,32,36,10,14,0.5408352614531055
asinh_saldo,32,37,10,15,0.5245831943011701
asinh_saldo,32,38,10,16,0.5092192884508865
asinh_saldo,32,39,10,17,0.4673231654426775
asinh_saldo,32,40,10,18,0.5476878625805108
asinh_saldo,32,41,10,19,0.477697410900934
asinh_saldo,32,42,10,20,0.5338690191816985
asinh_saldo,32,43,10,21,0.5229479161256497
asinh_saldo,32,44,10,22,0.5408533710122001
asinh_saldo,32,45,10,23,0.43863565227827
asinh_saldo,33,0,11,-23,0.3550979634427562
asinh_saldo,33,1,11,-22,0.2971139801784134
asinh_saldo,33,2,11,-21,0.3178004958426459
asinh_saldo,33,3,11,-20,0.3045000147928052
asinh_saldo,33,4,11,-19,0.32693581807671585
asinh_saldo,33,5,11,-18,0.342684514379417
asinh_saldo,33,6,11,-17,0.3439798839856598
asinh_saldo,33,7,11,-16,0.3337080013899598
asinh_saldo,33,8,11,-15,0.3059909420374925
asinh_saldo,33,9,11,-14,0.30867240849569855
asinh_saldo,33,10,11,-13,0.34941765951975506
asinh_saldo,33,11,11,-12,0.3599009307679165
asinh_saldo,33,12,11,-11,0.26296000535682895
asinh_saldo,33,13,11,-10,0.3414224016947342
asinh_saldo,33,14,11,-9,0.33024925224295854
asinh_saldo,33,15,11,-8,0.28653596758043903
asinh_saldo,33,16,11,-7,0.255555281369783
asinh_saldo,33,17,11,-6,0.3214354161969643
asinh_saldo,33,18,11,-5,0.32123839138406884
asinh_saldo,33,19,11,-4,0.3216569764751899
asinh_saldo,33,20,11,-3,0.28959172231322355
asinh_saldo,33,21,11,-2,0.28034054110678547
asinh_saldo,33,22,11,0,0.32115663258508476
asinh_saldo,33,23,11,1,0.2731257548599597
asinh_saldo,33,24,11,2,0.34588953084677615
asinh_saldo,33,25,11,3,0.49621123915675275
asinh_saldo,33,26,11,4,0.4043067335394266
asinh_saldo,33,27,11,5,0.46367529189099155
asinh_saldo,33,28,11,6,0.5430299647443185
asinh_saldo,33,29,11,7,0.48336508136605677
asinh_saldo,33,30,11,8,0.4953746891293367
asinh_saldo,33,31,11,9,0.5249730564823462
asinh_saldo,33,32,11,10,0.48983632975632907
asinh_saldo,33,33,11,11,0.6364050846146427
asinh_saldo,33,34,11,12,0.3629868731191221
asinh_saldo,33,35,11,13,0.44888686253318294
asinh_saldo,33,36,11,14,0.48459635635210413
asinh_saldo,33,37,11,15,0.4453307792612672
asinh_saldo,33,38,11,16,0.483328214958341
asinh_saldo,33,39,11,17,0.43381326813081755
asinh_saldo,33,40,11,18,0.49700640062556645
asinh_saldo,33,41,11,19,0.4360736756336281
asinh_saldo,33,42,11,20,0.5140835357236914
asinh_saldo,33,43,11,21,0.4144332065125697
asinh_saldo,33,44,11,22,0.460692525930231
asinh_saldo,33,45,11,23,0.48525262057162283
asinh_saldo,34,0,12,-23,0.33208748775439223
asinh_saldo,34,1,12,-22,0.254722823910522
asinh_saldo,34,2,12,-21,0.2722844572392783
asinh_saldo,34,3,12,-20,0.26195708909212856
asinh_saldo,34,4,12,-19,0.2535803750111423
asinh_saldo,34,5,12,-18,0.27085682269738054
asinh_saldo,34,6,12,-17,0.24850653335503267
asinh_saldo,34,7,12,-16,0.2762427769397619
asinh_saldo,34,8,12,-15,0.25234800889640047
asinh_saldo,34,9,12,-14,0.22070936580960307
asinh_saldo,34,10,12,-13,0.2438061464696342
asinh_saldo,34,11,12,-12,0.49517387102268917
asinh_saldo,34,12,12,-11,0.2809426600126314
asinh_saldo,34,13,12,-10,0.22667131516803635
asinh_saldo,34,14,12,-9,0.24183254659336495
asinh_saldo,34,15,12,-8,0.23862495816612458
asinh_saldo,34,16,12,-7,0.14948766664861587
asinh_saldo,34,17,12,-6,0.193636652980839
asinh_saldo,34,18,12,-5,0.253959623364025
asinh_saldo,34,19,12,-4,0.23702182676480157
asinh_saldo,34,20,12,-3,0.2340534377355997
asinh_saldo,34,21,12,-2,0.18210836979560252
asinh_saldo,34,22,12,0,0.4905644762646286
asinh_saldo,34,23,12,1,0.19939227464951245
asinh_saldo,34,24,12,2,0.246052325608871
asinh_saldo,34,25,12,3,0.3577999312460564
asinh_saldo,34,26,12,4,0.35076184375308267
asinh_saldo,34,27,12,5,0.3526971859508495
asinh_saldo,34,28,12,6,0.3979116123832632
asinh_saldo,34,29,12,7,0.374831558773304
asinh_saldo,34,30,12,8,0.3686012793290473
asinh_saldo,34,31,12,9,0.415718444813703
asinh_saldo,34,32,12,10,0.326045155711247
asinh_saldo,34,33,12,11,0.36298687311912176
asinh_saldo,34,34,12,12,0.6664554930662748
asinh_saldo,34,35,12,13,0.37377608723677724
asinh_saldo,34,36,12,14,0.377450553567659
asinh_saldo,34,37,12,15,0.3656723306106299
asinh_saldo,34,38,12,16,0.3926445476728422
asinh_saldo,34,39,12,17,0.403040229263125
asinh_saldo,34,40,12,18,0.36900400709801784
asinh_saldo,34,41,12,19,0.3126227945859475
asinh_saldo,34,42,12,20,0.3475997523835957
asinh_saldo,34,43,12,21,0.33110019085702497
asinh_saldo,34,44,12,22,0.3445138665783181
asinh_saldo,34,45,12,23,0.3529636120452939
asinh_saldo,35,0,13,-23,0.5983652619179213
asinh_saldo,35,1,13,-22,0.5216764573675386
asinh_saldo,35,2,13,-21,0.5608115102812458
asinh_saldo,35,3,13,-20,0.5457682260894374
asinh_saldo,35,4,13,-19,0.4514801258218319
asinh_saldo,35,5,13,-18,0.4814573501502367
asinh_saldo,35,6,13,-17,0.42627520963442805
asinh_saldo,35,7,13,-16,0.45368898589533396
asinh_saldo,35,8,13,-15,0.45463776642164044
asinh_saldo,35,9,13,-14,0.4057082894315997
asinh_saldo,35,10,13,-13,0.3848789392751762
asinh_saldo,35,11,13,-12,0.352725955350129
asinh_saldo,35,12,13,-11,0.6209568778020143
asinh_saldo,35,13,13,-10,0.5492955278266792
asinh_saldo,35,14,13,-9,0.5279958355316193
asinh_saldo,35,15,13,-8,0.39847366945048907
asinh_saldo,35,16,13,-7,0.35229991252206005
asinh_saldo,35,17,13,-6,0.4075050596577175
asinh_saldo,35,18,13,-5,0.40702888379205415
asinh_saldo,35,19,13,-4,0.45671269778586043
asinh_saldo,35,20,13,-3,0.39249791808188517
asinh_saldo,35,21,13,-2,0.31962932139261285
asinh_saldo,35,22,13,0,0.3252770598982687
asinh_saldo,35,23,13,1,0.5144456016698545
asinh_saldo,35,24,13,2,0.5224171106787687
asinh_saldo,35,25,13,3,0.5316763738544273
asinh_saldo,35,26,13,4,0.52707653124229
asinh_saldo,35,27,13,5,0.5105332251827084
asinh_saldo,35,28,13,6,0.570881528516458
asinh_saldo,35,29,13,7,0.514089959621073
asinh_saldo,35,30,13,8,0.5490008548202033
asinh_saldo,35,31,13,9,0.6010834031139479
asinh_saldo,35,32,13,10,0.5221815731796242
asinh_saldo,35,33,13,11,0.4488868625331802
asinh_saldo,35,34,13,12,0.37377608723677547
asinh_saldo,35,35,13,13,0.8770704796618742
asinh_saldo,35,36,13,14,0.6549258107279322
asinh_saldo,35,37,13,15,0.61248891014421
asinh_saldo,35,38,13,16,0.6002737011977579
asinh_saldo,35,39,13,17,0.5606621569345291
asinh_saldo,35,40,13,18,0.5379398318882846
asinh_saldo,35,41,13,19,0.5010901247655528
asinh_saldo,35,42,13,20,0.5754729598492536
asinh_saldo,35,43,13,21,0.5579210339619384
asinh_saldo,35,44,13,22,0.56102447683006
asinh_saldo,35,45,13,23,0.457493648065084
asinh_saldo,36,0,14,-23,0.5028420023695269
asinh_saldo,36,1,14,-22,0.48930589455405066
asinh_saldo,36,2,14,-21,0.5285208786714601
asinh_saldo,36,3,14,-20,0.4739636066686492
asinh_saldo,36,4,14,-19,0.42809940090761905
asinh_saldo,36,5,14,-18,0.419515610701623
asinh_saldo,36,6,14,-17,0.4179234389668129
asinh_saldo,36,7,14,-16,0.41203286851340465
asinh_saldo,36,8,14,-15,0.4161316429692305
asinh_saldo,36,9,14,-14,0.4085494593397315
asinh_saldo,36,10,14,-13,0.36231400748806514
asinh_saldo,36,11,14,-12,0.3340095824686157
asinh_saldo,36,12,14,-11,0.45759973797258857
asinh_saldo,36,13,14,-10,0.5686915042411598
asinh_saldo,36,14,14,-9,0.49418917009590535
asinh_saldo,36,15,14,-8,0.3792899134131785
asinh_saldo,36,16,14,-7,0.3613280756714173
asinh_saldo,36,17,14,-6,0.41178283240624847
asinh_saldo,36,18,14,-5,0.39846252401635507
asinh_saldo,36,19,14,-4,0.41076280238479024
asinh_saldo,36,20,14,-3,0.3762919446419732
asinh_saldo,36,21,14,-2,0.3094350352844004
asinh_saldo,36,22,14,0,0.29466184624080066
asinh_saldo,36,23,14,1,0.4145173549144309
asinh_saldo,36,24,14,2,0.532199097147405
asinh_saldo,36,25,14,3,0.6296462459948997
asinh_saldo,36,26,14,4,0.5677845514172134
asinh_saldo,36,27,14,5,0.5960396898178478
asinh_saldo,36,28,14,6,0.5679973127756877
asinh_saldo,36,29,14,7,0.5121034425467009
asinh_saldo,36,30,14,8,0.6041833824522441
asinh_saldo,36,31,14,9,0.6240850702096228
asinh_saldo,36,32,14,10,0.5408352614531022
asinh_saldo,36,33,14,11,0.4845963563521012
asinh_saldo,36,34,14,12,0.37745055356765694
asinh_saldo,36,35,14,13,0.6549258107279315
asinh_saldo,36,36,14,14,0.8679038409751414
asinh_saldo,36,37,14,15,0.6512304506676971
asinh_saldo,36,38,14,16,0.6307804296518185
asinh_saldo,36,39,14,17,0.584387802543062
asinh_saldo,36,40,14,18,0.5880370923571476
asinh_saldo,36,41,14,19,0.4628530740685272
asinh_saldo,36,42,14,20,0.5794522122596489
asinh_saldo,36,43,14,21,0.5560114635798382
asinh_saldo,36,44,14,22,0.5567801413184286
asinh_saldo,36,45,14,23,0.504545920396917
asinh_saldo,37,0,15,-23,0.41855680545183055
asinh_saldo,37,1,15,-22,0.39253400690064
asinh_saldo,37,2,15,-21,0.4180438506276479
asinh_saldo,37,3,15,-20,0.3815818270084504
asinh_saldo,37,4,15,-19,0.384359866890249
asinh_saldo,37,5,15,-18,0.4098437479112157
asinh_saldo,37,6,15,-17,0.37160119909196293
asinh_saldo,37,7,15,-16,0.39556690156880114
asinh_saldo,37,8,15,-15,0.3883972847501465
asinh_saldo,37,9,15,-14,0.3689451894752611
asinh_saldo,37,10,15,-13,0.3180200333455672
asinh_saldo,37,11,15,-12,0.37546617423468953
asinh_saldo,37,12,15,-11,0.435400351419169
asinh_saldo,37,13,15,-10,0.51272005200377
asinh_saldo,37,14,15,-9,0.47553046579949293
asinh_saldo,37,15,15,-8,0.3947242320621856
asinh_saldo,37,16,15,-7,0.3600834847632176
asinh_saldo,37,17,15,-6,0.40610694517419454
asinh_saldo,37,18,15,-5,0.42892926348498706
asinh_saldo,37,19,15,-4,0.4329916786666177
asinh_saldo,37,20,15,-3,0.42754157973028095
asinh_saldo,37,21,15,-2,0.26772680535690646
asinh_saldo,37,22,15,0,0.3450895285353802
asinh_saldo,37,23,15,1,0.41534384277403674
asinh_saldo,37,24,15,2,0.49478033530459636
asinh_saldo,37,25,15,3,0.6213841510697454
asinh_saldo,37,26,15,4,0.5682225917550838
asinh_saldo,37,27,15,5,0.5949485939419717
asinh_saldo,37,28,15,6,0.5585773650220586
asinh_saldo,37,29,15,7,0.5026111813601817
asinh_saldo,37,30,15,8,0.6040164720913944
asinh_saldo,37,31,15,9,0.5968487167003661
asinh_saldo,37,32,15,10,0.5245831943011691
asinh_saldo,37,33,15,11,0.4453307792612665
asinh_saldo,37,34,15,12,0.36567233061063004
asinh_saldo,37,35,15,13,0.6124889101442115
asinh_saldo,37,36,15,14,0.6512304506676988
asinh_saldo,37,37,15,15,0.7875989759227345
asinh_saldo,37,38,15,16,0.6360907874032878
asinh_saldo,37,39,15,17,0.6144733803964136
asinh_saldo,37,40,15,18,0.538505435976862
asinh_saldo,37,41,15,19,0.5045179679279923
asinh_saldo,37,42,15,20,0.5982798709936408
asinh_saldo,37,43,15,21,0.5702391491029579
asinh_saldo,37,44,15,22,0.5490112049340853
asinh_saldo,37,45,15,23,0.48135131927168784
asinh_saldo,38,0,16,-23,0.43374090956375305
asinh_saldo,38,1,16,-22,0.38069892717332526
asinh_saldo,38,2,16,-21,0.44333624752177003
asinh_saldo,38,3,16,-20,0.40490226135143065
asinh_saldo,38,4,16,-19,0.4187632653629765
asinh_saldo,38,5,16,-18,0.444025602778332
asinh_saldo,38,6,16,-17,0.3625455314758538
asinh_saldo,38,7,16,-16,0.3862309235617858
asinh_saldo,38,8,16,-15,0.41332956394548054
asinh_saldo,38,9,16,-14,0.3284697257991961
asinh_saldo,38,10,16,-13,0.3538719743214977
asinh_saldo,38,11,16,-12,0.3548853006979594
asinh_saldo,38,12,16,-11,0.4664508572773907
asinh_saldo,38,13,16,-10,0.5166585740130355
asinh_saldo,38,14,16,-9,0.49009452403525694
asinh_saldo,38,15,16,-8,0.42726419380251063
asinh_saldo,38,16,16,-7,0.3819437946438294
asinh_saldo,38,17,16,-6,0.38782952701035184
asinh_saldo,38,18,16,-5,0.4253188695213891
asinh_saldo,38,19,16,-4,0.4667351161974933
asinh_saldo,38,20,16,-3,0.4389603931689797
asinh_saldo,38,21,16,-2,0.2662712022327229
asinh_saldo,38,22,16,0,0.35512669324867585
asinh_saldo,38,23,16,1,0.394240473623031
asinh_saldo,38,24,16,2,0.4887603436744503
asinh_saldo,38,25,16,3,0.6228301647905851
asinh_saldo,38,26,16,4,0.5901401504494432
asinh_saldo,38,27,16,5,0.6193450130415231
asinh_saldo,38,28,16,6,0.617244237038195
asinh_saldo,38,29,16,7,0.56513078862382
asinh_saldo,38,30,16,8,0.628817141110548
asinh_saldo,38,31,16,9,0.6108100702956082
asinh_saldo,38,32,16,10,0.5092192884508854
asinh_saldo,38,33,16,11,0.48332821495834044
asinh_saldo,38,34,16,12,0.39264454767284185
asinh_saldo,38,35,16,13,0.6002737011977598
asinh_saldo,38,36,16,14,0.6307804296518202
asinh_saldo,38,37,16,15,0.6360907874032877
asinh_saldo,38,38,16,16,0.7900528912433686
asinh_saldo,38,39,16,17,0.6430881140495212
asinh_saldo,38,40,16,18,0.5772493701036233
asinh_saldo,38,41,16,19,0.5018088996534116
asinh_saldo,38,42,16,20,0.5959235385042717
asinh_saldo,38,43,16,21,0.5745324068988086
asinh_saldo,38,44,16,22,0.5072221187114537
asinh_saldo,38,45,16,23,0.47333902477200485
asinh_saldo,39,0,17,-23,0.3979218039296193
asinh_saldo,39,1,17,-22,0.34840546419468754
asinh_saldo,39,2,17,-21,0.420048416473376
asinh_saldo,39,3,17,-20,0.3961632125716733
asinh_saldo,39,4,17,-19,0.3923525144065646
asinh_saldo,39,5,17,-18,0.4067043718241569
asinh_saldo,39,6,17,-17,0.3346071468969529
asinh_saldo,39,7,17,-16,0.3716932850846109
asinh_saldo,39,8,17,-15,0.37150293916824995
asinh_saldo,39,9,17,-14,0.33135229308940445
asinh_saldo,39,10,17,-13,0.3138896382180794
asinh_saldo,39,11,17,-12,0.4054824579458782
asinh_saldo,39,12,17,-11,0.42303316236723926
asinh_saldo,39,13,17,-10,0.4518354672268417
asinh_saldo,39,14,17,-9,0.4789208159104449
asinh_saldo,39,15,17,-8,0.3743674440553586
asinh_saldo,39,16,17,-7,0.3567508744534761
asinh_saldo,39,17,17,-6,0.3717570237076169
asinh_saldo,39,18,17,-5,0.4179209238540513
asinh_saldo,39,19,17,-4,0.42920027771346725
asinh_saldo,39,20,17,-3,0.4377532293031255
asinh_saldo,39,21,17,-2,0.24853193869236087
asinh_saldo,39,22,17,0,0.36432195443368254
asinh_saldo,39,23,17,1,0.3594247914665735
asinh_saldo,39,24,17,2,0.43463508443265625
asinh_saldo,39,25,17,3,0.5939587116407331
asinh_saldo,39,26,17,4,0.5602088155834001
asinh_saldo,39,27,17,5,0.5855877422092561
asinh_saldo,39,28,17,6,0.5999998002052025
asinh_saldo,39,29,17,7,0.5451020035352868
asinh_saldo,39,30,17,8,0.5874727854122289
asinh_saldo,39,31,17,9,0.584968355285233
asinh_saldo,39,32,17,10,0.4673231654426762
asinh_saldo,39,33,17,11,0.43381326813081666
asinh_saldo,39,34,17,12,0.40304022926312444
asinh_saldo,39,35,17,13,0.5606621569345305
asinh_saldo,39,36,17,14,0.5843878025430641
asinh_saldo,39,37,17,15,0.6144733803964133
asinh_saldo,39,38,17,16,0.6430881140495214
asinh_saldo,39,39,17,17,0.7648699372793352
asinh_saldo,39,40,17,18,0.5724522500621126
asinh_saldo,39,41,17,19,0.4880664592991577
asinh_saldo,39,42,17,20,0.5958412992049905
asinh_saldo,39,43,17,21,0.5476246092590771
asinh_saldo,39,44,17,22,0.5034492049562677
asinh_saldo,39,45,17,23,0.47513176936040075
asinh_saldo,40,0,18,-23,0.44650925212011344
asinh_saldo,40,1,18,-22,0.3740183559423216
asinh_saldo,40,2,18,-21,0.440245067394679
asinh_saldo,40,3,18,-20,0.4347769572913754
asinh_saldo,40,4,18,-19,0.39543424832049534
asinh_saldo,40,5,18,-18,0.4151874771061825
asinh_saldo,40,6,18,-17,0.4075198258890648
asinh_saldo,40,7,18,-16,0.3610911428956918
asinh_saldo,40,8,18,-15,0.37582725826258784
asinh_saldo,40,9,18,-14,0.3494627705448246
asinh_saldo,40,10,18,-13,0.32532154234584015
asinh_saldo,40,11,18,-12,0.3659594773294906
asinh_saldo,40,12,18,-11,0.3877825679960473
asinh_saldo,40,13,18,-10,0.4254517169102648
asinh_saldo,40,14,18,-9,0.3984932931160766
asinh_saldo,40,15,18,-8,0.3501002337692626
asinh_saldo,40,16,18,-7,0.34161289853474874
asinh_saldo,40,17,18,-6,0.39386492062919104
asinh_saldo,40,18,18,-5,0.41049482739865656
asinh_saldo,40,19,18,-4,0.39699741805457406
asinh_saldo,40,20,18,-3,0.349804847296896
asinh_saldo,40,21,18,-2,0.2782824549582715
asinh_saldo,40,22,18,0,0.33702078399118096
asinh_saldo,40,23,18,1,0.3394462027213378
asinh_saldo,40,24,18,2,0.4270902919641934
asinh_saldo,40,25,18,3,0.531230407168184
asinh_saldo,40,26,18,4,0.49613126388381107
asinh_saldo,40,27,18,5,0.5282282905127532
asinh_saldo,40,28,18,6,0.6299884190037739
asinh_saldo,40,29,18,7,0.5706308095423569
asinh_saldo,40,30,18,8,0.5360844916991696
asinh_saldo,40,31,18,9,0.563735975299003
asinh_saldo,40,32,18,10,0.5476878625805096
asinh_saldo,40,33,18,11,0.4970064006255659
asinh_saldo,40,34,18,12,0.3690040070980177
asinh_saldo,40,35,18,13,0.537939831888287
asinh_saldo,40,36,18,14,0.5880370923571498
asinh_saldo,40,37,18,15,0.5385054359768625
asinh_saldo,40,38,18,16,0.5772493701036232
asinh_saldo,40,39,18,17,0.5724522500621131
asinh_saldo,40,40,18,18,0.7151214042276679
asinh_saldo,40,41,18,19,0.544255462893564
asinh_saldo,40,42,18,20,0.581151220722583
asinh_saldo,40,43,18,21,0.536423762116777
asinh_saldo,40,44,18,22,0.5571237400062421
asinh_saldo,40,45,18,23,0.5187500403759268
asinh_saldo,41,0,19,-23,0.45416652771738714
asinh_saldo,41,1,19,-22,0.3874664151790812
asinh_saldo,41,2,19,-21,0.4637315794560587
asinh_saldo,41,3,19,-20,0.38728474306088745
asinh_saldo,41,4,19,-19,0.3872053785012059
asinh_saldo,41,5,19,-18,0.3857497744971055
asinh_saldo,41,6,19,-17,0.39731476475240823
asinh_saldo,41,7,19,-16,0.3760070375575914
asinh_saldo,41,8,19,-15,0.3626385177582936
asinh_saldo,41,9,19,-14,0.34252227876449937
asinh_saldo,41,10,19,-13,0.2995441053942676
asinh_saldo,41,11,19,-12,0.32711424195756833
asinh_saldo,41,12,19,-11,0.4007536109354508
asinh_saldo,41,13,19,-10,0.3994880382568565
asinh_saldo,41,14,19,-9,0.40700063661632446
asinh_saldo,41,15,19,-8,0.33693848746795185
asinh_saldo,41,16,19,-7,0.3448292949281024
asinh_saldo,41,17,19,-6,0.365957736930521
asinh_saldo,41,18,19,-5,0.431970363304194
asinh_saldo,41,19,19,-4,0.42157828515376244
asinh_saldo,41,20,19,-3,0.38388740611985633
asinh_saldo,41,21,19,-2,0.24831506323716857
asinh_saldo,41,22,19,0,0.3028925564499007
asinh_saldo,41,23,19,1,0.36958168300173244
asinh_saldo,41,24,19,2,0.46805560383800837
asinh_saldo,41,25,19,3,0.4833578471911172
asinh_saldo,41,26,19,4,0.44817199483125314
asinh_saldo,41,27,19,5,0.4848860893394447
asinh_saldo,41,28,19,6,0.5678207259553762
asinh_saldo,41,29,19,7,0.5558425453262507
asinh_saldo,41,30,19,8,0.49992613411984954
asinh_saldo,41,31,19,9,0.47740048266175666
asinh_saldo,41,32,19,10,0.4776974109009329
asinh_saldo,41,33,19,11,0.4360736756336272
asinh_saldo,41,34,19,12,0.3126227945859477
asinh_saldo,41,35,19,13,0.5010901247655539
asinh_saldo,41,36,19,14,0.4628530740685283
asinh_saldo,41,37,19,15,0.5045179679279922
asinh_saldo,41,38,19,16,0.5018088996534112
asinh_saldo,41,39,19,17,0.488066459299158
asinh_saldo,41,40,19,18,0.5442554628935635
asinh_saldo,41,41,19,19,0.7175524947458531
asinh_saldo,41,42,19,20,0.5397476543014446
asinh_saldo,41,43,19,21,0.5061678460374724
asinh_saldo,41,44,19,22,0.4411375765459622
asinh_saldo,41,45,19,23,0.4204899605102585
asinh_saldo,42,0,20,-23,0.4339971308344469
asinh_saldo,42,1,20,-22,0.446576279635892
asinh_saldo,42,2,20,-21,0.47096327733595217
asinh_saldo,42,3,20,-20,0.3778394085483085
asinh_saldo,42,4,20,-19,0.421107493558841
asinh_saldo,42,5,20,-18,0.4507483169875098
asinh_saldo,42,6,20,-17,0.4007995390292984
asinh_saldo,42,7,20,-16,0.4207231239538046
asinh_saldo,42,8,20,-15,0.4102911391344045
asinh_saldo,42,9,20,-14,0.370431402923785
asinh_saldo,42,10,20,-13,0.36742025809685847
asinh_saldo,42,11,20,-12,0.3388953886948664
asinh_saldo,42,12,20,-11,0.4106402780356544
asinh_saldo,42,13,20,-10,0.4613918126117416
asinh_saldo,42,14,20,-9,0.469118439901274
asinh_saldo,42,15,20,-8,0.39418047110798904
asinh_saldo,42,16,20,-7,0.352546799204133
asinh_saldo,42,17,20,-6,0.43955973390565894
asinh_saldo,42,18,20,-5,0.4065170003773512
asinh_saldo,42,19,20,-4,0.4690889048590824
asinh_saldo,42,20,20,-3,0.42850010970451163
asinh_saldo,42,21,20,-2,0.3154894654985041
asinh_saldo,42,22,20,0,0.314782802864977
asinh_saldo,42,23,20,1,0.3796390075276582
asinh_saldo,42,24,20,2,0.49369497941787016
asinh_saldo,42,25,20,3,0.5679769052421975
asinh_saldo,42,26,20,4,0.5281368975020163
asinh_saldo,42,27,20,5,0.5603838987008559
asinh_saldo,42,28,20,6,0.598490657230515
asinh_saldo,42,29,20,7,0.5360276726692103
asinh_saldo,42,30,20,8,0.615675703187667
asinh_saldo,42,31,20,9,0.6244418912625816
asinh_saldo,42,32,20,10,0.5338690191816978
asinh_saldo,42,33,20,11,0.5140835357236911
asinh_saldo,42,34,20,12,0.3475997523835954
asinh_saldo,42,35,20,13,0.5754729598492555
asinh_saldo,42,36,20,14,0.5794522122596515
asinh_saldo,42,37,20,15,0.5982798709936411
asinh_saldo,42,38,20,16,0.595923538504272
asinh_saldo,42,39,20,17,0.5958412992049908
asinh_saldo,42,40,20,18,0.5811512207225824
asinh_saldo,42,41,20,19,0.5397476543014446
asinh_saldo,42,42,20,20,0.8115181258010209
asinh_saldo,42,43,20,21,0.5847412378079321
asinh_saldo,42,44,20,22,0.566134126084786
asinh_saldo,42,45,20,23,0.49747937891787725
asinh_saldo,43,0,21,-23,0.41781957014458493
asinh_saldo,43,1,21,-22,0.3982857660047261
asinh_saldo,43,2,21,-21,0.4465465508556106
asinh_saldo,43,3,21,-20,0.3890423081097008
asinh_saldo,43,4,21,-19,0.41606007669283196
asinh_saldo,43,5,21,-18,0.41012982481589805
asinh_saldo,43,6,21,-17,0.3675814473596935
asinh_saldo,43,7,21,-16,0.3820856314850693
asinh_saldo,43,8,21,-15,0.3648764242302657
asinh_saldo,43,9,21,-14,0.3439794012517134
asinh_saldo,43,10,21,-13,0.33700565581148956
asinh_saldo,43,11,21,-12,0.32543117894629453
asinh_saldo,43,12,21,-11,0.45594283923020595
asinh_saldo,43,13,21,-10,0.4659272054615637
asinh_saldo,43,14,21,-9,0.48338614799356294
asinh_saldo,43,15,21,-8,0.44681364975521093
asinh_saldo,43,16,21,-7,0.37734009822967807
asinh_saldo,43,17,21,-6,0.3977331376629044
asinh_saldo,43,18,21,-5,0.4382904937200259
asinh_saldo,43,19,21,-4,0.47324062804050565
asinh_saldo,43,20,21,-3,0.4090576886773138
asinh_saldo,43,21,21,-2,0.29585976187140717
asinh_saldo,43,22,21,0,0.301425125089218
asinh_saldo,43,23,21,1,0.400367107179624
asinh_saldo,43,24,21,2,0.4454195697991928
asinh_saldo,43,25,21,3,0.5242382720217675
asinh_saldo,43,26,21,4,0.5599303994588334
asinh_saldo,43,27,21,5,0.531390806539038
asinh_saldo,43,28,21,6,0.5246546226943077
asinh_saldo,43,29,21,7,0.5416579762284267
asinh_saldo,43,30,21,8,0.5977270365117547
asinh_saldo,43,31,21,9,0.5757716751868062
asinh_saldo,43,32,21,10,0.5229479161256497
asinh_saldo,43,33,21,11,0.4144332065125703
asinh_saldo,43,34,21,12,0.3311001908570268
asinh_saldo,43,35,21,13,0.5579210339619411
asinh_saldo,43,36,21,14,0.556011463579841
asinh_saldo,43,37,21,15,0.5702391491029591
asinh_saldo,43,38,21,16,0.5745324068988094
asinh_saldo,43,39,21,17,0.5476246092590786
asinh_saldo,43,40,21,18,0.5364237621167769
asinh_saldo,43,41,21,19,0.5061678460374739
asinh_saldo,43,42,21,20,0.5847412378079327
asinh_saldo,43,43,21,21,0.702162128828445
asinh_saldo,43,44,21,22,0.49808146756583593
asinh_saldo,43,45,21,23,0.40155723252191217
asinh_saldo,44,0,22,-23,0.3802070747388571
asinh_saldo,44,1,22,-22,0.3441900058852173
asinh_saldo,44,2,22,-21,0.3976396098271765
asinh_saldo,44,3,22,-20,0.3651811406598534
asinh_saldo,44,4,22,-19,0.3556794039009905
asinh_saldo,44,5,22,-18,0.3717336295528649
asinh_saldo,44,6,22,-17,0.3430311487582762
asinh_saldo,44,7,22,-16,0.3364584822622446
asinh_saldo,44,8,22,-15,0.37477931387416463
asinh_saldo,44,9,22,-14,0.36258554081710276
asinh_saldo,44,10,22,-13,0.32285889827138653
asinh_saldo,44,11,22,-12,0.375082775654711
asinh_saldo,44,12,22,-11,0.3785044795682029
asinh_saldo,44,13,22,-10,0.4048922907162139
asinh_saldo,44,14,22,-9,0.37153906162995975
asinh_saldo,44,15,22,-8,0.30060512568455766
asinh_saldo,44,16,22,-7,0.29647626987680303
asinh_saldo,44,17,22,-6,0.34650282525600806
asinh_saldo,44,18,22,-5,0.3471958561605677
asinh_saldo,44,19,22,-4,0.3665205933660256
asinh_saldo,44,20,22,-3,0.2793152613668255
asinh_saldo,44,21,22,-2,0.27278273530665287
asinh_saldo,44,22,22,0,0.3168013024287561
asinh_saldo,44,23,22,1,0.3168963057787274
asinh_saldo,44,24,22,2,0.37900025341997995
asinh_saldo,44,25,22,3,0.48407398100612015
asinh_saldo,44,26,22,4,0.46264054009531874
asinh_saldo,44,27,22,5,0.4870571153934035
asinh_saldo,44,28,22,6,0.5130766109057965
asinh_saldo,44,29,22,7,0.4708437423774584
asinh_saldo,44,30,22,8,0.49589176226159365
asinh_saldo,44,31,22,9,0.5644880373169531
asinh_saldo,44,32,22,10,0.5408533710121979
asinh_saldo,44,33,22,11,0.46069252593022825
asinh_saldo,44,34,22,12,0.3445138665783169
asinh_saldo,44,35,22,13,0.5610244768300591
asinh_saldo,44,36,22,14,0.5567801413184282
asinh_saldo,44,37,22,15,0.5490112049340841
asinh_saldo,44,38,22,16,0.5072221187114522
asinh_saldo,44,39,22,17,0.5034492049562667
asinh_saldo,44,40,22,18,0.5571237400062387
asinh_saldo,44,41,22,19,0.4411375765459608
asinh_saldo,44,42,22,20,0.5661341260847843
asinh_saldo,44,43,22,21,0.49808146756583366
asinh_saldo,44,44,22,22,0.7079940561071115
asinh_saldo,44,45,22,23,0.5225901966329111
asinh_saldo,45,0,23,-23,0.36495797615978764
asinh_saldo,45,1,23,-22,0.2952318476427681
asinh_saldo,45,2,23,-21,0.3282537499641057
asinh_saldo,45,3,23,-20,0.3078115361472876
asinh_saldo,45,4,23,-19,0.2993326260101678
asinh_saldo,45,5,23,-18,0.2920616296215689
asinh_saldo,45,6,23,-17,0.315498836652836
asinh_saldo,45,7,23,-16,0.27399282748894843
asinh_saldo,45,8,23,-15,0.29247617222599953
asinh_saldo,45,9,23,-14,0.308391028239599
asinh_saldo,45,10,23,-13,0.26766536505105043
asinh_saldo,45,11,23,-12,0.34822285135154823
asinh_saldo,45,12,23,-11,0.2617706642172601
asinh_saldo,45,13,23,-10,0.32987267730038844
asinh_saldo,45,14,23,-9,0.2874416091604814
asinh_saldo,45,15,23,-8,0.23013396460979849
asinh_saldo,45,16,23,-7,0.20595514358770742
asinh_saldo,45,17,23,-6,0.29522815090997456
asinh_saldo,45,18,23,-5,0.31046108586254184
asinh_saldo,45,19,23,-4,0.2683886545808688
asinh_saldo,45,20,23,-3,0.23806129834464107
asinh_saldo,45,21,23,-2,0.21431010846483714
asinh_saldo,45,22,23,0,0.30996207689776134
asinh_saldo,45,23,23,1,0.23972017007811772
asinh_saldo,45,24,23,2,0.339874303478333
asinh_saldo,45,25,23,3,0.46442304995592404
asinh_saldo,45,26,23,4,0.41936581877004425
asinh_saldo,45,27,23,5,0.4347676155554877
asinh_saldo,45,28,23,6,0.4856051877645809
asinh_saldo,45,29,23,7,0.4203238865589029
asinh_saldo,45,30,23,8,0.4340678784391305
asinh_saldo,45,31,23,9,0.47171700988480286
asinh_saldo,45,32,23,10,0.4386356522782707
asinh_saldo,45,33,23,11,0.48525262057162427
asinh_saldo,45,34,23,12,0.3529636120452956
asinh_saldo,45,35,23,13,0.4574936480650865
asinh_saldo,45,36,23,14,0.5045459203969207
asinh_saldo,45,37,23,15,0.4813513192716885
asinh_saldo,45,38,23,16,0.47333902477200657
asinh_saldo,45,39,23,17,0.4751317693604026
asinh_saldo,45,40,23,18,0.5187500403759271
asinh_saldo,45,41,23,19,0.42048996051025994
asinh_saldo,45,42,23,20,0.49747937891787886
asinh_saldo,45,43,23,21,0.40155723252191255
asinh_saldo,45,44,23,22,0.5225901966329136
asinh_saldo,45,45,23,23,0.6390021731001032
