dimension,group_id,group_label,outcome,outcome_label,window_rule,scenario_role,role_label,t,path_status,mean_log_change,sd_log_change,se_log_change,n_cbo,path_index,ci_low,ci_high,power_status,treated_cbo,control_cbo
age_pnad,age_18_24,18–24 anos,ln_admissoes,Admissões (log),strict_no_tail_binning,treated,Exposed,-12,estimated,-0.2582703838338959,0.2399056577832867,0.0277019192202589,75,77.23863630846974,73.1567237461415,81.54830661216855,adequate,75,266
age_pnad,age_18_24,18–24 anos,ln_admissoes,Admissões (log),strict_no_tail_binning,treated,Exposed,-11,estimated,0.036344221758503,0.2425768219209338,0.028010358687043,75,103.70127474123728,98.1615022832852,109.55368584236452,adequate,75,266
age_pnad,age_18_24,18–24 anos,ln_admissoes,Admissões (log),strict_no_tail_binning,treated,Exposed,-10,estimated,0.0904924539506861,0.2501557174842244,0.0288854941657681,75,109.47132468503332,103.44572420837686,115.84790980974682,adequate,75,266
age_pnad,age_18_24,18–24 anos,ln_admissoes,Admissões (log),strict_no_tail_binning,treated,Exposed,-9,estimated,0.1153689502991402,0.1844714723388121,0.0213009308425239,75,112.22874294788508,107.63967557107252,117.01345880911748,adequate,75,266
age_pnad,age_18_24,18–24 anos,ln_admissoes,Admissões (log),strict_no_tail_binning,treated,Exposed,-8,estimated,0.0495480820743157,0.2331159477571995,0.0269179110380027,75,105.07961154570977,99.67941262624404,110.77236985734548,adequate,75,266
age_pnad,age_18_24,18–24 anos,ln_admissoes,Admissões (log),strict_no_tail_binning,treated,Exposed,-7,estimated,0.0130633967442392,0.1774879661573452,0.0204945450077724,75,101.31490956779494,97.3258156862458,105.46750446789308,adequate,75,266
age_pnad,age_18_24,18–24 anos,ln_admissoes,Admissões (log),strict_no_tail_binning,treated,Exposed,-6,estimated,0.0146964827990682,0.1758226708762522,0.0203022532720086,75,101.4805007092461,97.52163515115058,105.600075390838,adequate,75,266
age_pnad,age_18_24,18–24 anos,ln_admissoes,Admissões (log),strict_no_tail_binning,treated,Exposed,-5,estimated,-0.0109193700388623,0.2647335188282272,0.0305687936717987,75,98.91400298823302,93.16163360625848,105.0215588587414,adequate,75,266
age_pnad,age_18_24,18–24 anos,ln_admissoes,Admissões (log),strict_no_tail_binning,treated,Exposed,-4,estimated,0.1135766191411528,0.2553550649786134,0.0294858631008673,75,112.02777203209573,105.73696135566348,118.69285390432674,adequate,75,266
age_pnad,age_18_24,18–24 anos,ln_admissoes,Admissões (log),strict_no_tail_binning,treated,Exposed,-3,estimated,0.0380814618031422,0.2246221896535406,0.0259371363324869,75,103.88158532443252,98.73256789763974,109.29912995583425,adequate,75,266
age_pnad,age_18_24,18–24 anos,ln_admissoes,Admissões (log),strict_no_tail_binning,treated,Exposed,-2,estimated,-0.0682517880041097,0.2167249677313865,0.0250252436919657,75,93.40252676095162,88.93172320762967,98.09808795633262,adequate,75,266
age_pnad,age_18_24,18–24 anos,ln_admissoes,Admissões (log),strict_no_tail_binning,treated,Exposed,-1,estimated,-0.1337301266933799,0.2450687234993634,0.028298098696463,75,87.48261249677685,82.76256005238248,92.47185544305675,adequate,75,266
age_pnad,age_18_24,18–24 anos,ln_admissoes,Admissões (log),strict_no_tail_binning,treated,Exposed,0,estimated,-0.4613551626937845,0.349697080206878,0.0403795406784534,75,63.04287328650329,58.24574971773697,68.23508825070245,adequate,75,266
age_pnad,age_18_24,18–24 anos,ln_admissoes,Admissões (log),strict_no_tail_binning,treated,Exposed,1,estimated,-0.0007433157406878,0.2392387229638413,0.0276249082207512,75,99.92569604500208,94.659103162905,105.4853088233264,adequate,75,266
age_pnad,age_18_24,18–24 anos,ln_admissoes,Admissões (log),strict_no_tail_binning,treated,Exposed,2,estimated,-0.0797121934986892,0.2944739206703442,0.0340029194736695,75,92.33820635083154,86.38484629481079,98.70185244053545,adequate,75,266
age_pnad,age_18_24,18–24 anos,ln_admissoes,Admissões (log),strict_no_tail_binning,treated,Exposed,3,estimated,0.0443284190186632,0.3020284768467552,0.0348752444820813,75,104.53256033295295,97.62592916617696,111.92780712143214,adequate,75,266
age_pnad,age_18_24,18–24 anos,ln_admissoes,Admissões (log),strict_no_tail_binning,treated,Exposed,4,estimated,-0.0513643562439295,0.2330542347153391,0.0269107850297366,75,94.99324936350322,90.11266232476494,100.13817361333012,adequate,75,266
age_pnad,age_18_24,18–24 anos,ln_admissoes,Admissões (log),strict_no_tail_binning,treated,Exposed,5,estimated,-0.019813212225577,0.2825936658235246,0.032631105806899,75,98.03817795359046,91.96425844304962,104.51325872879129,adequate,75,266
age_pnad,age_18_24,18–24 anos,ln_admissoes,Admissões (log),strict_no_tail_binning,treated,Exposed,6,estimated,-0.1168860604820825,0.2878899232171449,0.0332426649332798,75,88.96865578460788,83.35665935089645,94.95848050723151,adequate,75,266
age_pnad,age_18_24,18–24 anos,ln_admissoes,Admissões (log),strict_no_tail_binning,treated,Exposed,7,estimated,-0.0826389542990506,0.2998122079209745,0.0346193317899021,75,92.0683496038138,86.0283885654461,98.53236983884132,adequate,75,266
age_pnad,age_18_24,18–24 anos,ln_admissoes,Admissões (log),strict_no_tail_binning,treated,Exposed,8,estimated,0.0048671557184385,0.2736660084791134,0.0316002287326933,75,100.48790195607457,94.45286182574064,106.90854934775264,adequate,75,266
age_pnad,age_18_24,18–24 anos,ln_admissoes,Admissões (log),strict_no_tail_binning,treated,Exposed,9,estimated,-0.0505625314615261,0.3517956134075595,0.0406218584201167,75,95.06944784983877,87.7936181712913,102.9482564078755,adequate,75,266
age_pnad,age_18_24,18–24 anos,ln_admissoes,Admissões (log),strict_no_tail_binning,treated,Exposed,10,estimated,-0.1136472166954023,0.295533642644983,0.0341252856271343,75,89.25727851226227,83.48253175759656,95.43148248724026,adequate,75,266
age_pnad,age_18_24,18–24 anos,ln_admissoes,Admissões (log),strict_no_tail_binning,treated,Exposed,11,estimated,-0.1306407279525163,0.3385515600417189,0.0390925668649308,75,87.75329908377766,81.28065374987239,94.74138241781829,adequate,75,266
age_pnad,age_18_24,18–24 anos,ln_admissoes,Admissões (log),strict_no_tail_binning,treated,Exposed,12,estimated,-0.3822622521232659,0.3712785067946182,0.042871549168439,75,68.23160908962168,62.73250268748837,74.21276498645844,adequate,75,266
age_pnad,age_18_24,18–24 anos,ln_admissoes,Admissões (log),strict_no_tail_binning,treated,Exposed,13,estimated,0.0606719737421173,0.27974831455732,0.0323025529430025,75,106.25503126122278,99.73624544254432,113.19988654302622,adequate,75,266
age_pnad,age_18_24,18–24 anos,ln_admissoes,Admissões (log),strict_no_tail_binning,treated,Exposed,14,estimated,0.0008294943551308,0.2825754537885762,0.032629002862243,75,100.0829838480717,93.88276609763744,106.69267717907007,adequate,75,266
age_pnad,age_18_24,18–24 anos,ln_admissoes,Admissões (log),strict_no_tail_binning,treated,Exposed,15,estimated,0.1150933410269172,0.3480759922449659,0.0401923535642154,75,112.19781592780124,103.69838216752314,121.39388904479225,adequate,75,266
age_pnad,age_18_24,18–24 anos,ln_admissoes,Admissões (log),strict_no_tail_binning,treated,Exposed,16,estimated,0.104157431206252,0.29226096234112,0.0337473890562529,75,110.97751544048728,103.8744267641196,118.5663239452677,adequate,75,266
age_pnad,age_18_24,18–24 anos,ln_admissoes,Admissões (log),strict_no_tail_binning,treated,Exposed,17,estimated,0.0708584562100442,0.3292976291049494,0.0380240149614496,75,107.34292778667242,99.63381080250956,115.64853389633215,adequate,75,266
age_pnad,age_18_24,18–24 anos,ln_admissoes,Admissões (log),strict_no_tail_binning,treated,Exposed,18,estimated,-0.0574607969051924,0.2968069441733031,0.0342723138231613,75,94.41589036119127,88.28194859071853,100.97602618655492,adequate,75,266
age_pnad,age_18_24,18–24 anos,ln_admissoes,Admissões (log),strict_no_tail_binning,treated,Exposed,19,estimated,0.0425682588033271,0.262828267349078,0.0303487941809266,75,104.34872811358896,98.32268839451888,110.74409413250656,adequate,75,266
age_pnad,age_18_24,18–24 anos,ln_admissoes,Admissões (log),strict_no_tail_binning,treated,Exposed,20,estimated,0.0117535875570107,0.3136543781729973,0.0362176879341369,75,101.1822932384428,94.2487067919996,108.62596223823502,adequate,75,266
age_pnad,age_18_24,18–24 anos,ln_admissoes,Admissões (log),strict_no_tail_binning,treated,Exposed,21,estimated,0.0025796043558002,0.3277368599781886,0.0378437928663539,75,100.25829343978978,93.09085542631996,107.9775812288543,adequate,75,266
age_pnad,age_18_24,18–24 anos,ln_admissoes,Admissões (log),strict_no_tail_binning,treated,Exposed,22,estimated,0.006645977828782,0.3144185193137466,0.036305923352799,75,100.66681113452177,93.75233339105678,108.09124954494366,adequate,75,266
age_pnad,age_18_24,18–24 anos,ln_admissoes,Admissões (log),strict_no_tail_binning,treated,Exposed,23,estimated,-0.1000506308510238,0.3724443156391253,0.0430061651784789,75,90.47916065071942,83.16507361309576,98.43649691388713,adequate,75,266
age_pnad,age_18_24,18–24 anos,ln_admissoes,Admissões (log),strict_no_tail_binning,treated,Exposed,24,estimated,-0.4076613286225853,0.3935033811000815,0.0454378566010319,75,66.52041262755239,60.8523633986774,72.7164081886096,adequate,75,266
age_pnad,age_18_24,18–24 anos,ln_admissoes,Admissões (log),strict_no_tail_binning,control,Not Exposed,-12,estimated,-0.4580137267294666,0.4866559859998703,0.0299516054553706,264,63.25387934588756,59.64744488864836,67.07836789611672,adequate,75,266
age_pnad,age_18_24,18–24 anos,ln_admissoes,Admissões (log),strict_no_tail_binning,control,Not Exposed,-11,estimated,0.0089433296993241,0.3461551771790702,0.0213043784345934,264,100.89834407586858,96.77192623209424,105.20071505899224,adequate,75,266
age_pnad,age_18_24,18–24 anos,ln_admissoes,Admissões (log),strict_no_tail_binning,control,Not Exposed,-10,estimated,0.1544197021676474,0.3446021648657735,0.0212087971340169,264,116.6980568285168,111.94645154667182,121.65134561566742,adequate,75,266
age_pnad,age_18_24,18–24 anos,ln_admissoes,Admissões (log),strict_no_tail_binning,control,Not Exposed,-9,estimated,0.1401794786769971,0.289269903554947,0.0178033318620131,264,115.04802670045912,111.10271504719684,119.13343829668644,adequate,75,266
age_pnad,age_18_24,18–24 anos,ln_admissoes,Admissões (log),strict_no_tail_binning,control,Not Exposed,-8,estimated,0.0326065280744204,0.316624819297472,0.0194869105441938,264,103.3143946117182,99.4427766216798,107.33674678648086,adequate,75,266
age_pnad,age_18_24,18–24 anos,ln_admissoes,Admissões (log),strict_no_tail_binning,control,Not Exposed,-7,estimated,0.1144229014636489,0.3062939410402959,0.0188510889402929,264,112.12261928331036,108.05549666230978,116.34282515250467,adequate,75,266
age_pnad,age_18_24,18–24 anos,ln_admissoes,Admissões (log),strict_no_tail_binning,control,Not Exposed,-6,estimated,0.067657209198792,0.309585275299077,0.0190176722859917,265,106.9998459976834,103.08488319278352,111.06349145409372,adequate,75,266
age_pnad,age_18_24,18–24 anos,ln_admissoes,Admissões (log),strict_no_tail_binning,control,Not Exposed,-5,estimated,0.0384780449476379,0.3178809586962895,0.0195642205799329,264,103.92279118042956,100.01321813461536,107.98519163931618,adequate,75,266
age_pnad,age_18_24,18–24 anos,ln_admissoes,Admissões (log),strict_no_tail_binning,control,Not Exposed,-4,estimated,0.1375304506466932,0.3112132755756326,0.0191538530515832,264,114.74366456280008,110.5158649271806,119.13319925583166,adequate,75,266
age_pnad,age_18_24,18–24 anos,ln_admissoes,Admissões (log),strict_no_tail_binning,control,Not Exposed,-3,estimated,0.0250580208779346,0.3385655851652791,0.020797918569506,265,102.53746119337366,98.44167949394352,106.80365270108445,adequate,75,266
age_pnad,age_18_24,18–24 anos,ln_admissoes,Admissões (log),strict_no_tail_binning,control,Not Exposed,-2,estimated,-0.0410331170326761,0.2846724468516446,0.0175203779618518,264,95.97973437814736,92.73974488994126,99.3329173185906,adequate,75,266
age_pnad,age_18_24,18–24 anos,ln_admissoes,Admissões (log),strict_no_tail_binning,control,Not Exposed,-1,estimated,-0.2206000160442738,0.3550509328770927,0.0218518743507221,264,80.20374182400903,76.84116477383297,83.71346558196404,adequate,75,266
age_pnad,age_18_24,18–24 anos,ln_admissoes,Admissões (log),strict_no_tail_binning,control,Not Exposed,0,estimated,-0.6183136517004877,0.594285391655879,0.036645207112497,263,53.885236460767025,50.150672713560986,57.89790149011548,adequate,75,266
age_pnad,age_18_24,18–24 anos,ln_admissoes,Admissões (log),strict_no_tail_binning,control,Not Exposed,1,estimated,-0.0099120833776748,0.3398972625748017,0.020919230415063,264,99.01368794128092,95.03606118518024,103.15779376241798,adequate,75,266
age_pnad,age_18_24,18–24 anos,ln_admissoes,Admissões (log),strict_no_tail_binning,control,Not Exposed,2,estimated,0.0560304068275597,0.3763067656671339,0.0231163408580898,265,105.76298424159272,101.07800694582043,110.66511077610764,adequate,75,266
age_pnad,age_18_24,18–24 anos,ln_admissoes,Admissões (log),strict_no_tail_binning,control,Not Exposed,3,estimated,0.1679386582398702,0.3707167542635512,0.0228160390066597,264,118.286404945953,113.1132362627049,123.69616551808652,adequate,75,266
age_pnad,age_18_24,18–24 anos,ln_admissoes,Admissões (log),strict_no_tail_binning,control,Not Exposed,4,estimated,0.0048164622102981,0.352617117095125,0.02166109731436,265,100.48280800091509,96.30602651334478,104.84073602963656,adequate,75,266
age_pnad,age_18_24,18–24 anos,ln_admissoes,Admissões (log),strict_no_tail_binning,control,Not Exposed,5,estimated,0.0874595356634831,0.399397671522356,0.0246279154740871,263,109.13981008494058,103.99668330371108,114.5372887574756,adequate,75,266
age_pnad,age_18_24,18–24 anos,ln_admissoes,Admissões (log),strict_no_tail_binning,control,Not Exposed,6,estimated,0.0123469613353389,0.3350809475832788,0.0206228067183967,264,101.24234997436564,97.2316665689388,105.4184690032492,adequate,75,266
age_pnad,age_18_24,18–24 anos,ln_admissoes,Admissões (log),strict_no_tail_binning,control,Not Exposed,7,estimated,-0.0175919317088131,0.3573355810035471,0.0220342558615707,263,98.2561902918165,94.10311158079467,102.59255797692428,adequate,75,266
age_pnad,age_18_24,18–24 anos,ln_admissoes,Admissões (log),strict_no_tail_binning,control,Not Exposed,8,estimated,0.109186352430315,0.3507850502943748,0.0215893274269974,264,111.53701829200816,106.91578373471542,116.35799706000138,adequate,75,266
age_pnad,age_18_24,18–24 anos,ln_admissoes,Admissões (log),strict_no_tail_binning,control,Not Exposed,9,estimated,0.0176834879077342,0.3813974516362122,0.0234733904888096,264,101.78407664902238,97.2073016535727,106.57633822832588,adequate,75,266
age_pnad,age_18_24,18–24 anos,ln_admissoes,Admissões (log),strict_no_tail_binning,control,Not Exposed,10,estimated,-0.0625589933775861,0.3436744107294798,0.0211516978140676,264,93.93576452986012,90.12105885592013,97.91194166855568,adequate,75,266
age_pnad,age_18_24,18–24 anos,ln_admissoes,Admissões (log),strict_no_tail_binning,control,Not Exposed,11,estimated,-0.1730817945529878,0.3855174519233293,0.0237720244676533,263,84.10688171830911,80.27796890559726,88.11841715497634,adequate,75,266
age_pnad,age_18_24,18–24 anos,ln_admissoes,Admissões (log),strict_no_tail_binning,control,Not Exposed,12,estimated,-0.54741991132206,0.574072361715676,0.0353317114668046,264,57.84403140429619,53.97387429781627,61.99169529018924,adequate,75,266
age_pnad,age_18_24,18–24 anos,ln_admissoes,Admissões (log),strict_no_tail_binning,control,Not Exposed,13,estimated,0.0644881570373386,0.3718021156710701,0.0229263006039366,263,106.6612946312552,101.97450120458932,111.5634951681767,adequate,75,266
age_pnad,age_18_24,18–24 anos,ln_admissoes,Admissões (log),strict_no_tail_binning,control,Not Exposed,14,estimated,0.1527058028114452,0.3889733334992368,0.023985123254673,263,116.49821940358306,111.1482779452907,122.10567158661418,adequate,75,266
age_pnad,age_18_24,18–24 anos,ln_admissoes,Admissões (log),strict_no_tail_binning,control,Not Exposed,15,estimated,0.1339022697494777,0.3895815138936679,0.0239770847015786,264,114.32810810381476,109.07954314611084,119.82921751963345,adequate,75,266
age_pnad,age_18_24,18–24 anos,ln_admissoes,Admissões (log),strict_no_tail_binning,control,Not Exposed,16,estimated,0.1933778480469515,0.3473906991048013,0.0214210281733157,263,121.33411655058585,116.34533784035963,126.53680940195066,adequate,75,266
age_pnad,age_18_24,18–24 anos,ln_admissoes,Admissões (log),strict_no_tail_binning,control,Not Exposed,17,estimated,0.0739718009994405,0.4115855926832205,0.0253313421344949,264,107.67764410486348,102.46205720155506,113.15871803321232,adequate,75,266
age_pnad,age_18_24,18–24 anos,ln_admissoes,Admissões (log),strict_no_tail_binning,control,Not Exposed,18,estimated,0.0580061227915884,0.3870247843863207,0.0238649705690875,263,105.97214841442133,101.12940824461194,111.04679078517658,adequate,75,266
age_pnad,age_18_24,18–24 anos,ln_admissoes,Admissões (log),strict_no_tail_binning,control,Not Exposed,19,estimated,0.1290334655607009,0.3730026076508252,0.0230003261106253,263,113.77281982407224,108.75775876310618,119.01913645458345,adequate,75,266
age_pnad,age_18_24,18–24 anos,ln_admissoes,Admissões (log),strict_no_tail_binning,control,Not Exposed,20,estimated,0.1200118270805797,0.3524599142748958,0.0216924081792723,264,112.751018665435,108.05765130051108,117.64823737227708,adequate,75,266
age_pnad,age_18_24,18–24 anos,ln_admissoes,Admissões (log),strict_no_tail_binning,control,Not Exposed,21,estimated,0.091248638239592,0.3715970182405742,0.0229136537545873,263,109.55413648739172,104.74282529668191,114.5864529384454,adequate,75,266
age_pnad,age_18_24,18–24 anos,ln_admissoes,Admissões (log),strict_no_tail_binning,control,Not Exposed,22,estimated,0.0525955130537971,0.3631638743163195,0.0223511913797133,264,105.40032283380404,100.88258985294948,110.12036932897318,adequate,75,266
age_pnad,age_18_24,18–24 anos,ln_admissoes,Admissões (log),strict_no_tail_binning,control,Not Exposed,23,estimated,-0.1706192151889068,0.4016739448907213,0.0247682765029793,263,84.31425682363464,80.31891511785207,88.50834069771648,adequate,75,266
age_pnad,age_18_24,18–24 anos,ln_admissoes,Admissões (log),strict_no_tail_binning,control,Not Exposed,24,estimated,-0.5520655480595693,0.5536052491912935,0.0340720477684706,264,57.575932274716365,53.85651735905053,61.552215773670824,adequate,75,266
age_pnad,age_18_24,18–24 anos,ln_desligamentos,Desligamentos (log),strict_no_tail_binning,treated,Exposed,-12,estimated,-0.0467472786756472,0.2989220864381835,0.0345165494143619,75,95.43285462914646,89.19013777922893,102.11252016687416,adequate,75,266
age_pnad,age_18_24,18–24 anos,ln_desligamentos,Desligamentos (log),strict_no_tail_binning,treated,Exposed,-11,estimated,-0.0143072643260335,0.1861269855021159,0.02149209303662,75,98.57945982101614,94.51309717211392,102.82077499699804,adequate,75,266
age_pnad,age_18_24,18–24 anos,ln_desligamentos,Desligamentos (log),strict_no_tail_binning,treated,Exposed,-10,estimated,0.0442018868450798,0.1919189929428149,0.0221608964476272,75,104.51933443765206,100.07668236667826,109.1592068496381,adequate,75,266
age_pnad,age_18_24,18–24 anos,ln_desligamentos,Desligamentos (log),strict_no_tail_binning,treated,Exposed,-9,estimated,0.1104795119824809,0.1741617484775862,0.020110466473214,75,111.68134675238323,107.36488611413732,116.17134487682104,adequate,75,266
age_pnad,age_18_24,18–24 anos,ln_desligamentos,Desligamentos (log),strict_no_tail_binning,treated,Exposed,-8,estimated,0.0081473565547475,0.1605449315926645,0.0185381318944109,75,100.81806365841872,97.22061758350326,104.5486257182312,adequate,75,266
age_pnad,age_18_24,18–24 anos,ln_desligamentos,Desligamentos (log),strict_no_tail_binning,treated,Exposed,-7,estimated,0.0293488822469992,0.1683033248221412,0.0194339939783144,75,102.97838050982288,99.12963520155633,106.97655479982416,adequate,75,266
age_pnad,age_18_24,18–24 anos,ln_desligamentos,Desligamentos (log),strict_no_tail_binning,treated,Exposed,-6,estimated,-0.0024843898722227,0.1524196677832424,0.0175999072448896,75,99.75186936701934,96.36952085462876,103.25293053210152,adequate,75,266
age_pnad,age_18_24,18–24 anos,ln_desligamentos,Desligamentos (log),strict_no_tail_binning,treated,Exposed,-5,estimated,0.0180982646765269,0.1873116485316775,0.0216288861404233,75,101.82630307611451,97.59983802418375,106.23579104280424,adequate,75,266
age_pnad,age_18_24,18–24 anos,ln_desligamentos,Desligamentos (log),strict_no_tail_binning,treated,Exposed,-4,estimated,0.0636042118502974,0.2157929351754457,0.0249176218425526,75,106.56705355133316,101.48752241234172,111.90081926004002,adequate,75,266
age_pnad,age_18_24,18–24 anos,ln_desligamentos,Desligamentos (log),strict_no_tail_binning,treated,Exposed,-3,estimated,0.0090206843017906,0.2433743013341823,0.0281024436778254,75,100.90614932904631,95.49845608257012,106.62005848149172,adequate,75,266
age_pnad,age_18_24,18–24 anos,ln_desligamentos,Desligamentos (log),strict_no_tail_binning,treated,Exposed,-2,estimated,-0.0698545912804783,0.2499327320773063,0.0288597460288262,75,93.2529407954994,88.12449163995002,98.67984263147405,adequate,75,266
age_pnad,age_18_24,18–24 anos,ln_desligamentos,Desligamentos (log),strict_no_tail_binning,treated,Exposed,-1,estimated,-0.1495072743035402,0.2301787368817882,0.0265787511400856,75,86.11321738600965,81.74205017230466,90.71813335901165,adequate,75,266
age_pnad,age_18_24,18–24 anos,ln_desligamentos,Desligamentos (log),strict_no_tail_binning,treated,Exposed,0,estimated,-0.0238434998789733,0.2942030262823262,0.0339716392841007,75,97.6438510546002,91.35401860122208,104.36674592709603,adequate,75,266
age_pnad,age_18_24,18–24 anos,ln_desligamentos,Desligamentos (log),strict_no_tail_binning,treated,Exposed,1,estimated,-0.0042002628403249,0.2216590154223038,0.0255949784444749,75,99.58085459262784,94.70850114642,104.70387009997496,adequate,75,266
age_pnad,age_18_24,18–24 anos,ln_desligamentos,Desligamentos (log),strict_no_tail_binning,treated,Exposed,2,estimated,-0.0200034072828271,0.2442085383108893,0.0281987730664393,75,98.01953334983384,92.74902446132585,103.58954149566743,adequate,75,266
age_pnad,age_18_24,18–24 anos,ln_desligamentos,Desligamentos (log),strict_no_tail_binning,treated,Exposed,3,estimated,0.1433818470692008,0.2266904478872874,0.0261759582220884,75,115.417043413118,109.644921138191,121.49303197944135,adequate,75,266
age_pnad,age_18_24,18–24 anos,ln_desligamentos,Desligamentos (log),strict_no_tail_binning,treated,Exposed,4,estimated,-0.0233151336032632,0.2639606848198292,0.0304795544872412,75,97.69545640459064,92.03004737144876,103.7096304381813,adequate,75,266
age_pnad,age_18_24,18–24 anos,ln_desligamentos,Desligamentos (log),strict_no_tail_binning,treated,Exposed,5,estimated,0.05197799733505,0.2657403046514921,0.0306850472850144,75,105.33525656948126,99.186854525348,111.86478621239972,adequate,75,266
age_pnad,age_18_24,18–24 anos,ln_desligamentos,Desligamentos (log),strict_no_tail_binning,treated,Exposed,6,estimated,0.0154758134480958,0.279405950308187,0.0322630201247229,75,101.55961839914345,95.33628469309576,108.18919703639966,adequate,75,266
age_pnad,age_18_24,18–24 anos,ln_desligamentos,Desligamentos (log),strict_no_tail_binning,treated,Exposed,7,estimated,0.0417383989482629,0.2909729383543995,0.0335986608571617,75,104.2621692140459,97.61734664610228,111.35930552003371,adequate,75,266
age_pnad,age_18_24,18–24 anos,ln_desligamentos,Desligamentos (log),strict_no_tail_binning,treated,Exposed,8,estimated,0.0816448543731552,0.29404316764862,0.0339531803990602,75,108.50703833908632,101.52111503814596,115.97368059537187,adequate,75,266
age_pnad,age_18_24,18–24 anos,ln_desligamentos,Desligamentos (log),strict_no_tail_binning,treated,Exposed,9,estimated,-0.0048718199840311,0.3154719113910353,0.036427558592676,75,99.51400280825892,92.6566153007947,106.878896048313,adequate,75,266
age_pnad,age_18_24,18–24 anos,ln_desligamentos,Desligamentos (log),strict_no_tail_binning,treated,Exposed,10,estimated,-0.0125870163272255,0.2712182946730636,0.0313175910877289,75,98.74918688396156,92.87000235341873,105.0005562951792,adequate,75,266
age_pnad,age_18_24,18–24 anos,ln_desligamentos,Desligamentos (log),strict_no_tail_binning,treated,Exposed,11,estimated,-0.0626284064527552,0.316347485007826,0.0365286611253458,75,93.92924438586998,87.43936692457042,100.90081002657982,adequate,75,266
age_pnad,age_18_24,18–24 anos,ln_desligamentos,Desligamentos (log),strict_no_tail_binning,treated,Exposed,12,estimated,0.0204254689619431,0.337293132178641,0.03894725613183,75,102.0635496385348,94.5623147884682,110.15982622802716,adequate,75,266
age_pnad,age_18_24,18–24 anos,ln_desligamentos,Desligamentos (log),strict_no_tail_binning,treated,Exposed,13,estimated,0.0689176312609299,0.3531422256640944,0.0407773518098776,75,107.13479599333428,98.90543659073998,116.04887363297856,adequate,75,266
age_pnad,age_18_24,18–24 anos,ln_desligamentos,Desligamentos (log),strict_no_tail_binning,treated,Exposed,14,estimated,0.1236470846024293,0.3225139549856954,0.0372407037456804,75,113.16164356555925,105.19602256264578,121.73043488248598,adequate,75,266
age_pnad,age_18_24,18–24 anos,ln_desligamentos,Desligamentos (log),strict_no_tail_binning,treated,Exposed,15,estimated,0.1262169738952014,0.2694049533783011,0.0311082044707961,75,113.45283046049477,106.74203963032744,120.58552360508496,adequate,75,266
age_pnad,age_18_24,18–24 anos,ln_desligamentos,Desligamentos (log),strict_no_tail_binning,treated,Exposed,16,estimated,0.1474402338252871,0.2702961977224878,0.0312111165032021,75,115.88640218903802,109.00967409621546,123.19693938783844,adequate,75,266
age_pnad,age_18_24,18–24 anos,ln_desligamentos,Desligamentos (log),strict_no_tail_binning,treated,Exposed,17,estimated,0.0807401265162257,0.3256107879217722,0.0375982952115362,75,108.408913393707,100.70723597439893,116.69958359488588,adequate,75,266
age_pnad,age_18_24,18–24 anos,ln_desligamentos,Desligamentos (log),strict_no_tail_binning,treated,Exposed,18,estimated,0.0269762070220891,0.3261785123006899,0.0376638503761349,75,102.7343358914849,95.42353501245118,110.60524816741778,adequate,75,266
age_pnad,age_18_24,18–24 anos,ln_desligamentos,Desligamentos (log),strict_no_tail_binning,treated,Exposed,19,estimated,0.1033422195285584,0.293486604273624,0.0338889139961852,75,110.8870821400883,103.76099548609474,118.50257341826,adequate,75,266
age_pnad,age_18_24,18–24 anos,ln_desligamentos,Desligamentos (log),strict_no_tail_binning,treated,Exposed,20,estimated,0.1122919458743415,0.2944389695461507,0.0339988836654772,75,111.88394535315116,104.67123260236086,119.59367360602356,adequate,75,266
age_pnad,age_18_24,18–24 anos,ln_desligamentos,Desligamentos (log),strict_no_tail_binning,treated,Exposed,21,estimated,0.0840317581461173,0.3962633161339582,0.0457565464479829,75,108.76634354346432,99.43648643854482,118.97159595563872,adequate,75,266
age_pnad,age_18_24,18–24 anos,ln_desligamentos,Desligamentos (log),strict_no_tail_binning,treated,Exposed,22,estimated,0.1452761478948928,0.3681320696645496,0.0425082299036323,75,115.63588522442578,106.39198054739518,125.68294981293072,adequate,75,266
age_pnad,age_18_24,18–24 anos,ln_desligamentos,Desligamentos (log),strict_no_tail_binning,treated,Exposed,23,estimated,0.0091712402978507,0.279259513967498,0.0322461111125798,75,100.92134249854982,94.7402606310156,107.5056929743684,adequate,75,266
age_pnad,age_18_24,18–24 anos,ln_desligamentos,Desligamentos (log),strict_no_tail_binning,treated,Exposed,24,estimated,0.0157841287822846,0.3885100208467199,0.0448612730237441,75,101.59093561437098,93.03969403226928,110.92811843753164,adequate,75,266
age_pnad,age_18_24,18–24 anos,ln_desligamentos,Desligamentos (log),strict_no_tail_binning,control,Not Exposed,-12,estimated,0.0358750555360768,0.3661629771507647,0.0225357733994594,264,103.6526330173253,99.17392487552078,108.3336002372559,adequate,75,266
age_pnad,age_18_24,18–24 anos,ln_desligamentos,Desligamentos (log),strict_no_tail_binning,control,Not Exposed,-11,estimated,-0.053527266072002,0.3094825526031338,0.0190473344160047,264,94.78800956845164,91.31455044062496,98.3935935137851,adequate,75,266
age_pnad,age_18_24,18–24 anos,ln_desligamentos,Desligamentos (log),strict_no_tail_binning,control,Not Exposed,-10,estimated,0.0231645933869896,0.2726767991272436,0.0167820968800222,264,102.34349763141634,99.03188504973517,105.7658500812283,adequate,75,266
age_pnad,age_18_24,18–24 anos,ln_desligamentos,Desligamentos (log),strict_no_tail_binning,control,Not Exposed,-9,estimated,0.0948735933556259,0.3002458629009382,0.0184788554624264,264,109.95198597254264,106.040937526746,114.00728342539384,adequate,75,266
age_pnad,age_18_24,18–24 anos,ln_desligamentos,Desligamentos (log),strict_no_tail_binning,control,Not Exposed,-8,estimated,-0.0292188724761732,0.2565587811480138,0.0157901014476746,264,97.1203871405865,94.16068282466216,100.17312232008284,adequate,75,266
age_pnad,age_18_24,18–24 anos,ln_desligamentos,Desligamentos (log),strict_no_tail_binning,control,Not Exposed,-7,estimated,0.0059631797326175,0.3039644618152921,0.0187077194047873,264,100.59809948829228,96.9762628517092,104.35520325351442,adequate,75,266
age_pnad,age_18_24,18–24 anos,ln_desligamentos,Desligamentos (log),strict_no_tail_binning,control,Not Exposed,-6,estimated,-0.0232764383359845,0.3092983326183798,0.0190000455372353,265,97.69923682952997,94.1278211830457,101.40615980593684,adequate,75,266
age_pnad,age_18_24,18–24 anos,ln_desligamentos,Desligamentos (log),strict_no_tail_binning,control,Not Exposed,-5,estimated,0.0061157140320053,0.2850314076639962,0.0175424704726496,264,100.61344531927053,97.21282603889094,104.1330222718143,adequate,75,266
age_pnad,age_18_24,18–24 anos,ln_desligamentos,Desligamentos (log),strict_no_tail_binning,control,Not Exposed,-4,estimated,0.0317086575443802,0.2888956852863457,0.0177803003196961,264,103.22167329356604,99.68641958542308,106.882300335739,adequate,75,266
age_pnad,age_18_24,18–24 anos,ln_desligamentos,Desligamentos (log),strict_no_tail_binning,control,Not Exposed,-3,estimated,-0.0166868818032388,0.2653218809994191,0.0162985935887141,265,98.34515730128108,95.2531477543927,101.5375364765066,adequate,75,266
age_pnad,age_18_24,18–24 anos,ln_desligamentos,Desligamentos (log),strict_no_tail_binning,control,Not Exposed,-2,estimated,-0.03464828182243,0.3260662954676807,0.0200679932336122,264,96.59450969672628,92.86888293291248,100.46959766158923,adequate,75,266
age_pnad,age_18_24,18–24 anos,ln_desligamentos,Desligamentos (log),strict_no_tail_binning,control,Not Exposed,-1,estimated,-0.0401916768652185,0.372140457746015,0.0229036618988441,264,96.06052956930758,91.84361849655488,100.47105604274454,adequate,75,266
age_pnad,age_18_24,18–24 anos,ln_desligamentos,Desligamentos (log),strict_no_tail_binning,control,Not Exposed,0,estimated,0.0190951910443765,0.3986158375538764,0.0245797055262998,263,101.92786702006688,97.13377520435488,106.9585739193492,adequate,75,266
age_pnad,age_18_24,18–24 anos,ln_desligamentos,Desligamentos (log),strict_no_tail_binning,control,Not Exposed,1,estimated,-0.0200959714458231,0.3210487367403593,0.019759183841201,264,98.01046067368088,94.28727267629516,101.88066881992027,adequate,75,266
age_pnad,age_18_24,18–24 anos,ln_desligamentos,Desligamentos (log),strict_no_tail_binning,control,Not Exposed,2,estimated,-0.0390610274939007,0.358144723157633,0.0220006554555581,265,96.16920177017444,92.11040149004916,100.406851121061,adequate,75,266
age_pnad,age_18_24,18–24 anos,ln_desligamentos,Desligamentos (log),strict_no_tail_binning,control,Not Exposed,3,estimated,0.1458699412119057,0.381656762479855,0.0234893499679952,264,115.70456943037205,110.49839558534138,121.15603413199024,adequate,75,266
age_pnad,age_18_24,18–24 anos,ln_desligamentos,Desligamentos (log),strict_no_tail_binning,control,Not Exposed,4,estimated,-0.017086659751667,0.3526406328216216,0.0216625418739556,265,98.3058489338901,94.21929061007486,102.56965290268752,adequate,75,266
age_pnad,age_18_24,18–24 anos,ln_desligamentos,Desligamentos (log),strict_no_tail_binning,control,Not Exposed,5,estimated,0.0906201708535557,0.3101115190603707,0.0191222954551753,263,109.48530691643975,105.45777731125472,113.66665158519062,adequate,75,266
age_pnad,age_18_24,18–24 anos,ln_desligamentos,Desligamentos (log),strict_no_tail_binning,control,Not Exposed,6,estimated,0.0203007381411172,0.363866522292413,0.0223944363732188,264,102.05081996212,97.66837667737028,106.62990631392395,adequate,75,266
age_pnad,age_18_24,18–24 anos,ln_desligamentos,Desligamentos (log),strict_no_tail_binning,control,Not Exposed,7,estimated,0.0184655603306747,0.3684684202227147,0.0227207361363084,263,101.8637103040479,97.42697309707556,106.50249255478978,adequate,75,266
age_pnad,age_18_24,18–24 anos,ln_desligamentos,Desligamentos (log),strict_no_tail_binning,control,Not Exposed,8,estimated,0.0975687389606517,0.3600278959377757,0.0221581852525664,264,110.2487222784561,105.5631003658033,115.14232456144904,adequate,75,266
age_pnad,age_18_24,18–24 anos,ln_desligamentos,Desligamentos (log),strict_no_tail_binning,control,Not Exposed,9,estimated,-0.0026586618117042,0.3783365520558319,0.0232850051422661,264,99.73448692995734,95.28504893049956,104.39169622966875,adequate,75,266
age_pnad,age_18_24,18–24 anos,ln_desligamentos,Desligamentos (log),strict_no_tail_binning,control,Not Exposed,10,estimated,0.0174257390406633,0.3734417305149884,0.022983749701496,264,101.7578452992758,97.27555998880716,106.4466663686417,adequate,75,266
age_pnad,age_18_24,18–24 anos,ln_desligamentos,Desligamentos (log),strict_no_tail_binning,control,Not Exposed,11,estimated,-0.0006442394732108,0.4026061577597082,0.0248257592110125,263,99.93559680044812,95.189292188647,104.91856046233816,adequate,75,266
age_pnad,age_18_24,18–24 anos,ln_desligamentos,Desligamentos (log),strict_no_tail_binning,control,Not Exposed,12,estimated,0.0945599537990563,0.4655997754237668,0.0286556852782769,264,109.91750608782876,103.91414160025056,116.2676990687738,adequate,75,266
age_pnad,age_18_24,18–24 anos,ln_desligamentos,Desligamentos (log),strict_no_tail_binning,control,Not Exposed,13,estimated,0.0620441060737754,0.38226611609486,0.0235715385117482,263,106.40092729646072,101.59700705382517,111.43199645191191,adequate,75,266
age_pnad,age_18_24,18–24 anos,ln_desligamentos,Desligamentos (log),strict_no_tail_binning,control,Not Exposed,14,estimated,0.0953636123299447,0.4437990192261086,0.0273658198640038,263,110.00587773484789,104.26093960000682,116.06737079716008,adequate,75,266
age_pnad,age_18_24,18–24 anos,ln_desligamentos,Desligamentos (log),strict_no_tail_binning,control,Not Exposed,15,estimated,0.1519235580777758,0.4354748757245224,0.0268016258684855,264,116.4071249187084,110.44995885710756,122.68559329542732,adequate,75,266
age_pnad,age_18_24,18–24 anos,ln_desligamentos,Desligamentos (log),strict_no_tail_binning,control,Not Exposed,16,estimated,0.1750684376410511,0.3950187141486367,0.0243578973949793,263,119.1327745483124,113.5788313002622,124.95830260886184,adequate,75,266
age_pnad,age_18_24,18–24 anos,ln_desligamentos,Desligamentos (log),strict_no_tail_binning,control,Not Exposed,17,estimated,0.1350014998420637,0.3848162160033952,0.0236838008904414,264,114.45385009770146,109.26230247305826,119.8920716998181,adequate,75,266
age_pnad,age_18_24,18–24 anos,ln_desligamentos,Desligamentos (log),strict_no_tail_binning,control,Not Exposed,18,estimated,0.0576697426526686,0.4225677305560526,0.0260566425200823,263,105.9365074832028,100.66205428552936,111.48732953438218,adequate,75,266
age_pnad,age_18_24,18–24 anos,ln_desligamentos,Desligamentos (log),strict_no_tail_binning,control,Not Exposed,19,estimated,0.1171672338505117,0.4168291337782566,0.0257027854836987,263,112.43074362312898,106.90707084138448,118.2398134395098,adequate,75,266
age_pnad,age_18_24,18–24 anos,ln_desligamentos,Desligamentos (log),strict_no_tail_binning,control,Not Exposed,20,estimated,0.1144994599153814,0.4083344584141147,0.0251312486522158,264,112.13120354604162,106.7417535006251,117.7927698987087,adequate,75,266
age_pnad,age_18_24,18–24 anos,ln_desligamentos,Desligamentos (log),strict_no_tail_binning,control,Not Exposed,21,estimated,0.0938949874901135,0.3735390980862584,0.0230334075280661,263,109.84443894580365,104.99573126616974,114.91706016819808,adequate,75,266
age_pnad,age_18_24,18–24 anos,ln_desligamentos,Desligamentos (log),strict_no_tail_binning,control,Not Exposed,22,estimated,0.1671529273845104,0.4270129837612863,0.0262808324193551,264,118.193500171671,112.25944681962584,124.44122858788688,adequate,75,266
age_pnad,age_18_24,18–24 anos,ln_desligamentos,Desligamentos (log),strict_no_tail_binning,control,Not Exposed,23,estimated,0.0444215159506075,0.4338420142966531,0.0267518446376511,263,104.54229244661616,99.20199117806465,110.1700760257566,adequate,75,266
age_pnad,age_18_24,18–24 anos,ln_desligamentos,Desligamentos (log),strict_no_tail_binning,control,Not Exposed,24,estimated,0.1455168648327343,0.5071478569879496,0.03121279293181,264,115.66372409113052,108.79985227718704,122.96061796615383,adequate,75,266
age_pnad,age_18_24,18–24 anos,ln_salario_real_adm,Salário real de admissão (log),strict_no_tail_binning,treated,Exposed,-12,estimated,-0.0260352605017067,0.1476884509564012,0.017652146185137,70,97.4300734670349,94.11681457232736,100.85997129128164,adequate,75,266
age_pnad,age_18_24,18–24 anos,ln_salario_real_adm,Salário real de admissão (log),strict_no_tail_binning,treated,Exposed,-11,estimated,0.0261196804134015,0.2439075704020039,0.0287447828356653,72,102.64637887330863,97.02319678662236,108.59546422671131,adequate,75,266
age_pnad,age_18_24,18–24 anos,ln_salario_real_adm,Salário real de admissão (log),strict_no_tail_binning,treated,Exposed,-10,estimated,0.0151336520458622,0.2437398180936474,0.0287250130365322,72,101.52487456204062,95.96684934249312,107.4047989014694,adequate,75,266
age_pnad,age_18_24,18–24 anos,ln_salario_real_adm,Salário real de admissão (log),strict_no_tail_binning,treated,Exposed,-9,estimated,-0.0453261145735966,0.1680987581965144,0.019541083716113,74,95.56857679519348,91.97746002752665,99.29990312762934,adequate,75,266
age_pnad,age_18_24,18–24 anos,ln_salario_real_adm,Salário real de admissão (log),strict_no_tail_binning,treated,Exposed,-8,estimated,-0.031589728076032,0.1339577742300045,0.0157870750917821,72,96.89040146601428,93.93826307798162,99.93531484026173,adequate,75,266
age_pnad,age_18_24,18–24 anos,ln_salario_real_adm,Salário real de admissão (log),strict_no_tail_binning,treated,Exposed,-7,estimated,-0.0255664454203907,0.2164434054022637,0.0255080999505082,72,97.47576086348342,92.72219430347576,102.47302738346472,adequate,75,266
age_pnad,age_18_24,18–24 anos,ln_salario_real_adm,Salário real de admissão (log),strict_no_tail_binning,treated,Exposed,-6,estimated,-0.0385413761910262,0.1369877428291235,0.0159245016407311,74,96.21918920806444,93.2623777127606,99.26974412309632,adequate,75,266
age_pnad,age_18_24,18–24 anos,ln_salario_real_adm,Salário real de admissão (log),strict_no_tail_binning,treated,Exposed,-5,estimated,0.0106836906966161,0.2318354140119314,0.0273220655611712,72,101.07409651057009,95.80382663574969,106.6342895077627,adequate,75,266
age_pnad,age_18_24,18–24 anos,ln_salario_real_adm,Salário real de admissão (log),strict_no_tail_binning,treated,Exposed,-4,estimated,0.0836909790745282,0.3844204426211136,0.0443890492058589,75,108.72928456471227,99.66939197895056,118.61271637385838,adequate,75,266
age_pnad,age_18_24,18–24 anos,ln_salario_real_adm,Salário real de admissão (log),strict_no_tail_binning,treated,Exposed,-3,estimated,0.0100238754127381,0.2147960422538236,0.025139975198576,73,101.00742827366776,96.15098438651142,106.10916395247436,adequate,75,266
age_pnad,age_18_24,18–24 anos,ln_salario_real_adm,Salário real de admissão (log),strict_no_tail_binning,treated,Exposed,-2,estimated,0.0340677714697345,0.2297371415747763,0.0268886986034716,73,103.46547244234434,98.15384632579432,109.0645388687562,adequate,75,266
age_pnad,age_18_24,18–24 anos,ln_salario_real_adm,Salário real de admissão (log),strict_no_tail_binning,treated,Exposed,-1,estimated,-0.0151537816220772,0.1331988202756948,0.0156976315104986,72,98.4960459138817,95.51172803592232,101.57361048918236,adequate,75,266
age_pnad,age_18_24,18–24 anos,ln_salario_real_adm,Salário real de admissão (log),strict_no_tail_binning,treated,Exposed,0,estimated,0.0216305902716977,0.1535512041966187,0.0180961829577982,72,102.18662274126768,98.62573756947194,105.8760737775041,adequate,75,266
age_pnad,age_18_24,18–24 anos,ln_salario_real_adm,Salário real de admissão (log),strict_no_tail_binning,treated,Exposed,1,estimated,0.0615457527588636,0.2790253811134494,0.0331142204475991,71,106.347915252094,99.6647512857977,113.47922843889376,adequate,75,266
age_pnad,age_18_24,18–24 anos,ln_salario_real_adm,Salário real de admissão (log),strict_no_tail_binning,treated,Exposed,2,estimated,0.0281173610581066,0.3275882350853776,0.0388775708839422,71,102.85163851097428,95.30549872594968,110.99526979875964,adequate,75,266
age_pnad,age_18_24,18–24 anos,ln_salario_real_adm,Salário real de admissão (log),strict_no_tail_binning,treated,Exposed,3,estimated,0.0030334394628003,0.1925523142367401,0.0225365437535378,73,100.30380449959787,95.9696503881093,104.8336964488942,adequate,75,266
age_pnad,age_18_24,18–24 anos,ln_salario_real_adm,Salário real de admissão (log),strict_no_tail_binning,treated,Exposed,4,estimated,0.0025997915924107,0.245171553063612,0.0285006141307998,74,100.26031739811062,94.81321268694458,106.02036319516068,adequate,75,266
age_pnad,age_18_24,18–24 anos,ln_salario_real_adm,Salário real de admissão (log),strict_no_tail_binning,treated,Exposed,5,estimated,-0.0034878908052002,0.1962370561037558,0.0228120944061,74,99.65181848201756,95.29435645219856,104.208531296964,adequate,75,266
age_pnad,age_18_24,18–24 anos,ln_salario_real_adm,Salário real de admissão (log),strict_no_tail_binning,treated,Exposed,6,estimated,-0.0129413171958998,0.185824811638535,0.0220533478089941,71,98.71420615848432,94.53823039051012,103.0746445882058,adequate,75,266
age_pnad,age_18_24,18–24 anos,ln_salario_real_adm,Salário real de admissão (log),strict_no_tail_binning,treated,Exposed,7,estimated,0.0392263841924644,0.356841455994302,0.0417651333767106,73,104.00058978974742,95.82627424098644,112.87220297655152,adequate,75,266
age_pnad,age_18_24,18–24 anos,ln_salario_real_adm,Salário real de admissão (log),strict_no_tail_binning,treated,Exposed,8,estimated,0.0348355252389583,0.1919480139785338,0.0224658157580665,73,103.54493895024852,99.08446937370644,108.20620476629226,adequate,75,266
age_pnad,age_18_24,18–24 anos,ln_salario_real_adm,Salário real de admissão (log),strict_no_tail_binning,treated,Exposed,9,estimated,0.0316406845782371,0.2577786159193541,0.0301707049298319,73,103.2146572487154,97.28806199438108,109.502288899383,adequate,75,266
age_pnad,age_18_24,18–24 anos,ln_salario_real_adm,Salário real de admissão (log),strict_no_tail_binning,treated,Exposed,10,estimated,0.0055670345603295,0.198885752461806,0.0232778166290954,73,100.5582559292765,96.07342087667118,105.25244904642804,adequate,75,266
age_pnad,age_18_24,18–24 anos,ln_salario_real_adm,Salário real de admissão (log),strict_no_tail_binning,treated,Exposed,11,estimated,0.0059550018160564,0.2669669336013995,0.0310342756538406,74,100.59727680879236,94.66061368698335,106.90625918408084,adequate,75,266
age_pnad,age_18_24,18–24 anos,ln_salario_real_adm,Salário real de admissão (log),strict_no_tail_binning,treated,Exposed,12,estimated,-0.0129618385757528,0.2987491128858386,0.0352079205991736,72,98.71218042754832,92.13001841836588,105.7646002035141,adequate,75,266
age_pnad,age_18_24,18–24 anos,ln_salario_real_adm,Salário real de admissão (log),strict_no_tail_binning,treated,Exposed,13,estimated,0.0257736473979763,0.1651219162320649,0.0193260585030242,73,102.61086598197542,98.79675486516744,106.57222326725535,adequate,75,266
age_pnad,age_18_24,18–24 anos,ln_salario_real_adm,Salário real de admissão (log),strict_no_tail_binning,treated,Exposed,14,estimated,0.0253149645540856,0.223664515545341,0.0267330227872708,70,102.56381093065008,97.32816626564,108.081100427881,adequate,75,266
age_pnad,age_18_24,18–24 anos,ln_salario_real_adm,Salário real de admissão (log),strict_no_tail_binning,treated,Exposed,15,estimated,-0.0172057853942151,0.1587694940900825,0.0183331220304019,75,98.29413888396708,94.82484769593636,101.8903586317561,adequate,75,266
age_pnad,age_18_24,18–24 anos,ln_salario_real_adm,Salário real de admissão (log),strict_no_tail_binning,treated,Exposed,16,estimated,0.0226291449029687,0.1848177893623136,0.021631286089218,73,102.2887126293423,98.0425933389941,106.7187267802184,adequate,75,266
age_pnad,age_18_24,18–24 anos,ln_salario_real_adm,Salário real de admissão (log),strict_no_tail_binning,treated,Exposed,17,estimated,-0.0165509297937593,0.1579953032249346,0.0184919515410468,73,98.35852843193425,94.857430346126,101.98884873851866,adequate,75,266
age_pnad,age_18_24,18–24 anos,ln_salario_real_adm,Salário real de admissão (log),strict_no_tail_binning,treated,Exposed,18,estimated,-0.0110033675809362,0.1270122302464852,0.0150735785222823,71,98.90569480404376,96.02634726627328,101.87137950322128,adequate,75,266
age_pnad,age_18_24,18–24 anos,ln_salario_real_adm,Salário real de admissão (log),strict_no_tail_binning,treated,Exposed,19,estimated,0.0386403138234108,0.2562055901927919,0.029986596194226,73,103.9396559832009,98.00679091010142,110.23166849545989,adequate,75,266
age_pnad,age_18_24,18–24 anos,ln_salario_real_adm,Salário real de admissão (log),strict_no_tail_binning,treated,Exposed,20,estimated,0.0021281891247208,0.2422616009967278,0.0283545757022282,73,100.21304553265462,94.7956390609823,105.94004739468492,adequate,75,266
age_pnad,age_18_24,18–24 anos,ln_salario_real_adm,Salário real de admissão (log),strict_no_tail_binning,treated,Exposed,21,estimated,0.0034047604156166,0.1658748967243787,0.0195485440504044,72,100.3410563196184,96.5691951972872,104.26024119562788,adequate,75,266
age_pnad,age_18_24,18–24 anos,ln_salario_real_adm,Salário real de admissão (log),strict_no_tail_binning,treated,Exposed,22,estimated,-0.0172566998359432,0.2853821509152109,0.0334014543324155,73,98.28913442016147,92.06056131652724,104.93911623945552,adequate,75,266
age_pnad,age_18_24,18–24 anos,ln_salario_real_adm,Salário real de admissão (log),strict_no_tail_binning,treated,Exposed,23,estimated,-0.0262700401670898,0.1844410633709104,0.0212974195173631,75,97.4072015520234,93.42483446930396,101.55932272284602,adequate,75,266
age_pnad,age_18_24,18–24 anos,ln_salario_real_adm,Salário real de admissão (log),strict_no_tail_binning,treated,Exposed,24,estimated,0.0166422149630532,0.3138939912063398,0.0364894352936101,74,101.67814680432028,94.66014987506632,109.2164501240038,adequate,75,266
age_pnad,age_18_24,18–24 anos,ln_salario_real_adm,Salário real de admissão (log),strict_no_tail_binning,control,Not Exposed,-12,estimated,-0.0329754400920589,0.2836578392416302,0.0177286149526018,256,96.75623225387916,93.45188085786152,100.17742172793366,adequate,75,266
age_pnad,age_18_24,18–24 anos,ln_salario_real_adm,Salário real de admissão (log),strict_no_tail_binning,control,Not Exposed,-11,estimated,0.030779832134231,0.2885680570917367,0.0178962311861485,260,103.12584289227826,99.57124369655816,106.80733791628312,adequate,75,266
age_pnad,age_18_24,18–24 anos,ln_salario_real_adm,Salário real de admissão (log),strict_no_tail_binning,control,Not Exposed,-10,estimated,0.0179086135711789,0.2985295496154766,0.018443217168315,262,101.80699343628778,98.19252515800866,105.55451034442606,adequate,75,266
age_pnad,age_18_24,18–24 anos,ln_salario_real_adm,Salário real de admissão (log),strict_no_tail_binning,control,Not Exposed,-9,estimated,-0.0038434976148016,0.2856062476865139,0.017678582916542,261,99.61638791682468,96.22379398951978,103.12859564315356,adequate,75,266
age_pnad,age_18_24,18–24 anos,ln_salario_real_adm,Salário real de admissão (log),strict_no_tail_binning,control,Not Exposed,-8,estimated,0.0043017103877844,0.3124652039007828,0.0193041647652866,262,100.431097602518,96.70215942955454,104.30382759957116,adequate,75,266
age_pnad,age_18_24,18–24 anos,ln_salario_real_adm,Salário real de admissão (log),strict_no_tail_binning,control,Not Exposed,-7,estimated,-0.0132334183983458,0.2636865825883338,0.0163846870120569,259,98.6853758310586,95.56654212664738,101.90599331313206,adequate,75,266
age_pnad,age_18_24,18–24 anos,ln_salario_real_adm,Salário real de admissão (log),strict_no_tail_binning,control,Not Exposed,-6,estimated,0.0056284937359786,0.2887673644886993,0.0178061585016139,263,100.56443634671037,97.1152685987864,104.1361055130515,adequate,75,266
age_pnad,age_18_24,18–24 anos,ln_salario_real_adm,Salário real de admissão (log),strict_no_tail_binning,control,Not Exposed,-5,estimated,0.0181018995836663,0.2862383928635951,0.0177859883194211,259,101.82667320594322,98.3381007269708,105.43900379953324,adequate,75,266
age_pnad,age_18_24,18–24 anos,ln_salario_real_adm,Salário real de admissão (log),strict_no_tail_binning,control,Not Exposed,-4,estimated,-0.0045009912670542,0.228078583521829,0.0141721136072844,259,99.55091230136856,96.82370513403916,102.35493597683752,adequate,75,266
age_pnad,age_18_24,18–24 anos,ln_salario_real_adm,Salário real de admissão (log),strict_no_tail_binning,control,Not Exposed,-3,estimated,-0.0049536086842725,0.2508417787054784,0.015526716308549,261,99.5058640201484,96.52327908933628,102.58061130757996,adequate,75,266
age_pnad,age_18_24,18–24 anos,ln_salario_real_adm,Salário real de admissão (log),strict_no_tail_binning,control,Not Exposed,-2,estimated,-0.0176216303804498,0.2730689147473239,0.0169350151826237,260,98.25327225681583,95.0455191554168,101.56928590590796,adequate,75,266
age_pnad,age_18_24,18–24 anos,ln_salario_real_adm,Salário real de admissão (log),strict_no_tail_binning,control,Not Exposed,-1,estimated,-0.0002986730536378,0.2142479837954326,0.0132616172682147,261,99.97013715447184,97.40511679407928,102.60270355008076,adequate,75,266
age_pnad,age_18_24,18–24 anos,ln_salario_real_adm,Salário real de admissão (log),strict_no_tail_binning,control,Not Exposed,0,estimated,-0.0033478781268276,0.2576900227138013,0.0162329456057929,252,99.66577197683824,96.54466340411064,102.88778015788468,adequate,75,266
age_pnad,age_18_24,18–24 anos,ln_salario_real_adm,Salário real de admissão (log),strict_no_tail_binning,control,Not Exposed,1,estimated,0.0568706070309873,0.283981873042938,0.0176118081255135,260,105.8518836638942,102.26031285893764,109.56959706011013,adequate,75,266
age_pnad,age_18_24,18–24 anos,ln_salario_real_adm,Salário real de admissão (log),strict_no_tail_binning,control,Not Exposed,2,estimated,0.0571799402754553,0.3298302585095713,0.0204946550550207,259,105.8846322353508,101.71559173400162,110.22455016468903,adequate,75,266
age_pnad,age_18_24,18–24 anos,ln_salario_real_adm,Salário real de admissão (log),strict_no_tail_binning,control,Not Exposed,3,estimated,0.0277763868592524,0.2822712288274732,0.0174721504315898,261,102.81657473419348,99.3551851128096,106.3985541174244,adequate,75,266
age_pnad,age_18_24,18–24 anos,ln_salario_real_adm,Salário real de admissão (log),strict_no_tail_binning,control,Not Exposed,4,estimated,0.0516889582656957,0.348642542070025,0.0216218925860812,260,105.30481496457074,100.9353522109429,109.86343052083052,adequate,75,266
age_pnad,age_18_24,18–24 anos,ln_salario_real_adm,Salário real de admissão (log),strict_no_tail_binning,control,Not Exposed,5,estimated,0.033577324740528,0.2989190630643538,0.0186098879967878,258,103.41474058145371,99.71061395766144,107.25647095173294,adequate,75,266
age_pnad,age_18_24,18–24 anos,ln_salario_real_adm,Salário real de admissão (log),strict_no_tail_binning,control,Not Exposed,6,estimated,0.0170428673594624,0.2670471686035781,0.0165615623402722,260,101.71889255939703,98.4700450895129,105.07493008766872,adequate,75,266
age_pnad,age_18_24,18–24 anos,ln_salario_real_adm,Salário real de admissão (log),strict_no_tail_binning,control,Not Exposed,7,estimated,0.0458742776483327,0.2956077939593012,0.0184395075612949,257,104.69427785743608,100.97803609800712,108.54728651537278,adequate,75,266
age_pnad,age_18_24,18–24 anos,ln_salario_real_adm,Salário real de admissão (log),strict_no_tail_binning,control,Not Exposed,8,estimated,0.0327248989910611,0.2699487618145508,0.0167737998961021,259,103.32662475514292,99.98482627079686,106.78011635860018,adequate,75,266
age_pnad,age_18_24,18–24 anos,ln_salario_real_adm,Salário real de admissão (log),strict_no_tail_binning,control,Not Exposed,9,estimated,0.0312868890201459,0.2950635800716933,0.018299066420567,260,103.17814682044542,99.5431187757683,106.94591562157154,adequate,75,266
age_pnad,age_18_24,18–24 anos,ln_salario_real_adm,Salário real de admissão (log),strict_no_tail_binning,control,Not Exposed,10,estimated,0.0385924046434887,0.2664150025610574,0.0165862735802093,258,103.93467643880524,100.61018493245837,107.36902008172451,adequate,75,266
age_pnad,age_18_24,18–24 anos,ln_salario_real_adm,Salário real de admissão (log),strict_no_tail_binning,control,Not Exposed,11,estimated,0.0166153311614141,0.3082765596507048,0.0191924602878191,258,101.6754133459336,97.92171128654934,105.57300871524372,adequate,75,266
age_pnad,age_18_24,18–24 anos,ln_salario_real_adm,Salário real de admissão (log),strict_no_tail_binning,control,Not Exposed,12,estimated,0.0193616247608036,0.2919287994153532,0.01838978580454,252,101.9550276585788,98.34560245054423,105.69692396860236,adequate,75,266
age_pnad,age_18_24,18–24 anos,ln_salario_real_adm,Salário real de admissão (log),strict_no_tail_binning,control,Not Exposed,13,estimated,0.0434608726423359,0.2779982891287589,0.0173074175027474,258,104.44191281517604,100.95839692261204,108.04562557440632,adequate,75,266
age_pnad,age_18_24,18–24 anos,ln_salario_real_adm,Salário real de admissão (log),strict_no_tail_binning,control,Not Exposed,14,estimated,0.042971008257849,0.3122632602131518,0.0193657453012496,260,104.39076297110653,100.50267393418537,108.4292682682848,adequate,75,266
age_pnad,age_18_24,18–24 anos,ln_salario_real_adm,Salário real de admissão (log),strict_no_tail_binning,control,Not Exposed,15,estimated,0.0466228366746005,0.2758657369401576,0.0171414628410254,259,104.77267704367326,101.31107717707768,108.35255295638638,adequate,75,266
age_pnad,age_18_24,18–24 anos,ln_salario_real_adm,Salário real de admissão (log),strict_no_tail_binning,control,Not Exposed,16,estimated,0.1066745156029904,0.4079814571383257,0.0252534182177559,261,111.25720706903786,105.88440729647238,116.90263411631862,adequate,75,266
age_pnad,age_18_24,18–24 anos,ln_salario_real_adm,Salário real de admissão (log),strict_no_tail_binning,control,Not Exposed,17,estimated,0.0762795057459936,0.3223721067540133,0.019992669350099,260,107.92641925465458,103.77904376181736,112.23953845503706,adequate,75,266
age_pnad,age_18_24,18–24 anos,ln_salario_real_adm,Salário real de admissão (log),strict_no_tail_binning,control,Not Exposed,18,estimated,0.0489888673539595,0.3221695521216238,0.0199801074450648,260,105.02086590736783,100.98763087421906,109.21517992307916,adequate,75,266
age_pnad,age_18_24,18–24 anos,ln_salario_real_adm,Salário real de admissão (log),strict_no_tail_binning,control,Not Exposed,19,estimated,0.0497354074135207,0.2689688998880385,0.0166487569412729,261,105.09929746336412,101.72509520538388,108.58542137504028,adequate,75,266
age_pnad,age_18_24,18–24 anos,ln_salario_real_adm,Salário real de admissão (log),strict_no_tail_binning,control,Not Exposed,20,estimated,0.0902791411497216,0.377135733632049,0.0233889653125788,260,109.44797554056368,104.54388706185722,114.58211174834256,adequate,75,266
age_pnad,age_18_24,18–24 anos,ln_salario_real_adm,Salário real de admissão (log),strict_no_tail_binning,control,Not Exposed,21,estimated,0.0131347061384821,0.2480520994118783,0.0153835381574241,260,101.3221345302248,98.31269431676787,104.42369642197878,adequate,75,266
age_pnad,age_18_24,18–24 anos,ln_salario_real_adm,Salário real de admissão (log),strict_no_tail_binning,control,Not Exposed,22,estimated,0.0563070118541314,0.2633949307558237,0.0163665646489648,259,105.79224286101324,102.4524441219793,109.24091411853952,adequate,75,266
age_pnad,age_18_24,18–24 anos,ln_salario_real_adm,Salário real de admissão (log),strict_no_tail_binning,control,Not Exposed,23,estimated,0.0175056303088072,0.2621531823186316,0.0162268746149495,261,101.76597518732954,98.58027018590724,105.05462894652,adequate,75,266
age_pnad,age_18_24,18–24 anos,ln_salario_real_adm,Salário real de admissão (log),strict_no_tail_binning,control,Not Exposed,24,estimated,0.0024124015409229,0.2494972818371031,0.015685759716438,253,100.24153137228336,97.20658912151464,103.37122928260912,adequate,75,266
age_pnad,age_25_34,25–34 anos,ln_admissoes,Admissões (log),strict_no_tail_binning,treated,Exposed,-12,estimated,-0.2476109838753991,0.2624130066216049,0.0303008440023685,75,78.0663574933938,73.56501314740112,82.84313305395857,adequate,75,266
age_pnad,age_25_34,25–34 anos,ln_admissoes,Admissões (log),strict_no_tail_binning,treated,Exposed,-11,estimated,0.0315825716312413,0.2119009485071585,0.0244682139324289,75,103.20865931509,98.37582158954316,108.27891635875872,adequate,75,266
age_pnad,age_25_34,25–34 anos,ln_admissoes,Admissões (log),strict_no_tail_binning,treated,Exposed,-10,estimated,0.0675701952764145,0.2158160389900012,0.0249202896412631,75,106.99053592644812,101.89028667621582,112.34608470780412,adequate,75,266
age_pnad,age_25_34,25–34 anos,ln_admissoes,Admissões (log),strict_no_tail_binning,treated,Exposed,-9,estimated,0.1080199457174319,0.2001544565412535,0.0231118458727191,75,111.4069966089606,106.4729448378636,116.56969676502464,adequate,75,266
age_pnad,age_25_34,25–34 anos,ln_admissoes,Admissões (log),strict_no_tail_binning,treated,Exposed,-8,estimated,0.0525115295829892,0.1952431606757409,0.0225447382747144,75,105.3914713205638,100.8358582063879,110.15290021510997,adequate,75,266
age_pnad,age_25_34,25–34 anos,ln_admissoes,Admissões (log),strict_no_tail_binning,treated,Exposed,-7,estimated,0.0515784910263045,0.1525509347182828,0.0176150646449459,75,105.29318287486124,101.71991961645104,108.99196933818598,adequate,75,266
age_pnad,age_25_34,25–34 anos,ln_admissoes,Admissões (log),strict_no_tail_binning,treated,Exposed,-6,estimated,0.009868551517289,0.1809222978713373,0.0208911074756844,75,100.99174062480394,96.93999383808752,105.21283600928368,adequate,75,266
age_pnad,age_25_34,25–34 anos,ln_admissoes,Admissões (log),strict_no_tail_binning,treated,Exposed,-5,estimated,0.0035090940357598,0.1813119448276003,0.0209361000307019,75,100.35152581142373,96.31697005193053,104.55508232091648,adequate,75,266
age_pnad,age_25_34,25–34 anos,ln_admissoes,Admissões (log),strict_no_tail_binning,treated,Exposed,-4,estimated,0.1112801693120807,0.281111655436483,0.0324599779877189,75,111.77080104757992,104.88125426624508,119.1129154033996,adequate,75,266
age_pnad,age_25_34,25–34 anos,ln_admissoes,Admissões (log),strict_no_tail_binning,treated,Exposed,-3,estimated,0.0404257210520106,0.1889994891049304,0.0218237811822866,75,104.1253963580954,99.765386641835,108.67594996303067,adequate,75,266
age_pnad,age_25_34,25–34 anos,ln_admissoes,Admissões (log),strict_no_tail_binning,treated,Exposed,-2,estimated,-0.1051814814159083,0.2464009195848887,0.0284519274501813,75,90.01611452425539,85.13369701004608,95.17853868237027,adequate,75,266
age_pnad,age_25_34,25–34 anos,ln_admissoes,Admissões (log),strict_no_tail_binning,treated,Exposed,-1,estimated,-0.1235538038602145,0.2333333555680322,0.0269430151296244,75,88.37740895072834,83.83143634077483,93.16989847453311,adequate,75,266
age_pnad,age_25_34,25–34 anos,ln_admissoes,Admissões (log),strict_no_tail_binning,treated,Exposed,0,estimated,-0.4452840614946792,0.2699115587969893,0.0311667022257666,75,64.06422683825487,60.26788580381166,68.09970360904552,adequate,75,266
age_pnad,age_25_34,25–34 anos,ln_admissoes,Admissões (log),strict_no_tail_binning,treated,Exposed,1,estimated,-0.0753435876105275,0.187298473124039,0.0216273647753939,75,92.74247799158256,88.89331682904677,96.75831132007733,adequate,75,266
age_pnad,age_25_34,25–34 anos,ln_admissoes,Admissões (log),strict_no_tail_binning,treated,Exposed,2,estimated,-0.1015904404767659,0.2553649180531928,0.0294870008359195,75,90.33994717685036,85.2668050883694,95.71492736778214,adequate,75,266
age_pnad,age_25_34,25–34 anos,ln_admissoes,Admissões (log),strict_no_tail_binning,treated,Exposed,3,estimated,-0.0020962998341622,0.2235270253449187,0.025810677650809,75,99.7905895867784,94.86785829157114,104.96876338739492,adequate,75,266
age_pnad,age_25_34,25–34 anos,ln_admissoes,Admissões (log),strict_no_tail_binning,treated,Exposed,4,estimated,-0.0754643737759312,0.2578861223315334,0.0297781244296759,75,92.7312766597925,87.47391969709025,98.30461125707411,adequate,75,266
age_pnad,age_25_34,25–34 anos,ln_admissoes,Admissões (log),strict_no_tail_binning,treated,Exposed,5,estimated,-0.0144052959016407,0.279700128170587,0.0322969888583322,75,98.56979639491556,92.52351162261331,105.0111975966167,adequate,75,266
age_pnad,age_25_34,25–34 anos,ln_admissoes,Admissões (log),strict_no_tail_binning,treated,Exposed,6,estimated,-0.0926265548716918,0.2537594202389135,0.029301613916868,75,91.15338446157809,86.06582993876886,96.54167635066813,adequate,75,266
age_pnad,age_25_34,25–34 anos,ln_admissoes,Admissões (log),strict_no_tail_binning,treated,Exposed,7,estimated,-0.0827491822961747,0.2561981595011535,0.0295832152707755,75,92.05820165334286,86.87218511110282,97.55380828523002,adequate,75,266
age_pnad,age_25_34,25–34 anos,ln_admissoes,Admissões (log),strict_no_tail_binning,treated,Exposed,8,estimated,0.0076260293948955,0.2460843662685028,0.0284153750216957,75,100.7655181615173,95.30688754941076,106.53678775413805,adequate,75,266
age_pnad,age_25_34,25–34 anos,ln_admissoes,Admissões (log),strict_no_tail_binning,treated,Exposed,9,estimated,-0.0943254556850286,0.2448539412719238,0.0282732977810972,75,90.9986553744796,86.0930825921991,96.18374706347925,adequate,75,266
age_pnad,age_25_34,25–34 anos,ln_admissoes,Admissões (log),strict_no_tail_binning,treated,Exposed,10,estimated,-0.1229716768207918,0.2571230171098077,0.0296900086286392,75,88.42887080736854,83.42984443165999,93.72743345664048,adequate,75,266
age_pnad,age_25_34,25–34 anos,ln_admissoes,Admissões (log),strict_no_tail_binning,treated,Exposed,11,estimated,-0.1292431539215886,0.2769340078536669,0.0319775847964153,75,87.87602655609341,82.5373539372164,93.56001464695936,adequate,75,266
age_pnad,age_25_34,25–34 anos,ln_admissoes,Admissões (log),strict_no_tail_binning,treated,Exposed,12,estimated,-0.3768039234555583,0.3258088545133057,0.0376211659715241,75,68.6050579135797,63.728302759004215,73.85500268419779,adequate,75,266
age_pnad,age_25_34,25–34 anos,ln_admissoes,Admissões (log),strict_no_tail_binning,treated,Exposed,13,estimated,-0.0489082024295219,0.274481229502263,0.0316943623481262,75,95.2268541624906,89.49126594894456,101.33004218375572,adequate,75,266
age_pnad,age_25_34,25–34 anos,ln_admissoes,Admissões (log),strict_no_tail_binning,treated,Exposed,14,estimated,-0.0242355963387695,0.2963808536239996,0.0342231131244934,75,97.60557275116489,91.2732074116173,104.37726581820937,adequate,75,266
age_pnad,age_25_34,25–34 anos,ln_admissoes,Admissões (log),strict_no_tail_binning,treated,Exposed,15,estimated,0.0348765699358562,0.3317495956024678,0.0383071436649268,75,103.5491890081036,96.05920828673406,111.6231825712096,adequate,75,266
age_pnad,age_25_34,25–34 anos,ln_admissoes,Admissões (log),strict_no_tail_binning,treated,Exposed,16,estimated,0.0801703361082701,0.270400811289629,0.031223196237432,75,108.34716062945546,101.9154000105662,115.18482207054043,adequate,75,266
age_pnad,age_25_34,25–34 anos,ln_admissoes,Admissões (log),strict_no_tail_binning,treated,Exposed,17,estimated,0.0190438163811014,0.282440573197347,0.032613428193112,75,101.92263064473003,95.61136398326455,108.65050141278584,adequate,75,266
age_pnad,age_25_34,25–34 anos,ln_admissoes,Admissões (log),strict_no_tail_binning,treated,Exposed,18,estimated,-0.0289579892112096,0.2718965734395795,0.0313959119734156,75,97.14572752957626,91.34798360665668,103.31144711291648,adequate,75,266
age_pnad,age_25_34,25–34 anos,ln_admissoes,Admissões (log),strict_no_tail_binning,treated,Exposed,19,estimated,0.0032915546475214,0.2708118583239668,0.031270659860617,75,100.32969777620472,94.36509489525642,106.6713096303004,adequate,75,266
age_pnad,age_25_34,25–34 anos,ln_admissoes,Admissões (log),strict_no_tail_binning,treated,Exposed,20,estimated,0.0456223752264179,0.2698479320398504,0.0311593552406942,75,104.66790843668308,98.46687773152992,111.2594540306204,adequate,75,266
age_pnad,age_25_34,25–34 anos,ln_admissoes,Admissões (log),strict_no_tail_binning,treated,Exposed,21,estimated,0.0126986339820997,0.3063592986912806,0.0353753247136311,75,101.27796040078488,94.49370169339936,108.54930094943504,adequate,75,266
age_pnad,age_25_34,25–34 anos,ln_admissoes,Admissões (log),strict_no_tail_binning,treated,Exposed,22,estimated,0.0158830300681353,0.3750586247425794,0.0433080395914038,75,101.60098358540448,93.33260010543412,110.6018674488916,adequate,75,266
age_pnad,age_25_34,25–34 anos,ln_admissoes,Admissões (log),strict_no_tail_binning,treated,Exposed,23,estimated,-0.1077648146800589,0.315339232433919,0.0364122381463546,75,89.78387300906849,83.59948706963715,96.42575732305296,adequate,75,266
age_pnad,age_25_34,25–34 anos,ln_admissoes,Admissões (log),strict_no_tail_binning,treated,Exposed,24,estimated,-0.4710095334661762,0.4346983765026704,0.050194644938022,75,62.437162595726,56.586992733890064,68.8921443720823,adequate,75,266
age_pnad,age_25_34,25–34 anos,ln_admissoes,Admissões (log),strict_no_tail_binning,control,Not Exposed,-12,estimated,-0.4630410492584826,0.4710068164170062,0.028988465647099,264,62.93667969375731,59.46047131104317,66.61611594287768,adequate,75,266
age_pnad,age_25_34,25–34 anos,ln_admissoes,Admissões (log),strict_no_tail_binning,control,Not Exposed,-11,estimated,0.0066207913934206,0.3231799801830332,0.0198903528077003,264,100.66427572831913,96.81538192847916,104.66618223324132,adequate,75,266
age_pnad,age_25_34,25–34 anos,ln_admissoes,Admissões (log),strict_no_tail_binning,control,Not Exposed,-10,estimated,0.1074159298281908,0.3459225632652057,0.0212900620378533,264,111.33972533134168,106.7892850474692,116.08406621833072,adequate,75,266
age_pnad,age_25_34,25–34 anos,ln_admissoes,Admissões (log),strict_no_tail_binning,control,Not Exposed,-9,estimated,0.0913191333420933,0.2767428973516639,0.0170323479264783,264,109.56185978969712,105.9646891506184,113.28114315057374,adequate,75,266
age_pnad,age_25_34,25–34 anos,ln_admissoes,Admissões (log),strict_no_tail_binning,control,Not Exposed,-8,estimated,0.0362927533254052,0.2655215572095392,0.0163417221820381,264,103.69593753646603,100.4272077264287,107.0710587797904,adequate,75,266
age_pnad,age_25_34,25–34 anos,ln_admissoes,Admissões (log),strict_no_tail_binning,control,Not Exposed,-7,estimated,0.1155919977386812,0.2821943754889963,0.0173678632124611,264,112.25377807354906,108.49685342083448,116.14079389850647,adequate,75,266
age_pnad,age_25_34,25–34 anos,ln_admissoes,Admissões (log),strict_no_tail_binning,control,Not Exposed,-6,estimated,0.095054173017621,0.2690616640906405,0.0165283266378097,265,109.9718428578261,106.46633573501008,113.59277219465258,adequate,75,266
age_pnad,age_25_34,25–34 anos,ln_admissoes,Admissões (log),strict_no_tail_binning,control,Not Exposed,-5,estimated,0.0413268805617867,0.2925946213528896,0.0180079540974302,264,104.21927224145227,100.6049515384931,107.96344057063732,adequate,75,266
age_pnad,age_25_34,25–34 anos,ln_admissoes,Admissões (log),strict_no_tail_binning,control,Not Exposed,-4,estimated,0.1468619320376883,0.2991405746969217,0.0184108296759292,264,115.8194042498749,111.71454269888004,120.07509565655164,adequate,75,266
age_pnad,age_25_34,25–34 anos,ln_admissoes,Admissões (log),strict_no_tail_binning,control,Not Exposed,-3,estimated,0.0514376971242234,0.3086769627354446,0.0189618750887519,265,105.2783592803421,101.43747592518682,109.26467591657378,adequate,75,266
age_pnad,age_25_34,25–34 anos,ln_admissoes,Admissões (log),strict_no_tail_binning,control,Not Exposed,-2,estimated,-0.0450900838413482,0.2759540739412591,0.0169837992016253,264,95.59113657865076,92.46145506847496,98.82675311167344,adequate,75,266
age_pnad,age_25_34,25–34 anos,ln_admissoes,Admissões (log),strict_no_tail_binning,control,Not Exposed,-1,estimated,-0.1843450487167875,0.3146523098546862,0.0193655109800521,264,83.16487949639792,80.06739645945437,86.38219159721032,adequate,75,266
age_pnad,age_25_34,25–34 anos,ln_admissoes,Admissões (log),strict_no_tail_binning,control,Not Exposed,0,estimated,-0.5432814738553702,0.5412063088720799,0.0333722106544585,263,58.083911332764025,54.4062577410045,62.01016015056109,adequate,75,266
age_pnad,age_25_34,25–34 anos,ln_admissoes,Admissões (log),strict_no_tail_binning,control,Not Exposed,1,estimated,-0.0167380874746194,0.3200765377422735,0.0196993491290995,264,98.34012160040378,94.61550603685312,102.21135965404436,adequate,75,266
age_pnad,age_25_34,25–34 anos,ln_admissoes,Admissões (log),strict_no_tail_binning,control,Not Exposed,2,estimated,0.030235457089269,0.3758997247578023,0.0230913365337944,265,103.06971903451684,98.50887281597316,107.84172712746413,adequate,75,266
age_pnad,age_25_34,25–34 anos,ln_admissoes,Admissões (log),strict_no_tail_binning,control,Not Exposed,3,estimated,0.1531242734655672,0.3619383796017645,0.0222757673939124,264,116.54698069153338,111.56796484302488,121.74819830606478,adequate,75,266
age_pnad,age_25_34,25–34 anos,ln_admissoes,Admissões (log),strict_no_tail_binning,control,Not Exposed,4,estimated,-0.0063471739984733,0.3359353249918069,0.0206363429714493,265,99.36729267602544,95.42835721879406,103.46881306071876,adequate,75,266
age_pnad,age_25_34,25–34 anos,ln_admissoes,Admissões (log),strict_no_tail_binning,control,Not Exposed,5,estimated,0.093349222141031,0.3326342247567484,0.0205111049843443,263,109.78450601338416,105.45851389530516,114.28795376889282,adequate,75,266
age_pnad,age_25_34,25–34 anos,ln_admissoes,Admissões (log),strict_no_tail_binning,control,Not Exposed,6,estimated,0.0224644002705918,0.2984688274008215,0.0183694864878101,264,102.27186250100604,98.65514574522584,106.0211687937307,adequate,75,266
age_pnad,age_25_34,25–34 anos,ln_admissoes,Admissões (log),strict_no_tail_binning,control,Not Exposed,7,estimated,0.0030192460295156,0.3180461365008763,0.0196115649266251,263,100.30238085434377,96.52005057693636,104.2329292713178,adequate,75,266
age_pnad,age_25_34,25–34 anos,ln_admissoes,Admissões (log),strict_no_tail_binning,control,Not Exposed,8,estimated,0.0806865385524603,0.3189654927640064,0.0196309690376395,264,108.40310413643871,104.31133418964498,112.65537995181856,adequate,75,266
age_pnad,age_25_34,25–34 anos,ln_admissoes,Admissões (log),strict_no_tail_binning,control,Not Exposed,9,estimated,-0.0236351352554426,0.3517870196724817,0.0216509943793308,264,97.66419869865626,93.60643225066548,101.89786618411364,adequate,75,266
age_pnad,age_25_34,25–34 anos,ln_admissoes,Admissões (log),strict_no_tail_binning,control,Not Exposed,10,estimated,-0.0318702108398296,0.3076507576762001,0.0189345952316424,264,96.8632291892814,93.33434637818736,100.52553570105664,adequate,75,266
age_pnad,age_25_34,25–34 anos,ln_admissoes,Admissões (log),strict_no_tail_binning,control,Not Exposed,11,estimated,-0.1696886949588137,0.3924145352227557,0.0241973168432161,263,84.39274945912322,80.48370567948173,88.49165307613363,adequate,75,266
age_pnad,age_25_34,25–34 anos,ln_admissoes,Admissões (log),strict_no_tail_binning,control,Not Exposed,12,estimated,-0.5186809483312772,0.5274150972864132,0.0324601553449972,264,59.53052687209145,55.86104865083104,63.44105088002283,adequate,75,266
age_pnad,age_25_34,25–34 anos,ln_admissoes,Admissões (log),strict_no_tail_binning,control,Not Exposed,13,estimated,0.0154452627679671,0.3398554149937803,0.0209563826498401,263,101.55651573112226,97.46963940194682,105.81475370924252,adequate,75,266
age_pnad,age_25_34,25–34 anos,ln_admissoes,Admissões (log),strict_no_tail_binning,control,Not Exposed,14,estimated,0.098603498483754,0.3492493058969002,0.0215356347778082,263,110.36286223726388,105.80140935882338,115.12097461663473,adequate,75,266
age_pnad,age_25_34,25–34 anos,ln_admissoes,Admissões (log),strict_no_tail_binning,control,Not Exposed,15,estimated,0.1085922932216901,0.3858349378822781,0.0237464988879239,264,111.4707783763532,106.40146455095424,116.78161089483436,adequate,75,266
age_pnad,age_25_34,25–34 anos,ln_admissoes,Admissões (log),strict_no_tail_binning,control,Not Exposed,16,estimated,0.1151346641393233,0.4267336843438247,0.0263135262354108,263,112.20245238655632,106.56235840284631,118.14106322576636,adequate,75,266
age_pnad,age_25_34,25–34 anos,ln_admissoes,Admissões (log),strict_no_tail_binning,control,Not Exposed,17,estimated,0.0598502796198247,0.3744168619627878,0.0230437648934012,264,106.1677579874499,101.47928473959249,111.07284471905707,adequate,75,266
age_pnad,age_25_34,25–34 anos,ln_admissoes,Admissões (log),strict_no_tail_binning,control,Not Exposed,18,estimated,0.0559377372020356,0.336141886015948,0.0207273966434169,263,105.753183679563,101.54298696993531,110.13794445178816,adequate,75,266
age_pnad,age_25_34,25–34 anos,ln_admissoes,Admissões (log),strict_no_tail_binning,control,Not Exposed,19,estimated,0.0997848113714258,0.3208464299937573,0.0197842384206453,263,110.49331234477144,106.29071028631458,114.86208004474268,adequate,75,266
age_pnad,age_25_34,25–34 anos,ln_admissoes,Admissões (log),strict_no_tail_binning,control,Not Exposed,20,estimated,0.1126451301268205,0.3172713701161596,0.0195267029963268,264,111.92346797972895,107.72083055657929,116.290067760198,adequate,75,266
age_pnad,age_25_34,25–34 anos,ln_admissoes,Admissões (log),strict_no_tail_binning,control,Not Exposed,21,estimated,0.048678732351524,0.3465358220446776,0.0213683141955471,263,104.98830031099058,100.68199874429196,109.47878806205811,adequate,75,266
age_pnad,age_25_34,25–34 anos,ln_admissoes,Admissões (log),strict_no_tail_binning,control,Not Exposed,22,estimated,0.0678174987153077,0.3116921810555841,0.0191833276463659,264,107.01699832589809,103.06793794735556,111.1173674255032,adequate,75,266
age_pnad,age_25_34,25–34 anos,ln_admissoes,Admissões (log),strict_no_tail_binning,control,Not Exposed,23,estimated,-0.1551147625144808,0.4066574154573257,0.0250755704624411,263,85.63168987638703,81.5248030107155,89.94546494177871,adequate,75,266
age_pnad,age_25_34,25–34 anos,ln_admissoes,Admissões (log),strict_no_tail_binning,control,Not Exposed,24,estimated,-0.554978186344126,0.5314990712533828,0.0327115065673547,264,57.40847839477716,53.84327149507549,61.20975379263543,adequate,75,266
age_pnad,age_25_34,25–34 anos,ln_desligamentos,Desligamentos (log),strict_no_tail_binning,treated,Exposed,-12,estimated,-0.0530025840552375,0.1857905691281047,0.021453247019801,75,94.8377561819126,90.9326604721536,98.91055590938312,adequate,75,266
age_pnad,age_25_34,25–34 anos,ln_desligamentos,Desligamentos (log),strict_no_tail_binning,treated,Exposed,-11,estimated,-0.0315156731429642,0.1985334854518776,0.0229246722537592,75,96.89757694389624,92.64010573964111,101.35070920564202,adequate,75,266
age_pnad,age_25_34,25–34 anos,ln_desligamentos,Desligamentos (log),strict_no_tail_binning,treated,Exposed,-10,estimated,-0.015118810768725,0.2911226560163314,0.0336159487636455,75,98.49949046488824,92.21880934273014,105.20792548713877,adequate,75,266
age_pnad,age_25_34,25–34 anos,ln_desligamentos,Desligamentos (log),strict_no_tail_binning,treated,Exposed,-9,estimated,0.1165401664996961,0.1424500349206257,0.0164487132014989,75,112.36026407459634,108.795598061833,116.04172565638014,adequate,75,266
age_pnad,age_25_34,25–34 anos,ln_desligamentos,Desligamentos (log),strict_no_tail_binning,treated,Exposed,-8,estimated,0.0184595276942917,0.2208959383806156,0.0255068658973886,75,101.86309579917652,96.89580796671436,107.08502775844144,adequate,75,266
age_pnad,age_25_34,25–34 anos,ln_desligamentos,Desligamentos (log),strict_no_tail_binning,treated,Exposed,-7,estimated,0.046539639107828,0.2113442618354575,0.0244039332924768,75,104.76396057447852,99.87087642178132,109.89677700332258,adequate,75,266
age_pnad,age_25_34,25–34 anos,ln_desligamentos,Desligamentos (log),strict_no_tail_binning,treated,Exposed,-6,estimated,0.0321617904575141,0.1831788199542011,0.0211516682020792,75,103.26845702990896,99.07475901948015,107.63966849761717,adequate,75,266
age_pnad,age_25_34,25–34 anos,ln_desligamentos,Desligamentos (log),strict_no_tail_binning,treated,Exposed,-5,estimated,0.0203900339973646,0.1788911669525091,0.0206565726791354,75,102.05993308434525,98.01037471776851,106.27680968648154,adequate,75,266
age_pnad,age_25_34,25–34 anos,ln_desligamentos,Desligamentos (log),strict_no_tail_binning,treated,Exposed,-4,estimated,0.0698104406049188,0.1826140124400823,0.0210864498480158,75,107.23048965200329,102.88904606011448,111.75512215644687,adequate,75,266
age_pnad,age_25_34,25–34 anos,ln_desligamentos,Desligamentos (log),strict_no_tail_binning,treated,Exposed,-3,estimated,-0.0015283879256549,0.2188123018032302,0.0252662682696193,75,99.84727794643534,95.02308976760854,104.91638335160836,adequate,75,266
age_pnad,age_25_34,25–34 anos,ln_desligamentos,Desligamentos (log),strict_no_tail_binning,treated,Exposed,-2,estimated,-0.0938795737663444,0.1635231266836055,0.0188820242419017,75,91.0392390766328,87.73157288731136,94.47161128979393,adequate,75,266
age_pnad,age_25_34,25–34 anos,ln_desligamentos,Desligamentos (log),strict_no_tail_binning,treated,Exposed,-1,estimated,-0.1088565687026879,0.2022393457479446,0.0233525881416619,75,89.68590459298072,85.67341303671692,93.88632012610525,adequate,75,266
age_pnad,age_25_34,25–34 anos,ln_desligamentos,Desligamentos (log),strict_no_tail_binning,treated,Exposed,0,estimated,-0.1037208001866536,0.2121149961186124,0.0244929300216474,75,90.14769544856958,85.92228655051612,94.58089770353344,adequate,75,266
age_pnad,age_25_34,25–34 anos,ln_desligamentos,Desligamentos (log),strict_no_tail_binning,treated,Exposed,1,estimated,-0.0452107852401422,0.1244629629005732,0.0143717450269568,75,95.57959929105078,92.9248201263479,98.31022312678728,adequate,75,266
age_pnad,age_25_34,25–34 anos,ln_desligamentos,Desligamentos (log),strict_no_tail_binning,treated,Exposed,2,estimated,-0.0731232542073262,0.1667712932140628,0.0192570902060482,75,92.94862598731298,89.50576485345528,96.5239176166414,adequate,75,266
age_pnad,age_25_34,25–34 anos,ln_desligamentos,Desligamentos (log),strict_no_tail_binning,treated,Exposed,3,estimated,0.0796661489369384,0.2516550369350014,0.0290586206634696,75,108.29254714988068,102.29711164805488,114.63936350965504,adequate,75,266
age_pnad,age_25_34,25–34 anos,ln_desligamentos,Desligamentos (log),strict_no_tail_binning,treated,Exposed,4,estimated,-0.0838708547032172,0.2467707031523746,0.0284946263786273,75,91.95500039852652,86.96014094225694,97.23675705525544,adequate,75,266
age_pnad,age_25_34,25–34 anos,ln_desligamentos,Desligamentos (log),strict_no_tail_binning,treated,Exposed,5,estimated,-0.0023694626345259,0.2098715952419462,0.0242338844016387,75,99.76333423262083,95.13551129815156,104.6162754727634,adequate,75,266
age_pnad,age_25_34,25–34 anos,ln_desligamentos,Desligamentos (log),strict_no_tail_binning,treated,Exposed,6,estimated,-0.0616410231680384,0.2818789927881874,0.0325485824730321,75,94.02203435381573,88.21120018480089,100.21565204316644,adequate,75,266
age_pnad,age_25_34,25–34 anos,ln_desligamentos,Desligamentos (log),strict_no_tail_binning,treated,Exposed,7,estimated,-0.0056502852994167,0.2559891690140718,0.0295590831279805,75,99.43656475400785,93.8393331202092,105.36765428002172,adequate,75,266
age_pnad,age_25_34,25–34 anos,ln_desligamentos,Desligamentos (log),strict_no_tail_binning,treated,Exposed,8,estimated,0.0015503975843084,0.2489773950633787,0.0287494332123946,75,100.15516000720076,94.66758919621994,105.96082736697096,adequate,75,266
age_pnad,age_25_34,25–34 anos,ln_desligamentos,Desligamentos (log),strict_no_tail_binning,treated,Exposed,9,estimated,-0.0570172543969019,0.2221826378790941,0.0256554411577512,75,94.4577771106148,89.82544319067422,99.32900233777978,adequate,75,266
age_pnad,age_25_34,25–34 anos,ln_desligamentos,Desligamentos (log),strict_no_tail_binning,treated,Exposed,10,estimated,-0.1020453519417727,0.2448215078547205,0.0282695526926665,75,90.29885984538916,85.4316388711089,95.4433766824845,adequate,75,266
age_pnad,age_25_34,25–34 anos,ln_desligamentos,Desligamentos (log),strict_no_tail_binning,treated,Exposed,11,estimated,-0.0911537626158536,0.1946155308706087,0.0224722658273255,75,91.28773337003764,87.35417069262881,95.39842457164194,adequate,75,266
age_pnad,age_25_34,25–34 anos,ln_desligamentos,Desligamentos (log),strict_no_tail_binning,treated,Exposed,12,estimated,-0.1367184260686301,0.3455914325604899,0.0399054613236854,75,87.22157847865543,80.65953751945581,94.3174730015434,adequate,75,266
age_pnad,age_25_34,25–34 anos,ln_desligamentos,Desligamentos (log),strict_no_tail_binning,treated,Exposed,13,estimated,-0.0389175980003624,0.2417220517348954,0.0279116583276421,75,96.18299625932296,91.06246846598388,101.59145612087906,adequate,75,266
age_pnad,age_25_34,25–34 anos,ln_desligamentos,Desligamentos (log),strict_no_tail_binning,treated,Exposed,14,estimated,0.0077039015029126,0.272435716049052,0.0314581667995577,75,100.77336529036424,94.74755894942152,107.18240411202902,adequate,75,266
age_pnad,age_25_34,25–34 anos,ln_desligamentos,Desligamentos (log),strict_no_tail_binning,treated,Exposed,15,estimated,0.0556319273228817,0.2913916043911452,0.0336470042469649,75,105.72084825573982,98.9736828489425,112.92797675288875,adequate,75,266
age_pnad,age_25_34,25–34 anos,ln_desligamentos,Desligamentos (log),strict_no_tail_binning,treated,Exposed,16,estimated,0.0165840318122574,0.3317755491757675,0.038310140525433,75,101.67223102147322,94.3174615190157,109.60051717252476,adequate,75,266
age_pnad,age_25_34,25–34 anos,ln_desligamentos,Desligamentos (log),strict_no_tail_binning,treated,Exposed,17,estimated,0.0329184736744176,0.2637891139262542,0.0304597431869231,75,103.34662810982124,97.35728508969116,109.70443076581458,adequate,75,266
age_pnad,age_25_34,25–34 anos,ln_desligamentos,Desligamentos (log),strict_no_tail_binning,treated,Exposed,18,estimated,-0.0031859115370182,0.2950264015518291,0.034066714470799,75,99.6819158093915,93.24342196340328,106.56499011083638,adequate,75,266
age_pnad,age_25_34,25–34 anos,ln_desligamentos,Desligamentos (log),strict_no_tail_binning,treated,Exposed,19,estimated,0.0590919310992334,0.304907079496371,0.0352076368850104,75,106.08727634566964,99.01339547332768,113.66654126586567,adequate,75,266
age_pnad,age_25_34,25–34 anos,ln_desligamentos,Desligamentos (log),strict_no_tail_binning,treated,Exposed,20,estimated,0.0618552047539667,0.2295064369113012,0.0265011206262983,75,106.38082991913583,100.9962304951428,112.05250848276332,adequate,75,266
age_pnad,age_25_34,25–34 anos,ln_desligamentos,Desligamentos (log),strict_no_tail_binning,treated,Exposed,21,estimated,0.00367121771371,0.3179109680085658,0.0367091965916159,75,100.36779648877156,93.40000309597067,107.85539869479994,adequate,75,266
age_pnad,age_25_34,25–34 anos,ln_desligamentos,Desligamentos (log),strict_no_tail_binning,treated,Exposed,22,estimated,0.1004185799687267,0.2984653062462918,0.0344638049810121,75,110.56336173155344,103.34156926443336,118.28983287550588,adequate,75,266
age_pnad,age_25_34,25–34 anos,ln_desligamentos,Desligamentos (log),strict_no_tail_binning,treated,Exposed,23,estimated,-0.088206145315682,0.2681258808747685,0.0309605098999506,75,91.55721163650044,86.1664974344769,97.28517756016905,adequate,75,266
age_pnad,age_25_34,25–34 anos,ln_desligamentos,Desligamentos (log),strict_no_tail_binning,treated,Exposed,24,estimated,-0.1467365522523925,0.3595518547637432,0.0415174720270952,75,86.35214402311604,79.60360562035443,93.67280186969718,adequate,75,266
age_pnad,age_25_34,25–34 anos,ln_desligamentos,Desligamentos (log),strict_no_tail_binning,control,Not Exposed,-12,estimated,0.0049648442544899,0.3242130706085924,0.0199539351280996,264,100.49771895160367,96.64314889223154,104.50602686526672,adequate,75,266
age_pnad,age_25_34,25–34 anos,ln_desligamentos,Desligamentos (log),strict_no_tail_binning,control,Not Exposed,-11,estimated,-0.061884124908828,0.2483723336347475,0.0152862604325586,264,93.99918021164515,91.22463585870956,96.85811072073194,adequate,75,266
age_pnad,age_25_34,25–34 anos,ln_desligamentos,Desligamentos (log),strict_no_tail_binning,control,Not Exposed,-10,estimated,0.0250598455888624,0.2546376808910061,0.0156718659001967,264,102.5376482947703,99.43589591846762,105.73615514504876,adequate,75,266
age_pnad,age_25_34,25–34 anos,ln_desligamentos,Desligamentos (log),strict_no_tail_binning,control,Not Exposed,-9,estimated,0.1024203618224424,0.2092767022222592,0.0128800906518878,264,110.7849071315541,108.02315152602552,113.61727069395968,adequate,75,266
age_pnad,age_25_34,25–34 anos,ln_desligamentos,Desligamentos (log),strict_no_tail_binning,control,Not Exposed,-8,estimated,0.0112982053664167,0.2323750925442192,0.0143016983038641,264,101.13622711374104,98.3406097782507,104.01131798823138,adequate,75,266
age_pnad,age_25_34,25–34 anos,ln_desligamentos,Desligamentos (log),strict_no_tail_binning,control,Not Exposed,-7,estimated,-0.0028065786833199,0.2804435144592259,0.017260105165135,264,99.71973560767007,96.4026606347441,103.15094629327834,adequate,75,266
age_pnad,age_25_34,25–34 anos,ln_desligamentos,Desligamentos (log),strict_no_tail_binning,control,Not Exposed,-6,estimated,-0.0174823165919438,0.2158719689873989,0.0132609096410289,265,98.26696124591736,95.74577353881388,100.85453713100006,adequate,75,266
age_pnad,age_25_34,25–34 anos,ln_desligamentos,Desligamentos (log),strict_no_tail_binning,control,Not Exposed,-5,estimated,-0.0220882474524836,0.252559290416186,0.0155439498090053,264,97.8153911651516,94.88027151474073,100.8413086940328,adequate,75,266
age_pnad,age_25_34,25–34 anos,ln_desligamentos,Desligamentos (log),strict_no_tail_binning,control,Not Exposed,-4,estimated,0.0379266631678671,0.2243680397389379,0.013808898269788,264,103.8655058413672,101.09204197606957,106.71505978914566,adequate,75,266
age_pnad,age_25_34,25–34 anos,ln_desligamentos,Desligamentos (log),strict_no_tail_binning,control,Not Exposed,-3,estimated,0.0015515398869308,0.2715898352480326,0.0166836309574603,265,100.15527441476802,96.93317360741088,103.48447925293736,adequate,75,266
age_pnad,age_25_34,25–34 anos,ln_desligamentos,Desligamentos (log),strict_no_tail_binning,control,Not Exposed,-2,estimated,-0.0298368619857676,0.2693461717084978,0.0165771109325871,264,97.06038630201986,93.95746563078048,100.26578011498744,adequate,75,266
age_pnad,age_25_34,25–34 anos,ln_desligamentos,Desligamentos (log),strict_no_tail_binning,control,Not Exposed,-1,estimated,-0.0490629866135109,0.3207055935266115,0.0197380648363012,264,95.21211569224567,91.59902177358909,98.96772693709497,adequate,75,266
age_pnad,age_25_34,25–34 anos,ln_desligamentos,Desligamentos (log),strict_no_tail_binning,control,Not Exposed,0,estimated,0.0131288454479405,0.3752365770788625,0.0231380785668069,263,101.32154071428936,96.82918022342062,106.0223229095798,adequate,75,266
age_pnad,age_25_34,25–34 anos,ln_desligamentos,Desligamentos (log),strict_no_tail_binning,control,Not Exposed,1,estimated,0.0145533044756103,0.260498174883375,0.0160325543718947,264,101.46597194141802,98.32710079279238,104.70504447916464,adequate,75,266
age_pnad,age_25_34,25–34 anos,ln_desligamentos,Desligamentos (log),strict_no_tail_binning,control,Not Exposed,2,estimated,-0.0348139281516555,0.2557006684596485,0.0157075672005939,265,96.5785104959127,93.6504679920561,99.5981001440411,adequate,75,266
age_pnad,age_25_34,25–34 anos,ln_desligamentos,Desligamentos (log),strict_no_tail_binning,control,Not Exposed,3,estimated,0.1698715089922934,0.2959537204152355,0.0182146923533959,264,118.51525600898162,114.3588027158048,122.82277859956348,adequate,75,266
age_pnad,age_25_34,25–34 anos,ln_desligamentos,Desligamentos (log),strict_no_tail_binning,control,Not Exposed,4,estimated,-0.0058386445214438,0.3366101101508081,0.0206777946942579,265,99.4178367238837,95.46914095105345,103.52985436335106,adequate,75,266
age_pnad,age_25_34,25–34 anos,ln_desligamentos,Desligamentos (log),strict_no_tail_binning,control,Not Exposed,5,estimated,0.0806566084855831,0.328070037871139,0.0202296651642315,263,108.399859672836,104.18588408949122,112.78427667799342,adequate,75,266
age_pnad,age_25_34,25–34 anos,ln_desligamentos,Desligamentos (log),strict_no_tail_binning,control,Not Exposed,6,estimated,0.0482059126980023,0.3347143158443201,0.0206002420947023,264,104.93867151287384,100.78601683913004,109.26242671603823,adequate,75,266
age_pnad,age_25_34,25–34 anos,ln_desligamentos,Desligamentos (log),strict_no_tail_binning,control,Not Exposed,7,estimated,-0.0020562460362666,0.3169045579658561,0.0195411721785643,263,99.794586658934,96.04465528003104,103.69092894748606,adequate,75,266
age_pnad,age_25_34,25–34 anos,ln_desligamentos,Desligamentos (log),strict_no_tail_binning,control,Not Exposed,8,estimated,0.095173207110708,0.2695423189535033,0.0165891829610067,264,109.98493403553856,106.46630972524709,113.61984599653316,adequate,75,266
age_pnad,age_25_34,25–34 anos,ln_desligamentos,Desligamentos (log),strict_no_tail_binning,control,Not Exposed,9,estimated,0.0009492809868752,0.3025008985730039,0.0186176433139694,264,100.09497316966768,96.5082875572466,103.8149562843858,adequate,75,266
age_pnad,age_25_34,25–34 anos,ln_desligamentos,Desligamentos (log),strict_no_tail_binning,control,Not Exposed,10,estimated,0.0193852889361535,0.2764313072662722,0.0170131708823857,264,101.9574403687784,98.6136470252186,105.4146151180738,adequate,75,266
age_pnad,age_25_34,25–34 anos,ln_desligamentos,Desligamentos (log),strict_no_tail_binning,control,Not Exposed,11,estimated,0.007026370905329,0.3151702282345467,0.0194342288259302,263,100.70511137662704,96.94128329802012,104.61507329340232,adequate,75,266
age_pnad,age_25_34,25–34 anos,ln_desligamentos,Desligamentos (log),strict_no_tail_binning,control,Not Exposed,12,estimated,0.04839096001203,0.4271693726881711,0.0262904574924466,264,104.95809192896743,99.68665827577492,110.50827916103044,adequate,75,266
age_pnad,age_25_34,25–34 anos,ln_desligamentos,Desligamentos (log),strict_no_tail_binning,control,Not Exposed,13,estimated,0.0171688372648884,0.3092477391457882,0.019069032503883,263,101.73170688576556,97.99963160642253,105.6059090860201,adequate,75,266
age_pnad,age_25_34,25–34 anos,ln_desligamentos,Desligamentos (log),strict_no_tail_binning,control,Not Exposed,14,estimated,0.073792354675567,0.3347990327238769,0.0206445927621494,263,107.6583234810248,103.38905845753328,112.10388011711764,adequate,75,266
age_pnad,age_25_34,25–34 anos,ln_desligamentos,Desligamentos (log),strict_no_tail_binning,control,Not Exposed,15,estimated,0.1063565679671506,0.3328806731598515,0.020487389188725,264,111.2218387260186,106.84417569901728,115.77886514323374,adequate,75,266
age_pnad,age_25_34,25–34 anos,ln_desligamentos,Desligamentos (log),strict_no_tail_binning,control,Not Exposed,16,estimated,0.140847548105536,0.29170083364648,0.0179870439589284,263,115.12491244956108,111.1369392556992,119.25598775062032,adequate,75,266
age_pnad,age_25_34,25–34 anos,ln_desligamentos,Desligamentos (log),strict_no_tail_binning,control,Not Exposed,17,estimated,0.0955697214332581,0.3524347430270805,0.0216908589960606,264,110.02855328440536,105.44883128981556,114.8071760471799,adequate,75,266
age_pnad,age_25_34,25–34 anos,ln_desligamentos,Desligamentos (log),strict_no_tail_binning,control,Not Exposed,18,estimated,0.0336502636713933,0.3488242656628649,0.0215094256741922,263,103.42228381716188,99.15278817411192,107.87562293432585,adequate,75,266
age_pnad,age_25_34,25–34 anos,ln_desligamentos,Desligamentos (log),strict_no_tail_binning,control,Not Exposed,19,estimated,0.1074440951741834,0.3088330079132427,0.0190434590805312,263,111.34286129739093,107.26357265516188,115.5772873773792,adequate,75,266
age_pnad,age_25_34,25–34 anos,ln_desligamentos,Desligamentos (log),strict_no_tail_binning,control,Not Exposed,20,estimated,0.0943126438146054,0.2967324202148798,0.0182626180130777,264,109.89032575223004,106.02639775125122,113.89506717244598,adequate,75,266
age_pnad,age_25_34,25–34 anos,ln_desligamentos,Desligamentos (log),strict_no_tail_binning,control,Not Exposed,21,estimated,0.0473080990345385,0.3356520530279881,0.0206971922474375,263,104.844498421034,100.67643779827948,109.1851190760551,adequate,75,266
age_pnad,age_25_34,25–34 anos,ln_desligamentos,Desligamentos (log),strict_no_tail_binning,control,Not Exposed,22,estimated,0.128205408735095,0.3416451744400809,0.0210268069538618,264,113.6786484590502,109.08888984951304,118.46151458047864,adequate,75,266
age_pnad,age_25_34,25–34 anos,ln_desligamentos,Desligamentos (log),strict_no_tail_binning,control,Not Exposed,23,estimated,-0.008677753781313,0.3789239204724326,0.0233654499009327,263,99.13597892491543,94.69830963987084,103.78160238314771,adequate,75,266
age_pnad,age_25_34,25–34 anos,ln_desligamentos,Desligamentos (log),strict_no_tail_binning,control,Not Exposed,24,estimated,0.039721216104371,0.4526744985173836,0.0278601894754132,264,104.05206533525345,98.52254751071438,109.89192397156016,adequate,75,266
age_pnad,age_25_34,25–34 anos,ln_salario_real_adm,Salário real de admissão (log),strict_no_tail_binning,treated,Exposed,-12,estimated,0.0018707121750434,0.1645080916083539,0.0189957581947909,75,100.18724630486876,96.52569208200566,103.98769597657856,adequate,75,266
age_pnad,age_25_34,25–34 anos,ln_salario_real_adm,Salário real de admissão (log),strict_no_tail_binning,treated,Exposed,-11,estimated,0.0245970291206746,0.1460912374213043,0.0168691630502871,75,102.49020316257138,99.156920967501,105.93553774978508,adequate,75,266
age_pnad,age_25_34,25–34 anos,ln_salario_real_adm,Salário real de admissão (log),strict_no_tail_binning,treated,Exposed,-10,estimated,0.0005142451684237,0.1957339184940453,0.0227536058470079,74,100.05143774151388,95.68747036352636,104.6144302499995,adequate,75,266
age_pnad,age_25_34,25–34 anos,ln_salario_real_adm,Salário real de admissão (log),strict_no_tail_binning,treated,Exposed,-9,estimated,0.0010039270263435,0.2263053158698877,0.0263074586050486,74,100.1004431129761,95.06981288128064,105.39726972984433,adequate,75,266
age_pnad,age_25_34,25–34 anos,ln_salario_real_adm,Salário real de admissão (log),strict_no_tail_binning,treated,Exposed,-8,estimated,0.0113571490268606,0.2487161665757993,0.0287192691448699,75,101.14218862886564,95.60619005505,106.99874469160162,adequate,75,266
age_pnad,age_25_34,25–34 anos,ln_salario_real_adm,Salário real de admissão (log),strict_no_tail_binning,treated,Exposed,-7,estimated,0.0018173275164088,0.1331994245494224,0.0154841185859058,74,100.18189798568562,97.18716360573836,103.2689123918596,adequate,75,266
age_pnad,age_25_34,25–34 anos,ln_salario_real_adm,Salário real de admissão (log),strict_no_tail_binning,treated,Exposed,-6,estimated,-0.038731490641285,0.179332303519598,0.0207075107422871,75,96.20089828854296,92.37459309119735,100.1856952418282,adequate,75,266
age_pnad,age_25_34,25–34 anos,ln_salario_real_adm,Salário real de admissão (log),strict_no_tail_binning,treated,Exposed,-5,estimated,-0.0081387062234077,0.193221550895368,0.0224615490460052,74,99.189432337927,94.91738138951614,103.65376018060786,adequate,75,266
age_pnad,age_25_34,25–34 anos,ln_salario_real_adm,Salário real de admissão (log),strict_no_tail_binning,treated,Exposed,-4,estimated,-0.0098771989975362,0.2655594701973039,0.0308706613564962,74,99.01714203265657,93.20361334459632,105.1932866601004,adequate,75,266
age_pnad,age_25_34,25–34 anos,ln_salario_real_adm,Salário real de admissão (log),strict_no_tail_binning,treated,Exposed,-3,estimated,-0.0128508059380426,0.148077307398894,0.0172136373366641,74,98.72314130981192,95.44790973455297,102.11076027942455,adequate,75,266
age_pnad,age_25_34,25–34 anos,ln_salario_real_adm,Salário real de admissão (log),strict_no_tail_binning,treated,Exposed,-2,estimated,-0.0054854761498703,0.120035984492023,0.0140491493297633,73,99.45295416020372,96.75174589291538,102.22957735707216,adequate,75,266
age_pnad,age_25_34,25–34 anos,ln_salario_real_adm,Salário real de admissão (log),strict_no_tail_binning,treated,Exposed,-1,estimated,0.0338614112159663,0.3395597335021664,0.0394730172321073,74,103.44412348405886,95.74270942909403,111.76502886948305,adequate,75,266
age_pnad,age_25_34,25–34 anos,ln_salario_real_adm,Salário real de admissão (log),strict_no_tail_binning,treated,Exposed,0,estimated,0.0406507608211582,0.3390710638893631,0.0394162105434931,74,104.14883135005796,96.40568511928258,112.51389436382163,adequate,75,266
age_pnad,age_25_34,25–34 anos,ln_salario_real_adm,Salário real de admissão (log),strict_no_tail_binning,treated,Exposed,1,estimated,0.0057461151532289,0.1954734752313473,0.0227233299326925,74,100.57626557391002,96.1951147803568,105.15695334311611,adequate,75,266
age_pnad,age_25_34,25–34 anos,ln_salario_real_adm,Salário real de admissão (log),strict_no_tail_binning,treated,Exposed,2,estimated,-0.029649383519944,0.1851123505457187,0.021374933083579,75,97.07858474019034,93.09550797204858,101.23207682574647,adequate,75,266
age_pnad,age_25_34,25–34 anos,ln_salario_real_adm,Salário real de admissão (log),strict_no_tail_binning,treated,Exposed,3,estimated,-0.0122504986565986,0.2111964439293197,0.0243868647508968,75,98.7824233223188,94.17186203219116,103.61871313635264,adequate,75,266
age_pnad,age_25_34,25–34 anos,ln_salario_real_adm,Salário real de admissão (log),strict_no_tail_binning,treated,Exposed,4,estimated,0.0154696636541864,0.1872983872487252,0.0216273548593668,75,101.55899383034124,97.34391603899554,105.95658822375148,adequate,75,266
age_pnad,age_25_34,25–34 anos,ln_salario_real_adm,Salário real de admissão (log),strict_no_tail_binning,treated,Exposed,5,estimated,-0.0115003947950659,0.1913131896170138,0.0220909443049817,75,98.85654819670614,94.66757460597222,103.23088092246492,adequate,75,266
age_pnad,age_25_34,25–34 anos,ln_salario_real_adm,Salário real de admissão (log),strict_no_tail_binning,treated,Exposed,6,estimated,0.0048562767927368,0.1980142189660178,0.0228647125246807,75,100.48680876160164,96.08292553264528,105.0925404187441,adequate,75,266
age_pnad,age_25_34,25–34 anos,ln_salario_real_adm,Salário real de admissão (log),strict_no_tail_binning,treated,Exposed,7,estimated,0.001504556240836,0.2235044147253522,0.0258080668013503,75,100.1505688653432,95.21056678688184,105.3468830461138,adequate,75,266
age_pnad,age_25_34,25–34 anos,ln_salario_real_adm,Salário real de admissão (log),strict_no_tail_binning,treated,Exposed,8,estimated,-0.0223193791905041,0.1692880467107038,0.0195476998678021,75,97.7927855363262,94.11687067473528,101.61227030172708,adequate,75,266
age_pnad,age_25_34,25–34 anos,ln_salario_real_adm,Salário real de admissão (log),strict_no_tail_binning,treated,Exposed,9,estimated,-0.0017743406447963,0.2443352986862306,0.0282134100938045,75,99.82272325669568,94.4525471252906,105.49822510519402,adequate,75,266
age_pnad,age_25_34,25–34 anos,ln_salario_real_adm,Salário real de admissão (log),strict_no_tail_binning,treated,Exposed,10,estimated,-0.0244890393533835,0.1785015536085975,0.020611584005338,75,97.5808384350659,93.71726607233742,101.60368978690316,adequate,75,266
age_pnad,age_25_34,25–34 anos,ln_salario_real_adm,Salário real de admissão (log),strict_no_tail_binning,treated,Exposed,11,estimated,-0.0204573285498076,0.1973630534825496,0.0227895224112473,75,97.9750502957328,93.6950531704856,102.4505580138262,adequate,75,266
age_pnad,age_25_34,25–34 anos,ln_salario_real_adm,Salário real de admissão (log),strict_no_tail_binning,treated,Exposed,12,estimated,-0.0094714495865726,0.1745097703810187,0.0201506525811401,75,99.05732633153808,95.2212810581347,103.04790894340282,adequate,75,266
age_pnad,age_25_34,25–34 anos,ln_salario_real_adm,Salário real de admissão (log),strict_no_tail_binning,treated,Exposed,13,estimated,-0.0077671656723412,0.1620496392088249,0.0187118805638593,75,99.22629208129848,95.65306453394288,102.93300155280768,adequate,75,266
age_pnad,age_25_34,25–34 anos,ln_salario_real_adm,Salário real de admissão (log),strict_no_tail_binning,treated,Exposed,14,estimated,-0.0210945037159505,0.2262291006951214,0.0262985987709455,74,97.91264291111196,92.99357722588364,103.09191159032576,adequate,75,266
age_pnad,age_25_34,25–34 anos,ln_salario_real_adm,Salário real de admissão (log),strict_no_tail_binning,treated,Exposed,15,estimated,-0.0069231450233453,0.1834552601471929,0.0211835887660469,75,99.31007647364318,95.27116623241707,103.52021161513854,adequate,75,266
age_pnad,age_25_34,25–34 anos,ln_salario_real_adm,Salário real de admissão (log),strict_no_tail_binning,treated,Exposed,16,estimated,0.0213889992766007,0.1712687058910757,0.0197764066899942,75,102.1619383552768,98.27772784173932,106.19966372558594,adequate,75,266
age_pnad,age_25_34,25–34 anos,ln_salario_real_adm,Salário real de admissão (log),strict_no_tail_binning,treated,Exposed,17,estimated,0.0199112621772833,0.2331239933824063,0.0269188400667785,75,102.01108135977276,96.7684026057926,107.5377958090553,adequate,75,266
age_pnad,age_25_34,25–34 anos,ln_salario_real_adm,Salário real de admissão (log),strict_no_tail_binning,treated,Exposed,18,estimated,0.0266979539736767,0.1776422517633969,0.0205123603750097,75,102.7057537260682,98.65845280836704,106.91908851367248,adequate,75,266
age_pnad,age_25_34,25–34 anos,ln_salario_real_adm,Salário real de admissão (log),strict_no_tail_binning,treated,Exposed,19,estimated,0.0273096245410149,0.1894153974556282,0.0218718061419333,75,102.7685950298474,98.4561302200476,107.26994957860198,adequate,75,266
age_pnad,age_25_34,25–34 anos,ln_salario_real_adm,Salário real de admissão (log),strict_no_tail_binning,treated,Exposed,20,estimated,0.0385874851089595,0.2245456948974361,0.0259283034788812,75,103.93416512983345,98.78425169787236,109.35255868793656,adequate,75,266
age_pnad,age_25_34,25–34 anos,ln_salario_real_adm,Salário real de admissão (log),strict_no_tail_binning,treated,Exposed,21,estimated,0.0234353707852621,0.1742165196801918,0.0201167909069276,75,102.3712136897068,98.41336781363496,106.48823046224068,adequate,75,266
age_pnad,age_25_34,25–34 anos,ln_salario_real_adm,Salário real de admissão (log),strict_no_tail_binning,treated,Exposed,22,estimated,0.0012873788917448,0.1365722776304178,0.0157700082507524,75,100.128820791967,97.08125892703696,103.27205131038608,adequate,75,266
age_pnad,age_25_34,25–34 anos,ln_salario_real_adm,Salário real de admissão (log),strict_no_tail_binning,treated,Exposed,23,estimated,-0.0065821992117975,0.134286278988452,0.0155060438644911,75,99.34394160101998,96.37011477083038,102.4095359468651,adequate,75,266
age_pnad,age_25_34,25–34 anos,ln_salario_real_adm,Salário real de admissão (log),strict_no_tail_binning,treated,Exposed,24,estimated,-0.0135921857043869,0.1400555895023152,0.0162811315725177,74,98.6499770949603,95.55165414871377,101.84876512645069,adequate,75,266
age_pnad,age_25_34,25–34 anos,ln_salario_real_adm,Salário real de admissão (log),strict_no_tail_binning,control,Not Exposed,-12,estimated,-0.03159086318313,0.2675371537537975,0.0166239498624624,259,96.89029148509428,93.78419838197468,100.09925708199958,adequate,75,266
age_pnad,age_25_34,25–34 anos,ln_salario_real_adm,Salário real de admissão (log),strict_no_tail_binning,control,Not Exposed,-11,estimated,0.0191797159206631,0.2508868239514323,0.0154998397470707,262,101.93648282453668,98.88625161815972,105.08080102743853,adequate,75,266
age_pnad,age_25_34,25–34 anos,ln_salario_real_adm,Salário real de admissão (log),strict_no_tail_binning,control,Not Exposed,-10,estimated,0.0387376653916241,0.3037250388271179,0.0186929839384928,264,103.9497751642615,100.21016221908042,107.82894186996032,adequate,75,266
age_pnad,age_25_34,25–34 anos,ln_salario_real_adm,Salário real de admissão (log),strict_no_tail_binning,control,Not Exposed,-9,estimated,-0.0224114845669199,0.207957766769704,0.0127989157862076,264,97.78377870979855,95.3612991136884,100.26779697461514,adequate,75,266
age_pnad,age_25_34,25–34 anos,ln_salario_real_adm,Salário real de admissão (log),strict_no_tail_binning,control,Not Exposed,-8,estimated,-0.0271683582170395,0.2616520495897551,0.016164917608104,262,97.3197381955118,94.2846680306688,100.45250877228732,adequate,75,266
age_pnad,age_25_34,25–34 anos,ln_salario_real_adm,Salário real de admissão (log),strict_no_tail_binning,control,Not Exposed,-7,estimated,-0.0481743152653698,0.22860963358786,0.0141235503301454,262,95.29676557885078,92.69492384099252,97.97163807339292,adequate,75,266
age_pnad,age_25_34,25–34 anos,ln_salario_real_adm,Salário real de admissão (log),strict_no_tail_binning,control,Not Exposed,-6,estimated,0.0011850010900106,0.2348825541132652,0.014483478751867,263,100.11857034812198,97.31640417117552,103.0014231816511,adequate,75,266
age_pnad,age_25_34,25–34 anos,ln_salario_real_adm,Salário real de admissão (log),strict_no_tail_binning,control,Not Exposed,-5,estimated,0.0202620075881309,0.2891802952243734,0.0178656183030803,262,102.04686755397016,98.53537115146258,105.68350284661156,adequate,75,266
age_pnad,age_25_34,25–34 anos,ln_salario_real_adm,Salário real de admissão (log),strict_no_tail_binning,control,Not Exposed,-4,estimated,0.0223745716577641,0.3044275441538042,0.0188075964877761,262,102.26267597407896,98.56161331667218,106.10271631593211,adequate,75,266
age_pnad,age_25_34,25–34 anos,ln_salario_real_adm,Salário real de admissão (log),strict_no_tail_binning,control,Not Exposed,-3,estimated,0.0143617646124183,0.2453107324982477,0.0151553476666253,262,101.44653902418229,98.47743830239854,104.50515831233072,adequate,75,266
age_pnad,age_25_34,25–34 anos,ln_salario_real_adm,Salário real de admissão (log),strict_no_tail_binning,control,Not Exposed,-2,estimated,0.0228150125596102,0.2732027292672462,0.0168785209817332,262,102.30772655964218,98.97856360274127,105.74886655066216,adequate,75,266
age_pnad,age_25_34,25–34 anos,ln_salario_real_adm,Salário real de admissão (log),strict_no_tail_binning,control,Not Exposed,-1,estimated,-0.0099853710616757,0.2122036618904841,0.0130602325666869,264,99.00643172330626,96.50422203980725,101.57351994960744,adequate,75,266
age_pnad,age_25_34,25–34 anos,ln_salario_real_adm,Salário real de admissão (log),strict_no_tail_binning,control,Not Exposed,0,estimated,-0.0229790954543131,0.2080197553770097,0.0129008375737497,260,97.72829132150504,95.2881490601478,100.23092083142772,adequate,75,266
age_pnad,age_25_34,25–34 anos,ln_salario_real_adm,Salário real de admissão (log),strict_no_tail_binning,control,Not Exposed,1,estimated,0.0326527968876607,0.241244692090202,0.0148757849857347,263,103.3191749567371,100.35023773558956,106.37595041745452,adequate,75,266
age_pnad,age_25_34,25–34 anos,ln_salario_real_adm,Salário real de admissão (log),strict_no_tail_binning,control,Not Exposed,2,estimated,0.0120201295778544,0.2233083314899757,0.0137960347927654,262,101.2092661659058,98.5092140415474,103.98332437736155,adequate,75,266
age_pnad,age_25_34,25–34 anos,ln_salario_real_adm,Salário real de admissão (log),strict_no_tail_binning,control,Not Exposed,3,estimated,0.0390955163941015,0.2905064785410367,0.0179475501820039,262,103.9869803520712,100.39260046817884,107.71005066423692,adequate,75,266
age_pnad,age_25_34,25–34 anos,ln_salario_real_adm,Salário real de admissão (log),strict_no_tail_binning,control,Not Exposed,4,estimated,0.0319857812172786,0.3206302118309463,0.0197709058375649,263,103.2502824267428,99.32576381845232,107.329864995427,adequate,75,266
age_pnad,age_25_34,25–34 anos,ln_salario_real_adm,Salário real de admissão (log),strict_no_tail_binning,control,Not Exposed,5,estimated,0.0487820715715804,0.3068567196706002,0.0189576714523949,262,104.9991502806638,101.16928688504647,108.97399694225744,adequate,75,266
age_pnad,age_25_34,25–34 anos,ln_salario_real_adm,Salário real de admissão (log),strict_no_tail_binning,control,Not Exposed,6,estimated,0.0335134171695862,0.2963086021839061,0.0183060065777633,262,103.40813180776117,99.7636441889723,107.18575700498836,adequate,75,266
age_pnad,age_25_34,25–34 anos,ln_salario_real_adm,Salário real de admissão (log),strict_no_tail_binning,control,Not Exposed,7,estimated,0.0322803796740712,0.267469114880825,0.0165559225799038,261,103.28070428150482,99.98307857358084,106.6870917465651,adequate,75,266
age_pnad,age_25_34,25–34 anos,ln_salario_real_adm,Salário real de admissão (log),strict_no_tail_binning,control,Not Exposed,8,estimated,0.0235857154716705,0.2800730212922086,0.0173360848010417,261,102.38660581475936,98.96608099832478,105.9253528534121,adequate,75,266
age_pnad,age_25_34,25–34 anos,ln_salario_real_adm,Salário real de admissão (log),strict_no_tail_binning,control,Not Exposed,9,estimated,0.0201063877970609,0.2833127805512122,0.0175031220359778,262,102.03098827735894,98.59006092939656,105.5920086742792,adequate,75,266
age_pnad,age_25_34,25–34 anos,ln_salario_real_adm,Salário real de admissão (log),strict_no_tail_binning,control,Not Exposed,10,estimated,0.0284201225677382,0.2306899339702108,0.0142520717169778,262,102.88278274271735,100.04861801497384,105.79723333410752,adequate,75,266
age_pnad,age_25_34,25–34 anos,ln_salario_real_adm,Salário real de admissão (log),strict_no_tail_binning,control,Not Exposed,11,estimated,0.0065078537751998,0.2220027862811247,0.0137153779404005,262,100.65290758673596,97.98318663475143,103.395369691629,adequate,75,266
age_pnad,age_25_34,25–34 anos,ln_salario_real_adm,Salário real de admissão (log),strict_no_tail_binning,control,Not Exposed,12,estimated,0.0306194161453239,0.3247839069573177,0.0202201628416505,258,103.10930118502148,99.10283842596712,107.27773452024334,adequate,75,266
age_pnad,age_25_34,25–34 anos,ln_salario_real_adm,Salário real de admissão (log),strict_no_tail_binning,control,Not Exposed,13,estimated,0.0120811019717236,0.2473240531809996,0.0153089745649216,261,101.21543732527896,98.22351999300136,104.29848934020504,adequate,75,266
age_pnad,age_25_34,25–34 anos,ln_salario_real_adm,Salário real de admissão (log),strict_no_tail_binning,control,Not Exposed,14,estimated,0.0202721582132464,0.2500671721725429,0.015419802413056,263,102.04790339872412,99.00986894424526,105.17915738217536,adequate,75,266
age_pnad,age_25_34,25–34 anos,ln_salario_real_adm,Salário real de admissão (log),strict_no_tail_binning,control,Not Exposed,15,estimated,0.0343038212112188,0.2902470627326525,0.0180003586956709,260,103.4898983231149,99.9023595161426,107.20626726737191,adequate,75,266
age_pnad,age_25_34,25–34 anos,ln_salario_real_adm,Salário real de admissão (log),strict_no_tail_binning,control,Not Exposed,16,estimated,0.044277771772928,0.2969602110352985,0.0184879351962896,258,104.52726618075069,100.80738378363816,108.3844155570167,adequate,75,266
age_pnad,age_25_34,25–34 anos,ln_salario_real_adm,Salário real de admissão (log),strict_no_tail_binning,control,Not Exposed,17,estimated,0.0627130896549883,0.3053176578077369,0.0188266933068845,263,106.47213158444208,102.61488054394856,110.47437510078824,adequate,75,266
age_pnad,age_25_34,25–34 anos,ln_salario_real_adm,Salário real de admissão (log),strict_no_tail_binning,control,Not Exposed,18,estimated,0.0664502493893149,0.3426042085059581,0.0211661586881196,262,106.870779388717,102.52788028251788,111.39763599598469,adequate,75,266
age_pnad,age_25_34,25–34 anos,ln_salario_real_adm,Salário real de admissão (log),strict_no_tail_binning,control,Not Exposed,19,estimated,0.072358566068782,0.3392506194562095,0.0209190893593669,263,107.50407480981056,103.18539656820832,112.00350519633632,adequate,75,266
age_pnad,age_25_34,25–34 anos,ln_salario_real_adm,Salário real de admissão (log),strict_no_tail_binning,control,Not Exposed,20,estimated,0.0428018683546983,0.2988050381203357,0.0184602369049844,262,104.37310782070506,100.66417633523145,108.218693409602,adequate,75,266
age_pnad,age_25_34,25–34 anos,ln_salario_real_adm,Salário real de admissão (log),strict_no_tail_binning,control,Not Exposed,21,estimated,0.0406395823012067,0.2551934879259183,0.0157960803469949,261,104.14766712677591,100.97262604100364,107.42254602296872,adequate,75,266
age_pnad,age_25_34,25–34 anos,ln_salario_real_adm,Salário real de admissão (log),strict_no_tail_binning,control,Not Exposed,22,estimated,0.0223317072792613,0.2513631884401358,0.0154997181996695,263,102.25829264197436,99.19845559749538,105.4125122318506,adequate,75,266
age_pnad,age_25_34,25–34 anos,ln_salario_real_adm,Salário real de admissão (log),strict_no_tail_binning,control,Not Exposed,23,estimated,0.0056739139058022,0.2178056736125425,0.0134818327394538,261,100.5690041042208,97.9463331472045,103.26190130379015,adequate,75,266
age_pnad,age_25_34,25–34 anos,ln_salario_real_adm,Salário real de admissão (log),strict_no_tail_binning,control,Not Exposed,24,estimated,0.0014084895188584,0.3063854813989281,0.0190747268983927,258,100.14094819060884,96.46615397247092,103.95573049772472,adequate,75,266
age_pnad,age_35_44,35–44 anos,ln_admissoes,Admissões (log),strict_no_tail_binning,treated,Exposed,-12,estimated,-0.2312770231847263,0.2583077826537605,0.0298268135697847,75,79.3519612254222,74.84599543309851,84.12920041860191,adequate,75,266
age_pnad,age_35_44,35–44 anos,ln_admissoes,Admissões (log),strict_no_tail_binning,treated,Exposed,-11,estimated,0.0068382538340038,0.2161910822573432,0.0249635959075347,75,100.68616880777353,95.87831082761224,105.7351188363644,adequate,75,266
age_pnad,age_35_44,35–44 anos,ln_admissoes,Admissões (log),strict_no_tail_binning,treated,Exposed,-10,estimated,0.0242345523863032,0.233812126958026,0.026998298887803,75,102.45305958067276,97.17253137977792,108.02054107674805,adequate,75,266
age_pnad,age_35_44,35–44 anos,ln_admissoes,Admissões (log),strict_no_tail_binning,treated,Exposed,-9,estimated,0.0617591225783197,0.1928301467997426,0.0222661074325412,75,106.37060910857682,101.828267052973,111.1155753661556,adequate,75,266
age_pnad,age_35_44,35–44 anos,ln_admissoes,Admissões (log),strict_no_tail_binning,treated,Exposed,-8,estimated,0.0773425918841709,0.2417777731226504,0.0279180924792861,75,108.04121534316108,102.28809743841794,114.11791308226184,adequate,75,266
age_pnad,age_35_44,35–44 anos,ln_admissoes,Admissões (log),strict_no_tail_binning,treated,Exposed,-7,estimated,0.0466602455080813,0.1770528137461105,0.0204442979354195,75,104.77659654061355,100.66111795575014,109.06033437320276,adequate,75,266
age_pnad,age_35_44,35–44 anos,ln_admissoes,Admissões (log),strict_no_tail_binning,treated,Exposed,-6,estimated,-0.0210867726102468,0.184133145624218,0.0212618642385749,75,97.91339988703017,93.91688222618124,102.0799844520914,adequate,75,266
age_pnad,age_35_44,35–44 anos,ln_admissoes,Admissões (log),strict_no_tail_binning,treated,Exposed,-5,estimated,-0.004163368937682,0.1896032663523986,0.0218934993735579,75,99.58452858675584,95.4016198889618,103.95083799823216,adequate,75,266
age_pnad,age_35_44,35–44 anos,ln_admissoes,Admissões (log),strict_no_tail_binning,treated,Exposed,-4,estimated,0.1672610341515925,0.2843416400921472,0.0328329444898041,75,118.2062783795576,110.83899456881176,126.06325330451126,adequate,75,266
age_pnad,age_35_44,35–44 anos,ln_admissoes,Admissões (log),strict_no_tail_binning,treated,Exposed,-3,estimated,0.0344148509455015,0.2412735747035902,0.0278598726606922,75,103.50138941694142,98.00119637641288,109.31027382657206,adequate,75,266
age_pnad,age_35_44,35–44 anos,ln_admissoes,Admissões (log),strict_no_tail_binning,treated,Exposed,-2,estimated,-0.0467221309713293,0.1972838136062851,0.0227803725784689,75,95.43525457653334,91.26784406689691,99.7929545636236,adequate,75,266
age_pnad,age_35_44,35–44 anos,ln_admissoes,Admissões (log),strict_no_tail_binning,treated,Exposed,-1,estimated,-0.1152613555839882,0.221653518592117,0.0255943437251972,75,89.11332108282495,84.75323500671321,93.697709518482,adequate,75,266
age_pnad,age_35_44,35–44 anos,ln_admissoes,Admissões (log),strict_no_tail_binning,treated,Exposed,0,estimated,-0.4336671149370776,0.2618710486040405,0.0302382640809024,75,64.81279716996468,61.08315138796521,68.77016954011668,adequate,75,266
age_pnad,age_35_44,35–44 anos,ln_admissoes,Admissões (log),strict_no_tail_binning,treated,Exposed,1,estimated,-0.0693807045598439,0.1982776230143402,0.0228951278043216,75,93.297142598299,89.20303207957848,97.57915862369045,adequate,75,266
age_pnad,age_35_44,35–44 anos,ln_admissoes,Admissões (log),strict_no_tail_binning,treated,Exposed,2,estimated,-0.1119752624718834,0.2891804237675802,0.0333916791013165,75,89.406637421887,83.74255175466462,95.4538242219674,adequate,75,266
age_pnad,age_35_44,35–44 anos,ln_admissoes,Admissões (log),strict_no_tail_binning,treated,Exposed,3,estimated,0.0531256397532491,0.2193574706503689,0.0253292189457491,75,105.4562131722405,100.34864341417996,110.82374926313707,adequate,75,266
age_pnad,age_35_44,35–44 anos,ln_admissoes,Admissões (log),strict_no_tail_binning,treated,Exposed,4,estimated,-0.0211770855312076,0.2405117814862396,0.0277719083568713,75,97.90455744118474,92.71777113496756,103.3815011989567,adequate,75,266
age_pnad,age_35_44,35–44 anos,ln_admissoes,Admissões (log),strict_no_tail_binning,treated,Exposed,5,estimated,-0.0007701763292483,0.2518323128028805,0.0290790907174778,75,99.92301201804142,94.38715479940242,105.78355022966392,adequate,75,266
age_pnad,age_35_44,35–44 anos,ln_admissoes,Admissões (log),strict_no_tail_binning,treated,Exposed,6,estimated,-0.0507939001445077,0.2319684493387077,0.0267854093338405,75,95.04745430130528,90.1862416239594,100.17069573457738,adequate,75,266
age_pnad,age_35_44,35–44 anos,ln_admissoes,Admissões (log),strict_no_tail_binning,treated,Exposed,7,estimated,-0.0579968217189815,0.2368358873088545,0.0273474526583062,75,94.36529466262806,89.44038885484382,99.56138329425838,adequate,75,266
age_pnad,age_35_44,35–44 anos,ln_admissoes,Admissões (log),strict_no_tail_binning,treated,Exposed,8,estimated,0.0538377076384695,0.2423530930276292,0.027984524699688,75,105.53133189657898,99.89885510867089,111.48137783712468,adequate,75,266
age_pnad,age_35_44,35–44 anos,ln_admissoes,Admissões (log),strict_no_tail_binning,treated,Exposed,9,estimated,-0.0636381027910546,0.2205635526773272,0.025468485302335,75,93.8344522354512,89.26539082440766,98.63738168857785,adequate,75,266
age_pnad,age_35_44,35–44 anos,ln_admissoes,Admissões (log),strict_no_tail_binning,treated,Exposed,10,estimated,-0.0852060214844394,0.2937680809231381,0.0339214161200587,75,91.83230706288695,85.92528923885367,98.14540858919857,adequate,75,266
age_pnad,age_35_44,35–44 anos,ln_admissoes,Admissões (log),strict_no_tail_binning,treated,Exposed,11,estimated,-0.1191076682598016,0.3103906495670117,0.0358408250162913,75,88.77122171867546,82.74921275658743,95.23147765292676,adequate,75,266
age_pnad,age_35_44,35–44 anos,ln_admissoes,Admissões (log),strict_no_tail_binning,treated,Exposed,12,estimated,-0.3467759824260469,0.3662337396692031,0.0422890296368675,75,70.69636828090819,65.07286912753788,76.80584174510801,adequate,75,266
age_pnad,age_35_44,35–44 anos,ln_admissoes,Admissões (log),strict_no_tail_binning,treated,Exposed,13,estimated,-0.0137051695044756,0.3085912976208017,0.0356330537501891,75,98.63883187529592,91.98488141811944,105.77411204670348,adequate,75,266
age_pnad,age_35_44,35–44 anos,ln_admissoes,Admissões (log),strict_no_tail_binning,treated,Exposed,14,estimated,0.0532427177559555,0.3075990498387146,0.0355184788453709,75,105.4685604978377,98.37598163683984,113.07249054499376,adequate,75,266
age_pnad,age_35_44,35–44 anos,ln_admissoes,Admissões (log),strict_no_tail_binning,treated,Exposed,15,estimated,0.0767990820681455,0.2846082282089297,0.0328637274340016,75,107.98250983704132,101.24632026713618,115.16687618810732,adequate,75,266
age_pnad,age_35_44,35–44 anos,ln_admissoes,Admissões (log),strict_no_tail_binning,treated,Exposed,16,estimated,0.13571091990601,0.2879107900957557,0.0332450744328764,75,114.53507476315382,107.3098838977926,122.24673883251754,adequate,75,266
age_pnad,age_35_44,35–44 anos,ln_admissoes,Admissões (log),strict_no_tail_binning,treated,Exposed,17,estimated,0.061530000195575,0.2784916741385506,0.0321574486061923,75,106.34624001302306,99.85025232663128,113.26483911038773,adequate,75,266
age_pnad,age_35_44,35–44 anos,ln_admissoes,Admissões (log),strict_no_tail_binning,treated,Exposed,18,estimated,0.0427633900250958,0.3181335035948667,0.036734892787747,75,104.36909179512617,97.11862662005863,112.16084598018485,adequate,75,266
age_pnad,age_35_44,35–44 anos,ln_admissoes,Admissões (log),strict_no_tail_binning,treated,Exposed,19,estimated,0.0431703937510622,0.2938060789327856,0.0339258037522784,75,104.41157905001153,97.69457246008638,111.59041454601572,adequate,75,266
age_pnad,age_35_44,35–44 anos,ln_admissoes,Admissões (log),strict_no_tail_binning,treated,Exposed,20,estimated,0.0719016612513794,0.3063180302819553,0.0353705594481845,75,107.4549668998142,100.2578683833378,115.16871540986332,adequate,75,266
age_pnad,age_35_44,35–44 anos,ln_admissoes,Admissões (log),strict_no_tail_binning,treated,Exposed,21,estimated,0.0555974010018803,0.3347104974171676,0.038649039156879,75,105.71719816680884,98.004703286906,114.03662899241208,adequate,75,266
age_pnad,age_35_44,35–44 anos,ln_admissoes,Admissões (log),strict_no_tail_binning,treated,Exposed,22,estimated,0.0450692215536856,0.359587300848336,0.0415215649883915,75,104.6100270088522,96.4338364129336,113.47943997512772,adequate,75,266
age_pnad,age_35_44,35–44 anos,ln_admissoes,Admissões (log),strict_no_tail_binning,treated,Exposed,23,estimated,-0.0442530478854151,0.3563157668289007,0.0411438007790347,75,95.67118329335118,88.25896601671194,103.70589783497886,adequate,75,266
age_pnad,age_35_44,35–44 anos,ln_admissoes,Admissões (log),strict_no_tail_binning,treated,Exposed,24,estimated,-0.4049533293049016,0.4208350213060236,0.0485938425670909,75,66.70079398562521,60.641102682787285,73.36601284421637,adequate,75,266
age_pnad,age_35_44,35–44 anos,ln_admissoes,Admissões (log),strict_no_tail_binning,control,Not Exposed,-12,estimated,-0.4257177757258606,0.4780082352599803,0.0294193731892753,264,65.33006934192413,61.66955904922653,69.20785596689205,adequate,75,266
age_pnad,age_35_44,35–44 anos,ln_admissoes,Admissões (log),strict_no_tail_binning,control,Not Exposed,-11,estimated,0.0124803105791735,0.3120570672494966,0.0192057848391892,264,101.25585146536558,97.51509224512944,105.14010928896256,adequate,75,266
age_pnad,age_35_44,35–44 anos,ln_admissoes,Admissões (log),strict_no_tail_binning,control,Not Exposed,-10,estimated,0.1080057265224307,0.3633312795544758,0.0223614944598945,264,111.4054125024137,106.62813242805689,116.39672994560696,adequate,75,266
age_pnad,age_35_44,35–44 anos,ln_admissoes,Admissões (log),strict_no_tail_binning,control,Not Exposed,-9,estimated,0.0860029440995286,0.2952781881583334,0.0181731162170426,264,108.98095368081492,105.16744795158472,112.93274198920942,adequate,75,266
age_pnad,age_35_44,35–44 anos,ln_admissoes,Admissões (log),strict_no_tail_binning,control,Not Exposed,-8,estimated,0.0147439656033378,0.3270461998600509,0.0201283021799492,264,101.48531940240008,97.5595225397,105.56909039828552,adequate,75,266
age_pnad,age_35_44,35–44 anos,ln_admissoes,Admissões (log),strict_no_tail_binning,control,Not Exposed,-7,estimated,0.1202708183252397,0.2869492658940654,0.0176605064871627,264,112.7802239738922,108.94317451895644,116.75241680595676,adequate,75,266
age_pnad,age_35_44,35–44 anos,ln_admissoes,Admissões (log),strict_no_tail_binning,control,Not Exposed,-6,estimated,0.0760141667903745,0.3166867259324593,0.0194539109306441,265,107.89778597021672,103.86112677683676,112.09133367375613,adequate,75,266
age_pnad,age_35_44,35–44 anos,ln_admissoes,Admissões (log),strict_no_tail_binning,control,Not Exposed,-5,estimated,0.0446574817806805,0.2788162012038364,0.0171599509576869,264,104.5669637661108,101.10849658519224,108.1437295633223,adequate,75,266
age_pnad,age_35_44,35–44 anos,ln_admissoes,Admissões (log),strict_no_tail_binning,control,Not Exposed,-4,estimated,0.1479361805002279,0.2913786628236538,0.0179331170232639,264,115.94388991912052,111.93937802497334,120.0916589564938,adequate,75,266
age_pnad,age_35_44,35–44 anos,ln_admissoes,Admissões (log),strict_no_tail_binning,control,Not Exposed,-3,estimated,0.0607253599266622,0.3063348791587301,0.0188180020383126,265,106.26070396335116,102.41285705686,110.25312183721184,adequate,75,266
age_pnad,age_35_44,35–44 anos,ln_admissoes,Admissões (log),strict_no_tail_binning,control,Not Exposed,-2,estimated,-0.0632575446684572,0.3154610717044267,0.019415286831018,264,93.87016849405398,90.36514954003285,97.5111376227894,adequate,75,266
age_pnad,age_35_44,35–44 anos,ln_admissoes,Admissões (log),strict_no_tail_binning,control,Not Exposed,-1,estimated,-0.182379586486054,0.3324461267062438,0.0204606447032878,264,83.32849766596588,80.05290558282245,86.73811990600416,adequate,75,266
age_pnad,age_35_44,35–44 anos,ln_admissoes,Admissões (log),strict_no_tail_binning,control,Not Exposed,0,estimated,-0.4785580438544876,0.5314082493428361,0.0327680364213526,263,61.96762939288353,58.112848892867945,66.0781077804815,adequate,75,266
age_pnad,age_35_44,35–44 anos,ln_admissoes,Admissões (log),strict_no_tail_binning,control,Not Exposed,1,estimated,0.0076866539031981,0.331920291683679,0.0204282817948195,264,100.77162720668676,96.8164974122095,104.88833123808936,adequate,75,266
age_pnad,age_35_44,35–44 anos,ln_admissoes,Admissões (log),strict_no_tail_binning,control,Not Exposed,2,estimated,0.0445398273484691,0.3942735040719833,0.024220028824843,265,104.55466172306996,99.7072863294847,109.63769740860909,adequate,75,266
age_pnad,age_35_44,35–44 anos,ln_admissoes,Admissões (log),strict_no_tail_binning,control,Not Exposed,3,estimated,0.1604740971753718,0.3453821963325822,0.021256804752147,264,117.4067361085783,112.61567840560468,122.40162185963727,adequate,75,266
age_pnad,age_35_44,35–44 anos,ln_admissoes,Admissões (log),strict_no_tail_binning,control,Not Exposed,4,estimated,0.0257267805742228,0.3485537022099916,0.0214114837221993,265,102.60605704929482,98.38914259285036,107.003706565161,adequate,75,266
age_pnad,age_35_44,35–44 anos,ln_admissoes,Admissões (log),strict_no_tail_binning,control,Not Exposed,5,estimated,0.075887914402234,0.3229517976896099,0.0199140609543063,263,107.88416447695404,103.75439720587188,112.17831010859338,adequate,75,266
age_pnad,age_35_44,35–44 anos,ln_admissoes,Admissões (log),strict_no_tail_binning,control,Not Exposed,6,estimated,0.0664830042359486,0.300350388949632,0.0184852885960163,264,106.87427998203589,103.07140748479296,110.81746141250474,adequate,75,266
age_pnad,age_35_44,35–44 anos,ln_admissoes,Admissões (log),strict_no_tail_binning,control,Not Exposed,7,estimated,0.0222742482471727,0.3254340843608366,0.0200671253076572,263,102.25241714825783,98.308733505342,106.35430281576346,adequate,75,266
age_pnad,age_35_44,35–44 anos,ln_admissoes,Admissões (log),strict_no_tail_binning,control,Not Exposed,8,estimated,0.1134261423392361,0.3103327614240523,0.01909966115171,264,112.01091571950828,107.89526547409096,116.2835568844824,adequate,75,266
age_pnad,age_35_44,35–44 anos,ln_admissoes,Admissões (log),strict_no_tail_binning,control,Not Exposed,9,estimated,0.0211129688189904,0.3696343678520432,0.0227494227280555,264,102.1337424403269,97.6797515470986,106.79082593527414,adequate,75,266
age_pnad,age_35_44,35–44 anos,ln_admissoes,Admissões (log),strict_no_tail_binning,control,Not Exposed,10,estimated,0.0189894780597114,0.3694113267873558,0.0227356954994545,264,101.91709249053751,97.47517214102255,106.561430091113,adequate,75,266
age_pnad,age_35_44,35–44 anos,ln_admissoes,Admissões (log),strict_no_tail_binning,control,Not Exposed,11,estimated,-0.1732518689196839,0.3998499620696828,0.024655804904005,263,84.0925785100051,80.12540256629612,88.25617761621017,adequate,75,266
age_pnad,age_35_44,35–44 anos,ln_admissoes,Admissões (log),strict_no_tail_binning,control,Not Exposed,12,estimated,-0.4681428515997564,0.5406333265483588,0.0332736811189769,264,62.616406872939024,58.663100605858546,66.83612644378167,adequate,75,266
age_pnad,age_35_44,35–44 anos,ln_admissoes,Admissões (log),strict_no_tail_binning,control,Not Exposed,13,estimated,0.0585426030823887,0.3525442524627038,0.0217388098869793,263,106.0290156361273,101.60621674342669,110.64433375326344,adequate,75,266
age_pnad,age_35_44,35–44 anos,ln_admissoes,Admissões (log),strict_no_tail_binning,control,Not Exposed,14,estimated,0.1457173799665412,0.4015619906656418,0.0247613731097229,263,115.68691874360498,110.2064334368555,121.43994457508444,adequate,75,266
age_pnad,age_35_44,35–44 anos,ln_admissoes,Admissões (log),strict_no_tail_binning,control,Not Exposed,15,estimated,0.1350580220157745,0.3883311255569898,0.0239001286192461,264,114.46031946092803,109.222158119631,119.94969662426922,adequate,75,266
age_pnad,age_35_44,35–44 anos,ln_admissoes,Admissões (log),strict_no_tail_binning,control,Not Exposed,16,estimated,0.1364058358791842,0.3514464527530491,0.0216711166569367,263,114.61469467746646,109.84833407027077,119.58786946741792,adequate,75,266
age_pnad,age_35_44,35–44 anos,ln_admissoes,Admissões (log),strict_no_tail_binning,control,Not Exposed,17,estimated,0.0812314201497933,0.4011586571154161,0.0246896086118017,264,108.4621870881212,103.33849645524454,113.8399186312292,adequate,75,266
age_pnad,age_35_44,35–44 anos,ln_admissoes,Admissões (log),strict_no_tail_binning,control,Not Exposed,18,estimated,0.0799607232107509,0.3514854901115558,0.0216735238035832,263,108.32445204726694,103.8191873152473,113.0252240918602,adequate,75,266
age_pnad,age_35_44,35–44 anos,ln_admissoes,Admissões (log),strict_no_tail_binning,control,Not Exposed,19,estimated,0.1180435336855032,0.3217644113106734,0.0198408435735838,263,112.52930984568874,108.23725965840568,116.99155738338789,adequate,75,266
age_pnad,age_35_44,35–44 anos,ln_admissoes,Admissões (log),strict_no_tail_binning,control,Not Exposed,20,estimated,0.1139184754872076,0.3295715807677907,0.0202837286305614,264,112.0660759837507,107.69816579814191,116.6111353273619,adequate,75,266
age_pnad,age_35_44,35–44 anos,ln_admissoes,Admissões (log),strict_no_tail_binning,control,Not Exposed,21,estimated,0.059513205106006,0.3801123664035254,0.0234387326164401,263,106.1319775727148,101.36658244627412,111.12140107382362,adequate,75,266
age_pnad,age_35_44,35–44 anos,ln_admissoes,Admissões (log),strict_no_tail_binning,control,Not Exposed,22,estimated,0.0678771622778468,0.3641392528462523,0.0224112217784727,264,107.02338353175062,102.42403005491929,111.82927108455512,adequate,75,266
age_pnad,age_35_44,35–44 anos,ln_admissoes,Admissões (log),strict_no_tail_binning,control,Not Exposed,23,estimated,-0.1149949216112014,0.3928421223888172,0.0242236829973888,263,89.13706706221663,85.00387517132609,93.47122949912628,adequate,75,266
age_pnad,age_35_44,35–44 anos,ln_admissoes,Admissões (log),strict_no_tail_binning,control,Not Exposed,24,estimated,-0.497711292222313,0.569524969048659,0.0350518387950788,264,60.792042092291695,56.75576798662048,65.11536206544115,adequate,75,266
age_pnad,age_35_44,35–44 anos,ln_desligamentos,Desligamentos (log),strict_no_tail_binning,treated,Exposed,-12,estimated,-0.095086537787027,0.2608995920925185,0.0301260899452158,75,90.92942427518528,85.71574336218916,96.4602285962779,adequate,75,266
age_pnad,age_35_44,35–44 anos,ln_desligamentos,Desligamentos (log),strict_no_tail_binning,treated,Exposed,-11,estimated,-0.0236772962387013,0.2338355867802909,0.027001007794743,75,97.66008116681016,92.62609583946774,102.96765039128476,adequate,75,266
age_pnad,age_35_44,35–44 anos,ln_desligamentos,Desligamentos (log),strict_no_tail_binning,treated,Exposed,-10,estimated,-0.0130618876049754,0.2162593380054098,0.0249714774024387,75,98.70230486375264,93.9877263193708,103.6533744024545,adequate,75,266
age_pnad,age_35_44,35–44 anos,ln_desligamentos,Desligamentos (log),strict_no_tail_binning,treated,Exposed,-9,estimated,0.0954468287133639,0.1819332421052799,0.0210078412608049,75,110.01503240705192,105.5771162731696,114.63949559115312,adequate,75,266
age_pnad,age_35_44,35–44 anos,ln_desligamentos,Desligamentos (log),strict_no_tail_binning,treated,Exposed,-8,estimated,0.0670742065060361,0.2011084107965249,0.0232219990219342,75,106.93748298001228,102.17931647004318,111.9172222046827,adequate,75,266
age_pnad,age_35_44,35–44 anos,ln_desligamentos,Desligamentos (log),strict_no_tail_binning,treated,Exposed,-7,estimated,0.0410151029695783,0.1720544306530407,0.0198671343705601,75,104.18678407249584,100.20776749850133,108.32379810807797,adequate,75,266
age_pnad,age_35_44,35–44 anos,ln_desligamentos,Desligamentos (log),strict_no_tail_binning,treated,Exposed,-6,estimated,0.0034873912723472,0.1936741701008195,0.0223635668485571,75,100.34934792963406,96.04578321159588,104.84574432297376,adequate,75,266
age_pnad,age_35_44,35–44 anos,ln_desligamentos,Desligamentos (log),strict_no_tail_binning,treated,Exposed,-5,estimated,-0.0059834263230483,0.1781298294956148,0.020568661001999,75,99.40344387230782,95.47574002859476,103.49272653676944,adequate,75,266
age_pnad,age_35_44,35–44 anos,ln_desligamentos,Desligamentos (log),strict_no_tail_binning,treated,Exposed,-4,estimated,0.0704133201470886,0.1792245618782241,0.020695069809157,75,107.29515621162558,103.03009904817048,111.73677064111838,adequate,75,266
age_pnad,age_35_44,35–44 anos,ln_desligamentos,Desligamentos (log),strict_no_tail_binning,treated,Exposed,-3,estimated,0.0304024589868942,0.1899589174633788,0.0219345664264903,75,103.08693331055169,98.74896224148895,107.61546833663104,adequate,75,266
age_pnad,age_35_44,35–44 anos,ln_desligamentos,Desligamentos (log),strict_no_tail_binning,treated,Exposed,-2,estimated,-0.0742564858329534,0.2893304832777826,0.0334090064810384,75,92.8433533252066,86.95859166284204,99.1263553357717,adequate,75,266
age_pnad,age_35_44,35–44 anos,ln_desligamentos,Desligamentos (log),strict_no_tail_binning,treated,Exposed,-1,estimated,-0.0957736748086021,0.256281558022607,0.0295928453025377,75,90.86696476299444,85.74643701921934,96.29327552570588,adequate,75,266
age_pnad,age_35_44,35–44 anos,ln_desligamentos,Desligamentos (log),strict_no_tail_binning,treated,Exposed,0,estimated,-0.061018955415676,0.2559877816528348,0.0295589229293038,75,94.08054062494436,88.78482463383303,99.69212825261266,adequate,75,266
age_pnad,age_35_44,35–44 anos,ln_desligamentos,Desligamentos (log),strict_no_tail_binning,treated,Exposed,1,estimated,0.0110437066762331,0.194352499631794,0.0224418935960185,75,101.11049135140829,96.75942867978011,105.6572119204708,adequate,75,266
age_pnad,age_35_44,35–44 anos,ln_desligamentos,Desligamentos (log),strict_no_tail_binning,treated,Exposed,2,estimated,-0.0208464911722151,0.1803019770901336,0.020819479001682,75,97.93692948630738,94.02093929989942,102.01602141637191,adequate,75,266
age_pnad,age_35_44,35–44 anos,ln_desligamentos,Desligamentos (log),strict_no_tail_binning,treated,Exposed,3,estimated,0.1211218514275643,0.2110126579805633,0.0243656429774993,75,112.87624453032228,107.61234559723133,118.39762908761384,adequate,75,266
age_pnad,age_35_44,35–44 anos,ln_desligamentos,Desligamentos (log),strict_no_tail_binning,treated,Exposed,4,estimated,-0.0681780062104561,0.2915129327804092,0.0336610140426053,75,93.4094184211442,87.44557433653394,99.78000048575402,adequate,75,266
age_pnad,age_35_44,35–44 anos,ln_desligamentos,Desligamentos (log),strict_no_tail_binning,treated,Exposed,5,estimated,0.0405698085922316,0.2493454048677149,0.0287919273243142,75,104.14040061126822,98.4262775839713,110.18625620808376,adequate,75,266
age_pnad,age_35_44,35–44 anos,ln_desligamentos,Desligamentos (log),strict_no_tail_binning,treated,Exposed,6,estimated,0.0443438975878777,0.2148328374763876,0.0248067593095526,75,104.53417835994556,99.57317841765446,109.74234848218394,adequate,75,266
age_pnad,age_35_44,35–44 anos,ln_desligamentos,Desligamentos (log),strict_no_tail_binning,treated,Exposed,7,estimated,0.013412507947188,0.2727577813032478,0.031495355691799,75,101.35028591253064,95.28303678704792,107.80387360563206,adequate,75,266
age_pnad,age_35_44,35–44 anos,ln_desligamentos,Desligamentos (log),strict_no_tail_binning,treated,Exposed,8,estimated,0.0283778427413789,0.2439013504503842,0.0281633020676485,75,102.87843296848212,97.35342920038778,108.7169918613233,adequate,75,266
age_pnad,age_35_44,35–44 anos,ln_desligamentos,Desligamentos (log),strict_no_tail_binning,treated,Exposed,9,estimated,-0.026488396697427,0.2249121613511421,0.0259706193800204,75,97.38593437546058,92.55280766588557,102.47144795886372,adequate,75,266
age_pnad,age_35_44,35–44 anos,ln_desligamentos,Desligamentos (log),strict_no_tail_binning,treated,Exposed,10,estimated,-0.0246687297440137,0.227040069530926,0.0262163290521022,75,97.56330567137124,92.6767332486316,102.707532730886,adequate,75,266
age_pnad,age_35_44,35–44 anos,ln_desligamentos,Desligamentos (log),strict_no_tail_binning,treated,Exposed,11,estimated,-0.0793278183851399,0.2914895567894719,0.0336583148156732,75,92.37370568147514,86.47644550578424,98.67312944490814,adequate,75,266
age_pnad,age_35_44,35–44 anos,ln_desligamentos,Desligamentos (log),strict_no_tail_binning,treated,Exposed,12,estimated,-0.0632154935790004,0.280977278562411,0.0324444614828352,75,93.87411591990286,88.09039894122424,100.0375721493002,adequate,75,266
age_pnad,age_35_44,35–44 anos,ln_desligamentos,Desligamentos (log),strict_no_tail_binning,treated,Exposed,13,estimated,0.0026713523823592,0.2597231598983348,0.0299902472564167,75,100.26749236234411,94.54355745423857,106.33797051162276,adequate,75,266
age_pnad,age_35_44,35–44 anos,ln_desligamentos,Desligamentos (log),strict_no_tail_binning,treated,Exposed,14,estimated,0.0051694962218219,0.3047536750214952,0.0351899232620375,75,100.5182881121873,93.81900361024682,107.69594491729558,adequate,75,266
age_pnad,age_35_44,35–44 anos,ln_desligamentos,Desligamentos (log),strict_no_tail_binning,treated,Exposed,15,estimated,0.0803362371201333,0.2586247941982654,0.029863418909896,75,108.36513702414618,102.20433789698671,114.8973043991335,adequate,75,266
age_pnad,age_35_44,35–44 anos,ln_desligamentos,Desligamentos (log),strict_no_tail_binning,treated,Exposed,16,estimated,0.0789837158811948,0.2552817098120865,0.0294773927758392,75,108.21866994700471,102.14345145155926,114.65522614195906,adequate,75,266
age_pnad,age_35_44,35–44 anos,ln_desligamentos,Desligamentos (log),strict_no_tail_binning,treated,Exposed,17,estimated,0.0698127814297722,0.2903000394358356,0.0335209611828077,75,107.23074066009228,100.41201621370324,114.51250732820932,adequate,75,266
age_pnad,age_35_44,35–44 anos,ln_desligamentos,Desligamentos (log),strict_no_tail_binning,treated,Exposed,18,estimated,0.0827218600608284,0.2404396299416236,0.02776357701413,75,108.62396399002338,102.87096492083435,114.6986961966002,adequate,75,266
age_pnad,age_35_44,35–44 anos,ln_desligamentos,Desligamentos (log),strict_no_tail_binning,treated,Exposed,19,estimated,0.051650747605976,0.2944125294787925,0.0339958306294759,75,105.30079127499368,98.5130577675844,112.55621228710216,adequate,75,266
age_pnad,age_35_44,35–44 anos,ln_desligamentos,Desligamentos (log),strict_no_tail_binning,treated,Exposed,20,estimated,0.0488008859518306,0.2963128534534784,0.0342152611411423,75,105.0011257931871,98.19046963624255,112.28418051854634,adequate,75,266
age_pnad,age_35_44,35–44 anos,ln_desligamentos,Desligamentos (log),strict_no_tail_binning,treated,Exposed,21,estimated,0.0582600832239428,0.27992822649041,0.0323233273836025,75,105.99906456472408,99.49193121305493,112.93178805159457,adequate,75,266
age_pnad,age_35_44,35–44 anos,ln_desligamentos,Desligamentos (log),strict_no_tail_binning,treated,Exposed,22,estimated,0.0792572526261027,0.3218468459023463,0.0371636726239103,75,108.24827577867713,100.6437083825258,116.42743890676242,adequate,75,266
age_pnad,age_35_44,35–44 anos,ln_desligamentos,Desligamentos (log),strict_no_tail_binning,treated,Exposed,23,estimated,-0.0049455810952999,0.2546678287840193,0.0294065079004782,75,99.50666281553131,93.93357179386535,105.41040605176369,adequate,75,266
age_pnad,age_35_44,35–44 anos,ln_desligamentos,Desligamentos (log),strict_no_tail_binning,treated,Exposed,24,estimated,-0.008358872057601,0.3554632231602899,0.041045357515721,75,99.16759661764114,91.50214486915418,107.47520982138585,adequate,75,266
age_pnad,age_35_44,35–44 anos,ln_desligamentos,Desligamentos (log),strict_no_tail_binning,control,Not Exposed,-12,estimated,0.0115269088031662,0.3721901919811607,0.0229067228294225,264,101.1593599616419,96.71803773930662,105.80462907479166,adequate,75,266
age_pnad,age_35_44,35–44 anos,ln_desligamentos,Desligamentos (log),strict_no_tail_binning,control,Not Exposed,-11,estimated,-0.0844266182786944,0.2639320261121237,0.0162438933056687,264,91.90390935730694,89.02395909609055,94.877026824198,adequate,75,266
age_pnad,age_35_44,35–44 anos,ln_desligamentos,Desligamentos (log),strict_no_tail_binning,control,Not Exposed,-10,estimated,0.0014934144018124,0.2564061822397876,0.0157807096341069,264,100.14945301004312,97.0992265248498,103.29549778281664,adequate,75,266
age_pnad,age_35_44,35–44 anos,ln_desligamentos,Desligamentos (log),strict_no_tail_binning,control,Not Exposed,-9,estimated,0.0941491692310928,0.2427516194869518,0.0149403293901482,264,109.87236294526684,106.70161665668124,113.13733116170688,adequate,75,266
age_pnad,age_35_44,35–44 anos,ln_desligamentos,Desligamentos (log),strict_no_tail_binning,control,Not Exposed,-8,estimated,0.0047800870617134,0.2565916568275654,0.0157921248058811,264,100.47915299032,97.4167053163676,103.63787353374832,adequate,75,266
age_pnad,age_35_44,35–44 anos,ln_desligamentos,Desligamentos (log),strict_no_tail_binning,control,Not Exposed,-7,estimated,-0.00137578671959,0.3019671681288388,0.0185847944758928,264,99.86251592410956,96.29035924359644,103.56719161743328,adequate,75,266
age_pnad,age_35_44,35–44 anos,ln_desligamentos,Desligamentos (log),strict_no_tail_binning,control,Not Exposed,-6,estimated,-0.03571966351047,0.2348977203492968,0.0144296522566,265,96.49107552650392,93.80033280697752,99.2590045007698,adequate,75,266
age_pnad,age_35_44,35–44 anos,ln_desligamentos,Desligamentos (log),strict_no_tail_binning,control,Not Exposed,-5,estimated,-0.007099398097544,0.2274435947430255,0.013998185595309,264,99.2925743098162,96.60537138998006,102.05452524240232,adequate,75,266
age_pnad,age_35_44,35–44 anos,ln_desligamentos,Desligamentos (log),strict_no_tail_binning,control,Not Exposed,-4,estimated,0.0606597491316247,0.2344865318644188,0.014431648410882,264,106.25373234279212,103.29034480489015,109.30213911183696,adequate,75,266
age_pnad,age_35_44,35–44 anos,ln_desligamentos,Desligamentos (log),strict_no_tail_binning,control,Not Exposed,-3,estimated,0.0100147680684766,0.2695863041786377,0.0165605550222249,265,101.00650836843448,97.78060712401684,104.33883602136828,adequate,75,266
age_pnad,age_35_44,35–44 anos,ln_desligamentos,Desligamentos (log),strict_no_tail_binning,control,Not Exposed,-2,estimated,-0.0240972251673962,0.2670828677763893,0.0164378142048158,264,97.6190794830486,94.5241015632633,100.81539545488138,adequate,75,266
age_pnad,age_35_44,35–44 anos,ln_desligamentos,Desligamentos (log),strict_no_tail_binning,control,Not Exposed,-1,estimated,-0.0298080378960025,0.3375438068965481,0.020774385230868,264,97.0631840196279,93.190366539545,101.09694855669731,adequate,75,266
age_pnad,age_35_44,35–44 anos,ln_desligamentos,Desligamentos (log),strict_no_tail_binning,control,Not Exposed,0,estimated,0.0471766730533967,0.4101806395155664,0.0252928217648132,263,104.83072003540045,99.76056135216412,110.1585607998597,adequate,75,266
age_pnad,age_35_44,35–44 anos,ln_desligamentos,Desligamentos (log),strict_no_tail_binning,control,Not Exposed,1,estimated,-0.0161608341788975,0.3196691384896763,0.0196742754383865,264,98.39690514736732,94.6747915412261,102.26535263469792,adequate,75,266
age_pnad,age_35_44,35–44 anos,ln_desligamentos,Desligamentos (log),strict_no_tail_binning,control,Not Exposed,2,estimated,-0.0367314781153796,0.3000108117233251,0.0184295176639028,265,96.39349382266442,92.97371820345032,99.93905622885178,adequate,75,266
age_pnad,age_35_44,35–44 anos,ln_desligamentos,Desligamentos (log),strict_no_tail_binning,control,Not Exposed,3,estimated,0.1593755984403482,0.3329794709919745,0.0204934697749558,264,117.27783576887182,112.66046756283552,122.08444594781425,adequate,75,266
age_pnad,age_35_44,35–44 anos,ln_desligamentos,Desligamentos (log),strict_no_tail_binning,control,Not Exposed,4,estimated,-0.0288032829444714,0.3087068875732595,0.018963713356926,265,97.1607577450162,93.61569254853816,100.84006846064976,adequate,75,266
age_pnad,age_35_44,35–44 anos,ln_desligamentos,Desligamentos (log),strict_no_tail_binning,control,Not Exposed,5,estimated,0.0816008357338546,0.3323935093696103,0.0204962618377001,263,108.50226211202636,104.2298283092358,112.94982515464518,adequate,75,266
age_pnad,age_35_44,35–44 anos,ln_desligamentos,Desligamentos (log),strict_no_tail_binning,control,Not Exposed,6,estimated,0.0522077785280666,0.3544800146186848,0.0218167367608947,264,105.35946341143452,100.9491737988974,109.96243072240632,adequate,75,266
age_pnad,age_35_44,35–44 anos,ln_desligamentos,Desligamentos (log),strict_no_tail_binning,control,Not Exposed,7,estimated,-0.0098008730485051,0.3196118832528826,0.019708113007427,263,99.02469989841951,95.27251951766362,102.92465487022228,adequate,75,266
age_pnad,age_35_44,35–44 anos,ln_desligamentos,Desligamentos (log),strict_no_tail_binning,control,Not Exposed,8,estimated,0.0887100393856425,0.2717781932942996,0.0167267915141323,264,109.2763751934796,105.75189252735706,112.91832127105444,adequate,75,266
age_pnad,age_35_44,35–44 anos,ln_desligamentos,Desligamentos (log),strict_no_tail_binning,control,Not Exposed,9,estimated,-0.0018092611764309,0.3355506206412107,0.0206517130968835,264,99.81923745499373,95.85949898041908,103.94254374448286,adequate,75,266
age_pnad,age_35_44,35–44 anos,ln_desligamentos,Desligamentos (log),strict_no_tail_binning,control,Not Exposed,10,estimated,0.0113655425114536,0.3114982877412761,0.0191713943377914,264,101.14303756783036,97.41301204311829,105.01588888268276,adequate,75,266
age_pnad,age_35_44,35–44 anos,ln_desligamentos,Desligamentos (log),strict_no_tail_binning,control,Not Exposed,11,estimated,0.0074999999885654,0.3300425832595405,0.0203512975235519,263,100.75281954330131,96.81303485698548,104.85293288161594,adequate,75,266
age_pnad,age_35_44,35–44 anos,ln_desligamentos,Desligamentos (log),strict_no_tail_binning,control,Not Exposed,12,estimated,0.0697506418961728,0.4551414462597786,0.0280120196133029,264,107.22407759890204,101.49578489000068,113.27566784567074,adequate,75,266
age_pnad,age_35_44,35–44 anos,ln_desligamentos,Desligamentos (log),strict_no_tail_binning,control,Not Exposed,13,estimated,0.0165885075899697,0.2929418040472649,0.0180635654719855,263,101.67268608479718,98.13598366256726,105.33684699428714,adequate,75,266
age_pnad,age_35_44,35–44 anos,ln_desligamentos,Desligamentos (log),strict_no_tail_binning,control,Not Exposed,14,estimated,0.0672373734242636,0.3213629510389283,0.0198160884727314,263,106.95493306315257,102.88049027750492,111.19073864915951,adequate,75,266
age_pnad,age_35_44,35–44 anos,ln_desligamentos,Desligamentos (log),strict_no_tail_binning,control,Not Exposed,15,estimated,0.1205179431425584,0.3411258953890052,0.0209948475375462,264,112.80809821020485,108.2602691983762,117.546973751605,adequate,75,266
age_pnad,age_35_44,35–44 anos,ln_desligamentos,Desligamentos (log),strict_no_tail_binning,control,Not Exposed,16,estimated,0.1182963874080886,0.3325991405505779,0.0205089415995134,263,112.55776689816742,108.12295457645496,117.17447917263138,adequate,75,266
age_pnad,age_35_44,35–44 anos,ln_desligamentos,Desligamentos (log),strict_no_tail_binning,control,Not Exposed,17,estimated,0.0876543612033074,0.3736155482401145,0.0229944474429682,264,109.16107537880062,104.35050053475544,114.19341849622798,adequate,75,266
age_pnad,age_35_44,35–44 anos,ln_desligamentos,Desligamentos (log),strict_no_tail_binning,control,Not Exposed,18,estimated,0.0470313655451589,0.3537282323366471,0.0218118172136053,263,104.81548845134388,100.42893769617936,109.39363565240374,adequate,75,266
age_pnad,age_35_44,35–44 anos,ln_desligamentos,Desligamentos (log),strict_no_tail_binning,control,Not Exposed,19,estimated,0.0888032375778275,0.3137943863051782,0.0193493907781443,263,109.2865600286929,105.21949719039574,113.51082757307918,adequate,75,266
age_pnad,age_35_44,35–44 anos,ln_desligamentos,Desligamentos (log),strict_no_tail_binning,control,Not Exposed,20,estimated,0.1099954708683428,0.3261463903575851,0.0200729227333213,264,111.62730146999732,107.32082666142313,116.1065826746254,adequate,75,266
age_pnad,age_35_44,35–44 anos,ln_desligamentos,Desligamentos (log),strict_no_tail_binning,control,Not Exposed,21,estimated,0.0417805145287148,0.3258943416997903,0.0200955059909918,263,104.26656036828888,100.23961890695416,108.45527676163,adequate,75,266
age_pnad,age_35_44,35–44 anos,ln_desligamentos,Desligamentos (log),strict_no_tail_binning,control,Not Exposed,22,estimated,0.1320603558092713,0.3075204622777234,0.0189265761042093,264,114.11771938617808,109.96195613279308,118.43054030591932,adequate,75,266
age_pnad,age_35_44,35–44 anos,ln_desligamentos,Desligamentos (log),strict_no_tail_binning,control,Not Exposed,23,estimated,0.0173990113323376,0.3544291185345011,0.0218550357080244,263,101.75512558161286,97.48839325047707,106.20859814077544,adequate,75,266
age_pnad,age_35_44,35–44 anos,ln_desligamentos,Desligamentos (log),strict_no_tail_binning,control,Not Exposed,24,estimated,0.081676642677175,0.4592083880902979,0.0282623225801254,264,108.51048764863287,102.66309209144622,114.69093410177102,adequate,75,266
age_pnad,age_35_44,35–44 anos,ln_salario_real_adm,Salário real de admissão (log),strict_no_tail_binning,treated,Exposed,-12,estimated,0.044882005591001,0.2766419596704014,0.0323784923224094,73,104.590444175106,98.15917018090585,111.44308771748234,adequate,75,266
age_pnad,age_35_44,35–44 anos,ln_salario_real_adm,Salário real de admissão (log),strict_no_tail_binning,treated,Exposed,-11,estimated,0.044909316404478,0.1590313787688791,0.0183633618683619,75,104.59330066422469,100.89570031591008,108.42640974376415,adequate,75,266
age_pnad,age_35_44,35–44 anos,ln_salario_real_adm,Salário real de admissão (log),strict_no_tail_binning,treated,Exposed,-10,estimated,-0.0128282305966667,0.2019335038941892,0.0236345289531102,73,98.7253700435858,94.25635759512323,103.40627347504498,adequate,75,266
age_pnad,age_35_44,35–44 anos,ln_salario_real_adm,Salário real de admissão (log),strict_no_tail_binning,treated,Exposed,-9,estimated,-0.0135101867141697,0.1804915762549789,0.0208413720274543,75,98.65806662512917,94.70917781299836,102.77160392445684,adequate,75,266
age_pnad,age_35_44,35–44 anos,ln_salario_real_adm,Salário real de admissão (log),strict_no_tail_binning,treated,Exposed,-8,estimated,-0.0292101573567462,0.1588252675070773,0.0184630623205531,74,97.12123356004754,93.6694810005114,100.70018438741866,adequate,75,266
age_pnad,age_35_44,35–44 anos,ln_salario_real_adm,Salário real de admissão (log),strict_no_tail_binning,treated,Exposed,-7,estimated,-0.0149464883910144,0.1902727914196195,0.022118762719726,74,98.5164655938437,94.33675898707666,102.88135926349304,adequate,75,266
age_pnad,age_35_44,35–44 anos,ln_salario_real_adm,Salário real de admissão (log),strict_no_tail_binning,treated,Exposed,-6,estimated,0.016246408558896,0.2135441042861901,0.0248239978909334,74,101.63790990618855,96.81109046902264,106.70538550956572,adequate,75,266
age_pnad,age_35_44,35–44 anos,ln_salario_real_adm,Salário real de admissão (log),strict_no_tail_binning,treated,Exposed,-5,estimated,-0.0001647489563484,0.22129051949757,0.0257245003679856,74,99.98352646140157,95.067333698423,105.1539490459446,adequate,75,266
age_pnad,age_35_44,35–44 anos,ln_salario_real_adm,Salário real de admissão (log),strict_no_tail_binning,treated,Exposed,-4,estimated,-0.0056942019262983,0.1752957130613037,0.0202414054247462,75,99.43219793138393,95.56463543863852,103.45628317510965,adequate,75,266
age_pnad,age_35_44,35–44 anos,ln_salario_real_adm,Salário real de admissão (log),strict_no_tail_binning,treated,Exposed,-3,estimated,-0.0004523452728769,0.2305560002912891,0.0268015906320816,74,99.95477570198214,94.83956960559324,105.3458722681122,adequate,75,266
age_pnad,age_35_44,35–44 anos,ln_salario_real_adm,Salário real de admissão (log),strict_no_tail_binning,treated,Exposed,-2,estimated,-0.019465649474357,0.1547714710434088,0.0178714700939572,75,98.0722582946301,94.69644454933078,101.56841571805997,adequate,75,266
age_pnad,age_35_44,35–44 anos,ln_salario_real_adm,Salário real de admissão (log),strict_no_tail_binning,treated,Exposed,-1,estimated,-0.0092913189516241,0.1827259639276747,0.0210993768923153,75,99.0751711977818,95.06150358937796,103.25830306945184,adequate,75,266
age_pnad,age_35_44,35–44 anos,ln_salario_real_adm,Salário real de admissão (log),strict_no_tail_binning,treated,Exposed,0,estimated,0.0118027500513258,0.1880284706495361,0.0220070679103556,73,101.18726773463726,96.9154629889566,105.64736354577258,adequate,75,266
age_pnad,age_35_44,35–44 anos,ln_salario_real_adm,Salário real de admissão (log),strict_no_tail_binning,treated,Exposed,1,estimated,0.048806761265072,0.2715464464897227,0.0313554827956655,75,105.00174270950411,98.74296897306964,111.6572256910755,adequate,75,266
age_pnad,age_35_44,35–44 anos,ln_salario_real_adm,Salário real de admissão (log),strict_no_tail_binning,treated,Exposed,2,estimated,-0.0163702624088373,0.1786463719210362,0.0209089763120646,73,98.37630021539329,94.42617667588452,102.49166899225756,adequate,75,266
age_pnad,age_35_44,35–44 anos,ln_salario_real_adm,Salário real de admissão (log),strict_no_tail_binning,treated,Exposed,3,estimated,0.0219586677111454,0.2836317089055466,0.0327509686974661,75,102.2201533668226,95.86461685538004,108.99704288288012,adequate,75,266
age_pnad,age_35_44,35–44 anos,ln_salario_real_adm,Salário real de admissão (log),strict_no_tail_binning,treated,Exposed,4,estimated,-0.0019967548469652,0.1913949919310917,0.0221003900225924,75,99.80052373418027,95.5697805159826,104.21855615699562,adequate,75,266
age_pnad,age_35_44,35–44 anos,ln_salario_real_adm,Salário real de admissão (log),strict_no_tail_binning,treated,Exposed,5,estimated,-0.0283258608538804,0.292033311782012,0.0339481829291964,74,97.20715551188036,90.94963452987862,103.89520674331736,adequate,75,266
age_pnad,age_35_44,35–44 anos,ln_salario_real_adm,Salário real de admissão (log),strict_no_tail_binning,treated,Exposed,6,estimated,0.0270189563545073,0.2753540676575283,0.0320092601836935,74,102.73872780963582,96.49112086814743,109.39085479549873,adequate,75,266
age_pnad,age_35_44,35–44 anos,ln_salario_real_adm,Salário real de admissão (log),strict_no_tail_binning,treated,Exposed,7,estimated,0.0346233215131634,0.2845331876505619,0.0330763112086298,74,103.52296865958728,97.02454012950167,110.45664350265992,adequate,75,266
age_pnad,age_35_44,35–44 anos,ln_salario_real_adm,Salário real de admissão (log),strict_no_tail_binning,treated,Exposed,8,estimated,0.0075409756158016,0.2119816849926904,0.02447753657876,75,100.7569480378612,96.03715904018352,105.70869317007296,adequate,75,266
age_pnad,age_35_44,35–44 anos,ln_salario_real_adm,Salário real de admissão (log),strict_no_tail_binning,treated,Exposed,9,estimated,-0.0293611392500632,0.3089472362073076,0.0361595389487772,73,97.10657111923275,90.46258595806728,104.23852087210524,adequate,75,266
age_pnad,age_35_44,35–44 anos,ln_salario_real_adm,Salário real de admissão (log),strict_no_tail_binning,treated,Exposed,10,estimated,-0.0241055705368827,0.1618853355032675,0.0189472453815329,73,97.61826481916074,94.05954268012216,101.311630428729,adequate,75,266
age_pnad,age_35_44,35–44 anos,ln_salario_real_adm,Salário real de admissão (log),strict_no_tail_binning,treated,Exposed,11,estimated,-0.0229596765268916,0.1741989496408194,0.0203884449063224,73,97.7301891185278,93.9017626350958,101.71470265429764,adequate,75,266
age_pnad,age_35_44,35–44 anos,ln_salario_real_adm,Salário real de admissão (log),strict_no_tail_binning,treated,Exposed,12,estimated,0.0233170703390644,0.3198257334017697,0.0374327707401869,73,102.3591038457636,95.11807605516984,110.15136738079929,adequate,75,266
age_pnad,age_35_44,35–44 anos,ln_salario_real_adm,Salário real de admissão (log),strict_no_tail_binning,treated,Exposed,13,estimated,0.0496729056370809,0.2577419324311521,0.0301664114522896,73,105.09272877584954,99.05912807955914,111.4938305603086,adequate,75,266
age_pnad,age_35_44,35–44 anos,ln_salario_real_adm,Salário real de admissão (log),strict_no_tail_binning,treated,Exposed,14,estimated,-0.0099771969744261,0.1718166855387951,0.0198396819294185,75,99.00724101382504,95.23116126322712,102.93304883760548,adequate,75,266
age_pnad,age_35_44,35–44 anos,ln_salario_real_adm,Salário real de admissão (log),strict_no_tail_binning,treated,Exposed,15,estimated,-0.0109905456562,0.1645547631685232,0.0191291026623892,74,98.90696297354866,95.26729755186388,102.6856809843404,adequate,75,266
age_pnad,age_35_44,35–44 anos,ln_salario_real_adm,Salário real de admissão (log),strict_no_tail_binning,treated,Exposed,16,estimated,0.0364645419597579,0.2653235638796147,0.0306369262056492,75,103.71375285015374,97.66920918145853,110.13238072070712,adequate,75,266
age_pnad,age_35_44,35–44 anos,ln_salario_real_adm,Salário real de admissão (log),strict_no_tail_binning,treated,Exposed,17,estimated,0.0196434362692201,0.2448433107567157,0.0284624567376873,74,101.98376380761248,96.45023800993032,107.83475805726944,adequate,75,266
age_pnad,age_35_44,35–44 anos,ln_salario_real_adm,Salário real de admissão (log),strict_no_tail_binning,treated,Exposed,18,estimated,0.0441872686392876,0.2053417941576836,0.0237108280265638,75,104.5178065636794,99.77166565109653,109.4897215316025,adequate,75,266
age_pnad,age_35_44,35–44 anos,ln_salario_real_adm,Salário real de admissão (log),strict_no_tail_binning,treated,Exposed,19,estimated,0.0249708657536704,0.1662665676704239,0.0193280958937262,74,102.5285249176284,98.71708026422566,106.48712860680352,adequate,75,266
age_pnad,age_35_44,35–44 anos,ln_salario_real_adm,Salário real de admissão (log),strict_no_tail_binning,treated,Exposed,20,estimated,-0.0202426255887117,0.2848400088459292,0.0328904911566345,75,97.99608808750206,91.878053994075,104.5215137128694,adequate,75,266
age_pnad,age_35_44,35–44 anos,ln_salario_real_adm,Salário real de admissão (log),strict_no_tail_binning,treated,Exposed,21,estimated,0.0286622079990529,0.1712485973208571,0.0200431322861613,73,102.90769218053684,98.9433886448578,107.03083101323004,adequate,75,266
age_pnad,age_35_44,35–44 anos,ln_salario_real_adm,Salário real de admissão (log),strict_no_tail_binning,treated,Exposed,22,estimated,0.0073661983959836,0.1447524203847053,0.0168271270721746,74,100.73933955743124,97.47103094305858,104.11723807862474,adequate,75,266
age_pnad,age_35_44,35–44 anos,ln_salario_real_adm,Salário real de admissão (log),strict_no_tail_binning,treated,Exposed,23,estimated,0.0150070944067092,0.1505427823060298,0.0175002429730007,74,101.51202662662008,98.08915442777432,105.05434173592808,adequate,75,266
age_pnad,age_35_44,35–44 anos,ln_salario_real_adm,Salário real de admissão (log),strict_no_tail_binning,treated,Exposed,24,estimated,-0.0036084326363904,0.2059439726083084,0.0239405005292376,74,99.63980699329429,95.07236821782034,104.42667332020888,adequate,75,266
age_pnad,age_35_44,35–44 anos,ln_salario_real_adm,Salário real de admissão (log),strict_no_tail_binning,control,Not Exposed,-12,estimated,-0.0108725697266865,0.2647777495779812,0.0164208189470164,260,98.91863230277728,95.7856431609046,102.1540963108113,adequate,75,266
age_pnad,age_35_44,35–44 anos,ln_salario_real_adm,Salário real de admissão (log),strict_no_tail_binning,control,Not Exposed,-11,estimated,0.0272681841234145,0.2772123701400804,0.0171262374221321,262,102.76433634459462,99.37205574021137,106.2724198033433,adequate,75,266
age_pnad,age_35_44,35–44 anos,ln_salario_real_adm,Salário real de admissão (log),strict_no_tail_binning,control,Not Exposed,-10,estimated,0.0160229924490815,0.306614532388677,0.0189789630939713,261,101.6152048961746,97.9046857271872,105.46635014859366,adequate,75,266
age_pnad,age_35_44,35–44 anos,ln_salario_real_adm,Salário real de admissão (log),strict_no_tail_binning,control,Not Exposed,-9,estimated,-0.0172666601410184,0.2221820570128652,0.0137264533231948,262,98.2881554352726,95.67908024514252,100.96837756086974,adequate,75,266
age_pnad,age_35_44,35–44 anos,ln_salario_real_adm,Salário real de admissão (log),strict_no_tail_binning,control,Not Exposed,-8,estimated,-0.025170660318635,0.2409991868273152,0.0149174751660976,261,97.51434795300936,94.70447696800392,100.40758748832148,adequate,75,266
age_pnad,age_35_44,35–44 anos,ln_salario_real_adm,Salário real de admissão (log),strict_no_tail_binning,control,Not Exposed,-7,estimated,-0.0057112499271264,0.2975463197853532,0.0183824730265485,262,99.43050282564036,95.9118258741834,103.07826800345386,adequate,75,266
age_pnad,age_35_44,35–44 anos,ln_salario_real_adm,Salário real de admissão (log),strict_no_tail_binning,control,Not Exposed,-6,estimated,-0.0134152929694455,0.262312848808558,0.0161442398314408,264,98.66742910273172,95.5942032681936,101.83945503923395,adequate,75,266
age_pnad,age_35_44,35–44 anos,ln_salario_real_adm,Salário real de admissão (log),strict_no_tail_binning,control,Not Exposed,-5,estimated,-0.0064635629049093,0.2795595387252473,0.0173043010280684,261,99.3557280985027,96.04244153255353,102.7833169217969,adequate,75,266
age_pnad,age_35_44,35–44 anos,ln_salario_real_adm,Salário real de admissão (log),strict_no_tail_binning,control,Not Exposed,-4,estimated,0.0148032714064076,0.2531539019432743,0.0156698331440655,261,101.49133824924156,98.42162876549602,104.65679006556978,adequate,75,266
age_pnad,age_35_44,35–44 anos,ln_salario_real_adm,Salário real de admissão (log),strict_no_tail_binning,control,Not Exposed,-3,estimated,0.0195603551255607,0.2531983208436661,0.0156426445019845,262,101.97529123184115,98.89621410738624,105.1502336634154,adequate,75,266
age_pnad,age_35_44,35–44 anos,ln_salario_real_adm,Salário real de admissão (log),strict_no_tail_binning,control,Not Exposed,-2,estimated,-0.0035295951658577,0.2049042825281465,0.0126590288507522,262,99.64766265329811,97.20565553349898,102.15101804280872,adequate,75,266
age_pnad,age_35_44,35–44 anos,ln_salario_real_adm,Salário real de admissão (log),strict_no_tail_binning,control,Not Exposed,-1,estimated,0.0048466098687709,0.2424191588650409,0.0150631936018178,259,100.485837367957,97.56247445049668,103.49679595983328,adequate,75,266
age_pnad,age_35_44,35–44 anos,ln_salario_real_adm,Salário real de admissão (log),strict_no_tail_binning,control,Not Exposed,0,estimated,0.0010630769157058,0.3150878114095204,0.019503445898386,261,100.10636421822596,96.35184165945785,104.00718849164238,adequate,75,266
age_pnad,age_35_44,35–44 anos,ln_salario_real_adm,Salário real de admissão (log),strict_no_tail_binning,control,Not Exposed,1,estimated,0.0444862300808743,0.2721276464623324,0.016844278445716,261,104.54905802905998,101.15374936635553,108.05833301518052,adequate,75,266
age_pnad,age_35_44,35–44 anos,ln_salario_real_adm,Salário real de admissão (log),strict_no_tail_binning,control,Not Exposed,2,estimated,0.0302673486773513,0.3153435725769059,0.0194449176959861,263,103.07300614395534,99.21859992721431,107.0771468590117,adequate,75,266
age_pnad,age_35_44,35–44 anos,ln_salario_real_adm,Salário real de admissão (log),strict_no_tail_binning,control,Not Exposed,3,estimated,0.0473294700670903,0.3364443857980426,0.0207460495790636,263,104.84673908016514,100.66894882332969,109.1979088312152,adequate,75,266
age_pnad,age_35_44,35–44 anos,ln_salario_real_adm,Salário real de admissão (log),strict_no_tail_binning,control,Not Exposed,4,estimated,0.0759572811711862,0.375030633325065,0.0231253795309272,263,107.89164831242664,103.1105509954118,112.89443866991206,adequate,75,266
age_pnad,age_35_44,35–44 anos,ln_salario_real_adm,Salário real de admissão (log),strict_no_tail_binning,control,Not Exposed,5,estimated,0.032481154003608,0.2741808711390235,0.0169713698626132,261,103.30144247744006,99.92175753268285,106.79543956609731,adequate,75,266
age_pnad,age_35_44,35–44 anos,ln_salario_real_adm,Salário real de admissão (log),strict_no_tail_binning,control,Not Exposed,6,estimated,0.0419644189007771,0.287178805410305,0.0177419658494167,262,104.28573720789878,100.7216077143265,107.9759867995833,adequate,75,266
age_pnad,age_35_44,35–44 anos,ln_salario_real_adm,Salário real de admissão (log),strict_no_tail_binning,control,Not Exposed,7,estimated,0.0489224492471923,0.2955097349790341,0.0183620814874999,259,105.0138908519208,101.30167594792294,108.8621404203456,adequate,75,266
age_pnad,age_35_44,35–44 anos,ln_salario_real_adm,Salário real de admissão (log),strict_no_tail_binning,control,Not Exposed,8,estimated,0.0401868142991043,0.2960899880130074,0.0182576908115491,263,104.10052306907308,100.44114421971815,107.89322431003494,adequate,75,266
age_pnad,age_35_44,35–44 anos,ln_salario_real_adm,Salário real de admissão (log),strict_no_tail_binning,control,Not Exposed,9,estimated,0.0395561269106273,0.3100855028749851,0.0191938107733905,261,104.03488888154232,100.19381335523605,108.02321762343864,adequate,75,266
age_pnad,age_35_44,35–44 anos,ln_salario_real_adm,Salário real de admissão (log),strict_no_tail_binning,control,Not Exposed,10,estimated,0.0538876463590819,0.2776107115900386,0.0171836716567614,261,105.53660212787165,102.04132067413518,109.15160951577008,adequate,75,266
age_pnad,age_35_44,35–44 anos,ln_salario_real_adm,Salário real de admissão (log),strict_no_tail_binning,control,Not Exposed,11,estimated,0.0250767483218635,0.240926571491694,0.0149994331741407,258,102.5393814759097,99.56871863082756,105.59867494575536,adequate,75,266
age_pnad,age_35_44,35–44 anos,ln_salario_real_adm,Salário real de admissão (log),strict_no_tail_binning,control,Not Exposed,12,estimated,0.0286851635211934,0.3051471087239729,0.0189609187543757,259,102.91005450745725,99.15576016608648,106.80649617317948,adequate,75,266
age_pnad,age_35_44,35–44 anos,ln_salario_real_adm,Salário real de admissão (log),strict_no_tail_binning,control,Not Exposed,13,estimated,0.0351277360204245,0.2661738720462762,0.0165074027869209,260,103.5752003189098,100.27770755080115,106.9811265446762,adequate,75,266
age_pnad,age_35_44,35–44 anos,ln_salario_real_adm,Salário real de admissão (log),strict_no_tail_binning,control,Not Exposed,14,estimated,0.0297509471569795,0.273763558220504,0.0169780951420387,260,103.01979282777454,99.64800901367438,106.5056674922746,adequate,75,266
age_pnad,age_35_44,35–44 anos,ln_salario_real_adm,Salário real de admissão (log),strict_no_tail_binning,control,Not Exposed,15,estimated,0.0436021770839958,0.3145224017136551,0.0195434711154949,259,104.45667196409438,100.53110274659925,108.5355280078585,adequate,75,266
age_pnad,age_35_44,35–44 anos,ln_salario_real_adm,Salário real de admissão (log),strict_no_tail_binning,control,Not Exposed,16,estimated,0.0484300410775668,0.3138974008147374,0.0193926461861238,262,104.9621938831906,101.04749365673126,109.02855425784814,adequate,75,266
age_pnad,age_35_44,35–44 anos,ln_salario_real_adm,Salário real de admissão (log),strict_no_tail_binning,control,Not Exposed,17,estimated,0.0668717646058204,0.3284935950728843,0.0202557828201589,263,106.91583654390028,102.75429122655969,111.24592430576124,adequate,75,266
age_pnad,age_35_44,35–44 anos,ln_salario_real_adm,Salário real de admissão (log),strict_no_tail_binning,control,Not Exposed,18,estimated,0.0491135046580665,0.2591565466757226,0.0160413875252484,261,105.0339562407245,101.78294656713577,108.3888051551118,adequate,75,266
age_pnad,age_35_44,35–44 anos,ln_salario_real_adm,Salário real de admissão (log),strict_no_tail_binning,control,Not Exposed,19,estimated,0.0650923369482165,0.2957342597565294,0.0182705235841008,262,106.72575671412648,102.97150471601245,110.61688549290147,adequate,75,266
age_pnad,age_35_44,35–44 anos,ln_salario_real_adm,Salário real de admissão (log),strict_no_tail_binning,control,Not Exposed,20,estimated,0.0515724568563439,0.3085508000478306,0.0190988150532272,261,105.292547519817,101.42392046315788,109.30873616978832,adequate,75,266
age_pnad,age_35_44,35–44 anos,ln_salario_real_adm,Salário real de admissão (log),strict_no_tail_binning,control,Not Exposed,21,estimated,0.0309911811533529,0.287813603111424,0.0178838671217307,259,103.14764074141556,99.59470371085467,106.8273250895826,adequate,75,266
age_pnad,age_35_44,35–44 anos,ln_salario_real_adm,Salário real de admissão (log),strict_no_tail_binning,control,Not Exposed,22,estimated,0.0340178251818585,0.3233165056970457,0.0200899101489298,259,103.46030485512448,99.46559319005232,107.61545110642156,adequate,75,266
age_pnad,age_35_44,35–44 anos,ln_salario_real_adm,Salário real de admissão (log),strict_no_tail_binning,control,Not Exposed,23,estimated,0.0361376176394478,0.2914133156179703,0.0180035747637168,262,103.67985184383008,100.08509729747836,107.40371912122215,adequate,75,266
age_pnad,age_35_44,35–44 anos,ln_salario_real_adm,Salário real de admissão (log),strict_no_tail_binning,control,Not Exposed,24,estimated,0.0195058672410288,0.2477740570535383,0.0154257390044186,258,101.9697349653234,98.93287647562356,105.09981332100718,adequate,75,266
age_pnad,age_45_54,45–54 anos,ln_admissoes,Admissões (log),strict_no_tail_binning,treated,Exposed,-12,estimated,-0.2773618646342713,0.2705608887351791,0.031241680388688,75,75.77802336232747,71.27706650555126,80.56320365336896,adequate,75,265
age_pnad,age_45_54,45–54 anos,ln_admissoes,Admissões (log),strict_no_tail_binning,treated,Exposed,-11,estimated,-0.0332013767617094,0.2930958005799881,0.033843787872641,75,96.73437394238584,90.52580833250175,103.36874394598108,adequate,75,265
age_pnad,age_45_54,45–54 anos,ln_admissoes,Admissões (log),strict_no_tail_binning,treated,Exposed,-10,estimated,0.0694168989813942,0.2410189444474413,0.0278304704913059,75,107.18829829358668,101.49802729812588,113.19758222815292,adequate,75,265
age_pnad,age_45_54,45–54 anos,ln_admissoes,Admissões (log),strict_no_tail_binning,treated,Exposed,-9,estimated,0.0616436327022256,0.2318389904795433,0.026770460712403,75,106.35832508946436,100.92157354894977,112.08796016591546,adequate,75,265
age_pnad,age_45_54,45–54 anos,ln_admissoes,Admissões (log),strict_no_tail_binning,treated,Exposed,-8,estimated,0.0398057577957898,0.2943495380710828,0.0339885570082363,75,104.06086244470852,97.35444317773774,111.22926431787924,adequate,75,265
age_pnad,age_45_54,45–54 anos,ln_admissoes,Admissões (log),strict_no_tail_binning,treated,Exposed,-7,estimated,0.0174076796412363,0.2547326495775931,0.0294139927610019,75,101.75600763029637,96.05552789450248,107.79478615982426,adequate,75,265
age_pnad,age_45_54,45–54 anos,ln_admissoes,Admissões (log),strict_no_tail_binning,treated,Exposed,-6,estimated,0.034208023966427,0.2306923549671124,0.0266380586480502,75,103.47998475084582,98.21585072414912,109.02626373527292,adequate,75,265
age_pnad,age_45_54,45–54 anos,ln_admissoes,Admissões (log),strict_no_tail_binning,treated,Exposed,-5,estimated,-0.0151064551893935,0.2319717325399454,0.0267857884452642,75,98.50070749067528,93.46280834450656,103.81016308005952,adequate,75,265
age_pnad,age_45_54,45–54 anos,ln_admissoes,Admissões (log),strict_no_tail_binning,treated,Exposed,-4,estimated,0.1049498495010071,0.3125120027548576,0.0360857777831012,75,111.06549090610947,103.48140254807709,119.20541243615288,adequate,75,265
age_pnad,age_45_54,45–54 anos,ln_admissoes,Admissões (log),strict_no_tail_binning,treated,Exposed,-3,estimated,0.1086303834353838,0.2687361623853313,0.0310309791388316,75,111.47502440298769,104.89709797210864,118.4654419033676,adequate,75,265
age_pnad,age_45_54,45–54 anos,ln_admissoes,Admissões (log),strict_no_tail_binning,treated,Exposed,-2,estimated,-0.0257100551173074,0.2617192336921632,0.0302207340048546,75,97.4617634041186,91.85649223888316,103.4090796885396,adequate,75,265
age_pnad,age_45_54,45–54 anos,ln_admissoes,Admissões (log),strict_no_tail_binning,treated,Exposed,-1,estimated,-0.0846824743207822,0.3000289179342872,0.0346443553068065,75,91.88039819467116,85.84855669527774,98.33604544309944,adequate,75,265
age_pnad,age_45_54,45–54 anos,ln_admissoes,Admissões (log),strict_no_tail_binning,treated,Exposed,0,estimated,-0.3530359800583917,0.2905734545851223,0.0335525324448159,75,70.25519150635594,65.78364441668401,75.03068547450276,adequate,75,265
age_pnad,age_45_54,45–54 anos,ln_admissoes,Admissões (log),strict_no_tail_binning,treated,Exposed,1,estimated,-0.0401711847450601,0.39050280796957,0.0450913802601071,75,96.06249807339134,87.93693377741475,104.93888221595444,adequate,75,265
age_pnad,age_45_54,45–54 anos,ln_admissoes,Admissões (log),strict_no_tail_binning,treated,Exposed,2,estimated,-0.0450360584891398,0.3278482492071599,0.0378566549866202,75,95.5963010629777,88.75990996729674,102.95923892093371,adequate,75,265
age_pnad,age_45_54,45–54 anos,ln_admissoes,Admissões (log),strict_no_tail_binning,treated,Exposed,3,estimated,0.0468079920089584,0.3036960814053435,0.0350678028702419,75,104.79207805976824,97.83137020699188,112.24804069339034,adequate,75,265
age_pnad,age_45_54,45–54 anos,ln_admissoes,Admissões (log),strict_no_tail_binning,treated,Exposed,4,estimated,-0.040142998317443,0.2968580756458908,0.0342782179770538,75,96.06520577019997,89.82307304411147,102.74112705027134,adequate,75,265
age_pnad,age_45_54,45–54 anos,ln_admissoes,Admissões (log),strict_no_tail_binning,treated,Exposed,5,estimated,0.0601431812734321,0.2954224195165421,0.0341124426865052,75,106.19885925390808,99.33053036090972,113.54210700227736,adequate,75,265
age_pnad,age_45_54,45–54 anos,ln_admissoes,Admissões (log),strict_no_tail_binning,treated,Exposed,6,estimated,-0.0078065968837334,0.327423351217545,0.0378075919928838,75,99.22237954553826,92.13553585977613,106.85432619247344,adequate,75,265
age_pnad,age_45_54,45–54 anos,ln_admissoes,Admissões (log),strict_no_tail_binning,treated,Exposed,7,estimated,-0.0225955983701848,0.3170082958939617,0.0366049649939446,75,97.765777023633,90.99721086662026,105.03780353273292,adequate,75,265
age_pnad,age_45_54,45–54 anos,ln_admissoes,Admissões (log),strict_no_tail_binning,treated,Exposed,8,estimated,0.0759018317519709,0.2812678932388536,0.0324780187751702,75,107.88566594905036,101.23201908589844,114.97663508414048,adequate,75,265
age_pnad,age_45_54,45–54 anos,ln_admissoes,Admissões (log),strict_no_tail_binning,treated,Exposed,9,estimated,0.0436763111431386,0.3445454313266005,0.0397846795048937,75,104.46441604823828,96.6279971988092,112.93635940571797,adequate,75,265
age_pnad,age_45_54,45–54 anos,ln_admissoes,Admissões (log),strict_no_tail_binning,treated,Exposed,10,estimated,0.0071802678109372,0.3510966169699556,0.0405411452638341,75,100.72061077427092,93.0270033009197,109.05050227111724,adequate,75,265
age_pnad,age_45_54,45–54 anos,ln_admissoes,Admissões (log),strict_no_tail_binning,treated,Exposed,11,estimated,-0.0695984595139082,0.3358479603505716,0.0387803820630378,75,93.27682889508318,86.44965121829351,100.64316843514932,adequate,75,265
age_pnad,age_45_54,45–54 anos,ln_admissoes,Admissões (log),strict_no_tail_binning,treated,Exposed,12,estimated,-0.2901307027091127,0.3917723822624617,0.0452379780720586,75,74.81657738942414,68.4684493860115,81.75327910100584,adequate,75,265
age_pnad,age_45_54,45–54 anos,ln_admissoes,Admissões (log),strict_no_tail_binning,treated,Exposed,13,estimated,0.0451583603824917,0.3704929509799877,0.0427808409962309,75,104.61935223975505,96.20468893558424,113.77001458208052,adequate,75,265
age_pnad,age_45_54,45–54 anos,ln_admissoes,Admissões (log),strict_no_tail_binning,treated,Exposed,14,estimated,0.1065188636679447,0.2971284349612977,0.0343094363817594,75,111.23989101714324,104.00537228021906,118.97763627215431,adequate,75,265
age_pnad,age_45_54,45–54 anos,ln_admissoes,Admissões (log),strict_no_tail_binning,treated,Exposed,15,estimated,0.1387726450216014,0.3352561976131963,0.0387120511878938,75,114.88628706156976,106.4917173412456,123.94258712626969,adequate,75,265
age_pnad,age_45_54,45–54 anos,ln_admissoes,Admissões (log),strict_no_tail_binning,treated,Exposed,16,estimated,0.196817720723037,0.3297675526214035,0.0380782770551942,75,121.75220914316338,112.99623320446206,131.18667774011453,adequate,75,265
age_pnad,age_45_54,45–54 anos,ln_admissoes,Admissões (log),strict_no_tail_binning,treated,Exposed,17,estimated,0.1260538334410222,0.3763436140883872,0.0434564173803454,75,113.43432322388604,104.1726315098671,123.51944554690716,adequate,75,265
age_pnad,age_45_54,45–54 anos,ln_admissoes,Admissões (log),strict_no_tail_binning,treated,Exposed,18,estimated,0.0827191097181738,0.3028468798025895,0.0349697455154526,75,108.62366523731276,101.42793988715336,116.32988565788898,adequate,75,265
age_pnad,age_45_54,45–54 anos,ln_admissoes,Admissões (log),strict_no_tail_binning,treated,Exposed,19,estimated,0.0741618103064069,0.5139569106859684,0.0593466321472824,75,107.69810580329062,95.87186854338776,120.98316398587346,adequate,75,265
age_pnad,age_45_54,45–54 anos,ln_admissoes,Admissões (log),strict_no_tail_binning,treated,Exposed,20,estimated,0.1487341139823509,0.3404843629286101,0.0393157477183382,75,116.03644235136616,107.43064047422088,125.33161762907729,adequate,75,265
age_pnad,age_45_54,45–54 anos,ln_admissoes,Admissões (log),strict_no_tail_binning,treated,Exposed,21,estimated,0.1499640461806821,0.4194546132331812,0.0484344467726015,75,116.1792471100772,105.65749850357436,127.74878877723724,adequate,75,265
age_pnad,age_45_54,45–54 anos,ln_admissoes,Admissões (log),strict_no_tail_binning,treated,Exposed,22,estimated,0.1399663652320457,0.3876535199925636,0.0447623728240025,75,115.02351103155624,105.3620274672623,125.57093298282868,adequate,75,265
age_pnad,age_45_54,45–54 anos,ln_admissoes,Admissões (log),strict_no_tail_binning,treated,Exposed,23,estimated,0.0324177231355618,0.3068888262582375,0.0354364692902963,75,103.29489018508428,96.36397508308129,110.72430676660552,adequate,75,265
age_pnad,age_45_54,45–54 anos,ln_admissoes,Admissões (log),strict_no_tail_binning,treated,Exposed,24,estimated,-0.2552314373490986,0.3755858558081856,0.0433689189909343,75,77.47371740929408,71.16034189751842,84.34721825619097,adequate,75,265
age_pnad,age_45_54,45–54 anos,ln_admissoes,Admissões (log),strict_no_tail_binning,control,Not Exposed,-12,estimated,-0.463469859926544,0.5007344636520368,0.0308180758578328,264,62.9096975596192,59.222225215939375,66.82677039932605,adequate,75,265
age_pnad,age_45_54,45–54 anos,ln_admissoes,Admissões (log),strict_no_tail_binning,control,Not Exposed,-11,estimated,-0.0064160293135743,0.3394667188180847,0.0208927322785899,264,99.36045094532496,95.37384709526138,103.51369387666064,adequate,75,265
age_pnad,age_45_54,45–54 anos,ln_admissoes,Admissões (log),strict_no_tail_binning,control,Not Exposed,-10,estimated,0.1181603797062592,0.3992543734526027,0.02457240805415,264,112.54245921597348,107.25065295072228,118.09536611584568,adequate,75,265
age_pnad,age_45_54,45–54 anos,ln_admissoes,Admissões (log),strict_no_tail_binning,control,Not Exposed,-9,estimated,0.097864718741648,0.3749584964207546,0.0230771001898997,264,110.28135850072393,105.40433753642796,115.38403747912164,adequate,75,265
age_pnad,age_45_54,45–54 anos,ln_admissoes,Admissões (log),strict_no_tail_binning,control,Not Exposed,-8,estimated,0.0357885177233597,0.3339185915006695,0.020551268646768,264,103.64366353328698,99.55181049782732,107.90370297520244,adequate,75,265
age_pnad,age_45_54,45–54 anos,ln_admissoes,Admissões (log),strict_no_tail_binning,control,Not Exposed,-7,estimated,0.1350441863923559,0.3350019616190992,0.020617945468348,264,114.45873584200685,109.92553689651372,119.17887854287832,adequate,75,265
age_pnad,age_45_54,45–54 anos,ln_admissoes,Admissões (log),strict_no_tail_binning,control,Not Exposed,-6,estimated,0.0661790681563451,0.3297301173683363,0.0202551600972454,265,106.8418019682378,102.6832636690165,111.1687556466375,adequate,75,265
age_pnad,age_45_54,45–54 anos,ln_admissoes,Admissões (log),strict_no_tail_binning,control,Not Exposed,-5,estimated,0.0509939314552635,0.3207108389852381,0.0197383876719628,264,105.2316507234026,101.23827305566007,109.38254851388024,adequate,75,265
age_pnad,age_45_54,45–54 anos,ln_admissoes,Admissões (log),strict_no_tail_binning,control,Not Exposed,-4,estimated,0.1246061580043583,0.3240230190358351,0.0199422382623728,264,113.27022594893644,108.92826616451468,117.7852594031535,adequate,75,265
age_pnad,age_45_54,45–54 anos,ln_admissoes,Admissões (log),strict_no_tail_binning,control,Not Exposed,-3,estimated,0.0501628718191349,0.3490897344590319,0.0214444119215044,265,105.14423327563064,100.81649775415552,109.6577448869429,adequate,75,265
age_pnad,age_45_54,45–54 anos,ln_admissoes,Admissões (log),strict_no_tail_binning,control,Not Exposed,-2,estimated,-0.0396609734727073,0.3401842421813388,0.0209368927888877,264,96.1115227481661,92.24728970977138,100.13762826023456,adequate,75,265
age_pnad,age_45_54,45–54 anos,ln_admissoes,Admissões (log),strict_no_tail_binning,control,Not Exposed,-1,estimated,-0.1696936584524731,0.3844909545470061,0.0236637824316289,264,84.39233057728595,80.56751382384377,88.39872452609,adequate,75,265
age_pnad,age_45_54,45–54 anos,ln_admissoes,Admissões (log),strict_no_tail_binning,control,Not Exposed,0,estimated,-0.4668046748404845,0.6167759300688087,0.0380320331219955,263,62.70025478251514,58.19635513491964,67.55271770333596,adequate,75,265
age_pnad,age_45_54,45–54 anos,ln_admissoes,Admissões (log),strict_no_tail_binning,control,Not Exposed,1,estimated,0.0144777562257643,0.3478092344346947,0.0214061786214734,264,101.45830665437208,97.289574175097,105.80566393112532,adequate,75,265
age_pnad,age_45_54,45–54 anos,ln_admissoes,Admissões (log),strict_no_tail_binning,control,Not Exposed,2,estimated,0.0826260718032183,0.4112385884301107,0.0252621856726304,265,108.6135595880958,103.36664975946412,114.12680350817624,adequate,75,265
age_pnad,age_45_54,45–54 anos,ln_admissoes,Admissões (log),strict_no_tail_binning,control,Not Exposed,3,estimated,0.1446369027877536,0.4162498605833065,0.0256184079795692,264,115.56198917194772,109.90265386716416,121.51274670326532,adequate,75,265
age_pnad,age_45_54,45–54 anos,ln_admissoes,Admissões (log),strict_no_tail_binning,control,Not Exposed,4,estimated,0.0771539492987869,0.4045024308850003,0.0248483868040118,265,108.02083609122856,102.88597098502264,113.41197364552914,adequate,75,265
age_pnad,age_45_54,45–54 anos,ln_admissoes,Admissões (log),strict_no_tail_binning,control,Not Exposed,5,estimated,0.124897588484694,0.3855241474817127,0.0237724373334702,263,113.3032411558776,108.14509495718274,118.70741305012196,adequate,75,265
age_pnad,age_45_54,45–54 anos,ln_admissoes,Admissões (log),strict_no_tail_binning,control,Not Exposed,6,estimated,0.0916741263149267,0.336849964205314,0.0207316821651834,264,109.60076038432338,105.23650178447564,114.1460089715174,adequate,75,265
age_pnad,age_45_54,45–54 anos,ln_admissoes,Admissões (log),strict_no_tail_binning,control,Not Exposed,7,estimated,0.0475910360301459,0.3221895986654161,0.0198670617490512,263,104.87416700539534,100.86891282126746,109.0384598926358,adequate,75,265
age_pnad,age_45_54,45–54 anos,ln_admissoes,Admissões (log),strict_no_tail_binning,control,Not Exposed,8,estimated,0.1459452920588073,0.3533430254554994,0.0217467599152328,264,115.71328819614806,110.8848004507629,120.75203283709112,adequate,75,265
age_pnad,age_45_54,45–54 anos,ln_admissoes,Admissões (log),strict_no_tail_binning,control,Not Exposed,9,estimated,0.0395957526449566,0.4281825002875579,0.026352811185827,264,104.03901142208892,98.801662220737,109.55398577711104,adequate,75,265
age_pnad,age_45_54,45–54 anos,ln_admissoes,Admissões (log),strict_no_tail_binning,control,Not Exposed,10,estimated,0.0116363214298303,0.3438107908218421,0.021160091428522,264,101.1704286784446,97.06032847498228,105.45457448785042,adequate,75,265
age_pnad,age_45_54,45–54 anos,ln_admissoes,Admissões (log),strict_no_tail_binning,control,Not Exposed,11,estimated,-0.1069380093153416,0.3775303123695919,0.0232795163439594,263,89.85813749384404,85.85023499710636,94.05314818456507,adequate,75,265
age_pnad,age_45_54,45–54 anos,ln_admissoes,Admissões (log),strict_no_tail_binning,control,Not Exposed,12,estimated,-0.4420738293239203,0.5741237640583474,0.0353348750623043,264,64.27021834361922,59.96973399535727,68.87909434876394,adequate,75,265
age_pnad,age_45_54,45–54 anos,ln_admissoes,Admissões (log),strict_no_tail_binning,control,Not Exposed,13,estimated,0.1105241779635158,0.3590561298368451,0.0221403494476299,263,111.6863352207058,106.94335256954196,116.6396711466523,adequate,75,265
age_pnad,age_45_54,45–54 anos,ln_admissoes,Admissões (log),strict_no_tail_binning,control,Not Exposed,14,estimated,0.1858705585252331,0.4160951898880681,0.0256575285646451,263,120.4266368273674,114.520287250499,126.63760461784425,adequate,75,265
age_pnad,age_45_54,45–54 anos,ln_admissoes,Admissões (log),strict_no_tail_binning,control,Not Exposed,15,estimated,0.205401420994905,0.3883578586079956,0.0239017739247995,264,122.80179182102282,117.1815135035778,128.6916308176323,adequate,75,265
age_pnad,age_45_54,45–54 anos,ln_admissoes,Admissões (log),strict_no_tail_binning,control,Not Exposed,16,estimated,0.2297937429385246,0.3936363886901142,0.0242726595556589,263,125.83404415596816,119.98773343685252,131.96521190209347,adequate,75,265
age_pnad,age_45_54,45–54 anos,ln_admissoes,Admissões (log),strict_no_tail_binning,control,Not Exposed,17,estimated,0.1801029267378634,0.3770705747932821,0.0232070896278695,264,119.73405951413358,114.40985462416526,125.30603290099828,adequate,75,265
age_pnad,age_45_54,45–54 anos,ln_admissoes,Admissões (log),strict_no_tail_binning,control,Not Exposed,18,estimated,0.13533406369135,0.3266552472016358,0.020142425434242,263,114.49191964058156,110.05993662710864,119.10237334951076,adequate,75,265
age_pnad,age_45_54,45–54 anos,ln_admissoes,Admissões (log),strict_no_tail_binning,control,Not Exposed,19,estimated,0.2006432622450938,0.3763798766497513,0.0232085774384855,263,122.21886931946142,116.78383203488778,127.9068494110144,adequate,75,265
age_pnad,age_45_54,45–54 anos,ln_admissoes,Admissões (log),strict_no_tail_binning,control,Not Exposed,20,estimated,0.1742843835212176,0.377166486544876,0.0232129925881226,264,119.03940461394468,113.74477287598292,124.5804927343126,adequate,75,265
age_pnad,age_45_54,45–54 anos,ln_admissoes,Admissões (log),strict_no_tail_binning,control,Not Exposed,21,estimated,0.1173882766203618,0.4087447427397008,0.0252042805765516,263,112.45559837299592,107.0352342890851,118.15045474906913,adequate,75,265
age_pnad,age_45_54,45–54 anos,ln_admissoes,Admissões (log),strict_no_tail_binning,control,Not Exposed,22,estimated,0.112944710446475,0.3626701288017119,0.0223208034439346,264,111.95700307101905,107.16461623160826,116.96370478810285,adequate,75,265
age_pnad,age_45_54,45–54 anos,ln_admissoes,Admissões (log),strict_no_tail_binning,control,Not Exposed,23,estimated,-0.0390913816177411,0.4261176042249569,0.0262755371078455,263,96.16628268261768,91.33908147881124,101.24859781011116,adequate,75,265
age_pnad,age_45_54,45–54 anos,ln_admissoes,Admissões (log),strict_no_tail_binning,control,Not Exposed,24,estimated,-0.4092067292239579,0.5843409739447979,0.0359637008615902,264,66.41769133509159,61.89717887181243,71.26834861761981,adequate,75,265
age_pnad,age_45_54,45–54 anos,ln_desligamentos,Desligamentos (log),strict_no_tail_binning,treated,Exposed,-12,estimated,-0.041832229802678,0.2652255059193448,0.0306256034476976,75,95.90306638401086,90.31574183631378,101.83604712592798,adequate,75,265
age_pnad,age_45_54,45–54 anos,ln_desligamentos,Desligamentos (log),strict_no_tail_binning,treated,Exposed,-11,estimated,-0.0621469478152922,0.2503529181825739,0.0289082649410234,75,93.97447832015034,88.79790335820799,99.45282761823336,adequate,75,265
age_pnad,age_45_54,45–54 anos,ln_desligamentos,Desligamentos (log),strict_no_tail_binning,treated,Exposed,-10,estimated,-0.0003033476343976,0.1890857125740122,0.0218337374109036,75,99.9696698370844,95.78180241590442,104.34064337127349,adequate,75,265
age_pnad,age_45_54,45–54 anos,ln_desligamentos,Desligamentos (log),strict_no_tail_binning,treated,Exposed,-9,estimated,0.1266052025131422,0.2543684280124952,0.0293719360772712,75,113.49688464706055,107.14750042004688,120.222522915505,adequate,75,265
age_pnad,age_45_54,45–54 anos,ln_desligamentos,Desligamentos (log),strict_no_tail_binning,treated,Exposed,-8,estimated,-0.0145488531470949,0.2712024560757169,0.0313157622040405,75,98.55564700210836,92.68831741679186,104.7943886210248,adequate,75,265
age_pnad,age_45_54,45–54 anos,ln_desligamentos,Desligamentos (log),strict_no_tail_binning,treated,Exposed,-7,estimated,0.0097400288102569,0.2295822177295342,0.0265098710414595,75,100.97876172697036,95.86595058160802,106.36425402397776,adequate,75,265
age_pnad,age_45_54,45–54 anos,ln_desligamentos,Desligamentos (log),strict_no_tail_binning,treated,Exposed,-6,estimated,-0.0317584097649187,0.2061185039531419,0.0238005147484618,75,96.8740592078167,92.45876555223047,101.50020164500437,adequate,75,265
age_pnad,age_45_54,45–54 anos,ln_desligamentos,Desligamentos (log),strict_no_tail_binning,treated,Exposed,-5,estimated,9.176277421879616e-05,0.2172655438687323,0.0250876640476486,75,100.00917669845512,95.21049023101295,105.04972088301368,adequate,75,265
age_pnad,age_45_54,45–54 anos,ln_desligamentos,Desligamentos (log),strict_no_tail_binning,treated,Exposed,-4,estimated,0.0805767608907523,0.1997988978907708,0.0230707894962054,75,108.39120455031106,103.59905409911528,113.40502407123527,adequate,75,265
age_pnad,age_45_54,45–54 anos,ln_desligamentos,Desligamentos (log),strict_no_tail_binning,treated,Exposed,-3,estimated,0.0067049568354853,0.3484806952516793,0.0402390846421889,75,100.6727485381398,93.03786277614246,108.93416933500792,adequate,75,265
age_pnad,age_45_54,45–54 anos,ln_desligamentos,Desligamentos (log),strict_no_tail_binning,treated,Exposed,-2,estimated,-0.0220676465807203,0.2680562561259396,0.0309524703264548,75,97.81740626823782,92.05955435504436,103.93538222164122,adequate,75,265
age_pnad,age_45_54,45–54 anos,ln_desligamentos,Desligamentos (log),strict_no_tail_binning,treated,Exposed,-1,estimated,-0.0510612770787532,0.2769145926205035,0.0319753429183966,75,95.022044201555,89.2496265903419,101.16780572860527,adequate,75,265
age_pnad,age_45_54,45–54 anos,ln_desligamentos,Desligamentos (log),strict_no_tail_binning,treated,Exposed,0,estimated,0.0202879583455967,0.2899314438490599,0.0334783994305583,75,102.04951578184178,95.5682337079921,108.9703478577262,adequate,75,265
age_pnad,age_45_54,45–54 anos,ln_desligamentos,Desligamentos (log),strict_no_tail_binning,treated,Exposed,1,estimated,0.040491162260444,0.2960307542510583,0.0341826871310512,75,104.13221067282775,97.3841319908942,111.34788674426032,adequate,75,265
age_pnad,age_45_54,45–54 anos,ln_desligamentos,Desligamentos (log),strict_no_tail_binning,treated,Exposed,2,estimated,0.0172730447915249,0.2327169958132947,0.0268718440355613,75,101.74230864770271,96.52233346803348,107.2445826477314,adequate,75,265
age_pnad,age_45_54,45–54 anos,ln_desligamentos,Desligamentos (log),strict_no_tail_binning,treated,Exposed,3,estimated,0.1261873732516171,0.281513199461251,0.0325063442978772,75,113.44947223339976,106.44677813473896,120.91284466820848,adequate,75,265
age_pnad,age_45_54,45–54 anos,ln_desligamentos,Desligamentos (log),strict_no_tail_binning,treated,Exposed,4,estimated,0.0211208240508454,0.2845230401358572,0.0328538907626175,75,102.13454472770506,95.7650105714589,108.9277301228065,adequate,75,265
age_pnad,age_45_54,45–54 anos,ln_desligamentos,Desligamentos (log),strict_no_tail_binning,treated,Exposed,5,estimated,0.0866334840916569,0.3600820879067001,0.0415786980766591,75,109.049692199406,100.51524643858184,118.30877195382992,adequate,75,265
age_pnad,age_45_54,45–54 anos,ln_desligamentos,Desligamentos (log),strict_no_tail_binning,treated,Exposed,6,estimated,0.0903017997438333,0.2377871800752692,0.0274572984852597,75,109.45045550591396,103.71592596156268,115.50205139075403,adequate,75,265
age_pnad,age_45_54,45–54 anos,ln_desligamentos,Desligamentos (log),strict_no_tail_binning,treated,Exposed,7,estimated,0.0296509440787853,0.3354610350139898,0.0387357037735914,75,103.00949104649033,95.4783147164901,111.13471448637068,adequate,75,265
age_pnad,age_45_54,45–54 anos,ln_desligamentos,Desligamentos (log),strict_no_tail_binning,treated,Exposed,8,estimated,0.076415335238343,0.2667253485672373,0.0307987903589982,75,107.94107984104048,101.6179194490706,114.65769797707112,adequate,75,265
age_pnad,age_45_54,45–54 anos,ln_desligamentos,Desligamentos (log),strict_no_tail_binning,treated,Exposed,9,estimated,0.0010152476982591,0.3260904445183303,0.0376536811845645,75,100.10157632366553,92.97998161805717,107.76863372208538,adequate,75,265
age_pnad,age_45_54,45–54 anos,ln_desligamentos,Desligamentos (log),strict_no_tail_binning,treated,Exposed,10,estimated,0.0453268915529595,0.2685467552531799,0.0310091082870847,75,104.636985347464,98.46677929971784,111.19383390492162,adequate,75,265
age_pnad,age_45_54,45–54 anos,ln_desligamentos,Desligamentos (log),strict_no_tail_binning,treated,Exposed,11,estimated,-0.0372430840023569,0.3148101419952894,0.0363511440449209,75,96.34419095665206,89.71866766840235,103.45899434662356,adequate,75,265
age_pnad,age_45_54,45–54 anos,ln_desligamentos,Desligamentos (log),strict_no_tail_binning,treated,Exposed,12,estimated,0.0423934000401734,0.3031422608226595,0.0350038531777428,75,104.33048341922316,97.4126455957741,111.7395970914992,adequate,75,265
age_pnad,age_45_54,45–54 anos,ln_desligamentos,Desligamentos (log),strict_no_tail_binning,treated,Exposed,13,estimated,0.0651716241044973,0.2454333104298044,0.0283401975689497,75,106.73421903135034,100.96713045734435,112.83071491315818,adequate,75,265
age_pnad,age_45_54,45–54 anos,ln_desligamentos,Desligamentos (log),strict_no_tail_binning,treated,Exposed,14,estimated,0.1358477807336148,0.2949796291190275,0.0340613136554652,75,114.55075120099632,107.15300774672188,122.459227945601,adequate,75,265
age_pnad,age_45_54,45–54 anos,ln_desligamentos,Desligamentos (log),strict_no_tail_binning,treated,Exposed,15,estimated,0.1583351030370516,0.2651877750053161,0.0306212466570234,75,117.15587218212488,110.3312986805768,124.4025815964648,adequate,75,265
age_pnad,age_45_54,45–54 anos,ln_desligamentos,Desligamentos (log),strict_no_tail_binning,treated,Exposed,16,estimated,0.1414840461583775,0.2782019276017036,0.0321239915579832,75,115.19821255738204,108.16860948906344,122.68465166650329,adequate,75,265
age_pnad,age_45_54,45–54 anos,ln_desligamentos,Desligamentos (log),strict_no_tail_binning,treated,Exposed,17,estimated,0.1167778400135817,0.3186107727195026,0.0367900030792639,75,112.38697230717408,104.56821357858728,120.79035408672183,adequate,75,265
age_pnad,age_45_54,45–54 anos,ln_desligamentos,Desligamentos (log),strict_no_tail_binning,treated,Exposed,18,estimated,0.1107591461600585,0.3139324700775504,0.0362497992213275,75,111.71258104081684,104.05085038692604,119.93847927617844,adequate,75,265
age_pnad,age_45_54,45–54 anos,ln_desligamentos,Desligamentos (log),strict_no_tail_binning,treated,Exposed,19,estimated,0.152286253977199,0.3550738915747966,0.0410004013765833,75,116.44935296308638,107.4575250061835,126.19359886374788,adequate,75,265
age_pnad,age_45_54,45–54 anos,ln_desligamentos,Desligamentos (log),strict_no_tail_binning,treated,Exposed,20,estimated,0.1234167076740549,0.3150669532798162,0.0363807980577714,75,113.13557673641812,105.34919820724288,121.4974479283883,adequate,75,265
age_pnad,age_45_54,45–54 anos,ln_desligamentos,Desligamentos (log),strict_no_tail_binning,treated,Exposed,21,estimated,0.1032982304182754,0.3408783594080228,0.0393612425130279,75,110.88220442328706,102.64951114243512,119.77517594513851,adequate,75,265
age_pnad,age_45_54,45–54 anos,ln_desligamentos,Desligamentos (log),strict_no_tail_binning,treated,Exposed,22,estimated,0.1819333160319049,0.3309807973734085,0.0382183704920268,75,119.95342015123713,111.29624230543484,129.28399654762268,adequate,75,265
age_pnad,age_45_54,45–54 anos,ln_desligamentos,Desligamentos (log),strict_no_tail_binning,treated,Exposed,23,estimated,0.1339052764477353,0.2961190959924792,0.0341928879566893,75,114.32845185445495,106.91748856102411,122.25310451410424,adequate,75,265
age_pnad,age_45_54,45–54 anos,ln_desligamentos,Desligamentos (log),strict_no_tail_binning,treated,Exposed,24,estimated,0.0831493654787185,0.399942001507317,0.0461813244460974,75,108.6704112506622,99.26610322775323,118.9656680114987,adequate,75,265
age_pnad,age_45_54,45–54 anos,ln_desligamentos,Desligamentos (log),strict_no_tail_binning,control,Not Exposed,-12,estimated,0.0292409660872346,0.4192005676704684,0.0258000114469703,264,102.96726807807572,97.88987571559932,108.30801671732824,adequate,75,265
age_pnad,age_45_54,45–54 anos,ln_desligamentos,Desligamentos (log),strict_no_tail_binning,control,Not Exposed,-11,estimated,-0.0956199948419974,0.3544576204484299,0.0218153584949918,264,90.8809302681864,87.07693937722986,94.8511000212156,adequate,75,265
age_pnad,age_45_54,45–54 anos,ln_desligamentos,Desligamentos (log),strict_no_tail_binning,control,Not Exposed,-10,estimated,-0.0123851251110678,0.2996193832535622,0.0184402983054945,264,98.76912549004317,95.26305606846128,102.40423258159142,adequate,75,265
age_pnad,age_45_54,45–54 anos,ln_desligamentos,Desligamentos (log),strict_no_tail_binning,control,Not Exposed,-9,estimated,0.0931914428411006,0.3043950222643007,0.0187342185685999,264,109.7671856573149,105.80973838707344,113.8726475539554,adequate,75,265
age_pnad,age_45_54,45–54 anos,ln_desligamentos,Desligamentos (log),strict_no_tail_binning,control,Not Exposed,-8,estimated,0.0145317744132305,0.3266550524046234,0.0201042287182085,264,101.46378739622948,97.5434258436272,105.541711947775,adequate,75,265
age_pnad,age_45_54,45–54 anos,ln_desligamentos,Desligamentos (log),strict_no_tail_binning,control,Not Exposed,-7,estimated,-0.0004576623905438,0.3018667513278097,0.0185786142490137,264,99.95424423209133,96.37997382871752,103.66106716073492,adequate,75,265
age_pnad,age_45_54,45–54 anos,ln_desligamentos,Desligamentos (log),strict_no_tail_binning,control,Not Exposed,-6,estimated,-0.0530519351373791,0.2837483756792369,0.017430524158932,265,94.83307595150532,91.64793324372006,98.12891547164509,adequate,75,265
age_pnad,age_45_54,45–54 anos,ln_desligamentos,Desligamentos (log),strict_no_tail_binning,control,Not Exposed,-5,estimated,-0.041898461205826,0.2954625761841535,0.018184464515551,264,95.89671479969756,92.53899972693635,99.37626229493053,adequate,75,265
age_pnad,age_45_54,45–54 anos,ln_desligamentos,Desligamentos (log),strict_no_tail_binning,control,Not Exposed,-4,estimated,0.060650496885969,0.2901293552266341,0.0178562274558594,264,106.25274926170653,102.5984142598872,110.0372438220517,adequate,75,265
age_pnad,age_45_54,45–54 anos,ln_desligamentos,Desligamentos (log),strict_no_tail_binning,control,Not Exposed,-3,estimated,0.0227317933457851,0.3010572080301333,0.0184937972780573,265,102.29921294532272,98.6574882335462,106.07536393445352,adequate,75,265
age_pnad,age_45_54,45–54 anos,ln_desligamentos,Desligamentos (log),strict_no_tail_binning,control,Not Exposed,-2,estimated,-0.0120699611887851,0.3258281610360392,0.02005333707249,264,98.80025886083294,94.99228560422256,102.76088304305088,adequate,75,265
age_pnad,age_45_54,45–54 anos,ln_desligamentos,Desligamentos (log),strict_no_tail_binning,control,Not Exposed,-1,estimated,-0.0047484846757825,0.3801852139555083,0.02339878241704,264,99.52627715538496,95.0649258125731,104.19699757552878,adequate,75,265
age_pnad,age_45_54,45–54 anos,ln_desligamentos,Desligamentos (log),strict_no_tail_binning,control,Not Exposed,0,estimated,0.0922030728482547,0.4279459900920279,0.0263882802102692,263,109.65874866157588,104.13126113464858,115.47964585268488,adequate,75,265
age_pnad,age_45_54,45–54 anos,ln_desligamentos,Desligamentos (log),strict_no_tail_binning,control,Not Exposed,1,estimated,0.0366263906300248,0.324606323113331,0.0199781381466694,264,103.7305401416047,99.7472439536218,107.87290487015376,adequate,75,265
age_pnad,age_45_54,45–54 anos,ln_desligamentos,Desligamentos (log),strict_no_tail_binning,control,Not Exposed,2,estimated,0.0069220832179002,0.3057693772067825,0.0187832635295484,265,100.69460962106072,97.0549266812859,104.47078529082944,adequate,75,265
age_pnad,age_45_54,45–54 anos,ln_desligamentos,Desligamentos (log),strict_no_tail_binning,control,Not Exposed,3,estimated,0.2026372900588341,0.2842446505948537,0.01749404892231,264,122.46282028592242,118.33494733431414,126.73468565471984,adequate,75,265
age_pnad,age_45_54,45–54 anos,ln_desligamentos,Desligamentos (log),strict_no_tail_binning,control,Not Exposed,4,estimated,0.0089357131120789,0.3217713822958165,0.019766258888123,265,100.8975755777547,97.06336684678666,104.88324368078258,adequate,75,265
age_pnad,age_45_54,45–54 anos,ln_desligamentos,Desligamentos (log),strict_no_tail_binning,control,Not Exposed,5,estimated,0.0921870722232091,0.3556886381768775,0.0219327010163177,263,109.65699406709292,105.0429342519534,114.473728608803,adequate,75,265
age_pnad,age_45_54,45–54 anos,ln_desligamentos,Desligamentos (log),strict_no_tail_binning,control,Not Exposed,6,estimated,0.0785449213171973,0.3628893299873367,0.0223342943443161,264,108.17119459963288,103.5381237600322,113.0115837160695,adequate,75,265
age_pnad,age_45_54,45–54 anos,ln_desligamentos,Desligamentos (log),strict_no_tail_binning,control,Not Exposed,7,estimated,0.0157221781531648,0.3535900457571641,0.021803296264081,263,101.58464218693972,97.33492862645252,106.01990132290578,adequate,75,265
age_pnad,age_45_54,45–54 anos,ln_desligamentos,Desligamentos (log),strict_no_tail_binning,control,Not Exposed,8,estimated,0.1249659875562573,0.3431830149999498,0.0211214544975632,264,113.31099125742465,108.71590708283536,118.10029538692326,adequate,75,265
age_pnad,age_45_54,45–54 anos,ln_desligamentos,Desligamentos (log),strict_no_tail_binning,control,Not Exposed,9,estimated,0.0526236695182849,0.3403547467612697,0.0209473866203689,264,105.40329057603132,101.1633945746999,109.82088640819264,adequate,75,265
age_pnad,age_45_54,45–54 anos,ln_desligamentos,Desligamentos (log),strict_no_tail_binning,control,Not Exposed,10,estimated,0.0335313308306741,0.3458875532870274,0.0212879073226468,264,103.40998424258,99.18405033656865,107.8159724750418,adequate,75,265
age_pnad,age_45_54,45–54 anos,ln_desligamentos,Desligamentos (log),strict_no_tail_binning,control,Not Exposed,11,estimated,0.0587471175906118,0.3623315929248312,0.0223423231540913,263,106.05070232566324,101.50685673064584,110.79794829634342,adequate,75,265
age_pnad,age_45_54,45–54 anos,ln_desligamentos,Desligamentos (log),strict_no_tail_binning,control,Not Exposed,12,estimated,0.1283189540073069,0.4960900934824978,0.0305322346334186,264,113.69155686496453,107.0874681761415,120.70291998237056,adequate,75,265
age_pnad,age_45_54,45–54 anos,ln_desligamentos,Desligamentos (log),strict_no_tail_binning,control,Not Exposed,13,estimated,0.0313440099742969,0.3326062876351585,0.0205093823076284,263,103.18404062296752,99.1184705226551,107.41636935215506,adequate,75,265
age_pnad,age_45_54,45–54 anos,ln_desligamentos,Desligamentos (log),strict_no_tail_binning,control,Not Exposed,14,estimated,0.1079246413768034,0.3439221918082348,0.0212071508510081,263,111.39637954454156,106.86098794314384,116.12426213235032,adequate,75,265
age_pnad,age_45_54,45–54 anos,ln_desligamentos,Desligamentos (log),strict_no_tail_binning,control,Not Exposed,15,estimated,0.1693124210677355,0.3400188923335392,0.0209267162092382,264,118.449014079728,113.6889537321958,123.40837412849164,adequate,75,265
age_pnad,age_45_54,45–54 anos,ln_desligamentos,Desligamentos (log),strict_no_tail_binning,control,Not Exposed,16,estimated,0.1704774034424889,0.3668091873477049,0.0226184234542094,263,118.5870855032095,113.44469840507908,123.96257423974872,adequate,75,265
age_pnad,age_45_54,45–54 anos,ln_desligamentos,Desligamentos (log),strict_no_tail_binning,control,Not Exposed,17,estimated,0.142142022623239,0.3741493613074683,0.0230273013661506,264,115.27403521206456,110.18697526364684,120.5959521284394,adequate,75,265
age_pnad,age_45_54,45–54 anos,ln_desligamentos,Desligamentos (log),strict_no_tail_binning,control,Not Exposed,18,estimated,0.1105278222906572,0.3704758020755093,0.0228445166040473,263,111.68674224299023,106.79624382554564,116.80119024811977,adequate,75,265
age_pnad,age_45_54,45–54 anos,ln_desligamentos,Desligamentos (log),strict_no_tail_binning,control,Not Exposed,19,estimated,0.1669206319686782,0.3516334410871637,0.0216826468515661,263,118.16604755208223,113.24944119921466,123.29610324097382,adequate,75,265
age_pnad,age_45_54,45–54 anos,ln_desligamentos,Desligamentos (log),strict_no_tail_binning,control,Not Exposed,20,estimated,0.1121546880822634,0.3607831875431413,0.0222046702374807,264,111.86858946372486,107.10436365896597,116.84473798333228,adequate,75,265
age_pnad,age_45_54,45–54 anos,ln_desligamentos,Desligamentos (log),strict_no_tail_binning,control,Not Exposed,21,estimated,0.1036163430805254,0.3112007532410896,0.0191894605120771,263,110.91748306752652,106.82320588223229,115.16868407411572,adequate,75,265
age_pnad,age_45_54,45–54 anos,ln_desligamentos,Desligamentos (log),strict_no_tail_binning,control,Not Exposed,22,estimated,0.1489270907465933,0.338719519933067,0.0208467453661825,264,116.0588368492847,111.41229125329367,120.89917063267184,adequate,75,265
age_pnad,age_45_54,45–54 anos,ln_desligamentos,Desligamentos (log),strict_no_tail_binning,control,Not Exposed,23,estimated,0.0823139362241023,0.3879121912324391,0.0239196904193911,263,108.57966272225804,103.60665124697368,113.79137357480882,adequate,75,265
age_pnad,age_45_54,45–54 anos,ln_desligamentos,Desligamentos (log),strict_no_tail_binning,control,Not Exposed,24,estimated,0.181429701460972,0.4975191646337006,0.0306201878827771,264,119.8930250702136,112.90924102225236,127.30877765491266,adequate,75,265
age_pnad,age_45_54,45–54 anos,ln_salario_real_adm,Salário real de admissão (log),strict_no_tail_binning,treated,Exposed,-12,estimated,-0.0706105981454238,0.2029372960421316,0.0239163896978422,72,93.18246757455762,88.91523178741606,97.65449730866428,adequate,75,265
age_pnad,age_45_54,45–54 anos,ln_salario_real_adm,Salário real de admissão (log),strict_no_tail_binning,treated,Exposed,-11,estimated,0.0612637386455791,0.1951959246711885,0.0233303753592485,70,106.31792786770608,101.56575171823611,111.29245434465886,adequate,75,265
age_pnad,age_45_54,45–54 anos,ln_salario_real_adm,Salário real de admissão (log),strict_no_tail_binning,treated,Exposed,-10,estimated,0.035279471253235,0.2372495619326079,0.0279601290126808,72,103.5909175184399,98.06669460363244,109.4263270082189,adequate,75,265
age_pnad,age_45_54,45–54 anos,ln_salario_real_adm,Salário real de admissão (log),strict_no_tail_binning,treated,Exposed,-9,estimated,-0.0408138203693793,0.2317267838290818,0.0271215686154254,73,96.00078472169128,91.03081641671004,101.2420961379926,adequate,75,265
age_pnad,age_45_54,45–54 anos,ln_salario_real_adm,Salário real de admissão (log),strict_no_tail_binning,treated,Exposed,-8,estimated,0.020436194611799,0.3161939361879994,0.0372638127414334,72,102.064644342302,94.87586070144948,109.7981251258514,adequate,75,265
age_pnad,age_45_54,45–54 anos,ln_salario_real_adm,Salário real de admissão (log),strict_no_tail_binning,treated,Exposed,-7,estimated,-0.0061269906664284,0.1887216545758324,0.0225565520749958,70,99.38917410649786,95.09081223403746,103.88183355989749,adequate,75,265
age_pnad,age_45_54,45–54 anos,ln_salario_real_adm,Salário real de admissão (log),strict_no_tail_binning,treated,Exposed,-6,estimated,0.0091216288246285,0.1602646403298078,0.019019913560045,71,100.91633576626562,97.2235323212638,104.74940152181956,adequate,75,265
age_pnad,age_45_54,45–54 anos,ln_salario_real_adm,Salário real de admissão (log),strict_no_tail_binning,treated,Exposed,-5,estimated,-0.0171128079865595,0.2956225519658189,0.0348394518611171,72,98.30327844306792,91.81466665546849,105.25044532283104,adequate,75,265
age_pnad,age_45_54,45–54 anos,ln_salario_real_adm,Salário real de admissão (log),strict_no_tail_binning,treated,Exposed,-4,estimated,0.0104182180464518,0.2018620835715102,0.0241271337424519,70,101.04726766362656,96.38004922004016,105.940496865419,adequate,75,265
age_pnad,age_45_54,45–54 anos,ln_salario_real_adm,Salário real de admissão (log),strict_no_tail_binning,treated,Exposed,-3,estimated,0.0281380102261439,0.1922385096409277,0.0223472728213887,74,102.85376233366831,98.44593768231266,107.45894320524502,adequate,75,265
age_pnad,age_45_54,45–54 anos,ln_salario_real_adm,Salário real de admissão (log),strict_no_tail_binning,treated,Exposed,-2,estimated,0.0049803284300268,0.1985662369547188,0.0235654767954434,71,100.49927508797268,95.96295004071294,105.25003961344429,adequate,75,265
age_pnad,age_45_54,45–54 anos,ln_salario_real_adm,Salário real de admissão (log),strict_no_tail_binning,treated,Exposed,-1,estimated,-0.0331712938530876,0.1735922414783546,0.0204580418517862,72,96.73728403748956,92.9350749098396,100.69505116371448,adequate,75,265
age_pnad,age_45_54,45–54 anos,ln_salario_real_adm,Salário real de admissão (log),strict_no_tail_binning,treated,Exposed,0,estimated,-0.02474270391641,0.2753374553737681,0.0329091203884059,70,97.55608877351328,91.46218481164536,104.05601480420606,adequate,75,265
age_pnad,age_45_54,45–54 anos,ln_salario_real_adm,Salário real de admissão (log),strict_no_tail_binning,treated,Exposed,1,estimated,0.0047399888205344,0.3562959589694989,0.0417012877791356,73,100.47512403378752,92.58949133985904,109.03235781422916,adequate,75,265
age_pnad,age_45_54,45–54 anos,ln_salario_real_adm,Salário real de admissão (log),strict_no_tail_binning,treated,Exposed,2,estimated,-0.0078711007335088,0.2234953132361634,0.0263391752587837,72,99.21597952648888,94.22394116138472,104.47249894313369,adequate,75,265
age_pnad,age_45_54,45–54 anos,ln_salario_real_adm,Salário real de admissão (log),strict_no_tail_binning,treated,Exposed,3,estimated,-0.0118476380479094,0.3112526958510236,0.0372018126813599,70,98.82222688661196,91.87298222222162,106.2971103213728,adequate,75,265
age_pnad,age_45_54,45–54 anos,ln_salario_real_adm,Salário real de admissão (log),strict_no_tail_binning,treated,Exposed,4,estimated,-0.0089955210779153,0.3848631409521028,0.0453565561326643,72,99.10448175754637,90.67446771403104,108.3182350229779,adequate,75,265
age_pnad,age_45_54,45–54 anos,ln_salario_real_adm,Salário real de admissão (log),strict_no_tail_binning,treated,Exposed,5,estimated,-0.003684060157118,0.1891529032444869,0.0221386727912134,73,99.63227176666445,95.40150243837871,104.05066297355448,adequate,75,265
age_pnad,age_45_54,45–54 anos,ln_salario_real_adm,Salário real de admissão (log),strict_no_tail_binning,treated,Exposed,6,estimated,0.0561123986392524,0.2929234551941805,0.0347636183879222,71,105.7716562957946,98.80477095310816,113.22978807233166,adequate,75,265
age_pnad,age_45_54,45–54 anos,ln_salario_real_adm,Salário real de admissão (log),strict_no_tail_binning,treated,Exposed,7,estimated,0.0602613406977571,0.254471986646467,0.0299898112299548,72,106.21140839136628,100.14824083696574,112.64165179737948,adequate,75,265
age_pnad,age_45_54,45–54 anos,ln_salario_real_adm,Salário real de admissão (log),strict_no_tail_binning,treated,Exposed,8,estimated,0.0264666537415609,0.2940164124751157,0.0346501665068825,72,102.68200060854844,95.93995368998851,109.89783550494025,adequate,75,265
age_pnad,age_45_54,45–54 anos,ln_salario_real_adm,Salário real de admissão (log),strict_no_tail_binning,treated,Exposed,9,estimated,0.0068324406472643,0.2854407447224236,0.0336395143700273,72,100.6855835019734,94.26115534949854,107.54787258383406,adequate,75,265
age_pnad,age_45_54,45–54 anos,ln_salario_real_adm,Salário real de admissão (log),strict_no_tail_binning,treated,Exposed,10,estimated,0.0199932182865153,0.3070994894243427,0.0361920219118132,72,102.01944213370314,95.03327004846592,109.51918804818624,adequate,75,265
age_pnad,age_45_54,45–54 anos,ln_salario_real_adm,Salário real de admissão (log),strict_no_tail_binning,treated,Exposed,11,estimated,0.0206605724940405,0.2802240500967214,0.0330247210124917,72,102.08754796048784,95.68890009823616,108.91406879884292,adequate,75,265
age_pnad,age_45_54,45–54 anos,ln_salario_real_adm,Salário real de admissão (log),strict_no_tail_binning,treated,Exposed,12,estimated,0.0020220784006477,0.2267720681302215,0.0267253445264295,72,100.20241241798531,95.0887426870238,105.59108439819754,adequate,75,265
age_pnad,age_45_54,45–54 anos,ln_salario_real_adm,Salário real de admissão (log),strict_no_tail_binning,treated,Exposed,13,estimated,0.068144189650738,0.333722213452397,0.0393295400274624,72,107.0519655206099,99.1098149386493,115.63055918245702,adequate,75,265
age_pnad,age_45_54,45–54 anos,ln_salario_real_adm,Salário real de admissão (log),strict_no_tail_binning,treated,Exposed,14,estimated,0.0326008727033638,0.2913282751291622,0.0343333664825351,72,103.31381033213334,96.59023608503352,110.50540756466684,adequate,75,265
age_pnad,age_45_54,45–54 anos,ln_salario_real_adm,Salário real de admissão (log),strict_no_tail_binning,treated,Exposed,15,estimated,-0.0104780497834877,0.3273742861435261,0.0383162620127526,73,98.95766537513111,91.79816080846857,106.67555264999424,adequate,75,265
age_pnad,age_45_54,45–54 anos,ln_salario_real_adm,Salário real de admissão (log),strict_no_tail_binning,treated,Exposed,16,estimated,0.0032202029136972,0.2487280721098296,0.0293128844100528,72,100.322539333701,94.7211332673961,106.25518879667284,adequate,75,265
age_pnad,age_45_54,45–54 anos,ln_salario_real_adm,Salário real de admissão (log),strict_no_tail_binning,treated,Exposed,17,estimated,0.0064375242498362,0.1979180376406162,0.0231645541762646,73,100.6458289644399,96.17843691485952,105.32072689958922,adequate,75,265
age_pnad,age_45_54,45–54 anos,ln_salario_real_adm,Salário real de admissão (log),strict_no_tail_binning,treated,Exposed,18,estimated,0.050338094395285,0.2213340799033094,0.0260844714678858,72,105.16265853326595,99.92128402911084,110.67896952327332,adequate,75,265
age_pnad,age_45_54,45–54 anos,ln_salario_real_adm,Salário real de admissão (log),strict_no_tail_binning,treated,Exposed,19,estimated,0.0876579054577834,0.3042348072167928,0.0363630145540844,70,109.16146227411627,101.652139027752,117.22551989358595,adequate,75,265
age_pnad,age_45_54,45–54 anos,ln_salario_real_adm,Salário real de admissão (log),strict_no_tail_binning,treated,Exposed,20,estimated,0.005440611504905,0.2107851911442873,0.024670540583483,73,100.54554385088056,95.79941111658069,105.52681139101117,adequate,75,265
age_pnad,age_45_54,45–54 anos,ln_salario_real_adm,Salário real de admissão (log),strict_no_tail_binning,treated,Exposed,21,estimated,0.0452299231638658,0.2533217836418934,0.0296490721672171,73,104.62683935948324,98.72003628425972,110.8870693972841,adequate,75,265
age_pnad,age_45_54,45–54 anos,ln_salario_real_adm,Salário real de admissão (log),strict_no_tail_binning,treated,Exposed,22,estimated,0.0523284678086159,0.2507762895327405,0.0289571516536206,75,105.3721799366314,99.55822377148206,111.52565688680262,adequate,75,265
age_pnad,age_45_54,45–54 anos,ln_salario_real_adm,Salário real de admissão (log),strict_no_tail_binning,treated,Exposed,23,estimated,-0.0272257174588008,0.3208521614909277,0.0378127898580993,72,97.3141561692124,90.36268452773278,104.80039454803332,adequate,75,265
age_pnad,age_45_54,45–54 anos,ln_salario_real_adm,Salário real de admissão (log),strict_no_tail_binning,treated,Exposed,24,estimated,-0.0019962142774048,0.2605693611628979,0.0309238938515417,71,99.80057768332009,93.93125075721711,106.0366515470798,adequate,75,265
age_pnad,age_45_54,45–54 anos,ln_salario_real_adm,Salário real de admissão (log),strict_no_tail_binning,control,Not Exposed,-12,estimated,0.0073049427411811,0.3216392366848777,0.0203830584207389,249,100.73316889221826,96.78812723456652,104.83900871928688,adequate,75,265
age_pnad,age_45_54,45–54 anos,ln_salario_real_adm,Salário real de admissão (log),strict_no_tail_binning,control,Not Exposed,-11,estimated,0.023182103073031,0.2620731962382032,0.0162844360621718,259,102.34528964961704,99.13026510712946,105.66458489891278,adequate,75,265
age_pnad,age_45_54,45–54 anos,ln_salario_real_adm,Salário real de admissão (log),strict_no_tail_binning,control,Not Exposed,-10,estimated,0.0242066343384286,0.3025146728959837,0.0188337408871348,258,102.450199331177,98.7372901531376,106.30272844959543,adequate,75,265
age_pnad,age_45_54,45–54 anos,ln_salario_real_adm,Salário real de admissão (log),strict_no_tail_binning,control,Not Exposed,-9,estimated,-0.0156413395614331,0.25144031525347,0.0156237409852316,259,98.44803508968155,95.47899867068328,101.50939733299796,adequate,75,265
age_pnad,age_45_54,45–54 anos,ln_salario_real_adm,Salário real de admissão (log),strict_no_tail_binning,control,Not Exposed,-8,estimated,-0.0288711834740679,0.272103427204369,0.017006464200273,256,97.15416070208322,93.96913080844368,100.44714536061312,adequate,75,265
age_pnad,age_45_54,45–54 anos,ln_salario_real_adm,Salário real de admissão (log),strict_no_tail_binning,control,Not Exposed,-7,estimated,-0.022513814532312,0.2302011330088479,0.0143595521480726,257,97.77377301105744,95.06032111889684,100.56467910371308,adequate,75,265
age_pnad,age_45_54,45–54 anos,ln_salario_real_adm,Salário real de admissão (log),strict_no_tail_binning,control,Not Exposed,-6,estimated,-0.0177901496029173,0.2689906372859875,0.0167466255940963,258,98.23671608682588,95.0645990223031,101.51468040442204,adequate,75,265
age_pnad,age_45_54,45–54 anos,ln_salario_real_adm,Salário real de admissão (log),strict_no_tail_binning,control,Not Exposed,-5,estimated,-0.0138028467407504,0.2379412247309222,0.01492976027391,254,98.62919757734244,95.78489584281668,101.55795993883704,adequate,75,265
age_pnad,age_45_54,45–54 anos,ln_salario_real_adm,Salário real de admissão (log),strict_no_tail_binning,control,Not Exposed,-4,estimated,-0.0120226736846864,0.2477810907648264,0.015337264481151,261,98.80493098894452,95.8789514960104,101.82020386545754,adequate,75,265
age_pnad,age_45_54,45–54 anos,ln_salario_real_adm,Salário real de admissão (log),strict_no_tail_binning,control,Not Exposed,-3,estimated,0.046151323502974,0.2751162701781846,0.0171612814271207,257,104.72328699136575,101.25938549058289,108.30568233396876,adequate,75,265
age_pnad,age_45_54,45–54 anos,ln_salario_real_adm,Salário real de admissão (log),strict_no_tail_binning,control,Not Exposed,-2,estimated,0.0129961547725624,0.2433603510348627,0.015150953670167,258,101.30809718255702,98.34389528356974,104.36164365013826,adequate,75,265
age_pnad,age_45_54,45–54 anos,ln_salario_real_adm,Salário real de admissão (log),strict_no_tail_binning,control,Not Exposed,-1,estimated,-0.0031923167991673,0.2402992848192437,0.01498945755134,257,99.68127732263406,96.7953090023064,102.65329127091394,adequate,75,265
age_pnad,age_45_54,45–54 anos,ln_salario_real_adm,Salário real de admissão (log),strict_no_tail_binning,control,Not Exposed,0,estimated,0.000777364702532,0.3365181304060482,0.0212408360453234,251,100.07776669287809,95.99686282636031,104.3321530657761,adequate,75,265
age_pnad,age_45_54,45–54 anos,ln_salario_real_adm,Salário real de admissão (log),strict_no_tail_binning,control,Not Exposed,1,estimated,0.0643925090515842,0.2972766200579053,0.0185076339616059,258,106.65109318114764,102.85165758262474,110.59088345364088,adequate,75,265
age_pnad,age_45_54,45–54 anos,ln_salario_real_adm,Salário real de admissão (log),strict_no_tail_binning,control,Not Exposed,2,estimated,0.031652605788283,0.3074098392996006,0.0190281913558975,261,103.21588769965848,99.4373240575124,107.13803468269867,adequate,75,265
age_pnad,age_45_54,45–54 anos,ln_salario_real_adm,Salário real de admissão (log),strict_no_tail_binning,control,Not Exposed,3,estimated,0.0572408368519066,0.3412680729541611,0.0214553399212814,253,105.89108044328763,101.53043000900628,110.43901731187556,adequate,75,265
age_pnad,age_45_54,45–54 anos,ln_salario_real_adm,Salário real de admissão (log),strict_no_tail_binning,control,Not Exposed,4,estimated,0.0372010708937539,0.3469859941546455,0.0214778938424158,261,103.79016916794124,99.51163628858836,108.252658861617,adequate,75,265
age_pnad,age_45_54,45–54 anos,ln_salario_real_adm,Salário real de admissão (log),strict_no_tail_binning,control,Not Exposed,5,estimated,0.0311479235980454,0.2976495736240032,0.0185308530364349,258,103.16380962193146,99.48408062391866,106.97964487346638,adequate,75,265
age_pnad,age_45_54,45–54 anos,ln_salario_real_adm,Salário real de admissão (log),strict_no_tail_binning,control,Not Exposed,6,estimated,0.0387984086155912,0.2839065041629747,0.0176071339460022,260,103.95608960051332,100.42976345391126,107.60623338507996,adequate,75,265
age_pnad,age_45_54,45–54 anos,ln_salario_real_adm,Salário real de admissão (log),strict_no_tail_binning,control,Not Exposed,7,estimated,0.0347363398545327,0.2466216890783765,0.0153243261233451,259,103.5346693149807,100.47117260895564,106.69157601935775,adequate,75,265
age_pnad,age_45_54,45–54 anos,ln_salario_real_adm,Salário real de admissão (log),strict_no_tail_binning,control,Not Exposed,8,estimated,0.0398198646501882,0.3509234259926725,0.0218475382139369,258,104.06233042649788,99.70031891799576,108.61518530046555,adequate,75,265
age_pnad,age_45_54,45–54 anos,ln_salario_real_adm,Salário real de admissão (log),strict_no_tail_binning,control,Not Exposed,9,estimated,0.0603328485562361,0.3456960721052766,0.0215639285085048,257,106.21900361328218,101.8231754277334,110.80460495563632,adequate,75,265
age_pnad,age_45_54,45–54 anos,ln_salario_real_adm,Salário real de admissão (log),strict_no_tail_binning,control,Not Exposed,10,estimated,0.0482519366379702,0.3163611013695335,0.0198113006432053,255,104.94350131513428,100.94663121404032,109.0986230627953,adequate,75,265
age_pnad,age_45_54,45–54 anos,ln_salario_real_adm,Salário real de admissão (log),strict_no_tail_binning,control,Not Exposed,11,estimated,0.0335250435328376,0.2649911256818604,0.0166270220119178,254,103.4093340752537,100.09365186494644,106.8348509085856,adequate,75,265
age_pnad,age_45_54,45–54 anos,ln_salario_real_adm,Salário real de admissão (log),strict_no_tail_binning,control,Not Exposed,12,estimated,0.0344174769110381,0.2621403774248943,0.0167134600199747,246,103.50166120837989,100.16604723319008,106.94835394627232,adequate,75,265
age_pnad,age_45_54,45–54 anos,ln_salario_real_adm,Salário real de admissão (log),strict_no_tail_binning,control,Not Exposed,13,estimated,0.0502363664763539,0.2619396923352758,0.0163393490838897,257,105.1519610989872,101.83780781686156,108.57396835217608,adequate,75,265
age_pnad,age_45_54,45–54 anos,ln_salario_real_adm,Salário real de admissão (log),strict_no_tail_binning,control,Not Exposed,14,estimated,0.0303563228913188,0.2659612096547905,0.0165902044420244,257,103.08217739165453,99.7841854337322,106.48917210294138,adequate,75,265
age_pnad,age_45_54,45–54 anos,ln_salario_real_adm,Salário real de admissão (log),strict_no_tail_binning,control,Not Exposed,15,estimated,0.0530179155290877,0.3085533254748107,0.0191725707649175,259,105.44485359535533,101.55594844429434,109.4826774804306,adequate,75,265
age_pnad,age_45_54,45–54 anos,ln_salario_real_adm,Salário real de admissão (log),strict_no_tail_binning,control,Not Exposed,16,estimated,0.0635669969085463,0.3403581095445686,0.0211081138913226,260,106.56308773843688,102.244323722915,111.06427481611634,adequate,75,265
age_pnad,age_45_54,45–54 anos,ln_salario_real_adm,Salário real de admissão (log),strict_no_tail_binning,control,Not Exposed,17,estimated,0.0561952209063296,0.3158115285109142,0.0195482428623486,261,105.78041690694336,101.80414810547194,109.91199090840698,adequate,75,265
age_pnad,age_45_54,45–54 anos,ln_salario_real_adm,Salário real de admissão (log),strict_no_tail_binning,control,Not Exposed,18,estimated,0.0650022264896958,0.2930417609680846,0.0182794428210851,257,106.71614004054094,102.96042638507312,110.60885181807473,adequate,75,265
age_pnad,age_45_54,45–54 anos,ln_salario_real_adm,Salário real de admissão (log),strict_no_tail_binning,control,Not Exposed,19,estimated,0.0842419953227718,0.3284228617448374,0.0204467142710806,258,108.78921267633264,104.51562913681308,113.23754057150596,adequate,75,265
age_pnad,age_45_54,45–54 anos,ln_salario_real_adm,Salário real de admissão (log),strict_no_tail_binning,control,Not Exposed,20,estimated,0.0507406217274167,0.3029923716713014,0.0188270299085545,259,105.20499789844942,101.3935854297802,109.15968239902035,adequate,75,265
age_pnad,age_45_54,45–54 anos,ln_salario_real_adm,Salário real de admissão (log),strict_no_tail_binning,control,Not Exposed,21,estimated,0.0460442785479267,0.2630943203684429,0.0164756054261257,255,104.71207749178826,101.3847086889093,108.1486480006596,adequate,75,265
age_pnad,age_45_54,45–54 anos,ln_salario_real_adm,Salário real de admissão (log),strict_no_tail_binning,control,Not Exposed,22,estimated,0.0381140618819492,0.2763597409017155,0.0172054059459399,258,103.88497192750216,100.44011228461189,107.44798215474847,adequate,75,265
age_pnad,age_45_54,45–54 anos,ln_salario_real_adm,Salário real de admissão (log),strict_no_tail_binning,control,Not Exposed,23,estimated,0.0589010427253656,0.3144991207327335,0.0196561950457958,256,106.06702745070076,102.05838856573186,110.23311724133173,adequate,75,265
age_pnad,age_45_54,45–54 anos,ln_salario_real_adm,Salário real de admissão (log),strict_no_tail_binning,control,Not Exposed,24,estimated,0.0144978571779499,0.2190110985995715,0.0138514780886071,250,101.46034608344014,98.74286481298915,104.2526145749145,adequate,75,265
age_pnad,age_55_plus,55–65 anos,ln_admissoes,Admissões (log),strict_no_tail_binning,treated,Exposed,-12,estimated,-0.3321164988864102,0.4141730483730741,0.0478245841938564,75,71.74037412489939,65.32125637562072,78.79029836758289,adequate,75,266
age_pnad,age_55_plus,55–65 anos,ln_admissoes,Admissões (log),strict_no_tail_binning,treated,Exposed,-11,estimated,-0.0165270490804589,0.3056840314909406,0.0352973515736529,75,98.36087733179896,91.7860502320674,105.4066730730841,adequate,75,266
age_pnad,age_55_plus,55–65 anos,ln_admissoes,Admissões (log),strict_no_tail_binning,treated,Exposed,-10,estimated,0.0247151123765937,0.3594307086670489,0.0415034832807877,75,102.5023062540328,94.49420133988832,111.18907444493512,adequate,75,266
age_pnad,age_55_plus,55–65 anos,ln_admissoes,Admissões (log),strict_no_tail_binning,treated,Exposed,-9,estimated,0.0426576224207535,0.316234209529499,0.0365155811997649,75,104.3580535100764,97.15010622715724,112.10078666252264,adequate,75,266
age_pnad,age_55_plus,55–65 anos,ln_admissoes,Admissões (log),strict_no_tail_binning,treated,Exposed,-8,estimated,0.0697148670035308,0.3490273764834035,0.0403022099534483,75,107.22024173765148,99.07654383893892,116.03331921800655,adequate,75,266
age_pnad,age_55_plus,55–65 anos,ln_admissoes,Admissões (log),strict_no_tail_binning,treated,Exposed,-7,estimated,0.0201617872178273,0.2894099479296556,0.0334181822686684,75,102.03664089158406,95.56745526102608,108.94374090008913,adequate,75,266
age_pnad,age_55_plus,55–65 anos,ln_admissoes,Admissões (log),strict_no_tail_binning,treated,Exposed,-6,estimated,0.0424223228817254,0.3118561378162996,0.0360100450233355,75,104.3335009969024,97.2235358591356,111.9634184673379,adequate,75,266
age_pnad,age_55_plus,55–65 anos,ln_admissoes,Admissões (log),strict_no_tail_binning,treated,Exposed,-5,estimated,0.0560665462991249,0.2721157884327138,0.0314212247404749,75,105.76680652902172,99.44961478076377,112.4852759662102,adequate,75,266
age_pnad,age_55_plus,55–65 anos,ln_admissoes,Admissões (log),strict_no_tail_binning,treated,Exposed,-4,estimated,0.1416963841246684,0.3637607057621136,0.0420034682784729,75,115.22267610873529,106.1167361192018,125.1100022030943,adequate,75,266
age_pnad,age_55_plus,55–65 anos,ln_admissoes,Admissões (log),strict_no_tail_binning,treated,Exposed,-3,estimated,0.110369703068952,0.3581493898776061,0.0413555293311872,75,111.66908381833696,102.97467163855691,121.09758722607684,adequate,75,266
age_pnad,age_55_plus,55–65 anos,ln_admissoes,Admissões (log),strict_no_tail_binning,treated,Exposed,-2,estimated,-0.0188449961601962,0.3088040935966799,0.0356576253129803,75,98.13314605991,91.5089008147602,105.23691433153256,adequate,75,266
age_pnad,age_55_plus,55–65 anos,ln_admissoes,Admissões (log),strict_no_tail_binning,treated,Exposed,-1,estimated,-0.1403158012661112,0.3489078266390725,0.0402884055264871,75,86.90837343135391,80.30959553493787,94.04935141527116,adequate,75,266
age_pnad,age_55_plus,55–65 anos,ln_admissoes,Admissões (log),strict_no_tail_binning,treated,Exposed,0,estimated,-0.4063828659437129,0.3677823285125953,0.0424678452739868,75,66.6055108783579,61.2859332866012,72.38682421006632,adequate,75,266
age_pnad,age_55_plus,55–65 anos,ln_admissoes,Admissões (log),strict_no_tail_binning,treated,Exposed,1,estimated,-0.0094940549973798,0.3196539497246354,0.036910458784209,75,99.05508712529208,92.14207061784482,106.4867570221389,adequate,75,266
age_pnad,age_55_plus,55–65 anos,ln_admissoes,Admissões (log),strict_no_tail_binning,treated,Exposed,2,estimated,0.0212431411426446,0.3295287140262,0.0380506983497475,75,102.14703829226106,94.8061194525838,110.05637075040391,adequate,75,266
age_pnad,age_55_plus,55–65 anos,ln_admissoes,Admissões (log),strict_no_tail_binning,treated,Exposed,3,estimated,0.0745158067223417,0.3585971887825656,0.0414072366948514,75,107.73623729555555,99.33796346239532,116.84452169183191,adequate,75,266
age_pnad,age_55_plus,55–65 anos,ln_admissoes,Admissões (log),strict_no_tail_binning,treated,Exposed,4,estimated,-0.0431473703549732,0.3634059585927389,0.0419625056037263,75,95.77702327269029,88.2149371970985,103.98735722592768,adequate,75,266
age_pnad,age_55_plus,55–65 anos,ln_admissoes,Admissões (log),strict_no_tail_binning,treated,Exposed,5,estimated,-0.0052227980021064,0.4005935835905051,0.0462565626643229,75,99.47908170941004,90.85678950341706,108.91962782126808,adequate,75,266
age_pnad,age_55_plus,55–65 anos,ln_admissoes,Admissões (log),strict_no_tail_binning,treated,Exposed,6,estimated,-0.0301234392674413,0.2973737773839985,0.0343377660845174,75,97.0325749855913,90.71699587649576,103.78783509489924,adequate,75,266
age_pnad,age_55_plus,55–65 anos,ln_admissoes,Admissões (log),strict_no_tail_binning,treated,Exposed,7,estimated,0.0220692613666243,0.3017266598963393,0.0348403936625676,75,102.23145889239522,95.48338714676272,109.45643529804164,adequate,75,266
age_pnad,age_55_plus,55–65 anos,ln_admissoes,Admissões (log),strict_no_tail_binning,treated,Exposed,8,estimated,0.0823977980062587,0.3419981993468037,0.0394905504910488,75,108.5887687881,100.50088214591428,117.3275343971178,adequate,75,266
age_pnad,age_55_plus,55–65 anos,ln_admissoes,Admissões (log),strict_no_tail_binning,treated,Exposed,9,estimated,0.0536751458721482,0.3783987811458102,0.0436937276311119,75,105.51417793119089,96.8540906284822,114.94859610215592,adequate,75,266
age_pnad,age_55_plus,55–65 anos,ln_admissoes,Admissões (log),strict_no_tail_binning,treated,Exposed,10,estimated,0.0216087756409636,0.3182867337246281,0.0367525862790801,75,102.18439360214064,95.0824008031686,109.81685577599798,adequate,75,266
age_pnad,age_55_plus,55–65 anos,ln_admissoes,Admissões (log),strict_no_tail_binning,treated,Exposed,11,estimated,-0.0493519271711946,0.3794059208316535,0.0438100221048585,75,95.18460902452668,87.35240905112214,103.71906045372674,adequate,75,266
age_pnad,age_55_plus,55–65 anos,ln_admissoes,Admissões (log),strict_no_tail_binning,treated,Exposed,12,estimated,-0.2236802062438143,0.447189899980563,0.0516370418265319,75,79.9570791235117,72.26076972085536,88.47310271756452,adequate,75,266
age_pnad,age_55_plus,55–65 anos,ln_admissoes,Admissões (log),strict_no_tail_binning,treated,Exposed,13,estimated,0.1135412005980005,0.3938599917415776,0.0454790344510047,75,112.0238042418848,102.470246568785,122.46806401895564,adequate,75,266
age_pnad,age_55_plus,55–65 anos,ln_admissoes,Admissões (log),strict_no_tail_binning,treated,Exposed,14,estimated,0.0953900303214655,0.4146372695650087,0.0478781878398818,75,110.00878390758058,100.15499821378032,120.83203786787804,adequate,75,266
age_pnad,age_55_plus,55–65 anos,ln_admissoes,Admissões (log),strict_no_tail_binning,treated,Exposed,15,estimated,0.1032455993906387,0.4390317306557912,0.0506950175753816,75,110.87636873249218,100.3890914974543,122.45921304721954,adequate,75,266
age_pnad,age_55_plus,55–65 anos,ln_admissoes,Admissões (log),strict_no_tail_binning,treated,Exposed,16,estimated,0.2366414787810447,0.4414249853772703,0.0509713668269187,75,126.69867946878848,114.65272600635086,140.01023733396113,adequate,75,266
age_pnad,age_55_plus,55–65 anos,ln_admissoes,Admissões (log),strict_no_tail_binning,treated,Exposed,17,estimated,0.1277093867184155,0.4731336981922097,0.054632773602791,75,113.62227532890084,102.08434021216608,126.46426889849234,adequate,75,266
age_pnad,age_55_plus,55–65 anos,ln_admissoes,Admissões (log),strict_no_tail_binning,treated,Exposed,18,estimated,0.0885961596621162,0.4191358091727309,0.0483976344505775,75,109.26393153863803,99.37563691157864,120.136153148913,adequate,75,266
age_pnad,age_55_plus,55–65 anos,ln_admissoes,Admissões (log),strict_no_tail_binning,treated,Exposed,19,estimated,0.1832615849169171,0.360397104512641,0.0416150730611069,75,120.1128564105449,110.70469245001576,130.3205668686009,adequate,75,266
age_pnad,age_55_plus,55–65 anos,ln_admissoes,Admissões (log),strict_no_tail_binning,treated,Exposed,20,estimated,0.1328223497468808,0.3706809342006831,0.0428025474288452,75,114.20470953529818,105.01461624198866,124.19905101578492,adequate,75,266
age_pnad,age_55_plus,55–65 anos,ln_admissoes,Admissões (log),strict_no_tail_binning,treated,Exposed,21,estimated,0.1331571372683192,0.4443633710294537,0.0513106623763729,75,114.2429502478396,103.3125051054432,126.3298345927217,adequate,75,266
age_pnad,age_55_plus,55–65 anos,ln_admissoes,Admissões (log),strict_no_tail_binning,treated,Exposed,22,estimated,0.11824724265645,0.3539726151289162,0.0408732369260871,75,112.5522354105911,103.88721964855954,121.93998201872918,adequate,75,266
age_pnad,age_55_plus,55–65 anos,ln_admissoes,Admissões (log),strict_no_tail_binning,treated,Exposed,23,estimated,0.0074978539702455,0.4596715404085045,0.053078297518732,75,100.7526033261368,90.7977564699828,111.79887556307372,adequate,75,266
age_pnad,age_55_plus,55–65 anos,ln_admissoes,Admissões (log),strict_no_tail_binning,treated,Exposed,24,estimated,-0.156709556079384,0.4775476045108877,0.0551424476030443,75,85.49523384694069,76.7368036758135,95.25331601538826,adequate,75,266
age_pnad,age_55_plus,55–65 anos,ln_admissoes,Admissões (log),strict_no_tail_binning,control,Not Exposed,-12,estimated,-0.3854732670869725,0.4968414444859608,0.0305784770910511,264,68.01286775063996,64.05634609757365,72.21376899362755,adequate,75,266
age_pnad,age_55_plus,55–65 anos,ln_admissoes,Admissões (log),strict_no_tail_binning,control,Not Exposed,-11,estimated,-0.0281178493169989,0.3870940589088483,0.0238239924301658,264,97.22737782485856,92.79171070546712,101.87508050911312,adequate,75,266
age_pnad,age_55_plus,55–65 anos,ln_admissoes,Admissões (log),strict_no_tail_binning,control,Not Exposed,-10,estimated,0.1074161457953645,0.4488725257594465,0.0276261942276946,264,111.33974937707008,105.4713119293079,117.53470744402568,adequate,75,266
age_pnad,age_55_plus,55–65 anos,ln_admissoes,Admissões (log),strict_no_tail_binning,control,Not Exposed,-9,estimated,0.1046944780495211,0.4052808679787649,0.0249433131524521,264,111.03713157172312,105.73920900976036,116.600499503813,adequate,75,266
age_pnad,age_55_plus,55–65 anos,ln_admissoes,Admissões (log),strict_no_tail_binning,control,Not Exposed,-8,estimated,0.0453363425993128,0.400907465138365,0.0246741488143131,264,104.637974281136,99.6979581592813,109.82276732455207,adequate,75,266
age_pnad,age_55_plus,55–65 anos,ln_admissoes,Admissões (log),strict_no_tail_binning,control,Not Exposed,-7,estimated,0.1001797284597235,0.3928148211340376,0.0241760810060843,264,110.53695665933458,105.42130977244798,115.90084408817424,adequate,75,266
age_pnad,age_55_plus,55–65 anos,ln_admissoes,Admissões (log),strict_no_tail_binning,control,Not Exposed,-6,estimated,0.0552098834617032,0.41188411013267,0.0253018397555996,265,105.67623883496316,100.56340896604132,111.04901443899196,adequate,75,266
age_pnad,age_55_plus,55–65 anos,ln_admissoes,Admissões (log),strict_no_tail_binning,control,Not Exposed,-5,estimated,0.0352956612324592,0.3688046839700654,0.0226983592150184,264,103.5925946668188,99.08490047312476,108.30535852144848,adequate,75,266
age_pnad,age_55_plus,55–65 anos,ln_admissoes,Admissões (log),strict_no_tail_binning,control,Not Exposed,-4,estimated,0.075297358830943,0.4016723898834314,0.0247212266779917,264,107.82047169148386,102.72072937504224,113.17339923988727,adequate,75,266
age_pnad,age_55_plus,55–65 anos,ln_admissoes,Admissões (log),strict_no_tail_binning,control,Not Exposed,-3,estimated,0.0808160357233928,0.3984711503891748,0.0244778881883277,265,108.4171429407178,103.33845383883028,113.74543015478392,adequate,75,266
age_pnad,age_55_plus,55–65 anos,ln_admissoes,Admissões (log),strict_no_tail_binning,control,Not Exposed,-2,estimated,-0.0448194696746072,0.3789768169308292,0.0233244107213086,264,95.61700839490592,91.34420754091175,100.0896777203597,adequate,75,266
age_pnad,age_55_plus,55–65 anos,ln_admissoes,Admissões (log),strict_no_tail_binning,control,Not Exposed,-1,estimated,-0.1463502977677247,0.3805249824025341,0.0234196937194061,264,86.38550436838237,82.50981768726706,90.44324147296496,adequate,75,266
age_pnad,age_55_plus,55–65 anos,ln_admissoes,Admissões (log),strict_no_tail_binning,control,Not Exposed,0,estimated,-0.3982130553756542,0.5196460580726393,0.0320427486366535,263,67.15189416995516,63.06420555914506,71.50453812319442,adequate,75,266
age_pnad,age_55_plus,55–65 anos,ln_admissoes,Admissões (log),strict_no_tail_binning,control,Not Exposed,1,estimated,0.0305132444419979,0.4409708095543258,0.0271398772132026,264,103.09835447601156,97.75743634300952,108.73107042583992,adequate,75,266
age_pnad,age_55_plus,55–65 anos,ln_admissoes,Admissões (log),strict_no_tail_binning,control,Not Exposed,2,estimated,0.1086473127874441,0.4907858676235619,0.0301487361892268,265,111.47691161889632,105.08042147959522,118.26277101962664,adequate,75,266
age_pnad,age_55_plus,55–65 anos,ln_admissoes,Admissões (log),strict_no_tail_binning,control,Not Exposed,3,estimated,0.1866309000844472,0.4504071208999748,0.0277206420296432,264,120.5182370234886,114.14489244040244,127.24744090352895,adequate,75,266
age_pnad,age_55_plus,55–65 anos,ln_admissoes,Admissões (log),strict_no_tail_binning,control,Not Exposed,4,estimated,0.0525872604338856,0.4376902416532417,0.0268870978133458,265,105.39945300859031,99.9888554930191,111.10282880761284,adequate,75,266
age_pnad,age_55_plus,55–65 anos,ln_admissoes,Admissões (log),strict_no_tail_binning,control,Not Exposed,5,estimated,0.1111136969425738,0.4541288911627508,0.0280027870549844,263,111.7521958461568,105.78390913670022,118.05721095350464,adequate,75,266
age_pnad,age_55_plus,55–65 anos,ln_admissoes,Admissões (log),strict_no_tail_binning,control,Not Exposed,6,estimated,0.0546043923201338,0.4516053264792968,0.0277943864852724,264,105.61227217605116,100.0127402924063,111.52531169106663,adequate,75,266
age_pnad,age_55_plus,55–65 anos,ln_admissoes,Admissões (log),strict_no_tail_binning,control,Not Exposed,7,estimated,0.0217571641589724,0.3671151783028077,0.022637291664806,263,102.1995577179334,97.76418060620688,106.83615955226531,adequate,75,266
age_pnad,age_55_plus,55–65 anos,ln_admissoes,Admissões (log),strict_no_tail_binning,control,Not Exposed,8,estimated,0.116191259436698,0.4130662697044061,0.0254224715055932,264,112.3210676232174,106.86147839099192,118.0595891239594,adequate,75,266
age_pnad,age_55_plus,55–65 anos,ln_admissoes,Admissões (log),strict_no_tail_binning,control,Not Exposed,9,estimated,0.0684461055951708,0.4447522589337108,0.0273726093342883,264,107.0842910954411,101.49057908606784,112.98630377986794,adequate,75,266
age_pnad,age_55_plus,55–65 anos,ln_admissoes,Admissões (log),strict_no_tail_binning,control,Not Exposed,10,estimated,0.0385950104334381,0.416489507808184,0.0256331572466789,264,103.93494727109338,98.84215741387466,109.29014043079354,adequate,75,266
age_pnad,age_55_plus,55–65 anos,ln_admissoes,Admissões (log),strict_no_tail_binning,control,Not Exposed,11,estimated,-0.0678607431676268,0.4355381046567561,0.0268564300496436,263,93.43905847906028,88.64776670440254,98.48931308745136,adequate,75,266
age_pnad,age_55_plus,55–65 anos,ln_admissoes,Admissões (log),strict_no_tail_binning,control,Not Exposed,12,estimated,-0.3271956255380752,0.5287028174487137,0.032539409042368,264,72.09426944281839,67.63985083344217,76.84203354162238,adequate,75,266
age_pnad,age_55_plus,55–65 anos,ln_admissoes,Admissões (log),strict_no_tail_binning,control,Not Exposed,13,estimated,0.1111406402524361,0.4071831284302506,0.0251079873130739,263,111.75520686076044,106.38867902513113,117.39243662891192,adequate,75,266
age_pnad,age_55_plus,55–65 anos,ln_admissoes,Admissões (log),strict_no_tail_binning,control,Not Exposed,14,estimated,0.2056310525905171,0.5029774278485849,0.031014916865221,263,122.82999423038092,115.5856717229351,130.528354057588,adequate,75,266
age_pnad,age_55_plus,55–65 anos,ln_admissoes,Admissões (log),strict_no_tail_binning,control,Not Exposed,15,estimated,0.1820804965709826,0.4416491150259206,0.0271816240291216,264,119.9710762595651,113.74677428125722,126.53597633713308,adequate,75,266
age_pnad,age_55_plus,55–65 anos,ln_admissoes,Admissões (log),strict_no_tail_binning,control,Not Exposed,16,estimated,0.2018856971701138,0.417523645290137,0.0257456108981413,263,122.37081268152468,116.34902220447351,128.70426852423552,adequate,75,266
age_pnad,age_55_plus,55–65 anos,ln_admissoes,Admissões (log),strict_no_tail_binning,control,Not Exposed,17,estimated,0.1599835608226534,0.5008697351044855,0.0308264012402172,264,117.34915795970518,110.46889635450688,124.65793837262336,adequate,75,266
age_pnad,age_55_plus,55–65 anos,ln_admissoes,Admissões (log),strict_no_tail_binning,control,Not Exposed,18,estimated,0.1029974769036203,0.4182824500661851,0.0257924008050895,263,110.84886122488744,105.3843936506756,116.59667631228604,adequate,75,266
age_pnad,age_55_plus,55–65 anos,ln_admissoes,Admissões (log),strict_no_tail_binning,control,Not Exposed,19,estimated,0.1667674133503512,0.4345432846343779,0.0267950868191494,263,118.14794370050214,112.10312753215403,124.5187079785374,adequate,75,266
age_pnad,age_55_plus,55–65 anos,ln_admissoes,Admissões (log),strict_no_tail_binning,control,Not Exposed,20,estimated,0.1600917967834895,0.4218129541156288,0.0259607927182448,264,117.3618600459691,111.53950454961276,123.48814215256844,adequate,75,266
age_pnad,age_55_plus,55–65 anos,ln_admissoes,Admissões (log),strict_no_tail_binning,control,Not Exposed,21,estimated,0.1610581702470202,0.4300336329340972,0.026517009782624,263,117.47533025161532,111.52569547729236,123.74236411317416,adequate,75,266
age_pnad,age_55_plus,55–65 anos,ln_admissoes,Admissões (log),strict_no_tail_binning,control,Not Exposed,22,estimated,0.1535345239691949,0.410107275681678,0.0252403580125649,264,116.59480395814722,110.96708305208652,122.5079360125,adequate,75,266
age_pnad,age_55_plus,55–65 anos,ln_admissoes,Admissões (log),strict_no_tail_binning,control,Not Exposed,23,estimated,-0.0124573414011641,0.413253420476005,0.0254822975558854,263,98.761993007768,93.95045241899768,103.81994989620804,adequate,75,266
age_pnad,age_55_plus,55–65 anos,ln_admissoes,Admissões (log),strict_no_tail_binning,control,Not Exposed,24,estimated,-0.3493911638748618,0.5282340991601382,0.032510561425873,264,70.51172599185924,66.1588270599615,75.15102252107448,adequate,75,266
age_pnad,age_55_plus,55–65 anos,ln_desligamentos,Desligamentos (log),strict_no_tail_binning,treated,Exposed,-12,estimated,0.0331479264188879,0.3965395162187649,0.0457884392866455,75,103.37034399800658,94.4974425721718,113.07637251775664,adequate,75,266
age_pnad,age_55_plus,55–65 anos,ln_desligamentos,Desligamentos (log),strict_no_tail_binning,treated,Exposed,-11,estimated,0.0104879737095958,0.2677879130098413,0.0309214847323919,75,101.0543165286376,95.11170563508868,107.36822372053724,adequate,75,266
age_pnad,age_55_plus,55–65 anos,ln_desligamentos,Desligamentos (log),strict_no_tail_binning,treated,Exposed,-10,estimated,-0.024226839690453,0.2964720486817001,0.0342336434227158,75,97.60642745258131,91.2721228426154,104.38033414084036,adequate,75,266
age_pnad,age_55_plus,55–65 anos,ln_desligamentos,Desligamentos (log),strict_no_tail_binning,treated,Exposed,-9,estimated,0.0837912687644413,0.2959488034130118,0.03417322426337,75,108.7401895377648,101.69538619348246,116.27301162131604,adequate,75,266
age_pnad,age_55_plus,55–65 anos,ln_desligamentos,Desligamentos (log),strict_no_tail_binning,treated,Exposed,-8,estimated,-0.0667226033881441,0.2901922667976978,0.0335085166704797,75,93.54546573014902,87.59911454222633,99.89546360599648,adequate,75,266
age_pnad,age_55_plus,55–65 anos,ln_desligamentos,Desligamentos (log),strict_no_tail_binning,treated,Exposed,-7,estimated,0.0630287565474166,0.2763016545807413,0.0319045669299459,75,106.50574661664682,100.04959282965184,113.3785130108745,adequate,75,266
age_pnad,age_55_plus,55–65 anos,ln_desligamentos,Desligamentos (log),strict_no_tail_binning,treated,Exposed,-6,estimated,-0.0500364559033777,0.3781623725735829,0.0436664295205491,75,95.11947472048242,87.31720550282508,103.61891930689151,adequate,75,266
age_pnad,age_55_plus,55–65 anos,ln_desligamentos,Desligamentos (log),strict_no_tail_binning,treated,Exposed,-5,estimated,-0.0391630047255759,0.2334819324204691,0.0269601713067743,75,96.15939520123736,91.21006433127214,101.37729156603028,adequate,75,266
age_pnad,age_55_plus,55–65 anos,ln_desligamentos,Desligamentos (log),strict_no_tail_binning,treated,Exposed,-4,estimated,0.0409983797232532,0.2815013097426245,0.0325049713914272,75,104.1850417458107,97.75445974203264,111.03864675044665,adequate,75,266
age_pnad,age_55_plus,55–65 anos,ln_desligamentos,Desligamentos (log),strict_no_tail_binning,treated,Exposed,-3,estimated,0.0578537344374503,0.3153089759079298,0.0364087444236696,75,105.95600072353122,98.65834110026609,113.79346098993624,adequate,75,266
age_pnad,age_55_plus,55–65 anos,ln_desligamentos,Desligamentos (log),strict_no_tail_binning,treated,Exposed,-2,estimated,-0.0744201443313043,0.3171816976464979,0.0366249877036456,75,92.82815996471474,86.39804651355968,99.73683005763642,adequate,75,266
age_pnad,age_55_plus,55–65 anos,ln_desligamentos,Desligamentos (log),strict_no_tail_binning,treated,Exposed,-1,estimated,-0.0347389915621901,0.3970300574574628,0.0458450821098877,75,96.58574803127962,88.285407501172,105.66646274626976,adequate,75,266
age_pnad,age_55_plus,55–65 anos,ln_desligamentos,Desligamentos (log),strict_no_tail_binning,treated,Exposed,0,estimated,0.1601254928250555,0.3358666126202236,0.0387825358416187,75,117.3658147427119,108.77504132981204,126.63506537731205,adequate,75,266
age_pnad,age_55_plus,55–65 anos,ln_desligamentos,Desligamentos (log),strict_no_tail_binning,treated,Exposed,1,estimated,0.104190592884131,0.3441929734389708,0.0397439811736335,75,110.9811957021276,102.66410839576174,119.97207195326322,adequate,75,266
age_pnad,age_55_plus,55–65 anos,ln_desligamentos,Desligamentos (log),strict_no_tail_binning,treated,Exposed,2,estimated,0.0761774375323605,0.3304494487800843,0.038157015641349,75,107.91540396000272,100.13906529375782,116.29561727671236,adequate,75,266
age_pnad,age_55_plus,55–65 anos,ln_desligamentos,Desligamentos (log),strict_no_tail_binning,treated,Exposed,3,estimated,0.1874168063434582,0.3081519975790197,0.0355823277507135,75,120.61299028900554,112.4878965843888,129.32496622462992,adequate,75,266
age_pnad,age_55_plus,55–65 anos,ln_desligamentos,Desligamentos (log),strict_no_tail_binning,treated,Exposed,4,estimated,0.0263853189567143,0.3441800049627051,0.0397424837029809,75,102.67364932975067,94.9794200316642,110.99118380775712,adequate,75,266
age_pnad,age_55_plus,55–65 anos,ln_desligamentos,Desligamentos (log),strict_no_tail_binning,treated,Exposed,5,estimated,0.0898364318788584,0.328735541432103,0.0379591106676044,75,109.39953263096848,101.55563343249987,117.84927468183412,adequate,75,266
age_pnad,age_55_plus,55–65 anos,ln_desligamentos,Desligamentos (log),strict_no_tail_binning,treated,Exposed,6,estimated,0.1244836882795042,0.2981030919805572,0.0344219800802469,75,113.25635462495624,105.86733919796548,121.16108669689083,adequate,75,266
age_pnad,age_55_plus,55–65 anos,ln_desligamentos,Desligamentos (log),strict_no_tail_binning,treated,Exposed,7,estimated,0.0562520784136678,0.3401161326017188,0.0392732281426673,75,105.78643148875932,97.9489806251168,114.25100103855854,adequate,75,266
age_pnad,age_55_plus,55–65 anos,ln_desligamentos,Desligamentos (log),strict_no_tail_binning,treated,Exposed,8,estimated,0.1119796289613395,0.2982723712824746,0.0344415267703529,75,111.84900756083972,104.54780411810252,119.66009805631708,adequate,75,266
age_pnad,age_55_plus,55–65 anos,ln_desligamentos,Desligamentos (log),strict_no_tail_binning,treated,Exposed,9,estimated,-0.0021127817628687,0.3084859708686056,0.0356208916644424,75,99.78894485894942,93.05962870496587,107.00487047538664,adequate,75,266
age_pnad,age_55_plus,55–65 anos,ln_desligamentos,Desligamentos (log),strict_no_tail_binning,treated,Exposed,10,estimated,0.075229652349261,0.3560910362301746,0.0411178511247008,75,107.8131717938203,99.46530104560088,116.86165818685674,adequate,75,266
age_pnad,age_55_plus,55–65 anos,ln_desligamentos,Desligamentos (log),strict_no_tail_binning,treated,Exposed,11,estimated,0.0182728409029437,0.3694936439084993,0.0426654509548855,75,101.84408107961876,93.67381954691002,110.72695552632774,adequate,75,266
age_pnad,age_55_plus,55–65 anos,ln_desligamentos,Desligamentos (log),strict_no_tail_binning,treated,Exposed,12,estimated,0.1381520619498143,0.3538454731932798,0.0408585558399341,75,114.81501269475908,105.97884285595264,124.3879135198281,adequate,75,266
age_pnad,age_55_plus,55–65 anos,ln_desligamentos,Desligamentos (log),strict_no_tail_binning,treated,Exposed,13,estimated,0.1256679420103094,0.3280490488462574,0.0378798413317574,75,113.39055833539608,105.27685969300148,122.1295805850066,adequate,75,266
age_pnad,age_55_plus,55–65 anos,ln_desligamentos,Desligamentos (log),strict_no_tail_binning,treated,Exposed,14,estimated,0.0790624857859033,0.380532314655187,0.0439400868603047,75,108.22719465706504,99.29647793879668,117.9611392718064,adequate,75,266
age_pnad,age_55_plus,55–65 anos,ln_desligamentos,Desligamentos (log),strict_no_tail_binning,treated,Exposed,15,estimated,0.1510661621578762,0.3061557504617957,0.0353518209886139,75,116.30736069958468,108.5213338511262,124.6520077928706,adequate,75,266
age_pnad,age_55_plus,55–65 anos,ln_desligamentos,Desligamentos (log),strict_no_tail_binning,treated,Exposed,16,estimated,0.1802163216963599,0.2729590268554447,0.0315185935265458,75,119.74763752266712,112.57391908084168,127.37849769592351,adequate,75,266
age_pnad,age_55_plus,55–65 anos,ln_desligamentos,Desligamentos (log),strict_no_tail_binning,treated,Exposed,17,estimated,0.1009455280448239,0.3909228893676846,0.0451398870817638,75,110.621638235302,101.25494409401598,120.85480818101824,adequate,75,266
age_pnad,age_55_plus,55–65 anos,ln_desligamentos,Desligamentos (log),strict_no_tail_binning,treated,Exposed,18,estimated,0.189882311454741,0.3151318744127831,0.0363882945044903,75,120.9107291205332,112.58758366427185,129.84917111333502,adequate,75,266
age_pnad,age_55_plus,55–65 anos,ln_desligamentos,Desligamentos (log),strict_no_tail_binning,treated,Exposed,19,estimated,0.1843858646204581,0.4765502501832532,0.0550272830451369,75,120.24797279721486,107.95371558195934,133.9423556094454,adequate,75,266
age_pnad,age_55_plus,55–65 anos,ln_desligamentos,Desligamentos (log),strict_no_tail_binning,treated,Exposed,20,estimated,0.1683986240309252,0.4498739854945206,0.0519469733253342,75,118.34082516053408,106.88492006823289,131.0245719483713,adequate,75,266
age_pnad,age_55_plus,55–65 anos,ln_desligamentos,Desligamentos (log),strict_no_tail_binning,treated,Exposed,21,estimated,0.0966964614440153,0.3540143113771609,0.0408780515941167,75,110.1525967269483,101.67136157584828,119.34132067895902,adequate,75,266
age_pnad,age_55_plus,55–65 anos,ln_desligamentos,Desligamentos (log),strict_no_tail_binning,treated,Exposed,22,estimated,0.1984222203330063,0.3136777590174817,0.0362203877215083,75,121.94771731969963,113.5905647871969,130.91972724447228,adequate,75,266
age_pnad,age_55_plus,55–65 anos,ln_desligamentos,Desligamentos (log),strict_no_tail_binning,treated,Exposed,23,estimated,0.1037716538316011,0.3568022713888578,0.0411999774867653,75,110.93471108294256,102.32866960065866,120.26453750530072,adequate,75,266
age_pnad,age_55_plus,55–65 anos,ln_desligamentos,Desligamentos (log),strict_no_tail_binning,treated,Exposed,24,estimated,0.2003468521403782,0.3892842821494057,0.0449506770180499,75,122.1826477800886,111.87852798654832,133.43578689512358,adequate,75,266
age_pnad,age_55_plus,55–65 anos,ln_desligamentos,Desligamentos (log),strict_no_tail_binning,control,Not Exposed,-12,estimated,0.0330451781755767,0.4259047496505079,0.0262126253248302,264,103.3597234223824,98.18354337003628,108.80878871613122,adequate,75,266
age_pnad,age_55_plus,55–65 anos,ln_desligamentos,Desligamentos (log),strict_no_tail_binning,control,Not Exposed,-11,estimated,-0.1151102712253896,0.3479102636865308,0.0214123965420939,264,89.12678572890644,85.46369086843507,92.94688602432292,adequate,75,266
age_pnad,age_55_plus,55–65 anos,ln_desligamentos,Desligamentos (log),strict_no_tail_binning,control,Not Exposed,-10,estimated,-0.0041308725003363,0.329854991316319,0.0203011713440502,264,99.58776478173178,95.70293987206942,103.63028458142476,adequate,75,266
age_pnad,age_55_plus,55–65 anos,ln_desligamentos,Desligamentos (log),strict_no_tail_binning,control,Not Exposed,-9,estimated,0.1228989953772102,0.3245443679572306,0.0199743250704003,264,113.07702021615424,108.7356279253833,117.59174747892996,adequate,75,266
age_pnad,age_55_plus,55–65 anos,ln_desligamentos,Desligamentos (log),strict_no_tail_binning,control,Not Exposed,-8,estimated,0.00826007290174,0.3530230114895301,0.0217270644171301,264,100.8294281427347,96.625744568515,105.21599212497688,adequate,75,266
age_pnad,age_55_plus,55–65 anos,ln_desligamentos,Desligamentos (log),strict_no_tail_binning,control,Not Exposed,-7,estimated,-0.0173754244459602,0.3495739360036434,0.0215147884951011,264,98.2774657737,94.2193689937981,102.51034773472674,adequate,75,266
age_pnad,age_55_plus,55–65 anos,ln_desligamentos,Desligamentos (log),strict_no_tail_binning,control,Not Exposed,-6,estimated,-0.0317796929706949,0.3179679965572454,0.019532618759459,265,96.8719974392208,93.23344975471332,100.65254383006452,adequate,75,266
age_pnad,age_55_plus,55–65 anos,ln_desligamentos,Desligamentos (log),strict_no_tail_binning,control,Not Exposed,-5,estimated,-0.0205547724808939,0.3186588792926277,0.0196120982829663,264,97.96550368682068,94.27119680903772,101.80458334535956,adequate,75,266
age_pnad,age_55_plus,55–65 anos,ln_desligamentos,Desligamentos (log),strict_no_tail_binning,control,Not Exposed,-4,estimated,0.0054719906392188,0.3698294709430318,0.0227614304932378,264,100.54869893250734,96.16156762018149,105.13598215196107,adequate,75,266
age_pnad,age_55_plus,55–65 anos,ln_desligamentos,Desligamentos (log),strict_no_tail_binning,control,Not Exposed,-3,estimated,-0.0054578321149531,0.3223408196621303,0.0198012391474699,265,99.4557034791421,95.66972786267326,103.39150299172437,adequate,75,266
age_pnad,age_55_plus,55–65 anos,ln_desligamentos,Desligamentos (log),strict_no_tail_binning,control,Not Exposed,-2,estimated,-0.026930374589393,0.3574262036417913,0.0219980621606753,264,97.34290145597822,93.23503933470968,101.6317527346254,adequate,75,266
age_pnad,age_55_plus,55–65 anos,ln_desligamentos,Desligamentos (log),strict_no_tail_binning,control,Not Exposed,-1,estimated,0.0518040544652605,0.4071805316224695,0.0250602293675835,264,105.31693584608934,100.26896154478928,110.61904706228307,adequate,75,266
age_pnad,age_55_plus,55–65 anos,ln_desligamentos,Desligamentos (log),strict_no_tail_binning,control,Not Exposed,0,estimated,0.1678963728474596,0.4771638795363461,0.0294231852872754,263,118.2814032646528,111.65314158338089,125.30315009369916,adequate,75,266
age_pnad,age_55_plus,55–65 anos,ln_desligamentos,Desligamentos (log),strict_no_tail_binning,control,Not Exposed,1,estimated,0.0305638164269447,0.4249953432746141,0.0261566552314727,264,103.10356849628272,97.95096126356664,108.52722320982136,adequate,75,266
age_pnad,age_55_plus,55–65 anos,ln_desligamentos,Desligamentos (log),strict_no_tail_binning,control,Not Exposed,2,estimated,0.0217429476168213,0.3616372012417021,0.0222151966788274,265,102.198104803941,97.84370397311044,106.74629231521806,adequate,75,266
age_pnad,age_55_plus,55–65 anos,ln_desligamentos,Desligamentos (log),strict_no_tail_binning,control,Not Exposed,3,estimated,0.125401959998614,0.3516162962585358,0.0216404870795469,264,113.36040249721576,108.65272547688136,118.27205252264984,adequate,75,266
age_pnad,age_55_plus,55–65 anos,ln_desligamentos,Desligamentos (log),strict_no_tail_binning,control,Not Exposed,4,estimated,0.0037860465834976,0.4194507818597692,0.0257666567048639,265,100.37932227113906,95.4357823743934,105.57893579250116,adequate,75,266
age_pnad,age_55_plus,55–65 anos,ln_desligamentos,Desligamentos (log),strict_no_tail_binning,control,Not Exposed,5,estimated,0.1140127215032158,0.3726565026661986,0.0229789843630031,263,112.07663826266035,107.14082580476844,117.23983598136664,adequate,75,266
age_pnad,age_55_plus,55–65 anos,ln_desligamentos,Desligamentos (log),strict_no_tail_binning,control,Not Exposed,6,estimated,0.0557625679035557,0.3761636778374536,0.0231512739786407,264,105.7346605909514,101.0440193350746,110.6430496713518,adequate,75,266
age_pnad,age_55_plus,55–65 anos,ln_desligamentos,Desligamentos (log),strict_no_tail_binning,control,Not Exposed,7,estimated,0.0628551810149962,0.3567002643395849,0.0219950805578197,263,106.48726142930651,101.99410414460412,111.178356257109,adequate,75,266
age_pnad,age_55_plus,55–65 anos,ln_desligamentos,Desligamentos (log),strict_no_tail_binning,control,Not Exposed,8,estimated,0.1254593248536191,0.3582325607876878,0.0220476900123504,264,113.36690558679096,108.57227045844328,118.37327549711306,adequate,75,266
age_pnad,age_55_plus,55–65 anos,ln_desligamentos,Desligamentos (log),strict_no_tail_binning,control,Not Exposed,9,estimated,0.0712488337897146,0.3593425118246201,0.0221160027763754,264,107.38484023932516,102.82943598876676,112.14205156668476,adequate,75,266
age_pnad,age_55_plus,55–65 anos,ln_desligamentos,Desligamentos (log),strict_no_tail_binning,control,Not Exposed,10,estimated,0.0378702605358174,0.3380565922292061,0.0208059449864426,264,103.85964771866688,99.70948365407708,108.18255224015014,adequate,75,266
age_pnad,age_55_plus,55–65 anos,ln_desligamentos,Desligamentos (log),strict_no_tail_binning,control,Not Exposed,11,estimated,0.0656497315088993,0.3825481918274243,0.0235889320465488,263,106.7852616527276,101.96051298018304,111.8383163534867,adequate,75,266
age_pnad,age_55_plus,55–65 anos,ln_desligamentos,Desligamentos (log),strict_no_tail_binning,control,Not Exposed,12,estimated,0.1569822367053623,0.4939480803256879,0.030400402836834,264,116.9974831108685,110.22983919196749,124.18063162043916,adequate,75,266
age_pnad,age_55_plus,55–65 anos,ln_desligamentos,Desligamentos (log),strict_no_tail_binning,control,Not Exposed,13,estimated,0.0335074738273368,0.3900195515101833,0.0240496358209152,263,103.4075172196688,98.64626529394128,108.39857531020851,adequate,75,266
age_pnad,age_55_plus,55–65 anos,ln_desligamentos,Desligamentos (log),strict_no_tail_binning,control,Not Exposed,14,estimated,0.1439196983051325,0.3640372028653043,0.0224474955685564,263,115.47913730970797,110.5085388882299,120.67330984515188,adequate,75,266
age_pnad,age_55_plus,55–65 anos,ln_desligamentos,Desligamentos (log),strict_no_tail_binning,control,Not Exposed,15,estimated,0.1587585472325105,0.4113885257521226,0.0253192135033091,264,117.20549166096308,111.53105527371004,123.16862995490892,adequate,75,266
age_pnad,age_55_plus,55–65 anos,ln_desligamentos,Desligamentos (log),strict_no_tail_binning,control,Not Exposed,16,estimated,0.1615365401193162,0.4031526664737175,0.0248594583819746,263,117.53154035388351,111.94214638226327,123.40001888819658,adequate,75,266
age_pnad,age_55_plus,55–65 anos,ln_desligamentos,Desligamentos (log),strict_no_tail_binning,control,Not Exposed,17,estimated,0.1151057152598353,0.419095926739182,0.0257935712428455,264,112.1992042982984,106.66792475262316,118.01730908673862,adequate,75,266
age_pnad,age_55_plus,55–65 anos,ln_desligamentos,Desligamentos (log),strict_no_tail_binning,control,Not Exposed,18,estimated,0.0953713914908935,0.3758011874801429,0.0231728939356234,263,110.00673349160463,105.12211825544804,115.1183177653078,adequate,75,266
age_pnad,age_55_plus,55–65 anos,ln_desligamentos,Desligamentos (log),strict_no_tail_binning,control,Not Exposed,19,estimated,0.1185296667686874,0.3689998860883905,0.0227535077255051,263,112.58402736495322,107.67344374943563,117.71856435843742,adequate,75,266
age_pnad,age_55_plus,55–65 anos,ln_desligamentos,Desligamentos (log),strict_no_tail_binning,control,Not Exposed,20,estimated,0.1308397703019992,0.405189265869447,0.0249376754323457,264,113.97851392513918,108.5414483465221,119.68793336079904,adequate,75,266
age_pnad,age_55_plus,55–65 anos,ln_desligamentos,Desligamentos (log),strict_no_tail_binning,control,Not Exposed,21,estimated,0.0323070373037954,0.4064576413539652,0.0250632518635051,263,103.28345753697468,98.3323678982305,108.483837304034,adequate,75,266
age_pnad,age_55_plus,55–65 anos,ln_desligamentos,Desligamentos (log),strict_no_tail_binning,control,Not Exposed,22,estimated,0.1483986302479243,0.4016998710999629,0.0247229180299501,264,115.99752054153866,110.51065005451169,121.75681497799096,adequate,75,266
age_pnad,age_55_plus,55–65 anos,ln_desligamentos,Desligamentos (log),strict_no_tail_binning,control,Not Exposed,23,estimated,0.1122997627843684,0.3721345147218233,0.0229467972074707,263,111.88481994330375,106.96420291021263,117.0317974907313,adequate,75,266
age_pnad,age_55_plus,55–65 anos,ln_desligamentos,Desligamentos (log),strict_no_tail_binning,control,Not Exposed,24,estimated,0.2219991260212546,0.5157827540543973,0.0317442341089911,264,124.8570286639914,117.32532281727688,132.8722328007535,adequate,75,266
age_pnad,age_55_plus,55–65 anos,ln_salario_real_adm,Salário real de admissão (log),strict_no_tail_binning,treated,Exposed,-12,estimated,0.0260065393218159,0.2868421912162663,0.035307832992589,66,102.63476600691416,95.77228788747904,109.98896889327828,adequate,75,265
age_pnad,age_55_plus,55–65 anos,ln_salario_real_adm,Salário real de admissão (log),strict_no_tail_binning,treated,Exposed,-11,estimated,0.0288314656868036,0.2939459153124441,0.0356461781485903,68,102.92511157270847,95.97954947799752,110.37328941289704,adequate,75,265
age_pnad,age_55_plus,55–65 anos,ln_salario_real_adm,Salário real de admissão (log),strict_no_tail_binning,treated,Exposed,-10,estimated,-0.0569854062766988,0.1904153795703939,0.023091256550318,68,94.46078546115923,90.28089963777003,98.83419445020884,adequate,75,265
age_pnad,age_55_plus,55–65 anos,ln_salario_real_adm,Salário real de admissão (log),strict_no_tail_binning,treated,Exposed,-9,estimated,0.0457638994143506,0.2896910856333052,0.0351302042607637,68,104.68272252567844,97.71732628660996,112.14461970895944,adequate,75,265
age_pnad,age_55_plus,55–65 anos,ln_salario_real_adm,Salário real de admissão (log),strict_no_tail_binning,treated,Exposed,-8,estimated,0.067259083240145,0.328129652837695,0.0392189948642575,70,106.95725506026194,99.04358831965952,115.50323048781532,adequate,75,265
age_pnad,age_55_plus,55–65 anos,ln_salario_real_adm,Salário real de admissão (log),strict_no_tail_binning,treated,Exposed,-7,estimated,-0.0431758531424667,0.294535971824054,0.0354579642324848,69,95.77429531493974,89.34423544409532,102.66712337376104,adequate,75,265
age_pnad,age_55_plus,55–65 anos,ln_salario_real_adm,Salário real de admissão (log),strict_no_tail_binning,treated,Exposed,-6,estimated,0.0646689522892948,0.338822226965685,0.0399305823840272,72,106.68058023021186,98.6497005322077,115.36523817970456,adequate,75,265
age_pnad,age_55_plus,55–65 anos,ln_salario_real_adm,Salário real de admissão (log),strict_no_tail_binning,treated,Exposed,-5,estimated,-0.0308818908594389,0.235082542728848,0.0280977380624594,70,96.95900837650034,91.76369393785204,102.448461934425,adequate,75,265
age_pnad,age_55_plus,55–65 anos,ln_salario_real_adm,Salário real de admissão (log),strict_no_tail_binning,treated,Exposed,-4,estimated,-0.0493902905547343,0.3061290598585008,0.0371236014372832,68,95.18095749090662,88.50133499738115,102.36472330224002,adequate,75,265
age_pnad,age_55_plus,55–65 anos,ln_salario_real_adm,Salário real de admissão (log),strict_no_tail_binning,treated,Exposed,-3,estimated,0.0183275885406041,0.3027346600903822,0.0359279941894816,71,101.84965695509916,94.9242215991539,109.28035486744348,adequate,75,265
age_pnad,age_55_plus,55–65 anos,ln_salario_real_adm,Salário real de admissão (log),strict_no_tail_binning,treated,Exposed,-2,estimated,-0.0416536497659397,0.1874244116463486,0.0222431854039661,71,95.92019428643424,91.82824158298614,100.19448824610824,adequate,75,265
age_pnad,age_55_plus,55–65 anos,ln_salario_real_adm,Salário real de admissão (log),strict_no_tail_binning,treated,Exposed,-1,estimated,-0.0316813858989631,0.2518993491220348,0.0307744035159539,67,96.88152110973628,91.2105863915032,102.90504100312025,adequate,75,265
age_pnad,age_55_plus,55–65 anos,ln_salario_real_adm,Salário real de admissão (log),strict_no_tail_binning,treated,Exposed,0,estimated,-0.0118394634280364,0.2821954493912051,0.0352744311739006,64,98.82303472405366,92.22145807249608,105.89717833776152,adequate,75,265
age_pnad,age_55_plus,55–65 anos,ln_salario_real_adm,Salário real de admissão (log),strict_no_tail_binning,treated,Exposed,1,estimated,0.025582589195183,0.3083797583460687,0.0368584309714848,70,102.59126320702892,95.44119040090996,110.27699091139525,adequate,75,265
age_pnad,age_55_plus,55–65 anos,ln_salario_real_adm,Salário real de admissão (log),strict_no_tail_binning,treated,Exposed,2,estimated,0.0006230534357146,0.3895257551957321,0.0462282021660403,71,100.0623247573824,91.39456046511852,109.55213072744304,adequate,75,265
age_pnad,age_55_plus,55–65 anos,ln_salario_real_adm,Salário real de admissão (log),strict_no_tail_binning,treated,Exposed,3,estimated,-0.0138319026106669,0.2864311827246552,0.0344822622826734,69,98.6263318618408,92.18090908465872,105.52242794208682,adequate,75,265
age_pnad,age_55_plus,55–65 anos,ln_salario_real_adm,Salário real de admissão (log),strict_no_tail_binning,treated,Exposed,4,estimated,0.0695384056789676,0.4499350237144537,0.0549683118436358,67,107.20132318102034,96.25209127396154,119.39609352540327,adequate,75,265
age_pnad,age_55_plus,55–65 anos,ln_salario_real_adm,Salário real de admissão (log),strict_no_tail_binning,treated,Exposed,5,estimated,0.0051056845246669,0.3136573768447904,0.0386085541724916,66,100.51187407427524,93.18652263689344,108.4130681567383,adequate,75,265
age_pnad,age_55_plus,55–65 anos,ln_salario_real_adm,Salário real de admissão (log),strict_no_tail_binning,treated,Exposed,6,estimated,-0.0111976375842777,0.2179525650172917,0.0262384054718382,69,98.88648226065452,93.92957258871849,104.10498104471522,adequate,75,265
age_pnad,age_55_plus,55–65 anos,ln_salario_real_adm,Salário real de admissão (log),strict_no_tail_binning,treated,Exposed,7,estimated,0.0636997935401049,0.3408213856028325,0.0407359470745494,70,106.57723989719574,98.3986931783388,115.4355581076445,adequate,75,265
age_pnad,age_55_plus,55–65 anos,ln_salario_real_adm,Salário real de admissão (log),strict_no_tail_binning,treated,Exposed,8,estimated,0.0185078922352511,0.2475344274020337,0.0300179585339815,68,101.86802248018296,96.04750179909162,108.04126926413409,adequate,75,265
age_pnad,age_55_plus,55–65 anos,ln_salario_real_adm,Salário real de admissão (log),strict_no_tail_binning,treated,Exposed,9,estimated,-0.0480995315743736,0.2470368026592992,0.0299576126699752,68,95.30389248920578,89.86906103508244,101.06739537479316,adequate,75,265
age_pnad,age_55_plus,55–65 anos,ln_salario_real_adm,Salário real de admissão (log),strict_no_tail_binning,treated,Exposed,10,estimated,-0.0590074562452389,0.3454849313144412,0.0415914981845673,69,94.26997401304456,86.89003844448777,102.27671847674122,adequate,75,265
age_pnad,age_55_plus,55–65 anos,ln_salario_real_adm,Salário real de admissão (log),strict_no_tail_binning,treated,Exposed,11,estimated,0.0408089439589886,0.3305881969632059,0.0410044192686562,65,104.16530724207205,96.121255077047,112.88253804153938,adequate,75,265
age_pnad,age_55_plus,55–65 anos,ln_salario_real_adm,Salário real de admissão (log),strict_no_tail_binning,treated,Exposed,12,estimated,-0.0121898238692367,0.3858236802548463,0.0471358646362393,67,98.78841710668294,90.07062343392778,108.3499922880282,adequate,75,265
age_pnad,age_55_plus,55–65 anos,ln_salario_real_adm,Salário real de admissão (log),strict_no_tail_binning,treated,Exposed,13,estimated,0.0702212656579887,0.4240810554042304,0.0510533596323516,69,107.2745516738768,97.05975956225646,118.5643719779654,adequate,75,265
age_pnad,age_55_plus,55–65 anos,ln_salario_real_adm,Salário real de admissão (log),strict_no_tail_binning,treated,Exposed,14,estimated,-0.0330739750706458,0.3079599746051416,0.037623298981492,67,96.74669885030043,89.86913394886083,104.15059461635516,adequate,75,265
age_pnad,age_55_plus,55–65 anos,ln_salario_real_adm,Salário real de admissão (log),strict_no_tail_binning,treated,Exposed,15,estimated,-0.0041512454380984,0.1969619908035973,0.0242443451142724,66,99.58573590706516,94.96420433545494,104.43217910950358,adequate,75,265
age_pnad,age_55_plus,55–65 anos,ln_salario_real_adm,Salário real de admissão (log),strict_no_tail_binning,treated,Exposed,16,estimated,-0.0321102491242789,0.216698825968974,0.0259004636407292,70,96.83998109624842,92.04660529991878,101.8829744797772,adequate,75,265
age_pnad,age_55_plus,55–65 anos,ln_salario_real_adm,Salário real de admissão (log),strict_no_tail_binning,treated,Exposed,17,estimated,0.0500819445266997,0.2972059374315894,0.0357793903198576,69,105.1357245818139,98.01539179667994,112.7733142797828,adequate,75,265
age_pnad,age_55_plus,55–65 anos,ln_salario_real_adm,Salário real de admissão (log),strict_no_tail_binning,treated,Exposed,18,estimated,0.0448696113853197,0.2636506733094043,0.0315122827609675,70,104.58914786766196,98.32474483162147,111.2526645293229,adequate,75,265
age_pnad,age_55_plus,55–65 anos,ln_salario_real_adm,Salário real de admissão (log),strict_no_tail_binning,treated,Exposed,19,estimated,0.0507672843668229,0.3515170415405814,0.0420143224717889,70,105.20780297876736,96.89126770865246,114.23817717920817,adequate,75,265
age_pnad,age_55_plus,55–65 anos,ln_salario_real_adm,Salário real de admissão (log),strict_no_tail_binning,treated,Exposed,20,estimated,-0.0265413176381703,0.2601687662282216,0.0315500971660466,68,97.38078075656664,91.54134040064676,103.59272017707426,adequate,75,265
age_pnad,age_55_plus,55–65 anos,ln_salario_real_adm,Salário real de admissão (log),strict_no_tail_binning,treated,Exposed,21,estimated,-0.0103041792969997,0.2100649917303703,0.0252888532329156,69,98.97487268843024,94.18866585706353,104.00429111669318,adequate,75,265
age_pnad,age_55_plus,55–65 anos,ln_salario_real_adm,Salário real de admissão (log),strict_no_tail_binning,treated,Exposed,22,estimated,0.0262866892971653,0.3358517340791308,0.0407280051222091,68,102.66352316205108,94.7867835247228,111.19481636694582,adequate,75,265
age_pnad,age_55_plus,55–65 anos,ln_salario_real_adm,Salário real de admissão (log),strict_no_tail_binning,treated,Exposed,23,estimated,0.0127729263249614,0.2426017620964587,0.0298622126106664,66,101.28548485724458,95.5274055659792,107.39064231867548,adequate,75,265
age_pnad,age_55_plus,55–65 anos,ln_salario_real_adm,Salário real de admissão (log),strict_no_tail_binning,treated,Exposed,24,estimated,-0.0130002672253482,0.4319676500893416,0.0520027940614604,69,98.70838712464212,89.14323360179716,109.29989069357455,adequate,75,265
age_pnad,age_55_plus,55–65 anos,ln_salario_real_adm,Salário real de admissão (log),strict_no_tail_binning,control,Not Exposed,-12,estimated,0.0182841914033241,0.3403464073682914,0.0224907236587032,229,101.84523706746027,97.45322887084934,106.43518366203509,adequate,75,265
age_pnad,age_55_plus,55–65 anos,ln_salario_real_adm,Salário real de admissão (log),strict_no_tail_binning,control,Not Exposed,-11,estimated,0.0393760329106888,0.3797263226350857,0.0248766985187541,233,104.01615450929512,99.06615802270711,109.21348536017352,adequate,75,265
age_pnad,age_55_plus,55–65 anos,ln_salario_real_adm,Salário real de admissão (log),strict_no_tail_binning,control,Not Exposed,-10,estimated,-0.0010788472351419,0.3645486039157325,0.0235806889129749,239,99.89217345113124,95.38040780888174,104.61735849132847,adequate,75,265
age_pnad,age_55_plus,55–65 anos,ln_salario_real_adm,Salário real de admissão (log),strict_no_tail_binning,control,Not Exposed,-9,estimated,-0.01862024287702,0.3271822070769563,0.0209887483699929,243,98.15520428541184,94.19922895011572,102.2773141106384,adequate,75,265
age_pnad,age_55_plus,55–65 anos,ln_salario_real_adm,Salário real de admissão (log),strict_no_tail_binning,control,Not Exposed,-8,estimated,0.0073052046766797,0.3862243066006699,0.0245252679944227,248,100.73319527781454,96.00553685673977,105.69366062730336,adequate,75,265
age_pnad,age_55_plus,55–65 anos,ln_salario_real_adm,Salário real de admissão (log),strict_no_tail_binning,control,Not Exposed,-7,estimated,-0.0063783746133282,0.321297755473683,0.0206966078236086,241,99.36419240376291,95.41410894652915,103.47780680512422,adequate,75,265
age_pnad,age_55_plus,55–65 anos,ln_salario_real_adm,Salário real de admissão (log),strict_no_tail_binning,control,Not Exposed,-6,estimated,0.0043763688960552,0.3662009522807873,0.0235402887849741,242,100.43859591835206,95.90974460406952,105.1812992693755,adequate,75,265
age_pnad,age_55_plus,55–65 anos,ln_salario_real_adm,Salário real de admissão (log),strict_no_tail_binning,control,Not Exposed,-5,estimated,-0.0506976016041402,0.2824206871444277,0.0183451949959483,237,95.05660767314124,91.69941522449729,98.53670975113933,adequate,75,265
age_pnad,age_55_plus,55–65 anos,ln_salario_real_adm,Salário real de admissão (log),strict_no_tail_binning,control,Not Exposed,-4,estimated,-0.0230350689179446,0.324452022345556,0.0210311008998419,238,97.72282128363491,93.77648759636745,101.83522591224848,adequate,75,265
age_pnad,age_55_plus,55–65 anos,ln_salario_real_adm,Salário real de admissão (log),strict_no_tail_binning,control,Not Exposed,-3,estimated,0.0115604534083831,0.3062160504887531,0.0196437687977628,243,101.16275336935074,97.34183469597288,105.1336529790256,adequate,75,265
age_pnad,age_55_plus,55–65 anos,ln_salario_real_adm,Salário real de admissão (log),strict_no_tail_binning,control,Not Exposed,-2,estimated,0.0224537216719885,0.3243725995665992,0.0212049001905757,234,102.27077038666914,98.10735156721216,106.61087378673406,adequate,75,265
age_pnad,age_55_plus,55–65 anos,ln_salario_real_adm,Salário real de admissão (log),strict_no_tail_binning,control,Not Exposed,-1,estimated,-0.0020271135971063,0.2578231966485141,0.0167828605986324,236,99.79749396100657,96.5681199586634,103.1348627803916,adequate,75,265
age_pnad,age_55_plus,55–65 anos,ln_salario_real_adm,Salário real de admissão (log),strict_no_tail_binning,control,Not Exposed,0,estimated,0.0263233332246543,0.3385800195346999,0.0226729951010568,223,102.66728522567756,98.20473663943908,107.33261771589058,adequate,75,265
age_pnad,age_55_plus,55–65 anos,ln_salario_real_adm,Salário real de admissão (log),strict_no_tail_binning,control,Not Exposed,1,estimated,0.0421932796168058,0.3109647260919242,0.0203284000818174,234,104.309606847695,100.23523779660285,108.54959114078603,adequate,75,265
age_pnad,age_55_plus,55–65 anos,ln_salario_real_adm,Salário real de admissão (log),strict_no_tail_binning,control,Not Exposed,2,estimated,0.0162558348480958,0.3416945344351244,0.0218747510395984,244,101.63886797903656,97.37324771443768,106.09135185010685,adequate,75,265
age_pnad,age_55_plus,55–65 anos,ln_salario_real_adm,Salário real de admissão (log),strict_no_tail_binning,control,Not Exposed,3,estimated,0.0382732030573483,0.3477166078183951,0.0222147991996447,245,103.90150561960168,99.47460471709164,108.52541611723788,adequate,75,265
age_pnad,age_55_plus,55–65 anos,ln_salario_real_adm,Salário real de admissão (log),strict_no_tail_binning,control,Not Exposed,4,estimated,0.0161179853454766,0.3513500566278293,0.0227269458610027,239,101.62485807729004,97.19734122558226,106.25405642794598,adequate,75,265
age_pnad,age_55_plus,55–65 anos,ln_salario_real_adm,Salário real de admissão (log),strict_no_tail_binning,control,Not Exposed,5,estimated,0.0130253059040435,0.3512236300662009,0.0225775100484332,242,101.31105047126374,96.92559014324922,105.89493375713867,adequate,75,265
age_pnad,age_55_plus,55–65 anos,ln_salario_real_adm,Salário real de admissão (log),strict_no_tail_binning,control,Not Exposed,6,estimated,0.0563185048534585,0.3863529738161201,0.0245830510369576,247,105.7934587381763,100.81689097636766,111.01568202901406,adequate,75,265
age_pnad,age_55_plus,55–65 anos,ln_salario_real_adm,Salário real de admissão (log),strict_no_tail_binning,control,Not Exposed,7,estimated,0.0167732928606797,0.3477042378037417,0.0222140089083976,245,101.69147543556332,97.35888744530888,106.21686882022868,adequate,75,265
age_pnad,age_55_plus,55–65 anos,ln_salario_real_adm,Salário real de admissão (log),strict_no_tail_binning,control,Not Exposed,8,estimated,0.0190788498111027,0.3291244892933341,0.0211569234758068,242,101.92620140662396,97.78600472080812,106.24169136315048,adequate,75,265
age_pnad,age_55_plus,55–65 anos,ln_salario_real_adm,Salário real de admissão (log),strict_no_tail_binning,control,Not Exposed,9,estimated,0.0413385364775461,0.3831131768080192,0.024426404000051,246,104.22048701958968,99.34841057442728,109.3314915839868,adequate,75,265
age_pnad,age_55_plus,55–65 anos,ln_salario_real_adm,Salário real de admissão (log),strict_no_tail_binning,control,Not Exposed,10,estimated,0.0011936923982559,0.304356876849784,0.0194446476015899,245,100.11944051325938,96.37553364948764,104.00878717978826,adequate,75,265
age_pnad,age_55_plus,55–65 anos,ln_salario_real_adm,Salário real de admissão (log),strict_no_tail_binning,control,Not Exposed,11,estimated,0.006140846554552,0.2935858063113224,0.0189508823087771,240,100.61597402072968,96.94727783043253,104.4235016670296,adequate,75,265
age_pnad,age_55_plus,55–65 anos,ln_salario_real_adm,Salário real de admissão (log),strict_no_tail_binning,control,Not Exposed,12,estimated,0.0317942957073924,0.3401390652336075,0.0225262598901885,228,103.2305133865692,98.77188626728864,107.89040583083288,adequate,75,265
age_pnad,age_55_plus,55–65 anos,ln_salario_real_adm,Salário real de admissão (log),strict_no_tail_binning,control,Not Exposed,13,estimated,0.0620597303276149,0.3444040245092002,0.0221850134546715,241,106.40258974454476,101.87507318534772,111.13131750833658,adequate,75,265
age_pnad,age_55_plus,55–65 anos,ln_salario_real_adm,Salário real de admissão (log),strict_no_tail_binning,control,Not Exposed,14,estimated,-0.0077835012170677,0.231217778204138,0.0148632417180939,242,99.22467117900533,96.37576128070307,102.15779610711164,adequate,75,265
age_pnad,age_55_plus,55–65 anos,ln_salario_real_adm,Salário real de admissão (log),strict_no_tail_binning,control,Not Exposed,15,estimated,0.0296961254354541,0.3425329213210179,0.0221104049967346,240,103.01414526018662,98.645233856303,107.57655194112326,adequate,75,265
age_pnad,age_55_plus,55–65 anos,ln_salario_real_adm,Salário real de admissão (log),strict_no_tail_binning,control,Not Exposed,16,estimated,0.0175148584006774,0.3846340470509269,0.0244242864120324,248,101.76691429743094,97.00993956744462,106.75715181144358,adequate,75,265
age_pnad,age_55_plus,55–65 anos,ln_salario_real_adm,Salário real de admissão (log),strict_no_tail_binning,control,Not Exposed,17,estimated,0.0434046859361187,0.3520474016304563,0.0226304640901817,242,104.4360447329596,99.90494283990589,109.17265081611264,adequate,75,265
age_pnad,age_55_plus,55–65 anos,ln_salario_real_adm,Salário real de admissão (log),strict_no_tail_binning,control,Not Exposed,18,estimated,0.029962212460001,0.2921874400346427,0.018939698660563,238,103.04155963472807,99.2865971941996,106.93853261170594,adequate,75,265
age_pnad,age_55_plus,55–65 anos,ln_salario_real_adm,Salário real de admissão (log),strict_no_tail_binning,control,Not Exposed,19,estimated,0.0467571083184264,0.3073616786425708,0.019596664879056,246,104.78674598775694,100.8382583896368,108.88984310176406,adequate,75,265
age_pnad,age_55_plus,55–65 anos,ln_salario_real_adm,Salário real de admissão (log),strict_no_tail_binning,control,Not Exposed,20,estimated,0.0213257235715719,0.3066233442177594,0.0198338153425664,239,102.15547419111466,98.26045246355378,106.20489368377642,adequate,75,265
age_pnad,age_55_plus,55–65 anos,ln_salario_real_adm,Salário real de admissão (log),strict_no_tail_binning,control,Not Exposed,21,estimated,0.0056926967360983,0.3294634758349458,0.0209632589630814,247,100.57089309249815,96.52237967199548,104.78921646766308,adequate,75,265
age_pnad,age_55_plus,55–65 anos,ln_salario_real_adm,Salário real de admissão (log),strict_no_tail_binning,control,Not Exposed,22,estimated,-0.0053546577889107,0.2660653121432031,0.0171033260413613,242,99.46596528368792,96.18688416717912,102.85683266982944,adequate,75,265
age_pnad,age_55_plus,55–65 anos,ln_salario_real_adm,Salário real de admissão (log),strict_no_tail_binning,control,Not Exposed,23,estimated,-0.011668174480231,0.2744208209207844,0.0177880597941094,238,98.8399634675024,95.45332784014032,102.34675520814037,adequate,75,265
age_pnad,age_55_plus,55–65 anos,ln_salario_real_adm,Salário real de admissão (log),strict_no_tail_binning,control,Not Exposed,24,estimated,0.0215756988192697,0.2977965777962943,0.0197220601557214,228,102.18101372307171,98.3065489394712,106.20817919163474,adequate,75,265
