dimension,group_id,group_label,outcome,outcome_label,estimand,window_rule,t,is_reference,is_pre,result_status,n_obs_input,n_obs,n_cbo,sample_count_source,formula,error,coef,se,p_value,ci_low,ci_high,coefficient_status,power_status,treated_cbo,control_cbo
race_color_b,race_white,Branca,ln_admissoes,Admissões (log),ddd,strict_no_tail_binning,-12,False,True,estimated,25076,25076,341,pyfixest_retained_sample,ln_admissoes ~ group_tm12 + did_tm12 + ddd_tm12 + group_tm11 + did_tm11 + ddd_tm11 + group_tm10 + did_tm10 + ddd_tm10 + group_tm9 + did_tm9 + ddd_tm9 + group_tm8 + did_tm8 + ddd_tm8 + group_tm7 + did_tm7 + ddd_tm7 + group_tm6 + did_tm6 + ddd_tm6 + group_tm5 + did_tm5 + ddd_tm5 + group_tm4 + did_tm4 + ddd_tm4 + group_tm3 + did_tm3 + ddd_tm3 + group_tm2 + did_tm2 + ddd_tm2 + group_t0 + did_t0 + ddd_t0 + group_t1 + did_t1 + ddd_t1 + group_t2 + did_t2 + ddd_t2 + group_t3 + did_t3 + ddd_t3 + group_t4 + did_t4 + ddd_t4 + group_t5 + did_t5 + ddd_t5 + group_t6 + did_t6 + ddd_t6 + group_t7 + did_t7 + ddd_t7 + group_t8 + did_t8 + ddd_t8 + group_t9 + did_t9 + ddd_t9 + group_t10 + did_t10 + ddd_t10 + group_t11 + did_t11 + ddd_t11 + group_t12 + did_t12 + ddd_t12 + group_t13 + did_t13 + ddd_t13 + group_t14 + did_t14 + ddd_t14 + group_t15 + did_t15 + ddd_t15 + group_t16 + did_t16 + ddd_t16 + group_t17 + did_t17 + ddd_t17 + group_t18 + did_t18 + ddd_t18 + group_t19 + did_t19 + ddd_t19 + group_t20 + did_t20 + ddd_t20 + group_t21 + did_t21 + ddd_t21 + group_t22 + did_t22 + ddd_t22 + group_t23 + did_t23 + ddd_t23 + group_t24 + did_t24 + ddd_t24 + treat_group + idade_media_adm + pct_mulher_adm + pct_superior_adm + pct_negra_adm | cbo_4d + periodo + subgroup,,-0.017147700611887983,0.0525059399930476,0.7441820409577624,-0.12005934299826128,0.0857639417744853,estimated,adequate,75,266
race_color_b,race_white,Branca,ln_admissoes,Admissões (log),ddd,strict_no_tail_binning,-11,False,True,estimated,25076,25076,341,pyfixest_retained_sample,ln_admissoes ~ group_tm12 + did_tm12 + ddd_tm12 + group_tm11 + did_tm11 + ddd_tm11 + group_tm10 + did_tm10 + ddd_tm10 + group_tm9 + did_tm9 + ddd_tm9 + group_tm8 + did_tm8 + ddd_tm8 + group_tm7 + did_tm7 + ddd_tm7 + group_tm6 + did_tm6 + ddd_tm6 + group_tm5 + did_tm5 + ddd_tm5 + group_tm4 + did_tm4 + ddd_tm4 + group_tm3 + did_tm3 + ddd_tm3 + group_tm2 + did_tm2 + ddd_tm2 + group_t0 + did_t0 + ddd_t0 + group_t1 + did_t1 + ddd_t1 + group_t2 + did_t2 + ddd_t2 + group_t3 + did_t3 + ddd_t3 + group_t4 + did_t4 + ddd_t4 + group_t5 + did_t5 + ddd_t5 + group_t6 + did_t6 + ddd_t6 + group_t7 + did_t7 + ddd_t7 + group_t8 + did_t8 + ddd_t8 + group_t9 + did_t9 + ddd_t9 + group_t10 + did_t10 + ddd_t10 + group_t11 + did_t11 + ddd_t11 + group_t12 + did_t12 + ddd_t12 + group_t13 + did_t13 + ddd_t13 + group_t14 + did_t14 + ddd_t14 + group_t15 + did_t15 + ddd_t15 + group_t16 + did_t16 + ddd_t16 + group_t17 + did_t17 + ddd_t17 + group_t18 + did_t18 + ddd_t18 + group_t19 + did_t19 + ddd_t19 + group_t20 + did_t20 + ddd_t20 + group_t21 + did_t21 + ddd_t21 + group_t22 + did_t22 + ddd_t22 + group_t23 + did_t23 + ddd_t23 + group_t24 + did_t24 + ddd_t24 + treat_group + idade_media_adm + pct_mulher_adm + pct_superior_adm + pct_negra_adm | cbo_4d + periodo + subgroup,,-0.022371727598539167,0.050865182678010455,0.6603440307718667,-0.12206748564743966,0.07732403045036132,estimated,adequate,75,266
race_color_b,race_white,Branca,ln_admissoes,Admissões (log),ddd,strict_no_tail_binning,-10,False,True,estimated,25076,25076,341,pyfixest_retained_sample,ln_admissoes ~ group_tm12 + did_tm12 + ddd_tm12 + group_tm11 + did_tm11 + ddd_tm11 + group_tm10 + did_tm10 + ddd_tm10 + group_tm9 + did_tm9 + ddd_tm9 + group_tm8 + did_tm8 + ddd_tm8 + group_tm7 + did_tm7 + ddd_tm7 + group_tm6 + did_tm6 + ddd_tm6 + group_tm5 + did_tm5 + ddd_tm5 + group_tm4 + did_tm4 + ddd_tm4 + group_tm3 + did_tm3 + ddd_tm3 + group_tm2 + did_tm2 + ddd_tm2 + group_t0 + did_t0 + ddd_t0 + group_t1 + did_t1 + ddd_t1 + group_t2 + did_t2 + ddd_t2 + group_t3 + did_t3 + ddd_t3 + group_t4 + did_t4 + ddd_t4 + group_t5 + did_t5 + ddd_t5 + group_t6 + did_t6 + ddd_t6 + group_t7 + did_t7 + ddd_t7 + group_t8 + did_t8 + ddd_t8 + group_t9 + did_t9 + ddd_t9 + group_t10 + did_t10 + ddd_t10 + group_t11 + did_t11 + ddd_t11 + group_t12 + did_t12 + ddd_t12 + group_t13 + did_t13 + ddd_t13 + group_t14 + did_t14 + ddd_t14 + group_t15 + did_t15 + ddd_t15 + group_t16 + did_t16 + ddd_t16 + group_t17 + did_t17 + ddd_t17 + group_t18 + did_t18 + ddd_t18 + group_t19 + did_t19 + ddd_t19 + group_t20 + did_t20 + ddd_t20 + group_t21 + did_t21 + ddd_t21 + group_t22 + did_t22 + ddd_t22 + group_t23 + did_t23 + ddd_t23 + group_t24 + did_t24 + ddd_t24 + treat_group + idade_media_adm + pct_mulher_adm + pct_superior_adm + pct_negra_adm | cbo_4d + periodo + subgroup,,-0.07376725277214509,0.05601741604601781,0.18877149303470175,-0.18356138822233997,0.03602688267804981,estimated,adequate,75,266
race_color_b,race_white,Branca,ln_admissoes,Admissões (log),ddd,strict_no_tail_binning,-9,False,True,estimated,25076,25076,341,pyfixest_retained_sample,ln_admissoes ~ group_tm12 + did_tm12 + ddd_tm12 + group_tm11 + did_tm11 + ddd_tm11 + group_tm10 + did_tm10 + ddd_tm10 + group_tm9 + did_tm9 + ddd_tm9 + group_tm8 + did_tm8 + ddd_tm8 + group_tm7 + did_tm7 + ddd_tm7 + group_tm6 + did_tm6 + ddd_tm6 + group_tm5 + did_tm5 + ddd_tm5 + group_tm4 + did_tm4 + ddd_tm4 + group_tm3 + did_tm3 + ddd_tm3 + group_tm2 + did_tm2 + ddd_tm2 + group_t0 + did_t0 + ddd_t0 + group_t1 + did_t1 + ddd_t1 + group_t2 + did_t2 + ddd_t2 + group_t3 + did_t3 + ddd_t3 + group_t4 + did_t4 + ddd_t4 + group_t5 + did_t5 + ddd_t5 + group_t6 + did_t6 + ddd_t6 + group_t7 + did_t7 + ddd_t7 + group_t8 + did_t8 + ddd_t8 + group_t9 + did_t9 + ddd_t9 + group_t10 + did_t10 + ddd_t10 + group_t11 + did_t11 + ddd_t11 + group_t12 + did_t12 + ddd_t12 + group_t13 + did_t13 + ddd_t13 + group_t14 + did_t14 + ddd_t14 + group_t15 + did_t15 + ddd_t15 + group_t16 + did_t16 + ddd_t16 + group_t17 + did_t17 + ddd_t17 + group_t18 + did_t18 + ddd_t18 + group_t19 + did_t19 + ddd_t19 + group_t20 + did_t20 + ddd_t20 + group_t21 + did_t21 + ddd_t21 + group_t22 + did_t22 + ddd_t22 + group_t23 + did_t23 + ddd_t23 + group_t24 + did_t24 + ddd_t24 + treat_group + idade_media_adm + pct_mulher_adm + pct_superior_adm + pct_negra_adm | cbo_4d + periodo + subgroup,,-0.07657761579925755,0.051372440109067656,0.13698417176330713,-0.17726759841303014,0.02411236681451505,estimated,adequate,75,266
race_color_b,race_white,Branca,ln_admissoes,Admissões (log),ddd,strict_no_tail_binning,-8,False,True,estimated,25076,25076,341,pyfixest_retained_sample,ln_admissoes ~ group_tm12 + did_tm12 + ddd_tm12 + group_tm11 + did_tm11 + ddd_tm11 + group_tm10 + did_tm10 + ddd_tm10 + group_tm9 + did_tm9 + ddd_tm9 + group_tm8 + did_tm8 + ddd_tm8 + group_tm7 + did_tm7 + ddd_tm7 + group_tm6 + did_tm6 + ddd_tm6 + group_tm5 + did_tm5 + ddd_tm5 + group_tm4 + did_tm4 + ddd_tm4 + group_tm3 + did_tm3 + ddd_tm3 + group_tm2 + did_tm2 + ddd_tm2 + group_t0 + did_t0 + ddd_t0 + group_t1 + did_t1 + ddd_t1 + group_t2 + did_t2 + ddd_t2 + group_t3 + did_t3 + ddd_t3 + group_t4 + did_t4 + ddd_t4 + group_t5 + did_t5 + ddd_t5 + group_t6 + did_t6 + ddd_t6 + group_t7 + did_t7 + ddd_t7 + group_t8 + did_t8 + ddd_t8 + group_t9 + did_t9 + ddd_t9 + group_t10 + did_t10 + ddd_t10 + group_t11 + did_t11 + ddd_t11 + group_t12 + did_t12 + ddd_t12 + group_t13 + did_t13 + ddd_t13 + group_t14 + did_t14 + ddd_t14 + group_t15 + did_t15 + ddd_t15 + group_t16 + did_t16 + ddd_t16 + group_t17 + did_t17 + ddd_t17 + group_t18 + did_t18 + ddd_t18 + group_t19 + did_t19 + ddd_t19 + group_t20 + did_t20 + ddd_t20 + group_t21 + did_t21 + ddd_t21 + group_t22 + did_t22 + ddd_t22 + group_t23 + did_t23 + ddd_t23 + group_t24 + did_t24 + ddd_t24 + treat_group + idade_media_adm + pct_mulher_adm + pct_superior_adm + pct_negra_adm | cbo_4d + periodo + subgroup,,-0.057908954744615125,0.05888052745334418,0.3260611145161887,-0.1733147885531697,0.05749687906393946,estimated,adequate,75,266
race_color_b,race_white,Branca,ln_admissoes,Admissões (log),ddd,strict_no_tail_binning,-7,False,True,estimated,25076,25076,341,pyfixest_retained_sample,ln_admissoes ~ group_tm12 + did_tm12 + ddd_tm12 + group_tm11 + did_tm11 + ddd_tm11 + group_tm10 + did_tm10 + ddd_tm10 + group_tm9 + did_tm9 + ddd_tm9 + group_tm8 + did_tm8 + ddd_tm8 + group_tm7 + did_tm7 + ddd_tm7 + group_tm6 + did_tm6 + ddd_tm6 + group_tm5 + did_tm5 + ddd_tm5 + group_tm4 + did_tm4 + ddd_tm4 + group_tm3 + did_tm3 + ddd_tm3 + group_tm2 + did_tm2 + ddd_tm2 + group_t0 + did_t0 + ddd_t0 + group_t1 + did_t1 + ddd_t1 + group_t2 + did_t2 + ddd_t2 + group_t3 + did_t3 + ddd_t3 + group_t4 + did_t4 + ddd_t4 + group_t5 + did_t5 + ddd_t5 + group_t6 + did_t6 + ddd_t6 + group_t7 + did_t7 + ddd_t7 + group_t8 + did_t8 + ddd_t8 + group_t9 + did_t9 + ddd_t9 + group_t10 + did_t10 + ddd_t10 + group_t11 + did_t11 + ddd_t11 + group_t12 + did_t12 + ddd_t12 + group_t13 + did_t13 + ddd_t13 + group_t14 + did_t14 + ddd_t14 + group_t15 + did_t15 + ddd_t15 + group_t16 + did_t16 + ddd_t16 + group_t17 + did_t17 + ddd_t17 + group_t18 + did_t18 + ddd_t18 + group_t19 + did_t19 + ddd_t19 + group_t20 + did_t20 + ddd_t20 + group_t21 + did_t21 + ddd_t21 + group_t22 + did_t22 + ddd_t22 + group_t23 + did_t23 + ddd_t23 + group_t24 + did_t24 + ddd_t24 + treat_group + idade_media_adm + pct_mulher_adm + pct_superior_adm + pct_negra_adm | cbo_4d + periodo + subgroup,,0.011729923366133042,0.05372018866898129,0.82728567585063,-0.09356164642507028,0.11702149315733637,estimated,adequate,75,266
race_color_b,race_white,Branca,ln_admissoes,Admissões (log),ddd,strict_no_tail_binning,-6,False,True,estimated,25076,25076,341,pyfixest_retained_sample,ln_admissoes ~ group_tm12 + did_tm12 + ddd_tm12 + group_tm11 + did_tm11 + ddd_tm11 + group_tm10 + did_tm10 + ddd_tm10 + group_tm9 + did_tm9 + ddd_tm9 + group_tm8 + did_tm8 + ddd_tm8 + group_tm7 + did_tm7 + ddd_tm7 + group_tm6 + did_tm6 + ddd_tm6 + group_tm5 + did_tm5 + ddd_tm5 + group_tm4 + did_tm4 + ddd_tm4 + group_tm3 + did_tm3 + ddd_tm3 + group_tm2 + did_tm2 + ddd_tm2 + group_t0 + did_t0 + ddd_t0 + group_t1 + did_t1 + ddd_t1 + group_t2 + did_t2 + ddd_t2 + group_t3 + did_t3 + ddd_t3 + group_t4 + did_t4 + ddd_t4 + group_t5 + did_t5 + ddd_t5 + group_t6 + did_t6 + ddd_t6 + group_t7 + did_t7 + ddd_t7 + group_t8 + did_t8 + ddd_t8 + group_t9 + did_t9 + ddd_t9 + group_t10 + did_t10 + ddd_t10 + group_t11 + did_t11 + ddd_t11 + group_t12 + did_t12 + ddd_t12 + group_t13 + did_t13 + ddd_t13 + group_t14 + did_t14 + ddd_t14 + group_t15 + did_t15 + ddd_t15 + group_t16 + did_t16 + ddd_t16 + group_t17 + did_t17 + ddd_t17 + group_t18 + did_t18 + ddd_t18 + group_t19 + did_t19 + ddd_t19 + group_t20 + did_t20 + ddd_t20 + group_t21 + did_t21 + ddd_t21 + group_t22 + did_t22 + ddd_t22 + group_t23 + did_t23 + ddd_t23 + group_t24 + did_t24 + ddd_t24 + treat_group + idade_media_adm + pct_mulher_adm + pct_superior_adm + pct_negra_adm | cbo_4d + periodo + subgroup,,-0.02202909504815277,0.05540802935672113,0.6911896848533421,-0.1306288325873262,0.08657064249102064,estimated,adequate,75,266
race_color_b,race_white,Branca,ln_admissoes,Admissões (log),ddd,strict_no_tail_binning,-5,False,True,estimated,25076,25076,341,pyfixest_retained_sample,ln_admissoes ~ group_tm12 + did_tm12 + ddd_tm12 + group_tm11 + did_tm11 + ddd_tm11 + group_tm10 + did_tm10 + ddd_tm10 + group_tm9 + did_tm9 + ddd_tm9 + group_tm8 + did_tm8 + ddd_tm8 + group_tm7 + did_tm7 + ddd_tm7 + group_tm6 + did_tm6 + ddd_tm6 + group_tm5 + did_tm5 + ddd_tm5 + group_tm4 + did_tm4 + ddd_tm4 + group_tm3 + did_tm3 + ddd_tm3 + group_tm2 + did_tm2 + ddd_tm2 + group_t0 + did_t0 + ddd_t0 + group_t1 + did_t1 + ddd_t1 + group_t2 + did_t2 + ddd_t2 + group_t3 + did_t3 + ddd_t3 + group_t4 + did_t4 + ddd_t4 + group_t5 + did_t5 + ddd_t5 + group_t6 + did_t6 + ddd_t6 + group_t7 + did_t7 + ddd_t7 + group_t8 + did_t8 + ddd_t8 + group_t9 + did_t9 + ddd_t9 + group_t10 + did_t10 + ddd_t10 + group_t11 + did_t11 + ddd_t11 + group_t12 + did_t12 + ddd_t12 + group_t13 + did_t13 + ddd_t13 + group_t14 + did_t14 + ddd_t14 + group_t15 + did_t15 + ddd_t15 + group_t16 + did_t16 + ddd_t16 + group_t17 + did_t17 + ddd_t17 + group_t18 + did_t18 + ddd_t18 + group_t19 + did_t19 + ddd_t19 + group_t20 + did_t20 + ddd_t20 + group_t21 + did_t21 + ddd_t21 + group_t22 + did_t22 + ddd_t22 + group_t23 + did_t23 + ddd_t23 + group_t24 + did_t24 + ddd_t24 + treat_group + idade_media_adm + pct_mulher_adm + pct_superior_adm + pct_negra_adm | cbo_4d + periodo + subgroup,,-0.003792123972842908,0.0554528718468003,0.9455196573119604,-0.1124797527925715,0.10489550484688567,estimated,adequate,75,266
race_color_b,race_white,Branca,ln_admissoes,Admissões (log),ddd,strict_no_tail_binning,-4,False,True,estimated,25076,25076,341,pyfixest_retained_sample,ln_admissoes ~ group_tm12 + did_tm12 + ddd_tm12 + group_tm11 + did_tm11 + ddd_tm11 + group_tm10 + did_tm10 + ddd_tm10 + group_tm9 + did_tm9 + ddd_tm9 + group_tm8 + did_tm8 + ddd_tm8 + group_tm7 + did_tm7 + ddd_tm7 + group_tm6 + did_tm6 + ddd_tm6 + group_tm5 + did_tm5 + ddd_tm5 + group_tm4 + did_tm4 + ddd_tm4 + group_tm3 + did_tm3 + ddd_tm3 + group_tm2 + did_tm2 + ddd_tm2 + group_t0 + did_t0 + ddd_t0 + group_t1 + did_t1 + ddd_t1 + group_t2 + did_t2 + ddd_t2 + group_t3 + did_t3 + ddd_t3 + group_t4 + did_t4 + ddd_t4 + group_t5 + did_t5 + ddd_t5 + group_t6 + did_t6 + ddd_t6 + group_t7 + did_t7 + ddd_t7 + group_t8 + did_t8 + ddd_t8 + group_t9 + did_t9 + ddd_t9 + group_t10 + did_t10 + ddd_t10 + group_t11 + did_t11 + ddd_t11 + group_t12 + did_t12 + ddd_t12 + group_t13 + did_t13 + ddd_t13 + group_t14 + did_t14 + ddd_t14 + group_t15 + did_t15 + ddd_t15 + group_t16 + did_t16 + ddd_t16 + group_t17 + did_t17 + ddd_t17 + group_t18 + did_t18 + ddd_t18 + group_t19 + did_t19 + ddd_t19 + group_t20 + did_t20 + ddd_t20 + group_t21 + did_t21 + ddd_t21 + group_t22 + did_t22 + ddd_t22 + group_t23 + did_t23 + ddd_t23 + group_t24 + did_t24 + ddd_t24 + treat_group + idade_media_adm + pct_mulher_adm + pct_superior_adm + pct_negra_adm | cbo_4d + periodo + subgroup,,0.022935740606418377,0.06879337088410988,0.7390375344901159,-0.11189926632643699,0.15777074753927373,estimated,adequate,75,266
race_color_b,race_white,Branca,ln_admissoes,Admissões (log),ddd,strict_no_tail_binning,-3,False,True,estimated,25076,25076,341,pyfixest_retained_sample,ln_admissoes ~ group_tm12 + did_tm12 + ddd_tm12 + group_tm11 + did_tm11 + ddd_tm11 + group_tm10 + did_tm10 + ddd_tm10 + group_tm9 + did_tm9 + ddd_tm9 + group_tm8 + did_tm8 + ddd_tm8 + group_tm7 + did_tm7 + ddd_tm7 + group_tm6 + did_tm6 + ddd_tm6 + group_tm5 + did_tm5 + ddd_tm5 + group_tm4 + did_tm4 + ddd_tm4 + group_tm3 + did_tm3 + ddd_tm3 + group_tm2 + did_tm2 + ddd_tm2 + group_t0 + did_t0 + ddd_t0 + group_t1 + did_t1 + ddd_t1 + group_t2 + did_t2 + ddd_t2 + group_t3 + did_t3 + ddd_t3 + group_t4 + did_t4 + ddd_t4 + group_t5 + did_t5 + ddd_t5 + group_t6 + did_t6 + ddd_t6 + group_t7 + did_t7 + ddd_t7 + group_t8 + did_t8 + ddd_t8 + group_t9 + did_t9 + ddd_t9 + group_t10 + did_t10 + ddd_t10 + group_t11 + did_t11 + ddd_t11 + group_t12 + did_t12 + ddd_t12 + group_t13 + did_t13 + ddd_t13 + group_t14 + did_t14 + ddd_t14 + group_t15 + did_t15 + ddd_t15 + group_t16 + did_t16 + ddd_t16 + group_t17 + did_t17 + ddd_t17 + group_t18 + did_t18 + ddd_t18 + group_t19 + did_t19 + ddd_t19 + group_t20 + did_t20 + ddd_t20 + group_t21 + did_t21 + ddd_t21 + group_t22 + did_t22 + ddd_t22 + group_t23 + did_t23 + ddd_t23 + group_t24 + did_t24 + ddd_t24 + treat_group + idade_media_adm + pct_mulher_adm + pct_superior_adm + pct_negra_adm | cbo_4d + periodo + subgroup,,-0.01656435417468078,0.052462210347389224,0.7523945127768465,-0.11939028645556365,0.08626157810620211,estimated,adequate,75,266
race_color_b,race_white,Branca,ln_admissoes,Admissões (log),ddd,strict_no_tail_binning,-2,False,True,estimated,25076,25076,341,pyfixest_retained_sample,ln_admissoes ~ group_tm12 + did_tm12 + ddd_tm12 + group_tm11 + did_tm11 + ddd_tm11 + group_tm10 + did_tm10 + ddd_tm10 + group_tm9 + did_tm9 + ddd_tm9 + group_tm8 + did_tm8 + ddd_tm8 + group_tm7 + did_tm7 + ddd_tm7 + group_tm6 + did_tm6 + ddd_tm6 + group_tm5 + did_tm5 + ddd_tm5 + group_tm4 + did_tm4 + ddd_tm4 + group_tm3 + did_tm3 + ddd_tm3 + group_tm2 + did_tm2 + ddd_tm2 + group_t0 + did_t0 + ddd_t0 + group_t1 + did_t1 + ddd_t1 + group_t2 + did_t2 + ddd_t2 + group_t3 + did_t3 + ddd_t3 + group_t4 + did_t4 + ddd_t4 + group_t5 + did_t5 + ddd_t5 + group_t6 + did_t6 + ddd_t6 + group_t7 + did_t7 + ddd_t7 + group_t8 + did_t8 + ddd_t8 + group_t9 + did_t9 + ddd_t9 + group_t10 + did_t10 + ddd_t10 + group_t11 + did_t11 + ddd_t11 + group_t12 + did_t12 + ddd_t12 + group_t13 + did_t13 + ddd_t13 + group_t14 + did_t14 + ddd_t14 + group_t15 + did_t15 + ddd_t15 + group_t16 + did_t16 + ddd_t16 + group_t17 + did_t17 + ddd_t17 + group_t18 + did_t18 + ddd_t18 + group_t19 + did_t19 + ddd_t19 + group_t20 + did_t20 + ddd_t20 + group_t21 + did_t21 + ddd_t21 + group_t22 + did_t22 + ddd_t22 + group_t23 + did_t23 + ddd_t23 + group_t24 + did_t24 + ddd_t24 + treat_group + idade_media_adm + pct_mulher_adm + pct_superior_adm + pct_negra_adm | cbo_4d + periodo + subgroup,,0.02163292073936125,0.048015791139773494,0.6526099879219971,-0.07247802989459479,0.11574387137331729,estimated,adequate,75,266
race_color_b,race_white,Branca,ln_admissoes,Admissões (log),ddd,strict_no_tail_binning,-1,True,False,estimated,25076,25076,341,pyfixest_retained_sample,ln_admissoes ~ group_tm12 + did_tm12 + ddd_tm12 + group_tm11 + did_tm11 + ddd_tm11 + group_tm10 + did_tm10 + ddd_tm10 + group_tm9 + did_tm9 + ddd_tm9 + group_tm8 + did_tm8 + ddd_tm8 + group_tm7 + did_tm7 + ddd_tm7 + group_tm6 + did_tm6 + ddd_tm6 + group_tm5 + did_tm5 + ddd_tm5 + group_tm4 + did_tm4 + ddd_tm4 + group_tm3 + did_tm3 + ddd_tm3 + group_tm2 + did_tm2 + ddd_tm2 + group_t0 + did_t0 + ddd_t0 + group_t1 + did_t1 + ddd_t1 + group_t2 + did_t2 + ddd_t2 + group_t3 + did_t3 + ddd_t3 + group_t4 + did_t4 + ddd_t4 + group_t5 + did_t5 + ddd_t5 + group_t6 + did_t6 + ddd_t6 + group_t7 + did_t7 + ddd_t7 + group_t8 + did_t8 + ddd_t8 + group_t9 + did_t9 + ddd_t9 + group_t10 + did_t10 + ddd_t10 + group_t11 + did_t11 + ddd_t11 + group_t12 + did_t12 + ddd_t12 + group_t13 + did_t13 + ddd_t13 + group_t14 + did_t14 + ddd_t14 + group_t15 + did_t15 + ddd_t15 + group_t16 + did_t16 + ddd_t16 + group_t17 + did_t17 + ddd_t17 + group_t18 + did_t18 + ddd_t18 + group_t19 + did_t19 + ddd_t19 + group_t20 + did_t20 + ddd_t20 + group_t21 + did_t21 + ddd_t21 + group_t22 + did_t22 + ddd_t22 + group_t23 + did_t23 + ddd_t23 + group_t24 + did_t24 + ddd_t24 + treat_group + idade_media_adm + pct_mulher_adm + pct_superior_adm + pct_negra_adm | cbo_4d + periodo + subgroup,,0.0,0.0,,0.0,0.0,reference,adequate,75,266
race_color_b,race_white,Branca,ln_admissoes,Admissões (log),ddd,strict_no_tail_binning,0,False,False,estimated,25076,25076,341,pyfixest_retained_sample,ln_admissoes ~ group_tm12 + did_tm12 + ddd_tm12 + group_tm11 + did_tm11 + ddd_tm11 + group_tm10 + did_tm10 + ddd_tm10 + group_tm9 + did_tm9 + ddd_tm9 + group_tm8 + did_tm8 + ddd_tm8 + group_tm7 + did_tm7 + ddd_tm7 + group_tm6 + did_tm6 + ddd_tm6 + group_tm5 + did_tm5 + ddd_tm5 + group_tm4 + did_tm4 + ddd_tm4 + group_tm3 + did_tm3 + ddd_tm3 + group_tm2 + did_tm2 + ddd_tm2 + group_t0 + did_t0 + ddd_t0 + group_t1 + did_t1 + ddd_t1 + group_t2 + did_t2 + ddd_t2 + group_t3 + did_t3 + ddd_t3 + group_t4 + did_t4 + ddd_t4 + group_t5 + did_t5 + ddd_t5 + group_t6 + did_t6 + ddd_t6 + group_t7 + did_t7 + ddd_t7 + group_t8 + did_t8 + ddd_t8 + group_t9 + did_t9 + ddd_t9 + group_t10 + did_t10 + ddd_t10 + group_t11 + did_t11 + ddd_t11 + group_t12 + did_t12 + ddd_t12 + group_t13 + did_t13 + ddd_t13 + group_t14 + did_t14 + ddd_t14 + group_t15 + did_t15 + ddd_t15 + group_t16 + did_t16 + ddd_t16 + group_t17 + did_t17 + ddd_t17 + group_t18 + did_t18 + ddd_t18 + group_t19 + did_t19 + ddd_t19 + group_t20 + did_t20 + ddd_t20 + group_t21 + did_t21 + ddd_t21 + group_t22 + did_t22 + ddd_t22 + group_t23 + did_t23 + ddd_t23 + group_t24 + did_t24 + ddd_t24 + treat_group + idade_media_adm + pct_mulher_adm + pct_superior_adm + pct_negra_adm | cbo_4d + periodo + subgroup,,-0.005897301005864306,0.04377836322716975,0.8929223609916868,-0.09170289293111701,0.0799082909193884,estimated,adequate,75,266
race_color_b,race_white,Branca,ln_admissoes,Admissões (log),ddd,strict_no_tail_binning,1,False,False,estimated,25076,25076,341,pyfixest_retained_sample,ln_admissoes ~ group_tm12 + did_tm12 + ddd_tm12 + group_tm11 + did_tm11 + ddd_tm11 + group_tm10 + did_tm10 + ddd_tm10 + group_tm9 + did_tm9 + ddd_tm9 + group_tm8 + did_tm8 + ddd_tm8 + group_tm7 + did_tm7 + ddd_tm7 + group_tm6 + did_tm6 + ddd_tm6 + group_tm5 + did_tm5 + ddd_tm5 + group_tm4 + did_tm4 + ddd_tm4 + group_tm3 + did_tm3 + ddd_tm3 + group_tm2 + did_tm2 + ddd_tm2 + group_t0 + did_t0 + ddd_t0 + group_t1 + did_t1 + ddd_t1 + group_t2 + did_t2 + ddd_t2 + group_t3 + did_t3 + ddd_t3 + group_t4 + did_t4 + ddd_t4 + group_t5 + did_t5 + ddd_t5 + group_t6 + did_t6 + ddd_t6 + group_t7 + did_t7 + ddd_t7 + group_t8 + did_t8 + ddd_t8 + group_t9 + did_t9 + ddd_t9 + group_t10 + did_t10 + ddd_t10 + group_t11 + did_t11 + ddd_t11 + group_t12 + did_t12 + ddd_t12 + group_t13 + did_t13 + ddd_t13 + group_t14 + did_t14 + ddd_t14 + group_t15 + did_t15 + ddd_t15 + group_t16 + did_t16 + ddd_t16 + group_t17 + did_t17 + ddd_t17 + group_t18 + did_t18 + ddd_t18 + group_t19 + did_t19 + ddd_t19 + group_t20 + did_t20 + ddd_t20 + group_t21 + did_t21 + ddd_t21 + group_t22 + did_t22 + ddd_t22 + group_t23 + did_t23 + ddd_t23 + group_t24 + did_t24 + ddd_t24 + treat_group + idade_media_adm + pct_mulher_adm + pct_superior_adm + pct_negra_adm | cbo_4d + periodo + subgroup,,-0.0449805035144737,0.05117198485052794,0.38001858508929853,-0.14527759382150846,0.055316586792561066,estimated,adequate,75,266
race_color_b,race_white,Branca,ln_admissoes,Admissões (log),ddd,strict_no_tail_binning,2,False,False,estimated,25076,25076,341,pyfixest_retained_sample,ln_admissoes ~ group_tm12 + did_tm12 + ddd_tm12 + group_tm11 + did_tm11 + ddd_tm11 + group_tm10 + did_tm10 + ddd_tm10 + group_tm9 + did_tm9 + ddd_tm9 + group_tm8 + did_tm8 + ddd_tm8 + group_tm7 + did_tm7 + ddd_tm7 + group_tm6 + did_tm6 + ddd_tm6 + group_tm5 + did_tm5 + ddd_tm5 + group_tm4 + did_tm4 + ddd_tm4 + group_tm3 + did_tm3 + ddd_tm3 + group_tm2 + did_tm2 + ddd_tm2 + group_t0 + did_t0 + ddd_t0 + group_t1 + did_t1 + ddd_t1 + group_t2 + did_t2 + ddd_t2 + group_t3 + did_t3 + ddd_t3 + group_t4 + did_t4 + ddd_t4 + group_t5 + did_t5 + ddd_t5 + group_t6 + did_t6 + ddd_t6 + group_t7 + did_t7 + ddd_t7 + group_t8 + did_t8 + ddd_t8 + group_t9 + did_t9 + ddd_t9 + group_t10 + did_t10 + ddd_t10 + group_t11 + did_t11 + ddd_t11 + group_t12 + did_t12 + ddd_t12 + group_t13 + did_t13 + ddd_t13 + group_t14 + did_t14 + ddd_t14 + group_t15 + did_t15 + ddd_t15 + group_t16 + did_t16 + ddd_t16 + group_t17 + did_t17 + ddd_t17 + group_t18 + did_t18 + ddd_t18 + group_t19 + did_t19 + ddd_t19 + group_t20 + did_t20 + ddd_t20 + group_t21 + did_t21 + ddd_t21 + group_t22 + did_t22 + ddd_t22 + group_t23 + did_t23 + ddd_t23 + group_t24 + did_t24 + ddd_t24 + treat_group + idade_media_adm + pct_mulher_adm + pct_superior_adm + pct_negra_adm | cbo_4d + periodo + subgroup,,-0.04406068971913781,0.052337822225542306,0.4004626536569287,-0.14664282128120074,0.058521441842925105,estimated,adequate,75,266
race_color_b,race_white,Branca,ln_admissoes,Admissões (log),ddd,strict_no_tail_binning,3,False,False,estimated,25076,25076,341,pyfixest_retained_sample,ln_admissoes ~ group_tm12 + did_tm12 + ddd_tm12 + group_tm11 + did_tm11 + ddd_tm11 + group_tm10 + did_tm10 + ddd_tm10 + group_tm9 + did_tm9 + ddd_tm9 + group_tm8 + did_tm8 + ddd_tm8 + group_tm7 + did_tm7 + ddd_tm7 + group_tm6 + did_tm6 + ddd_tm6 + group_tm5 + did_tm5 + ddd_tm5 + group_tm4 + did_tm4 + ddd_tm4 + group_tm3 + did_tm3 + ddd_tm3 + group_tm2 + did_tm2 + ddd_tm2 + group_t0 + did_t0 + ddd_t0 + group_t1 + did_t1 + ddd_t1 + group_t2 + did_t2 + ddd_t2 + group_t3 + did_t3 + ddd_t3 + group_t4 + did_t4 + ddd_t4 + group_t5 + did_t5 + ddd_t5 + group_t6 + did_t6 + ddd_t6 + group_t7 + did_t7 + ddd_t7 + group_t8 + did_t8 + ddd_t8 + group_t9 + did_t9 + ddd_t9 + group_t10 + did_t10 + ddd_t10 + group_t11 + did_t11 + ddd_t11 + group_t12 + did_t12 + ddd_t12 + group_t13 + did_t13 + ddd_t13 + group_t14 + did_t14 + ddd_t14 + group_t15 + did_t15 + ddd_t15 + group_t16 + did_t16 + ddd_t16 + group_t17 + did_t17 + ddd_t17 + group_t18 + did_t18 + ddd_t18 + group_t19 + did_t19 + ddd_t19 + group_t20 + did_t20 + ddd_t20 + group_t21 + did_t21 + ddd_t21 + group_t22 + did_t22 + ddd_t22 + group_t23 + did_t23 + ddd_t23 + group_t24 + did_t24 + ddd_t24 + treat_group + idade_media_adm + pct_mulher_adm + pct_superior_adm + pct_negra_adm | cbo_4d + periodo + subgroup,,-0.01090817058751339,0.051873328254371756,0.8335713862006571,-0.11257989396608203,0.09076355279105525,estimated,adequate,75,266
race_color_b,race_white,Branca,ln_admissoes,Admissões (log),ddd,strict_no_tail_binning,4,False,False,estimated,25076,25076,341,pyfixest_retained_sample,ln_admissoes ~ group_tm12 + did_tm12 + ddd_tm12 + group_tm11 + did_tm11 + ddd_tm11 + group_tm10 + did_tm10 + ddd_tm10 + group_tm9 + did_tm9 + ddd_tm9 + group_tm8 + did_tm8 + ddd_tm8 + group_tm7 + did_tm7 + ddd_tm7 + group_tm6 + did_tm6 + ddd_tm6 + group_tm5 + did_tm5 + ddd_tm5 + group_tm4 + did_tm4 + ddd_tm4 + group_tm3 + did_tm3 + ddd_tm3 + group_tm2 + did_tm2 + ddd_tm2 + group_t0 + did_t0 + ddd_t0 + group_t1 + did_t1 + ddd_t1 + group_t2 + did_t2 + ddd_t2 + group_t3 + did_t3 + ddd_t3 + group_t4 + did_t4 + ddd_t4 + group_t5 + did_t5 + ddd_t5 + group_t6 + did_t6 + ddd_t6 + group_t7 + did_t7 + ddd_t7 + group_t8 + did_t8 + ddd_t8 + group_t9 + did_t9 + ddd_t9 + group_t10 + did_t10 + ddd_t10 + group_t11 + did_t11 + ddd_t11 + group_t12 + did_t12 + ddd_t12 + group_t13 + did_t13 + ddd_t13 + group_t14 + did_t14 + ddd_t14 + group_t15 + did_t15 + ddd_t15 + group_t16 + did_t16 + ddd_t16 + group_t17 + did_t17 + ddd_t17 + group_t18 + did_t18 + ddd_t18 + group_t19 + did_t19 + ddd_t19 + group_t20 + did_t20 + ddd_t20 + group_t21 + did_t21 + ddd_t21 + group_t22 + did_t22 + ddd_t22 + group_t23 + did_t23 + ddd_t23 + group_t24 + did_t24 + ddd_t24 + treat_group + idade_media_adm + pct_mulher_adm + pct_superior_adm + pct_negra_adm | cbo_4d + periodo + subgroup,,0.027926015654710163,0.05283917335164238,0.5974904238553846,-0.0756387641145089,0.13149079542392922,estimated,adequate,75,266
race_color_b,race_white,Branca,ln_admissoes,Admissões (log),ddd,strict_no_tail_binning,5,False,False,estimated,25076,25076,341,pyfixest_retained_sample,ln_admissoes ~ group_tm12 + did_tm12 + ddd_tm12 + group_tm11 + did_tm11 + ddd_tm11 + group_tm10 + did_tm10 + ddd_tm10 + group_tm9 + did_tm9 + ddd_tm9 + group_tm8 + did_tm8 + ddd_tm8 + group_tm7 + did_tm7 + ddd_tm7 + group_tm6 + did_tm6 + ddd_tm6 + group_tm5 + did_tm5 + ddd_tm5 + group_tm4 + did_tm4 + ddd_tm4 + group_tm3 + did_tm3 + ddd_tm3 + group_tm2 + did_tm2 + ddd_tm2 + group_t0 + did_t0 + ddd_t0 + group_t1 + did_t1 + ddd_t1 + group_t2 + did_t2 + ddd_t2 + group_t3 + did_t3 + ddd_t3 + group_t4 + did_t4 + ddd_t4 + group_t5 + did_t5 + ddd_t5 + group_t6 + did_t6 + ddd_t6 + group_t7 + did_t7 + ddd_t7 + group_t8 + did_t8 + ddd_t8 + group_t9 + did_t9 + ddd_t9 + group_t10 + did_t10 + ddd_t10 + group_t11 + did_t11 + ddd_t11 + group_t12 + did_t12 + ddd_t12 + group_t13 + did_t13 + ddd_t13 + group_t14 + did_t14 + ddd_t14 + group_t15 + did_t15 + ddd_t15 + group_t16 + did_t16 + ddd_t16 + group_t17 + did_t17 + ddd_t17 + group_t18 + did_t18 + ddd_t18 + group_t19 + did_t19 + ddd_t19 + group_t20 + did_t20 + ddd_t20 + group_t21 + did_t21 + ddd_t21 + group_t22 + did_t22 + ddd_t22 + group_t23 + did_t23 + ddd_t23 + group_t24 + did_t24 + ddd_t24 + treat_group + idade_media_adm + pct_mulher_adm + pct_superior_adm + pct_negra_adm | cbo_4d + periodo + subgroup,,-0.013677567733138463,0.05082458692559071,0.7880057976401678,-0.11329375810729626,0.08593862264101933,estimated,adequate,75,266
race_color_b,race_white,Branca,ln_admissoes,Admissões (log),ddd,strict_no_tail_binning,6,False,False,estimated,25076,25076,341,pyfixest_retained_sample,ln_admissoes ~ group_tm12 + did_tm12 + ddd_tm12 + group_tm11 + did_tm11 + ddd_tm11 + group_tm10 + did_tm10 + ddd_tm10 + group_tm9 + did_tm9 + ddd_tm9 + group_tm8 + did_tm8 + ddd_tm8 + group_tm7 + did_tm7 + ddd_tm7 + group_tm6 + did_tm6 + ddd_tm6 + group_tm5 + did_tm5 + ddd_tm5 + group_tm4 + did_tm4 + ddd_tm4 + group_tm3 + did_tm3 + ddd_tm3 + group_tm2 + did_tm2 + ddd_tm2 + group_t0 + did_t0 + ddd_t0 + group_t1 + did_t1 + ddd_t1 + group_t2 + did_t2 + ddd_t2 + group_t3 + did_t3 + ddd_t3 + group_t4 + did_t4 + ddd_t4 + group_t5 + did_t5 + ddd_t5 + group_t6 + did_t6 + ddd_t6 + group_t7 + did_t7 + ddd_t7 + group_t8 + did_t8 + ddd_t8 + group_t9 + did_t9 + ddd_t9 + group_t10 + did_t10 + ddd_t10 + group_t11 + did_t11 + ddd_t11 + group_t12 + did_t12 + ddd_t12 + group_t13 + did_t13 + ddd_t13 + group_t14 + did_t14 + ddd_t14 + group_t15 + did_t15 + ddd_t15 + group_t16 + did_t16 + ddd_t16 + group_t17 + did_t17 + ddd_t17 + group_t18 + did_t18 + ddd_t18 + group_t19 + did_t19 + ddd_t19 + group_t20 + did_t20 + ddd_t20 + group_t21 + did_t21 + ddd_t21 + group_t22 + did_t22 + ddd_t22 + group_t23 + did_t23 + ddd_t23 + group_t24 + did_t24 + ddd_t24 + treat_group + idade_media_adm + pct_mulher_adm + pct_superior_adm + pct_negra_adm | cbo_4d + periodo + subgroup,,0.041138318132182945,0.056728734559957944,0.4688428456572944,-0.07005000160533462,0.15232663786970052,estimated,adequate,75,266
race_color_b,race_white,Branca,ln_admissoes,Admissões (log),ddd,strict_no_tail_binning,7,False,False,estimated,25076,25076,341,pyfixest_retained_sample,ln_admissoes ~ group_tm12 + did_tm12 + ddd_tm12 + group_tm11 + did_tm11 + ddd_tm11 + group_tm10 + did_tm10 + ddd_tm10 + group_tm9 + did_tm9 + ddd_tm9 + group_tm8 + did_tm8 + ddd_tm8 + group_tm7 + did_tm7 + ddd_tm7 + group_tm6 + did_tm6 + ddd_tm6 + group_tm5 + did_tm5 + ddd_tm5 + group_tm4 + did_tm4 + ddd_tm4 + group_tm3 + did_tm3 + ddd_tm3 + group_tm2 + did_tm2 + ddd_tm2 + group_t0 + did_t0 + ddd_t0 + group_t1 + did_t1 + ddd_t1 + group_t2 + did_t2 + ddd_t2 + group_t3 + did_t3 + ddd_t3 + group_t4 + did_t4 + ddd_t4 + group_t5 + did_t5 + ddd_t5 + group_t6 + did_t6 + ddd_t6 + group_t7 + did_t7 + ddd_t7 + group_t8 + did_t8 + ddd_t8 + group_t9 + did_t9 + ddd_t9 + group_t10 + did_t10 + ddd_t10 + group_t11 + did_t11 + ddd_t11 + group_t12 + did_t12 + ddd_t12 + group_t13 + did_t13 + ddd_t13 + group_t14 + did_t14 + ddd_t14 + group_t15 + did_t15 + ddd_t15 + group_t16 + did_t16 + ddd_t16 + group_t17 + did_t17 + ddd_t17 + group_t18 + did_t18 + ddd_t18 + group_t19 + did_t19 + ddd_t19 + group_t20 + did_t20 + ddd_t20 + group_t21 + did_t21 + ddd_t21 + group_t22 + did_t22 + ddd_t22 + group_t23 + did_t23 + ddd_t23 + group_t24 + did_t24 + ddd_t24 + treat_group + idade_media_adm + pct_mulher_adm + pct_superior_adm + pct_negra_adm | cbo_4d + periodo + subgroup,,-0.014214696792663812,0.04851604134389542,0.7697088160738195,-0.10930613782669883,0.08087674424137122,estimated,adequate,75,266
race_color_b,race_white,Branca,ln_admissoes,Admissões (log),ddd,strict_no_tail_binning,8,False,False,estimated,25076,25076,341,pyfixest_retained_sample,ln_admissoes ~ group_tm12 + did_tm12 + ddd_tm12 + group_tm11 + did_tm11 + ddd_tm11 + group_tm10 + did_tm10 + ddd_tm10 + group_tm9 + did_tm9 + ddd_tm9 + group_tm8 + did_tm8 + ddd_tm8 + group_tm7 + did_tm7 + ddd_tm7 + group_tm6 + did_tm6 + ddd_tm6 + group_tm5 + did_tm5 + ddd_tm5 + group_tm4 + did_tm4 + ddd_tm4 + group_tm3 + did_tm3 + ddd_tm3 + group_tm2 + did_tm2 + ddd_tm2 + group_t0 + did_t0 + ddd_t0 + group_t1 + did_t1 + ddd_t1 + group_t2 + did_t2 + ddd_t2 + group_t3 + did_t3 + ddd_t3 + group_t4 + did_t4 + ddd_t4 + group_t5 + did_t5 + ddd_t5 + group_t6 + did_t6 + ddd_t6 + group_t7 + did_t7 + ddd_t7 + group_t8 + did_t8 + ddd_t8 + group_t9 + did_t9 + ddd_t9 + group_t10 + did_t10 + ddd_t10 + group_t11 + did_t11 + ddd_t11 + group_t12 + did_t12 + ddd_t12 + group_t13 + did_t13 + ddd_t13 + group_t14 + did_t14 + ddd_t14 + group_t15 + did_t15 + ddd_t15 + group_t16 + did_t16 + ddd_t16 + group_t17 + did_t17 + ddd_t17 + group_t18 + did_t18 + ddd_t18 + group_t19 + did_t19 + ddd_t19 + group_t20 + did_t20 + ddd_t20 + group_t21 + did_t21 + ddd_t21 + group_t22 + did_t22 + ddd_t22 + group_t23 + did_t23 + ddd_t23 + group_t24 + did_t24 + ddd_t24 + treat_group + idade_media_adm + pct_mulher_adm + pct_superior_adm + pct_negra_adm | cbo_4d + periodo + subgroup,,-0.0384291117648993,0.05178054849838791,0.4585067593058725,-0.1399189868217396,0.063060763291941,estimated,adequate,75,266
race_color_b,race_white,Branca,ln_admissoes,Admissões (log),ddd,strict_no_tail_binning,9,False,False,estimated,25076,25076,341,pyfixest_retained_sample,ln_admissoes ~ group_tm12 + did_tm12 + ddd_tm12 + group_tm11 + did_tm11 + ddd_tm11 + group_tm10 + did_tm10 + ddd_tm10 + group_tm9 + did_tm9 + ddd_tm9 + group_tm8 + did_tm8 + ddd_tm8 + group_tm7 + did_tm7 + ddd_tm7 + group_tm6 + did_tm6 + ddd_tm6 + group_tm5 + did_tm5 + ddd_tm5 + group_tm4 + did_tm4 + ddd_tm4 + group_tm3 + did_tm3 + ddd_tm3 + group_tm2 + did_tm2 + ddd_tm2 + group_t0 + did_t0 + ddd_t0 + group_t1 + did_t1 + ddd_t1 + group_t2 + did_t2 + ddd_t2 + group_t3 + did_t3 + ddd_t3 + group_t4 + did_t4 + ddd_t4 + group_t5 + did_t5 + ddd_t5 + group_t6 + did_t6 + ddd_t6 + group_t7 + did_t7 + ddd_t7 + group_t8 + did_t8 + ddd_t8 + group_t9 + did_t9 + ddd_t9 + group_t10 + did_t10 + ddd_t10 + group_t11 + did_t11 + ddd_t11 + group_t12 + did_t12 + ddd_t12 + group_t13 + did_t13 + ddd_t13 + group_t14 + did_t14 + ddd_t14 + group_t15 + did_t15 + ddd_t15 + group_t16 + did_t16 + ddd_t16 + group_t17 + did_t17 + ddd_t17 + group_t18 + did_t18 + ddd_t18 + group_t19 + did_t19 + ddd_t19 + group_t20 + did_t20 + ddd_t20 + group_t21 + did_t21 + ddd_t21 + group_t22 + did_t22 + ddd_t22 + group_t23 + did_t23 + ddd_t23 + group_t24 + did_t24 + ddd_t24 + treat_group + idade_media_adm + pct_mulher_adm + pct_superior_adm + pct_negra_adm | cbo_4d + periodo + subgroup,,-0.021212749574360354,0.05716190031049669,0.7107945852891222,-0.1332500741829339,0.09082457503421316,estimated,adequate,75,266
race_color_b,race_white,Branca,ln_admissoes,Admissões (log),ddd,strict_no_tail_binning,10,False,False,estimated,25076,25076,341,pyfixest_retained_sample,ln_admissoes ~ group_tm12 + did_tm12 + ddd_tm12 + group_tm11 + did_tm11 + ddd_tm11 + group_tm10 + did_tm10 + ddd_tm10 + group_tm9 + did_tm9 + ddd_tm9 + group_tm8 + did_tm8 + ddd_tm8 + group_tm7 + did_tm7 + ddd_tm7 + group_tm6 + did_tm6 + ddd_tm6 + group_tm5 + did_tm5 + ddd_tm5 + group_tm4 + did_tm4 + ddd_tm4 + group_tm3 + did_tm3 + ddd_tm3 + group_tm2 + did_tm2 + ddd_tm2 + group_t0 + did_t0 + ddd_t0 + group_t1 + did_t1 + ddd_t1 + group_t2 + did_t2 + ddd_t2 + group_t3 + did_t3 + ddd_t3 + group_t4 + did_t4 + ddd_t4 + group_t5 + did_t5 + ddd_t5 + group_t6 + did_t6 + ddd_t6 + group_t7 + did_t7 + ddd_t7 + group_t8 + did_t8 + ddd_t8 + group_t9 + did_t9 + ddd_t9 + group_t10 + did_t10 + ddd_t10 + group_t11 + did_t11 + ddd_t11 + group_t12 + did_t12 + ddd_t12 + group_t13 + did_t13 + ddd_t13 + group_t14 + did_t14 + ddd_t14 + group_t15 + did_t15 + ddd_t15 + group_t16 + did_t16 + ddd_t16 + group_t17 + did_t17 + ddd_t17 + group_t18 + did_t18 + ddd_t18 + group_t19 + did_t19 + ddd_t19 + group_t20 + did_t20 + ddd_t20 + group_t21 + did_t21 + ddd_t21 + group_t22 + did_t22 + ddd_t22 + group_t23 + did_t23 + ddd_t23 + group_t24 + did_t24 + ddd_t24 + treat_group + idade_media_adm + pct_mulher_adm + pct_superior_adm + pct_negra_adm | cbo_4d + periodo + subgroup,,0.003981872948389452,0.047808947323005224,0.9336721979886446,-0.08972366380470079,0.09768740970147968,estimated,adequate,75,266
race_color_b,race_white,Branca,ln_admissoes,Admissões (log),ddd,strict_no_tail_binning,11,False,False,estimated,25076,25076,341,pyfixest_retained_sample,ln_admissoes ~ group_tm12 + did_tm12 + ddd_tm12 + group_tm11 + did_tm11 + ddd_tm11 + group_tm10 + did_tm10 + ddd_tm10 + group_tm9 + did_tm9 + ddd_tm9 + group_tm8 + did_tm8 + ddd_tm8 + group_tm7 + did_tm7 + ddd_tm7 + group_tm6 + did_tm6 + ddd_tm6 + group_tm5 + did_tm5 + ddd_tm5 + group_tm4 + did_tm4 + ddd_tm4 + group_tm3 + did_tm3 + ddd_tm3 + group_tm2 + did_tm2 + ddd_tm2 + group_t0 + did_t0 + ddd_t0 + group_t1 + did_t1 + ddd_t1 + group_t2 + did_t2 + ddd_t2 + group_t3 + did_t3 + ddd_t3 + group_t4 + did_t4 + ddd_t4 + group_t5 + did_t5 + ddd_t5 + group_t6 + did_t6 + ddd_t6 + group_t7 + did_t7 + ddd_t7 + group_t8 + did_t8 + ddd_t8 + group_t9 + did_t9 + ddd_t9 + group_t10 + did_t10 + ddd_t10 + group_t11 + did_t11 + ddd_t11 + group_t12 + did_t12 + ddd_t12 + group_t13 + did_t13 + ddd_t13 + group_t14 + did_t14 + ddd_t14 + group_t15 + did_t15 + ddd_t15 + group_t16 + did_t16 + ddd_t16 + group_t17 + did_t17 + ddd_t17 + group_t18 + did_t18 + ddd_t18 + group_t19 + did_t19 + ddd_t19 + group_t20 + did_t20 + ddd_t20 + group_t21 + did_t21 + ddd_t21 + group_t22 + did_t22 + ddd_t22 + group_t23 + did_t23 + ddd_t23 + group_t24 + did_t24 + ddd_t24 + treat_group + idade_media_adm + pct_mulher_adm + pct_superior_adm + pct_negra_adm | cbo_4d + periodo + subgroup,,-0.09358484630095479,0.056984873318745126,0.1014575026211022,-0.20527519800569521,0.01810550540378565,estimated,adequate,75,266
race_color_b,race_white,Branca,ln_admissoes,Admissões (log),ddd,strict_no_tail_binning,12,False,False,estimated,25076,25076,341,pyfixest_retained_sample,ln_admissoes ~ group_tm12 + did_tm12 + ddd_tm12 + group_tm11 + did_tm11 + ddd_tm11 + group_tm10 + did_tm10 + ddd_tm10 + group_tm9 + did_tm9 + ddd_tm9 + group_tm8 + did_tm8 + ddd_tm8 + group_tm7 + did_tm7 + ddd_tm7 + group_tm6 + did_tm6 + ddd_tm6 + group_tm5 + did_tm5 + ddd_tm5 + group_tm4 + did_tm4 + ddd_tm4 + group_tm3 + did_tm3 + ddd_tm3 + group_tm2 + did_tm2 + ddd_tm2 + group_t0 + did_t0 + ddd_t0 + group_t1 + did_t1 + ddd_t1 + group_t2 + did_t2 + ddd_t2 + group_t3 + did_t3 + ddd_t3 + group_t4 + did_t4 + ddd_t4 + group_t5 + did_t5 + ddd_t5 + group_t6 + did_t6 + ddd_t6 + group_t7 + did_t7 + ddd_t7 + group_t8 + did_t8 + ddd_t8 + group_t9 + did_t9 + ddd_t9 + group_t10 + did_t10 + ddd_t10 + group_t11 + did_t11 + ddd_t11 + group_t12 + did_t12 + ddd_t12 + group_t13 + did_t13 + ddd_t13 + group_t14 + did_t14 + ddd_t14 + group_t15 + did_t15 + ddd_t15 + group_t16 + did_t16 + ddd_t16 + group_t17 + did_t17 + ddd_t17 + group_t18 + did_t18 + ddd_t18 + group_t19 + did_t19 + ddd_t19 + group_t20 + did_t20 + ddd_t20 + group_t21 + did_t21 + ddd_t21 + group_t22 + did_t22 + ddd_t22 + group_t23 + did_t23 + ddd_t23 + group_t24 + did_t24 + ddd_t24 + treat_group + idade_media_adm + pct_mulher_adm + pct_superior_adm + pct_negra_adm | cbo_4d + periodo + subgroup,,-0.02315993938694936,0.051008578492927635,0.6500896702992338,-0.12313675323308751,0.0768168744591888,estimated,adequate,75,266
race_color_b,race_white,Branca,ln_admissoes,Admissões (log),ddd,strict_no_tail_binning,13,False,False,estimated,25076,25076,341,pyfixest_retained_sample,ln_admissoes ~ group_tm12 + did_tm12 + ddd_tm12 + group_tm11 + did_tm11 + ddd_tm11 + group_tm10 + did_tm10 + ddd_tm10 + group_tm9 + did_tm9 + ddd_tm9 + group_tm8 + did_tm8 + ddd_tm8 + group_tm7 + did_tm7 + ddd_tm7 + group_tm6 + did_tm6 + ddd_tm6 + group_tm5 + did_tm5 + ddd_tm5 + group_tm4 + did_tm4 + ddd_tm4 + group_tm3 + did_tm3 + ddd_tm3 + group_tm2 + did_tm2 + ddd_tm2 + group_t0 + did_t0 + ddd_t0 + group_t1 + did_t1 + ddd_t1 + group_t2 + did_t2 + ddd_t2 + group_t3 + did_t3 + ddd_t3 + group_t4 + did_t4 + ddd_t4 + group_t5 + did_t5 + ddd_t5 + group_t6 + did_t6 + ddd_t6 + group_t7 + did_t7 + ddd_t7 + group_t8 + did_t8 + ddd_t8 + group_t9 + did_t9 + ddd_t9 + group_t10 + did_t10 + ddd_t10 + group_t11 + did_t11 + ddd_t11 + group_t12 + did_t12 + ddd_t12 + group_t13 + did_t13 + ddd_t13 + group_t14 + did_t14 + ddd_t14 + group_t15 + did_t15 + ddd_t15 + group_t16 + did_t16 + ddd_t16 + group_t17 + did_t17 + ddd_t17 + group_t18 + did_t18 + ddd_t18 + group_t19 + did_t19 + ddd_t19 + group_t20 + did_t20 + ddd_t20 + group_t21 + did_t21 + ddd_t21 + group_t22 + did_t22 + ddd_t22 + group_t23 + did_t23 + ddd_t23 + group_t24 + did_t24 + ddd_t24 + treat_group + idade_media_adm + pct_mulher_adm + pct_superior_adm + pct_negra_adm | cbo_4d + periodo + subgroup,,-0.057640404298012496,0.04935987258783517,0.24372248581578915,-0.15438575457016943,0.039104945974144434,estimated,adequate,75,266
race_color_b,race_white,Branca,ln_admissoes,Admissões (log),ddd,strict_no_tail_binning,14,False,False,estimated,25076,25076,341,pyfixest_retained_sample,ln_admissoes ~ group_tm12 + did_tm12 + ddd_tm12 + group_tm11 + did_tm11 + ddd_tm11 + group_tm10 + did_tm10 + ddd_tm10 + group_tm9 + did_tm9 + ddd_tm9 + group_tm8 + did_tm8 + ddd_tm8 + group_tm7 + did_tm7 + ddd_tm7 + group_tm6 + did_tm6 + ddd_tm6 + group_tm5 + did_tm5 + ddd_tm5 + group_tm4 + did_tm4 + ddd_tm4 + group_tm3 + did_tm3 + ddd_tm3 + group_tm2 + did_tm2 + ddd_tm2 + group_t0 + did_t0 + ddd_t0 + group_t1 + did_t1 + ddd_t1 + group_t2 + did_t2 + ddd_t2 + group_t3 + did_t3 + ddd_t3 + group_t4 + did_t4 + ddd_t4 + group_t5 + did_t5 + ddd_t5 + group_t6 + did_t6 + ddd_t6 + group_t7 + did_t7 + ddd_t7 + group_t8 + did_t8 + ddd_t8 + group_t9 + did_t9 + ddd_t9 + group_t10 + did_t10 + ddd_t10 + group_t11 + did_t11 + ddd_t11 + group_t12 + did_t12 + ddd_t12 + group_t13 + did_t13 + ddd_t13 + group_t14 + did_t14 + ddd_t14 + group_t15 + did_t15 + ddd_t15 + group_t16 + did_t16 + ddd_t16 + group_t17 + did_t17 + ddd_t17 + group_t18 + did_t18 + ddd_t18 + group_t19 + did_t19 + ddd_t19 + group_t20 + did_t20 + ddd_t20 + group_t21 + did_t21 + ddd_t21 + group_t22 + did_t22 + ddd_t22 + group_t23 + did_t23 + ddd_t23 + group_t24 + did_t24 + ddd_t24 + treat_group + idade_media_adm + pct_mulher_adm + pct_superior_adm + pct_negra_adm | cbo_4d + periodo + subgroup,,-0.11402467435029384,0.053345597869594176,0.033272616723593273,-0.21858204617469842,-0.00946730252588926,estimated,adequate,75,266
race_color_b,race_white,Branca,ln_admissoes,Admissões (log),ddd,strict_no_tail_binning,15,False,False,estimated,25076,25076,341,pyfixest_retained_sample,ln_admissoes ~ group_tm12 + did_tm12 + ddd_tm12 + group_tm11 + did_tm11 + ddd_tm11 + group_tm10 + did_tm10 + ddd_tm10 + group_tm9 + did_tm9 + ddd_tm9 + group_tm8 + did_tm8 + ddd_tm8 + group_tm7 + did_tm7 + ddd_tm7 + group_tm6 + did_tm6 + ddd_tm6 + group_tm5 + did_tm5 + ddd_tm5 + group_tm4 + did_tm4 + ddd_tm4 + group_tm3 + did_tm3 + ddd_tm3 + group_tm2 + did_tm2 + ddd_tm2 + group_t0 + did_t0 + ddd_t0 + group_t1 + did_t1 + ddd_t1 + group_t2 + did_t2 + ddd_t2 + group_t3 + did_t3 + ddd_t3 + group_t4 + did_t4 + ddd_t4 + group_t5 + did_t5 + ddd_t5 + group_t6 + did_t6 + ddd_t6 + group_t7 + did_t7 + ddd_t7 + group_t8 + did_t8 + ddd_t8 + group_t9 + did_t9 + ddd_t9 + group_t10 + did_t10 + ddd_t10 + group_t11 + did_t11 + ddd_t11 + group_t12 + did_t12 + ddd_t12 + group_t13 + did_t13 + ddd_t13 + group_t14 + did_t14 + ddd_t14 + group_t15 + did_t15 + ddd_t15 + group_t16 + did_t16 + ddd_t16 + group_t17 + did_t17 + ddd_t17 + group_t18 + did_t18 + ddd_t18 + group_t19 + did_t19 + ddd_t19 + group_t20 + did_t20 + ddd_t20 + group_t21 + did_t21 + ddd_t21 + group_t22 + did_t22 + ddd_t22 + group_t23 + did_t23 + ddd_t23 + group_t24 + did_t24 + ddd_t24 + treat_group + idade_media_adm + pct_mulher_adm + pct_superior_adm + pct_negra_adm | cbo_4d + periodo + subgroup,,0.0003834239432264112,0.04952437719561284,0.9938272799212955,-0.09668435536017475,0.09745120324662757,estimated,adequate,75,266
race_color_b,race_white,Branca,ln_admissoes,Admissões (log),ddd,strict_no_tail_binning,16,False,False,estimated,25076,25076,341,pyfixest_retained_sample,ln_admissoes ~ group_tm12 + did_tm12 + ddd_tm12 + group_tm11 + did_tm11 + ddd_tm11 + group_tm10 + did_tm10 + ddd_tm10 + group_tm9 + did_tm9 + ddd_tm9 + group_tm8 + did_tm8 + ddd_tm8 + group_tm7 + did_tm7 + ddd_tm7 + group_tm6 + did_tm6 + ddd_tm6 + group_tm5 + did_tm5 + ddd_tm5 + group_tm4 + did_tm4 + ddd_tm4 + group_tm3 + did_tm3 + ddd_tm3 + group_tm2 + did_tm2 + ddd_tm2 + group_t0 + did_t0 + ddd_t0 + group_t1 + did_t1 + ddd_t1 + group_t2 + did_t2 + ddd_t2 + group_t3 + did_t3 + ddd_t3 + group_t4 + did_t4 + ddd_t4 + group_t5 + did_t5 + ddd_t5 + group_t6 + did_t6 + ddd_t6 + group_t7 + did_t7 + ddd_t7 + group_t8 + did_t8 + ddd_t8 + group_t9 + did_t9 + ddd_t9 + group_t10 + did_t10 + ddd_t10 + group_t11 + did_t11 + ddd_t11 + group_t12 + did_t12 + ddd_t12 + group_t13 + did_t13 + ddd_t13 + group_t14 + did_t14 + ddd_t14 + group_t15 + did_t15 + ddd_t15 + group_t16 + did_t16 + ddd_t16 + group_t17 + did_t17 + ddd_t17 + group_t18 + did_t18 + ddd_t18 + group_t19 + did_t19 + ddd_t19 + group_t20 + did_t20 + ddd_t20 + group_t21 + did_t21 + ddd_t21 + group_t22 + did_t22 + ddd_t22 + group_t23 + did_t23 + ddd_t23 + group_t24 + did_t24 + ddd_t24 + treat_group + idade_media_adm + pct_mulher_adm + pct_superior_adm + pct_negra_adm | cbo_4d + periodo + subgroup,,-0.031749569224780734,0.05062948720001626,0.5310169147730823,-0.1309833641368126,0.06748422568725113,estimated,adequate,75,266
race_color_b,race_white,Branca,ln_admissoes,Admissões (log),ddd,strict_no_tail_binning,17,False,False,estimated,25076,25076,341,pyfixest_retained_sample,ln_admissoes ~ group_tm12 + did_tm12 + ddd_tm12 + group_tm11 + did_tm11 + ddd_tm11 + group_tm10 + did_tm10 + ddd_tm10 + group_tm9 + did_tm9 + ddd_tm9 + group_tm8 + did_tm8 + ddd_tm8 + group_tm7 + did_tm7 + ddd_tm7 + group_tm6 + did_tm6 + ddd_tm6 + group_tm5 + did_tm5 + ddd_tm5 + group_tm4 + did_tm4 + ddd_tm4 + group_tm3 + did_tm3 + ddd_tm3 + group_tm2 + did_tm2 + ddd_tm2 + group_t0 + did_t0 + ddd_t0 + group_t1 + did_t1 + ddd_t1 + group_t2 + did_t2 + ddd_t2 + group_t3 + did_t3 + ddd_t3 + group_t4 + did_t4 + ddd_t4 + group_t5 + did_t5 + ddd_t5 + group_t6 + did_t6 + ddd_t6 + group_t7 + did_t7 + ddd_t7 + group_t8 + did_t8 + ddd_t8 + group_t9 + did_t9 + ddd_t9 + group_t10 + did_t10 + ddd_t10 + group_t11 + did_t11 + ddd_t11 + group_t12 + did_t12 + ddd_t12 + group_t13 + did_t13 + ddd_t13 + group_t14 + did_t14 + ddd_t14 + group_t15 + did_t15 + ddd_t15 + group_t16 + did_t16 + ddd_t16 + group_t17 + did_t17 + ddd_t17 + group_t18 + did_t18 + ddd_t18 + group_t19 + did_t19 + ddd_t19 + group_t20 + did_t20 + ddd_t20 + group_t21 + did_t21 + ddd_t21 + group_t22 + did_t22 + ddd_t22 + group_t23 + did_t23 + ddd_t23 + group_t24 + did_t24 + ddd_t24 + treat_group + idade_media_adm + pct_mulher_adm + pct_superior_adm + pct_negra_adm | cbo_4d + periodo + subgroup,,-0.02104047808723732,0.05207690935595735,0.6864468654594607,-0.12311122042491372,0.08103026425043909,estimated,adequate,75,266
race_color_b,race_white,Branca,ln_admissoes,Admissões (log),ddd,strict_no_tail_binning,18,False,False,estimated,25076,25076,341,pyfixest_retained_sample,ln_admissoes ~ group_tm12 + did_tm12 + ddd_tm12 + group_tm11 + did_tm11 + ddd_tm11 + group_tm10 + did_tm10 + ddd_tm10 + group_tm9 + did_tm9 + ddd_tm9 + group_tm8 + did_tm8 + ddd_tm8 + group_tm7 + did_tm7 + ddd_tm7 + group_tm6 + did_tm6 + ddd_tm6 + group_tm5 + did_tm5 + ddd_tm5 + group_tm4 + did_tm4 + ddd_tm4 + group_tm3 + did_tm3 + ddd_tm3 + group_tm2 + did_tm2 + ddd_tm2 + group_t0 + did_t0 + ddd_t0 + group_t1 + did_t1 + ddd_t1 + group_t2 + did_t2 + ddd_t2 + group_t3 + did_t3 + ddd_t3 + group_t4 + did_t4 + ddd_t4 + group_t5 + did_t5 + ddd_t5 + group_t6 + did_t6 + ddd_t6 + group_t7 + did_t7 + ddd_t7 + group_t8 + did_t8 + ddd_t8 + group_t9 + did_t9 + ddd_t9 + group_t10 + did_t10 + ddd_t10 + group_t11 + did_t11 + ddd_t11 + group_t12 + did_t12 + ddd_t12 + group_t13 + did_t13 + ddd_t13 + group_t14 + did_t14 + ddd_t14 + group_t15 + did_t15 + ddd_t15 + group_t16 + did_t16 + ddd_t16 + group_t17 + did_t17 + ddd_t17 + group_t18 + did_t18 + ddd_t18 + group_t19 + did_t19 + ddd_t19 + group_t20 + did_t20 + ddd_t20 + group_t21 + did_t21 + ddd_t21 + group_t22 + did_t22 + ddd_t22 + group_t23 + did_t23 + ddd_t23 + group_t24 + did_t24 + ddd_t24 + treat_group + idade_media_adm + pct_mulher_adm + pct_superior_adm + pct_negra_adm | cbo_4d + periodo + subgroup,,0.002179212455413114,0.051601260875752314,0.9663387277173916,-0.09895925886106142,0.10331768377188764,estimated,adequate,75,266
race_color_b,race_white,Branca,ln_admissoes,Admissões (log),ddd,strict_no_tail_binning,19,False,False,estimated,25076,25076,341,pyfixest_retained_sample,ln_admissoes ~ group_tm12 + did_tm12 + ddd_tm12 + group_tm11 + did_tm11 + ddd_tm11 + group_tm10 + did_tm10 + ddd_tm10 + group_tm9 + did_tm9 + ddd_tm9 + group_tm8 + did_tm8 + ddd_tm8 + group_tm7 + did_tm7 + ddd_tm7 + group_tm6 + did_tm6 + ddd_tm6 + group_tm5 + did_tm5 + ddd_tm5 + group_tm4 + did_tm4 + ddd_tm4 + group_tm3 + did_tm3 + ddd_tm3 + group_tm2 + did_tm2 + ddd_tm2 + group_t0 + did_t0 + ddd_t0 + group_t1 + did_t1 + ddd_t1 + group_t2 + did_t2 + ddd_t2 + group_t3 + did_t3 + ddd_t3 + group_t4 + did_t4 + ddd_t4 + group_t5 + did_t5 + ddd_t5 + group_t6 + did_t6 + ddd_t6 + group_t7 + did_t7 + ddd_t7 + group_t8 + did_t8 + ddd_t8 + group_t9 + did_t9 + ddd_t9 + group_t10 + did_t10 + ddd_t10 + group_t11 + did_t11 + ddd_t11 + group_t12 + did_t12 + ddd_t12 + group_t13 + did_t13 + ddd_t13 + group_t14 + did_t14 + ddd_t14 + group_t15 + did_t15 + ddd_t15 + group_t16 + did_t16 + ddd_t16 + group_t17 + did_t17 + ddd_t17 + group_t18 + did_t18 + ddd_t18 + group_t19 + did_t19 + ddd_t19 + group_t20 + did_t20 + ddd_t20 + group_t21 + did_t21 + ddd_t21 + group_t22 + did_t22 + ddd_t22 + group_t23 + did_t23 + ddd_t23 + group_t24 + did_t24 + ddd_t24 + treat_group + idade_media_adm + pct_mulher_adm + pct_superior_adm + pct_negra_adm | cbo_4d + periodo + subgroup,,0.03432517593645345,0.06042743506805965,0.5703830125317615,-0.08411259679694347,0.15276294866985035,estimated,adequate,75,266
race_color_b,race_white,Branca,ln_admissoes,Admissões (log),ddd,strict_no_tail_binning,20,False,False,estimated,25076,25076,341,pyfixest_retained_sample,ln_admissoes ~ group_tm12 + did_tm12 + ddd_tm12 + group_tm11 + did_tm11 + ddd_tm11 + group_tm10 + did_tm10 + ddd_tm10 + group_tm9 + did_tm9 + ddd_tm9 + group_tm8 + did_tm8 + ddd_tm8 + group_tm7 + did_tm7 + ddd_tm7 + group_tm6 + did_tm6 + ddd_tm6 + group_tm5 + did_tm5 + ddd_tm5 + group_tm4 + did_tm4 + ddd_tm4 + group_tm3 + did_tm3 + ddd_tm3 + group_tm2 + did_tm2 + ddd_tm2 + group_t0 + did_t0 + ddd_t0 + group_t1 + did_t1 + ddd_t1 + group_t2 + did_t2 + ddd_t2 + group_t3 + did_t3 + ddd_t3 + group_t4 + did_t4 + ddd_t4 + group_t5 + did_t5 + ddd_t5 + group_t6 + did_t6 + ddd_t6 + group_t7 + did_t7 + ddd_t7 + group_t8 + did_t8 + ddd_t8 + group_t9 + did_t9 + ddd_t9 + group_t10 + did_t10 + ddd_t10 + group_t11 + did_t11 + ddd_t11 + group_t12 + did_t12 + ddd_t12 + group_t13 + did_t13 + ddd_t13 + group_t14 + did_t14 + ddd_t14 + group_t15 + did_t15 + ddd_t15 + group_t16 + did_t16 + ddd_t16 + group_t17 + did_t17 + ddd_t17 + group_t18 + did_t18 + ddd_t18 + group_t19 + did_t19 + ddd_t19 + group_t20 + did_t20 + ddd_t20 + group_t21 + did_t21 + ddd_t21 + group_t22 + did_t22 + ddd_t22 + group_t23 + did_t23 + ddd_t23 + group_t24 + did_t24 + ddd_t24 + treat_group + idade_media_adm + pct_mulher_adm + pct_superior_adm + pct_negra_adm | cbo_4d + periodo + subgroup,,0.02176919896553779,0.05265841790271821,0.679571283228148,-0.0814413001237899,0.12497969805486549,estimated,adequate,75,266
race_color_b,race_white,Branca,ln_admissoes,Admissões (log),ddd,strict_no_tail_binning,21,False,False,estimated,25076,25076,341,pyfixest_retained_sample,ln_admissoes ~ group_tm12 + did_tm12 + ddd_tm12 + group_tm11 + did_tm11 + ddd_tm11 + group_tm10 + did_tm10 + ddd_tm10 + group_tm9 + did_tm9 + ddd_tm9 + group_tm8 + did_tm8 + ddd_tm8 + group_tm7 + did_tm7 + ddd_tm7 + group_tm6 + did_tm6 + ddd_tm6 + group_tm5 + did_tm5 + ddd_tm5 + group_tm4 + did_tm4 + ddd_tm4 + group_tm3 + did_tm3 + ddd_tm3 + group_tm2 + did_tm2 + ddd_tm2 + group_t0 + did_t0 + ddd_t0 + group_t1 + did_t1 + ddd_t1 + group_t2 + did_t2 + ddd_t2 + group_t3 + did_t3 + ddd_t3 + group_t4 + did_t4 + ddd_t4 + group_t5 + did_t5 + ddd_t5 + group_t6 + did_t6 + ddd_t6 + group_t7 + did_t7 + ddd_t7 + group_t8 + did_t8 + ddd_t8 + group_t9 + did_t9 + ddd_t9 + group_t10 + did_t10 + ddd_t10 + group_t11 + did_t11 + ddd_t11 + group_t12 + did_t12 + ddd_t12 + group_t13 + did_t13 + ddd_t13 + group_t14 + did_t14 + ddd_t14 + group_t15 + did_t15 + ddd_t15 + group_t16 + did_t16 + ddd_t16 + group_t17 + did_t17 + ddd_t17 + group_t18 + did_t18 + ddd_t18 + group_t19 + did_t19 + ddd_t19 + group_t20 + did_t20 + ddd_t20 + group_t21 + did_t21 + ddd_t21 + group_t22 + did_t22 + ddd_t22 + group_t23 + did_t23 + ddd_t23 + group_t24 + did_t24 + ddd_t24 + treat_group + idade_media_adm + pct_mulher_adm + pct_superior_adm + pct_negra_adm | cbo_4d + periodo + subgroup,,-0.022778609124185577,0.06343563793498186,0.7197564783446424,-0.14711245947675003,0.10155524122837886,estimated,adequate,75,266
race_color_b,race_white,Branca,ln_admissoes,Admissões (log),ddd,strict_no_tail_binning,22,False,False,estimated,25076,25076,341,pyfixest_retained_sample,ln_admissoes ~ group_tm12 + did_tm12 + ddd_tm12 + group_tm11 + did_tm11 + ddd_tm11 + group_tm10 + did_tm10 + ddd_tm10 + group_tm9 + did_tm9 + ddd_tm9 + group_tm8 + did_tm8 + ddd_tm8 + group_tm7 + did_tm7 + ddd_tm7 + group_tm6 + did_tm6 + ddd_tm6 + group_tm5 + did_tm5 + ddd_tm5 + group_tm4 + did_tm4 + ddd_tm4 + group_tm3 + did_tm3 + ddd_tm3 + group_tm2 + did_tm2 + ddd_tm2 + group_t0 + did_t0 + ddd_t0 + group_t1 + did_t1 + ddd_t1 + group_t2 + did_t2 + ddd_t2 + group_t3 + did_t3 + ddd_t3 + group_t4 + did_t4 + ddd_t4 + group_t5 + did_t5 + ddd_t5 + group_t6 + did_t6 + ddd_t6 + group_t7 + did_t7 + ddd_t7 + group_t8 + did_t8 + ddd_t8 + group_t9 + did_t9 + ddd_t9 + group_t10 + did_t10 + ddd_t10 + group_t11 + did_t11 + ddd_t11 + group_t12 + did_t12 + ddd_t12 + group_t13 + did_t13 + ddd_t13 + group_t14 + did_t14 + ddd_t14 + group_t15 + did_t15 + ddd_t15 + group_t16 + did_t16 + ddd_t16 + group_t17 + did_t17 + ddd_t17 + group_t18 + did_t18 + ddd_t18 + group_t19 + did_t19 + ddd_t19 + group_t20 + did_t20 + ddd_t20 + group_t21 + did_t21 + ddd_t21 + group_t22 + did_t22 + ddd_t22 + group_t23 + did_t23 + ddd_t23 + group_t24 + did_t24 + ddd_t24 + treat_group + idade_media_adm + pct_mulher_adm + pct_superior_adm + pct_negra_adm | cbo_4d + periodo + subgroup,,0.03410566363370246,0.053873747802727696,0.527115798308619,-0.07148688205964382,0.13969820932704874,estimated,adequate,75,266
race_color_b,race_white,Branca,ln_admissoes,Admissões (log),ddd,strict_no_tail_binning,23,False,False,estimated,25076,25076,341,pyfixest_retained_sample,ln_admissoes ~ group_tm12 + did_tm12 + ddd_tm12 + group_tm11 + did_tm11 + ddd_tm11 + group_tm10 + did_tm10 + ddd_tm10 + group_tm9 + did_tm9 + ddd_tm9 + group_tm8 + did_tm8 + ddd_tm8 + group_tm7 + did_tm7 + ddd_tm7 + group_tm6 + did_tm6 + ddd_tm6 + group_tm5 + did_tm5 + ddd_tm5 + group_tm4 + did_tm4 + ddd_tm4 + group_tm3 + did_tm3 + ddd_tm3 + group_tm2 + did_tm2 + ddd_tm2 + group_t0 + did_t0 + ddd_t0 + group_t1 + did_t1 + ddd_t1 + group_t2 + did_t2 + ddd_t2 + group_t3 + did_t3 + ddd_t3 + group_t4 + did_t4 + ddd_t4 + group_t5 + did_t5 + ddd_t5 + group_t6 + did_t6 + ddd_t6 + group_t7 + did_t7 + ddd_t7 + group_t8 + did_t8 + ddd_t8 + group_t9 + did_t9 + ddd_t9 + group_t10 + did_t10 + ddd_t10 + group_t11 + did_t11 + ddd_t11 + group_t12 + did_t12 + ddd_t12 + group_t13 + did_t13 + ddd_t13 + group_t14 + did_t14 + ddd_t14 + group_t15 + did_t15 + ddd_t15 + group_t16 + did_t16 + ddd_t16 + group_t17 + did_t17 + ddd_t17 + group_t18 + did_t18 + ddd_t18 + group_t19 + did_t19 + ddd_t19 + group_t20 + did_t20 + ddd_t20 + group_t21 + did_t21 + ddd_t21 + group_t22 + did_t22 + ddd_t22 + group_t23 + did_t23 + ddd_t23 + group_t24 + did_t24 + ddd_t24 + treat_group + idade_media_adm + pct_mulher_adm + pct_superior_adm + pct_negra_adm | cbo_4d + periodo + subgroup,,0.03526850833853441,0.048896167167438664,0.47122438426821933,-0.06056797930964537,0.1311049959867142,estimated,adequate,75,266
race_color_b,race_white,Branca,ln_admissoes,Admissões (log),ddd,strict_no_tail_binning,24,False,False,estimated,25076,25076,341,pyfixest_retained_sample,ln_admissoes ~ group_tm12 + did_tm12 + ddd_tm12 + group_tm11 + did_tm11 + ddd_tm11 + group_tm10 + did_tm10 + ddd_tm10 + group_tm9 + did_tm9 + ddd_tm9 + group_tm8 + did_tm8 + ddd_tm8 + group_tm7 + did_tm7 + ddd_tm7 + group_tm6 + did_tm6 + ddd_tm6 + group_tm5 + did_tm5 + ddd_tm5 + group_tm4 + did_tm4 + ddd_tm4 + group_tm3 + did_tm3 + ddd_tm3 + group_tm2 + did_tm2 + ddd_tm2 + group_t0 + did_t0 + ddd_t0 + group_t1 + did_t1 + ddd_t1 + group_t2 + did_t2 + ddd_t2 + group_t3 + did_t3 + ddd_t3 + group_t4 + did_t4 + ddd_t4 + group_t5 + did_t5 + ddd_t5 + group_t6 + did_t6 + ddd_t6 + group_t7 + did_t7 + ddd_t7 + group_t8 + did_t8 + ddd_t8 + group_t9 + did_t9 + ddd_t9 + group_t10 + did_t10 + ddd_t10 + group_t11 + did_t11 + ddd_t11 + group_t12 + did_t12 + ddd_t12 + group_t13 + did_t13 + ddd_t13 + group_t14 + did_t14 + ddd_t14 + group_t15 + did_t15 + ddd_t15 + group_t16 + did_t16 + ddd_t16 + group_t17 + did_t17 + ddd_t17 + group_t18 + did_t18 + ddd_t18 + group_t19 + did_t19 + ddd_t19 + group_t20 + did_t20 + ddd_t20 + group_t21 + did_t21 + ddd_t21 + group_t22 + did_t22 + ddd_t22 + group_t23 + did_t23 + ddd_t23 + group_t24 + did_t24 + ddd_t24 + treat_group + idade_media_adm + pct_mulher_adm + pct_superior_adm + pct_negra_adm | cbo_4d + periodo + subgroup,,0.08042658834966272,0.06237003347607904,0.19809841987509524,-0.0418186772634522,0.20267185396277765,estimated,adequate,75,266
race_color_b,race_white,Branca,ln_salario_real_adm,Salário real de admissão (log),ddd,strict_no_tail_binning,-12,False,True,estimated,24881,24881,341,pyfixest_retained_sample,ln_salario_real_adm ~ group_tm12 + did_tm12 + ddd_tm12 + group_tm11 + did_tm11 + ddd_tm11 + group_tm10 + did_tm10 + ddd_tm10 + group_tm9 + did_tm9 + ddd_tm9 + group_tm8 + did_tm8 + ddd_tm8 + group_tm7 + did_tm7 + ddd_tm7 + group_tm6 + did_tm6 + ddd_tm6 + group_tm5 + did_tm5 + ddd_tm5 + group_tm4 + did_tm4 + ddd_tm4 + group_tm3 + did_tm3 + ddd_tm3 + group_tm2 + did_tm2 + ddd_tm2 + group_t0 + did_t0 + ddd_t0 + group_t1 + did_t1 + ddd_t1 + group_t2 + did_t2 + ddd_t2 + group_t3 + did_t3 + ddd_t3 + group_t4 + did_t4 + ddd_t4 + group_t5 + did_t5 + ddd_t5 + group_t6 + did_t6 + ddd_t6 + group_t7 + did_t7 + ddd_t7 + group_t8 + did_t8 + ddd_t8 + group_t9 + did_t9 + ddd_t9 + group_t10 + did_t10 + ddd_t10 + group_t11 + did_t11 + ddd_t11 + group_t12 + did_t12 + ddd_t12 + group_t13 + did_t13 + ddd_t13 + group_t14 + did_t14 + ddd_t14 + group_t15 + did_t15 + ddd_t15 + group_t16 + did_t16 + ddd_t16 + group_t17 + did_t17 + ddd_t17 + group_t18 + did_t18 + ddd_t18 + group_t19 + did_t19 + ddd_t19 + group_t20 + did_t20 + ddd_t20 + group_t21 + did_t21 + ddd_t21 + group_t22 + did_t22 + ddd_t22 + group_t23 + did_t23 + ddd_t23 + group_t24 + did_t24 + ddd_t24 + treat_group + idade_media_adm + pct_mulher_adm + pct_superior_adm + pct_negra_adm | cbo_4d + periodo + subgroup,,-0.030695594866246418,0.05991480409427303,0.6087592106965811,-0.14812861089102156,0.08673742115852873,estimated,adequate,75,266
race_color_b,race_white,Branca,ln_salario_real_adm,Salário real de admissão (log),ddd,strict_no_tail_binning,-11,False,True,estimated,24881,24881,341,pyfixest_retained_sample,ln_salario_real_adm ~ group_tm12 + did_tm12 + ddd_tm12 + group_tm11 + did_tm11 + ddd_tm11 + group_tm10 + did_tm10 + ddd_tm10 + group_tm9 + did_tm9 + ddd_tm9 + group_tm8 + did_tm8 + ddd_tm8 + group_tm7 + did_tm7 + ddd_tm7 + group_tm6 + did_tm6 + ddd_tm6 + group_tm5 + did_tm5 + ddd_tm5 + group_tm4 + did_tm4 + ddd_tm4 + group_tm3 + did_tm3 + ddd_tm3 + group_tm2 + did_tm2 + ddd_tm2 + group_t0 + did_t0 + ddd_t0 + group_t1 + did_t1 + ddd_t1 + group_t2 + did_t2 + ddd_t2 + group_t3 + did_t3 + ddd_t3 + group_t4 + did_t4 + ddd_t4 + group_t5 + did_t5 + ddd_t5 + group_t6 + did_t6 + ddd_t6 + group_t7 + did_t7 + ddd_t7 + group_t8 + did_t8 + ddd_t8 + group_t9 + did_t9 + ddd_t9 + group_t10 + did_t10 + ddd_t10 + group_t11 + did_t11 + ddd_t11 + group_t12 + did_t12 + ddd_t12 + group_t13 + did_t13 + ddd_t13 + group_t14 + did_t14 + ddd_t14 + group_t15 + did_t15 + ddd_t15 + group_t16 + did_t16 + ddd_t16 + group_t17 + did_t17 + ddd_t17 + group_t18 + did_t18 + ddd_t18 + group_t19 + did_t19 + ddd_t19 + group_t20 + did_t20 + ddd_t20 + group_t21 + did_t21 + ddd_t21 + group_t22 + did_t22 + ddd_t22 + group_t23 + did_t23 + ddd_t23 + group_t24 + did_t24 + ddd_t24 + treat_group + idade_media_adm + pct_mulher_adm + pct_superior_adm + pct_negra_adm | cbo_4d + periodo + subgroup,,-0.07095820186586123,0.06959060328453032,0.3086184893387611,-0.20735578430354062,0.06543938057181818,estimated,adequate,75,266
race_color_b,race_white,Branca,ln_salario_real_adm,Salário real de admissão (log),ddd,strict_no_tail_binning,-10,False,True,estimated,24881,24881,341,pyfixest_retained_sample,ln_salario_real_adm ~ group_tm12 + did_tm12 + ddd_tm12 + group_tm11 + did_tm11 + ddd_tm11 + group_tm10 + did_tm10 + ddd_tm10 + group_tm9 + did_tm9 + ddd_tm9 + group_tm8 + did_tm8 + ddd_tm8 + group_tm7 + did_tm7 + ddd_tm7 + group_tm6 + did_tm6 + ddd_tm6 + group_tm5 + did_tm5 + ddd_tm5 + group_tm4 + did_tm4 + ddd_tm4 + group_tm3 + did_tm3 + ddd_tm3 + group_tm2 + did_tm2 + ddd_tm2 + group_t0 + did_t0 + ddd_t0 + group_t1 + did_t1 + ddd_t1 + group_t2 + did_t2 + ddd_t2 + group_t3 + did_t3 + ddd_t3 + group_t4 + did_t4 + ddd_t4 + group_t5 + did_t5 + ddd_t5 + group_t6 + did_t6 + ddd_t6 + group_t7 + did_t7 + ddd_t7 + group_t8 + did_t8 + ddd_t8 + group_t9 + did_t9 + ddd_t9 + group_t10 + did_t10 + ddd_t10 + group_t11 + did_t11 + ddd_t11 + group_t12 + did_t12 + ddd_t12 + group_t13 + did_t13 + ddd_t13 + group_t14 + did_t14 + ddd_t14 + group_t15 + did_t15 + ddd_t15 + group_t16 + did_t16 + ddd_t16 + group_t17 + did_t17 + ddd_t17 + group_t18 + did_t18 + ddd_t18 + group_t19 + did_t19 + ddd_t19 + group_t20 + did_t20 + ddd_t20 + group_t21 + did_t21 + ddd_t21 + group_t22 + did_t22 + ddd_t22 + group_t23 + did_t23 + ddd_t23 + group_t24 + did_t24 + ddd_t24 + treat_group + idade_media_adm + pct_mulher_adm + pct_superior_adm + pct_negra_adm | cbo_4d + periodo + subgroup,,-0.06471195866423639,0.07527136572863938,0.3905516590200393,-0.21224383549236958,0.08281991816389679,estimated,adequate,75,266
race_color_b,race_white,Branca,ln_salario_real_adm,Salário real de admissão (log),ddd,strict_no_tail_binning,-9,False,True,estimated,24881,24881,341,pyfixest_retained_sample,ln_salario_real_adm ~ group_tm12 + did_tm12 + ddd_tm12 + group_tm11 + did_tm11 + ddd_tm11 + group_tm10 + did_tm10 + ddd_tm10 + group_tm9 + did_tm9 + ddd_tm9 + group_tm8 + did_tm8 + ddd_tm8 + group_tm7 + did_tm7 + ddd_tm7 + group_tm6 + did_tm6 + ddd_tm6 + group_tm5 + did_tm5 + ddd_tm5 + group_tm4 + did_tm4 + ddd_tm4 + group_tm3 + did_tm3 + ddd_tm3 + group_tm2 + did_tm2 + ddd_tm2 + group_t0 + did_t0 + ddd_t0 + group_t1 + did_t1 + ddd_t1 + group_t2 + did_t2 + ddd_t2 + group_t3 + did_t3 + ddd_t3 + group_t4 + did_t4 + ddd_t4 + group_t5 + did_t5 + ddd_t5 + group_t6 + did_t6 + ddd_t6 + group_t7 + did_t7 + ddd_t7 + group_t8 + did_t8 + ddd_t8 + group_t9 + did_t9 + ddd_t9 + group_t10 + did_t10 + ddd_t10 + group_t11 + did_t11 + ddd_t11 + group_t12 + did_t12 + ddd_t12 + group_t13 + did_t13 + ddd_t13 + group_t14 + did_t14 + ddd_t14 + group_t15 + did_t15 + ddd_t15 + group_t16 + did_t16 + ddd_t16 + group_t17 + did_t17 + ddd_t17 + group_t18 + did_t18 + ddd_t18 + group_t19 + did_t19 + ddd_t19 + group_t20 + did_t20 + ddd_t20 + group_t21 + did_t21 + ddd_t21 + group_t22 + did_t22 + ddd_t22 + group_t23 + did_t23 + ddd_t23 + group_t24 + did_t24 + ddd_t24 + treat_group + idade_media_adm + pct_mulher_adm + pct_superior_adm + pct_negra_adm | cbo_4d + periodo + subgroup,,-0.01999226278197666,0.0625844453352594,0.7495855830579288,-0.1426577756390851,0.10267325007513177,estimated,adequate,75,266
race_color_b,race_white,Branca,ln_salario_real_adm,Salário real de admissão (log),ddd,strict_no_tail_binning,-8,False,True,estimated,24881,24881,341,pyfixest_retained_sample,ln_salario_real_adm ~ group_tm12 + did_tm12 + ddd_tm12 + group_tm11 + did_tm11 + ddd_tm11 + group_tm10 + did_tm10 + ddd_tm10 + group_tm9 + did_tm9 + ddd_tm9 + group_tm8 + did_tm8 + ddd_tm8 + group_tm7 + did_tm7 + ddd_tm7 + group_tm6 + did_tm6 + ddd_tm6 + group_tm5 + did_tm5 + ddd_tm5 + group_tm4 + did_tm4 + ddd_tm4 + group_tm3 + did_tm3 + ddd_tm3 + group_tm2 + did_tm2 + ddd_tm2 + group_t0 + did_t0 + ddd_t0 + group_t1 + did_t1 + ddd_t1 + group_t2 + did_t2 + ddd_t2 + group_t3 + did_t3 + ddd_t3 + group_t4 + did_t4 + ddd_t4 + group_t5 + did_t5 + ddd_t5 + group_t6 + did_t6 + ddd_t6 + group_t7 + did_t7 + ddd_t7 + group_t8 + did_t8 + ddd_t8 + group_t9 + did_t9 + ddd_t9 + group_t10 + did_t10 + ddd_t10 + group_t11 + did_t11 + ddd_t11 + group_t12 + did_t12 + ddd_t12 + group_t13 + did_t13 + ddd_t13 + group_t14 + did_t14 + ddd_t14 + group_t15 + did_t15 + ddd_t15 + group_t16 + did_t16 + ddd_t16 + group_t17 + did_t17 + ddd_t17 + group_t18 + did_t18 + ddd_t18 + group_t19 + did_t19 + ddd_t19 + group_t20 + did_t20 + ddd_t20 + group_t21 + did_t21 + ddd_t21 + group_t22 + did_t22 + ddd_t22 + group_t23 + did_t23 + ddd_t23 + group_t24 + did_t24 + ddd_t24 + treat_group + idade_media_adm + pct_mulher_adm + pct_superior_adm + pct_negra_adm | cbo_4d + periodo + subgroup,,-0.08332192389927665,0.0756038430258548,0.2712038810182069,-0.23150545622995203,0.06486160843139874,estimated,adequate,75,266
race_color_b,race_white,Branca,ln_salario_real_adm,Salário real de admissão (log),ddd,strict_no_tail_binning,-7,False,True,estimated,24881,24881,341,pyfixest_retained_sample,ln_salario_real_adm ~ group_tm12 + did_tm12 + ddd_tm12 + group_tm11 + did_tm11 + ddd_tm11 + group_tm10 + did_tm10 + ddd_tm10 + group_tm9 + did_tm9 + ddd_tm9 + group_tm8 + did_tm8 + ddd_tm8 + group_tm7 + did_tm7 + ddd_tm7 + group_tm6 + did_tm6 + ddd_tm6 + group_tm5 + did_tm5 + ddd_tm5 + group_tm4 + did_tm4 + ddd_tm4 + group_tm3 + did_tm3 + ddd_tm3 + group_tm2 + did_tm2 + ddd_tm2 + group_t0 + did_t0 + ddd_t0 + group_t1 + did_t1 + ddd_t1 + group_t2 + did_t2 + ddd_t2 + group_t3 + did_t3 + ddd_t3 + group_t4 + did_t4 + ddd_t4 + group_t5 + did_t5 + ddd_t5 + group_t6 + did_t6 + ddd_t6 + group_t7 + did_t7 + ddd_t7 + group_t8 + did_t8 + ddd_t8 + group_t9 + did_t9 + ddd_t9 + group_t10 + did_t10 + ddd_t10 + group_t11 + did_t11 + ddd_t11 + group_t12 + did_t12 + ddd_t12 + group_t13 + did_t13 + ddd_t13 + group_t14 + did_t14 + ddd_t14 + group_t15 + did_t15 + ddd_t15 + group_t16 + did_t16 + ddd_t16 + group_t17 + did_t17 + ddd_t17 + group_t18 + did_t18 + ddd_t18 + group_t19 + did_t19 + ddd_t19 + group_t20 + did_t20 + ddd_t20 + group_t21 + did_t21 + ddd_t21 + group_t22 + did_t22 + ddd_t22 + group_t23 + did_t23 + ddd_t23 + group_t24 + did_t24 + ddd_t24 + treat_group + idade_media_adm + pct_mulher_adm + pct_superior_adm + pct_negra_adm | cbo_4d + periodo + subgroup,,0.027437402789409215,0.06736775390501694,0.6840601287754096,-0.10460339486442398,0.1594782004432424,estimated,adequate,75,266
race_color_b,race_white,Branca,ln_salario_real_adm,Salário real de admissão (log),ddd,strict_no_tail_binning,-6,False,True,estimated,24881,24881,341,pyfixest_retained_sample,ln_salario_real_adm ~ group_tm12 + did_tm12 + ddd_tm12 + group_tm11 + did_tm11 + ddd_tm11 + group_tm10 + did_tm10 + ddd_tm10 + group_tm9 + did_tm9 + ddd_tm9 + group_tm8 + did_tm8 + ddd_tm8 + group_tm7 + did_tm7 + ddd_tm7 + group_tm6 + did_tm6 + ddd_tm6 + group_tm5 + did_tm5 + ddd_tm5 + group_tm4 + did_tm4 + ddd_tm4 + group_tm3 + did_tm3 + ddd_tm3 + group_tm2 + did_tm2 + ddd_tm2 + group_t0 + did_t0 + ddd_t0 + group_t1 + did_t1 + ddd_t1 + group_t2 + did_t2 + ddd_t2 + group_t3 + did_t3 + ddd_t3 + group_t4 + did_t4 + ddd_t4 + group_t5 + did_t5 + ddd_t5 + group_t6 + did_t6 + ddd_t6 + group_t7 + did_t7 + ddd_t7 + group_t8 + did_t8 + ddd_t8 + group_t9 + did_t9 + ddd_t9 + group_t10 + did_t10 + ddd_t10 + group_t11 + did_t11 + ddd_t11 + group_t12 + did_t12 + ddd_t12 + group_t13 + did_t13 + ddd_t13 + group_t14 + did_t14 + ddd_t14 + group_t15 + did_t15 + ddd_t15 + group_t16 + did_t16 + ddd_t16 + group_t17 + did_t17 + ddd_t17 + group_t18 + did_t18 + ddd_t18 + group_t19 + did_t19 + ddd_t19 + group_t20 + did_t20 + ddd_t20 + group_t21 + did_t21 + ddd_t21 + group_t22 + did_t22 + ddd_t22 + group_t23 + did_t23 + ddd_t23 + group_t24 + did_t24 + ddd_t24 + treat_group + idade_media_adm + pct_mulher_adm + pct_superior_adm + pct_negra_adm | cbo_4d + periodo + subgroup,,-0.036706967499117706,0.06048753958130038,0.5443543312726653,-0.15526254507846646,0.08184861008023103,estimated,adequate,75,266
race_color_b,race_white,Branca,ln_salario_real_adm,Salário real de admissão (log),ddd,strict_no_tail_binning,-5,False,True,estimated,24881,24881,341,pyfixest_retained_sample,ln_salario_real_adm ~ group_tm12 + did_tm12 + ddd_tm12 + group_tm11 + did_tm11 + ddd_tm11 + group_tm10 + did_tm10 + ddd_tm10 + group_tm9 + did_tm9 + ddd_tm9 + group_tm8 + did_tm8 + ddd_tm8 + group_tm7 + did_tm7 + ddd_tm7 + group_tm6 + did_tm6 + ddd_tm6 + group_tm5 + did_tm5 + ddd_tm5 + group_tm4 + did_tm4 + ddd_tm4 + group_tm3 + did_tm3 + ddd_tm3 + group_tm2 + did_tm2 + ddd_tm2 + group_t0 + did_t0 + ddd_t0 + group_t1 + did_t1 + ddd_t1 + group_t2 + did_t2 + ddd_t2 + group_t3 + did_t3 + ddd_t3 + group_t4 + did_t4 + ddd_t4 + group_t5 + did_t5 + ddd_t5 + group_t6 + did_t6 + ddd_t6 + group_t7 + did_t7 + ddd_t7 + group_t8 + did_t8 + ddd_t8 + group_t9 + did_t9 + ddd_t9 + group_t10 + did_t10 + ddd_t10 + group_t11 + did_t11 + ddd_t11 + group_t12 + did_t12 + ddd_t12 + group_t13 + did_t13 + ddd_t13 + group_t14 + did_t14 + ddd_t14 + group_t15 + did_t15 + ddd_t15 + group_t16 + did_t16 + ddd_t16 + group_t17 + did_t17 + ddd_t17 + group_t18 + did_t18 + ddd_t18 + group_t19 + did_t19 + ddd_t19 + group_t20 + did_t20 + ddd_t20 + group_t21 + did_t21 + ddd_t21 + group_t22 + did_t22 + ddd_t22 + group_t23 + did_t23 + ddd_t23 + group_t24 + did_t24 + ddd_t24 + treat_group + idade_media_adm + pct_mulher_adm + pct_superior_adm + pct_negra_adm | cbo_4d + periodo + subgroup,,0.04628712621140528,0.06136420204047144,0.4511901400514138,-0.07398670978791874,0.1665609622107293,estimated,adequate,75,266
race_color_b,race_white,Branca,ln_salario_real_adm,Salário real de admissão (log),ddd,strict_no_tail_binning,-4,False,True,estimated,24881,24881,341,pyfixest_retained_sample,ln_salario_real_adm ~ group_tm12 + did_tm12 + ddd_tm12 + group_tm11 + did_tm11 + ddd_tm11 + group_tm10 + did_tm10 + ddd_tm10 + group_tm9 + did_tm9 + ddd_tm9 + group_tm8 + did_tm8 + ddd_tm8 + group_tm7 + did_tm7 + ddd_tm7 + group_tm6 + did_tm6 + ddd_tm6 + group_tm5 + did_tm5 + ddd_tm5 + group_tm4 + did_tm4 + ddd_tm4 + group_tm3 + did_tm3 + ddd_tm3 + group_tm2 + did_tm2 + ddd_tm2 + group_t0 + did_t0 + ddd_t0 + group_t1 + did_t1 + ddd_t1 + group_t2 + did_t2 + ddd_t2 + group_t3 + did_t3 + ddd_t3 + group_t4 + did_t4 + ddd_t4 + group_t5 + did_t5 + ddd_t5 + group_t6 + did_t6 + ddd_t6 + group_t7 + did_t7 + ddd_t7 + group_t8 + did_t8 + ddd_t8 + group_t9 + did_t9 + ddd_t9 + group_t10 + did_t10 + ddd_t10 + group_t11 + did_t11 + ddd_t11 + group_t12 + did_t12 + ddd_t12 + group_t13 + did_t13 + ddd_t13 + group_t14 + did_t14 + ddd_t14 + group_t15 + did_t15 + ddd_t15 + group_t16 + did_t16 + ddd_t16 + group_t17 + did_t17 + ddd_t17 + group_t18 + did_t18 + ddd_t18 + group_t19 + did_t19 + ddd_t19 + group_t20 + did_t20 + ddd_t20 + group_t21 + did_t21 + ddd_t21 + group_t22 + did_t22 + ddd_t22 + group_t23 + did_t23 + ddd_t23 + group_t24 + did_t24 + ddd_t24 + treat_group + idade_media_adm + pct_mulher_adm + pct_superior_adm + pct_negra_adm | cbo_4d + periodo + subgroup,,0.05530626082224003,0.08218138477593855,0.5014184586836521,-0.10576925333859952,0.21638177498307956,estimated,adequate,75,266
race_color_b,race_white,Branca,ln_salario_real_adm,Salário real de admissão (log),ddd,strict_no_tail_binning,-3,False,True,estimated,24881,24881,341,pyfixest_retained_sample,ln_salario_real_adm ~ group_tm12 + did_tm12 + ddd_tm12 + group_tm11 + did_tm11 + ddd_tm11 + group_tm10 + did_tm10 + ddd_tm10 + group_tm9 + did_tm9 + ddd_tm9 + group_tm8 + did_tm8 + ddd_tm8 + group_tm7 + did_tm7 + ddd_tm7 + group_tm6 + did_tm6 + ddd_tm6 + group_tm5 + did_tm5 + ddd_tm5 + group_tm4 + did_tm4 + ddd_tm4 + group_tm3 + did_tm3 + ddd_tm3 + group_tm2 + did_tm2 + ddd_tm2 + group_t0 + did_t0 + ddd_t0 + group_t1 + did_t1 + ddd_t1 + group_t2 + did_t2 + ddd_t2 + group_t3 + did_t3 + ddd_t3 + group_t4 + did_t4 + ddd_t4 + group_t5 + did_t5 + ddd_t5 + group_t6 + did_t6 + ddd_t6 + group_t7 + did_t7 + ddd_t7 + group_t8 + did_t8 + ddd_t8 + group_t9 + did_t9 + ddd_t9 + group_t10 + did_t10 + ddd_t10 + group_t11 + did_t11 + ddd_t11 + group_t12 + did_t12 + ddd_t12 + group_t13 + did_t13 + ddd_t13 + group_t14 + did_t14 + ddd_t14 + group_t15 + did_t15 + ddd_t15 + group_t16 + did_t16 + ddd_t16 + group_t17 + did_t17 + ddd_t17 + group_t18 + did_t18 + ddd_t18 + group_t19 + did_t19 + ddd_t19 + group_t20 + did_t20 + ddd_t20 + group_t21 + did_t21 + ddd_t21 + group_t22 + did_t22 + ddd_t22 + group_t23 + did_t23 + ddd_t23 + group_t24 + did_t24 + ddd_t24 + treat_group + idade_media_adm + pct_mulher_adm + pct_superior_adm + pct_negra_adm | cbo_4d + periodo + subgroup,,-0.02678961382711481,0.08075928410498534,0.7403037323911055,-0.18507781067288606,0.13149858301865644,estimated,adequate,75,266
race_color_b,race_white,Branca,ln_salario_real_adm,Salário real de admissão (log),ddd,strict_no_tail_binning,-2,False,True,estimated,24881,24881,341,pyfixest_retained_sample,ln_salario_real_adm ~ group_tm12 + did_tm12 + ddd_tm12 + group_tm11 + did_tm11 + ddd_tm11 + group_tm10 + did_tm10 + ddd_tm10 + group_tm9 + did_tm9 + ddd_tm9 + group_tm8 + did_tm8 + ddd_tm8 + group_tm7 + did_tm7 + ddd_tm7 + group_tm6 + did_tm6 + ddd_tm6 + group_tm5 + did_tm5 + ddd_tm5 + group_tm4 + did_tm4 + ddd_tm4 + group_tm3 + did_tm3 + ddd_tm3 + group_tm2 + did_tm2 + ddd_tm2 + group_t0 + did_t0 + ddd_t0 + group_t1 + did_t1 + ddd_t1 + group_t2 + did_t2 + ddd_t2 + group_t3 + did_t3 + ddd_t3 + group_t4 + did_t4 + ddd_t4 + group_t5 + did_t5 + ddd_t5 + group_t6 + did_t6 + ddd_t6 + group_t7 + did_t7 + ddd_t7 + group_t8 + did_t8 + ddd_t8 + group_t9 + did_t9 + ddd_t9 + group_t10 + did_t10 + ddd_t10 + group_t11 + did_t11 + ddd_t11 + group_t12 + did_t12 + ddd_t12 + group_t13 + did_t13 + ddd_t13 + group_t14 + did_t14 + ddd_t14 + group_t15 + did_t15 + ddd_t15 + group_t16 + did_t16 + ddd_t16 + group_t17 + did_t17 + ddd_t17 + group_t18 + did_t18 + ddd_t18 + group_t19 + did_t19 + ddd_t19 + group_t20 + did_t20 + ddd_t20 + group_t21 + did_t21 + ddd_t21 + group_t22 + did_t22 + ddd_t22 + group_t23 + did_t23 + ddd_t23 + group_t24 + did_t24 + ddd_t24 + treat_group + idade_media_adm + pct_mulher_adm + pct_superior_adm + pct_negra_adm | cbo_4d + periodo + subgroup,,-0.08958718245360583,0.06085038273723868,0.14187750045114678,-0.20885393261859364,0.029679567711381985,estimated,adequate,75,266
race_color_b,race_white,Branca,ln_salario_real_adm,Salário real de admissão (log),ddd,strict_no_tail_binning,-1,True,False,estimated,24881,24881,341,pyfixest_retained_sample,ln_salario_real_adm ~ group_tm12 + did_tm12 + ddd_tm12 + group_tm11 + did_tm11 + ddd_tm11 + group_tm10 + did_tm10 + ddd_tm10 + group_tm9 + did_tm9 + ddd_tm9 + group_tm8 + did_tm8 + ddd_tm8 + group_tm7 + did_tm7 + ddd_tm7 + group_tm6 + did_tm6 + ddd_tm6 + group_tm5 + did_tm5 + ddd_tm5 + group_tm4 + did_tm4 + ddd_tm4 + group_tm3 + did_tm3 + ddd_tm3 + group_tm2 + did_tm2 + ddd_tm2 + group_t0 + did_t0 + ddd_t0 + group_t1 + did_t1 + ddd_t1 + group_t2 + did_t2 + ddd_t2 + group_t3 + did_t3 + ddd_t3 + group_t4 + did_t4 + ddd_t4 + group_t5 + did_t5 + ddd_t5 + group_t6 + did_t6 + ddd_t6 + group_t7 + did_t7 + ddd_t7 + group_t8 + did_t8 + ddd_t8 + group_t9 + did_t9 + ddd_t9 + group_t10 + did_t10 + ddd_t10 + group_t11 + did_t11 + ddd_t11 + group_t12 + did_t12 + ddd_t12 + group_t13 + did_t13 + ddd_t13 + group_t14 + did_t14 + ddd_t14 + group_t15 + did_t15 + ddd_t15 + group_t16 + did_t16 + ddd_t16 + group_t17 + did_t17 + ddd_t17 + group_t18 + did_t18 + ddd_t18 + group_t19 + did_t19 + ddd_t19 + group_t20 + did_t20 + ddd_t20 + group_t21 + did_t21 + ddd_t21 + group_t22 + did_t22 + ddd_t22 + group_t23 + did_t23 + ddd_t23 + group_t24 + did_t24 + ddd_t24 + treat_group + idade_media_adm + pct_mulher_adm + pct_superior_adm + pct_negra_adm | cbo_4d + periodo + subgroup,,0.0,0.0,,0.0,0.0,reference,adequate,75,266
race_color_b,race_white,Branca,ln_salario_real_adm,Salário real de admissão (log),ddd,strict_no_tail_binning,0,False,False,estimated,24881,24881,341,pyfixest_retained_sample,ln_salario_real_adm ~ group_tm12 + did_tm12 + ddd_tm12 + group_tm11 + did_tm11 + ddd_tm11 + group_tm10 + did_tm10 + ddd_tm10 + group_tm9 + did_tm9 + ddd_tm9 + group_tm8 + did_tm8 + ddd_tm8 + group_tm7 + did_tm7 + ddd_tm7 + group_tm6 + did_tm6 + ddd_tm6 + group_tm5 + did_tm5 + ddd_tm5 + group_tm4 + did_tm4 + ddd_tm4 + group_tm3 + did_tm3 + ddd_tm3 + group_tm2 + did_tm2 + ddd_tm2 + group_t0 + did_t0 + ddd_t0 + group_t1 + did_t1 + ddd_t1 + group_t2 + did_t2 + ddd_t2 + group_t3 + did_t3 + ddd_t3 + group_t4 + did_t4 + ddd_t4 + group_t5 + did_t5 + ddd_t5 + group_t6 + did_t6 + ddd_t6 + group_t7 + did_t7 + ddd_t7 + group_t8 + did_t8 + ddd_t8 + group_t9 + did_t9 + ddd_t9 + group_t10 + did_t10 + ddd_t10 + group_t11 + did_t11 + ddd_t11 + group_t12 + did_t12 + ddd_t12 + group_t13 + did_t13 + ddd_t13 + group_t14 + did_t14 + ddd_t14 + group_t15 + did_t15 + ddd_t15 + group_t16 + did_t16 + ddd_t16 + group_t17 + did_t17 + ddd_t17 + group_t18 + did_t18 + ddd_t18 + group_t19 + did_t19 + ddd_t19 + group_t20 + did_t20 + ddd_t20 + group_t21 + did_t21 + ddd_t21 + group_t22 + did_t22 + ddd_t22 + group_t23 + did_t23 + ddd_t23 + group_t24 + did_t24 + ddd_t24 + treat_group + idade_media_adm + pct_mulher_adm + pct_superior_adm + pct_negra_adm | cbo_4d + periodo + subgroup,,-0.026191021600530922,0.15518048207508256,0.8660717757487011,-0.33034476646769273,0.27796272326663085,estimated,adequate,75,266
race_color_b,race_white,Branca,ln_salario_real_adm,Salário real de admissão (log),ddd,strict_no_tail_binning,1,False,False,estimated,24881,24881,341,pyfixest_retained_sample,ln_salario_real_adm ~ group_tm12 + did_tm12 + ddd_tm12 + group_tm11 + did_tm11 + ddd_tm11 + group_tm10 + did_tm10 + ddd_tm10 + group_tm9 + did_tm9 + ddd_tm9 + group_tm8 + did_tm8 + ddd_tm8 + group_tm7 + did_tm7 + ddd_tm7 + group_tm6 + did_tm6 + ddd_tm6 + group_tm5 + did_tm5 + ddd_tm5 + group_tm4 + did_tm4 + ddd_tm4 + group_tm3 + did_tm3 + ddd_tm3 + group_tm2 + did_tm2 + ddd_tm2 + group_t0 + did_t0 + ddd_t0 + group_t1 + did_t1 + ddd_t1 + group_t2 + did_t2 + ddd_t2 + group_t3 + did_t3 + ddd_t3 + group_t4 + did_t4 + ddd_t4 + group_t5 + did_t5 + ddd_t5 + group_t6 + did_t6 + ddd_t6 + group_t7 + did_t7 + ddd_t7 + group_t8 + did_t8 + ddd_t8 + group_t9 + did_t9 + ddd_t9 + group_t10 + did_t10 + ddd_t10 + group_t11 + did_t11 + ddd_t11 + group_t12 + did_t12 + ddd_t12 + group_t13 + did_t13 + ddd_t13 + group_t14 + did_t14 + ddd_t14 + group_t15 + did_t15 + ddd_t15 + group_t16 + did_t16 + ddd_t16 + group_t17 + did_t17 + ddd_t17 + group_t18 + did_t18 + ddd_t18 + group_t19 + did_t19 + ddd_t19 + group_t20 + did_t20 + ddd_t20 + group_t21 + did_t21 + ddd_t21 + group_t22 + did_t22 + ddd_t22 + group_t23 + did_t23 + ddd_t23 + group_t24 + did_t24 + ddd_t24 + treat_group + idade_media_adm + pct_mulher_adm + pct_superior_adm + pct_negra_adm | cbo_4d + periodo + subgroup,,-0.08432512533183681,0.07263165035443829,0.2464576067671833,-0.22668316002653585,0.058032909362862234,estimated,adequate,75,266
race_color_b,race_white,Branca,ln_salario_real_adm,Salário real de admissão (log),ddd,strict_no_tail_binning,2,False,False,estimated,24881,24881,341,pyfixest_retained_sample,ln_salario_real_adm ~ group_tm12 + did_tm12 + ddd_tm12 + group_tm11 + did_tm11 + ddd_tm11 + group_tm10 + did_tm10 + ddd_tm10 + group_tm9 + did_tm9 + ddd_tm9 + group_tm8 + did_tm8 + ddd_tm8 + group_tm7 + did_tm7 + ddd_tm7 + group_tm6 + did_tm6 + ddd_tm6 + group_tm5 + did_tm5 + ddd_tm5 + group_tm4 + did_tm4 + ddd_tm4 + group_tm3 + did_tm3 + ddd_tm3 + group_tm2 + did_tm2 + ddd_tm2 + group_t0 + did_t0 + ddd_t0 + group_t1 + did_t1 + ddd_t1 + group_t2 + did_t2 + ddd_t2 + group_t3 + did_t3 + ddd_t3 + group_t4 + did_t4 + ddd_t4 + group_t5 + did_t5 + ddd_t5 + group_t6 + did_t6 + ddd_t6 + group_t7 + did_t7 + ddd_t7 + group_t8 + did_t8 + ddd_t8 + group_t9 + did_t9 + ddd_t9 + group_t10 + did_t10 + ddd_t10 + group_t11 + did_t11 + ddd_t11 + group_t12 + did_t12 + ddd_t12 + group_t13 + did_t13 + ddd_t13 + group_t14 + did_t14 + ddd_t14 + group_t15 + did_t15 + ddd_t15 + group_t16 + did_t16 + ddd_t16 + group_t17 + did_t17 + ddd_t17 + group_t18 + did_t18 + ddd_t18 + group_t19 + did_t19 + ddd_t19 + group_t20 + did_t20 + ddd_t20 + group_t21 + did_t21 + ddd_t21 + group_t22 + did_t22 + ddd_t22 + group_t23 + did_t23 + ddd_t23 + group_t24 + did_t24 + ddd_t24 + treat_group + idade_media_adm + pct_mulher_adm + pct_superior_adm + pct_negra_adm | cbo_4d + periodo + subgroup,,-0.026818108489039885,0.0834242469179037,0.7480543541275377,-0.19032963244813117,0.13669341547005137,estimated,adequate,75,266
race_color_b,race_white,Branca,ln_salario_real_adm,Salário real de admissão (log),ddd,strict_no_tail_binning,3,False,False,estimated,24881,24881,341,pyfixest_retained_sample,ln_salario_real_adm ~ group_tm12 + did_tm12 + ddd_tm12 + group_tm11 + did_tm11 + ddd_tm11 + group_tm10 + did_tm10 + ddd_tm10 + group_tm9 + did_tm9 + ddd_tm9 + group_tm8 + did_tm8 + ddd_tm8 + group_tm7 + did_tm7 + ddd_tm7 + group_tm6 + did_tm6 + ddd_tm6 + group_tm5 + did_tm5 + ddd_tm5 + group_tm4 + did_tm4 + ddd_tm4 + group_tm3 + did_tm3 + ddd_tm3 + group_tm2 + did_tm2 + ddd_tm2 + group_t0 + did_t0 + ddd_t0 + group_t1 + did_t1 + ddd_t1 + group_t2 + did_t2 + ddd_t2 + group_t3 + did_t3 + ddd_t3 + group_t4 + did_t4 + ddd_t4 + group_t5 + did_t5 + ddd_t5 + group_t6 + did_t6 + ddd_t6 + group_t7 + did_t7 + ddd_t7 + group_t8 + did_t8 + ddd_t8 + group_t9 + did_t9 + ddd_t9 + group_t10 + did_t10 + ddd_t10 + group_t11 + did_t11 + ddd_t11 + group_t12 + did_t12 + ddd_t12 + group_t13 + did_t13 + ddd_t13 + group_t14 + did_t14 + ddd_t14 + group_t15 + did_t15 + ddd_t15 + group_t16 + did_t16 + ddd_t16 + group_t17 + did_t17 + ddd_t17 + group_t18 + did_t18 + ddd_t18 + group_t19 + did_t19 + ddd_t19 + group_t20 + did_t20 + ddd_t20 + group_t21 + did_t21 + ddd_t21 + group_t22 + did_t22 + ddd_t22 + group_t23 + did_t23 + ddd_t23 + group_t24 + did_t24 + ddd_t24 + treat_group + idade_media_adm + pct_mulher_adm + pct_superior_adm + pct_negra_adm | cbo_4d + periodo + subgroup,,-0.007121442943801366,0.06572164755572577,0.9137759151682405,-0.13593587215302388,0.12169298626542115,estimated,adequate,75,266
race_color_b,race_white,Branca,ln_salario_real_adm,Salário real de admissão (log),ddd,strict_no_tail_binning,4,False,False,estimated,24881,24881,341,pyfixest_retained_sample,ln_salario_real_adm ~ group_tm12 + did_tm12 + ddd_tm12 + group_tm11 + did_tm11 + ddd_tm11 + group_tm10 + did_tm10 + ddd_tm10 + group_tm9 + did_tm9 + ddd_tm9 + group_tm8 + did_tm8 + ddd_tm8 + group_tm7 + did_tm7 + ddd_tm7 + group_tm6 + did_tm6 + ddd_tm6 + group_tm5 + did_tm5 + ddd_tm5 + group_tm4 + did_tm4 + ddd_tm4 + group_tm3 + did_tm3 + ddd_tm3 + group_tm2 + did_tm2 + ddd_tm2 + group_t0 + did_t0 + ddd_t0 + group_t1 + did_t1 + ddd_t1 + group_t2 + did_t2 + ddd_t2 + group_t3 + did_t3 + ddd_t3 + group_t4 + did_t4 + ddd_t4 + group_t5 + did_t5 + ddd_t5 + group_t6 + did_t6 + ddd_t6 + group_t7 + did_t7 + ddd_t7 + group_t8 + did_t8 + ddd_t8 + group_t9 + did_t9 + ddd_t9 + group_t10 + did_t10 + ddd_t10 + group_t11 + did_t11 + ddd_t11 + group_t12 + did_t12 + ddd_t12 + group_t13 + did_t13 + ddd_t13 + group_t14 + did_t14 + ddd_t14 + group_t15 + did_t15 + ddd_t15 + group_t16 + did_t16 + ddd_t16 + group_t17 + did_t17 + ddd_t17 + group_t18 + did_t18 + ddd_t18 + group_t19 + did_t19 + ddd_t19 + group_t20 + did_t20 + ddd_t20 + group_t21 + did_t21 + ddd_t21 + group_t22 + did_t22 + ddd_t22 + group_t23 + did_t23 + ddd_t23 + group_t24 + did_t24 + ddd_t24 + treat_group + idade_media_adm + pct_mulher_adm + pct_superior_adm + pct_negra_adm | cbo_4d + periodo + subgroup,,0.02751408093953713,0.06799148863354418,0.6859749337985015,-0.10574923678220947,0.16077739866128374,estimated,adequate,75,266
race_color_b,race_white,Branca,ln_salario_real_adm,Salário real de admissão (log),ddd,strict_no_tail_binning,5,False,False,estimated,24881,24881,341,pyfixest_retained_sample,ln_salario_real_adm ~ group_tm12 + did_tm12 + ddd_tm12 + group_tm11 + did_tm11 + ddd_tm11 + group_tm10 + did_tm10 + ddd_tm10 + group_tm9 + did_tm9 + ddd_tm9 + group_tm8 + did_tm8 + ddd_tm8 + group_tm7 + did_tm7 + ddd_tm7 + group_tm6 + did_tm6 + ddd_tm6 + group_tm5 + did_tm5 + ddd_tm5 + group_tm4 + did_tm4 + ddd_tm4 + group_tm3 + did_tm3 + ddd_tm3 + group_tm2 + did_tm2 + ddd_tm2 + group_t0 + did_t0 + ddd_t0 + group_t1 + did_t1 + ddd_t1 + group_t2 + did_t2 + ddd_t2 + group_t3 + did_t3 + ddd_t3 + group_t4 + did_t4 + ddd_t4 + group_t5 + did_t5 + ddd_t5 + group_t6 + did_t6 + ddd_t6 + group_t7 + did_t7 + ddd_t7 + group_t8 + did_t8 + ddd_t8 + group_t9 + did_t9 + ddd_t9 + group_t10 + did_t10 + ddd_t10 + group_t11 + did_t11 + ddd_t11 + group_t12 + did_t12 + ddd_t12 + group_t13 + did_t13 + ddd_t13 + group_t14 + did_t14 + ddd_t14 + group_t15 + did_t15 + ddd_t15 + group_t16 + did_t16 + ddd_t16 + group_t17 + did_t17 + ddd_t17 + group_t18 + did_t18 + ddd_t18 + group_t19 + did_t19 + ddd_t19 + group_t20 + did_t20 + ddd_t20 + group_t21 + did_t21 + ddd_t21 + group_t22 + did_t22 + ddd_t22 + group_t23 + did_t23 + ddd_t23 + group_t24 + did_t24 + ddd_t24 + treat_group + idade_media_adm + pct_mulher_adm + pct_superior_adm + pct_negra_adm | cbo_4d + periodo + subgroup,,-0.025552390693938866,0.06621494833299003,0.6998116097525793,-0.15533368942659934,0.10422890803872162,estimated,adequate,75,266
race_color_b,race_white,Branca,ln_salario_real_adm,Salário real de admissão (log),ddd,strict_no_tail_binning,6,False,False,estimated,24881,24881,341,pyfixest_retained_sample,ln_salario_real_adm ~ group_tm12 + did_tm12 + ddd_tm12 + group_tm11 + did_tm11 + ddd_tm11 + group_tm10 + did_tm10 + ddd_tm10 + group_tm9 + did_tm9 + ddd_tm9 + group_tm8 + did_tm8 + ddd_tm8 + group_tm7 + did_tm7 + ddd_tm7 + group_tm6 + did_tm6 + ddd_tm6 + group_tm5 + did_tm5 + ddd_tm5 + group_tm4 + did_tm4 + ddd_tm4 + group_tm3 + did_tm3 + ddd_tm3 + group_tm2 + did_tm2 + ddd_tm2 + group_t0 + did_t0 + ddd_t0 + group_t1 + did_t1 + ddd_t1 + group_t2 + did_t2 + ddd_t2 + group_t3 + did_t3 + ddd_t3 + group_t4 + did_t4 + ddd_t4 + group_t5 + did_t5 + ddd_t5 + group_t6 + did_t6 + ddd_t6 + group_t7 + did_t7 + ddd_t7 + group_t8 + did_t8 + ddd_t8 + group_t9 + did_t9 + ddd_t9 + group_t10 + did_t10 + ddd_t10 + group_t11 + did_t11 + ddd_t11 + group_t12 + did_t12 + ddd_t12 + group_t13 + did_t13 + ddd_t13 + group_t14 + did_t14 + ddd_t14 + group_t15 + did_t15 + ddd_t15 + group_t16 + did_t16 + ddd_t16 + group_t17 + did_t17 + ddd_t17 + group_t18 + did_t18 + ddd_t18 + group_t19 + did_t19 + ddd_t19 + group_t20 + did_t20 + ddd_t20 + group_t21 + did_t21 + ddd_t21 + group_t22 + did_t22 + ddd_t22 + group_t23 + did_t23 + ddd_t23 + group_t24 + did_t24 + ddd_t24 + treat_group + idade_media_adm + pct_mulher_adm + pct_superior_adm + pct_negra_adm | cbo_4d + periodo + subgroup,,0.004691174216447263,0.07469371414385756,0.9499583113474956,-0.14170850550551353,0.15109085393840807,estimated,adequate,75,266
race_color_b,race_white,Branca,ln_salario_real_adm,Salário real de admissão (log),ddd,strict_no_tail_binning,7,False,False,estimated,24881,24881,341,pyfixest_retained_sample,ln_salario_real_adm ~ group_tm12 + did_tm12 + ddd_tm12 + group_tm11 + did_tm11 + ddd_tm11 + group_tm10 + did_tm10 + ddd_tm10 + group_tm9 + did_tm9 + ddd_tm9 + group_tm8 + did_tm8 + ddd_tm8 + group_tm7 + did_tm7 + ddd_tm7 + group_tm6 + did_tm6 + ddd_tm6 + group_tm5 + did_tm5 + ddd_tm5 + group_tm4 + did_tm4 + ddd_tm4 + group_tm3 + did_tm3 + ddd_tm3 + group_tm2 + did_tm2 + ddd_tm2 + group_t0 + did_t0 + ddd_t0 + group_t1 + did_t1 + ddd_t1 + group_t2 + did_t2 + ddd_t2 + group_t3 + did_t3 + ddd_t3 + group_t4 + did_t4 + ddd_t4 + group_t5 + did_t5 + ddd_t5 + group_t6 + did_t6 + ddd_t6 + group_t7 + did_t7 + ddd_t7 + group_t8 + did_t8 + ddd_t8 + group_t9 + did_t9 + ddd_t9 + group_t10 + did_t10 + ddd_t10 + group_t11 + did_t11 + ddd_t11 + group_t12 + did_t12 + ddd_t12 + group_t13 + did_t13 + ddd_t13 + group_t14 + did_t14 + ddd_t14 + group_t15 + did_t15 + ddd_t15 + group_t16 + did_t16 + ddd_t16 + group_t17 + did_t17 + ddd_t17 + group_t18 + did_t18 + ddd_t18 + group_t19 + did_t19 + ddd_t19 + group_t20 + did_t20 + ddd_t20 + group_t21 + did_t21 + ddd_t21 + group_t22 + did_t22 + ddd_t22 + group_t23 + did_t23 + ddd_t23 + group_t24 + did_t24 + ddd_t24 + treat_group + idade_media_adm + pct_mulher_adm + pct_superior_adm + pct_negra_adm | cbo_4d + periodo + subgroup,,-0.02117217627872132,0.06908160078621442,0.7594262810371935,-0.15657211381970157,0.11422776126225893,estimated,adequate,75,266
race_color_b,race_white,Branca,ln_salario_real_adm,Salário real de admissão (log),ddd,strict_no_tail_binning,8,False,False,estimated,24881,24881,341,pyfixest_retained_sample,ln_salario_real_adm ~ group_tm12 + did_tm12 + ddd_tm12 + group_tm11 + did_tm11 + ddd_tm11 + group_tm10 + did_tm10 + ddd_tm10 + group_tm9 + did_tm9 + ddd_tm9 + group_tm8 + did_tm8 + ddd_tm8 + group_tm7 + did_tm7 + ddd_tm7 + group_tm6 + did_tm6 + ddd_tm6 + group_tm5 + did_tm5 + ddd_tm5 + group_tm4 + did_tm4 + ddd_tm4 + group_tm3 + did_tm3 + ddd_tm3 + group_tm2 + did_tm2 + ddd_tm2 + group_t0 + did_t0 + ddd_t0 + group_t1 + did_t1 + ddd_t1 + group_t2 + did_t2 + ddd_t2 + group_t3 + did_t3 + ddd_t3 + group_t4 + did_t4 + ddd_t4 + group_t5 + did_t5 + ddd_t5 + group_t6 + did_t6 + ddd_t6 + group_t7 + did_t7 + ddd_t7 + group_t8 + did_t8 + ddd_t8 + group_t9 + did_t9 + ddd_t9 + group_t10 + did_t10 + ddd_t10 + group_t11 + did_t11 + ddd_t11 + group_t12 + did_t12 + ddd_t12 + group_t13 + did_t13 + ddd_t13 + group_t14 + did_t14 + ddd_t14 + group_t15 + did_t15 + ddd_t15 + group_t16 + did_t16 + ddd_t16 + group_t17 + did_t17 + ddd_t17 + group_t18 + did_t18 + ddd_t18 + group_t19 + did_t19 + ddd_t19 + group_t20 + did_t20 + ddd_t20 + group_t21 + did_t21 + ddd_t21 + group_t22 + did_t22 + ddd_t22 + group_t23 + did_t23 + ddd_t23 + group_t24 + did_t24 + ddd_t24 + treat_group + idade_media_adm + pct_mulher_adm + pct_superior_adm + pct_negra_adm | cbo_4d + periodo + subgroup,,-0.051644122314120265,0.06067644483447614,0.3952908759359859,-0.17056995418969348,0.06728170956145296,estimated,adequate,75,266
race_color_b,race_white,Branca,ln_salario_real_adm,Salário real de admissão (log),ddd,strict_no_tail_binning,9,False,False,estimated,24881,24881,341,pyfixest_retained_sample,ln_salario_real_adm ~ group_tm12 + did_tm12 + ddd_tm12 + group_tm11 + did_tm11 + ddd_tm11 + group_tm10 + did_tm10 + ddd_tm10 + group_tm9 + did_tm9 + ddd_tm9 + group_tm8 + did_tm8 + ddd_tm8 + group_tm7 + did_tm7 + ddd_tm7 + group_tm6 + did_tm6 + ddd_tm6 + group_tm5 + did_tm5 + ddd_tm5 + group_tm4 + did_tm4 + ddd_tm4 + group_tm3 + did_tm3 + ddd_tm3 + group_tm2 + did_tm2 + ddd_tm2 + group_t0 + did_t0 + ddd_t0 + group_t1 + did_t1 + ddd_t1 + group_t2 + did_t2 + ddd_t2 + group_t3 + did_t3 + ddd_t3 + group_t4 + did_t4 + ddd_t4 + group_t5 + did_t5 + ddd_t5 + group_t6 + did_t6 + ddd_t6 + group_t7 + did_t7 + ddd_t7 + group_t8 + did_t8 + ddd_t8 + group_t9 + did_t9 + ddd_t9 + group_t10 + did_t10 + ddd_t10 + group_t11 + did_t11 + ddd_t11 + group_t12 + did_t12 + ddd_t12 + group_t13 + did_t13 + ddd_t13 + group_t14 + did_t14 + ddd_t14 + group_t15 + did_t15 + ddd_t15 + group_t16 + did_t16 + ddd_t16 + group_t17 + did_t17 + ddd_t17 + group_t18 + did_t18 + ddd_t18 + group_t19 + did_t19 + ddd_t19 + group_t20 + did_t20 + ddd_t20 + group_t21 + did_t21 + ddd_t21 + group_t22 + did_t22 + ddd_t22 + group_t23 + did_t23 + ddd_t23 + group_t24 + did_t24 + ddd_t24 + treat_group + idade_media_adm + pct_mulher_adm + pct_superior_adm + pct_negra_adm | cbo_4d + periodo + subgroup,,-0.005726476476286051,0.07127951876994286,0.9360154519385671,-0.14543433326537406,0.13398138031280196,estimated,adequate,75,266
race_color_b,race_white,Branca,ln_salario_real_adm,Salário real de admissão (log),ddd,strict_no_tail_binning,10,False,False,estimated,24881,24881,341,pyfixest_retained_sample,ln_salario_real_adm ~ group_tm12 + did_tm12 + ddd_tm12 + group_tm11 + did_tm11 + ddd_tm11 + group_tm10 + did_tm10 + ddd_tm10 + group_tm9 + did_tm9 + ddd_tm9 + group_tm8 + did_tm8 + ddd_tm8 + group_tm7 + did_tm7 + ddd_tm7 + group_tm6 + did_tm6 + ddd_tm6 + group_tm5 + did_tm5 + ddd_tm5 + group_tm4 + did_tm4 + ddd_tm4 + group_tm3 + did_tm3 + ddd_tm3 + group_tm2 + did_tm2 + ddd_tm2 + group_t0 + did_t0 + ddd_t0 + group_t1 + did_t1 + ddd_t1 + group_t2 + did_t2 + ddd_t2 + group_t3 + did_t3 + ddd_t3 + group_t4 + did_t4 + ddd_t4 + group_t5 + did_t5 + ddd_t5 + group_t6 + did_t6 + ddd_t6 + group_t7 + did_t7 + ddd_t7 + group_t8 + did_t8 + ddd_t8 + group_t9 + did_t9 + ddd_t9 + group_t10 + did_t10 + ddd_t10 + group_t11 + did_t11 + ddd_t11 + group_t12 + did_t12 + ddd_t12 + group_t13 + did_t13 + ddd_t13 + group_t14 + did_t14 + ddd_t14 + group_t15 + did_t15 + ddd_t15 + group_t16 + did_t16 + ddd_t16 + group_t17 + did_t17 + ddd_t17 + group_t18 + did_t18 + ddd_t18 + group_t19 + did_t19 + ddd_t19 + group_t20 + did_t20 + ddd_t20 + group_t21 + did_t21 + ddd_t21 + group_t22 + did_t22 + ddd_t22 + group_t23 + did_t23 + ddd_t23 + group_t24 + did_t24 + ddd_t24 + treat_group + idade_media_adm + pct_mulher_adm + pct_superior_adm + pct_negra_adm | cbo_4d + periodo + subgroup,,0.004972679160555456,0.06363983709721341,0.9377643744899271,-0.11976140154998283,0.12970675987109373,estimated,adequate,75,266
race_color_b,race_white,Branca,ln_salario_real_adm,Salário real de admissão (log),ddd,strict_no_tail_binning,11,False,False,estimated,24881,24881,341,pyfixest_retained_sample,ln_salario_real_adm ~ group_tm12 + did_tm12 + ddd_tm12 + group_tm11 + did_tm11 + ddd_tm11 + group_tm10 + did_tm10 + ddd_tm10 + group_tm9 + did_tm9 + ddd_tm9 + group_tm8 + did_tm8 + ddd_tm8 + group_tm7 + did_tm7 + ddd_tm7 + group_tm6 + did_tm6 + ddd_tm6 + group_tm5 + did_tm5 + ddd_tm5 + group_tm4 + did_tm4 + ddd_tm4 + group_tm3 + did_tm3 + ddd_tm3 + group_tm2 + did_tm2 + ddd_tm2 + group_t0 + did_t0 + ddd_t0 + group_t1 + did_t1 + ddd_t1 + group_t2 + did_t2 + ddd_t2 + group_t3 + did_t3 + ddd_t3 + group_t4 + did_t4 + ddd_t4 + group_t5 + did_t5 + ddd_t5 + group_t6 + did_t6 + ddd_t6 + group_t7 + did_t7 + ddd_t7 + group_t8 + did_t8 + ddd_t8 + group_t9 + did_t9 + ddd_t9 + group_t10 + did_t10 + ddd_t10 + group_t11 + did_t11 + ddd_t11 + group_t12 + did_t12 + ddd_t12 + group_t13 + did_t13 + ddd_t13 + group_t14 + did_t14 + ddd_t14 + group_t15 + did_t15 + ddd_t15 + group_t16 + did_t16 + ddd_t16 + group_t17 + did_t17 + ddd_t17 + group_t18 + did_t18 + ddd_t18 + group_t19 + did_t19 + ddd_t19 + group_t20 + did_t20 + ddd_t20 + group_t21 + did_t21 + ddd_t21 + group_t22 + did_t22 + ddd_t22 + group_t23 + did_t23 + ddd_t23 + group_t24 + did_t24 + ddd_t24 + treat_group + idade_media_adm + pct_mulher_adm + pct_superior_adm + pct_negra_adm | cbo_4d + periodo + subgroup,,-0.058824002357599846,0.06037502853850032,0.33059524066224366,-0.17715905829306047,0.059511053577860774,estimated,adequate,75,266
race_color_b,race_white,Branca,ln_salario_real_adm,Salário real de admissão (log),ddd,strict_no_tail_binning,12,False,False,estimated,24881,24881,341,pyfixest_retained_sample,ln_salario_real_adm ~ group_tm12 + did_tm12 + ddd_tm12 + group_tm11 + did_tm11 + ddd_tm11 + group_tm10 + did_tm10 + ddd_tm10 + group_tm9 + did_tm9 + ddd_tm9 + group_tm8 + did_tm8 + ddd_tm8 + group_tm7 + did_tm7 + ddd_tm7 + group_tm6 + did_tm6 + ddd_tm6 + group_tm5 + did_tm5 + ddd_tm5 + group_tm4 + did_tm4 + ddd_tm4 + group_tm3 + did_tm3 + ddd_tm3 + group_tm2 + did_tm2 + ddd_tm2 + group_t0 + did_t0 + ddd_t0 + group_t1 + did_t1 + ddd_t1 + group_t2 + did_t2 + ddd_t2 + group_t3 + did_t3 + ddd_t3 + group_t4 + did_t4 + ddd_t4 + group_t5 + did_t5 + ddd_t5 + group_t6 + did_t6 + ddd_t6 + group_t7 + did_t7 + ddd_t7 + group_t8 + did_t8 + ddd_t8 + group_t9 + did_t9 + ddd_t9 + group_t10 + did_t10 + ddd_t10 + group_t11 + did_t11 + ddd_t11 + group_t12 + did_t12 + ddd_t12 + group_t13 + did_t13 + ddd_t13 + group_t14 + did_t14 + ddd_t14 + group_t15 + did_t15 + ddd_t15 + group_t16 + did_t16 + ddd_t16 + group_t17 + did_t17 + ddd_t17 + group_t18 + did_t18 + ddd_t18 + group_t19 + did_t19 + ddd_t19 + group_t20 + did_t20 + ddd_t20 + group_t21 + did_t21 + ddd_t21 + group_t22 + did_t22 + ddd_t22 + group_t23 + did_t23 + ddd_t23 + group_t24 + did_t24 + ddd_t24 + treat_group + idade_media_adm + pct_mulher_adm + pct_superior_adm + pct_negra_adm | cbo_4d + periodo + subgroup,,-0.08961652683840113,0.06571337913502676,0.17354890449943428,-0.21841474994305357,0.039181696266251315,estimated,adequate,75,266
race_color_b,race_white,Branca,ln_salario_real_adm,Salário real de admissão (log),ddd,strict_no_tail_binning,13,False,False,estimated,24881,24881,341,pyfixest_retained_sample,ln_salario_real_adm ~ group_tm12 + did_tm12 + ddd_tm12 + group_tm11 + did_tm11 + ddd_tm11 + group_tm10 + did_tm10 + ddd_tm10 + group_tm9 + did_tm9 + ddd_tm9 + group_tm8 + did_tm8 + ddd_tm8 + group_tm7 + did_tm7 + ddd_tm7 + group_tm6 + did_tm6 + ddd_tm6 + group_tm5 + did_tm5 + ddd_tm5 + group_tm4 + did_tm4 + ddd_tm4 + group_tm3 + did_tm3 + ddd_tm3 + group_tm2 + did_tm2 + ddd_tm2 + group_t0 + did_t0 + ddd_t0 + group_t1 + did_t1 + ddd_t1 + group_t2 + did_t2 + ddd_t2 + group_t3 + did_t3 + ddd_t3 + group_t4 + did_t4 + ddd_t4 + group_t5 + did_t5 + ddd_t5 + group_t6 + did_t6 + ddd_t6 + group_t7 + did_t7 + ddd_t7 + group_t8 + did_t8 + ddd_t8 + group_t9 + did_t9 + ddd_t9 + group_t10 + did_t10 + ddd_t10 + group_t11 + did_t11 + ddd_t11 + group_t12 + did_t12 + ddd_t12 + group_t13 + did_t13 + ddd_t13 + group_t14 + did_t14 + ddd_t14 + group_t15 + did_t15 + ddd_t15 + group_t16 + did_t16 + ddd_t16 + group_t17 + did_t17 + ddd_t17 + group_t18 + did_t18 + ddd_t18 + group_t19 + did_t19 + ddd_t19 + group_t20 + did_t20 + ddd_t20 + group_t21 + did_t21 + ddd_t21 + group_t22 + did_t22 + ddd_t22 + group_t23 + did_t23 + ddd_t23 + group_t24 + did_t24 + ddd_t24 + treat_group + idade_media_adm + pct_mulher_adm + pct_superior_adm + pct_negra_adm | cbo_4d + periodo + subgroup,,-0.03722996098527596,0.06718664142258175,0.5798559058353345,-0.16891577817353617,0.09445585620298427,estimated,adequate,75,266
race_color_b,race_white,Branca,ln_salario_real_adm,Salário real de admissão (log),ddd,strict_no_tail_binning,14,False,False,estimated,24881,24881,341,pyfixest_retained_sample,ln_salario_real_adm ~ group_tm12 + did_tm12 + ddd_tm12 + group_tm11 + did_tm11 + ddd_tm11 + group_tm10 + did_tm10 + ddd_tm10 + group_tm9 + did_tm9 + ddd_tm9 + group_tm8 + did_tm8 + ddd_tm8 + group_tm7 + did_tm7 + ddd_tm7 + group_tm6 + did_tm6 + ddd_tm6 + group_tm5 + did_tm5 + ddd_tm5 + group_tm4 + did_tm4 + ddd_tm4 + group_tm3 + did_tm3 + ddd_tm3 + group_tm2 + did_tm2 + ddd_tm2 + group_t0 + did_t0 + ddd_t0 + group_t1 + did_t1 + ddd_t1 + group_t2 + did_t2 + ddd_t2 + group_t3 + did_t3 + ddd_t3 + group_t4 + did_t4 + ddd_t4 + group_t5 + did_t5 + ddd_t5 + group_t6 + did_t6 + ddd_t6 + group_t7 + did_t7 + ddd_t7 + group_t8 + did_t8 + ddd_t8 + group_t9 + did_t9 + ddd_t9 + group_t10 + did_t10 + ddd_t10 + group_t11 + did_t11 + ddd_t11 + group_t12 + did_t12 + ddd_t12 + group_t13 + did_t13 + ddd_t13 + group_t14 + did_t14 + ddd_t14 + group_t15 + did_t15 + ddd_t15 + group_t16 + did_t16 + ddd_t16 + group_t17 + did_t17 + ddd_t17 + group_t18 + did_t18 + ddd_t18 + group_t19 + did_t19 + ddd_t19 + group_t20 + did_t20 + ddd_t20 + group_t21 + did_t21 + ddd_t21 + group_t22 + did_t22 + ddd_t22 + group_t23 + did_t23 + ddd_t23 + group_t24 + did_t24 + ddd_t24 + treat_group + idade_media_adm + pct_mulher_adm + pct_superior_adm + pct_negra_adm | cbo_4d + periodo + subgroup,,0.0033713227555985195,0.05736754171165212,0.9531721557335397,-0.10906905899923963,0.11581170451043668,estimated,adequate,75,266
race_color_b,race_white,Branca,ln_salario_real_adm,Salário real de admissão (log),ddd,strict_no_tail_binning,15,False,False,estimated,24881,24881,341,pyfixest_retained_sample,ln_salario_real_adm ~ group_tm12 + did_tm12 + ddd_tm12 + group_tm11 + did_tm11 + ddd_tm11 + group_tm10 + did_tm10 + ddd_tm10 + group_tm9 + did_tm9 + ddd_tm9 + group_tm8 + did_tm8 + ddd_tm8 + group_tm7 + did_tm7 + ddd_tm7 + group_tm6 + did_tm6 + ddd_tm6 + group_tm5 + did_tm5 + ddd_tm5 + group_tm4 + did_tm4 + ddd_tm4 + group_tm3 + did_tm3 + ddd_tm3 + group_tm2 + did_tm2 + ddd_tm2 + group_t0 + did_t0 + ddd_t0 + group_t1 + did_t1 + ddd_t1 + group_t2 + did_t2 + ddd_t2 + group_t3 + did_t3 + ddd_t3 + group_t4 + did_t4 + ddd_t4 + group_t5 + did_t5 + ddd_t5 + group_t6 + did_t6 + ddd_t6 + group_t7 + did_t7 + ddd_t7 + group_t8 + did_t8 + ddd_t8 + group_t9 + did_t9 + ddd_t9 + group_t10 + did_t10 + ddd_t10 + group_t11 + did_t11 + ddd_t11 + group_t12 + did_t12 + ddd_t12 + group_t13 + did_t13 + ddd_t13 + group_t14 + did_t14 + ddd_t14 + group_t15 + did_t15 + ddd_t15 + group_t16 + did_t16 + ddd_t16 + group_t17 + did_t17 + ddd_t17 + group_t18 + did_t18 + ddd_t18 + group_t19 + did_t19 + ddd_t19 + group_t20 + did_t20 + ddd_t20 + group_t21 + did_t21 + ddd_t21 + group_t22 + did_t22 + ddd_t22 + group_t23 + did_t23 + ddd_t23 + group_t24 + did_t24 + ddd_t24 + treat_group + idade_media_adm + pct_mulher_adm + pct_superior_adm + pct_negra_adm | cbo_4d + periodo + subgroup,,-0.13477605755125535,0.13581311329164547,0.3217256530963353,-0.4009697596028805,0.13141764450036977,estimated,adequate,75,266
race_color_b,race_white,Branca,ln_salario_real_adm,Salário real de admissão (log),ddd,strict_no_tail_binning,16,False,False,estimated,24881,24881,341,pyfixest_retained_sample,ln_salario_real_adm ~ group_tm12 + did_tm12 + ddd_tm12 + group_tm11 + did_tm11 + ddd_tm11 + group_tm10 + did_tm10 + ddd_tm10 + group_tm9 + did_tm9 + ddd_tm9 + group_tm8 + did_tm8 + ddd_tm8 + group_tm7 + did_tm7 + ddd_tm7 + group_tm6 + did_tm6 + ddd_tm6 + group_tm5 + did_tm5 + ddd_tm5 + group_tm4 + did_tm4 + ddd_tm4 + group_tm3 + did_tm3 + ddd_tm3 + group_tm2 + did_tm2 + ddd_tm2 + group_t0 + did_t0 + ddd_t0 + group_t1 + did_t1 + ddd_t1 + group_t2 + did_t2 + ddd_t2 + group_t3 + did_t3 + ddd_t3 + group_t4 + did_t4 + ddd_t4 + group_t5 + did_t5 + ddd_t5 + group_t6 + did_t6 + ddd_t6 + group_t7 + did_t7 + ddd_t7 + group_t8 + did_t8 + ddd_t8 + group_t9 + did_t9 + ddd_t9 + group_t10 + did_t10 + ddd_t10 + group_t11 + did_t11 + ddd_t11 + group_t12 + did_t12 + ddd_t12 + group_t13 + did_t13 + ddd_t13 + group_t14 + did_t14 + ddd_t14 + group_t15 + did_t15 + ddd_t15 + group_t16 + did_t16 + ddd_t16 + group_t17 + did_t17 + ddd_t17 + group_t18 + did_t18 + ddd_t18 + group_t19 + did_t19 + ddd_t19 + group_t20 + did_t20 + ddd_t20 + group_t21 + did_t21 + ddd_t21 + group_t22 + did_t22 + ddd_t22 + group_t23 + did_t23 + ddd_t23 + group_t24 + did_t24 + ddd_t24 + treat_group + idade_media_adm + pct_mulher_adm + pct_superior_adm + pct_negra_adm | cbo_4d + periodo + subgroup,,0.0022754152890831205,0.061130573939718,0.970329671445123,-0.11754050963276415,0.12209134021093039,estimated,adequate,75,266
race_color_b,race_white,Branca,ln_salario_real_adm,Salário real de admissão (log),ddd,strict_no_tail_binning,17,False,False,estimated,24881,24881,341,pyfixest_retained_sample,ln_salario_real_adm ~ group_tm12 + did_tm12 + ddd_tm12 + group_tm11 + did_tm11 + ddd_tm11 + group_tm10 + did_tm10 + ddd_tm10 + group_tm9 + did_tm9 + ddd_tm9 + group_tm8 + did_tm8 + ddd_tm8 + group_tm7 + did_tm7 + ddd_tm7 + group_tm6 + did_tm6 + ddd_tm6 + group_tm5 + did_tm5 + ddd_tm5 + group_tm4 + did_tm4 + ddd_tm4 + group_tm3 + did_tm3 + ddd_tm3 + group_tm2 + did_tm2 + ddd_tm2 + group_t0 + did_t0 + ddd_t0 + group_t1 + did_t1 + ddd_t1 + group_t2 + did_t2 + ddd_t2 + group_t3 + did_t3 + ddd_t3 + group_t4 + did_t4 + ddd_t4 + group_t5 + did_t5 + ddd_t5 + group_t6 + did_t6 + ddd_t6 + group_t7 + did_t7 + ddd_t7 + group_t8 + did_t8 + ddd_t8 + group_t9 + did_t9 + ddd_t9 + group_t10 + did_t10 + ddd_t10 + group_t11 + did_t11 + ddd_t11 + group_t12 + did_t12 + ddd_t12 + group_t13 + did_t13 + ddd_t13 + group_t14 + did_t14 + ddd_t14 + group_t15 + did_t15 + ddd_t15 + group_t16 + did_t16 + ddd_t16 + group_t17 + did_t17 + ddd_t17 + group_t18 + did_t18 + ddd_t18 + group_t19 + did_t19 + ddd_t19 + group_t20 + did_t20 + ddd_t20 + group_t21 + did_t21 + ddd_t21 + group_t22 + did_t22 + ddd_t22 + group_t23 + did_t23 + ddd_t23 + group_t24 + did_t24 + ddd_t24 + treat_group + idade_media_adm + pct_mulher_adm + pct_superior_adm + pct_negra_adm | cbo_4d + periodo + subgroup,,0.013983709726696072,0.06640469876627685,0.833338718697566,-0.11616949985520653,0.14413691930859868,estimated,adequate,75,266
race_color_b,race_white,Branca,ln_salario_real_adm,Salário real de admissão (log),ddd,strict_no_tail_binning,18,False,False,estimated,24881,24881,341,pyfixest_retained_sample,ln_salario_real_adm ~ group_tm12 + did_tm12 + ddd_tm12 + group_tm11 + did_tm11 + ddd_tm11 + group_tm10 + did_tm10 + ddd_tm10 + group_tm9 + did_tm9 + ddd_tm9 + group_tm8 + did_tm8 + ddd_tm8 + group_tm7 + did_tm7 + ddd_tm7 + group_tm6 + did_tm6 + ddd_tm6 + group_tm5 + did_tm5 + ddd_tm5 + group_tm4 + did_tm4 + ddd_tm4 + group_tm3 + did_tm3 + ddd_tm3 + group_tm2 + did_tm2 + ddd_tm2 + group_t0 + did_t0 + ddd_t0 + group_t1 + did_t1 + ddd_t1 + group_t2 + did_t2 + ddd_t2 + group_t3 + did_t3 + ddd_t3 + group_t4 + did_t4 + ddd_t4 + group_t5 + did_t5 + ddd_t5 + group_t6 + did_t6 + ddd_t6 + group_t7 + did_t7 + ddd_t7 + group_t8 + did_t8 + ddd_t8 + group_t9 + did_t9 + ddd_t9 + group_t10 + did_t10 + ddd_t10 + group_t11 + did_t11 + ddd_t11 + group_t12 + did_t12 + ddd_t12 + group_t13 + did_t13 + ddd_t13 + group_t14 + did_t14 + ddd_t14 + group_t15 + did_t15 + ddd_t15 + group_t16 + did_t16 + ddd_t16 + group_t17 + did_t17 + ddd_t17 + group_t18 + did_t18 + ddd_t18 + group_t19 + did_t19 + ddd_t19 + group_t20 + did_t20 + ddd_t20 + group_t21 + did_t21 + ddd_t21 + group_t22 + did_t22 + ddd_t22 + group_t23 + did_t23 + ddd_t23 + group_t24 + did_t24 + ddd_t24 + treat_group + idade_media_adm + pct_mulher_adm + pct_superior_adm + pct_negra_adm | cbo_4d + periodo + subgroup,,-0.011849696075074266,0.06115626522167593,0.8464787707106356,-0.13171597590955908,0.10801658375941056,estimated,adequate,75,266
race_color_b,race_white,Branca,ln_salario_real_adm,Salário real de admissão (log),ddd,strict_no_tail_binning,19,False,False,estimated,24881,24881,341,pyfixest_retained_sample,ln_salario_real_adm ~ group_tm12 + did_tm12 + ddd_tm12 + group_tm11 + did_tm11 + ddd_tm11 + group_tm10 + did_tm10 + ddd_tm10 + group_tm9 + did_tm9 + ddd_tm9 + group_tm8 + did_tm8 + ddd_tm8 + group_tm7 + did_tm7 + ddd_tm7 + group_tm6 + did_tm6 + ddd_tm6 + group_tm5 + did_tm5 + ddd_tm5 + group_tm4 + did_tm4 + ddd_tm4 + group_tm3 + did_tm3 + ddd_tm3 + group_tm2 + did_tm2 + ddd_tm2 + group_t0 + did_t0 + ddd_t0 + group_t1 + did_t1 + ddd_t1 + group_t2 + did_t2 + ddd_t2 + group_t3 + did_t3 + ddd_t3 + group_t4 + did_t4 + ddd_t4 + group_t5 + did_t5 + ddd_t5 + group_t6 + did_t6 + ddd_t6 + group_t7 + did_t7 + ddd_t7 + group_t8 + did_t8 + ddd_t8 + group_t9 + did_t9 + ddd_t9 + group_t10 + did_t10 + ddd_t10 + group_t11 + did_t11 + ddd_t11 + group_t12 + did_t12 + ddd_t12 + group_t13 + did_t13 + ddd_t13 + group_t14 + did_t14 + ddd_t14 + group_t15 + did_t15 + ddd_t15 + group_t16 + did_t16 + ddd_t16 + group_t17 + did_t17 + ddd_t17 + group_t18 + did_t18 + ddd_t18 + group_t19 + did_t19 + ddd_t19 + group_t20 + did_t20 + ddd_t20 + group_t21 + did_t21 + ddd_t21 + group_t22 + did_t22 + ddd_t22 + group_t23 + did_t23 + ddd_t23 + group_t24 + did_t24 + ddd_t24 + treat_group + idade_media_adm + pct_mulher_adm + pct_superior_adm + pct_negra_adm | cbo_4d + periodo + subgroup,,0.10562455428012671,0.06708964363066837,0.11632977743100548,-0.0258711472359833,0.23712025579623672,estimated,adequate,75,266
race_color_b,race_white,Branca,ln_salario_real_adm,Salário real de admissão (log),ddd,strict_no_tail_binning,20,False,False,estimated,24881,24881,341,pyfixest_retained_sample,ln_salario_real_adm ~ group_tm12 + did_tm12 + ddd_tm12 + group_tm11 + did_tm11 + ddd_tm11 + group_tm10 + did_tm10 + ddd_tm10 + group_tm9 + did_tm9 + ddd_tm9 + group_tm8 + did_tm8 + ddd_tm8 + group_tm7 + did_tm7 + ddd_tm7 + group_tm6 + did_tm6 + ddd_tm6 + group_tm5 + did_tm5 + ddd_tm5 + group_tm4 + did_tm4 + ddd_tm4 + group_tm3 + did_tm3 + ddd_tm3 + group_tm2 + did_tm2 + ddd_tm2 + group_t0 + did_t0 + ddd_t0 + group_t1 + did_t1 + ddd_t1 + group_t2 + did_t2 + ddd_t2 + group_t3 + did_t3 + ddd_t3 + group_t4 + did_t4 + ddd_t4 + group_t5 + did_t5 + ddd_t5 + group_t6 + did_t6 + ddd_t6 + group_t7 + did_t7 + ddd_t7 + group_t8 + did_t8 + ddd_t8 + group_t9 + did_t9 + ddd_t9 + group_t10 + did_t10 + ddd_t10 + group_t11 + did_t11 + ddd_t11 + group_t12 + did_t12 + ddd_t12 + group_t13 + did_t13 + ddd_t13 + group_t14 + did_t14 + ddd_t14 + group_t15 + did_t15 + ddd_t15 + group_t16 + did_t16 + ddd_t16 + group_t17 + did_t17 + ddd_t17 + group_t18 + did_t18 + ddd_t18 + group_t19 + did_t19 + ddd_t19 + group_t20 + did_t20 + ddd_t20 + group_t21 + did_t21 + ddd_t21 + group_t22 + did_t22 + ddd_t22 + group_t23 + did_t23 + ddd_t23 + group_t24 + did_t24 + ddd_t24 + treat_group + idade_media_adm + pct_mulher_adm + pct_superior_adm + pct_negra_adm | cbo_4d + periodo + subgroup,,0.036439539694146754,0.07850798256996849,0.6428367801201023,-0.11743610614299149,0.190315185531285,estimated,adequate,75,266
race_color_b,race_white,Branca,ln_salario_real_adm,Salário real de admissão (log),ddd,strict_no_tail_binning,21,False,False,estimated,24881,24881,341,pyfixest_retained_sample,ln_salario_real_adm ~ group_tm12 + did_tm12 + ddd_tm12 + group_tm11 + did_tm11 + ddd_tm11 + group_tm10 + did_tm10 + ddd_tm10 + group_tm9 + did_tm9 + ddd_tm9 + group_tm8 + did_tm8 + ddd_tm8 + group_tm7 + did_tm7 + ddd_tm7 + group_tm6 + did_tm6 + ddd_tm6 + group_tm5 + did_tm5 + ddd_tm5 + group_tm4 + did_tm4 + ddd_tm4 + group_tm3 + did_tm3 + ddd_tm3 + group_tm2 + did_tm2 + ddd_tm2 + group_t0 + did_t0 + ddd_t0 + group_t1 + did_t1 + ddd_t1 + group_t2 + did_t2 + ddd_t2 + group_t3 + did_t3 + ddd_t3 + group_t4 + did_t4 + ddd_t4 + group_t5 + did_t5 + ddd_t5 + group_t6 + did_t6 + ddd_t6 + group_t7 + did_t7 + ddd_t7 + group_t8 + did_t8 + ddd_t8 + group_t9 + did_t9 + ddd_t9 + group_t10 + did_t10 + ddd_t10 + group_t11 + did_t11 + ddd_t11 + group_t12 + did_t12 + ddd_t12 + group_t13 + did_t13 + ddd_t13 + group_t14 + did_t14 + ddd_t14 + group_t15 + did_t15 + ddd_t15 + group_t16 + did_t16 + ddd_t16 + group_t17 + did_t17 + ddd_t17 + group_t18 + did_t18 + ddd_t18 + group_t19 + did_t19 + ddd_t19 + group_t20 + did_t20 + ddd_t20 + group_t21 + did_t21 + ddd_t21 + group_t22 + did_t22 + ddd_t22 + group_t23 + did_t23 + ddd_t23 + group_t24 + did_t24 + ddd_t24 + treat_group + idade_media_adm + pct_mulher_adm + pct_superior_adm + pct_negra_adm | cbo_4d + periodo + subgroup,,0.0458187380792426,0.05673089240601688,0.41985643463074607,-0.06537381103655049,0.15701128719503568,estimated,adequate,75,266
race_color_b,race_white,Branca,ln_salario_real_adm,Salário real de admissão (log),ddd,strict_no_tail_binning,22,False,False,estimated,24881,24881,341,pyfixest_retained_sample,ln_salario_real_adm ~ group_tm12 + did_tm12 + ddd_tm12 + group_tm11 + did_tm11 + ddd_tm11 + group_tm10 + did_tm10 + ddd_tm10 + group_tm9 + did_tm9 + ddd_tm9 + group_tm8 + did_tm8 + ddd_tm8 + group_tm7 + did_tm7 + ddd_tm7 + group_tm6 + did_tm6 + ddd_tm6 + group_tm5 + did_tm5 + ddd_tm5 + group_tm4 + did_tm4 + ddd_tm4 + group_tm3 + did_tm3 + ddd_tm3 + group_tm2 + did_tm2 + ddd_tm2 + group_t0 + did_t0 + ddd_t0 + group_t1 + did_t1 + ddd_t1 + group_t2 + did_t2 + ddd_t2 + group_t3 + did_t3 + ddd_t3 + group_t4 + did_t4 + ddd_t4 + group_t5 + did_t5 + ddd_t5 + group_t6 + did_t6 + ddd_t6 + group_t7 + did_t7 + ddd_t7 + group_t8 + did_t8 + ddd_t8 + group_t9 + did_t9 + ddd_t9 + group_t10 + did_t10 + ddd_t10 + group_t11 + did_t11 + ddd_t11 + group_t12 + did_t12 + ddd_t12 + group_t13 + did_t13 + ddd_t13 + group_t14 + did_t14 + ddd_t14 + group_t15 + did_t15 + ddd_t15 + group_t16 + did_t16 + ddd_t16 + group_t17 + did_t17 + ddd_t17 + group_t18 + did_t18 + ddd_t18 + group_t19 + did_t19 + ddd_t19 + group_t20 + did_t20 + ddd_t20 + group_t21 + did_t21 + ddd_t21 + group_t22 + did_t22 + ddd_t22 + group_t23 + did_t23 + ddd_t23 + group_t24 + did_t24 + ddd_t24 + treat_group + idade_media_adm + pct_mulher_adm + pct_superior_adm + pct_negra_adm | cbo_4d + periodo + subgroup,,0.020670680681232536,0.05935839894404693,0.7278791086242031,-0.09567178124909945,0.13701314261156453,estimated,adequate,75,266
race_color_b,race_white,Branca,ln_salario_real_adm,Salário real de admissão (log),ddd,strict_no_tail_binning,23,False,False,estimated,24881,24881,341,pyfixest_retained_sample,ln_salario_real_adm ~ group_tm12 + did_tm12 + ddd_tm12 + group_tm11 + did_tm11 + ddd_tm11 + group_tm10 + did_tm10 + ddd_tm10 + group_tm9 + did_tm9 + ddd_tm9 + group_tm8 + did_tm8 + ddd_tm8 + group_tm7 + did_tm7 + ddd_tm7 + group_tm6 + did_tm6 + ddd_tm6 + group_tm5 + did_tm5 + ddd_tm5 + group_tm4 + did_tm4 + ddd_tm4 + group_tm3 + did_tm3 + ddd_tm3 + group_tm2 + did_tm2 + ddd_tm2 + group_t0 + did_t0 + ddd_t0 + group_t1 + did_t1 + ddd_t1 + group_t2 + did_t2 + ddd_t2 + group_t3 + did_t3 + ddd_t3 + group_t4 + did_t4 + ddd_t4 + group_t5 + did_t5 + ddd_t5 + group_t6 + did_t6 + ddd_t6 + group_t7 + did_t7 + ddd_t7 + group_t8 + did_t8 + ddd_t8 + group_t9 + did_t9 + ddd_t9 + group_t10 + did_t10 + ddd_t10 + group_t11 + did_t11 + ddd_t11 + group_t12 + did_t12 + ddd_t12 + group_t13 + did_t13 + ddd_t13 + group_t14 + did_t14 + ddd_t14 + group_t15 + did_t15 + ddd_t15 + group_t16 + did_t16 + ddd_t16 + group_t17 + did_t17 + ddd_t17 + group_t18 + did_t18 + ddd_t18 + group_t19 + did_t19 + ddd_t19 + group_t20 + did_t20 + ddd_t20 + group_t21 + did_t21 + ddd_t21 + group_t22 + did_t22 + ddd_t22 + group_t23 + did_t23 + ddd_t23 + group_t24 + did_t24 + ddd_t24 + treat_group + idade_media_adm + pct_mulher_adm + pct_superior_adm + pct_negra_adm | cbo_4d + periodo + subgroup,,0.054787212719274045,0.05729434616010544,0.3396298135873854,-0.05750970575453261,0.1670841311930807,estimated,adequate,75,266
race_color_b,race_white,Branca,ln_salario_real_adm,Salário real de admissão (log),ddd,strict_no_tail_binning,24,False,False,estimated,24881,24881,341,pyfixest_retained_sample,ln_salario_real_adm ~ group_tm12 + did_tm12 + ddd_tm12 + group_tm11 + did_tm11 + ddd_tm11 + group_tm10 + did_tm10 + ddd_tm10 + group_tm9 + did_tm9 + ddd_tm9 + group_tm8 + did_tm8 + ddd_tm8 + group_tm7 + did_tm7 + ddd_tm7 + group_tm6 + did_tm6 + ddd_tm6 + group_tm5 + did_tm5 + ddd_tm5 + group_tm4 + did_tm4 + ddd_tm4 + group_tm3 + did_tm3 + ddd_tm3 + group_tm2 + did_tm2 + ddd_tm2 + group_t0 + did_t0 + ddd_t0 + group_t1 + did_t1 + ddd_t1 + group_t2 + did_t2 + ddd_t2 + group_t3 + did_t3 + ddd_t3 + group_t4 + did_t4 + ddd_t4 + group_t5 + did_t5 + ddd_t5 + group_t6 + did_t6 + ddd_t6 + group_t7 + did_t7 + ddd_t7 + group_t8 + did_t8 + ddd_t8 + group_t9 + did_t9 + ddd_t9 + group_t10 + did_t10 + ddd_t10 + group_t11 + did_t11 + ddd_t11 + group_t12 + did_t12 + ddd_t12 + group_t13 + did_t13 + ddd_t13 + group_t14 + did_t14 + ddd_t14 + group_t15 + did_t15 + ddd_t15 + group_t16 + did_t16 + ddd_t16 + group_t17 + did_t17 + ddd_t17 + group_t18 + did_t18 + ddd_t18 + group_t19 + did_t19 + ddd_t19 + group_t20 + did_t20 + ddd_t20 + group_t21 + did_t21 + ddd_t21 + group_t22 + did_t22 + ddd_t22 + group_t23 + did_t23 + ddd_t23 + group_t24 + did_t24 + ddd_t24 + treat_group + idade_media_adm + pct_mulher_adm + pct_superior_adm + pct_negra_adm | cbo_4d + periodo + subgroup,,-0.052363589724394276,0.07861527041387313,0.5058154482941246,-0.20644951973558562,0.10172234028679705,estimated,adequate,75,266
race_color_b,race_black_combined,Negra (preta e parda),ln_admissoes,Admissões (log),ddd,strict_no_tail_binning,-12,False,True,estimated,25076,25076,341,pyfixest_retained_sample,ln_admissoes ~ group_tm12 + did_tm12 + ddd_tm12 + group_tm11 + did_tm11 + ddd_tm11 + group_tm10 + did_tm10 + ddd_tm10 + group_tm9 + did_tm9 + ddd_tm9 + group_tm8 + did_tm8 + ddd_tm8 + group_tm7 + did_tm7 + ddd_tm7 + group_tm6 + did_tm6 + ddd_tm6 + group_tm5 + did_tm5 + ddd_tm5 + group_tm4 + did_tm4 + ddd_tm4 + group_tm3 + did_tm3 + ddd_tm3 + group_tm2 + did_tm2 + ddd_tm2 + group_t0 + did_t0 + ddd_t0 + group_t1 + did_t1 + ddd_t1 + group_t2 + did_t2 + ddd_t2 + group_t3 + did_t3 + ddd_t3 + group_t4 + did_t4 + ddd_t4 + group_t5 + did_t5 + ddd_t5 + group_t6 + did_t6 + ddd_t6 + group_t7 + did_t7 + ddd_t7 + group_t8 + did_t8 + ddd_t8 + group_t9 + did_t9 + ddd_t9 + group_t10 + did_t10 + ddd_t10 + group_t11 + did_t11 + ddd_t11 + group_t12 + did_t12 + ddd_t12 + group_t13 + did_t13 + ddd_t13 + group_t14 + did_t14 + ddd_t14 + group_t15 + did_t15 + ddd_t15 + group_t16 + did_t16 + ddd_t16 + group_t17 + did_t17 + ddd_t17 + group_t18 + did_t18 + ddd_t18 + group_t19 + did_t19 + ddd_t19 + group_t20 + did_t20 + ddd_t20 + group_t21 + did_t21 + ddd_t21 + group_t22 + did_t22 + ddd_t22 + group_t23 + did_t23 + ddd_t23 + group_t24 + did_t24 + ddd_t24 + treat_group + idade_media_adm + pct_mulher_adm + pct_superior_adm + pct_negra_adm | cbo_4d + periodo + subgroup,,0.01714770061190359,0.05250593999304497,0.7441820409575253,-0.08576394177446454,0.12005934299827171,estimated,adequate,75,266
race_color_b,race_black_combined,Negra (preta e parda),ln_admissoes,Admissões (log),ddd,strict_no_tail_binning,-11,False,True,estimated,25076,25076,341,pyfixest_retained_sample,ln_admissoes ~ group_tm12 + did_tm12 + ddd_tm12 + group_tm11 + did_tm11 + ddd_tm11 + group_tm10 + did_tm10 + ddd_tm10 + group_tm9 + did_tm9 + ddd_tm9 + group_tm8 + did_tm8 + ddd_tm8 + group_tm7 + did_tm7 + ddd_tm7 + group_tm6 + did_tm6 + ddd_tm6 + group_tm5 + did_tm5 + ddd_tm5 + group_tm4 + did_tm4 + ddd_tm4 + group_tm3 + did_tm3 + ddd_tm3 + group_tm2 + did_tm2 + ddd_tm2 + group_t0 + did_t0 + ddd_t0 + group_t1 + did_t1 + ddd_t1 + group_t2 + did_t2 + ddd_t2 + group_t3 + did_t3 + ddd_t3 + group_t4 + did_t4 + ddd_t4 + group_t5 + did_t5 + ddd_t5 + group_t6 + did_t6 + ddd_t6 + group_t7 + did_t7 + ddd_t7 + group_t8 + did_t8 + ddd_t8 + group_t9 + did_t9 + ddd_t9 + group_t10 + did_t10 + ddd_t10 + group_t11 + did_t11 + ddd_t11 + group_t12 + did_t12 + ddd_t12 + group_t13 + did_t13 + ddd_t13 + group_t14 + did_t14 + ddd_t14 + group_t15 + did_t15 + ddd_t15 + group_t16 + did_t16 + ddd_t16 + group_t17 + did_t17 + ddd_t17 + group_t18 + did_t18 + ddd_t18 + group_t19 + did_t19 + ddd_t19 + group_t20 + did_t20 + ddd_t20 + group_t21 + did_t21 + ddd_t21 + group_t22 + did_t22 + ddd_t22 + group_t23 + did_t23 + ddd_t23 + group_t24 + did_t24 + ddd_t24 + treat_group + idade_media_adm + pct_mulher_adm + pct_superior_adm + pct_negra_adm | cbo_4d + periodo + subgroup,,0.02237172759855361,0.05086518267801174,0.6603440307716693,-0.07732403045034938,0.12206748564745662,estimated,adequate,75,266
race_color_b,race_black_combined,Negra (preta e parda),ln_admissoes,Admissões (log),ddd,strict_no_tail_binning,-10,False,True,estimated,25076,25076,341,pyfixest_retained_sample,ln_admissoes ~ group_tm12 + did_tm12 + ddd_tm12 + group_tm11 + did_tm11 + ddd_tm11 + group_tm10 + did_tm10 + ddd_tm10 + group_tm9 + did_tm9 + ddd_tm9 + group_tm8 + did_tm8 + ddd_tm8 + group_tm7 + did_tm7 + ddd_tm7 + group_tm6 + did_tm6 + ddd_tm6 + group_tm5 + did_tm5 + ddd_tm5 + group_tm4 + did_tm4 + ddd_tm4 + group_tm3 + did_tm3 + ddd_tm3 + group_tm2 + did_tm2 + ddd_tm2 + group_t0 + did_t0 + ddd_t0 + group_t1 + did_t1 + ddd_t1 + group_t2 + did_t2 + ddd_t2 + group_t3 + did_t3 + ddd_t3 + group_t4 + did_t4 + ddd_t4 + group_t5 + did_t5 + ddd_t5 + group_t6 + did_t6 + ddd_t6 + group_t7 + did_t7 + ddd_t7 + group_t8 + did_t8 + ddd_t8 + group_t9 + did_t9 + ddd_t9 + group_t10 + did_t10 + ddd_t10 + group_t11 + did_t11 + ddd_t11 + group_t12 + did_t12 + ddd_t12 + group_t13 + did_t13 + ddd_t13 + group_t14 + did_t14 + ddd_t14 + group_t15 + did_t15 + ddd_t15 + group_t16 + did_t16 + ddd_t16 + group_t17 + did_t17 + ddd_t17 + group_t18 + did_t18 + ddd_t18 + group_t19 + did_t19 + ddd_t19 + group_t20 + did_t20 + ddd_t20 + group_t21 + did_t21 + ddd_t21 + group_t22 + did_t22 + ddd_t22 + group_t23 + did_t23 + ddd_t23 + group_t24 + did_t24 + ddd_t24 + treat_group + idade_media_adm + pct_mulher_adm + pct_superior_adm + pct_negra_adm | cbo_4d + periodo + subgroup,,0.07376725277215951,0.056017416046033934,0.1887714930347424,-0.036026882678067,0.18356138822238602,estimated,adequate,75,266
race_color_b,race_black_combined,Negra (preta e parda),ln_admissoes,Admissões (log),ddd,strict_no_tail_binning,-9,False,True,estimated,25076,25076,341,pyfixest_retained_sample,ln_admissoes ~ group_tm12 + did_tm12 + ddd_tm12 + group_tm11 + did_tm11 + ddd_tm11 + group_tm10 + did_tm10 + ddd_tm10 + group_tm9 + did_tm9 + ddd_tm9 + group_tm8 + did_tm8 + ddd_tm8 + group_tm7 + did_tm7 + ddd_tm7 + group_tm6 + did_tm6 + ddd_tm6 + group_tm5 + did_tm5 + ddd_tm5 + group_tm4 + did_tm4 + ddd_tm4 + group_tm3 + did_tm3 + ddd_tm3 + group_tm2 + did_tm2 + ddd_tm2 + group_t0 + did_t0 + ddd_t0 + group_t1 + did_t1 + ddd_t1 + group_t2 + did_t2 + ddd_t2 + group_t3 + did_t3 + ddd_t3 + group_t4 + did_t4 + ddd_t4 + group_t5 + did_t5 + ddd_t5 + group_t6 + did_t6 + ddd_t6 + group_t7 + did_t7 + ddd_t7 + group_t8 + did_t8 + ddd_t8 + group_t9 + did_t9 + ddd_t9 + group_t10 + did_t10 + ddd_t10 + group_t11 + did_t11 + ddd_t11 + group_t12 + did_t12 + ddd_t12 + group_t13 + did_t13 + ddd_t13 + group_t14 + did_t14 + ddd_t14 + group_t15 + did_t15 + ddd_t15 + group_t16 + did_t16 + ddd_t16 + group_t17 + did_t17 + ddd_t17 + group_t18 + did_t18 + ddd_t18 + group_t19 + did_t19 + ddd_t19 + group_t20 + did_t20 + ddd_t20 + group_t21 + did_t21 + ddd_t21 + group_t22 + did_t22 + ddd_t22 + group_t23 + did_t23 + ddd_t23 + group_t24 + did_t24 + ddd_t24 + treat_group + idade_media_adm + pct_mulher_adm + pct_superior_adm + pct_negra_adm | cbo_4d + periodo + subgroup,,0.07657761579927196,0.05137244010908413,0.1369841717633593,-0.024112366814532937,0.17726759841307685,estimated,adequate,75,266
race_color_b,race_black_combined,Negra (preta e parda),ln_admissoes,Admissões (log),ddd,strict_no_tail_binning,-8,False,True,estimated,25076,25076,341,pyfixest_retained_sample,ln_admissoes ~ group_tm12 + did_tm12 + ddd_tm12 + group_tm11 + did_tm11 + ddd_tm11 + group_tm10 + did_tm10 + ddd_tm10 + group_tm9 + did_tm9 + ddd_tm9 + group_tm8 + did_tm8 + ddd_tm8 + group_tm7 + did_tm7 + ddd_tm7 + group_tm6 + did_tm6 + ddd_tm6 + group_tm5 + did_tm5 + ddd_tm5 + group_tm4 + did_tm4 + ddd_tm4 + group_tm3 + did_tm3 + ddd_tm3 + group_tm2 + did_tm2 + ddd_tm2 + group_t0 + did_t0 + ddd_t0 + group_t1 + did_t1 + ddd_t1 + group_t2 + did_t2 + ddd_t2 + group_t3 + did_t3 + ddd_t3 + group_t4 + did_t4 + ddd_t4 + group_t5 + did_t5 + ddd_t5 + group_t6 + did_t6 + ddd_t6 + group_t7 + did_t7 + ddd_t7 + group_t8 + did_t8 + ddd_t8 + group_t9 + did_t9 + ddd_t9 + group_t10 + did_t10 + ddd_t10 + group_t11 + did_t11 + ddd_t11 + group_t12 + did_t12 + ddd_t12 + group_t13 + did_t13 + ddd_t13 + group_t14 + did_t14 + ddd_t14 + group_t15 + did_t15 + ddd_t15 + group_t16 + did_t16 + ddd_t16 + group_t17 + did_t17 + ddd_t17 + group_t18 + did_t18 + ddd_t18 + group_t19 + did_t19 + ddd_t19 + group_t20 + did_t20 + ddd_t20 + group_t21 + did_t21 + ddd_t21 + group_t22 + did_t22 + ddd_t22 + group_t23 + did_t23 + ddd_t23 + group_t24 + did_t24 + ddd_t24 + treat_group + idade_media_adm + pct_mulher_adm + pct_superior_adm + pct_negra_adm | cbo_4d + periodo + subgroup,,0.057908954744629426,0.05888052745336456,0.32606111451623665,-0.05749687906396511,0.17331478855322396,estimated,adequate,75,266
race_color_b,race_black_combined,Negra (preta e parda),ln_admissoes,Admissões (log),ddd,strict_no_tail_binning,-7,False,True,estimated,25076,25076,341,pyfixest_retained_sample,ln_admissoes ~ group_tm12 + did_tm12 + ddd_tm12 + group_tm11 + did_tm11 + ddd_tm11 + group_tm10 + did_tm10 + ddd_tm10 + group_tm9 + did_tm9 + ddd_tm9 + group_tm8 + did_tm8 + ddd_tm8 + group_tm7 + did_tm7 + ddd_tm7 + group_tm6 + did_tm6 + ddd_tm6 + group_tm5 + did_tm5 + ddd_tm5 + group_tm4 + did_tm4 + ddd_tm4 + group_tm3 + did_tm3 + ddd_tm3 + group_tm2 + did_tm2 + ddd_tm2 + group_t0 + did_t0 + ddd_t0 + group_t1 + did_t1 + ddd_t1 + group_t2 + did_t2 + ddd_t2 + group_t3 + did_t3 + ddd_t3 + group_t4 + did_t4 + ddd_t4 + group_t5 + did_t5 + ddd_t5 + group_t6 + did_t6 + ddd_t6 + group_t7 + did_t7 + ddd_t7 + group_t8 + did_t8 + ddd_t8 + group_t9 + did_t9 + ddd_t9 + group_t10 + did_t10 + ddd_t10 + group_t11 + did_t11 + ddd_t11 + group_t12 + did_t12 + ddd_t12 + group_t13 + did_t13 + ddd_t13 + group_t14 + did_t14 + ddd_t14 + group_t15 + did_t15 + ddd_t15 + group_t16 + did_t16 + ddd_t16 + group_t17 + did_t17 + ddd_t17 + group_t18 + did_t18 + ddd_t18 + group_t19 + did_t19 + ddd_t19 + group_t20 + did_t20 + ddd_t20 + group_t21 + did_t21 + ddd_t21 + group_t22 + did_t22 + ddd_t22 + group_t23 + did_t23 + ddd_t23 + group_t24 + did_t24 + ddd_t24 + treat_group + idade_media_adm + pct_mulher_adm + pct_superior_adm + pct_negra_adm | cbo_4d + periodo + subgroup,,-0.01172992336611923,0.05372018866900742,0.8272856758509128,-0.11702149315737378,0.09356164642513531,estimated,adequate,75,266
race_color_b,race_black_combined,Negra (preta e parda),ln_admissoes,Admissões (log),ddd,strict_no_tail_binning,-6,False,True,estimated,25076,25076,341,pyfixest_retained_sample,ln_admissoes ~ group_tm12 + did_tm12 + ddd_tm12 + group_tm11 + did_tm11 + ddd_tm11 + group_tm10 + did_tm10 + ddd_tm10 + group_tm9 + did_tm9 + ddd_tm9 + group_tm8 + did_tm8 + ddd_tm8 + group_tm7 + did_tm7 + ddd_tm7 + group_tm6 + did_tm6 + ddd_tm6 + group_tm5 + did_tm5 + ddd_tm5 + group_tm4 + did_tm4 + ddd_tm4 + group_tm3 + did_tm3 + ddd_tm3 + group_tm2 + did_tm2 + ddd_tm2 + group_t0 + did_t0 + ddd_t0 + group_t1 + did_t1 + ddd_t1 + group_t2 + did_t2 + ddd_t2 + group_t3 + did_t3 + ddd_t3 + group_t4 + did_t4 + ddd_t4 + group_t5 + did_t5 + ddd_t5 + group_t6 + did_t6 + ddd_t6 + group_t7 + did_t7 + ddd_t7 + group_t8 + did_t8 + ddd_t8 + group_t9 + did_t9 + ddd_t9 + group_t10 + did_t10 + ddd_t10 + group_t11 + did_t11 + ddd_t11 + group_t12 + did_t12 + ddd_t12 + group_t13 + did_t13 + ddd_t13 + group_t14 + did_t14 + ddd_t14 + group_t15 + did_t15 + ddd_t15 + group_t16 + did_t16 + ddd_t16 + group_t17 + did_t17 + ddd_t17 + group_t18 + did_t18 + ddd_t18 + group_t19 + did_t19 + ddd_t19 + group_t20 + did_t20 + ddd_t20 + group_t21 + did_t21 + ddd_t21 + group_t22 + did_t22 + ddd_t22 + group_t23 + did_t23 + ddd_t23 + group_t24 + did_t24 + ddd_t24 + treat_group + idade_media_adm + pct_mulher_adm + pct_superior_adm + pct_negra_adm | cbo_4d + periodo + subgroup,,0.022029095048167215,0.05540802935672221,0.6911896848531556,-0.08657064249100832,0.13062883258734276,estimated,adequate,75,266
race_color_b,race_black_combined,Negra (preta e parda),ln_admissoes,Admissões (log),ddd,strict_no_tail_binning,-5,False,True,estimated,25076,25076,341,pyfixest_retained_sample,ln_admissoes ~ group_tm12 + did_tm12 + ddd_tm12 + group_tm11 + did_tm11 + ddd_tm11 + group_tm10 + did_tm10 + ddd_tm10 + group_tm9 + did_tm9 + ddd_tm9 + group_tm8 + did_tm8 + ddd_tm8 + group_tm7 + did_tm7 + ddd_tm7 + group_tm6 + did_tm6 + ddd_tm6 + group_tm5 + did_tm5 + ddd_tm5 + group_tm4 + did_tm4 + ddd_tm4 + group_tm3 + did_tm3 + ddd_tm3 + group_tm2 + did_tm2 + ddd_tm2 + group_t0 + did_t0 + ddd_t0 + group_t1 + did_t1 + ddd_t1 + group_t2 + did_t2 + ddd_t2 + group_t3 + did_t3 + ddd_t3 + group_t4 + did_t4 + ddd_t4 + group_t5 + did_t5 + ddd_t5 + group_t6 + did_t6 + ddd_t6 + group_t7 + did_t7 + ddd_t7 + group_t8 + did_t8 + ddd_t8 + group_t9 + did_t9 + ddd_t9 + group_t10 + did_t10 + ddd_t10 + group_t11 + did_t11 + ddd_t11 + group_t12 + did_t12 + ddd_t12 + group_t13 + did_t13 + ddd_t13 + group_t14 + did_t14 + ddd_t14 + group_t15 + did_t15 + ddd_t15 + group_t16 + did_t16 + ddd_t16 + group_t17 + did_t17 + ddd_t17 + group_t18 + did_t18 + ddd_t18 + group_t19 + did_t19 + ddd_t19 + group_t20 + did_t20 + ddd_t20 + group_t21 + did_t21 + ddd_t21 + group_t22 + did_t22 + ddd_t22 + group_t23 + did_t23 + ddd_t23 + group_t24 + did_t24 + ddd_t24 + treat_group + idade_media_adm + pct_mulher_adm + pct_superior_adm + pct_negra_adm | cbo_4d + periodo + subgroup,,0.003792123972858398,0.055452871846817776,0.9455196573117555,-0.10489550484690444,0.11247975279262123,estimated,adequate,75,266
race_color_b,race_black_combined,Negra (preta e parda),ln_admissoes,Admissões (log),ddd,strict_no_tail_binning,-4,False,True,estimated,25076,25076,341,pyfixest_retained_sample,ln_admissoes ~ group_tm12 + did_tm12 + ddd_tm12 + group_tm11 + did_tm11 + ddd_tm11 + group_tm10 + did_tm10 + ddd_tm10 + group_tm9 + did_tm9 + ddd_tm9 + group_tm8 + did_tm8 + ddd_tm8 + group_tm7 + did_tm7 + ddd_tm7 + group_tm6 + did_tm6 + ddd_tm6 + group_tm5 + did_tm5 + ddd_tm5 + group_tm4 + did_tm4 + ddd_tm4 + group_tm3 + did_tm3 + ddd_tm3 + group_tm2 + did_tm2 + ddd_tm2 + group_t0 + did_t0 + ddd_t0 + group_t1 + did_t1 + ddd_t1 + group_t2 + did_t2 + ddd_t2 + group_t3 + did_t3 + ddd_t3 + group_t4 + did_t4 + ddd_t4 + group_t5 + did_t5 + ddd_t5 + group_t6 + did_t6 + ddd_t6 + group_t7 + did_t7 + ddd_t7 + group_t8 + did_t8 + ddd_t8 + group_t9 + did_t9 + ddd_t9 + group_t10 + did_t10 + ddd_t10 + group_t11 + did_t11 + ddd_t11 + group_t12 + did_t12 + ddd_t12 + group_t13 + did_t13 + ddd_t13 + group_t14 + did_t14 + ddd_t14 + group_t15 + did_t15 + ddd_t15 + group_t16 + did_t16 + ddd_t16 + group_t17 + did_t17 + ddd_t17 + group_t18 + did_t18 + ddd_t18 + group_t19 + did_t19 + ddd_t19 + group_t20 + did_t20 + ddd_t20 + group_t21 + did_t21 + ddd_t21 + group_t22 + did_t22 + ddd_t22 + group_t23 + did_t23 + ddd_t23 + group_t24 + did_t24 + ddd_t24 + treat_group + idade_media_adm + pct_mulher_adm + pct_superior_adm + pct_negra_adm | cbo_4d + periodo + subgroup,,-0.02293574060640351,0.06879337088412642,0.7390375344903393,-0.1577707475392913,0.11189926632648427,estimated,adequate,75,266
race_color_b,race_black_combined,Negra (preta e parda),ln_admissoes,Admissões (log),ddd,strict_no_tail_binning,-3,False,True,estimated,25076,25076,341,pyfixest_retained_sample,ln_admissoes ~ group_tm12 + did_tm12 + ddd_tm12 + group_tm11 + did_tm11 + ddd_tm11 + group_tm10 + did_tm10 + ddd_tm10 + group_tm9 + did_tm9 + ddd_tm9 + group_tm8 + did_tm8 + ddd_tm8 + group_tm7 + did_tm7 + ddd_tm7 + group_tm6 + did_tm6 + ddd_tm6 + group_tm5 + did_tm5 + ddd_tm5 + group_tm4 + did_tm4 + ddd_tm4 + group_tm3 + did_tm3 + ddd_tm3 + group_tm2 + did_tm2 + ddd_tm2 + group_t0 + did_t0 + ddd_t0 + group_t1 + did_t1 + ddd_t1 + group_t2 + did_t2 + ddd_t2 + group_t3 + did_t3 + ddd_t3 + group_t4 + did_t4 + ddd_t4 + group_t5 + did_t5 + ddd_t5 + group_t6 + did_t6 + ddd_t6 + group_t7 + did_t7 + ddd_t7 + group_t8 + did_t8 + ddd_t8 + group_t9 + did_t9 + ddd_t9 + group_t10 + did_t10 + ddd_t10 + group_t11 + did_t11 + ddd_t11 + group_t12 + did_t12 + ddd_t12 + group_t13 + did_t13 + ddd_t13 + group_t14 + did_t14 + ddd_t14 + group_t15 + did_t15 + ddd_t15 + group_t16 + did_t16 + ddd_t16 + group_t17 + did_t17 + ddd_t17 + group_t18 + did_t18 + ddd_t18 + group_t19 + did_t19 + ddd_t19 + group_t20 + did_t20 + ddd_t20 + group_t21 + did_t21 + ddd_t21 + group_t22 + did_t22 + ddd_t22 + group_t23 + did_t23 + ddd_t23 + group_t24 + did_t24 + ddd_t24 + treat_group + idade_media_adm + pct_mulher_adm + pct_superior_adm + pct_negra_adm | cbo_4d + periodo + subgroup,,0.016564354174695976,0.05246221034737182,0.7523945127765472,-0.08626157810615279,0.11939028645554475,estimated,adequate,75,266
race_color_b,race_black_combined,Negra (preta e parda),ln_admissoes,Admissões (log),ddd,strict_no_tail_binning,-2,False,True,estimated,25076,25076,341,pyfixest_retained_sample,ln_admissoes ~ group_tm12 + did_tm12 + ddd_tm12 + group_tm11 + did_tm11 + ddd_tm11 + group_tm10 + did_tm10 + ddd_tm10 + group_tm9 + did_tm9 + ddd_tm9 + group_tm8 + did_tm8 + ddd_tm8 + group_tm7 + did_tm7 + ddd_tm7 + group_tm6 + did_tm6 + ddd_tm6 + group_tm5 + did_tm5 + ddd_tm5 + group_tm4 + did_tm4 + ddd_tm4 + group_tm3 + did_tm3 + ddd_tm3 + group_tm2 + did_tm2 + ddd_tm2 + group_t0 + did_t0 + ddd_t0 + group_t1 + did_t1 + ddd_t1 + group_t2 + did_t2 + ddd_t2 + group_t3 + did_t3 + ddd_t3 + group_t4 + did_t4 + ddd_t4 + group_t5 + did_t5 + ddd_t5 + group_t6 + did_t6 + ddd_t6 + group_t7 + did_t7 + ddd_t7 + group_t8 + did_t8 + ddd_t8 + group_t9 + did_t9 + ddd_t9 + group_t10 + did_t10 + ddd_t10 + group_t11 + did_t11 + ddd_t11 + group_t12 + did_t12 + ddd_t12 + group_t13 + did_t13 + ddd_t13 + group_t14 + did_t14 + ddd_t14 + group_t15 + did_t15 + ddd_t15 + group_t16 + did_t16 + ddd_t16 + group_t17 + did_t17 + ddd_t17 + group_t18 + did_t18 + ddd_t18 + group_t19 + did_t19 + ddd_t19 + group_t20 + did_t20 + ddd_t20 + group_t21 + did_t21 + ddd_t21 + group_t22 + did_t22 + ddd_t22 + group_t23 + did_t23 + ddd_t23 + group_t24 + did_t24 + ddd_t24 + treat_group + idade_media_adm + pct_mulher_adm + pct_superior_adm + pct_negra_adm | cbo_4d + periodo + subgroup,,-0.021632920739346535,0.04801579113977613,0.6526099879222356,-0.11574387137330774,0.07247802989461469,estimated,adequate,75,266
race_color_b,race_black_combined,Negra (preta e parda),ln_admissoes,Admissões (log),ddd,strict_no_tail_binning,-1,True,False,estimated,25076,25076,341,pyfixest_retained_sample,ln_admissoes ~ group_tm12 + did_tm12 + ddd_tm12 + group_tm11 + did_tm11 + ddd_tm11 + group_tm10 + did_tm10 + ddd_tm10 + group_tm9 + did_tm9 + ddd_tm9 + group_tm8 + did_tm8 + ddd_tm8 + group_tm7 + did_tm7 + ddd_tm7 + group_tm6 + did_tm6 + ddd_tm6 + group_tm5 + did_tm5 + ddd_tm5 + group_tm4 + did_tm4 + ddd_tm4 + group_tm3 + did_tm3 + ddd_tm3 + group_tm2 + did_tm2 + ddd_tm2 + group_t0 + did_t0 + ddd_t0 + group_t1 + did_t1 + ddd_t1 + group_t2 + did_t2 + ddd_t2 + group_t3 + did_t3 + ddd_t3 + group_t4 + did_t4 + ddd_t4 + group_t5 + did_t5 + ddd_t5 + group_t6 + did_t6 + ddd_t6 + group_t7 + did_t7 + ddd_t7 + group_t8 + did_t8 + ddd_t8 + group_t9 + did_t9 + ddd_t9 + group_t10 + did_t10 + ddd_t10 + group_t11 + did_t11 + ddd_t11 + group_t12 + did_t12 + ddd_t12 + group_t13 + did_t13 + ddd_t13 + group_t14 + did_t14 + ddd_t14 + group_t15 + did_t15 + ddd_t15 + group_t16 + did_t16 + ddd_t16 + group_t17 + did_t17 + ddd_t17 + group_t18 + did_t18 + ddd_t18 + group_t19 + did_t19 + ddd_t19 + group_t20 + did_t20 + ddd_t20 + group_t21 + did_t21 + ddd_t21 + group_t22 + did_t22 + ddd_t22 + group_t23 + did_t23 + ddd_t23 + group_t24 + did_t24 + ddd_t24 + treat_group + idade_media_adm + pct_mulher_adm + pct_superior_adm + pct_negra_adm | cbo_4d + periodo + subgroup,,0.0,0.0,,0.0,0.0,reference,adequate,75,266
race_color_b,race_black_combined,Negra (preta e parda),ln_admissoes,Admissões (log),ddd,strict_no_tail_binning,0,False,False,estimated,25076,25076,341,pyfixest_retained_sample,ln_admissoes ~ group_tm12 + did_tm12 + ddd_tm12 + group_tm11 + did_tm11 + ddd_tm11 + group_tm10 + did_tm10 + ddd_tm10 + group_tm9 + did_tm9 + ddd_tm9 + group_tm8 + did_tm8 + ddd_tm8 + group_tm7 + did_tm7 + ddd_tm7 + group_tm6 + did_tm6 + ddd_tm6 + group_tm5 + did_tm5 + ddd_tm5 + group_tm4 + did_tm4 + ddd_tm4 + group_tm3 + did_tm3 + ddd_tm3 + group_tm2 + did_tm2 + ddd_tm2 + group_t0 + did_t0 + ddd_t0 + group_t1 + did_t1 + ddd_t1 + group_t2 + did_t2 + ddd_t2 + group_t3 + did_t3 + ddd_t3 + group_t4 + did_t4 + ddd_t4 + group_t5 + did_t5 + ddd_t5 + group_t6 + did_t6 + ddd_t6 + group_t7 + did_t7 + ddd_t7 + group_t8 + did_t8 + ddd_t8 + group_t9 + did_t9 + ddd_t9 + group_t10 + did_t10 + ddd_t10 + group_t11 + did_t11 + ddd_t11 + group_t12 + did_t12 + ddd_t12 + group_t13 + did_t13 + ddd_t13 + group_t14 + did_t14 + ddd_t14 + group_t15 + did_t15 + ddd_t15 + group_t16 + did_t16 + ddd_t16 + group_t17 + did_t17 + ddd_t17 + group_t18 + did_t18 + ddd_t18 + group_t19 + did_t19 + ddd_t19 + group_t20 + did_t20 + ddd_t20 + group_t21 + did_t21 + ddd_t21 + group_t22 + did_t22 + ddd_t22 + group_t23 + did_t23 + ddd_t23 + group_t24 + did_t24 + ddd_t24 + treat_group + idade_media_adm + pct_mulher_adm + pct_superior_adm + pct_negra_adm | cbo_4d + periodo + subgroup,,0.00589730100587837,0.04377836322719048,0.8929223609914834,-0.07990829091941497,0.09170289293117172,estimated,adequate,75,266
race_color_b,race_black_combined,Negra (preta e parda),ln_admissoes,Admissões (log),ddd,strict_no_tail_binning,1,False,False,estimated,25076,25076,341,pyfixest_retained_sample,ln_admissoes ~ group_tm12 + did_tm12 + ddd_tm12 + group_tm11 + did_tm11 + ddd_tm11 + group_tm10 + did_tm10 + ddd_tm10 + group_tm9 + did_tm9 + ddd_tm9 + group_tm8 + did_tm8 + ddd_tm8 + group_tm7 + did_tm7 + ddd_tm7 + group_tm6 + did_tm6 + ddd_tm6 + group_tm5 + did_tm5 + ddd_tm5 + group_tm4 + did_tm4 + ddd_tm4 + group_tm3 + did_tm3 + ddd_tm3 + group_tm2 + did_tm2 + ddd_tm2 + group_t0 + did_t0 + ddd_t0 + group_t1 + did_t1 + ddd_t1 + group_t2 + did_t2 + ddd_t2 + group_t3 + did_t3 + ddd_t3 + group_t4 + did_t4 + ddd_t4 + group_t5 + did_t5 + ddd_t5 + group_t6 + did_t6 + ddd_t6 + group_t7 + did_t7 + ddd_t7 + group_t8 + did_t8 + ddd_t8 + group_t9 + did_t9 + ddd_t9 + group_t10 + did_t10 + ddd_t10 + group_t11 + did_t11 + ddd_t11 + group_t12 + did_t12 + ddd_t12 + group_t13 + did_t13 + ddd_t13 + group_t14 + did_t14 + ddd_t14 + group_t15 + did_t15 + ddd_t15 + group_t16 + did_t16 + ddd_t16 + group_t17 + did_t17 + ddd_t17 + group_t18 + did_t18 + ddd_t18 + group_t19 + did_t19 + ddd_t19 + group_t20 + did_t20 + ddd_t20 + group_t21 + did_t21 + ddd_t21 + group_t22 + did_t22 + ddd_t22 + group_t23 + did_t23 + ddd_t23 + group_t24 + did_t24 + ddd_t24 + treat_group + idade_media_adm + pct_mulher_adm + pct_superior_adm + pct_negra_adm | cbo_4d + periodo + subgroup,,0.04498050351448816,0.051171984850545624,0.3800185850893101,-0.05531658679258126,0.14527759382155758,estimated,adequate,75,266
race_color_b,race_black_combined,Negra (preta e parda),ln_admissoes,Admissões (log),ddd,strict_no_tail_binning,2,False,False,estimated,25076,25076,341,pyfixest_retained_sample,ln_admissoes ~ group_tm12 + did_tm12 + ddd_tm12 + group_tm11 + did_tm11 + ddd_tm11 + group_tm10 + did_tm10 + ddd_tm10 + group_tm9 + did_tm9 + ddd_tm9 + group_tm8 + did_tm8 + ddd_tm8 + group_tm7 + did_tm7 + ddd_tm7 + group_tm6 + did_tm6 + ddd_tm6 + group_tm5 + did_tm5 + ddd_tm5 + group_tm4 + did_tm4 + ddd_tm4 + group_tm3 + did_tm3 + ddd_tm3 + group_tm2 + did_tm2 + ddd_tm2 + group_t0 + did_t0 + ddd_t0 + group_t1 + did_t1 + ddd_t1 + group_t2 + did_t2 + ddd_t2 + group_t3 + did_t3 + ddd_t3 + group_t4 + did_t4 + ddd_t4 + group_t5 + did_t5 + ddd_t5 + group_t6 + did_t6 + ddd_t6 + group_t7 + did_t7 + ddd_t7 + group_t8 + did_t8 + ddd_t8 + group_t9 + did_t9 + ddd_t9 + group_t10 + did_t10 + ddd_t10 + group_t11 + did_t11 + ddd_t11 + group_t12 + did_t12 + ddd_t12 + group_t13 + did_t13 + ddd_t13 + group_t14 + did_t14 + ddd_t14 + group_t15 + did_t15 + ddd_t15 + group_t16 + did_t16 + ddd_t16 + group_t17 + did_t17 + ddd_t17 + group_t18 + did_t18 + ddd_t18 + group_t19 + did_t19 + ddd_t19 + group_t20 + did_t20 + ddd_t20 + group_t21 + did_t21 + ddd_t21 + group_t22 + did_t22 + ddd_t22 + group_t23 + did_t23 + ddd_t23 + group_t24 + did_t24 + ddd_t24 + treat_group + idade_media_adm + pct_mulher_adm + pct_superior_adm + pct_negra_adm | cbo_4d + periodo + subgroup,,0.0440606897191549,0.05233782222554517,0.4004626536567719,-0.058521441842913635,0.14664282128122344,estimated,adequate,75,266
race_color_b,race_black_combined,Negra (preta e parda),ln_admissoes,Admissões (log),ddd,strict_no_tail_binning,3,False,False,estimated,25076,25076,341,pyfixest_retained_sample,ln_admissoes ~ group_tm12 + did_tm12 + ddd_tm12 + group_tm11 + did_tm11 + ddd_tm11 + group_tm10 + did_tm10 + ddd_tm10 + group_tm9 + did_tm9 + ddd_tm9 + group_tm8 + did_tm8 + ddd_tm8 + group_tm7 + did_tm7 + ddd_tm7 + group_tm6 + did_tm6 + ddd_tm6 + group_tm5 + did_tm5 + ddd_tm5 + group_tm4 + did_tm4 + ddd_tm4 + group_tm3 + did_tm3 + ddd_tm3 + group_tm2 + did_tm2 + ddd_tm2 + group_t0 + did_t0 + ddd_t0 + group_t1 + did_t1 + ddd_t1 + group_t2 + did_t2 + ddd_t2 + group_t3 + did_t3 + ddd_t3 + group_t4 + did_t4 + ddd_t4 + group_t5 + did_t5 + ddd_t5 + group_t6 + did_t6 + ddd_t6 + group_t7 + did_t7 + ddd_t7 + group_t8 + did_t8 + ddd_t8 + group_t9 + did_t9 + ddd_t9 + group_t10 + did_t10 + ddd_t10 + group_t11 + did_t11 + ddd_t11 + group_t12 + did_t12 + ddd_t12 + group_t13 + did_t13 + ddd_t13 + group_t14 + did_t14 + ddd_t14 + group_t15 + did_t15 + ddd_t15 + group_t16 + did_t16 + ddd_t16 + group_t17 + did_t17 + ddd_t17 + group_t18 + did_t18 + ddd_t18 + group_t19 + did_t19 + ddd_t19 + group_t20 + did_t20 + ddd_t20 + group_t21 + did_t21 + ddd_t21 + group_t22 + did_t22 + ddd_t22 + group_t23 + did_t23 + ddd_t23 + group_t24 + did_t24 + ddd_t24 + treat_group + idade_media_adm + pct_mulher_adm + pct_superior_adm + pct_negra_adm | cbo_4d + periodo + subgroup,,0.010908170587529305,0.05187332825439195,0.8335713862004817,-0.09076355279107892,0.11257989396613752,estimated,adequate,75,266
race_color_b,race_black_combined,Negra (preta e parda),ln_admissoes,Admissões (log),ddd,strict_no_tail_binning,4,False,False,estimated,25076,25076,341,pyfixest_retained_sample,ln_admissoes ~ group_tm12 + did_tm12 + ddd_tm12 + group_tm11 + did_tm11 + ddd_tm11 + group_tm10 + did_tm10 + ddd_tm10 + group_tm9 + did_tm9 + ddd_tm9 + group_tm8 + did_tm8 + ddd_tm8 + group_tm7 + did_tm7 + ddd_tm7 + group_tm6 + did_tm6 + ddd_tm6 + group_tm5 + did_tm5 + ddd_tm5 + group_tm4 + did_tm4 + ddd_tm4 + group_tm3 + did_tm3 + ddd_tm3 + group_tm2 + did_tm2 + ddd_tm2 + group_t0 + did_t0 + ddd_t0 + group_t1 + did_t1 + ddd_t1 + group_t2 + did_t2 + ddd_t2 + group_t3 + did_t3 + ddd_t3 + group_t4 + did_t4 + ddd_t4 + group_t5 + did_t5 + ddd_t5 + group_t6 + did_t6 + ddd_t6 + group_t7 + did_t7 + ddd_t7 + group_t8 + did_t8 + ddd_t8 + group_t9 + did_t9 + ddd_t9 + group_t10 + did_t10 + ddd_t10 + group_t11 + did_t11 + ddd_t11 + group_t12 + did_t12 + ddd_t12 + group_t13 + did_t13 + ddd_t13 + group_t14 + did_t14 + ddd_t14 + group_t15 + did_t15 + ddd_t15 + group_t16 + did_t16 + ddd_t16 + group_t17 + did_t17 + ddd_t17 + group_t18 + did_t18 + ddd_t18 + group_t19 + did_t19 + ddd_t19 + group_t20 + did_t20 + ddd_t20 + group_t21 + did_t21 + ddd_t21 + group_t22 + did_t22 + ddd_t22 + group_t23 + did_t23 + ddd_t23 + group_t24 + did_t24 + ddd_t24 + treat_group + idade_media_adm + pct_mulher_adm + pct_superior_adm + pct_negra_adm | cbo_4d + periodo + subgroup,,-0.02792601565469439,0.0528391733516683,0.5974904238557714,-0.13149079542396425,0.07563876411457547,estimated,adequate,75,266
race_color_b,race_black_combined,Negra (preta e parda),ln_admissoes,Admissões (log),ddd,strict_no_tail_binning,5,False,False,estimated,25076,25076,341,pyfixest_retained_sample,ln_admissoes ~ group_tm12 + did_tm12 + ddd_tm12 + group_tm11 + did_tm11 + ddd_tm11 + group_tm10 + did_tm10 + ddd_tm10 + group_tm9 + did_tm9 + ddd_tm9 + group_tm8 + did_tm8 + ddd_tm8 + group_tm7 + did_tm7 + ddd_tm7 + group_tm6 + did_tm6 + ddd_tm6 + group_tm5 + did_tm5 + ddd_tm5 + group_tm4 + did_tm4 + ddd_tm4 + group_tm3 + did_tm3 + ddd_tm3 + group_tm2 + did_tm2 + ddd_tm2 + group_t0 + did_t0 + ddd_t0 + group_t1 + did_t1 + ddd_t1 + group_t2 + did_t2 + ddd_t2 + group_t3 + did_t3 + ddd_t3 + group_t4 + did_t4 + ddd_t4 + group_t5 + did_t5 + ddd_t5 + group_t6 + did_t6 + ddd_t6 + group_t7 + did_t7 + ddd_t7 + group_t8 + did_t8 + ddd_t8 + group_t9 + did_t9 + ddd_t9 + group_t10 + did_t10 + ddd_t10 + group_t11 + did_t11 + ddd_t11 + group_t12 + did_t12 + ddd_t12 + group_t13 + did_t13 + ddd_t13 + group_t14 + did_t14 + ddd_t14 + group_t15 + did_t15 + ddd_t15 + group_t16 + did_t16 + ddd_t16 + group_t17 + did_t17 + ddd_t17 + group_t18 + did_t18 + ddd_t18 + group_t19 + did_t19 + ddd_t19 + group_t20 + did_t20 + ddd_t20 + group_t21 + did_t21 + ddd_t21 + group_t22 + did_t22 + ddd_t22 + group_t23 + did_t23 + ddd_t23 + group_t24 + did_t24 + ddd_t24 + treat_group + idade_media_adm + pct_mulher_adm + pct_superior_adm + pct_negra_adm | cbo_4d + periodo + subgroup,,0.013677567733152922,0.050824586925614916,0.7880057976400474,-0.08593862264105231,0.11329375810735814,estimated,adequate,75,266
race_color_b,race_black_combined,Negra (preta e parda),ln_admissoes,Admissões (log),ddd,strict_no_tail_binning,6,False,False,estimated,25076,25076,341,pyfixest_retained_sample,ln_admissoes ~ group_tm12 + did_tm12 + ddd_tm12 + group_tm11 + did_tm11 + ddd_tm11 + group_tm10 + did_tm10 + ddd_tm10 + group_tm9 + did_tm9 + ddd_tm9 + group_tm8 + did_tm8 + ddd_tm8 + group_tm7 + did_tm7 + ddd_tm7 + group_tm6 + did_tm6 + ddd_tm6 + group_tm5 + did_tm5 + ddd_tm5 + group_tm4 + did_tm4 + ddd_tm4 + group_tm3 + did_tm3 + ddd_tm3 + group_tm2 + did_tm2 + ddd_tm2 + group_t0 + did_t0 + ddd_t0 + group_t1 + did_t1 + ddd_t1 + group_t2 + did_t2 + ddd_t2 + group_t3 + did_t3 + ddd_t3 + group_t4 + did_t4 + ddd_t4 + group_t5 + did_t5 + ddd_t5 + group_t6 + did_t6 + ddd_t6 + group_t7 + did_t7 + ddd_t7 + group_t8 + did_t8 + ddd_t8 + group_t9 + did_t9 + ddd_t9 + group_t10 + did_t10 + ddd_t10 + group_t11 + did_t11 + ddd_t11 + group_t12 + did_t12 + ddd_t12 + group_t13 + did_t13 + ddd_t13 + group_t14 + did_t14 + ddd_t14 + group_t15 + did_t15 + ddd_t15 + group_t16 + did_t16 + ddd_t16 + group_t17 + did_t17 + ddd_t17 + group_t18 + did_t18 + ddd_t18 + group_t19 + did_t19 + ddd_t19 + group_t20 + did_t20 + ddd_t20 + group_t21 + did_t21 + ddd_t21 + group_t22 + did_t22 + ddd_t22 + group_t23 + did_t23 + ddd_t23 + group_t24 + did_t24 + ddd_t24 + treat_group + idade_media_adm + pct_mulher_adm + pct_superior_adm + pct_negra_adm | cbo_4d + periodo + subgroup,,-0.04113831813216688,0.056728734559969914,0.4688428456575615,-0.1523266378697079,0.07005000160537414,estimated,adequate,75,266
race_color_b,race_black_combined,Negra (preta e parda),ln_admissoes,Admissões (log),ddd,strict_no_tail_binning,7,False,False,estimated,25076,25076,341,pyfixest_retained_sample,ln_admissoes ~ group_tm12 + did_tm12 + ddd_tm12 + group_tm11 + did_tm11 + ddd_tm11 + group_tm10 + did_tm10 + ddd_tm10 + group_tm9 + did_tm9 + ddd_tm9 + group_tm8 + did_tm8 + ddd_tm8 + group_tm7 + did_tm7 + ddd_tm7 + group_tm6 + did_tm6 + ddd_tm6 + group_tm5 + did_tm5 + ddd_tm5 + group_tm4 + did_tm4 + ddd_tm4 + group_tm3 + did_tm3 + ddd_tm3 + group_tm2 + did_tm2 + ddd_tm2 + group_t0 + did_t0 + ddd_t0 + group_t1 + did_t1 + ddd_t1 + group_t2 + did_t2 + ddd_t2 + group_t3 + did_t3 + ddd_t3 + group_t4 + did_t4 + ddd_t4 + group_t5 + did_t5 + ddd_t5 + group_t6 + did_t6 + ddd_t6 + group_t7 + did_t7 + ddd_t7 + group_t8 + did_t8 + ddd_t8 + group_t9 + did_t9 + ddd_t9 + group_t10 + did_t10 + ddd_t10 + group_t11 + did_t11 + ddd_t11 + group_t12 + did_t12 + ddd_t12 + group_t13 + did_t13 + ddd_t13 + group_t14 + did_t14 + ddd_t14 + group_t15 + did_t15 + ddd_t15 + group_t16 + did_t16 + ddd_t16 + group_t17 + did_t17 + ddd_t17 + group_t18 + did_t18 + ddd_t18 + group_t19 + did_t19 + ddd_t19 + group_t20 + did_t20 + ddd_t20 + group_t21 + did_t21 + ddd_t21 + group_t22 + did_t22 + ddd_t22 + group_t23 + did_t23 + ddd_t23 + group_t24 + did_t24 + ddd_t24 + treat_group + idade_media_adm + pct_mulher_adm + pct_superior_adm + pct_negra_adm | cbo_4d + periodo + subgroup,,0.014214696792678241,0.04851604134392217,0.7697088160737158,-0.08087674424140921,0.1093061378267657,estimated,adequate,75,266
race_color_b,race_black_combined,Negra (preta e parda),ln_admissoes,Admissões (log),ddd,strict_no_tail_binning,8,False,False,estimated,25076,25076,341,pyfixest_retained_sample,ln_admissoes ~ group_tm12 + did_tm12 + ddd_tm12 + group_tm11 + did_tm11 + ddd_tm11 + group_tm10 + did_tm10 + ddd_tm10 + group_tm9 + did_tm9 + ddd_tm9 + group_tm8 + did_tm8 + ddd_tm8 + group_tm7 + did_tm7 + ddd_tm7 + group_tm6 + did_tm6 + ddd_tm6 + group_tm5 + did_tm5 + ddd_tm5 + group_tm4 + did_tm4 + ddd_tm4 + group_tm3 + did_tm3 + ddd_tm3 + group_tm2 + did_tm2 + ddd_tm2 + group_t0 + did_t0 + ddd_t0 + group_t1 + did_t1 + ddd_t1 + group_t2 + did_t2 + ddd_t2 + group_t3 + did_t3 + ddd_t3 + group_t4 + did_t4 + ddd_t4 + group_t5 + did_t5 + ddd_t5 + group_t6 + did_t6 + ddd_t6 + group_t7 + did_t7 + ddd_t7 + group_t8 + did_t8 + ddd_t8 + group_t9 + did_t9 + ddd_t9 + group_t10 + did_t10 + ddd_t10 + group_t11 + did_t11 + ddd_t11 + group_t12 + did_t12 + ddd_t12 + group_t13 + did_t13 + ddd_t13 + group_t14 + did_t14 + ddd_t14 + group_t15 + did_t15 + ddd_t15 + group_t16 + did_t16 + ddd_t16 + group_t17 + did_t17 + ddd_t17 + group_t18 + did_t18 + ddd_t18 + group_t19 + did_t19 + ddd_t19 + group_t20 + did_t20 + ddd_t20 + group_t21 + did_t21 + ddd_t21 + group_t22 + did_t22 + ddd_t22 + group_t23 + did_t23 + ddd_t23 + group_t24 + did_t24 + ddd_t24 + treat_group + idade_media_adm + pct_mulher_adm + pct_superior_adm + pct_negra_adm | cbo_4d + periodo + subgroup,,0.03842911176491487,0.05178054849840023,0.45850675930579743,-0.06306076329194958,0.13991898682177933,estimated,adequate,75,266
race_color_b,race_black_combined,Negra (preta e parda),ln_admissoes,Admissões (log),ddd,strict_no_tail_binning,9,False,False,estimated,25076,25076,341,pyfixest_retained_sample,ln_admissoes ~ group_tm12 + did_tm12 + ddd_tm12 + group_tm11 + did_tm11 + ddd_tm11 + group_tm10 + did_tm10 + ddd_tm10 + group_tm9 + did_tm9 + ddd_tm9 + group_tm8 + did_tm8 + ddd_tm8 + group_tm7 + did_tm7 + ddd_tm7 + group_tm6 + did_tm6 + ddd_tm6 + group_tm5 + did_tm5 + ddd_tm5 + group_tm4 + did_tm4 + ddd_tm4 + group_tm3 + did_tm3 + ddd_tm3 + group_tm2 + did_tm2 + ddd_tm2 + group_t0 + did_t0 + ddd_t0 + group_t1 + did_t1 + ddd_t1 + group_t2 + did_t2 + ddd_t2 + group_t3 + did_t3 + ddd_t3 + group_t4 + did_t4 + ddd_t4 + group_t5 + did_t5 + ddd_t5 + group_t6 + did_t6 + ddd_t6 + group_t7 + did_t7 + ddd_t7 + group_t8 + did_t8 + ddd_t8 + group_t9 + did_t9 + ddd_t9 + group_t10 + did_t10 + ddd_t10 + group_t11 + did_t11 + ddd_t11 + group_t12 + did_t12 + ddd_t12 + group_t13 + did_t13 + ddd_t13 + group_t14 + did_t14 + ddd_t14 + group_t15 + did_t15 + ddd_t15 + group_t16 + did_t16 + ddd_t16 + group_t17 + did_t17 + ddd_t17 + group_t18 + did_t18 + ddd_t18 + group_t19 + did_t19 + ddd_t19 + group_t20 + did_t20 + ddd_t20 + group_t21 + did_t21 + ddd_t21 + group_t22 + did_t22 + ddd_t22 + group_t23 + did_t23 + ddd_t23 + group_t24 + did_t24 + ddd_t24 + treat_group + idade_media_adm + pct_mulher_adm + pct_superior_adm + pct_negra_adm | cbo_4d + periodo + subgroup,,0.0212127495743756,0.05716190031050701,0.7107945852889737,-0.09082457503421815,0.13325007418296933,estimated,adequate,75,266
race_color_b,race_black_combined,Negra (preta e parda),ln_admissoes,Admissões (log),ddd,strict_no_tail_binning,10,False,False,estimated,25076,25076,341,pyfixest_retained_sample,ln_admissoes ~ group_tm12 + did_tm12 + ddd_tm12 + group_tm11 + did_tm11 + ddd_tm11 + group_tm10 + did_tm10 + ddd_tm10 + group_tm9 + did_tm9 + ddd_tm9 + group_tm8 + did_tm8 + ddd_tm8 + group_tm7 + did_tm7 + ddd_tm7 + group_tm6 + did_tm6 + ddd_tm6 + group_tm5 + did_tm5 + ddd_tm5 + group_tm4 + did_tm4 + ddd_tm4 + group_tm3 + did_tm3 + ddd_tm3 + group_tm2 + did_tm2 + ddd_tm2 + group_t0 + did_t0 + ddd_t0 + group_t1 + did_t1 + ddd_t1 + group_t2 + did_t2 + ddd_t2 + group_t3 + did_t3 + ddd_t3 + group_t4 + did_t4 + ddd_t4 + group_t5 + did_t5 + ddd_t5 + group_t6 + did_t6 + ddd_t6 + group_t7 + did_t7 + ddd_t7 + group_t8 + did_t8 + ddd_t8 + group_t9 + did_t9 + ddd_t9 + group_t10 + did_t10 + ddd_t10 + group_t11 + did_t11 + ddd_t11 + group_t12 + did_t12 + ddd_t12 + group_t13 + did_t13 + ddd_t13 + group_t14 + did_t14 + ddd_t14 + group_t15 + did_t15 + ddd_t15 + group_t16 + did_t16 + ddd_t16 + group_t17 + did_t17 + ddd_t17 + group_t18 + did_t18 + ddd_t18 + group_t19 + did_t19 + ddd_t19 + group_t20 + did_t20 + ddd_t20 + group_t21 + did_t21 + ddd_t21 + group_t22 + did_t22 + ddd_t22 + group_t23 + did_t23 + ddd_t23 + group_t24 + did_t24 + ddd_t24 + treat_group + idade_media_adm + pct_mulher_adm + pct_superior_adm + pct_negra_adm | cbo_4d + periodo + subgroup,,-0.003981872948374736,0.047808947323014356,0.9336721979889018,-0.09768740970148287,0.0897236638047334,estimated,adequate,75,266
race_color_b,race_black_combined,Negra (preta e parda),ln_admissoes,Admissões (log),ddd,strict_no_tail_binning,11,False,False,estimated,25076,25076,341,pyfixest_retained_sample,ln_admissoes ~ group_tm12 + did_tm12 + ddd_tm12 + group_tm11 + did_tm11 + ddd_tm11 + group_tm10 + did_tm10 + ddd_tm10 + group_tm9 + did_tm9 + ddd_tm9 + group_tm8 + did_tm8 + ddd_tm8 + group_tm7 + did_tm7 + ddd_tm7 + group_tm6 + did_tm6 + ddd_tm6 + group_tm5 + did_tm5 + ddd_tm5 + group_tm4 + did_tm4 + ddd_tm4 + group_tm3 + did_tm3 + ddd_tm3 + group_tm2 + did_tm2 + ddd_tm2 + group_t0 + did_t0 + ddd_t0 + group_t1 + did_t1 + ddd_t1 + group_t2 + did_t2 + ddd_t2 + group_t3 + did_t3 + ddd_t3 + group_t4 + did_t4 + ddd_t4 + group_t5 + did_t5 + ddd_t5 + group_t6 + did_t6 + ddd_t6 + group_t7 + did_t7 + ddd_t7 + group_t8 + did_t8 + ddd_t8 + group_t9 + did_t9 + ddd_t9 + group_t10 + did_t10 + ddd_t10 + group_t11 + did_t11 + ddd_t11 + group_t12 + did_t12 + ddd_t12 + group_t13 + did_t13 + ddd_t13 + group_t14 + did_t14 + ddd_t14 + group_t15 + did_t15 + ddd_t15 + group_t16 + did_t16 + ddd_t16 + group_t17 + did_t17 + ddd_t17 + group_t18 + did_t18 + ddd_t18 + group_t19 + did_t19 + ddd_t19 + group_t20 + did_t20 + ddd_t20 + group_t21 + did_t21 + ddd_t21 + group_t22 + did_t22 + ddd_t22 + group_t23 + did_t23 + ddd_t23 + group_t24 + did_t24 + ddd_t24 + treat_group + idade_media_adm + pct_mulher_adm + pct_superior_adm + pct_negra_adm | cbo_4d + periodo + subgroup,,0.09358484630096896,0.05698487331872694,0.10145750262094189,-0.018105505403735844,0.20527519800567376,estimated,adequate,75,266
race_color_b,race_black_combined,Negra (preta e parda),ln_admissoes,Admissões (log),ddd,strict_no_tail_binning,12,False,False,estimated,25076,25076,341,pyfixest_retained_sample,ln_admissoes ~ group_tm12 + did_tm12 + ddd_tm12 + group_tm11 + did_tm11 + ddd_tm11 + group_tm10 + did_tm10 + ddd_tm10 + group_tm9 + did_tm9 + ddd_tm9 + group_tm8 + did_tm8 + ddd_tm8 + group_tm7 + did_tm7 + ddd_tm7 + group_tm6 + did_tm6 + ddd_tm6 + group_tm5 + did_tm5 + ddd_tm5 + group_tm4 + did_tm4 + ddd_tm4 + group_tm3 + did_tm3 + ddd_tm3 + group_tm2 + did_tm2 + ddd_tm2 + group_t0 + did_t0 + ddd_t0 + group_t1 + did_t1 + ddd_t1 + group_t2 + did_t2 + ddd_t2 + group_t3 + did_t3 + ddd_t3 + group_t4 + did_t4 + ddd_t4 + group_t5 + did_t5 + ddd_t5 + group_t6 + did_t6 + ddd_t6 + group_t7 + did_t7 + ddd_t7 + group_t8 + did_t8 + ddd_t8 + group_t9 + did_t9 + ddd_t9 + group_t10 + did_t10 + ddd_t10 + group_t11 + did_t11 + ddd_t11 + group_t12 + did_t12 + ddd_t12 + group_t13 + did_t13 + ddd_t13 + group_t14 + did_t14 + ddd_t14 + group_t15 + did_t15 + ddd_t15 + group_t16 + did_t16 + ddd_t16 + group_t17 + did_t17 + ddd_t17 + group_t18 + did_t18 + ddd_t18 + group_t19 + did_t19 + ddd_t19 + group_t20 + did_t20 + ddd_t20 + group_t21 + did_t21 + ddd_t21 + group_t22 + did_t22 + ddd_t22 + group_t23 + did_t23 + ddd_t23 + group_t24 + did_t24 + ddd_t24 + treat_group + idade_media_adm + pct_mulher_adm + pct_superior_adm + pct_negra_adm | cbo_4d + periodo + subgroup,,0.023159939386964524,0.051008578492932895,0.650089670299054,-0.07681687445918395,0.12313675323311299,estimated,adequate,75,266
race_color_b,race_black_combined,Negra (preta e parda),ln_admissoes,Admissões (log),ddd,strict_no_tail_binning,13,False,False,estimated,25076,25076,341,pyfixest_retained_sample,ln_admissoes ~ group_tm12 + did_tm12 + ddd_tm12 + group_tm11 + did_tm11 + ddd_tm11 + group_tm10 + did_tm10 + ddd_tm10 + group_tm9 + did_tm9 + ddd_tm9 + group_tm8 + did_tm8 + ddd_tm8 + group_tm7 + did_tm7 + ddd_tm7 + group_tm6 + did_tm6 + ddd_tm6 + group_tm5 + did_tm5 + ddd_tm5 + group_tm4 + did_tm4 + ddd_tm4 + group_tm3 + did_tm3 + ddd_tm3 + group_tm2 + did_tm2 + ddd_tm2 + group_t0 + did_t0 + ddd_t0 + group_t1 + did_t1 + ddd_t1 + group_t2 + did_t2 + ddd_t2 + group_t3 + did_t3 + ddd_t3 + group_t4 + did_t4 + ddd_t4 + group_t5 + did_t5 + ddd_t5 + group_t6 + did_t6 + ddd_t6 + group_t7 + did_t7 + ddd_t7 + group_t8 + did_t8 + ddd_t8 + group_t9 + did_t9 + ddd_t9 + group_t10 + did_t10 + ddd_t10 + group_t11 + did_t11 + ddd_t11 + group_t12 + did_t12 + ddd_t12 + group_t13 + did_t13 + ddd_t13 + group_t14 + did_t14 + ddd_t14 + group_t15 + did_t15 + ddd_t15 + group_t16 + did_t16 + ddd_t16 + group_t17 + did_t17 + ddd_t17 + group_t18 + did_t18 + ddd_t18 + group_t19 + did_t19 + ddd_t19 + group_t20 + did_t20 + ddd_t20 + group_t21 + did_t21 + ddd_t21 + group_t22 + did_t22 + ddd_t22 + group_t23 + did_t23 + ddd_t23 + group_t24 + did_t24 + ddd_t24 + treat_group + idade_media_adm + pct_mulher_adm + pct_superior_adm + pct_negra_adm | cbo_4d + periodo + subgroup,,0.05764040429802673,0.04935987258781793,0.2437224858155087,-0.039104945974096424,0.15438575457014989,estimated,adequate,75,266
race_color_b,race_black_combined,Negra (preta e parda),ln_admissoes,Admissões (log),ddd,strict_no_tail_binning,14,False,False,estimated,25076,25076,341,pyfixest_retained_sample,ln_admissoes ~ group_tm12 + did_tm12 + ddd_tm12 + group_tm11 + did_tm11 + ddd_tm11 + group_tm10 + did_tm10 + ddd_tm10 + group_tm9 + did_tm9 + ddd_tm9 + group_tm8 + did_tm8 + ddd_tm8 + group_tm7 + did_tm7 + ddd_tm7 + group_tm6 + did_tm6 + ddd_tm6 + group_tm5 + did_tm5 + ddd_tm5 + group_tm4 + did_tm4 + ddd_tm4 + group_tm3 + did_tm3 + ddd_tm3 + group_tm2 + did_tm2 + ddd_tm2 + group_t0 + did_t0 + ddd_t0 + group_t1 + did_t1 + ddd_t1 + group_t2 + did_t2 + ddd_t2 + group_t3 + did_t3 + ddd_t3 + group_t4 + did_t4 + ddd_t4 + group_t5 + did_t5 + ddd_t5 + group_t6 + did_t6 + ddd_t6 + group_t7 + did_t7 + ddd_t7 + group_t8 + did_t8 + ddd_t8 + group_t9 + did_t9 + ddd_t9 + group_t10 + did_t10 + ddd_t10 + group_t11 + did_t11 + ddd_t11 + group_t12 + did_t12 + ddd_t12 + group_t13 + did_t13 + ddd_t13 + group_t14 + did_t14 + ddd_t14 + group_t15 + did_t15 + ddd_t15 + group_t16 + did_t16 + ddd_t16 + group_t17 + did_t17 + ddd_t17 + group_t18 + did_t18 + ddd_t18 + group_t19 + did_t19 + ddd_t19 + group_t20 + did_t20 + ddd_t20 + group_t21 + did_t21 + ddd_t21 + group_t22 + did_t22 + ddd_t22 + group_t23 + did_t23 + ddd_t23 + group_t24 + did_t24 + ddd_t24 + treat_group + idade_media_adm + pct_mulher_adm + pct_superior_adm + pct_negra_adm | cbo_4d + periodo + subgroup,,0.11402467435030773,0.05334559786960911,0.03327261672362103,0.009467302525873883,0.21858204617474158,estimated,adequate,75,266
race_color_b,race_black_combined,Negra (preta e parda),ln_admissoes,Admissões (log),ddd,strict_no_tail_binning,15,False,False,estimated,25076,25076,341,pyfixest_retained_sample,ln_admissoes ~ group_tm12 + did_tm12 + ddd_tm12 + group_tm11 + did_tm11 + ddd_tm11 + group_tm10 + did_tm10 + ddd_tm10 + group_tm9 + did_tm9 + ddd_tm9 + group_tm8 + did_tm8 + ddd_tm8 + group_tm7 + did_tm7 + ddd_tm7 + group_tm6 + did_tm6 + ddd_tm6 + group_tm5 + did_tm5 + ddd_tm5 + group_tm4 + did_tm4 + ddd_tm4 + group_tm3 + did_tm3 + ddd_tm3 + group_tm2 + did_tm2 + ddd_tm2 + group_t0 + did_t0 + ddd_t0 + group_t1 + did_t1 + ddd_t1 + group_t2 + did_t2 + ddd_t2 + group_t3 + did_t3 + ddd_t3 + group_t4 + did_t4 + ddd_t4 + group_t5 + did_t5 + ddd_t5 + group_t6 + did_t6 + ddd_t6 + group_t7 + did_t7 + ddd_t7 + group_t8 + did_t8 + ddd_t8 + group_t9 + did_t9 + ddd_t9 + group_t10 + did_t10 + ddd_t10 + group_t11 + did_t11 + ddd_t11 + group_t12 + did_t12 + ddd_t12 + group_t13 + did_t13 + ddd_t13 + group_t14 + did_t14 + ddd_t14 + group_t15 + did_t15 + ddd_t15 + group_t16 + did_t16 + ddd_t16 + group_t17 + did_t17 + ddd_t17 + group_t18 + did_t18 + ddd_t18 + group_t19 + did_t19 + ddd_t19 + group_t20 + did_t20 + ddd_t20 + group_t21 + did_t21 + ddd_t21 + group_t22 + did_t22 + ddd_t22 + group_t23 + did_t23 + ddd_t23 + group_t24 + did_t24 + ddd_t24 + treat_group + idade_media_adm + pct_mulher_adm + pct_superior_adm + pct_negra_adm | cbo_4d + periodo + subgroup,,-0.0003834239432120971,0.049524377195614075,0.9938272799215262,-0.09745120324661569,0.09668435536019149,estimated,adequate,75,266
race_color_b,race_black_combined,Negra (preta e parda),ln_admissoes,Admissões (log),ddd,strict_no_tail_binning,16,False,False,estimated,25076,25076,341,pyfixest_retained_sample,ln_admissoes ~ group_tm12 + did_tm12 + ddd_tm12 + group_tm11 + did_tm11 + ddd_tm11 + group_tm10 + did_tm10 + ddd_tm10 + group_tm9 + did_tm9 + ddd_tm9 + group_tm8 + did_tm8 + ddd_tm8 + group_tm7 + did_tm7 + ddd_tm7 + group_tm6 + did_tm6 + ddd_tm6 + group_tm5 + did_tm5 + ddd_tm5 + group_tm4 + did_tm4 + ddd_tm4 + group_tm3 + did_tm3 + ddd_tm3 + group_tm2 + did_tm2 + ddd_tm2 + group_t0 + did_t0 + ddd_t0 + group_t1 + did_t1 + ddd_t1 + group_t2 + did_t2 + ddd_t2 + group_t3 + did_t3 + ddd_t3 + group_t4 + did_t4 + ddd_t4 + group_t5 + did_t5 + ddd_t5 + group_t6 + did_t6 + ddd_t6 + group_t7 + did_t7 + ddd_t7 + group_t8 + did_t8 + ddd_t8 + group_t9 + did_t9 + ddd_t9 + group_t10 + did_t10 + ddd_t10 + group_t11 + did_t11 + ddd_t11 + group_t12 + did_t12 + ddd_t12 + group_t13 + did_t13 + ddd_t13 + group_t14 + did_t14 + ddd_t14 + group_t15 + did_t15 + ddd_t15 + group_t16 + did_t16 + ddd_t16 + group_t17 + did_t17 + ddd_t17 + group_t18 + did_t18 + ddd_t18 + group_t19 + did_t19 + ddd_t19 + group_t20 + did_t20 + ddd_t20 + group_t21 + did_t21 + ddd_t21 + group_t22 + did_t22 + ddd_t22 + group_t23 + did_t23 + ddd_t23 + group_t24 + did_t24 + ddd_t24 + treat_group + idade_media_adm + pct_mulher_adm + pct_superior_adm + pct_negra_adm | cbo_4d + periodo + subgroup,,0.0317495692247951,0.05062948720003126,0.5310169147730184,-0.06748422568726617,0.13098336413685638,estimated,adequate,75,266
race_color_b,race_black_combined,Negra (preta e parda),ln_admissoes,Admissões (log),ddd,strict_no_tail_binning,17,False,False,estimated,25076,25076,341,pyfixest_retained_sample,ln_admissoes ~ group_tm12 + did_tm12 + ddd_tm12 + group_tm11 + did_tm11 + ddd_tm11 + group_tm10 + did_tm10 + ddd_tm10 + group_tm9 + did_tm9 + ddd_tm9 + group_tm8 + did_tm8 + ddd_tm8 + group_tm7 + did_tm7 + ddd_tm7 + group_tm6 + did_tm6 + ddd_tm6 + group_tm5 + did_tm5 + ddd_tm5 + group_tm4 + did_tm4 + ddd_tm4 + group_tm3 + did_tm3 + ddd_tm3 + group_tm2 + did_tm2 + ddd_tm2 + group_t0 + did_t0 + ddd_t0 + group_t1 + did_t1 + ddd_t1 + group_t2 + did_t2 + ddd_t2 + group_t3 + did_t3 + ddd_t3 + group_t4 + did_t4 + ddd_t4 + group_t5 + did_t5 + ddd_t5 + group_t6 + did_t6 + ddd_t6 + group_t7 + did_t7 + ddd_t7 + group_t8 + did_t8 + ddd_t8 + group_t9 + did_t9 + ddd_t9 + group_t10 + did_t10 + ddd_t10 + group_t11 + did_t11 + ddd_t11 + group_t12 + did_t12 + ddd_t12 + group_t13 + did_t13 + ddd_t13 + group_t14 + did_t14 + ddd_t14 + group_t15 + did_t15 + ddd_t15 + group_t16 + did_t16 + ddd_t16 + group_t17 + did_t17 + ddd_t17 + group_t18 + did_t18 + ddd_t18 + group_t19 + did_t19 + ddd_t19 + group_t20 + did_t20 + ddd_t20 + group_t21 + did_t21 + ddd_t21 + group_t22 + did_t22 + ddd_t22 + group_t23 + did_t23 + ddd_t23 + group_t24 + did_t24 + ddd_t24 + treat_group + idade_media_adm + pct_mulher_adm + pct_superior_adm + pct_negra_adm | cbo_4d + periodo + subgroup,,0.021040478087252235,0.05207690935594667,0.6864468654591893,-0.08103026425040324,0.12311122042490771,estimated,adequate,75,266
race_color_b,race_black_combined,Negra (preta e parda),ln_admissoes,Admissões (log),ddd,strict_no_tail_binning,18,False,False,estimated,25076,25076,341,pyfixest_retained_sample,ln_admissoes ~ group_tm12 + did_tm12 + ddd_tm12 + group_tm11 + did_tm11 + ddd_tm11 + group_tm10 + did_tm10 + ddd_tm10 + group_tm9 + did_tm9 + ddd_tm9 + group_tm8 + did_tm8 + ddd_tm8 + group_tm7 + did_tm7 + ddd_tm7 + group_tm6 + did_tm6 + ddd_tm6 + group_tm5 + did_tm5 + ddd_tm5 + group_tm4 + did_tm4 + ddd_tm4 + group_tm3 + did_tm3 + ddd_tm3 + group_tm2 + did_tm2 + ddd_tm2 + group_t0 + did_t0 + ddd_t0 + group_t1 + did_t1 + ddd_t1 + group_t2 + did_t2 + ddd_t2 + group_t3 + did_t3 + ddd_t3 + group_t4 + did_t4 + ddd_t4 + group_t5 + did_t5 + ddd_t5 + group_t6 + did_t6 + ddd_t6 + group_t7 + did_t7 + ddd_t7 + group_t8 + did_t8 + ddd_t8 + group_t9 + did_t9 + ddd_t9 + group_t10 + did_t10 + ddd_t10 + group_t11 + did_t11 + ddd_t11 + group_t12 + did_t12 + ddd_t12 + group_t13 + did_t13 + ddd_t13 + group_t14 + did_t14 + ddd_t14 + group_t15 + did_t15 + ddd_t15 + group_t16 + did_t16 + ddd_t16 + group_t17 + did_t17 + ddd_t17 + group_t18 + did_t18 + ddd_t18 + group_t19 + did_t19 + ddd_t19 + group_t20 + did_t20 + ddd_t20 + group_t21 + did_t21 + ddd_t21 + group_t22 + did_t22 + ddd_t22 + group_t23 + did_t23 + ddd_t23 + group_t24 + did_t24 + ddd_t24 + treat_group + idade_media_adm + pct_mulher_adm + pct_superior_adm + pct_negra_adm | cbo_4d + periodo + subgroup,,-0.002179212455399118,0.05160126087577085,0.9663387277176196,-0.10331768377190997,0.09895925886111173,estimated,adequate,75,266
race_color_b,race_black_combined,Negra (preta e parda),ln_admissoes,Admissões (log),ddd,strict_no_tail_binning,19,False,False,estimated,25076,25076,341,pyfixest_retained_sample,ln_admissoes ~ group_tm12 + did_tm12 + ddd_tm12 + group_tm11 + did_tm11 + ddd_tm11 + group_tm10 + did_tm10 + ddd_tm10 + group_tm9 + did_tm9 + ddd_tm9 + group_tm8 + did_tm8 + ddd_tm8 + group_tm7 + did_tm7 + ddd_tm7 + group_tm6 + did_tm6 + ddd_tm6 + group_tm5 + did_tm5 + ddd_tm5 + group_tm4 + did_tm4 + ddd_tm4 + group_tm3 + did_tm3 + ddd_tm3 + group_tm2 + did_tm2 + ddd_tm2 + group_t0 + did_t0 + ddd_t0 + group_t1 + did_t1 + ddd_t1 + group_t2 + did_t2 + ddd_t2 + group_t3 + did_t3 + ddd_t3 + group_t4 + did_t4 + ddd_t4 + group_t5 + did_t5 + ddd_t5 + group_t6 + did_t6 + ddd_t6 + group_t7 + did_t7 + ddd_t7 + group_t8 + did_t8 + ddd_t8 + group_t9 + did_t9 + ddd_t9 + group_t10 + did_t10 + ddd_t10 + group_t11 + did_t11 + ddd_t11 + group_t12 + did_t12 + ddd_t12 + group_t13 + did_t13 + ddd_t13 + group_t14 + did_t14 + ddd_t14 + group_t15 + did_t15 + ddd_t15 + group_t16 + did_t16 + ddd_t16 + group_t17 + did_t17 + ddd_t17 + group_t18 + did_t18 + ddd_t18 + group_t19 + did_t19 + ddd_t19 + group_t20 + did_t20 + ddd_t20 + group_t21 + did_t21 + ddd_t21 + group_t22 + did_t22 + ddd_t22 + group_t23 + did_t23 + ddd_t23 + group_t24 + did_t24 + ddd_t24 + treat_group + idade_media_adm + pct_mulher_adm + pct_superior_adm + pct_negra_adm | cbo_4d + periodo + subgroup,,-0.034325175936438995,0.06042743506806567,0.5703830125319622,-0.15276294866984771,0.08411259679696972,estimated,adequate,75,266
race_color_b,race_black_combined,Negra (preta e parda),ln_admissoes,Admissões (log),ddd,strict_no_tail_binning,20,False,False,estimated,25076,25076,341,pyfixest_retained_sample,ln_admissoes ~ group_tm12 + did_tm12 + ddd_tm12 + group_tm11 + did_tm11 + ddd_tm11 + group_tm10 + did_tm10 + ddd_tm10 + group_tm9 + did_tm9 + ddd_tm9 + group_tm8 + did_tm8 + ddd_tm8 + group_tm7 + did_tm7 + ddd_tm7 + group_tm6 + did_tm6 + ddd_tm6 + group_tm5 + did_tm5 + ddd_tm5 + group_tm4 + did_tm4 + ddd_tm4 + group_tm3 + did_tm3 + ddd_tm3 + group_tm2 + did_tm2 + ddd_tm2 + group_t0 + did_t0 + ddd_t0 + group_t1 + did_t1 + ddd_t1 + group_t2 + did_t2 + ddd_t2 + group_t3 + did_t3 + ddd_t3 + group_t4 + did_t4 + ddd_t4 + group_t5 + did_t5 + ddd_t5 + group_t6 + did_t6 + ddd_t6 + group_t7 + did_t7 + ddd_t7 + group_t8 + did_t8 + ddd_t8 + group_t9 + did_t9 + ddd_t9 + group_t10 + did_t10 + ddd_t10 + group_t11 + did_t11 + ddd_t11 + group_t12 + did_t12 + ddd_t12 + group_t13 + did_t13 + ddd_t13 + group_t14 + did_t14 + ddd_t14 + group_t15 + did_t15 + ddd_t15 + group_t16 + did_t16 + ddd_t16 + group_t17 + did_t17 + ddd_t17 + group_t18 + did_t18 + ddd_t18 + group_t19 + did_t19 + ddd_t19 + group_t20 + did_t20 + ddd_t20 + group_t21 + did_t21 + ddd_t21 + group_t22 + did_t22 + ddd_t22 + group_t23 + did_t23 + ddd_t23 + group_t24 + did_t24 + ddd_t24 + treat_group + idade_media_adm + pct_mulher_adm + pct_superior_adm + pct_negra_adm | cbo_4d + periodo + subgroup,,-0.021769198965523488,0.05265841790271712,0.6795712832283405,-0.12497969805484904,0.08144130012380207,estimated,adequate,75,266
race_color_b,race_black_combined,Negra (preta e parda),ln_admissoes,Admissões (log),ddd,strict_no_tail_binning,21,False,False,estimated,25076,25076,341,pyfixest_retained_sample,ln_admissoes ~ group_tm12 + did_tm12 + ddd_tm12 + group_tm11 + did_tm11 + ddd_tm11 + group_tm10 + did_tm10 + ddd_tm10 + group_tm9 + did_tm9 + ddd_tm9 + group_tm8 + did_tm8 + ddd_tm8 + group_tm7 + did_tm7 + ddd_tm7 + group_tm6 + did_tm6 + ddd_tm6 + group_tm5 + did_tm5 + ddd_tm5 + group_tm4 + did_tm4 + ddd_tm4 + group_tm3 + did_tm3 + ddd_tm3 + group_tm2 + did_tm2 + ddd_tm2 + group_t0 + did_t0 + ddd_t0 + group_t1 + did_t1 + ddd_t1 + group_t2 + did_t2 + ddd_t2 + group_t3 + did_t3 + ddd_t3 + group_t4 + did_t4 + ddd_t4 + group_t5 + did_t5 + ddd_t5 + group_t6 + did_t6 + ddd_t6 + group_t7 + did_t7 + ddd_t7 + group_t8 + did_t8 + ddd_t8 + group_t9 + did_t9 + ddd_t9 + group_t10 + did_t10 + ddd_t10 + group_t11 + did_t11 + ddd_t11 + group_t12 + did_t12 + ddd_t12 + group_t13 + did_t13 + ddd_t13 + group_t14 + did_t14 + ddd_t14 + group_t15 + did_t15 + ddd_t15 + group_t16 + did_t16 + ddd_t16 + group_t17 + did_t17 + ddd_t17 + group_t18 + did_t18 + ddd_t18 + group_t19 + did_t19 + ddd_t19 + group_t20 + did_t20 + ddd_t20 + group_t21 + did_t21 + ddd_t21 + group_t22 + did_t22 + ddd_t22 + group_t23 + did_t23 + ddd_t23 + group_t24 + did_t24 + ddd_t24 + treat_group + idade_media_adm + pct_mulher_adm + pct_superior_adm + pct_negra_adm | cbo_4d + periodo + subgroup,,0.022778609124200624,0.06343563793498687,0.7197564783444865,-0.10155524122837363,0.14711245947677487,estimated,adequate,75,266
race_color_b,race_black_combined,Negra (preta e parda),ln_admissoes,Admissões (log),ddd,strict_no_tail_binning,22,False,False,estimated,25076,25076,341,pyfixest_retained_sample,ln_admissoes ~ group_tm12 + did_tm12 + ddd_tm12 + group_tm11 + did_tm11 + ddd_tm11 + group_tm10 + did_tm10 + ddd_tm10 + group_tm9 + did_tm9 + ddd_tm9 + group_tm8 + did_tm8 + ddd_tm8 + group_tm7 + did_tm7 + ddd_tm7 + group_tm6 + did_tm6 + ddd_tm6 + group_tm5 + did_tm5 + ddd_tm5 + group_tm4 + did_tm4 + ddd_tm4 + group_tm3 + did_tm3 + ddd_tm3 + group_tm2 + did_tm2 + ddd_tm2 + group_t0 + did_t0 + ddd_t0 + group_t1 + did_t1 + ddd_t1 + group_t2 + did_t2 + ddd_t2 + group_t3 + did_t3 + ddd_t3 + group_t4 + did_t4 + ddd_t4 + group_t5 + did_t5 + ddd_t5 + group_t6 + did_t6 + ddd_t6 + group_t7 + did_t7 + ddd_t7 + group_t8 + did_t8 + ddd_t8 + group_t9 + did_t9 + ddd_t9 + group_t10 + did_t10 + ddd_t10 + group_t11 + did_t11 + ddd_t11 + group_t12 + did_t12 + ddd_t12 + group_t13 + did_t13 + ddd_t13 + group_t14 + did_t14 + ddd_t14 + group_t15 + did_t15 + ddd_t15 + group_t16 + did_t16 + ddd_t16 + group_t17 + did_t17 + ddd_t17 + group_t18 + did_t18 + ddd_t18 + group_t19 + did_t19 + ddd_t19 + group_t20 + did_t20 + ddd_t20 + group_t21 + did_t21 + ddd_t21 + group_t22 + did_t22 + ddd_t22 + group_t23 + did_t23 + ddd_t23 + group_t24 + did_t24 + ddd_t24 + treat_group + idade_media_adm + pct_mulher_adm + pct_superior_adm + pct_negra_adm | cbo_4d + periodo + subgroup,,-0.034105663633687985,0.053873747802726094,0.5271157983087815,-0.13969820932703114,0.07148688205965516,estimated,adequate,75,266
race_color_b,race_black_combined,Negra (preta e parda),ln_admissoes,Admissões (log),ddd,strict_no_tail_binning,23,False,False,estimated,25076,25076,341,pyfixest_retained_sample,ln_admissoes ~ group_tm12 + did_tm12 + ddd_tm12 + group_tm11 + did_tm11 + ddd_tm11 + group_tm10 + did_tm10 + ddd_tm10 + group_tm9 + did_tm9 + ddd_tm9 + group_tm8 + did_tm8 + ddd_tm8 + group_tm7 + did_tm7 + ddd_tm7 + group_tm6 + did_tm6 + ddd_tm6 + group_tm5 + did_tm5 + ddd_tm5 + group_tm4 + did_tm4 + ddd_tm4 + group_tm3 + did_tm3 + ddd_tm3 + group_tm2 + did_tm2 + ddd_tm2 + group_t0 + did_t0 + ddd_t0 + group_t1 + did_t1 + ddd_t1 + group_t2 + did_t2 + ddd_t2 + group_t3 + did_t3 + ddd_t3 + group_t4 + did_t4 + ddd_t4 + group_t5 + did_t5 + ddd_t5 + group_t6 + did_t6 + ddd_t6 + group_t7 + did_t7 + ddd_t7 + group_t8 + did_t8 + ddd_t8 + group_t9 + did_t9 + ddd_t9 + group_t10 + did_t10 + ddd_t10 + group_t11 + did_t11 + ddd_t11 + group_t12 + did_t12 + ddd_t12 + group_t13 + did_t13 + ddd_t13 + group_t14 + did_t14 + ddd_t14 + group_t15 + did_t15 + ddd_t15 + group_t16 + did_t16 + ddd_t16 + group_t17 + did_t17 + ddd_t17 + group_t18 + did_t18 + ddd_t18 + group_t19 + did_t19 + ddd_t19 + group_t20 + did_t20 + ddd_t20 + group_t21 + did_t21 + ddd_t21 + group_t22 + did_t22 + ddd_t22 + group_t23 + did_t23 + ddd_t23 + group_t24 + did_t24 + ddd_t24 + treat_group + idade_media_adm + pct_mulher_adm + pct_superior_adm + pct_negra_adm | cbo_4d + periodo + subgroup,,-0.03526850833851977,0.04889616716746563,0.47122438426864743,-0.1311049959867524,0.06056797930971286,estimated,adequate,75,266
race_color_b,race_black_combined,Negra (preta e parda),ln_admissoes,Admissões (log),ddd,strict_no_tail_binning,24,False,False,estimated,25076,25076,341,pyfixest_retained_sample,ln_admissoes ~ group_tm12 + did_tm12 + ddd_tm12 + group_tm11 + did_tm11 + ddd_tm11 + group_tm10 + did_tm10 + ddd_tm10 + group_tm9 + did_tm9 + ddd_tm9 + group_tm8 + did_tm8 + ddd_tm8 + group_tm7 + did_tm7 + ddd_tm7 + group_tm6 + did_tm6 + ddd_tm6 + group_tm5 + did_tm5 + ddd_tm5 + group_tm4 + did_tm4 + ddd_tm4 + group_tm3 + did_tm3 + ddd_tm3 + group_tm2 + did_tm2 + ddd_tm2 + group_t0 + did_t0 + ddd_t0 + group_t1 + did_t1 + ddd_t1 + group_t2 + did_t2 + ddd_t2 + group_t3 + did_t3 + ddd_t3 + group_t4 + did_t4 + ddd_t4 + group_t5 + did_t5 + ddd_t5 + group_t6 + did_t6 + ddd_t6 + group_t7 + did_t7 + ddd_t7 + group_t8 + did_t8 + ddd_t8 + group_t9 + did_t9 + ddd_t9 + group_t10 + did_t10 + ddd_t10 + group_t11 + did_t11 + ddd_t11 + group_t12 + did_t12 + ddd_t12 + group_t13 + did_t13 + ddd_t13 + group_t14 + did_t14 + ddd_t14 + group_t15 + did_t15 + ddd_t15 + group_t16 + did_t16 + ddd_t16 + group_t17 + did_t17 + ddd_t17 + group_t18 + did_t18 + ddd_t18 + group_t19 + did_t19 + ddd_t19 + group_t20 + did_t20 + ddd_t20 + group_t21 + did_t21 + ddd_t21 + group_t22 + did_t22 + ddd_t22 + group_t23 + did_t23 + ddd_t23 + group_t24 + did_t24 + ddd_t24 + treat_group + idade_media_adm + pct_mulher_adm + pct_superior_adm + pct_negra_adm | cbo_4d + periodo + subgroup,,-0.08042658834965007,0.062370033476082005,0.19809841987518717,-0.2026718539627708,0.04181867726347066,estimated,adequate,75,266
race_color_b,race_black_combined,Negra (preta e parda),ln_salario_real_adm,Salário real de admissão (log),ddd,strict_no_tail_binning,-12,False,True,estimated,24881,24881,341,pyfixest_retained_sample,ln_salario_real_adm ~ group_tm12 + did_tm12 + ddd_tm12 + group_tm11 + did_tm11 + ddd_tm11 + group_tm10 + did_tm10 + ddd_tm10 + group_tm9 + did_tm9 + ddd_tm9 + group_tm8 + did_tm8 + ddd_tm8 + group_tm7 + did_tm7 + ddd_tm7 + group_tm6 + did_tm6 + ddd_tm6 + group_tm5 + did_tm5 + ddd_tm5 + group_tm4 + did_tm4 + ddd_tm4 + group_tm3 + did_tm3 + ddd_tm3 + group_tm2 + did_tm2 + ddd_tm2 + group_t0 + did_t0 + ddd_t0 + group_t1 + did_t1 + ddd_t1 + group_t2 + did_t2 + ddd_t2 + group_t3 + did_t3 + ddd_t3 + group_t4 + did_t4 + ddd_t4 + group_t5 + did_t5 + ddd_t5 + group_t6 + did_t6 + ddd_t6 + group_t7 + did_t7 + ddd_t7 + group_t8 + did_t8 + ddd_t8 + group_t9 + did_t9 + ddd_t9 + group_t10 + did_t10 + ddd_t10 + group_t11 + did_t11 + ddd_t11 + group_t12 + did_t12 + ddd_t12 + group_t13 + did_t13 + ddd_t13 + group_t14 + did_t14 + ddd_t14 + group_t15 + did_t15 + ddd_t15 + group_t16 + did_t16 + ddd_t16 + group_t17 + did_t17 + ddd_t17 + group_t18 + did_t18 + ddd_t18 + group_t19 + did_t19 + ddd_t19 + group_t20 + did_t20 + ddd_t20 + group_t21 + did_t21 + ddd_t21 + group_t22 + did_t22 + ddd_t22 + group_t23 + did_t23 + ddd_t23 + group_t24 + did_t24 + ddd_t24 + treat_group + idade_media_adm + pct_mulher_adm + pct_superior_adm + pct_negra_adm | cbo_4d + periodo + subgroup,,0.030695594866250904,0.059914804094278185,0.6087592106965594,-0.08673742115853433,0.14812861089103616,estimated,adequate,75,266
race_color_b,race_black_combined,Negra (preta e parda),ln_salario_real_adm,Salário real de admissão (log),ddd,strict_no_tail_binning,-11,False,True,estimated,24881,24881,341,pyfixest_retained_sample,ln_salario_real_adm ~ group_tm12 + did_tm12 + ddd_tm12 + group_tm11 + did_tm11 + ddd_tm11 + group_tm10 + did_tm10 + ddd_tm10 + group_tm9 + did_tm9 + ddd_tm9 + group_tm8 + did_tm8 + ddd_tm8 + group_tm7 + did_tm7 + ddd_tm7 + group_tm6 + did_tm6 + ddd_tm6 + group_tm5 + did_tm5 + ddd_tm5 + group_tm4 + did_tm4 + ddd_tm4 + group_tm3 + did_tm3 + ddd_tm3 + group_tm2 + did_tm2 + ddd_tm2 + group_t0 + did_t0 + ddd_t0 + group_t1 + did_t1 + ddd_t1 + group_t2 + did_t2 + ddd_t2 + group_t3 + did_t3 + ddd_t3 + group_t4 + did_t4 + ddd_t4 + group_t5 + did_t5 + ddd_t5 + group_t6 + did_t6 + ddd_t6 + group_t7 + did_t7 + ddd_t7 + group_t8 + did_t8 + ddd_t8 + group_t9 + did_t9 + ddd_t9 + group_t10 + did_t10 + ddd_t10 + group_t11 + did_t11 + ddd_t11 + group_t12 + did_t12 + ddd_t12 + group_t13 + did_t13 + ddd_t13 + group_t14 + did_t14 + ddd_t14 + group_t15 + did_t15 + ddd_t15 + group_t16 + did_t16 + ddd_t16 + group_t17 + did_t17 + ddd_t17 + group_t18 + did_t18 + ddd_t18 + group_t19 + did_t19 + ddd_t19 + group_t20 + did_t20 + ddd_t20 + group_t21 + did_t21 + ddd_t21 + group_t22 + did_t22 + ddd_t22 + group_t23 + did_t23 + ddd_t23 + group_t24 + did_t24 + ddd_t24 + treat_group + idade_media_adm + pct_mulher_adm + pct_superior_adm + pct_negra_adm | cbo_4d + periodo + subgroup,,0.0709582018658655,0.06959060328453541,0.3086184893387671,-0.0654393805718239,0.2073557843035549,estimated,adequate,75,266
race_color_b,race_black_combined,Negra (preta e parda),ln_salario_real_adm,Salário real de admissão (log),ddd,strict_no_tail_binning,-10,False,True,estimated,24881,24881,341,pyfixest_retained_sample,ln_salario_real_adm ~ group_tm12 + did_tm12 + ddd_tm12 + group_tm11 + did_tm11 + ddd_tm11 + group_tm10 + did_tm10 + ddd_tm10 + group_tm9 + did_tm9 + ddd_tm9 + group_tm8 + did_tm8 + ddd_tm8 + group_tm7 + did_tm7 + ddd_tm7 + group_tm6 + did_tm6 + ddd_tm6 + group_tm5 + did_tm5 + ddd_tm5 + group_tm4 + did_tm4 + ddd_tm4 + group_tm3 + did_tm3 + ddd_tm3 + group_tm2 + did_tm2 + ddd_tm2 + group_t0 + did_t0 + ddd_t0 + group_t1 + did_t1 + ddd_t1 + group_t2 + did_t2 + ddd_t2 + group_t3 + did_t3 + ddd_t3 + group_t4 + did_t4 + ddd_t4 + group_t5 + did_t5 + ddd_t5 + group_t6 + did_t6 + ddd_t6 + group_t7 + did_t7 + ddd_t7 + group_t8 + did_t8 + ddd_t8 + group_t9 + did_t9 + ddd_t9 + group_t10 + did_t10 + ddd_t10 + group_t11 + did_t11 + ddd_t11 + group_t12 + did_t12 + ddd_t12 + group_t13 + did_t13 + ddd_t13 + group_t14 + did_t14 + ddd_t14 + group_t15 + did_t15 + ddd_t15 + group_t16 + did_t16 + ddd_t16 + group_t17 + did_t17 + ddd_t17 + group_t18 + did_t18 + ddd_t18 + group_t19 + did_t19 + ddd_t19 + group_t20 + did_t20 + ddd_t20 + group_t21 + did_t21 + ddd_t21 + group_t22 + did_t22 + ddd_t22 + group_t23 + did_t23 + ddd_t23 + group_t24 + did_t24 + ddd_t24 + treat_group + idade_media_adm + pct_mulher_adm + pct_superior_adm + pct_negra_adm | cbo_4d + periodo + subgroup,,0.06471195866424086,0.07527136572863835,0.39055165902,-0.0828199181638903,0.21224383549237202,estimated,adequate,75,266
race_color_b,race_black_combined,Negra (preta e parda),ln_salario_real_adm,Salário real de admissão (log),ddd,strict_no_tail_binning,-9,False,True,estimated,24881,24881,341,pyfixest_retained_sample,ln_salario_real_adm ~ group_tm12 + did_tm12 + ddd_tm12 + group_tm11 + did_tm11 + ddd_tm11 + group_tm10 + did_tm10 + ddd_tm10 + group_tm9 + did_tm9 + ddd_tm9 + group_tm8 + did_tm8 + ddd_tm8 + group_tm7 + did_tm7 + ddd_tm7 + group_tm6 + did_tm6 + ddd_tm6 + group_tm5 + did_tm5 + ddd_tm5 + group_tm4 + did_tm4 + ddd_tm4 + group_tm3 + did_tm3 + ddd_tm3 + group_tm2 + did_tm2 + ddd_tm2 + group_t0 + did_t0 + ddd_t0 + group_t1 + did_t1 + ddd_t1 + group_t2 + did_t2 + ddd_t2 + group_t3 + did_t3 + ddd_t3 + group_t4 + did_t4 + ddd_t4 + group_t5 + did_t5 + ddd_t5 + group_t6 + did_t6 + ddd_t6 + group_t7 + did_t7 + ddd_t7 + group_t8 + did_t8 + ddd_t8 + group_t9 + did_t9 + ddd_t9 + group_t10 + did_t10 + ddd_t10 + group_t11 + did_t11 + ddd_t11 + group_t12 + did_t12 + ddd_t12 + group_t13 + did_t13 + ddd_t13 + group_t14 + did_t14 + ddd_t14 + group_t15 + did_t15 + ddd_t15 + group_t16 + did_t16 + ddd_t16 + group_t17 + did_t17 + ddd_t17 + group_t18 + did_t18 + ddd_t18 + group_t19 + did_t19 + ddd_t19 + group_t20 + did_t20 + ddd_t20 + group_t21 + did_t21 + ddd_t21 + group_t22 + did_t22 + ddd_t22 + group_t23 + did_t23 + ddd_t23 + group_t24 + did_t24 + ddd_t24 + treat_group + idade_media_adm + pct_mulher_adm + pct_superior_adm + pct_negra_adm | cbo_4d + periodo + subgroup,,0.019992262781980803,0.06258444533526175,0.7495855830578875,-0.10267325007513223,0.14265777563909382,estimated,adequate,75,266
race_color_b,race_black_combined,Negra (preta e parda),ln_salario_real_adm,Salário real de admissão (log),ddd,strict_no_tail_binning,-8,False,True,estimated,24881,24881,341,pyfixest_retained_sample,ln_salario_real_adm ~ group_tm12 + did_tm12 + ddd_tm12 + group_tm11 + did_tm11 + ddd_tm11 + group_tm10 + did_tm10 + ddd_tm10 + group_tm9 + did_tm9 + ddd_tm9 + group_tm8 + did_tm8 + ddd_tm8 + group_tm7 + did_tm7 + ddd_tm7 + group_tm6 + did_tm6 + ddd_tm6 + group_tm5 + did_tm5 + ddd_tm5 + group_tm4 + did_tm4 + ddd_tm4 + group_tm3 + did_tm3 + ddd_tm3 + group_tm2 + did_tm2 + ddd_tm2 + group_t0 + did_t0 + ddd_t0 + group_t1 + did_t1 + ddd_t1 + group_t2 + did_t2 + ddd_t2 + group_t3 + did_t3 + ddd_t3 + group_t4 + did_t4 + ddd_t4 + group_t5 + did_t5 + ddd_t5 + group_t6 + did_t6 + ddd_t6 + group_t7 + did_t7 + ddd_t7 + group_t8 + did_t8 + ddd_t8 + group_t9 + did_t9 + ddd_t9 + group_t10 + did_t10 + ddd_t10 + group_t11 + did_t11 + ddd_t11 + group_t12 + did_t12 + ddd_t12 + group_t13 + did_t13 + ddd_t13 + group_t14 + did_t14 + ddd_t14 + group_t15 + did_t15 + ddd_t15 + group_t16 + did_t16 + ddd_t16 + group_t17 + did_t17 + ddd_t17 + group_t18 + did_t18 + ddd_t18 + group_t19 + did_t19 + ddd_t19 + group_t20 + did_t20 + ddd_t20 + group_t21 + did_t21 + ddd_t21 + group_t22 + did_t22 + ddd_t22 + group_t23 + did_t23 + ddd_t23 + group_t24 + did_t24 + ddd_t24 + treat_group + idade_media_adm + pct_mulher_adm + pct_superior_adm + pct_negra_adm | cbo_4d + periodo + subgroup,,0.08332192389928107,0.07560384302585671,0.2712038810181936,-0.06486160843139809,0.23150545622996022,estimated,adequate,75,266
race_color_b,race_black_combined,Negra (preta e parda),ln_salario_real_adm,Salário real de admissão (log),ddd,strict_no_tail_binning,-7,False,True,estimated,24881,24881,341,pyfixest_retained_sample,ln_salario_real_adm ~ group_tm12 + did_tm12 + ddd_tm12 + group_tm11 + did_tm11 + ddd_tm11 + group_tm10 + did_tm10 + ddd_tm10 + group_tm9 + did_tm9 + ddd_tm9 + group_tm8 + did_tm8 + ddd_tm8 + group_tm7 + did_tm7 + ddd_tm7 + group_tm6 + did_tm6 + ddd_tm6 + group_tm5 + did_tm5 + ddd_tm5 + group_tm4 + did_tm4 + ddd_tm4 + group_tm3 + did_tm3 + ddd_tm3 + group_tm2 + did_tm2 + ddd_tm2 + group_t0 + did_t0 + ddd_t0 + group_t1 + did_t1 + ddd_t1 + group_t2 + did_t2 + ddd_t2 + group_t3 + did_t3 + ddd_t3 + group_t4 + did_t4 + ddd_t4 + group_t5 + did_t5 + ddd_t5 + group_t6 + did_t6 + ddd_t6 + group_t7 + did_t7 + ddd_t7 + group_t8 + did_t8 + ddd_t8 + group_t9 + did_t9 + ddd_t9 + group_t10 + did_t10 + ddd_t10 + group_t11 + did_t11 + ddd_t11 + group_t12 + did_t12 + ddd_t12 + group_t13 + did_t13 + ddd_t13 + group_t14 + did_t14 + ddd_t14 + group_t15 + did_t15 + ddd_t15 + group_t16 + did_t16 + ddd_t16 + group_t17 + did_t17 + ddd_t17 + group_t18 + did_t18 + ddd_t18 + group_t19 + did_t19 + ddd_t19 + group_t20 + did_t20 + ddd_t20 + group_t21 + did_t21 + ddd_t21 + group_t22 + did_t22 + ddd_t22 + group_t23 + did_t23 + ddd_t23 + group_t24 + did_t24 + ddd_t24 + treat_group + idade_media_adm + pct_mulher_adm + pct_superior_adm + pct_negra_adm | cbo_4d + periodo + subgroup,,-0.027437402789405117,0.06736775390502382,0.6840601287754846,-0.1594782004432518,0.10460339486444156,estimated,adequate,75,266
race_color_b,race_black_combined,Negra (preta e parda),ln_salario_real_adm,Salário real de admissão (log),ddd,strict_no_tail_binning,-6,False,True,estimated,24881,24881,341,pyfixest_retained_sample,ln_salario_real_adm ~ group_tm12 + did_tm12 + ddd_tm12 + group_tm11 + did_tm11 + ddd_tm11 + group_tm10 + did_tm10 + ddd_tm10 + group_tm9 + did_tm9 + ddd_tm9 + group_tm8 + did_tm8 + ddd_tm8 + group_tm7 + did_tm7 + ddd_tm7 + group_tm6 + did_tm6 + ddd_tm6 + group_tm5 + did_tm5 + ddd_tm5 + group_tm4 + did_tm4 + ddd_tm4 + group_tm3 + did_tm3 + ddd_tm3 + group_tm2 + did_tm2 + ddd_tm2 + group_t0 + did_t0 + ddd_t0 + group_t1 + did_t1 + ddd_t1 + group_t2 + did_t2 + ddd_t2 + group_t3 + did_t3 + ddd_t3 + group_t4 + did_t4 + ddd_t4 + group_t5 + did_t5 + ddd_t5 + group_t6 + did_t6 + ddd_t6 + group_t7 + did_t7 + ddd_t7 + group_t8 + did_t8 + ddd_t8 + group_t9 + did_t9 + ddd_t9 + group_t10 + did_t10 + ddd_t10 + group_t11 + did_t11 + ddd_t11 + group_t12 + did_t12 + ddd_t12 + group_t13 + did_t13 + ddd_t13 + group_t14 + did_t14 + ddd_t14 + group_t15 + did_t15 + ddd_t15 + group_t16 + did_t16 + ddd_t16 + group_t17 + did_t17 + ddd_t17 + group_t18 + did_t18 + ddd_t18 + group_t19 + did_t19 + ddd_t19 + group_t20 + did_t20 + ddd_t20 + group_t21 + did_t21 + ddd_t21 + group_t22 + did_t22 + ddd_t22 + group_t23 + did_t23 + ddd_t23 + group_t24 + did_t24 + ddd_t24 + treat_group + idade_media_adm + pct_mulher_adm + pct_superior_adm + pct_negra_adm | cbo_4d + periodo + subgroup,,0.03670696749912205,0.06048753958130806,0.5443543312726686,-0.08184861008024175,0.15526254507848583,estimated,adequate,75,266
race_color_b,race_black_combined,Negra (preta e parda),ln_salario_real_adm,Salário real de admissão (log),ddd,strict_no_tail_binning,-5,False,True,estimated,24881,24881,341,pyfixest_retained_sample,ln_salario_real_adm ~ group_tm12 + did_tm12 + ddd_tm12 + group_tm11 + did_tm11 + ddd_tm11 + group_tm10 + did_tm10 + ddd_tm10 + group_tm9 + did_tm9 + ddd_tm9 + group_tm8 + did_tm8 + ddd_tm8 + group_tm7 + did_tm7 + ddd_tm7 + group_tm6 + did_tm6 + ddd_tm6 + group_tm5 + did_tm5 + ddd_tm5 + group_tm4 + did_tm4 + ddd_tm4 + group_tm3 + did_tm3 + ddd_tm3 + group_tm2 + did_tm2 + ddd_tm2 + group_t0 + did_t0 + ddd_t0 + group_t1 + did_t1 + ddd_t1 + group_t2 + did_t2 + ddd_t2 + group_t3 + did_t3 + ddd_t3 + group_t4 + did_t4 + ddd_t4 + group_t5 + did_t5 + ddd_t5 + group_t6 + did_t6 + ddd_t6 + group_t7 + did_t7 + ddd_t7 + group_t8 + did_t8 + ddd_t8 + group_t9 + did_t9 + ddd_t9 + group_t10 + did_t10 + ddd_t10 + group_t11 + did_t11 + ddd_t11 + group_t12 + did_t12 + ddd_t12 + group_t13 + did_t13 + ddd_t13 + group_t14 + did_t14 + ddd_t14 + group_t15 + did_t15 + ddd_t15 + group_t16 + did_t16 + ddd_t16 + group_t17 + did_t17 + ddd_t17 + group_t18 + did_t18 + ddd_t18 + group_t19 + did_t19 + ddd_t19 + group_t20 + did_t20 + ddd_t20 + group_t21 + did_t21 + ddd_t21 + group_t22 + did_t22 + ddd_t22 + group_t23 + did_t23 + ddd_t23 + group_t24 + did_t24 + ddd_t24 + treat_group + idade_media_adm + pct_mulher_adm + pct_superior_adm + pct_negra_adm | cbo_4d + periodo + subgroup,,-0.0462871262114012,0.06136420204047356,0.4511901400514693,-0.16656096221072939,0.07398670978792699,estimated,adequate,75,266
race_color_b,race_black_combined,Negra (preta e parda),ln_salario_real_adm,Salário real de admissão (log),ddd,strict_no_tail_binning,-4,False,True,estimated,24881,24881,341,pyfixest_retained_sample,ln_salario_real_adm ~ group_tm12 + did_tm12 + ddd_tm12 + group_tm11 + did_tm11 + ddd_tm11 + group_tm10 + did_tm10 + ddd_tm10 + group_tm9 + did_tm9 + ddd_tm9 + group_tm8 + did_tm8 + ddd_tm8 + group_tm7 + did_tm7 + ddd_tm7 + group_tm6 + did_tm6 + ddd_tm6 + group_tm5 + did_tm5 + ddd_tm5 + group_tm4 + did_tm4 + ddd_tm4 + group_tm3 + did_tm3 + ddd_tm3 + group_tm2 + did_tm2 + ddd_tm2 + group_t0 + did_t0 + ddd_t0 + group_t1 + did_t1 + ddd_t1 + group_t2 + did_t2 + ddd_t2 + group_t3 + did_t3 + ddd_t3 + group_t4 + did_t4 + ddd_t4 + group_t5 + did_t5 + ddd_t5 + group_t6 + did_t6 + ddd_t6 + group_t7 + did_t7 + ddd_t7 + group_t8 + did_t8 + ddd_t8 + group_t9 + did_t9 + ddd_t9 + group_t10 + did_t10 + ddd_t10 + group_t11 + did_t11 + ddd_t11 + group_t12 + did_t12 + ddd_t12 + group_t13 + did_t13 + ddd_t13 + group_t14 + did_t14 + ddd_t14 + group_t15 + did_t15 + ddd_t15 + group_t16 + did_t16 + ddd_t16 + group_t17 + did_t17 + ddd_t17 + group_t18 + did_t18 + ddd_t18 + group_t19 + did_t19 + ddd_t19 + group_t20 + did_t20 + ddd_t20 + group_t21 + did_t21 + ddd_t21 + group_t22 + did_t22 + ddd_t22 + group_t23 + did_t23 + ddd_t23 + group_t24 + did_t24 + ddd_t24 + treat_group + idade_media_adm + pct_mulher_adm + pct_superior_adm + pct_negra_adm | cbo_4d + periodo + subgroup,,-0.05530626082223559,0.0821813847759422,0.5014184586837054,-0.21638177498308228,0.10576925333861112,estimated,adequate,75,266
race_color_b,race_black_combined,Negra (preta e parda),ln_salario_real_adm,Salário real de admissão (log),ddd,strict_no_tail_binning,-3,False,True,estimated,24881,24881,341,pyfixest_retained_sample,ln_salario_real_adm ~ group_tm12 + did_tm12 + ddd_tm12 + group_tm11 + did_tm11 + ddd_tm11 + group_tm10 + did_tm10 + ddd_tm10 + group_tm9 + did_tm9 + ddd_tm9 + group_tm8 + did_tm8 + ddd_tm8 + group_tm7 + did_tm7 + ddd_tm7 + group_tm6 + did_tm6 + ddd_tm6 + group_tm5 + did_tm5 + ddd_tm5 + group_tm4 + did_tm4 + ddd_tm4 + group_tm3 + did_tm3 + ddd_tm3 + group_tm2 + did_tm2 + ddd_tm2 + group_t0 + did_t0 + ddd_t0 + group_t1 + did_t1 + ddd_t1 + group_t2 + did_t2 + ddd_t2 + group_t3 + did_t3 + ddd_t3 + group_t4 + did_t4 + ddd_t4 + group_t5 + did_t5 + ddd_t5 + group_t6 + did_t6 + ddd_t6 + group_t7 + did_t7 + ddd_t7 + group_t8 + did_t8 + ddd_t8 + group_t9 + did_t9 + ddd_t9 + group_t10 + did_t10 + ddd_t10 + group_t11 + did_t11 + ddd_t11 + group_t12 + did_t12 + ddd_t12 + group_t13 + did_t13 + ddd_t13 + group_t14 + did_t14 + ddd_t14 + group_t15 + did_t15 + ddd_t15 + group_t16 + did_t16 + ddd_t16 + group_t17 + did_t17 + ddd_t17 + group_t18 + did_t18 + ddd_t18 + group_t19 + did_t19 + ddd_t19 + group_t20 + did_t20 + ddd_t20 + group_t21 + did_t21 + ddd_t21 + group_t22 + did_t22 + ddd_t22 + group_t23 + did_t23 + ddd_t23 + group_t24 + did_t24 + ddd_t24 + treat_group + idade_media_adm + pct_mulher_adm + pct_superior_adm + pct_negra_adm | cbo_4d + periodo + subgroup,,0.026789613827118468,0.0807592841049895,0.7403037323910842,-0.13149858301866094,0.18507781067289789,estimated,adequate,75,266
race_color_b,race_black_combined,Negra (preta e parda),ln_salario_real_adm,Salário real de admissão (log),ddd,strict_no_tail_binning,-2,False,True,estimated,24881,24881,341,pyfixest_retained_sample,ln_salario_real_adm ~ group_tm12 + did_tm12 + ddd_tm12 + group_tm11 + did_tm11 + ddd_tm11 + group_tm10 + did_tm10 + ddd_tm10 + group_tm9 + did_tm9 + ddd_tm9 + group_tm8 + did_tm8 + ddd_tm8 + group_tm7 + did_tm7 + ddd_tm7 + group_tm6 + did_tm6 + ddd_tm6 + group_tm5 + did_tm5 + ddd_tm5 + group_tm4 + did_tm4 + ddd_tm4 + group_tm3 + did_tm3 + ddd_tm3 + group_tm2 + did_tm2 + ddd_tm2 + group_t0 + did_t0 + ddd_t0 + group_t1 + did_t1 + ddd_t1 + group_t2 + did_t2 + ddd_t2 + group_t3 + did_t3 + ddd_t3 + group_t4 + did_t4 + ddd_t4 + group_t5 + did_t5 + ddd_t5 + group_t6 + did_t6 + ddd_t6 + group_t7 + did_t7 + ddd_t7 + group_t8 + did_t8 + ddd_t8 + group_t9 + did_t9 + ddd_t9 + group_t10 + did_t10 + ddd_t10 + group_t11 + did_t11 + ddd_t11 + group_t12 + did_t12 + ddd_t12 + group_t13 + did_t13 + ddd_t13 + group_t14 + did_t14 + ddd_t14 + group_t15 + did_t15 + ddd_t15 + group_t16 + did_t16 + ddd_t16 + group_t17 + did_t17 + ddd_t17 + group_t18 + did_t18 + ddd_t18 + group_t19 + did_t19 + ddd_t19 + group_t20 + did_t20 + ddd_t20 + group_t21 + did_t21 + ddd_t21 + group_t22 + did_t22 + ddd_t22 + group_t23 + did_t23 + ddd_t23 + group_t24 + did_t24 + ddd_t24 + treat_group + idade_media_adm + pct_mulher_adm + pct_superior_adm + pct_negra_adm | cbo_4d + periodo + subgroup,,0.08958718245360958,0.06085038273724486,0.14187750045117054,-0.02967956771139034,0.20885393261860952,estimated,adequate,75,266
race_color_b,race_black_combined,Negra (preta e parda),ln_salario_real_adm,Salário real de admissão (log),ddd,strict_no_tail_binning,-1,True,False,estimated,24881,24881,341,pyfixest_retained_sample,ln_salario_real_adm ~ group_tm12 + did_tm12 + ddd_tm12 + group_tm11 + did_tm11 + ddd_tm11 + group_tm10 + did_tm10 + ddd_tm10 + group_tm9 + did_tm9 + ddd_tm9 + group_tm8 + did_tm8 + ddd_tm8 + group_tm7 + did_tm7 + ddd_tm7 + group_tm6 + did_tm6 + ddd_tm6 + group_tm5 + did_tm5 + ddd_tm5 + group_tm4 + did_tm4 + ddd_tm4 + group_tm3 + did_tm3 + ddd_tm3 + group_tm2 + did_tm2 + ddd_tm2 + group_t0 + did_t0 + ddd_t0 + group_t1 + did_t1 + ddd_t1 + group_t2 + did_t2 + ddd_t2 + group_t3 + did_t3 + ddd_t3 + group_t4 + did_t4 + ddd_t4 + group_t5 + did_t5 + ddd_t5 + group_t6 + did_t6 + ddd_t6 + group_t7 + did_t7 + ddd_t7 + group_t8 + did_t8 + ddd_t8 + group_t9 + did_t9 + ddd_t9 + group_t10 + did_t10 + ddd_t10 + group_t11 + did_t11 + ddd_t11 + group_t12 + did_t12 + ddd_t12 + group_t13 + did_t13 + ddd_t13 + group_t14 + did_t14 + ddd_t14 + group_t15 + did_t15 + ddd_t15 + group_t16 + did_t16 + ddd_t16 + group_t17 + did_t17 + ddd_t17 + group_t18 + did_t18 + ddd_t18 + group_t19 + did_t19 + ddd_t19 + group_t20 + did_t20 + ddd_t20 + group_t21 + did_t21 + ddd_t21 + group_t22 + did_t22 + ddd_t22 + group_t23 + did_t23 + ddd_t23 + group_t24 + did_t24 + ddd_t24 + treat_group + idade_media_adm + pct_mulher_adm + pct_superior_adm + pct_negra_adm | cbo_4d + periodo + subgroup,,0.0,0.0,,0.0,0.0,reference,adequate,75,266
race_color_b,race_black_combined,Negra (preta e parda),ln_salario_real_adm,Salário real de admissão (log),ddd,strict_no_tail_binning,0,False,False,estimated,24881,24881,341,pyfixest_retained_sample,ln_salario_real_adm ~ group_tm12 + did_tm12 + ddd_tm12 + group_tm11 + did_tm11 + ddd_tm11 + group_tm10 + did_tm10 + ddd_tm10 + group_tm9 + did_tm9 + ddd_tm9 + group_tm8 + did_tm8 + ddd_tm8 + group_tm7 + did_tm7 + ddd_tm7 + group_tm6 + did_tm6 + ddd_tm6 + group_tm5 + did_tm5 + ddd_tm5 + group_tm4 + did_tm4 + ddd_tm4 + group_tm3 + did_tm3 + ddd_tm3 + group_tm2 + did_tm2 + ddd_tm2 + group_t0 + did_t0 + ddd_t0 + group_t1 + did_t1 + ddd_t1 + group_t2 + did_t2 + ddd_t2 + group_t3 + did_t3 + ddd_t3 + group_t4 + did_t4 + ddd_t4 + group_t5 + did_t5 + ddd_t5 + group_t6 + did_t6 + ddd_t6 + group_t7 + did_t7 + ddd_t7 + group_t8 + did_t8 + ddd_t8 + group_t9 + did_t9 + ddd_t9 + group_t10 + did_t10 + ddd_t10 + group_t11 + did_t11 + ddd_t11 + group_t12 + did_t12 + ddd_t12 + group_t13 + did_t13 + ddd_t13 + group_t14 + did_t14 + ddd_t14 + group_t15 + did_t15 + ddd_t15 + group_t16 + did_t16 + ddd_t16 + group_t17 + did_t17 + ddd_t17 + group_t18 + did_t18 + ddd_t18 + group_t19 + did_t19 + ddd_t19 + group_t20 + did_t20 + ddd_t20 + group_t21 + did_t21 + ddd_t21 + group_t22 + did_t22 + ddd_t22 + group_t23 + did_t23 + ddd_t23 + group_t24 + did_t24 + ddd_t24 + treat_group + idade_media_adm + pct_mulher_adm + pct_superior_adm + pct_negra_adm | cbo_4d + periodo + subgroup,,0.026191021600535096,0.15518048207508364,0.8660717757486807,-0.27796272326662885,0.33034476646769906,estimated,adequate,75,266
race_color_b,race_black_combined,Negra (preta e parda),ln_salario_real_adm,Salário real de admissão (log),ddd,strict_no_tail_binning,1,False,False,estimated,24881,24881,341,pyfixest_retained_sample,ln_salario_real_adm ~ group_tm12 + did_tm12 + ddd_tm12 + group_tm11 + did_tm11 + ddd_tm11 + group_tm10 + did_tm10 + ddd_tm10 + group_tm9 + did_tm9 + ddd_tm9 + group_tm8 + did_tm8 + ddd_tm8 + group_tm7 + did_tm7 + ddd_tm7 + group_tm6 + did_tm6 + ddd_tm6 + group_tm5 + did_tm5 + ddd_tm5 + group_tm4 + did_tm4 + ddd_tm4 + group_tm3 + did_tm3 + ddd_tm3 + group_tm2 + did_tm2 + ddd_tm2 + group_t0 + did_t0 + ddd_t0 + group_t1 + did_t1 + ddd_t1 + group_t2 + did_t2 + ddd_t2 + group_t3 + did_t3 + ddd_t3 + group_t4 + did_t4 + ddd_t4 + group_t5 + did_t5 + ddd_t5 + group_t6 + did_t6 + ddd_t6 + group_t7 + did_t7 + ddd_t7 + group_t8 + did_t8 + ddd_t8 + group_t9 + did_t9 + ddd_t9 + group_t10 + did_t10 + ddd_t10 + group_t11 + did_t11 + ddd_t11 + group_t12 + did_t12 + ddd_t12 + group_t13 + did_t13 + ddd_t13 + group_t14 + did_t14 + ddd_t14 + group_t15 + did_t15 + ddd_t15 + group_t16 + did_t16 + ddd_t16 + group_t17 + did_t17 + ddd_t17 + group_t18 + did_t18 + ddd_t18 + group_t19 + did_t19 + ddd_t19 + group_t20 + did_t20 + ddd_t20 + group_t21 + did_t21 + ddd_t21 + group_t22 + did_t22 + ddd_t22 + group_t23 + did_t23 + ddd_t23 + group_t24 + did_t24 + ddd_t24 + treat_group + idade_media_adm + pct_mulher_adm + pct_superior_adm + pct_negra_adm | cbo_4d + periodo + subgroup,,0.08432512533184143,0.07263165035444154,0.24645760676717843,-0.05803290936286397,0.22668316002654681,estimated,adequate,75,266
race_color_b,race_black_combined,Negra (preta e parda),ln_salario_real_adm,Salário real de admissão (log),ddd,strict_no_tail_binning,2,False,False,estimated,24881,24881,341,pyfixest_retained_sample,ln_salario_real_adm ~ group_tm12 + did_tm12 + ddd_tm12 + group_tm11 + did_tm11 + ddd_tm11 + group_tm10 + did_tm10 + ddd_tm10 + group_tm9 + did_tm9 + ddd_tm9 + group_tm8 + did_tm8 + ddd_tm8 + group_tm7 + did_tm7 + ddd_tm7 + group_tm6 + did_tm6 + ddd_tm6 + group_tm5 + did_tm5 + ddd_tm5 + group_tm4 + did_tm4 + ddd_tm4 + group_tm3 + did_tm3 + ddd_tm3 + group_tm2 + did_tm2 + ddd_tm2 + group_t0 + did_t0 + ddd_t0 + group_t1 + did_t1 + ddd_t1 + group_t2 + did_t2 + ddd_t2 + group_t3 + did_t3 + ddd_t3 + group_t4 + did_t4 + ddd_t4 + group_t5 + did_t5 + ddd_t5 + group_t6 + did_t6 + ddd_t6 + group_t7 + did_t7 + ddd_t7 + group_t8 + did_t8 + ddd_t8 + group_t9 + did_t9 + ddd_t9 + group_t10 + did_t10 + ddd_t10 + group_t11 + did_t11 + ddd_t11 + group_t12 + did_t12 + ddd_t12 + group_t13 + did_t13 + ddd_t13 + group_t14 + did_t14 + ddd_t14 + group_t15 + did_t15 + ddd_t15 + group_t16 + did_t16 + ddd_t16 + group_t17 + did_t17 + ddd_t17 + group_t18 + did_t18 + ddd_t18 + group_t19 + did_t19 + ddd_t19 + group_t20 + did_t20 + ddd_t20 + group_t21 + did_t21 + ddd_t21 + group_t22 + did_t22 + ddd_t22 + group_t23 + did_t23 + ddd_t23 + group_t24 + did_t24 + ddd_t24 + treat_group + idade_media_adm + pct_mulher_adm + pct_superior_adm + pct_negra_adm | cbo_4d + periodo + subgroup,,0.026818108489044153,0.0834242469179049,0.7480543541275027,-0.13669341547004946,0.19032963244813775,estimated,adequate,75,266
race_color_b,race_black_combined,Negra (preta e parda),ln_salario_real_adm,Salário real de admissão (log),ddd,strict_no_tail_binning,3,False,False,estimated,24881,24881,341,pyfixest_retained_sample,ln_salario_real_adm ~ group_tm12 + did_tm12 + ddd_tm12 + group_tm11 + did_tm11 + ddd_tm11 + group_tm10 + did_tm10 + ddd_tm10 + group_tm9 + did_tm9 + ddd_tm9 + group_tm8 + did_tm8 + ddd_tm8 + group_tm7 + did_tm7 + ddd_tm7 + group_tm6 + did_tm6 + ddd_tm6 + group_tm5 + did_tm5 + ddd_tm5 + group_tm4 + did_tm4 + ddd_tm4 + group_tm3 + did_tm3 + ddd_tm3 + group_tm2 + did_tm2 + ddd_tm2 + group_t0 + did_t0 + ddd_t0 + group_t1 + did_t1 + ddd_t1 + group_t2 + did_t2 + ddd_t2 + group_t3 + did_t3 + ddd_t3 + group_t4 + did_t4 + ddd_t4 + group_t5 + did_t5 + ddd_t5 + group_t6 + did_t6 + ddd_t6 + group_t7 + did_t7 + ddd_t7 + group_t8 + did_t8 + ddd_t8 + group_t9 + did_t9 + ddd_t9 + group_t10 + did_t10 + ddd_t10 + group_t11 + did_t11 + ddd_t11 + group_t12 + did_t12 + ddd_t12 + group_t13 + did_t13 + ddd_t13 + group_t14 + did_t14 + ddd_t14 + group_t15 + did_t15 + ddd_t15 + group_t16 + did_t16 + ddd_t16 + group_t17 + did_t17 + ddd_t17 + group_t18 + did_t18 + ddd_t18 + group_t19 + did_t19 + ddd_t19 + group_t20 + did_t20 + ddd_t20 + group_t21 + did_t21 + ddd_t21 + group_t22 + did_t22 + ddd_t22 + group_t23 + did_t23 + ddd_t23 + group_t24 + did_t24 + ddd_t24 + treat_group + idade_media_adm + pct_mulher_adm + pct_superior_adm + pct_negra_adm | cbo_4d + periodo + subgroup,,0.007121442943805299,0.06572164755572948,0.9137759151681979,-0.12169298626542448,0.13593587215303507,estimated,adequate,75,266
race_color_b,race_black_combined,Negra (preta e parda),ln_salario_real_adm,Salário real de admissão (log),ddd,strict_no_tail_binning,4,False,False,estimated,24881,24881,341,pyfixest_retained_sample,ln_salario_real_adm ~ group_tm12 + did_tm12 + ddd_tm12 + group_tm11 + did_tm11 + ddd_tm11 + group_tm10 + did_tm10 + ddd_tm10 + group_tm9 + did_tm9 + ddd_tm9 + group_tm8 + did_tm8 + ddd_tm8 + group_tm7 + did_tm7 + ddd_tm7 + group_tm6 + did_tm6 + ddd_tm6 + group_tm5 + did_tm5 + ddd_tm5 + group_tm4 + did_tm4 + ddd_tm4 + group_tm3 + did_tm3 + ddd_tm3 + group_tm2 + did_tm2 + ddd_tm2 + group_t0 + did_t0 + ddd_t0 + group_t1 + did_t1 + ddd_t1 + group_t2 + did_t2 + ddd_t2 + group_t3 + did_t3 + ddd_t3 + group_t4 + did_t4 + ddd_t4 + group_t5 + did_t5 + ddd_t5 + group_t6 + did_t6 + ddd_t6 + group_t7 + did_t7 + ddd_t7 + group_t8 + did_t8 + ddd_t8 + group_t9 + did_t9 + ddd_t9 + group_t10 + did_t10 + ddd_t10 + group_t11 + did_t11 + ddd_t11 + group_t12 + did_t12 + ddd_t12 + group_t13 + did_t13 + ddd_t13 + group_t14 + did_t14 + ddd_t14 + group_t15 + did_t15 + ddd_t15 + group_t16 + did_t16 + ddd_t16 + group_t17 + did_t17 + ddd_t17 + group_t18 + did_t18 + ddd_t18 + group_t19 + did_t19 + ddd_t19 + group_t20 + did_t20 + ddd_t20 + group_t21 + did_t21 + ddd_t21 + group_t22 + did_t22 + ddd_t22 + group_t23 + did_t23 + ddd_t23 + group_t24 + did_t24 + ddd_t24 + treat_group + idade_media_adm + pct_mulher_adm + pct_superior_adm + pct_negra_adm | cbo_4d + periodo + subgroup,,-0.02751408093953342,0.06799148863354998,0.6859749337985668,-0.16077739866129137,0.10574923678222453,estimated,adequate,75,266
race_color_b,race_black_combined,Negra (preta e parda),ln_salario_real_adm,Salário real de admissão (log),ddd,strict_no_tail_binning,5,False,False,estimated,24881,24881,341,pyfixest_retained_sample,ln_salario_real_adm ~ group_tm12 + did_tm12 + ddd_tm12 + group_tm11 + did_tm11 + ddd_tm11 + group_tm10 + did_tm10 + ddd_tm10 + group_tm9 + did_tm9 + ddd_tm9 + group_tm8 + did_tm8 + ddd_tm8 + group_tm7 + did_tm7 + ddd_tm7 + group_tm6 + did_tm6 + ddd_tm6 + group_tm5 + did_tm5 + ddd_tm5 + group_tm4 + did_tm4 + ddd_tm4 + group_tm3 + did_tm3 + ddd_tm3 + group_tm2 + did_tm2 + ddd_tm2 + group_t0 + did_t0 + ddd_t0 + group_t1 + did_t1 + ddd_t1 + group_t2 + did_t2 + ddd_t2 + group_t3 + did_t3 + ddd_t3 + group_t4 + did_t4 + ddd_t4 + group_t5 + did_t5 + ddd_t5 + group_t6 + did_t6 + ddd_t6 + group_t7 + did_t7 + ddd_t7 + group_t8 + did_t8 + ddd_t8 + group_t9 + did_t9 + ddd_t9 + group_t10 + did_t10 + ddd_t10 + group_t11 + did_t11 + ddd_t11 + group_t12 + did_t12 + ddd_t12 + group_t13 + did_t13 + ddd_t13 + group_t14 + did_t14 + ddd_t14 + group_t15 + did_t15 + ddd_t15 + group_t16 + did_t16 + ddd_t16 + group_t17 + did_t17 + ddd_t17 + group_t18 + did_t18 + ddd_t18 + group_t19 + did_t19 + ddd_t19 + group_t20 + did_t20 + ddd_t20 + group_t21 + did_t21 + ddd_t21 + group_t22 + did_t22 + ddd_t22 + group_t23 + did_t23 + ddd_t23 + group_t24 + did_t24 + ddd_t24 + treat_group + idade_media_adm + pct_mulher_adm + pct_superior_adm + pct_negra_adm | cbo_4d + periodo + subgroup,,0.025552390693942724,0.0662149483329946,0.699811609752556,-0.1042289080387267,0.15533368942661213,estimated,adequate,75,266
race_color_b,race_black_combined,Negra (preta e parda),ln_salario_real_adm,Salário real de admissão (log),ddd,strict_no_tail_binning,6,False,False,estimated,24881,24881,341,pyfixest_retained_sample,ln_salario_real_adm ~ group_tm12 + did_tm12 + ddd_tm12 + group_tm11 + did_tm11 + ddd_tm11 + group_tm10 + did_tm10 + ddd_tm10 + group_tm9 + did_tm9 + ddd_tm9 + group_tm8 + did_tm8 + ddd_tm8 + group_tm7 + did_tm7 + ddd_tm7 + group_tm6 + did_tm6 + ddd_tm6 + group_tm5 + did_tm5 + ddd_tm5 + group_tm4 + did_tm4 + ddd_tm4 + group_tm3 + did_tm3 + ddd_tm3 + group_tm2 + did_tm2 + ddd_tm2 + group_t0 + did_t0 + ddd_t0 + group_t1 + did_t1 + ddd_t1 + group_t2 + did_t2 + ddd_t2 + group_t3 + did_t3 + ddd_t3 + group_t4 + did_t4 + ddd_t4 + group_t5 + did_t5 + ddd_t5 + group_t6 + did_t6 + ddd_t6 + group_t7 + did_t7 + ddd_t7 + group_t8 + did_t8 + ddd_t8 + group_t9 + did_t9 + ddd_t9 + group_t10 + did_t10 + ddd_t10 + group_t11 + did_t11 + ddd_t11 + group_t12 + did_t12 + ddd_t12 + group_t13 + did_t13 + ddd_t13 + group_t14 + did_t14 + ddd_t14 + group_t15 + did_t15 + ddd_t15 + group_t16 + did_t16 + ddd_t16 + group_t17 + did_t17 + ddd_t17 + group_t18 + did_t18 + ddd_t18 + group_t19 + did_t19 + ddd_t19 + group_t20 + did_t20 + ddd_t20 + group_t21 + did_t21 + ddd_t21 + group_t22 + did_t22 + ddd_t22 + group_t23 + did_t23 + ddd_t23 + group_t24 + did_t24 + ddd_t24 + treat_group + idade_media_adm + pct_mulher_adm + pct_superior_adm + pct_negra_adm | cbo_4d + periodo + subgroup,,-0.004691174216443081,0.07469371414386373,0.949958311347544,-0.151090853938416,0.14170850550552985,estimated,adequate,75,266
race_color_b,race_black_combined,Negra (preta e parda),ln_salario_real_adm,Salário real de admissão (log),ddd,strict_no_tail_binning,7,False,False,estimated,24881,24881,341,pyfixest_retained_sample,ln_salario_real_adm ~ group_tm12 + did_tm12 + ddd_tm12 + group_tm11 + did_tm11 + ddd_tm11 + group_tm10 + did_tm10 + ddd_tm10 + group_tm9 + did_tm9 + ddd_tm9 + group_tm8 + did_tm8 + ddd_tm8 + group_tm7 + did_tm7 + ddd_tm7 + group_tm6 + did_tm6 + ddd_tm6 + group_tm5 + did_tm5 + ddd_tm5 + group_tm4 + did_tm4 + ddd_tm4 + group_tm3 + did_tm3 + ddd_tm3 + group_tm2 + did_tm2 + ddd_tm2 + group_t0 + did_t0 + ddd_t0 + group_t1 + did_t1 + ddd_t1 + group_t2 + did_t2 + ddd_t2 + group_t3 + did_t3 + ddd_t3 + group_t4 + did_t4 + ddd_t4 + group_t5 + did_t5 + ddd_t5 + group_t6 + did_t6 + ddd_t6 + group_t7 + did_t7 + ddd_t7 + group_t8 + did_t8 + ddd_t8 + group_t9 + did_t9 + ddd_t9 + group_t10 + did_t10 + ddd_t10 + group_t11 + did_t11 + ddd_t11 + group_t12 + did_t12 + ddd_t12 + group_t13 + did_t13 + ddd_t13 + group_t14 + did_t14 + ddd_t14 + group_t15 + did_t15 + ddd_t15 + group_t16 + did_t16 + ddd_t16 + group_t17 + did_t17 + ddd_t17 + group_t18 + did_t18 + ddd_t18 + group_t19 + did_t19 + ddd_t19 + group_t20 + did_t20 + ddd_t20 + group_t21 + did_t21 + ddd_t21 + group_t22 + did_t22 + ddd_t22 + group_t23 + did_t23 + ddd_t23 + group_t24 + did_t24 + ddd_t24 + treat_group + idade_media_adm + pct_mulher_adm + pct_superior_adm + pct_negra_adm | cbo_4d + periodo + subgroup,,0.021172176278725446,0.06908160078622082,0.7594262810371697,-0.11422776126226736,0.15657211381971825,estimated,adequate,75,266
race_color_b,race_black_combined,Negra (preta e parda),ln_salario_real_adm,Salário real de admissão (log),ddd,strict_no_tail_binning,8,False,False,estimated,24881,24881,341,pyfixest_retained_sample,ln_salario_real_adm ~ group_tm12 + did_tm12 + ddd_tm12 + group_tm11 + did_tm11 + ddd_tm11 + group_tm10 + did_tm10 + ddd_tm10 + group_tm9 + did_tm9 + ddd_tm9 + group_tm8 + did_tm8 + ddd_tm8 + group_tm7 + did_tm7 + ddd_tm7 + group_tm6 + did_tm6 + ddd_tm6 + group_tm5 + did_tm5 + ddd_tm5 + group_tm4 + did_tm4 + ddd_tm4 + group_tm3 + did_tm3 + ddd_tm3 + group_tm2 + did_tm2 + ddd_tm2 + group_t0 + did_t0 + ddd_t0 + group_t1 + did_t1 + ddd_t1 + group_t2 + did_t2 + ddd_t2 + group_t3 + did_t3 + ddd_t3 + group_t4 + did_t4 + ddd_t4 + group_t5 + did_t5 + ddd_t5 + group_t6 + did_t6 + ddd_t6 + group_t7 + did_t7 + ddd_t7 + group_t8 + did_t8 + ddd_t8 + group_t9 + did_t9 + ddd_t9 + group_t10 + did_t10 + ddd_t10 + group_t11 + did_t11 + ddd_t11 + group_t12 + did_t12 + ddd_t12 + group_t13 + did_t13 + ddd_t13 + group_t14 + did_t14 + ddd_t14 + group_t15 + did_t15 + ddd_t15 + group_t16 + did_t16 + ddd_t16 + group_t17 + did_t17 + ddd_t17 + group_t18 + did_t18 + ddd_t18 + group_t19 + did_t19 + ddd_t19 + group_t20 + did_t20 + ddd_t20 + group_t21 + did_t21 + ddd_t21 + group_t22 + did_t22 + ddd_t22 + group_t23 + did_t23 + ddd_t23 + group_t24 + did_t24 + ddd_t24 + treat_group + idade_media_adm + pct_mulher_adm + pct_superior_adm + pct_negra_adm | cbo_4d + periodo + subgroup,,0.05164412231412427,0.06067644483448029,0.39529087593598167,-0.0672817095614571,0.17056995418970564,estimated,adequate,75,266
race_color_b,race_black_combined,Negra (preta e parda),ln_salario_real_adm,Salário real de admissão (log),ddd,strict_no_tail_binning,9,False,False,estimated,24881,24881,341,pyfixest_retained_sample,ln_salario_real_adm ~ group_tm12 + did_tm12 + ddd_tm12 + group_tm11 + did_tm11 + ddd_tm11 + group_tm10 + did_tm10 + ddd_tm10 + group_tm9 + did_tm9 + ddd_tm9 + group_tm8 + did_tm8 + ddd_tm8 + group_tm7 + did_tm7 + ddd_tm7 + group_tm6 + did_tm6 + ddd_tm6 + group_tm5 + did_tm5 + ddd_tm5 + group_tm4 + did_tm4 + ddd_tm4 + group_tm3 + did_tm3 + ddd_tm3 + group_tm2 + did_tm2 + ddd_tm2 + group_t0 + did_t0 + ddd_t0 + group_t1 + did_t1 + ddd_t1 + group_t2 + did_t2 + ddd_t2 + group_t3 + did_t3 + ddd_t3 + group_t4 + did_t4 + ddd_t4 + group_t5 + did_t5 + ddd_t5 + group_t6 + did_t6 + ddd_t6 + group_t7 + did_t7 + ddd_t7 + group_t8 + did_t8 + ddd_t8 + group_t9 + did_t9 + ddd_t9 + group_t10 + did_t10 + ddd_t10 + group_t11 + did_t11 + ddd_t11 + group_t12 + did_t12 + ddd_t12 + group_t13 + did_t13 + ddd_t13 + group_t14 + did_t14 + ddd_t14 + group_t15 + did_t15 + ddd_t15 + group_t16 + did_t16 + ddd_t16 + group_t17 + did_t17 + ddd_t17 + group_t18 + did_t18 + ddd_t18 + group_t19 + did_t19 + ddd_t19 + group_t20 + did_t20 + ddd_t20 + group_t21 + did_t21 + ddd_t21 + group_t22 + did_t22 + ddd_t22 + group_t23 + did_t23 + ddd_t23 + group_t24 + did_t24 + ddd_t24 + treat_group + idade_media_adm + pct_mulher_adm + pct_superior_adm + pct_negra_adm | cbo_4d + periodo + subgroup,,0.00572647647629037,0.07127951876994573,0.9360154519385215,-0.13398138031280327,0.14543433326538402,estimated,adequate,75,266
race_color_b,race_black_combined,Negra (preta e parda),ln_salario_real_adm,Salário real de admissão (log),ddd,strict_no_tail_binning,10,False,False,estimated,24881,24881,341,pyfixest_retained_sample,ln_salario_real_adm ~ group_tm12 + did_tm12 + ddd_tm12 + group_tm11 + did_tm11 + ddd_tm11 + group_tm10 + did_tm10 + ddd_tm10 + group_tm9 + did_tm9 + ddd_tm9 + group_tm8 + did_tm8 + ddd_tm8 + group_tm7 + did_tm7 + ddd_tm7 + group_tm6 + did_tm6 + ddd_tm6 + group_tm5 + did_tm5 + ddd_tm5 + group_tm4 + did_tm4 + ddd_tm4 + group_tm3 + did_tm3 + ddd_tm3 + group_tm2 + did_tm2 + ddd_tm2 + group_t0 + did_t0 + ddd_t0 + group_t1 + did_t1 + ddd_t1 + group_t2 + did_t2 + ddd_t2 + group_t3 + did_t3 + ddd_t3 + group_t4 + did_t4 + ddd_t4 + group_t5 + did_t5 + ddd_t5 + group_t6 + did_t6 + ddd_t6 + group_t7 + did_t7 + ddd_t7 + group_t8 + did_t8 + ddd_t8 + group_t9 + did_t9 + ddd_t9 + group_t10 + did_t10 + ddd_t10 + group_t11 + did_t11 + ddd_t11 + group_t12 + did_t12 + ddd_t12 + group_t13 + did_t13 + ddd_t13 + group_t14 + did_t14 + ddd_t14 + group_t15 + did_t15 + ddd_t15 + group_t16 + did_t16 + ddd_t16 + group_t17 + did_t17 + ddd_t17 + group_t18 + did_t18 + ddd_t18 + group_t19 + did_t19 + ddd_t19 + group_t20 + did_t20 + ddd_t20 + group_t21 + did_t21 + ddd_t21 + group_t22 + did_t22 + ddd_t22 + group_t23 + did_t23 + ddd_t23 + group_t24 + did_t24 + ddd_t24 + treat_group + idade_media_adm + pct_mulher_adm + pct_superior_adm + pct_negra_adm | cbo_4d + periodo + subgroup,,-0.0049726791605515215,0.06363983709721595,0.9377643744899788,-0.12970675987109478,0.11976140154999174,estimated,adequate,75,266
race_color_b,race_black_combined,Negra (preta e parda),ln_salario_real_adm,Salário real de admissão (log),ddd,strict_no_tail_binning,11,False,False,estimated,24881,24881,341,pyfixest_retained_sample,ln_salario_real_adm ~ group_tm12 + did_tm12 + ddd_tm12 + group_tm11 + did_tm11 + ddd_tm11 + group_tm10 + did_tm10 + ddd_tm10 + group_tm9 + did_tm9 + ddd_tm9 + group_tm8 + did_tm8 + ddd_tm8 + group_tm7 + did_tm7 + ddd_tm7 + group_tm6 + did_tm6 + ddd_tm6 + group_tm5 + did_tm5 + ddd_tm5 + group_tm4 + did_tm4 + ddd_tm4 + group_tm3 + did_tm3 + ddd_tm3 + group_tm2 + did_tm2 + ddd_tm2 + group_t0 + did_t0 + ddd_t0 + group_t1 + did_t1 + ddd_t1 + group_t2 + did_t2 + ddd_t2 + group_t3 + did_t3 + ddd_t3 + group_t4 + did_t4 + ddd_t4 + group_t5 + did_t5 + ddd_t5 + group_t6 + did_t6 + ddd_t6 + group_t7 + did_t7 + ddd_t7 + group_t8 + did_t8 + ddd_t8 + group_t9 + did_t9 + ddd_t9 + group_t10 + did_t10 + ddd_t10 + group_t11 + did_t11 + ddd_t11 + group_t12 + did_t12 + ddd_t12 + group_t13 + did_t13 + ddd_t13 + group_t14 + did_t14 + ddd_t14 + group_t15 + did_t15 + ddd_t15 + group_t16 + did_t16 + ddd_t16 + group_t17 + did_t17 + ddd_t17 + group_t18 + did_t18 + ddd_t18 + group_t19 + did_t19 + ddd_t19 + group_t20 + did_t20 + ddd_t20 + group_t21 + did_t21 + ddd_t21 + group_t22 + did_t22 + ddd_t22 + group_t23 + did_t23 + ddd_t23 + group_t24 + did_t24 + ddd_t24 + treat_group + idade_media_adm + pct_mulher_adm + pct_superior_adm + pct_negra_adm | cbo_4d + periodo + subgroup,,0.05882400235760373,0.06037502853850519,0.33059524066225077,-0.059511053577866437,0.1771590582930739,estimated,adequate,75,266
race_color_b,race_black_combined,Negra (preta e parda),ln_salario_real_adm,Salário real de admissão (log),ddd,strict_no_tail_binning,12,False,False,estimated,24881,24881,341,pyfixest_retained_sample,ln_salario_real_adm ~ group_tm12 + did_tm12 + ddd_tm12 + group_tm11 + did_tm11 + ddd_tm11 + group_tm10 + did_tm10 + ddd_tm10 + group_tm9 + did_tm9 + ddd_tm9 + group_tm8 + did_tm8 + ddd_tm8 + group_tm7 + did_tm7 + ddd_tm7 + group_tm6 + did_tm6 + ddd_tm6 + group_tm5 + did_tm5 + ddd_tm5 + group_tm4 + did_tm4 + ddd_tm4 + group_tm3 + did_tm3 + ddd_tm3 + group_tm2 + did_tm2 + ddd_tm2 + group_t0 + did_t0 + ddd_t0 + group_t1 + did_t1 + ddd_t1 + group_t2 + did_t2 + ddd_t2 + group_t3 + did_t3 + ddd_t3 + group_t4 + did_t4 + ddd_t4 + group_t5 + did_t5 + ddd_t5 + group_t6 + did_t6 + ddd_t6 + group_t7 + did_t7 + ddd_t7 + group_t8 + did_t8 + ddd_t8 + group_t9 + did_t9 + ddd_t9 + group_t10 + did_t10 + ddd_t10 + group_t11 + did_t11 + ddd_t11 + group_t12 + did_t12 + ddd_t12 + group_t13 + did_t13 + ddd_t13 + group_t14 + did_t14 + ddd_t14 + group_t15 + did_t15 + ddd_t15 + group_t16 + did_t16 + ddd_t16 + group_t17 + did_t17 + ddd_t17 + group_t18 + did_t18 + ddd_t18 + group_t19 + did_t19 + ddd_t19 + group_t20 + did_t20 + ddd_t20 + group_t21 + did_t21 + ddd_t21 + group_t22 + did_t22 + ddd_t22 + group_t23 + did_t23 + ddd_t23 + group_t24 + did_t24 + ddd_t24 + treat_group + idade_media_adm + pct_mulher_adm + pct_superior_adm + pct_negra_adm | cbo_4d + periodo + subgroup,,0.08961652683840564,0.06571337913503125,0.17354890449944205,-0.0391816962662556,0.21841474994306687,estimated,adequate,75,266
race_color_b,race_black_combined,Negra (preta e parda),ln_salario_real_adm,Salário real de admissão (log),ddd,strict_no_tail_binning,13,False,False,estimated,24881,24881,341,pyfixest_retained_sample,ln_salario_real_adm ~ group_tm12 + did_tm12 + ddd_tm12 + group_tm11 + did_tm11 + ddd_tm11 + group_tm10 + did_tm10 + ddd_tm10 + group_tm9 + did_tm9 + ddd_tm9 + group_tm8 + did_tm8 + ddd_tm8 + group_tm7 + did_tm7 + ddd_tm7 + group_tm6 + did_tm6 + ddd_tm6 + group_tm5 + did_tm5 + ddd_tm5 + group_tm4 + did_tm4 + ddd_tm4 + group_tm3 + did_tm3 + ddd_tm3 + group_tm2 + did_tm2 + ddd_tm2 + group_t0 + did_t0 + ddd_t0 + group_t1 + did_t1 + ddd_t1 + group_t2 + did_t2 + ddd_t2 + group_t3 + did_t3 + ddd_t3 + group_t4 + did_t4 + ddd_t4 + group_t5 + did_t5 + ddd_t5 + group_t6 + did_t6 + ddd_t6 + group_t7 + did_t7 + ddd_t7 + group_t8 + did_t8 + ddd_t8 + group_t9 + did_t9 + ddd_t9 + group_t10 + did_t10 + ddd_t10 + group_t11 + did_t11 + ddd_t11 + group_t12 + did_t12 + ddd_t12 + group_t13 + did_t13 + ddd_t13 + group_t14 + did_t14 + ddd_t14 + group_t15 + did_t15 + ddd_t15 + group_t16 + did_t16 + ddd_t16 + group_t17 + did_t17 + ddd_t17 + group_t18 + did_t18 + ddd_t18 + group_t19 + did_t19 + ddd_t19 + group_t20 + did_t20 + ddd_t20 + group_t21 + did_t21 + ddd_t21 + group_t22 + did_t22 + ddd_t22 + group_t23 + did_t23 + ddd_t23 + group_t24 + did_t24 + ddd_t24 + treat_group + idade_media_adm + pct_mulher_adm + pct_superior_adm + pct_negra_adm | cbo_4d + periodo + subgroup,,0.0372299609852803,0.0671866414225877,0.5798559058353239,-0.0944558562029916,0.16891577817355222,estimated,adequate,75,266
race_color_b,race_black_combined,Negra (preta e parda),ln_salario_real_adm,Salário real de admissão (log),ddd,strict_no_tail_binning,14,False,False,estimated,24881,24881,341,pyfixest_retained_sample,ln_salario_real_adm ~ group_tm12 + did_tm12 + ddd_tm12 + group_tm11 + did_tm11 + ddd_tm11 + group_tm10 + did_tm10 + ddd_tm10 + group_tm9 + did_tm9 + ddd_tm9 + group_tm8 + did_tm8 + ddd_tm8 + group_tm7 + did_tm7 + ddd_tm7 + group_tm6 + did_tm6 + ddd_tm6 + group_tm5 + did_tm5 + ddd_tm5 + group_tm4 + did_tm4 + ddd_tm4 + group_tm3 + did_tm3 + ddd_tm3 + group_tm2 + did_tm2 + ddd_tm2 + group_t0 + did_t0 + ddd_t0 + group_t1 + did_t1 + ddd_t1 + group_t2 + did_t2 + ddd_t2 + group_t3 + did_t3 + ddd_t3 + group_t4 + did_t4 + ddd_t4 + group_t5 + did_t5 + ddd_t5 + group_t6 + did_t6 + ddd_t6 + group_t7 + did_t7 + ddd_t7 + group_t8 + did_t8 + ddd_t8 + group_t9 + did_t9 + ddd_t9 + group_t10 + did_t10 + ddd_t10 + group_t11 + did_t11 + ddd_t11 + group_t12 + did_t12 + ddd_t12 + group_t13 + did_t13 + ddd_t13 + group_t14 + did_t14 + ddd_t14 + group_t15 + did_t15 + ddd_t15 + group_t16 + did_t16 + ddd_t16 + group_t17 + did_t17 + ddd_t17 + group_t18 + did_t18 + ddd_t18 + group_t19 + did_t19 + ddd_t19 + group_t20 + did_t20 + ddd_t20 + group_t21 + did_t21 + ddd_t21 + group_t22 + did_t22 + ddd_t22 + group_t23 + did_t23 + ddd_t23 + group_t24 + did_t24 + ddd_t24 + treat_group + idade_media_adm + pct_mulher_adm + pct_superior_adm + pct_negra_adm | cbo_4d + periodo + subgroup,,-0.003371322755594195,0.057367541711656186,0.953172155733603,-0.11581170451044032,0.10906905899925193,estimated,adequate,75,266
race_color_b,race_black_combined,Negra (preta e parda),ln_salario_real_adm,Salário real de admissão (log),ddd,strict_no_tail_binning,15,False,False,estimated,24881,24881,341,pyfixest_retained_sample,ln_salario_real_adm ~ group_tm12 + did_tm12 + ddd_tm12 + group_tm11 + did_tm11 + ddd_tm11 + group_tm10 + did_tm10 + ddd_tm10 + group_tm9 + did_tm9 + ddd_tm9 + group_tm8 + did_tm8 + ddd_tm8 + group_tm7 + did_tm7 + ddd_tm7 + group_tm6 + did_tm6 + ddd_tm6 + group_tm5 + did_tm5 + ddd_tm5 + group_tm4 + did_tm4 + ddd_tm4 + group_tm3 + did_tm3 + ddd_tm3 + group_tm2 + did_tm2 + ddd_tm2 + group_t0 + did_t0 + ddd_t0 + group_t1 + did_t1 + ddd_t1 + group_t2 + did_t2 + ddd_t2 + group_t3 + did_t3 + ddd_t3 + group_t4 + did_t4 + ddd_t4 + group_t5 + did_t5 + ddd_t5 + group_t6 + did_t6 + ddd_t6 + group_t7 + did_t7 + ddd_t7 + group_t8 + did_t8 + ddd_t8 + group_t9 + did_t9 + ddd_t9 + group_t10 + did_t10 + ddd_t10 + group_t11 + did_t11 + ddd_t11 + group_t12 + did_t12 + ddd_t12 + group_t13 + did_t13 + ddd_t13 + group_t14 + did_t14 + ddd_t14 + group_t15 + did_t15 + ddd_t15 + group_t16 + did_t16 + ddd_t16 + group_t17 + did_t17 + ddd_t17 + group_t18 + did_t18 + ddd_t18 + group_t19 + did_t19 + ddd_t19 + group_t20 + did_t20 + ddd_t20 + group_t21 + did_t21 + ddd_t21 + group_t22 + did_t22 + ddd_t22 + group_t23 + did_t23 + ddd_t23 + group_t24 + did_t24 + ddd_t24 + treat_group + idade_media_adm + pct_mulher_adm + pct_superior_adm + pct_negra_adm | cbo_4d + periodo + subgroup,,0.13477605755125985,0.13581311329164839,0.3217256530963295,-0.131417644500371,0.4009697596028907,estimated,adequate,75,266
race_color_b,race_black_combined,Negra (preta e parda),ln_salario_real_adm,Salário real de admissão (log),ddd,strict_no_tail_binning,16,False,False,estimated,24881,24881,341,pyfixest_retained_sample,ln_salario_real_adm ~ group_tm12 + did_tm12 + ddd_tm12 + group_tm11 + did_tm11 + ddd_tm11 + group_tm10 + did_tm10 + ddd_tm10 + group_tm9 + did_tm9 + ddd_tm9 + group_tm8 + did_tm8 + ddd_tm8 + group_tm7 + did_tm7 + ddd_tm7 + group_tm6 + did_tm6 + ddd_tm6 + group_tm5 + did_tm5 + ddd_tm5 + group_tm4 + did_tm4 + ddd_tm4 + group_tm3 + did_tm3 + ddd_tm3 + group_tm2 + did_tm2 + ddd_tm2 + group_t0 + did_t0 + ddd_t0 + group_t1 + did_t1 + ddd_t1 + group_t2 + did_t2 + ddd_t2 + group_t3 + did_t3 + ddd_t3 + group_t4 + did_t4 + ddd_t4 + group_t5 + did_t5 + ddd_t5 + group_t6 + did_t6 + ddd_t6 + group_t7 + did_t7 + ddd_t7 + group_t8 + did_t8 + ddd_t8 + group_t9 + did_t9 + ddd_t9 + group_t10 + did_t10 + ddd_t10 + group_t11 + did_t11 + ddd_t11 + group_t12 + did_t12 + ddd_t12 + group_t13 + did_t13 + ddd_t13 + group_t14 + did_t14 + ddd_t14 + group_t15 + did_t15 + ddd_t15 + group_t16 + did_t16 + ddd_t16 + group_t17 + did_t17 + ddd_t17 + group_t18 + did_t18 + ddd_t18 + group_t19 + did_t19 + ddd_t19 + group_t20 + did_t20 + ddd_t20 + group_t21 + did_t21 + ddd_t21 + group_t22 + did_t22 + ddd_t22 + group_t23 + did_t23 + ddd_t23 + group_t24 + did_t24 + ddd_t24 + treat_group + idade_media_adm + pct_mulher_adm + pct_superior_adm + pct_negra_adm | cbo_4d + periodo + subgroup,,-0.00227541528907884,0.06113057393972106,0.9703296714451803,-0.12209134021093213,0.11754050963277443,estimated,adequate,75,266
race_color_b,race_black_combined,Negra (preta e parda),ln_salario_real_adm,Salário real de admissão (log),ddd,strict_no_tail_binning,17,False,False,estimated,24881,24881,341,pyfixest_retained_sample,ln_salario_real_adm ~ group_tm12 + did_tm12 + ddd_tm12 + group_tm11 + did_tm11 + ddd_tm11 + group_tm10 + did_tm10 + ddd_tm10 + group_tm9 + did_tm9 + ddd_tm9 + group_tm8 + did_tm8 + ddd_tm8 + group_tm7 + did_tm7 + ddd_tm7 + group_tm6 + did_tm6 + ddd_tm6 + group_tm5 + did_tm5 + ddd_tm5 + group_tm4 + did_tm4 + ddd_tm4 + group_tm3 + did_tm3 + ddd_tm3 + group_tm2 + did_tm2 + ddd_tm2 + group_t0 + did_t0 + ddd_t0 + group_t1 + did_t1 + ddd_t1 + group_t2 + did_t2 + ddd_t2 + group_t3 + did_t3 + ddd_t3 + group_t4 + did_t4 + ddd_t4 + group_t5 + did_t5 + ddd_t5 + group_t6 + did_t6 + ddd_t6 + group_t7 + did_t7 + ddd_t7 + group_t8 + did_t8 + ddd_t8 + group_t9 + did_t9 + ddd_t9 + group_t10 + did_t10 + ddd_t10 + group_t11 + did_t11 + ddd_t11 + group_t12 + did_t12 + ddd_t12 + group_t13 + did_t13 + ddd_t13 + group_t14 + did_t14 + ddd_t14 + group_t15 + did_t15 + ddd_t15 + group_t16 + did_t16 + ddd_t16 + group_t17 + did_t17 + ddd_t17 + group_t18 + did_t18 + ddd_t18 + group_t19 + did_t19 + ddd_t19 + group_t20 + did_t20 + ddd_t20 + group_t21 + did_t21 + ddd_t21 + group_t22 + did_t22 + ddd_t22 + group_t23 + did_t23 + ddd_t23 + group_t24 + did_t24 + ddd_t24 + treat_group + idade_media_adm + pct_mulher_adm + pct_superior_adm + pct_negra_adm | cbo_4d + periodo + subgroup,,-0.013983709726692247,0.0664046987662817,0.8333387186976231,-0.14413691930860437,0.11616949985521988,estimated,adequate,75,266
race_color_b,race_black_combined,Negra (preta e parda),ln_salario_real_adm,Salário real de admissão (log),ddd,strict_no_tail_binning,18,False,False,estimated,24881,24881,341,pyfixest_retained_sample,ln_salario_real_adm ~ group_tm12 + did_tm12 + ddd_tm12 + group_tm11 + did_tm11 + ddd_tm11 + group_tm10 + did_tm10 + ddd_tm10 + group_tm9 + did_tm9 + ddd_tm9 + group_tm8 + did_tm8 + ddd_tm8 + group_tm7 + did_tm7 + ddd_tm7 + group_tm6 + did_tm6 + ddd_tm6 + group_tm5 + did_tm5 + ddd_tm5 + group_tm4 + did_tm4 + ddd_tm4 + group_tm3 + did_tm3 + ddd_tm3 + group_tm2 + did_tm2 + ddd_tm2 + group_t0 + did_t0 + ddd_t0 + group_t1 + did_t1 + ddd_t1 + group_t2 + did_t2 + ddd_t2 + group_t3 + did_t3 + ddd_t3 + group_t4 + did_t4 + ddd_t4 + group_t5 + did_t5 + ddd_t5 + group_t6 + did_t6 + ddd_t6 + group_t7 + did_t7 + ddd_t7 + group_t8 + did_t8 + ddd_t8 + group_t9 + did_t9 + ddd_t9 + group_t10 + did_t10 + ddd_t10 + group_t11 + did_t11 + ddd_t11 + group_t12 + did_t12 + ddd_t12 + group_t13 + did_t13 + ddd_t13 + group_t14 + did_t14 + ddd_t14 + group_t15 + did_t15 + ddd_t15 + group_t16 + did_t16 + ddd_t16 + group_t17 + did_t17 + ddd_t17 + group_t18 + did_t18 + ddd_t18 + group_t19 + did_t19 + ddd_t19 + group_t20 + did_t20 + ddd_t20 + group_t21 + did_t21 + ddd_t21 + group_t22 + did_t22 + ddd_t22 + group_t23 + did_t23 + ddd_t23 + group_t24 + did_t24 + ddd_t24 + treat_group + idade_media_adm + pct_mulher_adm + pct_superior_adm + pct_negra_adm | cbo_4d + periodo + subgroup,,0.01184969607507863,0.061156265221683104,0.8464787707105976,-0.10801658375942025,0.1317159759095775,estimated,adequate,75,266
race_color_b,race_black_combined,Negra (preta e parda),ln_salario_real_adm,Salário real de admissão (log),ddd,strict_no_tail_binning,19,False,False,estimated,24881,24881,341,pyfixest_retained_sample,ln_salario_real_adm ~ group_tm12 + did_tm12 + ddd_tm12 + group_tm11 + did_tm11 + ddd_tm11 + group_tm10 + did_tm10 + ddd_tm10 + group_tm9 + did_tm9 + ddd_tm9 + group_tm8 + did_tm8 + ddd_tm8 + group_tm7 + did_tm7 + ddd_tm7 + group_tm6 + did_tm6 + ddd_tm6 + group_tm5 + did_tm5 + ddd_tm5 + group_tm4 + did_tm4 + ddd_tm4 + group_tm3 + did_tm3 + ddd_tm3 + group_tm2 + did_tm2 + ddd_tm2 + group_t0 + did_t0 + ddd_t0 + group_t1 + did_t1 + ddd_t1 + group_t2 + did_t2 + ddd_t2 + group_t3 + did_t3 + ddd_t3 + group_t4 + did_t4 + ddd_t4 + group_t5 + did_t5 + ddd_t5 + group_t6 + did_t6 + ddd_t6 + group_t7 + did_t7 + ddd_t7 + group_t8 + did_t8 + ddd_t8 + group_t9 + did_t9 + ddd_t9 + group_t10 + did_t10 + ddd_t10 + group_t11 + did_t11 + ddd_t11 + group_t12 + did_t12 + ddd_t12 + group_t13 + did_t13 + ddd_t13 + group_t14 + did_t14 + ddd_t14 + group_t15 + did_t15 + ddd_t15 + group_t16 + did_t16 + ddd_t16 + group_t17 + did_t17 + ddd_t17 + group_t18 + did_t18 + ddd_t18 + group_t19 + did_t19 + ddd_t19 + group_t20 + did_t20 + ddd_t20 + group_t21 + did_t21 + ddd_t21 + group_t22 + did_t22 + ddd_t22 + group_t23 + did_t23 + ddd_t23 + group_t24 + did_t24 + ddd_t24 + treat_group + idade_media_adm + pct_mulher_adm + pct_superior_adm + pct_negra_adm | cbo_4d + periodo + subgroup,,-0.10562455428012255,0.06708964363067384,0.11632977743104966,-0.23712025579624327,0.025871147235998176,estimated,adequate,75,266
race_color_b,race_black_combined,Negra (preta e parda),ln_salario_real_adm,Salário real de admissão (log),ddd,strict_no_tail_binning,20,False,False,estimated,24881,24881,341,pyfixest_retained_sample,ln_salario_real_adm ~ group_tm12 + did_tm12 + ddd_tm12 + group_tm11 + did_tm11 + ddd_tm11 + group_tm10 + did_tm10 + ddd_tm10 + group_tm9 + did_tm9 + ddd_tm9 + group_tm8 + did_tm8 + ddd_tm8 + group_tm7 + did_tm7 + ddd_tm7 + group_tm6 + did_tm6 + ddd_tm6 + group_tm5 + did_tm5 + ddd_tm5 + group_tm4 + did_tm4 + ddd_tm4 + group_tm3 + did_tm3 + ddd_tm3 + group_tm2 + did_tm2 + ddd_tm2 + group_t0 + did_t0 + ddd_t0 + group_t1 + did_t1 + ddd_t1 + group_t2 + did_t2 + ddd_t2 + group_t3 + did_t3 + ddd_t3 + group_t4 + did_t4 + ddd_t4 + group_t5 + did_t5 + ddd_t5 + group_t6 + did_t6 + ddd_t6 + group_t7 + did_t7 + ddd_t7 + group_t8 + did_t8 + ddd_t8 + group_t9 + did_t9 + ddd_t9 + group_t10 + did_t10 + ddd_t10 + group_t11 + did_t11 + ddd_t11 + group_t12 + did_t12 + ddd_t12 + group_t13 + did_t13 + ddd_t13 + group_t14 + did_t14 + ddd_t14 + group_t15 + did_t15 + ddd_t15 + group_t16 + did_t16 + ddd_t16 + group_t17 + did_t17 + ddd_t17 + group_t18 + did_t18 + ddd_t18 + group_t19 + did_t19 + ddd_t19 + group_t20 + did_t20 + ddd_t20 + group_t21 + did_t21 + ddd_t21 + group_t22 + did_t22 + ddd_t22 + group_t23 + did_t23 + ddd_t23 + group_t24 + did_t24 + ddd_t24 + treat_group + idade_media_adm + pct_mulher_adm + pct_superior_adm + pct_negra_adm | cbo_4d + periodo + subgroup,,-0.036439539694142396,0.07850798256997135,0.6428367801201538,-0.19031518553128626,0.11743610614300146,estimated,adequate,75,266
race_color_b,race_black_combined,Negra (preta e parda),ln_salario_real_adm,Salário real de admissão (log),ddd,strict_no_tail_binning,21,False,False,estimated,24881,24881,341,pyfixest_retained_sample,ln_salario_real_adm ~ group_tm12 + did_tm12 + ddd_tm12 + group_tm11 + did_tm11 + ddd_tm11 + group_tm10 + did_tm10 + ddd_tm10 + group_tm9 + did_tm9 + ddd_tm9 + group_tm8 + did_tm8 + ddd_tm8 + group_tm7 + did_tm7 + ddd_tm7 + group_tm6 + did_tm6 + ddd_tm6 + group_tm5 + did_tm5 + ddd_tm5 + group_tm4 + did_tm4 + ddd_tm4 + group_tm3 + did_tm3 + ddd_tm3 + group_tm2 + did_tm2 + ddd_tm2 + group_t0 + did_t0 + ddd_t0 + group_t1 + did_t1 + ddd_t1 + group_t2 + did_t2 + ddd_t2 + group_t3 + did_t3 + ddd_t3 + group_t4 + did_t4 + ddd_t4 + group_t5 + did_t5 + ddd_t5 + group_t6 + did_t6 + ddd_t6 + group_t7 + did_t7 + ddd_t7 + group_t8 + did_t8 + ddd_t8 + group_t9 + did_t9 + ddd_t9 + group_t10 + did_t10 + ddd_t10 + group_t11 + did_t11 + ddd_t11 + group_t12 + did_t12 + ddd_t12 + group_t13 + did_t13 + ddd_t13 + group_t14 + did_t14 + ddd_t14 + group_t15 + did_t15 + ddd_t15 + group_t16 + did_t16 + ddd_t16 + group_t17 + did_t17 + ddd_t17 + group_t18 + did_t18 + ddd_t18 + group_t19 + did_t19 + ddd_t19 + group_t20 + did_t20 + ddd_t20 + group_t21 + did_t21 + ddd_t21 + group_t22 + did_t22 + ddd_t22 + group_t23 + did_t23 + ddd_t23 + group_t24 + did_t24 + ddd_t24 + treat_group + idade_media_adm + pct_mulher_adm + pct_superior_adm + pct_negra_adm | cbo_4d + periodo + subgroup,,-0.04581873807923825,0.05673089240602262,0.4198564346308373,-0.1570112871950426,0.06537381103656609,estimated,adequate,75,266
race_color_b,race_black_combined,Negra (preta e parda),ln_salario_real_adm,Salário real de admissão (log),ddd,strict_no_tail_binning,22,False,False,estimated,24881,24881,341,pyfixest_retained_sample,ln_salario_real_adm ~ group_tm12 + did_tm12 + ddd_tm12 + group_tm11 + did_tm11 + ddd_tm11 + group_tm10 + did_tm10 + ddd_tm10 + group_tm9 + did_tm9 + ddd_tm9 + group_tm8 + did_tm8 + ddd_tm8 + group_tm7 + did_tm7 + ddd_tm7 + group_tm6 + did_tm6 + ddd_tm6 + group_tm5 + did_tm5 + ddd_tm5 + group_tm4 + did_tm4 + ddd_tm4 + group_tm3 + did_tm3 + ddd_tm3 + group_tm2 + did_tm2 + ddd_tm2 + group_t0 + did_t0 + ddd_t0 + group_t1 + did_t1 + ddd_t1 + group_t2 + did_t2 + ddd_t2 + group_t3 + did_t3 + ddd_t3 + group_t4 + did_t4 + ddd_t4 + group_t5 + did_t5 + ddd_t5 + group_t6 + did_t6 + ddd_t6 + group_t7 + did_t7 + ddd_t7 + group_t8 + did_t8 + ddd_t8 + group_t9 + did_t9 + ddd_t9 + group_t10 + did_t10 + ddd_t10 + group_t11 + did_t11 + ddd_t11 + group_t12 + did_t12 + ddd_t12 + group_t13 + did_t13 + ddd_t13 + group_t14 + did_t14 + ddd_t14 + group_t15 + did_t15 + ddd_t15 + group_t16 + did_t16 + ddd_t16 + group_t17 + did_t17 + ddd_t17 + group_t18 + did_t18 + ddd_t18 + group_t19 + did_t19 + ddd_t19 + group_t20 + did_t20 + ddd_t20 + group_t21 + did_t21 + ddd_t21 + group_t22 + did_t22 + ddd_t22 + group_t23 + did_t23 + ddd_t23 + group_t24 + did_t24 + ddd_t24 + treat_group + idade_media_adm + pct_mulher_adm + pct_superior_adm + pct_negra_adm | cbo_4d + periodo + subgroup,,-0.02067068068122864,0.059358398944050976,0.7278791086242704,-0.13701314261156855,0.09567178124911127,estimated,adequate,75,266
race_color_b,race_black_combined,Negra (preta e parda),ln_salario_real_adm,Salário real de admissão (log),ddd,strict_no_tail_binning,23,False,False,estimated,24881,24881,341,pyfixest_retained_sample,ln_salario_real_adm ~ group_tm12 + did_tm12 + ddd_tm12 + group_tm11 + did_tm11 + ddd_tm11 + group_tm10 + did_tm10 + ddd_tm10 + group_tm9 + did_tm9 + ddd_tm9 + group_tm8 + did_tm8 + ddd_tm8 + group_tm7 + did_tm7 + ddd_tm7 + group_tm6 + did_tm6 + ddd_tm6 + group_tm5 + did_tm5 + ddd_tm5 + group_tm4 + did_tm4 + ddd_tm4 + group_tm3 + did_tm3 + ddd_tm3 + group_tm2 + did_tm2 + ddd_tm2 + group_t0 + did_t0 + ddd_t0 + group_t1 + did_t1 + ddd_t1 + group_t2 + did_t2 + ddd_t2 + group_t3 + did_t3 + ddd_t3 + group_t4 + did_t4 + ddd_t4 + group_t5 + did_t5 + ddd_t5 + group_t6 + did_t6 + ddd_t6 + group_t7 + did_t7 + ddd_t7 + group_t8 + did_t8 + ddd_t8 + group_t9 + did_t9 + ddd_t9 + group_t10 + did_t10 + ddd_t10 + group_t11 + did_t11 + ddd_t11 + group_t12 + did_t12 + ddd_t12 + group_t13 + did_t13 + ddd_t13 + group_t14 + did_t14 + ddd_t14 + group_t15 + did_t15 + ddd_t15 + group_t16 + did_t16 + ddd_t16 + group_t17 + did_t17 + ddd_t17 + group_t18 + did_t18 + ddd_t18 + group_t19 + did_t19 + ddd_t19 + group_t20 + did_t20 + ddd_t20 + group_t21 + did_t21 + ddd_t21 + group_t22 + did_t22 + ddd_t22 + group_t23 + did_t23 + ddd_t23 + group_t24 + did_t24 + ddd_t24 + treat_group + idade_media_adm + pct_mulher_adm + pct_superior_adm + pct_negra_adm | cbo_4d + periodo + subgroup,,-0.05478721271926984,0.05729434616010796,0.3396298135874438,-0.16708413119308144,0.05750970575454176,estimated,adequate,75,266
race_color_b,race_black_combined,Negra (preta e parda),ln_salario_real_adm,Salário real de admissão (log),ddd,strict_no_tail_binning,24,False,False,estimated,24881,24881,341,pyfixest_retained_sample,ln_salario_real_adm ~ group_tm12 + did_tm12 + ddd_tm12 + group_tm11 + did_tm11 + ddd_tm11 + group_tm10 + did_tm10 + ddd_tm10 + group_tm9 + did_tm9 + ddd_tm9 + group_tm8 + did_tm8 + ddd_tm8 + group_tm7 + did_tm7 + ddd_tm7 + group_tm6 + did_tm6 + ddd_tm6 + group_tm5 + did_tm5 + ddd_tm5 + group_tm4 + did_tm4 + ddd_tm4 + group_tm3 + did_tm3 + ddd_tm3 + group_tm2 + did_tm2 + ddd_tm2 + group_t0 + did_t0 + ddd_t0 + group_t1 + did_t1 + ddd_t1 + group_t2 + did_t2 + ddd_t2 + group_t3 + did_t3 + ddd_t3 + group_t4 + did_t4 + ddd_t4 + group_t5 + did_t5 + ddd_t5 + group_t6 + did_t6 + ddd_t6 + group_t7 + did_t7 + ddd_t7 + group_t8 + did_t8 + ddd_t8 + group_t9 + did_t9 + ddd_t9 + group_t10 + did_t10 + ddd_t10 + group_t11 + did_t11 + ddd_t11 + group_t12 + did_t12 + ddd_t12 + group_t13 + did_t13 + ddd_t13 + group_t14 + did_t14 + ddd_t14 + group_t15 + did_t15 + ddd_t15 + group_t16 + did_t16 + ddd_t16 + group_t17 + did_t17 + ddd_t17 + group_t18 + did_t18 + ddd_t18 + group_t19 + did_t19 + ddd_t19 + group_t20 + did_t20 + ddd_t20 + group_t21 + did_t21 + ddd_t21 + group_t22 + did_t22 + ddd_t22 + group_t23 + did_t23 + ddd_t23 + group_t24 + did_t24 + ddd_t24 + treat_group + idade_media_adm + pct_mulher_adm + pct_superior_adm + pct_negra_adm | cbo_4d + periodo + subgroup,,0.05236358972439805,0.07861527041387344,0.5058154482940957,-0.10172234028679389,0.20644951973559,estimated,adequate,75,266
