cbo_4d,outcome,trend_scale,pre_observations,pre_slope,slope_status
1111,admissoes,log1p,23,-0.029463879391330768,estimated
1113,admissoes,log1p,23,-0.02847299144446041,estimated
1414,admissoes,log1p,23,0.0006091044490687845,estimated
1423,admissoes,log1p,23,0.0034903165130698802,estimated
1424,admissoes,log1p,23,-0.003646887282764464,estimated
1426,admissoes,log1p,23,-0.006555130343925182,estimated
2035,admissoes,log1p,23,0.014473359596913546,estimated
2111,admissoes,log1p,23,0.008051464307481989,estimated
2112,admissoes,log1p,23,0.01857862134040491,estimated
2123,admissoes,log1p,23,0.0027586381544582286,estimated
2124,admissoes,log1p,23,-0.004633031675484883,estimated
2131,admissoes,log1p,23,-0.027953962509902286,estimated
2133,admissoes,log1p,23,-0.023399093559406812,estimated
2142,admissoes,log1p,23,0.0016773393797009338,estimated
2143,admissoes,log1p,23,0.0033970174847492976,estimated
2144,admissoes,log1p,23,0.014837084856873716,estimated
2146,admissoes,log1p,23,0.0009114648016663418,estimated
2147,admissoes,log1p,23,-0.011840788200318452,estimated
2148,admissoes,log1p,23,0.01367917897715989,estimated
2152,admissoes,log1p,23,-0.005369539148255988,estimated
2153,admissoes,log1p,23,0.012076759379382126,estimated
2221,admissoes,log1p,23,0.0037225894172401228,estimated
2232,admissoes,log1p,23,0.014739003746116874,estimated
2233,admissoes,log1p,23,-0.0001041199226485893,estimated
2236,admissoes,log1p,23,-0.029897092854490197,estimated
2237,admissoes,log1p,23,0.010602442749089034,estimated
2238,admissoes,log1p,23,0.007867886651139116,estimated
2239,admissoes,log1p,23,0.00677543167224888,estimated
2251,admissoes,log1p,23,-0.003619327874049879,estimated
2252,admissoes,log1p,23,0.015505327604279593,estimated
2253,admissoes,log1p,23,0.03220136709241641,estimated
2312,admissoes,log1p,23,-0.016327795423262955,estimated
2313,admissoes,log1p,23,-0.012663748572763048,estimated
2392,admissoes,log1p,23,0.02264419340029815,estimated
2394,admissoes,log1p,23,0.010659518808199576,estimated
2511,admissoes,log1p,23,0.0005057207314379412,estimated
2512,admissoes,log1p,23,0.0002617231212122524,estimated
2513,admissoes,log1p,23,0.005778495216568702,estimated
2515,admissoes,log1p,23,0.017664074614274987,estimated
2516,admissoes,log1p,23,0.010656937481449682,estimated
2521,admissoes,log1p,23,0.0031241647186310883,estimated
2522,admissoes,log1p,23,-0.0014754473786740426,estimated
2523,admissoes,log1p,23,0.0054460768042072435,estimated
2531,admissoes,log1p,23,-0.008530017918554676,estimated
2611,admissoes,log1p,23,-0.005047167827237782,estimated
2612,admissoes,log1p,23,-0.009532372084145617,estimated
2613,admissoes,log1p,23,0.014028586786321469,estimated
2614,admissoes,log1p,23,0.038272164150814254,estimated
2615,admissoes,log1p,23,-0.006213160167363116,estimated
2616,admissoes,log1p,23,-0.01973611962512609,estimated
2617,admissoes,log1p,23,-3.5444967984799454e-05,estimated
2624,admissoes,log1p,23,0.00013114542124325685,estimated
2626,admissoes,log1p,23,0.029448957138438564,estimated
2627,admissoes,log1p,23,0.03860264450488294,estimated
2628,admissoes,log1p,23,0.02779145850116955,estimated
2631,admissoes,log1p,23,-0.024306849771149344,estimated
3003,admissoes,log1p,23,0.008089802315446128,estimated
3011,admissoes,log1p,23,-0.0008198038029562467,estimated
3111,admissoes,log1p,23,-0.0013601344425334247,estimated
3112,admissoes,log1p,23,0.03209132682570253,estimated
3113,admissoes,log1p,23,-0.003464761458395833,estimated
3115,admissoes,log1p,23,0.015341780285803778,estimated
3116,admissoes,log1p,23,-0.012613099731831022,estimated
3117,admissoes,log1p,23,-0.015212893910603983,estimated
3121,admissoes,log1p,23,0.006409228888585578,estimated
3122,admissoes,log1p,23,0.006890632098296388,estimated
3131,admissoes,log1p,23,-0.0009970167076646542,estimated
3132,admissoes,log1p,23,-0.0006522328470391804,estimated
3133,admissoes,log1p,23,0.0006314314106148917,estimated
3134,admissoes,log1p,23,-0.0034585337442737296,estimated
3141,admissoes,log1p,23,0.0015889693289383396,estimated
3143,admissoes,log1p,23,-0.0005626095672764421,estimated
3147,admissoes,log1p,23,-0.026461473945777733,estimated
3161,admissoes,log1p,23,0.030910014536821708,estimated
3163,admissoes,log1p,23,0.009825795358934394,estimated
3171,admissoes,log1p,23,-0.010092090205347053,estimated
3172,admissoes,log1p,23,0.009638954080216257,estimated
3188,admissoes,log1p,23,-0.0002445847215763334,estimated
3211,admissoes,log1p,23,-0.005739510997726912,estimated
3213,admissoes,log1p,23,0.02010454449131289,estimated
3221,admissoes,log1p,23,0.016077148902565324,estimated
3223,admissoes,log1p,23,0.007349968949151415,estimated
3224,admissoes,log1p,23,0.000504177896179977,estimated
3225,admissoes,log1p,23,-0.006566239776948231,estimated
3231,admissoes,log1p,23,0.02969057250403028,estimated
3241,admissoes,log1p,23,0.0014919244248502769,estimated
3242,admissoes,log1p,23,-0.004334154136523136,estimated
3252,admissoes,log1p,23,0.012900547576637795,estimated
3281,admissoes,log1p,23,0.02459538891414636,estimated
3411,admissoes,log1p,23,0.018041792672814094,estimated
3412,admissoes,log1p,23,0.0016281226192827174,estimated
3422,admissoes,log1p,23,-0.0034346080204751706,estimated
3423,admissoes,log1p,23,0.006797538691985885,estimated
3425,admissoes,log1p,23,0.03781651158815198,estimated
3511,admissoes,log1p,23,-0.013095144184918642,estimated
3513,admissoes,log1p,23,0.005919103059340025,estimated
3514,admissoes,log1p,23,0.00022921084907825818,estimated
3515,admissoes,log1p,23,0.0020197136080314514,estimated
3516,admissoes,log1p,23,0.009620016507469582,estimated
3517,admissoes,log1p,23,0.005179929161726613,estimated
3532,admissoes,log1p,23,0.007052784448455112,estimated
3541,admissoes,log1p,23,0.008397700246743309,estimated
3543,admissoes,log1p,23,0.0035363155133791633,estimated
3544,admissoes,log1p,23,0.006801845713575894,estimated
3545,admissoes,log1p,23,0.008843446788506088,estimated
3547,admissoes,log1p,23,0.009910141759633484,estimated
3548,admissoes,log1p,23,0.06475529825582156,estimated
3711,admissoes,log1p,23,0.025977108546493162,estimated
3713,admissoes,log1p,23,-0.012507978334383723,estimated
3751,admissoes,log1p,23,-0.023518751127382945,estimated
3762,admissoes,log1p,23,0.02160058725039379,estimated
3764,admissoes,log1p,23,0.016237087062019703,estimated
3911,admissoes,log1p,23,0.001905329241564156,estimated
3912,admissoes,log1p,23,0.004951422228000385,estimated
4102,admissoes,log1p,23,0.010158335641628168,estimated
4110,admissoes,log1p,23,0.004549400975208515,estimated
4121,admissoes,log1p,23,-0.008827172238770902,estimated
4122,admissoes,log1p,23,-0.0009927221545207345,estimated
4131,admissoes,log1p,23,-6.232153501432073e-05,estimated
4132,admissoes,log1p,23,0.001649359172800934,estimated
4142,admissoes,log1p,23,0.0067987515651094215,estimated
4151,admissoes,log1p,23,0.012115429632541941,estimated
4152,admissoes,log1p,23,-0.019168645068692466,estimated
4211,admissoes,log1p,23,0.01721835157754512,estimated
4212,admissoes,log1p,23,-0.003355136523960758,estimated
4221,admissoes,log1p,23,0.010791013082989038,estimated
4222,admissoes,log1p,23,-0.0017947738381924388,estimated
4223,admissoes,log1p,23,-0.006563332623382428,estimated
4241,admissoes,log1p,23,0.023327163741654822,estimated
5111,admissoes,log1p,23,-0.0025542089587183413,estimated
5121,admissoes,log1p,23,0.00033281227395994683,estimated
5131,admissoes,log1p,23,0.0102369605368142,estimated
5132,admissoes,log1p,23,0.013458141852742344,estimated
5142,admissoes,log1p,23,0.0054704249022210095,estimated
5143,admissoes,log1p,23,0.012949999625887155,estimated
5151,admissoes,log1p,23,0.03274423202643467,estimated
5152,admissoes,log1p,23,-0.004726088657471158,estimated
5161,admissoes,log1p,23,0.016800279584432046,estimated
5162,admissoes,log1p,23,0.03268271748330463,estimated
5163,admissoes,log1p,23,0.007219846352238918,estimated
5164,admissoes,log1p,23,0.009404692896134064,estimated
5165,admissoes,log1p,23,-0.01115834275577303,estimated
5166,admissoes,log1p,23,0.0053704135276966,estimated
5171,admissoes,log1p,23,0.016324473800521433,estimated
5172,admissoes,log1p,23,0.042633857346717895,estimated
5173,admissoes,log1p,23,0.003970366543628533,estimated
5199,admissoes,log1p,23,0.011939166451027786,estimated
5231,admissoes,log1p,23,0.00653157314418083,estimated
5241,admissoes,log1p,23,0.0008605655901633007,estimated
5242,admissoes,log1p,23,0.001923618272863406,estimated
5243,admissoes,log1p,23,-0.008821377902933965,estimated
6110,admissoes,log1p,23,-0.012663920232404154,estimated
6120,admissoes,log1p,23,-0.008346742587817332,estimated
6122,admissoes,log1p,7,0.00992165263387878,estimated
6125,admissoes,log1p,23,-0.029742759280611483,estimated
6130,admissoes,log1p,23,0.010497004604087413,estimated
6131,admissoes,log1p,23,-0.002047294577864556,estimated
6133,admissoes,log1p,23,0.014382672918183419,estimated
6201,admissoes,log1p,23,-0.0005267066686528989,estimated
6210,admissoes,log1p,23,-0.001396529579389763,estimated
6220,admissoes,log1p,23,-0.004020726279537241,estimated
6221,admissoes,log1p,23,0.005496190788089206,estimated
6222,admissoes,log1p,23,-0.025250226386305696,estimated
6225,admissoes,log1p,23,-0.0020957629936261797,estimated
6226,admissoes,log1p,23,-0.005221833861661915,estimated
6227,admissoes,log1p,23,-0.010395874409610728,estimated
6228,admissoes,log1p,23,0.022796087768953213,estimated
6230,admissoes,log1p,23,0.0054191203525205305,estimated
6231,admissoes,log1p,23,-0.0009106672434224928,estimated
6232,admissoes,log1p,23,-0.0006896097347768971,estimated
6233,admissoes,log1p,23,0.004768215933198466,estimated
6234,admissoes,log1p,23,0.013040826759718717,estimated
6310,admissoes,log1p,23,0.006667102544767549,estimated
6311,admissoes,log1p,23,-0.0062940472817480855,estimated
6312,admissoes,log1p,23,-0.007440360934703738,estimated
6313,admissoes,log1p,23,-0.0013934579520340354,estimated
6314,admissoes,log1p,23,0.021209479572567615,estimated
6320,admissoes,log1p,23,0.027535783155739547,estimated
6321,admissoes,log1p,23,0.004064778756548146,estimated
6322,admissoes,log1p,23,0.002737642946217859,estimated
6323,admissoes,log1p,23,0.08200305694225153,estimated
6324,admissoes,log1p,23,0.024229130553545523,estimated
6325,admissoes,log1p,23,-0.04676819659528227,estimated
6326,admissoes,log1p,23,-0.0056790883570693685,estimated
6410,admissoes,log1p,23,-0.010525971426353692,estimated
6420,admissoes,log1p,23,0.012268243828507124,estimated
7101,admissoes,log1p,23,-0.010002864825041492,estimated
7102,admissoes,log1p,23,0.006506656924557494,estimated
7111,admissoes,log1p,23,-0.008278853175399377,estimated
7112,admissoes,log1p,23,0.0022287220560152847,estimated
7113,admissoes,log1p,23,0.008220755928285247,estimated
7114,admissoes,log1p,23,0.014272961218949026,estimated
7121,admissoes,log1p,23,-0.0030348079585197163,estimated
7122,admissoes,log1p,23,-0.012588009369499943,estimated
7151,admissoes,log1p,23,0.008522426681164869,estimated
7152,admissoes,log1p,23,0.007951267475805133,estimated
7153,admissoes,log1p,23,0.00863692906992305,estimated
7154,admissoes,log1p,23,0.005059601104798708,estimated
7155,admissoes,log1p,23,0.005460160803393018,estimated
7156,admissoes,log1p,23,0.005834987522953232,estimated
7157,admissoes,log1p,23,-0.0018475872026905101,estimated
7161,admissoes,log1p,23,-0.007959554866670479,estimated
7162,admissoes,log1p,23,0.013435415775636419,estimated
7163,admissoes,log1p,23,-0.0009566189471179484,estimated
7164,admissoes,log1p,23,-0.001884175870654207,estimated
7165,admissoes,log1p,23,-0.0005942771156983612,estimated
7166,admissoes,log1p,23,0.0074544485625472464,estimated
7170,admissoes,log1p,23,0.009589884206550577,estimated
7211,admissoes,log1p,23,-0.02218089137218606,estimated
7212,admissoes,log1p,23,-0.017454020711531494,estimated
7213,admissoes,log1p,23,-0.008710559308116208,estimated
7214,admissoes,log1p,23,-0.013593756744597436,estimated
7221,admissoes,log1p,23,-0.011669714477845712,estimated
7223,admissoes,log1p,23,-0.016134055645917137,estimated
7232,admissoes,log1p,23,-0.006527053524496075,estimated
7233,admissoes,log1p,23,0.00046079129697059167,estimated
7241,admissoes,log1p,23,0.0050159327246075205,estimated
7242,admissoes,log1p,23,0.002666555396347547,estimated
7243,admissoes,log1p,23,-0.0018502994939010129,estimated
7244,admissoes,log1p,23,0.003467508009957198,estimated
7250,admissoes,log1p,23,-0.007980398432702816,estimated
7301,admissoes,log1p,23,0.0013660930648212734,estimated
7313,admissoes,log1p,23,-0.013758706306946106,estimated
7321,admissoes,log1p,23,0.004217145501582944,estimated
7411,admissoes,log1p,23,-0.008059662691052726,estimated
7421,admissoes,log1p,23,0.01132440976560118,estimated
7502,admissoes,log1p,23,-0.0007835514194397634,estimated
7510,admissoes,log1p,23,-0.01210391635622077,estimated
7511,admissoes,log1p,23,-0.005887877212115238,estimated
7521,admissoes,log1p,23,-0.026079836359099506,estimated
7522,admissoes,log1p,23,-0.007033571157110757,estimated
7523,admissoes,log1p,23,-0.026292356353443243,estimated
7524,admissoes,log1p,23,-0.02822212092166325,estimated
7601,admissoes,log1p,23,-0.01276408047810799,estimated
7604,admissoes,log1p,23,-0.00721987493311525,estimated
7606,admissoes,log1p,23,-0.008966466271158368,estimated
7611,admissoes,log1p,23,0.013647545706471146,estimated
7612,admissoes,log1p,23,-0.014097571785547141,estimated
7613,admissoes,log1p,23,-0.014386839254854662,estimated
7614,admissoes,log1p,23,-0.011925561533760775,estimated
7618,admissoes,log1p,23,-0.010683405192674258,estimated
7621,admissoes,log1p,23,-0.013479252215558356,estimated
7622,admissoes,log1p,23,-0.018641955114932655,estimated
7623,admissoes,log1p,23,-0.028309251258247493,estimated
7630,admissoes,log1p,23,-0.008030605897170867,estimated
7631,admissoes,log1p,23,-0.00358420251729324,estimated
7632,admissoes,log1p,23,-0.011892357183105343,estimated
7633,admissoes,log1p,23,-0.0024905430004514336,estimated
7641,admissoes,log1p,23,0.004754684577582508,estimated
7642,admissoes,log1p,23,0.006732099941210449,estimated
7643,admissoes,log1p,23,0.007004520600370111,estimated
7650,admissoes,log1p,23,-0.01961346607992999,estimated
7651,admissoes,log1p,23,-0.009790464615370057,estimated
7652,admissoes,log1p,23,-0.005072796028933121,estimated
7653,admissoes,log1p,23,-0.014360855436203095,estimated
7661,admissoes,log1p,23,-0.003975314191897869,estimated
7663,admissoes,log1p,23,0.004461264600857685,estimated
7664,admissoes,log1p,23,-0.004511969439201415,estimated
7681,admissoes,log1p,23,0.004186686280659852,estimated
7682,admissoes,log1p,23,0.02108770450446382,estimated
7683,admissoes,log1p,23,-0.0005620012355291156,estimated
7686,admissoes,log1p,23,-0.0019259466756556395,estimated
7687,admissoes,log1p,23,0.012270204960597792,estimated
7701,admissoes,log1p,23,-0.0054514024936876656,estimated
7711,admissoes,log1p,23,-0.005661817812926379,estimated
7721,admissoes,log1p,23,-0.01781865446889323,estimated
7731,admissoes,log1p,23,-0.011406536157851628,estimated
7732,admissoes,log1p,23,-0.023067750811140982,estimated
7733,admissoes,log1p,23,-0.016255328515755733,estimated
7751,admissoes,log1p,23,-0.021453555952464773,estimated
7764,admissoes,log1p,23,-0.0077625992497341,estimated
7771,admissoes,log1p,23,-0.0539589532010547,estimated
7772,admissoes,log1p,23,-0.020701301544918456,estimated
7817,admissoes,log1p,23,0.004974223016755848,estimated
7821,admissoes,log1p,23,0.0026636145275699898,estimated
7822,admissoes,log1p,23,0.0038029448671629434,estimated
7823,admissoes,log1p,23,0.003203118234271356,estimated
7826,admissoes,log1p,23,-0.0028311754756283323,estimated
7827,admissoes,log1p,23,0.003739964346410076,estimated
7828,admissoes,log1p,23,-0.010314349742828554,estimated
7832,admissoes,log1p,23,0.008216548983876103,estimated
7842,admissoes,log1p,23,0.0021712802887869954,estimated
8101,admissoes,log1p,23,0.012638564026243205,estimated
8102,admissoes,log1p,23,-0.006711429007937195,estimated
8110,admissoes,log1p,23,-0.032962831082639754,estimated
8111,admissoes,log1p,23,-0.004371182066245824,estimated
8112,admissoes,log1p,23,-0.0038845788636596885,estimated
8113,admissoes,log1p,23,-0.017118819711767642,estimated
8114,admissoes,log1p,23,0.0020044709991370144,estimated
8115,admissoes,log1p,23,0.0034709011478826837,estimated
8116,admissoes,log1p,23,-0.00022211970911352195,estimated
8117,admissoes,log1p,23,-0.007243481548001664,estimated
8181,admissoes,log1p,23,0.0059365334120268015,estimated
8211,admissoes,log1p,23,0.002641390925808899,estimated
8214,admissoes,log1p,23,-0.011442981718346781,estimated
8231,admissoes,log1p,23,0.0016380096624128394,estimated
8232,admissoes,log1p,23,-0.011733755722354303,estimated
8233,admissoes,log1p,23,-0.007328283944242213,estimated
8281,admissoes,log1p,23,-0.02158767111972645,estimated
8301,admissoes,log1p,23,-0.010418012669123294,estimated
8331,admissoes,log1p,23,-0.0012751318430722202,estimated
8401,admissoes,log1p,23,0.005405013216320195,estimated
8411,admissoes,log1p,23,-0.014250604486949524,estimated
8412,admissoes,log1p,23,0.01649091023639329,estimated
8413,admissoes,log1p,23,0.003222995577156666,estimated
8414,admissoes,log1p,23,0.012203783511696636,estimated
8415,admissoes,log1p,23,-0.000717634645555761,estimated
8416,admissoes,log1p,23,-0.02312424587868204,estimated
8417,admissoes,log1p,23,-0.005546523136079198,estimated
8418,admissoes,log1p,23,0.00985389730986809,estimated
8421,admissoes,log1p,23,-0.05284678357664736,estimated
8422,admissoes,log1p,23,-0.018776000546963996,estimated
8481,admissoes,log1p,23,0.0061998352993966836,estimated
8482,admissoes,log1p,23,0.0007532096803630945,estimated
8483,admissoes,log1p,23,0.007826539482899958,estimated
8485,admissoes,log1p,23,0.004715333173469655,estimated
8601,admissoes,log1p,23,-0.00047872687783892347,estimated
8611,admissoes,log1p,23,-0.010604914725707593,estimated
8612,admissoes,log1p,23,0.019506999377382605,estimated
8621,admissoes,log1p,23,-0.006533958899425454,estimated
8622,admissoes,log1p,23,-0.002890901074615973,estimated
8623,admissoes,log1p,23,0.004270994520753953,estimated
8624,admissoes,log1p,23,0.012284636971303822,estimated
8625,admissoes,log1p,23,0.002886090341837858,estimated
9101,admissoes,log1p,23,0.0038100726183239422,estimated
9111,admissoes,log1p,23,-0.0008567395142549854,estimated
9112,admissoes,log1p,23,0.0019621320665039505,estimated
9113,admissoes,log1p,23,-0.0013843860594594855,estimated
9131,admissoes,log1p,23,0.003955350042226002,estimated
9141,admissoes,log1p,23,0.0139993262631359,estimated
9143,admissoes,log1p,23,0.004106424541589172,estimated
9144,admissoes,log1p,23,0.004623864897804404,estimated
9191,admissoes,log1p,23,0.003676839222154958,estimated
9193,admissoes,log1p,23,-0.022589255833540132,estimated
9511,admissoes,log1p,23,-0.0014626326199878685,estimated
9531,admissoes,log1p,23,0.0009136989064275678,estimated
9541,admissoes,log1p,23,-9.416222851072502e-05,estimated
9542,admissoes,log1p,23,-0.02012942806694892,estimated
9543,admissoes,log1p,23,0.01199869359918479,estimated
9921,admissoes,log1p,23,-3.306596641790277e-05,estimated
1111,desligamentos,log1p,23,0.00183064768611264,estimated
1113,desligamentos,log1p,23,-0.025576159594225475,estimated
1414,desligamentos,log1p,23,0.0027080447942595975,estimated
1423,desligamentos,log1p,23,0.011605923787014224,estimated
1424,desligamentos,log1p,23,-0.0027464453209874104,estimated
1426,desligamentos,log1p,23,0.004471988401528981,estimated
2035,desligamentos,log1p,23,0.033432513442296044,estimated
2111,desligamentos,log1p,23,0.00910229931758954,estimated
2112,desligamentos,log1p,23,0.01644191521417951,estimated
2123,desligamentos,log1p,23,0.011225444238137657,estimated
2124,desligamentos,log1p,23,0.0009423758760212796,estimated
2131,desligamentos,log1p,23,0.003374883647069111,estimated
2133,desligamentos,log1p,23,0.013602363518196681,estimated
2142,desligamentos,log1p,23,0.003494916724416434,estimated
2143,desligamentos,log1p,23,0.0042883085146440654,estimated
2144,desligamentos,log1p,23,0.011081832138504378,estimated
2146,desligamentos,log1p,23,0.01137250641668872,estimated
2147,desligamentos,log1p,23,0.017892033953156944,estimated
2148,desligamentos,log1p,23,0.016201962501789072,estimated
2152,desligamentos,log1p,23,-0.003700797055072456,estimated
2153,desligamentos,log1p,23,0.018548126274432582,estimated
2221,desligamentos,log1p,23,0.00028484621972711395,estimated
2232,desligamentos,log1p,23,0.013537157523924804,estimated
2233,desligamentos,log1p,23,0.009896783623043807,estimated
2236,desligamentos,log1p,23,-0.008280940933428267,estimated
2237,desligamentos,log1p,23,0.01086778878648637,estimated
2238,desligamentos,log1p,23,0.016993909976384475,estimated
2239,desligamentos,log1p,23,0.022048355893419778,estimated
2251,desligamentos,log1p,23,-0.002592728550736535,estimated
2252,desligamentos,log1p,23,0.009326479252034559,estimated
2253,desligamentos,log1p,23,0.01994613007186397,estimated
2312,desligamentos,log1p,23,-0.007019219215048854,estimated
2313,desligamentos,log1p,23,-0.0054539412352467296,estimated
2392,desligamentos,log1p,23,0.015928917306246702,estimated
2394,desligamentos,log1p,23,0.008785836181395968,estimated
2511,desligamentos,log1p,23,0.00929193065217215,estimated
2512,desligamentos,log1p,23,0.009113911929892804,estimated
2513,desligamentos,log1p,23,0.0072882952398750315,estimated
2515,desligamentos,log1p,23,0.019571602437474717,estimated
2516,desligamentos,log1p,23,0.009889385475960973,estimated
2521,desligamentos,log1p,23,0.010330204282268307,estimated
2522,desligamentos,log1p,23,0.005804080539643572,estimated
2523,desligamentos,log1p,23,0.015038701360227901,estimated
2531,desligamentos,log1p,23,0.004694586210422063,estimated
2611,desligamentos,log1p,23,-0.0010934842890478514,estimated
2612,desligamentos,log1p,23,0.008577000024624009,estimated
2613,desligamentos,log1p,23,0.02253749707692273,estimated
2614,desligamentos,log1p,23,0.030968428563998958,estimated
2615,desligamentos,log1p,23,0.007274208302277686,estimated
2616,desligamentos,log1p,23,-0.002978623679958271,estimated
2617,desligamentos,log1p,23,0.0006360215516241114,estimated
2624,desligamentos,log1p,23,0.01476583871621035,estimated
2626,desligamentos,log1p,23,-0.0023412590626499257,estimated
2627,desligamentos,log1p,23,0.012938717311412766,estimated
2628,desligamentos,log1p,23,0.009726787910069918,estimated
2631,desligamentos,log1p,23,-0.006154200026160407,estimated
3003,desligamentos,log1p,23,0.012407341795309992,estimated
3011,desligamentos,log1p,23,0.009906933641162427,estimated
3111,desligamentos,log1p,23,0.011052765699921228,estimated
3112,desligamentos,log1p,23,0.0020141052620079695,estimated
3113,desligamentos,log1p,23,-0.006811321366460124,estimated
3115,desligamentos,log1p,23,0.017033995296639157,estimated
3116,desligamentos,log1p,23,-0.010624479619636466,estimated
3117,desligamentos,log1p,23,-3.878581396110066e-05,estimated
3121,desligamentos,log1p,23,0.010045743179422093,estimated
3122,desligamentos,log1p,23,0.004394929282846015,estimated
3131,desligamentos,log1p,23,0.004354221716489197,estimated
3132,desligamentos,log1p,23,0.00866251114048259,estimated
3133,desligamentos,log1p,23,0.010393203941729883,estimated
3134,desligamentos,log1p,23,0.0035600020944684123,estimated
3141,desligamentos,log1p,23,0.007169705987525642,estimated
3143,desligamentos,log1p,23,0.014945083668993017,estimated
3147,desligamentos,log1p,23,-0.008653348351799598,estimated
3161,desligamentos,log1p,23,0.03537443411015555,estimated
3163,desligamentos,log1p,23,0.017600298697515206,estimated
3171,desligamentos,log1p,23,-0.004190709343732749,estimated
3172,desligamentos,log1p,23,0.01627914310695752,estimated
3188,desligamentos,log1p,23,0.012439392101915197,estimated
3211,desligamentos,log1p,23,-0.0017209475100299916,estimated
3213,desligamentos,log1p,23,0.014449010463206756,estimated
3221,desligamentos,log1p,23,0.020573025514431985,estimated
3223,desligamentos,log1p,23,0.01459754217012474,estimated
3224,desligamentos,log1p,23,0.01650122238608586,estimated
3225,desligamentos,log1p,23,-0.03900649732043429,estimated
3231,desligamentos,log1p,23,0.005259548878441513,estimated
3241,desligamentos,log1p,23,0.010178086552808578,estimated
3242,desligamentos,log1p,23,0.003843696708539358,estimated
3252,desligamentos,log1p,23,0.014703657097656763,estimated
3281,desligamentos,log1p,23,-0.03402686716410363,estimated
3411,desligamentos,log1p,23,0.013624355285038456,estimated
3412,desligamentos,log1p,23,-0.00018306687576695704,estimated
3422,desligamentos,log1p,23,0.005807150848805565,estimated
3423,desligamentos,log1p,23,0.0032487710497445758,estimated
3425,desligamentos,log1p,23,0.026926578556832916,estimated
3511,desligamentos,log1p,23,-0.0003245801087831541,estimated
3513,desligamentos,log1p,23,0.0033263644445858586,estimated
3514,desligamentos,log1p,23,0.013752805265019919,estimated
3515,desligamentos,log1p,23,0.013796714393855939,estimated
3516,desligamentos,log1p,23,0.0117126607949036,estimated
3517,desligamentos,log1p,23,0.009151776890528927,estimated
3532,desligamentos,log1p,23,0.004683001127156688,estimated
3541,desligamentos,log1p,23,0.008688164188869052,estimated
3543,desligamentos,log1p,23,0.01013494788667602,estimated
3544,desligamentos,log1p,23,0.00938885877624689,estimated
3545,desligamentos,log1p,23,0.01709647969544347,estimated
3547,desligamentos,log1p,23,-0.006681068492489809,estimated
3548,desligamentos,log1p,23,0.026533510829467068,estimated
3711,desligamentos,log1p,23,0.00024852987997058933,estimated
3713,desligamentos,log1p,23,-0.0030262383531224654,estimated
3751,desligamentos,log1p,23,-0.016431917008280304,estimated
3762,desligamentos,log1p,23,0.02406443429839665,estimated
3764,desligamentos,log1p,23,0.01395058400803294,estimated
3911,desligamentos,log1p,23,0.0062336651737435024,estimated
3912,desligamentos,log1p,23,0.007235599741277437,estimated
4102,desligamentos,log1p,23,0.00650990361750216,estimated
4110,desligamentos,log1p,23,0.011976372363267892,estimated
4121,desligamentos,log1p,23,0.002157728810006109,estimated
4122,desligamentos,log1p,23,0.0018936453331662353,estimated
4131,desligamentos,log1p,23,0.008056807805547832,estimated
4132,desligamentos,log1p,23,0.0030109475627422655,estimated
4142,desligamentos,log1p,23,0.004723217463643676,estimated
4151,desligamentos,log1p,23,0.01574962001386419,estimated
4152,desligamentos,log1p,23,-0.025142470859936202,estimated
4211,desligamentos,log1p,23,0.011046259542675749,estimated
4212,desligamentos,log1p,23,0.002779651360868178,estimated
4221,desligamentos,log1p,23,0.015049851974471621,estimated
4222,desligamentos,log1p,23,0.007026783915592487,estimated
4223,desligamentos,log1p,23,0.005441961264536357,estimated
4241,desligamentos,log1p,23,0.015806674038814892,estimated
5111,desligamentos,log1p,23,0.002892577681149024,estimated
5121,desligamentos,log1p,23,0.018174902035245324,estimated
5131,desligamentos,log1p,23,0.004082886510970448,estimated
5132,desligamentos,log1p,23,0.012479834120437346,estimated
5142,desligamentos,log1p,23,0.00774275322977238,estimated
5143,desligamentos,log1p,23,0.015038495292400839,estimated
5151,desligamentos,log1p,23,0.006330329589551306,estimated
5152,desligamentos,log1p,23,0.006611467038768457,estimated
5161,desligamentos,log1p,23,-0.003745894820171853,estimated
5162,desligamentos,log1p,23,0.02803066903024243,estimated
5163,desligamentos,log1p,23,0.011538754096970433,estimated
5164,desligamentos,log1p,23,0.007431674770126066,estimated
5165,desligamentos,log1p,23,0.009418263068552367,estimated
5166,desligamentos,log1p,23,0.007294217637546675,estimated
5171,desligamentos,log1p,23,0.014517314841202575,estimated
5172,desligamentos,log1p,23,0.032368106863263676,estimated
5173,desligamentos,log1p,23,-0.0029171817595069487,estimated
5199,desligamentos,log1p,23,0.009423648378472914,estimated
5231,desligamentos,log1p,23,0.009101041042850328,estimated
5241,desligamentos,log1p,23,0.010865031481617736,estimated
5242,desligamentos,log1p,23,0.005412857880709296,estimated
5243,desligamentos,log1p,23,-0.0012519361740806747,estimated
6110,desligamentos,log1p,23,0.010053809472685542,estimated
6120,desligamentos,log1p,23,0.016396730347065243,estimated
6122,desligamentos,log1p,7,0.02022556261268851,estimated
6125,desligamentos,log1p,23,-0.016640586940435367,estimated
6130,desligamentos,log1p,23,0.015618833086783647,estimated
6131,desligamentos,log1p,23,0.008771048858993163,estimated
6133,desligamentos,log1p,23,0.021720231158381988,estimated
6201,desligamentos,log1p,23,0.006587200349060327,estimated
6210,desligamentos,log1p,23,0.012948682936886651,estimated
6220,desligamentos,log1p,23,0.008878481691964146,estimated
6221,desligamentos,log1p,23,-0.016834152465617144,estimated
6222,desligamentos,log1p,23,0.03827065408781576,estimated
6225,desligamentos,log1p,23,-0.008388041824857837,estimated
6226,desligamentos,log1p,23,0.026312736654064767,estimated
6227,desligamentos,log1p,23,0.02092359733957773,estimated
6228,desligamentos,log1p,23,0.01559697751669843,estimated
6230,desligamentos,log1p,23,0.015060243724870812,estimated
6231,desligamentos,log1p,23,0.01042177653300099,estimated
6232,desligamentos,log1p,23,0.009788747745840027,estimated
6233,desligamentos,log1p,23,0.006316135822742482,estimated
6234,desligamentos,log1p,23,0.004667487978087019,estimated
6310,desligamentos,log1p,23,0.009977981351195332,estimated
6311,desligamentos,log1p,23,-0.014392884753301631,estimated
6312,desligamentos,log1p,23,0.013493656310707773,estimated
6313,desligamentos,log1p,23,0.01030810603967669,estimated
6314,desligamentos,log1p,23,0.010140137691608785,estimated
6320,desligamentos,log1p,23,0.011942316338126324,estimated
6321,desligamentos,log1p,23,0.012185521397789351,estimated
6322,desligamentos,log1p,23,0.012952505479716818,estimated
6323,desligamentos,log1p,23,0.07892060577684497,estimated
6324,desligamentos,log1p,23,0.017481577344664167,estimated
6325,desligamentos,log1p,23,0.002376081882330809,estimated
6326,desligamentos,log1p,23,0.010503481179466485,estimated
6410,desligamentos,log1p,23,0.015065074020829773,estimated
6420,desligamentos,log1p,23,0.00925114226069881,estimated
7101,desligamentos,log1p,23,0.011621851296498547,estimated
7102,desligamentos,log1p,23,0.008143635214261888,estimated
7111,desligamentos,log1p,23,0.019978263158105695,estimated
7112,desligamentos,log1p,23,0.00825606084099917,estimated
7113,desligamentos,log1p,23,0.0173717260678706,estimated
7114,desligamentos,log1p,23,0.021550808140146236,estimated
7121,desligamentos,log1p,23,0.016545099869598182,estimated
7122,desligamentos,log1p,23,0.01107566593897949,estimated
7151,desligamentos,log1p,23,0.01162942725218327,estimated
7152,desligamentos,log1p,23,0.0139349099773444,estimated
7153,desligamentos,log1p,23,0.01779648252566349,estimated
7154,desligamentos,log1p,23,0.01023099898937898,estimated
7155,desligamentos,log1p,23,0.013498966989265535,estimated
7156,desligamentos,log1p,23,0.01059190757289948,estimated
7157,desligamentos,log1p,23,0.007597847350694516,estimated
7161,desligamentos,log1p,23,0.010141123885511923,estimated
7162,desligamentos,log1p,23,0.011880719273210084,estimated
7163,desligamentos,log1p,23,0.007244843912422472,estimated
7164,desligamentos,log1p,23,0.015279231889449137,estimated
7165,desligamentos,log1p,23,0.01404299180159437,estimated
7166,desligamentos,log1p,23,0.01357120157224446,estimated
7170,desligamentos,log1p,23,0.015791361519748814,estimated
7211,desligamentos,log1p,23,-0.0014800268062264573,estimated
7212,desligamentos,log1p,23,-0.0012209174525244818,estimated
7213,desligamentos,log1p,23,0.004919801338604588,estimated
7214,desligamentos,log1p,23,0.00479626163457934,estimated
7221,desligamentos,log1p,23,-0.005804644637196686,estimated
7223,desligamentos,log1p,23,0.008716409984813723,estimated
7232,desligamentos,log1p,23,0.004232844842092944,estimated
7233,desligamentos,log1p,23,0.010144048996057056,estimated
7241,desligamentos,log1p,23,0.012580398345174125,estimated
7242,desligamentos,log1p,23,0.009532029064629983,estimated
7243,desligamentos,log1p,23,0.004561866482098345,estimated
7244,desligamentos,log1p,23,0.005757437383235387,estimated
7250,desligamentos,log1p,23,-0.002908189497378546,estimated
7301,desligamentos,log1p,23,0.006087966312772711,estimated
7313,desligamentos,log1p,23,0.002791364745913349,estimated
7321,desligamentos,log1p,23,0.01271709332905871,estimated
7411,desligamentos,log1p,23,-0.0013834079756712416,estimated
7421,desligamentos,log1p,23,0.04147025322557766,estimated
7502,desligamentos,log1p,23,0.01816143567526775,estimated
7510,desligamentos,log1p,23,0.012607574867845455,estimated
7511,desligamentos,log1p,23,0.006612218598881175,estimated
7521,desligamentos,log1p,23,-0.011332554658372396,estimated
7522,desligamentos,log1p,23,0.0022768611773501452,estimated
7523,desligamentos,log1p,23,0.00943917998990126,estimated
7524,desligamentos,log1p,23,0.007836382227752065,estimated
7601,desligamentos,log1p,23,0.0012062046236960822,estimated
7604,desligamentos,log1p,23,0.008935006844479025,estimated
7606,desligamentos,log1p,23,-0.008450055017576135,estimated
7611,desligamentos,log1p,23,0.03411558188499922,estimated
7612,desligamentos,log1p,23,0.005619773318506476,estimated
7613,desligamentos,log1p,23,0.0016786278883091806,estimated
7614,desligamentos,log1p,23,0.0021872894554402196,estimated
7618,desligamentos,log1p,23,0.005547306453103226,estimated
7621,desligamentos,log1p,23,0.0015661974810759374,estimated
7622,desligamentos,log1p,23,-4.916130262247629e-05,estimated
7623,desligamentos,log1p,23,-0.007303793696784941,estimated
7630,desligamentos,log1p,23,0.007496142784550493,estimated
7631,desligamentos,log1p,23,0.012043805500275303,estimated
7632,desligamentos,log1p,23,0.006526864242234345,estimated
7633,desligamentos,log1p,23,0.0093296595725605,estimated
7641,desligamentos,log1p,23,0.019336751760419383,estimated
7642,desligamentos,log1p,23,0.008050398520908244,estimated
7643,desligamentos,log1p,23,0.018163472645129453,estimated
7650,desligamentos,log1p,23,0.009429218123584302,estimated
7651,desligamentos,log1p,23,0.007095897834739711,estimated
7652,desligamentos,log1p,23,0.00229228260181582,estimated
7653,desligamentos,log1p,23,0.008595991434533616,estimated
7661,desligamentos,log1p,23,-0.006238927347739152,estimated
7663,desligamentos,log1p,23,0.008242238809534178,estimated
7664,desligamentos,log1p,23,0.0002466900288907738,estimated
7681,desligamentos,log1p,23,0.021230347215098606,estimated
7682,desligamentos,log1p,23,0.013704176043336416,estimated
7683,desligamentos,log1p,23,0.01911029204813765,estimated
7686,desligamentos,log1p,23,0.007496315819191748,estimated
7687,desligamentos,log1p,23,-0.003117620585518857,estimated
7701,desligamentos,log1p,23,0.0061963019439313155,estimated
7711,desligamentos,log1p,23,0.011280527652983511,estimated
7721,desligamentos,log1p,23,0.00341127255572983,estimated
7731,desligamentos,log1p,23,0.005122320719579563,estimated
7732,desligamentos,log1p,23,0.004618399242703747,estimated
7733,desligamentos,log1p,23,-0.002400677676231705,estimated
7751,desligamentos,log1p,23,0.009794370505493517,estimated
7764,desligamentos,log1p,23,0.003907846171635743,estimated
7771,desligamentos,log1p,23,-0.01393683339351355,estimated
7772,desligamentos,log1p,23,0.006551437353986008,estimated
7817,desligamentos,log1p,23,0.012758322542731352,estimated
7821,desligamentos,log1p,23,0.008337242549911951,estimated
7822,desligamentos,log1p,23,0.004611640346840486,estimated
7823,desligamentos,log1p,23,0.0050637032218858805,estimated
7826,desligamentos,log1p,23,0.0036218818438419646,estimated
7827,desligamentos,log1p,23,0.004867378960880735,estimated
7828,desligamentos,log1p,23,-0.00011333158552229204,estimated
7832,desligamentos,log1p,23,0.0064628271612950094,estimated
7842,desligamentos,log1p,23,0.006476957070721939,estimated
8101,desligamentos,log1p,23,0.00015603891505889885,estimated
8102,desligamentos,log1p,23,0.003105536432011091,estimated
8110,desligamentos,log1p,23,-0.013829459750747366,estimated
8111,desligamentos,log1p,23,-0.0010102009938388393,estimated
8112,desligamentos,log1p,23,-0.009860301067051398,estimated
8113,desligamentos,log1p,23,-0.026085899421455064,estimated
8114,desligamentos,log1p,23,0.012062805190037692,estimated
8115,desligamentos,log1p,23,-0.008212552396103818,estimated
8116,desligamentos,log1p,23,0.014200516322696036,estimated
8117,desligamentos,log1p,23,-0.0036716497358575853,estimated
8181,desligamentos,log1p,23,0.011158778838837423,estimated
8211,desligamentos,log1p,23,0.00428580448009439,estimated
8214,desligamentos,log1p,23,0.004363627580221246,estimated
8231,desligamentos,log1p,23,0.010698345025773973,estimated
8232,desligamentos,log1p,23,0.010630087710437056,estimated
8233,desligamentos,log1p,23,0.009492112145398102,estimated
8281,desligamentos,log1p,23,0.004684417217930824,estimated
8301,desligamentos,log1p,23,-0.0015927407193634694,estimated
8331,desligamentos,log1p,23,-0.006412709247824793,estimated
8401,desligamentos,log1p,23,0.001947864839418919,estimated
8411,desligamentos,log1p,23,0.014716029757573213,estimated
8412,desligamentos,log1p,23,0.027160757252035088,estimated
8413,desligamentos,log1p,23,0.011053892406705871,estimated
8414,desligamentos,log1p,23,0.007862445834685733,estimated
8415,desligamentos,log1p,23,-0.0003751404568823227,estimated
8416,desligamentos,log1p,23,0.0007200092716500853,estimated
8417,desligamentos,log1p,23,-0.005672203942512346,estimated
8418,desligamentos,log1p,23,0.0022311536148955104,estimated
8421,desligamentos,log1p,23,0.019939483024335083,estimated
8422,desligamentos,log1p,23,-0.00033595460071245847,estimated
8481,desligamentos,log1p,23,-0.001737411222656534,estimated
8482,desligamentos,log1p,23,0.0005004605907281409,estimated
8483,desligamentos,log1p,23,0.004255843843295323,estimated
8485,desligamentos,log1p,23,0.0038355205007046694,estimated
8601,desligamentos,log1p,23,-7.745695332116982e-05,estimated
8611,desligamentos,log1p,23,-0.003191917344219701,estimated
8612,desligamentos,log1p,23,0.004164539824157043,estimated
8621,desligamentos,log1p,23,0.004189355825978636,estimated
8622,desligamentos,log1p,23,0.0172971723547303,estimated
8623,desligamentos,log1p,23,-0.008823438024656625,estimated
8624,desligamentos,log1p,23,-0.009668625746511736,estimated
8625,desligamentos,log1p,23,0.009470913856996575,estimated
9101,desligamentos,log1p,23,0.007377288102491537,estimated
9111,desligamentos,log1p,23,0.006836947816222469,estimated
9112,desligamentos,log1p,23,0.006883273269704918,estimated
9113,desligamentos,log1p,23,0.008156985574139549,estimated
9131,desligamentos,log1p,23,0.012409918867171991,estimated
9141,desligamentos,log1p,23,0.011066321983064915,estimated
9143,desligamentos,log1p,23,0.007865807654081278,estimated
9144,desligamentos,log1p,23,0.009176807785836991,estimated
9191,desligamentos,log1p,23,0.005815960685409877,estimated
9193,desligamentos,log1p,23,-0.0019175649357811902,estimated
9511,desligamentos,log1p,23,0.00633521429232221,estimated
9531,desligamentos,log1p,23,0.0048990016453759775,estimated
9541,desligamentos,log1p,23,0.013531087100524067,estimated
9542,desligamentos,log1p,23,-0.001415791470718326,estimated
9543,desligamentos,log1p,23,0.009403695689906916,estimated
9921,desligamentos,log1p,23,0.008342535431547378,estimated
1111,n_movimentacoes,log1p,23,-0.01527458907647896,estimated
1113,n_movimentacoes,log1p,23,-0.03370870226920907,estimated
1414,n_movimentacoes,log1p,23,0.0016729251178343228,estimated
1423,n_movimentacoes,log1p,23,0.007141655323050088,estimated
1424,n_movimentacoes,log1p,23,-0.003185671287891913,estimated
1426,n_movimentacoes,log1p,23,-0.0013579843447073464,estimated
2035,n_movimentacoes,log1p,23,0.026970478720575963,estimated
2111,n_movimentacoes,log1p,23,0.008481018131855615,estimated
2112,n_movimentacoes,log1p,23,0.017735376691316612,estimated
2123,n_movimentacoes,log1p,23,0.006314433047939319,estimated
2124,n_movimentacoes,log1p,23,-0.0022358238707464286,estimated
2131,n_movimentacoes,log1p,23,-0.011368236907479628,estimated
2133,n_movimentacoes,log1p,23,-0.0037373773783244417,estimated
2142,n_movimentacoes,log1p,23,0.0025562137879309456,estimated
2143,n_movimentacoes,log1p,23,0.00380043883997695,estimated
2144,n_movimentacoes,log1p,23,0.012875330617136263,estimated
2146,n_movimentacoes,log1p,23,0.005507586457258061,estimated
2147,n_movimentacoes,log1p,23,-0.0009177707526061974,estimated
2148,n_movimentacoes,log1p,23,0.01435882768512277,estimated
2152,n_movimentacoes,log1p,23,-0.004680631385879138,estimated
2153,n_movimentacoes,log1p,23,0.014775845239888705,estimated
2221,n_movimentacoes,log1p,23,0.0021036660590740726,estimated
2232,n_movimentacoes,log1p,23,0.014199350447345353,estimated
2233,n_movimentacoes,log1p,23,0.004199794487742144,estimated
2236,n_movimentacoes,log1p,23,-0.021732893696642983,estimated
2237,n_movimentacoes,log1p,23,0.010662617836790874,estimated
2238,n_movimentacoes,log1p,23,0.01196685593194376,estimated
2239,n_movimentacoes,log1p,23,0.013723347395396789,estimated
2251,n_movimentacoes,log1p,23,-0.0032694784192743853,estimated
2252,n_movimentacoes,log1p,23,0.012606225651589921,estimated
2253,n_movimentacoes,log1p,23,0.02729567521340502,estimated
2312,n_movimentacoes,log1p,23,-0.011743696419508022,estimated
2313,n_movimentacoes,log1p,23,-0.008798059455132836,estimated
2392,n_movimentacoes,log1p,23,0.016534061399563385,estimated
2394,n_movimentacoes,log1p,23,0.009896594386961517,estimated
2511,n_movimentacoes,log1p,23,0.003469825985774781,estimated
2512,n_movimentacoes,log1p,23,0.004294756052070323,estimated
2513,n_movimentacoes,log1p,23,0.007906268517578583,estimated
2515,n_movimentacoes,log1p,23,0.018472384944990504,estimated
2516,n_movimentacoes,log1p,23,0.010311328051526318,estimated
2521,n_movimentacoes,log1p,23,0.006265994784381052,estimated
2522,n_movimentacoes,log1p,23,0.001976595034564703,estimated
2523,n_movimentacoes,log1p,23,0.00969069632801883,estimated
2531,n_movimentacoes,log1p,23,-0.0024775944171603077,estimated
2611,n_movimentacoes,log1p,23,-0.0031194698355872983,estimated
2612,n_movimentacoes,log1p,23,-0.0015887470646476607,estimated
2613,n_movimentacoes,log1p,23,0.01791561809301941,estimated
2614,n_movimentacoes,log1p,23,0.03520130697578465,estimated
2615,n_movimentacoes,log1p,23,0.0010158572206124088,estimated
2616,n_movimentacoes,log1p,23,-0.011693546310653984,estimated
2617,n_movimentacoes,log1p,23,0.00024806329063940444,estimated
2624,n_movimentacoes,log1p,23,0.006346734848052817,estimated
2626,n_movimentacoes,log1p,23,0.014869866950725957,estimated
2627,n_movimentacoes,log1p,23,0.022090318492176166,estimated
2628,n_movimentacoes,log1p,23,0.01965096057298232,estimated
2631,n_movimentacoes,log1p,23,-0.014485763102848433,estimated
3003,n_movimentacoes,log1p,23,0.009794886109698094,estimated
3011,n_movimentacoes,log1p,23,0.004629085781690143,estimated
3111,n_movimentacoes,log1p,23,0.004603456174333289,estimated
3112,n_movimentacoes,log1p,23,0.019696842575002833,estimated
3113,n_movimentacoes,log1p,23,-0.007642349784716372,estimated
3115,n_movimentacoes,log1p,23,0.016253458750985543,estimated
3116,n_movimentacoes,log1p,23,-0.012704938022298246,estimated
3117,n_movimentacoes,log1p,23,-0.007890336144778859,estimated
3121,n_movimentacoes,log1p,23,0.008014400045352348,estimated
3122,n_movimentacoes,log1p,23,0.005737313064263456,estimated
3131,n_movimentacoes,log1p,23,0.0014936752135111795,estimated
3132,n_movimentacoes,log1p,23,0.003938331105317633,estimated
3133,n_movimentacoes,log1p,23,0.0049524488196356015,estimated
3134,n_movimentacoes,log1p,23,-8.553008818279736e-05,estimated
3141,n_movimentacoes,log1p,23,0.004096839029184774,estimated
3143,n_movimentacoes,log1p,23,0.005614575191165683,estimated
3147,n_movimentacoes,log1p,23,-0.01773560820788856,estimated
3161,n_movimentacoes,log1p,23,0.03338694416017928,estimated
3163,n_movimentacoes,log1p,23,0.012967330060495228,estimated
3171,n_movimentacoes,log1p,23,-0.007552842039686248,estimated
3172,n_movimentacoes,log1p,23,0.012707516625061473,estimated
3188,n_movimentacoes,log1p,23,0.005289341285366871,estimated
3211,n_movimentacoes,log1p,23,-0.005826593789287586,estimated
3213,n_movimentacoes,log1p,23,0.0197190074561288,estimated
3221,n_movimentacoes,log1p,23,0.01784925149558977,estimated
3223,n_movimentacoes,log1p,23,0.010827850074700461,estimated
3224,n_movimentacoes,log1p,23,0.007265477922043866,estimated
3225,n_movimentacoes,log1p,23,-0.024621311671998533,estimated
3231,n_movimentacoes,log1p,23,0.023617933733118594,estimated
3241,n_movimentacoes,log1p,23,0.005388285504940366,estimated
3242,n_movimentacoes,log1p,23,-0.0005226400513617591,estimated
3252,n_movimentacoes,log1p,23,0.01414289769887216,estimated
3281,n_movimentacoes,log1p,23,-0.008397727315579627,estimated
3411,n_movimentacoes,log1p,23,0.016870950109530092,estimated
3412,n_movimentacoes,log1p,23,0.0011338922465281315,estimated
3422,n_movimentacoes,log1p,23,0.0007590279411508289,estimated
3423,n_movimentacoes,log1p,23,0.004986921804927937,estimated
3425,n_movimentacoes,log1p,23,0.03192594639113993,estimated
3511,n_movimentacoes,log1p,23,-0.0066792392209512165,estimated
3513,n_movimentacoes,log1p,23,0.004694636454183882,estimated
3514,n_movimentacoes,log1p,23,0.006168431596277243,estimated
3515,n_movimentacoes,log1p,23,0.007970204457036624,estimated
3516,n_movimentacoes,log1p,23,0.010589397098839479,estimated
3517,n_movimentacoes,log1p,23,0.007034940942758695,estimated
3532,n_movimentacoes,log1p,23,0.005576460034093455,estimated
3541,n_movimentacoes,log1p,23,0.008472963149290458,estimated
3543,n_movimentacoes,log1p,23,0.006420371829332693,estimated
3544,n_movimentacoes,log1p,23,0.00807021273765319,estimated
3545,n_movimentacoes,log1p,23,0.012333769528165438,estimated
3547,n_movimentacoes,log1p,23,0.0016267556592373137,estimated
3548,n_movimentacoes,log1p,23,0.04596099169770275,estimated
3711,n_movimentacoes,log1p,23,0.012560226388248026,estimated
3713,n_movimentacoes,log1p,23,-0.007778813988268292,estimated
3751,n_movimentacoes,log1p,23,-0.01990091447102145,estimated
3762,n_movimentacoes,log1p,23,0.023117220200027114,estimated
3764,n_movimentacoes,log1p,23,0.015090627112674348,estimated
3911,n_movimentacoes,log1p,23,0.003914534568562211,estimated
3912,n_movimentacoes,log1p,23,0.006036077525039199,estimated
4102,n_movimentacoes,log1p,23,0.008363819860237482,estimated
4110,n_movimentacoes,log1p,23,0.007925411282931517,estimated
4121,n_movimentacoes,log1p,23,-0.0009049350713688858,estimated
4122,n_movimentacoes,log1p,23,0.0004001535768013611,estimated
4131,n_movimentacoes,log1p,23,0.0035996307878352275,estimated
4132,n_movimentacoes,log1p,23,0.0018628335696848175,estimated
4142,n_movimentacoes,log1p,23,0.0057707767483743885,estimated
4151,n_movimentacoes,log1p,23,0.013914709639893443,estimated
4152,n_movimentacoes,log1p,23,-0.02408087339073039,estimated
4211,n_movimentacoes,log1p,23,0.014226206431994891,estimated
4212,n_movimentacoes,log1p,23,-0.0003318199931037977,estimated
4221,n_movimentacoes,log1p,23,0.012702657029355883,estimated
4222,n_movimentacoes,log1p,23,0.0029041998625690744,estimated
4223,n_movimentacoes,log1p,23,-0.000582615923953584,estimated
4241,n_movimentacoes,log1p,23,0.018935236956323223,estimated
5111,n_movimentacoes,log1p,23,-0.0004990341091640974,estimated
5121,n_movimentacoes,log1p,23,0.007911995014796626,estimated
5131,n_movimentacoes,log1p,23,0.006867361580906443,estimated
5132,n_movimentacoes,log1p,23,0.012543488663360533,estimated
5142,n_movimentacoes,log1p,23,0.006535058475515635,estimated
5143,n_movimentacoes,log1p,23,0.01386441784534167,estimated
5151,n_movimentacoes,log1p,23,0.022395788015118073,estimated
5152,n_movimentacoes,log1p,23,0.00026549091425879075,estimated
5161,n_movimentacoes,log1p,23,0.004511088131305446,estimated
5162,n_movimentacoes,log1p,23,0.030280797062338088,estimated
5163,n_movimentacoes,log1p,23,0.009162937871565031,estimated
5164,n_movimentacoes,log1p,23,0.007682486520182577,estimated
5165,n_movimentacoes,log1p,23,-0.0019264587179129724,estimated
5166,n_movimentacoes,log1p,23,0.006322045864430417,estimated
5171,n_movimentacoes,log1p,23,0.015294403139724305,estimated
5172,n_movimentacoes,log1p,23,0.04017483762148594,estimated
5173,n_movimentacoes,log1p,23,0.0005938531703818805,estimated
5199,n_movimentacoes,log1p,23,0.010665591895108843,estimated
5231,n_movimentacoes,log1p,23,0.00766334619139571,estimated
5241,n_movimentacoes,log1p,23,0.005715484264294371,estimated
5242,n_movimentacoes,log1p,23,0.0034679592903916353,estimated
5243,n_movimentacoes,log1p,23,-0.004791272894792598,estimated
6110,n_movimentacoes,log1p,23,-0.00277021771370621,estimated
6120,n_movimentacoes,log1p,23,0.0012590794594256496,estimated
6122,n_movimentacoes,log1p,7,0.030857190746201496,estimated
6125,n_movimentacoes,log1p,23,-0.023511019090514146,estimated
6130,n_movimentacoes,log1p,23,0.011608131701726062,estimated
6131,n_movimentacoes,log1p,23,0.0029449317346316667,estimated
6133,n_movimentacoes,log1p,23,0.018061670480081927,estimated
6201,n_movimentacoes,log1p,23,0.002898549072067641,estimated
6210,n_movimentacoes,log1p,23,0.005167539555786846,estimated
6220,n_movimentacoes,log1p,23,0.0017006567169840412,estimated
6221,n_movimentacoes,log1p,23,-0.0030130656733687194,estimated
6222,n_movimentacoes,log1p,23,0.023163962940767068,estimated
6225,n_movimentacoes,log1p,23,-0.007163111649869313,estimated
6226,n_movimentacoes,log1p,23,0.012150383401453706,estimated
6227,n_movimentacoes,log1p,23,0.00503521809029714,estimated
6228,n_movimentacoes,log1p,23,0.01944354071554244,estimated
6230,n_movimentacoes,log1p,23,0.009883867031304191,estimated
6231,n_movimentacoes,log1p,23,0.004333025119453438,estimated
6232,n_movimentacoes,log1p,23,0.004285234571387026,estimated
6233,n_movimentacoes,log1p,23,0.005503603146398381,estimated
6234,n_movimentacoes,log1p,23,0.009748520107438244,estimated
6310,n_movimentacoes,log1p,23,0.007146244994557732,estimated
6311,n_movimentacoes,log1p,23,-0.006703197814372021,estimated
6312,n_movimentacoes,log1p,23,0.0018615468666068255,estimated
6313,n_movimentacoes,log1p,23,0.0037499888924522095,estimated
6314,n_movimentacoes,log1p,23,0.01433212750204222,estimated
6320,n_movimentacoes,log1p,23,0.02022062502781662,estimated
6321,n_movimentacoes,log1p,23,0.008050910898254849,estimated
6322,n_movimentacoes,log1p,23,0.007450806462420124,estimated
6323,n_movimentacoes,log1p,23,0.09564105490358216,estimated
6324,n_movimentacoes,log1p,23,0.01957763410614824,estimated
6325,n_movimentacoes,log1p,23,-0.02230263543634606,estimated
6326,n_movimentacoes,log1p,23,0.0017052935679454804,estimated
6410,n_movimentacoes,log1p,23,0.001937835303385116,estimated
6420,n_movimentacoes,log1p,23,0.010934473754121933,estimated
7101,n_movimentacoes,log1p,23,0.0003430429435239347,estimated
7102,n_movimentacoes,log1p,23,0.0073468119172665144,estimated
7111,n_movimentacoes,log1p,23,0.004616168980763009,estimated
7112,n_movimentacoes,log1p,23,0.005038684908437395,estimated
7113,n_movimentacoes,log1p,23,0.012181476471717701,estimated
7114,n_movimentacoes,log1p,23,0.017546983088148217,estimated
7121,n_movimentacoes,log1p,23,0.005842728174784516,estimated
7122,n_movimentacoes,log1p,23,-0.0019040818380619132,estimated
7151,n_movimentacoes,log1p,23,0.01024989390049561,estimated
7152,n_movimentacoes,log1p,23,0.010786733740291463,estimated
7153,n_movimentacoes,log1p,23,0.012975232605528977,estimated
7154,n_movimentacoes,log1p,23,0.007654770658191695,estimated
7155,n_movimentacoes,log1p,23,0.009235129248540232,estimated
7156,n_movimentacoes,log1p,23,0.007989248599450481,estimated
7157,n_movimentacoes,log1p,23,0.0025978319502030726,estimated
7161,n_movimentacoes,log1p,23,0.0005480866809260952,estimated
7162,n_movimentacoes,log1p,23,0.012993076520465793,estimated
7163,n_movimentacoes,log1p,23,0.002706040323041572,estimated
7164,n_movimentacoes,log1p,23,0.005839591161978218,estimated
7165,n_movimentacoes,log1p,23,0.006040716975449233,estimated
7166,n_movimentacoes,log1p,23,0.010283491488909438,estimated
7170,n_movimentacoes,log1p,23,0.012529166518080965,estimated
7211,n_movimentacoes,log1p,23,-0.01223353832720163,estimated
7212,n_movimentacoes,log1p,23,-0.010047193248710022,estimated
7213,n_movimentacoes,log1p,23,-0.002521777310413626,estimated
7214,n_movimentacoes,log1p,23,-0.005194712933520589,estimated
7221,n_movimentacoes,log1p,23,-0.009109098127038156,estimated
7223,n_movimentacoes,log1p,23,-0.005115951196228752,estimated
7232,n_movimentacoes,log1p,23,-0.0012201821354161165,estimated
7233,n_movimentacoes,log1p,23,0.004945052530635377,estimated
7241,n_movimentacoes,log1p,23,0.008447826599697998,estimated
7242,n_movimentacoes,log1p,23,0.005574579250501034,estimated
7243,n_movimentacoes,log1p,23,0.0010079045228868564,estimated
7244,n_movimentacoes,log1p,23,0.004404280859474968,estimated
7250,n_movimentacoes,log1p,23,-0.005651299869606259,estimated
7301,n_movimentacoes,log1p,23,0.0036793614650927307,estimated
7313,n_movimentacoes,log1p,23,-0.005745787298092905,estimated
7321,n_movimentacoes,log1p,23,0.007992892617481541,estimated
7411,n_movimentacoes,log1p,23,-0.005223033561809504,estimated
7421,n_movimentacoes,log1p,23,0.023839951884258546,estimated
7502,n_movimentacoes,log1p,23,0.011784529657287282,estimated
7510,n_movimentacoes,log1p,23,-0.00187486057154456,estimated
7511,n_movimentacoes,log1p,23,-0.0012550064001214394,estimated
7521,n_movimentacoes,log1p,23,-0.018844610577283635,estimated
7522,n_movimentacoes,log1p,23,-0.002822205925019416,estimated
7523,n_movimentacoes,log1p,23,-0.008986455748683222,estimated
7524,n_movimentacoes,log1p,23,-0.010011583561266472,estimated
7601,n_movimentacoes,log1p,23,-0.006136992541158093,estimated
7604,n_movimentacoes,log1p,23,-0.00133526933888879,estimated
7606,n_movimentacoes,log1p,23,-0.008997828757781327,estimated
7611,n_movimentacoes,log1p,23,0.026745835134647983,estimated
7612,n_movimentacoes,log1p,23,-0.004242236251431077,estimated
7613,n_movimentacoes,log1p,23,-0.006567876297257721,estimated
7614,n_movimentacoes,log1p,23,-0.005234365603441511,estimated
7618,n_movimentacoes,log1p,23,-0.00302686518374113,estimated
7621,n_movimentacoes,log1p,23,-0.005622610388383715,estimated
7622,n_movimentacoes,log1p,23,-0.009350992361142592,estimated
7623,n_movimentacoes,log1p,23,-0.017387340396449395,estimated
7630,n_movimentacoes,log1p,23,-0.0011333294174561525,estimated
7631,n_movimentacoes,log1p,23,0.0031523156817788375,estimated
7632,n_movimentacoes,log1p,23,-0.003678422521397029,estimated
7633,n_movimentacoes,log1p,23,0.0025926370328631394,estimated
7641,n_movimentacoes,log1p,23,0.00931306498182151,estimated
7642,n_movimentacoes,log1p,23,0.004243667455602675,estimated
7643,n_movimentacoes,log1p,23,0.008594838453390851,estimated
7650,n_movimentacoes,log1p,23,-0.010894604777514864,estimated
7651,n_movimentacoes,log1p,23,-0.00224741445868382,estimated
7652,n_movimentacoes,log1p,23,-0.001912922287044006,estimated
7653,n_movimentacoes,log1p,23,-0.004276103657255292,estimated
7661,n_movimentacoes,log1p,23,-0.0051832477334714695,estimated
7663,n_movimentacoes,log1p,23,0.006063749319115695,estimated
7664,n_movimentacoes,log1p,23,-0.0017739168813663984,estimated
7681,n_movimentacoes,log1p,23,0.012098099764416222,estimated
7682,n_movimentacoes,log1p,23,0.01787907672513255,estimated
7683,n_movimentacoes,log1p,23,0.0059775292972490245,estimated
7686,n_movimentacoes,log1p,23,0.0027237186798949238,estimated
7687,n_movimentacoes,log1p,23,0.004482417908633371,estimated
7701,n_movimentacoes,log1p,23,0.0003565769033981852,estimated
7711,n_movimentacoes,log1p,23,0.0018343679626899173,estimated
7721,n_movimentacoes,log1p,23,-0.007356907419453645,estimated
7731,n_movimentacoes,log1p,23,-0.003040817678430722,estimated
7732,n_movimentacoes,log1p,23,-0.009231616628253855,estimated
7733,n_movimentacoes,log1p,23,-0.0095215863014709,estimated
7751,n_movimentacoes,log1p,23,-0.006349874324780537,estimated
7764,n_movimentacoes,log1p,23,-0.003004018563511427,estimated
7771,n_movimentacoes,log1p,23,-0.03326556475723005,estimated
7772,n_movimentacoes,log1p,23,-0.006765346272790093,estimated
7817,n_movimentacoes,log1p,23,0.00836799030024151,estimated
7821,n_movimentacoes,log1p,23,0.005260302926394648,estimated
7822,n_movimentacoes,log1p,23,0.004182476310422429,estimated
7823,n_movimentacoes,log1p,23,0.004083851812827331,estimated
7826,n_movimentacoes,log1p,23,-0.0004990069152732701,estimated
7827,n_movimentacoes,log1p,23,0.004365363132359327,estimated
7828,n_movimentacoes,log1p,23,-0.005487029877416051,estimated
7832,n_movimentacoes,log1p,23,0.007320404796022495,estimated
7842,n_movimentacoes,log1p,23,0.004135126405103183,estimated
8101,n_movimentacoes,log1p,23,0.005953154920941528,estimated
8102,n_movimentacoes,log1p,23,-0.001781150188963539,estimated
8110,n_movimentacoes,log1p,23,-0.026894320077989274,estimated
8111,n_movimentacoes,log1p,23,-0.0026934339893903356,estimated
8112,n_movimentacoes,log1p,23,-0.0073226998518795385,estimated
8113,n_movimentacoes,log1p,23,-0.023681347930074797,estimated
8114,n_movimentacoes,log1p,23,0.006580549783681924,estimated
8115,n_movimentacoes,log1p,23,-0.002701248584488892,estimated
8116,n_movimentacoes,log1p,23,0.007483206904674455,estimated
8117,n_movimentacoes,log1p,23,-0.0055814182754663115,estimated
8181,n_movimentacoes,log1p,23,0.008233711020868204,estimated
8211,n_movimentacoes,log1p,23,0.0034043633901163443,estimated
8214,n_movimentacoes,log1p,23,-0.004281611657846706,estimated
8231,n_movimentacoes,log1p,23,0.007054965684119726,estimated
8232,n_movimentacoes,log1p,23,-0.0006720277650229735,estimated
8233,n_movimentacoes,log1p,23,0.0004826301466847495,estimated
8281,n_movimentacoes,log1p,23,-0.009099555245435102,estimated
8301,n_movimentacoes,log1p,23,-0.00567793657138557,estimated
8331,n_movimentacoes,log1p,23,-0.003631430687513396,estimated
8401,n_movimentacoes,log1p,23,0.0035766617474184124,estimated
8411,n_movimentacoes,log1p,23,0.0028821481623464,estimated
8412,n_movimentacoes,log1p,23,0.020869589663360305,estimated
8413,n_movimentacoes,log1p,23,0.008496557159497247,estimated
8414,n_movimentacoes,log1p,23,0.009888407231041778,estimated
8415,n_movimentacoes,log1p,23,-0.000534432969055974,estimated
8416,n_movimentacoes,log1p,23,-0.009236203762321675,estimated
8417,n_movimentacoes,log1p,23,-0.005230287149441062,estimated
8418,n_movimentacoes,log1p,23,0.005652085614852859,estimated
8421,n_movimentacoes,log1p,23,-0.02334739395031099,estimated
8422,n_movimentacoes,log1p,23,-0.010161942794382471,estimated
8481,n_movimentacoes,log1p,23,0.002101060090549454,estimated
8482,n_movimentacoes,log1p,23,0.0007267842195335436,estimated
8483,n_movimentacoes,log1p,23,0.006062430374699502,estimated
8485,n_movimentacoes,log1p,23,0.004276727488803983,estimated
8601,n_movimentacoes,log1p,23,-0.00040377327791012385,estimated
8611,n_movimentacoes,log1p,23,-0.0071981450094304325,estimated
8612,n_movimentacoes,log1p,23,0.01121365577361245,estimated
8621,n_movimentacoes,log1p,23,-0.0008231558303818777,estimated
8622,n_movimentacoes,log1p,23,0.007862668910200297,estimated
8623,n_movimentacoes,log1p,23,-0.0016753810438575455,estimated
8624,n_movimentacoes,log1p,23,0.002577460894311698,estimated
8625,n_movimentacoes,log1p,23,0.005991517184086456,estimated
9101,n_movimentacoes,log1p,23,0.0055063847902265045,estimated
9111,n_movimentacoes,log1p,23,0.0027380510735992734,estimated
9112,n_movimentacoes,log1p,23,0.00423219017394415,estimated
9113,n_movimentacoes,log1p,23,0.002786940090640524,estimated
9131,n_movimentacoes,log1p,23,0.007842022361759364,estimated
9141,n_movimentacoes,log1p,23,0.01269932757519813,estimated
9143,n_movimentacoes,log1p,23,0.005679668840734108,estimated
9144,n_movimentacoes,log1p,23,0.006678227178180747,estimated
9191,n_movimentacoes,log1p,23,0.004780595741368044,estimated
9193,n_movimentacoes,log1p,23,-0.013071033211217645,estimated
9511,n_movimentacoes,log1p,23,0.002154166748488838,estimated
9531,n_movimentacoes,log1p,23,0.0028925768535396222,estimated
9541,n_movimentacoes,log1p,23,0.00603603181417366,estimated
9542,n_movimentacoes,log1p,23,-0.012887982582224925,estimated
9543,n_movimentacoes,log1p,23,0.010562994947871973,estimated
9921,n_movimentacoes,log1p,23,0.00390077043972986,estimated
1111,ln_salario_real_adm,level,23,-0.017942581382427127,estimated
1113,ln_salario_real_adm,level,15,-0.0061481938431042,estimated
1414,ln_salario_real_adm,level,23,-0.00011830747894053565,estimated
1423,ln_salario_real_adm,level,23,-0.0011216790382598497,estimated
1424,ln_salario_real_adm,level,23,0.005073413136184852,estimated
1426,ln_salario_real_adm,level,23,0.0021056230994105293,estimated
2035,ln_salario_real_adm,level,23,-0.009836131396787169,estimated
2111,ln_salario_real_adm,level,23,0.00213033270761747,estimated
2112,ln_salario_real_adm,level,23,-0.003946592796053343,estimated
2123,ln_salario_real_adm,level,23,0.001757100559315204,estimated
2124,ln_salario_real_adm,level,23,0.0013095637200565592,estimated
2131,ln_salario_real_adm,level,23,0.00037669945845138827,estimated
2133,ln_salario_real_adm,level,22,-0.0016387915544075423,estimated
2142,ln_salario_real_adm,level,23,-0.003079355019731836,estimated
2143,ln_salario_real_adm,level,23,0.005263680878000261,estimated
2144,ln_salario_real_adm,level,23,0.004323152854596238,estimated
2146,ln_salario_real_adm,level,23,-0.005224774614271545,estimated
2147,ln_salario_real_adm,level,23,-0.0037797839749207293,estimated
2148,ln_salario_real_adm,level,23,-0.0025052857393858523,estimated
2152,ln_salario_real_adm,level,23,0.0027846884447453786,estimated
2153,ln_salario_real_adm,level,23,0.004330187787053437,estimated
2221,ln_salario_real_adm,level,23,0.004413982767925934,estimated
2232,ln_salario_real_adm,level,23,-0.0023239195251482363,estimated
2233,ln_salario_real_adm,level,23,-0.0024269167753056273,estimated
2236,ln_salario_real_adm,level,23,-0.008158595851687217,estimated
2237,ln_salario_real_adm,level,23,-0.003132698642834575,estimated
2238,ln_salario_real_adm,level,23,0.001192954033310038,estimated
2239,ln_salario_real_adm,level,23,0.0019020821978907594,estimated
2251,ln_salario_real_adm,level,23,0.001929371460963239,estimated
2252,ln_salario_real_adm,level,23,0.003440124833238146,estimated
2253,ln_salario_real_adm,level,23,0.01009537125819244,estimated
2312,ln_salario_real_adm,level,23,0.020759156699465698,estimated
2313,ln_salario_real_adm,level,23,0.01921530751018717,estimated
2392,ln_salario_real_adm,level,23,0.036878672827766926,estimated
2394,ln_salario_real_adm,level,23,-0.00100277874620131,estimated
2511,ln_salario_real_adm,level,23,-0.0006186004562178958,estimated
2512,ln_salario_real_adm,level,23,-0.002308542377625951,estimated
2513,ln_salario_real_adm,level,23,-0.005381814634077399,estimated
2515,ln_salario_real_adm,level,23,-0.001961005393956645,estimated
2516,ln_salario_real_adm,level,23,-0.0008897230688588977,estimated
2521,ln_salario_real_adm,level,23,-0.003001268290313836,estimated
2522,ln_salario_real_adm,level,23,0.0007761139572500126,estimated
2523,ln_salario_real_adm,level,23,-0.0011413466911765224,estimated
2531,ln_salario_real_adm,level,23,-0.005679686496701208,estimated
2611,ln_salario_real_adm,level,23,-0.002467700881223042,estimated
2612,ln_salario_real_adm,level,23,-0.007251360922225205,estimated
2613,ln_salario_real_adm,level,23,-0.0010563213164829415,estimated
2614,ln_salario_real_adm,level,23,-0.0016083182200489108,estimated
2615,ln_salario_real_adm,level,23,-0.0054707273562253165,estimated
2616,ln_salario_real_adm,level,23,-0.002161416579373922,estimated
2617,ln_salario_real_adm,level,23,-0.001416301084539615,estimated
2624,ln_salario_real_adm,level,23,-0.003098740197178638,estimated
2626,ln_salario_real_adm,level,23,0.0017030726087937228,estimated
2627,ln_salario_real_adm,level,23,0.01347305890533295,estimated
2628,ln_salario_real_adm,level,23,0.0029983548148998854,estimated
2631,ln_salario_real_adm,level,23,-0.010752255097210665,estimated
3003,ln_salario_real_adm,level,23,0.005641338962085928,estimated
3011,ln_salario_real_adm,level,23,0.001211496573893787,estimated
3111,ln_salario_real_adm,level,23,-0.0012543623354266977,estimated
3112,ln_salario_real_adm,level,23,-0.011885715320669562,estimated
3113,ln_salario_real_adm,level,23,0.008835810922825057,estimated
3115,ln_salario_real_adm,level,23,-0.0016646839727477787,estimated
3116,ln_salario_real_adm,level,23,1.5899064536698717e-05,estimated
3117,ln_salario_real_adm,level,23,-0.002114529793989746,estimated
3121,ln_salario_real_adm,level,23,-0.001784410701391857,estimated
3122,ln_salario_real_adm,level,23,-0.006259034408816874,estimated
3131,ln_salario_real_adm,level,23,-0.001403600673007118,estimated
3132,ln_salario_real_adm,level,23,-0.0014016557242640829,estimated
3133,ln_salario_real_adm,level,23,0.0007329137376971927,estimated
3134,ln_salario_real_adm,level,23,0.002409098264425268,estimated
3141,ln_salario_real_adm,level,23,-0.0005733733761155201,estimated
3143,ln_salario_real_adm,level,23,-0.0036134851519151693,estimated
3147,ln_salario_real_adm,level,23,-0.002907955068051301,estimated
3161,ln_salario_real_adm,level,23,-0.0008011780482182084,estimated
3163,ln_salario_real_adm,level,23,0.00922214456551104,estimated
3171,ln_salario_real_adm,level,23,0.0018463936821504982,estimated
3172,ln_salario_real_adm,level,23,-0.0019269888624439356,estimated
3188,ln_salario_real_adm,level,23,-0.0009569112549664403,estimated
3211,ln_salario_real_adm,level,23,0.006016617693868768,estimated
3213,ln_salario_real_adm,level,23,0.0045148150306407505,estimated
3221,ln_salario_real_adm,level,23,-0.0014281047712515049,estimated
3223,ln_salario_real_adm,level,23,-0.0024085635907149052,estimated
3224,ln_salario_real_adm,level,23,-0.0011558827285109128,estimated
3225,ln_salario_real_adm,level,23,-0.0021032996498439394,estimated
3231,ln_salario_real_adm,level,23,-0.013675505203706275,estimated
3241,ln_salario_real_adm,level,23,-0.0017406036698854087,estimated
3242,ln_salario_real_adm,level,23,-0.003483003090435968,estimated
3252,ln_salario_real_adm,level,23,0.0004675037673350317,estimated
3281,ln_salario_real_adm,level,22,-0.00808807881414957,estimated
3411,ln_salario_real_adm,level,23,-0.00037757293562486714,estimated
3412,ln_salario_real_adm,level,23,-0.002907330333414127,estimated
3422,ln_salario_real_adm,level,23,0.005474483504657362,estimated
3423,ln_salario_real_adm,level,23,-0.0024508382671971497,estimated
3425,ln_salario_real_adm,level,23,-0.002446770676072232,estimated
3511,ln_salario_real_adm,level,23,0.0025450208298098543,estimated
3513,ln_salario_real_adm,level,23,-0.00494716697002241,estimated
3514,ln_salario_real_adm,level,23,-0.004141874251715108,estimated
3515,ln_salario_real_adm,level,23,0.00017702146508157763,estimated
3516,ln_salario_real_adm,level,23,-0.0004698059162585584,estimated
3517,ln_salario_real_adm,level,23,-0.002195602834835049,estimated
3532,ln_salario_real_adm,level,23,0.0027247927117733145,estimated
3541,ln_salario_real_adm,level,23,-0.001125049118424298,estimated
3543,ln_salario_real_adm,level,23,0.005387186349579976,estimated
3544,ln_salario_real_adm,level,23,0.00030067496864933453,estimated
3545,ln_salario_real_adm,level,23,0.0027576783555593315,estimated
3547,ln_salario_real_adm,level,23,0.004232904031385834,estimated
3548,ln_salario_real_adm,level,23,0.009220859866974625,estimated
3711,ln_salario_real_adm,level,23,-0.001064307133000316,estimated
3713,ln_salario_real_adm,level,23,0.0008409687320982553,estimated
3751,ln_salario_real_adm,level,23,0.006624540302858302,estimated
3762,ln_salario_real_adm,level,23,0.020961899607979118,estimated
3764,ln_salario_real_adm,level,23,0.0059604331350506376,estimated
3911,ln_salario_real_adm,level,23,0.0011534357163598408,estimated
3912,ln_salario_real_adm,level,23,-0.00014298021560665183,estimated
4102,ln_salario_real_adm,level,23,-0.0009272806110135333,estimated
4110,ln_salario_real_adm,level,23,-0.0011271647444723637,estimated
4121,ln_salario_real_adm,level,23,-0.0032480190405553434,estimated
4122,ln_salario_real_adm,level,23,-0.0002864938706063269,estimated
4131,ln_salario_real_adm,level,23,0.00046432639077661217,estimated
4132,ln_salario_real_adm,level,23,0.004546183472229629,estimated
4142,ln_salario_real_adm,level,23,-0.0004187454414477748,estimated
4151,ln_salario_real_adm,level,23,-0.00026937604593762495,estimated
4152,ln_salario_real_adm,level,23,-0.004242369532664874,estimated
4211,ln_salario_real_adm,level,23,0.0003397830623004583,estimated
4212,ln_salario_real_adm,level,23,-0.0006196940452761375,estimated
4221,ln_salario_real_adm,level,23,-0.0003664570391108635,estimated
4222,ln_salario_real_adm,level,23,-0.0021719345349258527,estimated
4223,ln_salario_real_adm,level,23,-0.00039323830675490557,estimated
4241,ln_salario_real_adm,level,23,-0.006736915552367848,estimated
5111,ln_salario_real_adm,level,23,0.00720455511676618,estimated
5121,ln_salario_real_adm,level,23,-0.0006334889424594744,estimated
5131,ln_salario_real_adm,level,23,-0.0057002860813201925,estimated
5132,ln_salario_real_adm,level,23,-0.00041743510934951324,estimated
5142,ln_salario_real_adm,level,23,-0.0007441981749053746,estimated
5143,ln_salario_real_adm,level,23,-0.000498500744879232,estimated
5151,ln_salario_real_adm,level,23,0.012678659938450538,estimated
5152,ln_salario_real_adm,level,23,-0.001571182541316532,estimated
5161,ln_salario_real_adm,level,23,-0.002417681592521892,estimated
5162,ln_salario_real_adm,level,23,-0.0002714669912271583,estimated
5163,ln_salario_real_adm,level,23,-0.00019706254301289788,estimated
5164,ln_salario_real_adm,level,23,-0.0006515696232318191,estimated
5165,ln_salario_real_adm,level,23,-0.0006252146628042236,estimated
5166,ln_salario_real_adm,level,23,-0.001474918666546684,estimated
5171,ln_salario_real_adm,level,23,-0.001341431297405383,estimated
5172,ln_salario_real_adm,level,23,0.009091999751842944,estimated
5173,ln_salario_real_adm,level,23,-0.001210246733910686,estimated
5199,ln_salario_real_adm,level,23,-0.0008235486735572228,estimated
5231,ln_salario_real_adm,level,23,-0.0007359816625606444,estimated
5241,ln_salario_real_adm,level,23,-0.0006192511784183033,estimated
5242,ln_salario_real_adm,level,23,-0.003156330839118553,estimated
5243,ln_salario_real_adm,level,23,0.0004702669743976864,estimated
6110,ln_salario_real_adm,level,23,0.001681386298504485,estimated
6120,ln_salario_real_adm,level,23,0.00047863112637500457,estimated
6122,ln_salario_real_adm,level,3,0.0,insufficient_pre_observations
6125,ln_salario_real_adm,level,23,-0.00439661570172971,estimated
6130,ln_salario_real_adm,level,23,-0.005238111584203239,estimated
6131,ln_salario_real_adm,level,23,-0.0006550092550077512,estimated
6133,ln_salario_real_adm,level,23,-0.0009864479375623185,estimated
6201,ln_salario_real_adm,level,23,0.0005154750493516304,estimated
6210,ln_salario_real_adm,level,23,-0.0003098021190806509,estimated
6220,ln_salario_real_adm,level,23,-0.00041571657999148117,estimated
6221,ln_salario_real_adm,level,23,0.01619265019598232,estimated
6222,ln_salario_real_adm,level,23,-0.00046512912032456585,estimated
6225,ln_salario_real_adm,level,23,-0.0005497628324181072,estimated
6226,ln_salario_real_adm,level,23,-0.00038503159112033875,estimated
6227,ln_salario_real_adm,level,23,-0.002064743897872892,estimated
6228,ln_salario_real_adm,level,23,-0.0032973838426251156,estimated
6230,ln_salario_real_adm,level,23,-6.913604222836106e-05,estimated
6231,ln_salario_real_adm,level,23,0.00035974202296752266,estimated
6232,ln_salario_real_adm,level,23,7.22432224456262e-06,estimated
6233,ln_salario_real_adm,level,23,0.0006229314807500685,estimated
6234,ln_salario_real_adm,level,23,0.001412120564423249,estimated
6310,ln_salario_real_adm,level,23,-0.0068009380571101685,estimated
6311,ln_salario_real_adm,level,23,-0.012957139415625214,estimated
6312,ln_salario_real_adm,level,23,5.802304997139081e-05,estimated
6313,ln_salario_real_adm,level,23,-0.000805244240428293,estimated
6314,ln_salario_real_adm,level,23,-0.008648567579301516,estimated
6320,ln_salario_real_adm,level,23,-0.000398979728430627,estimated
6321,ln_salario_real_adm,level,23,-0.00017938286063914582,estimated
6322,ln_salario_real_adm,level,23,-0.0016776093264633818,estimated
6323,ln_salario_real_adm,level,23,-0.0176751704729592,estimated
6324,ln_salario_real_adm,level,23,0.0019931320132500893,estimated
6325,ln_salario_real_adm,level,23,-0.0003436020662149487,estimated
6326,ln_salario_real_adm,level,23,-0.0007920794552390904,estimated
6410,ln_salario_real_adm,level,23,0.00013280605108856314,estimated
6420,ln_salario_real_adm,level,23,7.268721066156562e-05,estimated
7101,ln_salario_real_adm,level,23,-0.0009059499432626446,estimated
7102,ln_salario_real_adm,level,23,-0.001416236376961455,estimated
7111,ln_salario_real_adm,level,23,-0.001545443916822572,estimated
7112,ln_salario_real_adm,level,23,0.0009939909924785886,estimated
7113,ln_salario_real_adm,level,23,0.0005343906876262191,estimated
7114,ln_salario_real_adm,level,23,-0.0008965529582864936,estimated
7121,ln_salario_real_adm,level,23,-0.0006774227489826258,estimated
7122,ln_salario_real_adm,level,23,0.0008003720651486358,estimated
7151,ln_salario_real_adm,level,23,0.0015820645716183408,estimated
7152,ln_salario_real_adm,level,23,0.0005978357873046876,estimated
7153,ln_salario_real_adm,level,23,0.0011151399923117076,estimated
7154,ln_salario_real_adm,level,23,0.0007933134603690577,estimated
7155,ln_salario_real_adm,level,23,0.0007273893859122256,estimated
7156,ln_salario_real_adm,level,23,0.00048800364455635727,estimated
7157,ln_salario_real_adm,level,23,0.0004247460734238173,estimated
7161,ln_salario_real_adm,level,23,0.0016634201401274122,estimated
7162,ln_salario_real_adm,level,23,0.0019072231803895002,estimated
7163,ln_salario_real_adm,level,23,-0.00065626274599658,estimated
7164,ln_salario_real_adm,level,23,0.0010828592166861584,estimated
7165,ln_salario_real_adm,level,23,0.000214475770843371,estimated
7166,ln_salario_real_adm,level,23,0.0005844329815519723,estimated
7170,ln_salario_real_adm,level,23,0.00017565560457397683,estimated
7211,ln_salario_real_adm,level,23,-0.011947441591962319,estimated
7212,ln_salario_real_adm,level,23,0.002070309174852732,estimated
7213,ln_salario_real_adm,level,23,-0.00036398417462470633,estimated
7214,ln_salario_real_adm,level,23,0.0008822734578445005,estimated
7221,ln_salario_real_adm,level,23,-0.0021940160613215386,estimated
7223,ln_salario_real_adm,level,23,0.0011363790820707515,estimated
7232,ln_salario_real_adm,level,23,0.0014005062140012231,estimated
7233,ln_salario_real_adm,level,23,0.0015358731224725585,estimated
7241,ln_salario_real_adm,level,23,-0.0019141062423806956,estimated
7242,ln_salario_real_adm,level,23,-0.0011809075679541298,estimated
7243,ln_salario_real_adm,level,23,0.001033070159723368,estimated
7244,ln_salario_real_adm,level,23,0.0008475545832677797,estimated
7250,ln_salario_real_adm,level,23,-0.0051503055089544515,estimated
7301,ln_salario_real_adm,level,23,-0.0030027171154363924,estimated
7313,ln_salario_real_adm,level,23,-0.0013859254017077334,estimated
7321,ln_salario_real_adm,level,23,0.000511809848416599,estimated
7411,ln_salario_real_adm,level,23,-0.001815235018125048,estimated
7421,ln_salario_real_adm,level,23,-0.0013074398895926433,estimated
7502,ln_salario_real_adm,level,23,0.012435863840255846,estimated
7510,ln_salario_real_adm,level,23,0.0012145145676169201,estimated
7511,ln_salario_real_adm,level,23,0.0018235059274958423,estimated
7521,ln_salario_real_adm,level,23,-0.0022732578632766467,estimated
7522,ln_salario_real_adm,level,23,-0.0016116040322826275,estimated
7523,ln_salario_real_adm,level,23,-0.0015212291052359792,estimated
7524,ln_salario_real_adm,level,23,0.00039815783289558866,estimated
7601,ln_salario_real_adm,level,23,-0.0018305853466189076,estimated
7604,ln_salario_real_adm,level,23,0.0023166552247658894,estimated
7606,ln_salario_real_adm,level,23,-0.007326699892177871,estimated
7611,ln_salario_real_adm,level,23,0.005732213738403863,estimated
7612,ln_salario_real_adm,level,23,0.0013961693232797331,estimated
7613,ln_salario_real_adm,level,23,0.0013678714888180632,estimated
7614,ln_salario_real_adm,level,23,0.00045234918491393714,estimated
7618,ln_salario_real_adm,level,23,0.000986022730365012,estimated
7621,ln_salario_real_adm,level,23,-0.0006487151104751014,estimated
7622,ln_salario_real_adm,level,23,0.0013875474140461793,estimated
7623,ln_salario_real_adm,level,23,0.0028363899363947846,estimated
7630,ln_salario_real_adm,level,23,-2.8191075797160362e-05,estimated
7631,ln_salario_real_adm,level,23,7.85121148106832e-05,estimated
7632,ln_salario_real_adm,level,23,0.0006024651599090989,estimated
7633,ln_salario_real_adm,level,23,-0.00035613955829826087,estimated
7641,ln_salario_real_adm,level,23,-0.0006674361378802302,estimated
7642,ln_salario_real_adm,level,23,-0.0012615406742025105,estimated
7643,ln_salario_real_adm,level,23,9.704541220284808e-05,estimated
7650,ln_salario_real_adm,level,23,0.004127898650135931,estimated
7651,ln_salario_real_adm,level,23,0.0017025270442802285,estimated
7652,ln_salario_real_adm,level,23,-0.00016910746082269854,estimated
7653,ln_salario_real_adm,level,23,0.0012673967278830978,estimated
7661,ln_salario_real_adm,level,23,-0.0019032831437409694,estimated
7663,ln_salario_real_adm,level,23,-0.002197707782738206,estimated
7664,ln_salario_real_adm,level,23,-0.004518008141086207,estimated
7681,ln_salario_real_adm,level,23,-0.0019166698364465177,estimated
7682,ln_salario_real_adm,level,23,0.0021361343033444694,estimated
7683,ln_salario_real_adm,level,23,-0.010683854984382934,estimated
7686,ln_salario_real_adm,level,23,-0.06003546123260518,estimated
7687,ln_salario_real_adm,level,23,0.0004354604867271572,estimated
7701,ln_salario_real_adm,level,23,-0.00024527721274079033,estimated
7711,ln_salario_real_adm,level,23,0.00011411906548198164,estimated
7721,ln_salario_real_adm,level,23,0.00031859786097835355,estimated
7731,ln_salario_real_adm,level,23,9.088696663689849e-05,estimated
7732,ln_salario_real_adm,level,23,0.003276505061175915,estimated
7733,ln_salario_real_adm,level,23,-1.9417987115448504e-05,estimated
7751,ln_salario_real_adm,level,23,0.0004966489909717988,estimated
7764,ln_salario_real_adm,level,23,-0.000641877662854445,estimated
7771,ln_salario_real_adm,level,23,-0.00077633154653752,estimated
7772,ln_salario_real_adm,level,23,0.0036447955442481484,estimated
7817,ln_salario_real_adm,level,23,3.607721747657844e-05,estimated
7821,ln_salario_real_adm,level,23,-0.0009580389818456367,estimated
7822,ln_salario_real_adm,level,23,-0.0004241048344236815,estimated
7823,ln_salario_real_adm,level,23,-0.0011996447535041475,estimated
7826,ln_salario_real_adm,level,23,-0.0011653208331496205,estimated
7827,ln_salario_real_adm,level,23,0.0006241652982864517,estimated
7828,ln_salario_real_adm,level,23,0.0004400361445663135,estimated
7832,ln_salario_real_adm,level,23,-0.0005923090760148015,estimated
7842,ln_salario_real_adm,level,23,-0.0004827595630601452,estimated
8101,ln_salario_real_adm,level,23,0.004663341281244789,estimated
8102,ln_salario_real_adm,level,23,0.0036634572700952853,estimated
8110,ln_salario_real_adm,level,23,0.012634205329564325,estimated
8111,ln_salario_real_adm,level,23,-0.0016791773291321697,estimated
8112,ln_salario_real_adm,level,23,0.005028015285264506,estimated
8113,ln_salario_real_adm,level,23,-0.00392598202331421,estimated
8114,ln_salario_real_adm,level,23,-0.0005514337933948079,estimated
8115,ln_salario_real_adm,level,23,0.0017498231462054089,estimated
8116,ln_salario_real_adm,level,23,-0.005547846803249147,estimated
8117,ln_salario_real_adm,level,23,0.0003632225461147205,estimated
8181,ln_salario_real_adm,level,23,-0.0002014367898060591,estimated
8211,ln_salario_real_adm,level,23,0.0010350693572832067,estimated
8214,ln_salario_real_adm,level,23,0.0002401463199230987,estimated
8231,ln_salario_real_adm,level,23,0.003794349998889755,estimated
8232,ln_salario_real_adm,level,23,-0.0009201531302508461,estimated
8233,ln_salario_real_adm,level,23,-9.099722024171704e-05,estimated
8281,ln_salario_real_adm,level,23,0.0003038195917902765,estimated
8301,ln_salario_real_adm,level,23,0.006855996805110724,estimated
8331,ln_salario_real_adm,level,23,-0.0015855292510112493,estimated
8401,ln_salario_real_adm,level,23,-0.0002504211846983945,estimated
8411,ln_salario_real_adm,level,23,0.000244870238902958,estimated
8412,ln_salario_real_adm,level,23,-0.004867459237063354,estimated
8413,ln_salario_real_adm,level,23,0.04516095780333712,estimated
8414,ln_salario_real_adm,level,23,-0.0003783027395967344,estimated
8415,ln_salario_real_adm,level,23,0.0003084500254371371,estimated
8416,ln_salario_real_adm,level,23,0.0010183654266263686,estimated
8417,ln_salario_real_adm,level,23,0.0002994901198643433,estimated
8418,ln_salario_real_adm,level,23,0.0002296669074353433,estimated
8421,ln_salario_real_adm,level,23,0.0018747290121987176,estimated
8422,ln_salario_real_adm,level,23,0.008855393982331686,estimated
8481,ln_salario_real_adm,level,23,-0.00020728724111038134,estimated
8482,ln_salario_real_adm,level,23,0.000540212201566107,estimated
8483,ln_salario_real_adm,level,23,-0.0004188534364237951,estimated
8485,ln_salario_real_adm,level,23,0.0008079881962870098,estimated
8601,ln_salario_real_adm,level,23,-0.0008075560047334938,estimated
8611,ln_salario_real_adm,level,23,0.0001281312460144165,estimated
8612,ln_salario_real_adm,level,23,0.008274991677999104,estimated
8621,ln_salario_real_adm,level,23,0.00047422085019341846,estimated
8622,ln_salario_real_adm,level,23,0.0014616884420221579,estimated
8623,ln_salario_real_adm,level,23,-0.00010855155434028052,estimated
8624,ln_salario_real_adm,level,23,-0.004551560180219719,estimated
8625,ln_salario_real_adm,level,23,-0.00040603734065402635,estimated
9101,ln_salario_real_adm,level,23,-0.0005331352818236949,estimated
9111,ln_salario_real_adm,level,23,-0.002566919406730869,estimated
9112,ln_salario_real_adm,level,23,-0.0016783098459109969,estimated
9113,ln_salario_real_adm,level,23,0.0009053803188241212,estimated
9131,ln_salario_real_adm,level,23,-0.00032688968944441456,estimated
9141,ln_salario_real_adm,level,23,0.0059751706528551295,estimated
9143,ln_salario_real_adm,level,23,0.0014949231294275615,estimated
9144,ln_salario_real_adm,level,23,-0.0009377401541474401,estimated
9191,ln_salario_real_adm,level,23,-4.798878924223625e-05,estimated
9193,ln_salario_real_adm,level,23,-0.0011274290121483475,estimated
9511,ln_salario_real_adm,level,23,0.00027760464608651017,estimated
9531,ln_salario_real_adm,level,23,0.00046682187312752923,estimated
9541,ln_salario_real_adm,level,23,0.0008644649040199913,estimated
9542,ln_salario_real_adm,level,23,-0.0017003781871743453,estimated
9543,ln_salario_real_adm,level,23,0.00019746070287298662,estimated
9921,ln_salario_real_adm,level,23,0.0002778089887900307,estimated
1111,asinh_saldo,level,23,-0.1435979554296962,estimated
1113,asinh_saldo,level,23,-0.011222203296574427,estimated
1414,asinh_saldo,level,23,-0.28249953168861713,estimated
1423,asinh_saldo,level,23,-0.036097619728804334,estimated
1424,asinh_saldo,level,23,-0.004199034010368441,estimated
1426,asinh_saldo,level,23,-0.22830055756446038,estimated
2035,asinh_saldo,level,23,-0.12989471533465233,estimated
2111,asinh_saldo,level,23,0.008366284777198196,estimated
2112,asinh_saldo,level,23,0.024936552162741227,estimated
2123,asinh_saldo,level,23,-0.02178120048597306,estimated
2124,asinh_saldo,level,23,-0.02208302057365392,estimated
2131,asinh_saldo,level,23,-0.11467870816719879,estimated
2133,asinh_saldo,level,23,-0.08610543012662647,estimated
2142,asinh_saldo,level,23,-0.0928904109109674,estimated
2143,asinh_saldo,level,23,-0.006745088322496007,estimated
2144,asinh_saldo,level,23,0.10453598737722572,estimated
2146,asinh_saldo,level,23,-0.07372912947438902,estimated
2147,asinh_saldo,level,23,-0.10723856513843215,estimated
2148,asinh_saldo,level,23,-0.035108221256711834,estimated
2152,asinh_saldo,level,23,-0.006760267829102468,estimated
2153,asinh_saldo,level,23,-0.03727058650455659,estimated
2221,asinh_saldo,level,23,0.07616672386145266,estimated
2232,asinh_saldo,level,23,0.012316703678830846,estimated
2233,asinh_saldo,level,23,-0.03465642325137745,estimated
2236,asinh_saldo,level,23,-0.03444280777394392,estimated
2237,asinh_saldo,level,23,0.026752418901007834,estimated
2238,asinh_saldo,level,23,-0.039402795593680186,estimated
2239,asinh_saldo,level,23,-0.18997411697616104,estimated
2251,asinh_saldo,level,23,-0.01124461967477659,estimated
2252,asinh_saldo,level,23,0.11593039935659616,estimated
2253,asinh_saldo,level,23,0.06952333683144793,estimated
2312,asinh_saldo,level,23,0.032166663949438186,estimated
2313,asinh_saldo,level,23,-0.03580568888598689,estimated
2392,asinh_saldo,level,23,0.06225084355576645,estimated
2394,asinh_saldo,level,23,0.09453904237733911,estimated
2511,asinh_saldo,level,23,-0.024673924752413708,estimated
2512,asinh_saldo,level,23,-0.08079493127036365,estimated
2513,asinh_saldo,level,23,-0.014990380143601495,estimated
2515,asinh_saldo,level,23,0.011662339639203032,estimated
2516,asinh_saldo,level,23,0.01681792779041989,estimated
2521,asinh_saldo,level,23,-0.02233031634458907,estimated
2522,asinh_saldo,level,23,-0.16633875554857486,estimated
2523,asinh_saldo,level,23,-0.03960837346376793,estimated
2531,asinh_saldo,level,23,-0.14728224202228113,estimated
2611,asinh_saldo,level,23,-0.18267446473475132,estimated
2612,asinh_saldo,level,23,-0.17416301096790945,estimated
2613,asinh_saldo,level,23,-0.2194781315795548,estimated
2614,asinh_saldo,level,23,0.10013736532201632,estimated
2615,asinh_saldo,level,23,-0.19640949788055612,estimated
2616,asinh_saldo,level,23,-0.25664044227200306,estimated
2617,asinh_saldo,level,23,-0.016088300708272482,estimated
2624,asinh_saldo,level,23,-0.04937037395351327,estimated
2626,asinh_saldo,level,23,0.2131723821248776,estimated
2627,asinh_saldo,level,23,0.07149988258789353,estimated
2628,asinh_saldo,level,23,0.16491862029819276,estimated
2631,asinh_saldo,level,23,-0.1767344951848813,estimated
3003,asinh_saldo,level,23,-1.8480992027177916e-05,estimated
3011,asinh_saldo,level,23,-0.12865087800406644,estimated
3111,asinh_saldo,level,23,-0.22023938600754128,estimated
3112,asinh_saldo,level,23,0.16007908358209505,estimated
3113,asinh_saldo,level,23,0.010281320954219528,estimated
3115,asinh_saldo,level,23,-0.05383774454297898,estimated
3116,asinh_saldo,level,23,-0.002477283465937716,estimated
3117,asinh_saldo,level,23,-0.5040481991339641,estimated
3121,asinh_saldo,level,23,-0.00811225224410363,estimated
3122,asinh_saldo,level,23,0.01201756416377478,estimated
3131,asinh_saldo,level,23,-0.13010441177677587,estimated
3132,asinh_saldo,level,23,-0.31394992968763336,estimated
3133,asinh_saldo,level,23,-0.055859279062196655,estimated
3134,asinh_saldo,level,23,-0.11574574790569318,estimated
3141,asinh_saldo,level,23,-0.02751672824180663,estimated
3143,asinh_saldo,level,23,-0.07162435150004236,estimated
3147,asinh_saldo,level,23,-0.21118327809209445,estimated
3161,asinh_saldo,level,23,-0.03551348514608073,estimated
3163,asinh_saldo,level,23,-0.007759770382887927,estimated
3171,asinh_saldo,level,23,-0.03042763187560917,estimated
3172,asinh_saldo,level,23,-0.15141994483015583,estimated
3188,asinh_saldo,level,23,-0.10379774177988355,estimated
3211,asinh_saldo,level,23,0.08454359971496629,estimated
3213,asinh_saldo,level,23,0.016230227020161053,estimated
3221,asinh_saldo,level,23,0.06570714243859406,estimated
3223,asinh_saldo,level,23,-0.09915484147634146,estimated
3224,asinh_saldo,level,23,-0.052135880025671426,estimated
3225,asinh_saldo,level,23,0.1775095607560104,estimated
3231,asinh_saldo,level,23,0.06430843104457584,estimated
3241,asinh_saldo,level,23,-0.030261647166852403,estimated
3242,asinh_saldo,level,23,-0.20380623305089093,estimated
3252,asinh_saldo,level,23,-0.05958787379940423,estimated
3281,asinh_saldo,level,23,0.10285461417162726,estimated
3411,asinh_saldo,level,23,0.008433486538890008,estimated
3412,asinh_saldo,level,23,0.0347716106706676,estimated
3422,asinh_saldo,level,23,-0.12311769399943011,estimated
3423,asinh_saldo,level,23,0.18154470906402453,estimated
3425,asinh_saldo,level,23,0.15075006892507922,estimated
3511,asinh_saldo,level,23,-0.32673556303122464,estimated
3513,asinh_saldo,level,23,0.03844664484886164,estimated
3514,asinh_saldo,level,23,-0.056232129430013114,estimated
3515,asinh_saldo,level,23,-0.392116771098087,estimated
3516,asinh_saldo,level,23,-0.004397029168455901,estimated
3517,asinh_saldo,level,23,-0.10682468702766665,estimated
3532,asinh_saldo,level,23,-0.007449948962860778,estimated
3541,asinh_saldo,level,23,0.11750934226346205,estimated
3543,asinh_saldo,level,23,-0.022675189981300036,estimated
3544,asinh_saldo,level,23,-0.06443733445296684,estimated
3545,asinh_saldo,level,23,-0.038846760000710315,estimated
3547,asinh_saldo,level,23,0.14424933190410785,estimated
3548,asinh_saldo,level,23,0.48862702271813446,estimated
3711,asinh_saldo,level,23,0.3520286824704635,estimated
3713,asinh_saldo,level,23,-0.08486792056241824,estimated
3751,asinh_saldo,level,23,-0.18429045060572424,estimated
3762,asinh_saldo,level,23,-0.008996315660437116,estimated
3764,asinh_saldo,level,23,0.01663824647216227,estimated
3911,asinh_saldo,level,23,-0.039900179917528034,estimated
3912,asinh_saldo,level,23,-0.11285491857996363,estimated
4102,asinh_saldo,level,23,0.23916628832889886,estimated
4110,asinh_saldo,level,23,-0.04585913335492443,estimated
4121,asinh_saldo,level,23,-0.19346482662516679,estimated
4122,asinh_saldo,level,23,-0.17788534886414648,estimated
4131,asinh_saldo,level,23,-0.05393415317625737,estimated
4132,asinh_saldo,level,23,0.2247472134050891,estimated
4142,asinh_saldo,level,23,0.25840720104040427,estimated
4151,asinh_saldo,level,23,-0.10647078145382732,estimated
4152,asinh_saldo,level,23,0.004970010856836885,estimated
4211,asinh_saldo,level,23,0.5456058202948478,estimated
4212,asinh_saldo,level,23,-0.19090396057496553,estimated
4221,asinh_saldo,level,23,-0.010279380742942679,estimated
4222,asinh_saldo,level,23,-0.3093755299259995,estimated
4223,asinh_saldo,level,23,-0.8595418256491337,estimated
4241,asinh_saldo,level,23,0.19144259937924424,estimated
5111,asinh_saldo,level,23,-0.021616328618220725,estimated
5121,asinh_saldo,level,23,-0.1438280737108676,estimated
5131,asinh_saldo,level,23,0.1478579579519454,estimated
5132,asinh_saldo,level,23,0.2618784903877347,estimated
5142,asinh_saldo,level,23,0.0626078214959013,estimated
5143,asinh_saldo,level,23,0.008264711278064888,estimated
5151,asinh_saldo,level,23,0.09751889338426793,estimated
5152,asinh_saldo,level,23,-0.05324967234683057,estimated
5161,asinh_saldo,level,23,0.15976993829885164,estimated
5162,asinh_saldo,level,23,0.15494903014078495,estimated
5163,asinh_saldo,level,23,0.018825398056429316,estimated
5164,asinh_saldo,level,23,0.10878412899300145,estimated
5165,asinh_saldo,level,23,-0.36935378349397585,estimated
5166,asinh_saldo,level,23,0.0020920977780282506,estimated
5171,asinh_saldo,level,23,0.08698789541573503,estimated
5172,asinh_saldo,level,23,0.20490384552474356,estimated
5173,asinh_saldo,level,23,0.33777765035943036,estimated
5199,asinh_saldo,level,23,0.3500807306274676,estimated
5231,asinh_saldo,level,23,-0.0016615944998136132,estimated
5241,asinh_saldo,level,23,-0.3631614838337717,estimated
5242,asinh_saldo,level,23,-0.07083111776207321,estimated
5243,asinh_saldo,level,23,-0.19081752009234118,estimated
6110,asinh_saldo,level,23,-0.22709122601339754,estimated
6120,asinh_saldo,level,23,-0.17644724773000367,estimated
6122,asinh_saldo,level,7,-0.01335918527067657,estimated
6125,asinh_saldo,level,23,-0.02121357636900314,estimated
6130,asinh_saldo,level,23,-0.01947651653099152,estimated
6131,asinh_saldo,level,23,-0.11013743310020338,estimated
6133,asinh_saldo,level,23,-0.16816279802253228,estimated
6201,asinh_saldo,level,23,-0.1401779165335498,estimated
6210,asinh_saldo,level,23,-0.37056769582080673,estimated
6220,asinh_saldo,level,23,-0.3819747988998091,estimated
6221,asinh_saldo,level,23,0.22886199159499046,estimated
6222,asinh_saldo,level,23,-0.17328315112565468,estimated
6225,asinh_saldo,level,23,0.16199754919924628,estimated
6226,asinh_saldo,level,23,-0.4652401331979249,estimated
6227,asinh_saldo,level,23,-0.3543988290841955,estimated
6228,asinh_saldo,level,23,0.053680250355233924,estimated
6230,asinh_saldo,level,23,-0.16279390694402704,estimated
6231,asinh_saldo,level,23,-0.2320572302725225,estimated
6232,asinh_saldo,level,23,-0.3211808065254757,estimated
6233,asinh_saldo,level,23,-0.03660393070844808,estimated
6234,asinh_saldo,level,23,0.016861674222585284,estimated
6310,asinh_saldo,level,23,0.015681016118184135,estimated
6311,asinh_saldo,level,23,0.007218523570095522,estimated
6312,asinh_saldo,level,23,-0.3374246180417288,estimated
6313,asinh_saldo,level,23,-0.1117169089719609,estimated
6314,asinh_saldo,level,23,0.09169630704648549,estimated
6320,asinh_saldo,level,23,0.2031625396272369,estimated
6321,asinh_saldo,level,23,-0.27884100705290404,estimated
6322,asinh_saldo,level,23,-0.2106784561724764,estimated
6323,asinh_saldo,level,23,0.017124767305215838,estimated
6324,asinh_saldo,level,23,0.09319814836461891,estimated
6325,asinh_saldo,level,23,-0.26906905473889775,estimated
6326,asinh_saldo,level,23,-0.3055067421130957,estimated
6410,asinh_saldo,level,23,-0.27436855200816174,estimated
6420,asinh_saldo,level,23,0.10296315338610035,estimated
7101,asinh_saldo,level,23,-0.3131637346189173,estimated
7102,asinh_saldo,level,23,-0.13646161953035146,estimated
7111,asinh_saldo,level,23,-0.29351600093484825,estimated
7112,asinh_saldo,level,23,-0.17241752153030357,estimated
7113,asinh_saldo,level,23,-0.028885163468958554,estimated
7114,asinh_saldo,level,23,-0.0009246710225755603,estimated
7121,asinh_saldo,level,23,-0.30459966267594124,estimated
7122,asinh_saldo,level,23,-0.34618397480281216,estimated
7151,asinh_saldo,level,23,-0.1535616460723883,estimated
7152,asinh_saldo,level,23,-0.20514648524448376,estimated
7153,asinh_saldo,level,23,-0.2695748601454959,estimated
7154,asinh_saldo,level,23,-0.12686799267657956,estimated
7155,asinh_saldo,level,23,-0.3207186747441558,estimated
7156,asinh_saldo,level,23,-0.030604459443960518,estimated
7157,asinh_saldo,level,23,-0.19178452843751542,estimated
7161,asinh_saldo,level,23,-0.22798895641429465,estimated
7162,asinh_saldo,level,23,-0.02349129942442118,estimated
7163,asinh_saldo,level,23,-0.05441426316253071,estimated
7164,asinh_saldo,level,23,-0.2954304466885023,estimated
7165,asinh_saldo,level,23,-0.19162956350724655,estimated
7166,asinh_saldo,level,23,-0.15916424415632682,estimated
7170,asinh_saldo,level,23,-0.22308771702098745,estimated
7211,asinh_saldo,level,23,-0.3889313932006638,estimated
7212,asinh_saldo,level,23,-0.26246581236153,estimated
7213,asinh_saldo,level,23,-0.1884701648926531,estimated
7214,asinh_saldo,level,23,-0.21508603155621878,estimated
7221,asinh_saldo,level,23,-0.14801267416108424,estimated
7223,asinh_saldo,level,23,-0.3170056449056482,estimated
7232,asinh_saldo,level,23,-0.25242554799449796,estimated
7233,asinh_saldo,level,23,-0.2814407895560282,estimated
7241,asinh_saldo,level,23,-0.14061677230838243,estimated
7242,asinh_saldo,level,23,-0.0617665718887293,estimated
7243,asinh_saldo,level,23,-0.08362427655005153,estimated
7244,asinh_saldo,level,23,0.1266433049768259,estimated
7250,asinh_saldo,level,23,-0.13487422002037736,estimated
7301,asinh_saldo,level,23,-0.04999442048754915,estimated
7313,asinh_saldo,level,23,-0.4165744250794232,estimated
7321,asinh_saldo,level,23,-0.03846243336260728,estimated
7411,asinh_saldo,level,23,-0.16735183737575743,estimated
7421,asinh_saldo,level,23,-0.09169621873844046,estimated
7502,asinh_saldo,level,23,-0.07580798018386191,estimated
7510,asinh_saldo,level,23,-0.2116954769582599,estimated
7511,asinh_saldo,level,23,-0.025706813574205588,estimated
7521,asinh_saldo,level,23,-0.05837644738165931,estimated
7522,asinh_saldo,level,23,-0.1633618354217851,estimated
7523,asinh_saldo,level,23,-0.796007396856515,estimated
7524,asinh_saldo,level,23,-0.42610664584905567,estimated
7601,asinh_saldo,level,23,-0.24538726791325707,estimated
7604,asinh_saldo,level,23,-0.10890138899232618,estimated
7606,asinh_saldo,level,23,-0.005943842260758382,estimated
7611,asinh_saldo,level,23,-0.05791155521509385,estimated
7612,asinh_saldo,level,23,-0.440962100769504,estimated
7613,asinh_saldo,level,23,-0.2647885639797687,estimated
7614,asinh_saldo,level,23,-0.17307795221114822,estimated
7618,asinh_saldo,level,23,-0.1745471168734908,estimated
7621,asinh_saldo,level,23,-0.11393572601211419,estimated
7622,asinh_saldo,level,23,-0.22150451105672433,estimated
7623,asinh_saldo,level,23,-0.16723960423216963,estimated
7630,asinh_saldo,level,23,-0.23425931682214585,estimated
7631,asinh_saldo,level,23,-0.10164946687192809,estimated
7632,asinh_saldo,level,23,-0.20240909384478098,estimated
7633,asinh_saldo,level,23,-0.08744088500815475,estimated
7641,asinh_saldo,level,23,0.031297048710906834,estimated
7642,asinh_saldo,level,23,0.08235538237693033,estimated
7643,asinh_saldo,level,23,0.09111902106178495,estimated
7650,asinh_saldo,level,23,-0.038965629419394514,estimated
7651,asinh_saldo,level,23,-0.15976715077216616,estimated
7652,asinh_saldo,level,23,0.021290131900613882,estimated
7653,asinh_saldo,level,23,-0.26357553277053386,estimated
7661,asinh_saldo,level,23,-0.028422756827852266,estimated
7663,asinh_saldo,level,23,-0.059522029595268075,estimated
7664,asinh_saldo,level,23,-0.0476374359931048,estimated
7681,asinh_saldo,level,23,-0.1967930251439184,estimated
7682,asinh_saldo,level,23,0.06459008773327646,estimated
7683,asinh_saldo,level,23,-0.06999914296596511,estimated
7686,asinh_saldo,level,23,-0.09947864418746973,estimated
7687,asinh_saldo,level,23,0.17986353370743588,estimated
7701,asinh_saldo,level,23,-0.20473360145307395,estimated
7711,asinh_saldo,level,23,-0.20235155807656371,estimated
7721,asinh_saldo,level,23,-0.5446011770517964,estimated
7731,asinh_saldo,level,23,-0.29835470537913983,estimated
7732,asinh_saldo,level,23,-0.258792156162782,estimated
7733,asinh_saldo,level,23,-0.4739705380596741,estimated
7751,asinh_saldo,level,23,-0.46956382624244086,estimated
7764,asinh_saldo,level,23,-0.0553931275460009,estimated
7771,asinh_saldo,level,23,-0.14397993993275968,estimated
7772,asinh_saldo,level,23,-0.15824326355309537,estimated
7817,asinh_saldo,level,23,-0.02916615332374337,estimated
7821,asinh_saldo,level,23,-0.022548492944948397,estimated
7822,asinh_saldo,level,23,0.13018453231976782,estimated
7823,asinh_saldo,level,23,-0.02073902112535679,estimated
7826,asinh_saldo,level,23,-0.11800810596173109,estimated
7827,asinh_saldo,level,23,-0.09719868656151301,estimated
7828,asinh_saldo,level,23,-0.16030348075505432,estimated
7832,asinh_saldo,level,23,0.2578701454452384,estimated
7842,asinh_saldo,level,23,-0.0831699886195883,estimated
8101,asinh_saldo,level,23,0.12348510814178205,estimated
8102,asinh_saldo,level,23,-0.1435015151300731,estimated
8110,asinh_saldo,level,23,-0.18970696581822577,estimated
8111,asinh_saldo,level,23,-0.053740726198147334,estimated
8112,asinh_saldo,level,23,0.05019413245614547,estimated
8113,asinh_saldo,level,23,0.03761102450448195,estimated
8114,asinh_saldo,level,23,-0.025374736211320595,estimated
8115,asinh_saldo,level,23,0.12789318801160446,estimated
8116,asinh_saldo,level,23,-0.18774580803561097,estimated
8117,asinh_saldo,level,23,0.13412470438871057,estimated
8181,asinh_saldo,level,23,-0.03305245345902973,estimated
8211,asinh_saldo,level,23,-0.06480232156672393,estimated
8214,asinh_saldo,level,23,-0.27262929845013834,estimated
8231,asinh_saldo,level,23,-0.0678068833967513,estimated
8232,asinh_saldo,level,23,-0.3266255694760098,estimated
8233,asinh_saldo,level,23,-0.26270329791960145,estimated
8281,asinh_saldo,level,23,-0.5276453487517956,estimated
8301,asinh_saldo,level,23,-0.06781496300411809,estimated
8331,asinh_saldo,level,23,-0.003051974888193684,estimated
8401,asinh_saldo,level,23,0.060745684240750976,estimated
8411,asinh_saldo,level,23,-0.2384108610844031,estimated
8412,asinh_saldo,level,23,-0.04553584642845628,estimated
8413,asinh_saldo,level,23,0.05249797892069662,estimated
8414,asinh_saldo,level,23,0.06984347508722966,estimated
8415,asinh_saldo,level,23,0.007818977830063611,estimated
8416,asinh_saldo,level,23,-0.12357934711622216,estimated
8417,asinh_saldo,level,23,0.0007691655507852424,estimated
8418,asinh_saldo,level,23,0.19444211105202805,estimated
8421,asinh_saldo,level,23,-0.46105160035310094,estimated
8422,asinh_saldo,level,23,-0.05351584568687988,estimated
8481,asinh_saldo,level,23,0.22513225417562088,estimated
8482,asinh_saldo,level,23,0.017628026006991107,estimated
8483,asinh_saldo,level,23,0.36569540300199055,estimated
8485,asinh_saldo,level,23,0.024939317239232824,estimated
8601,asinh_saldo,level,23,-0.07373389145080841,estimated
8611,asinh_saldo,level,23,0.03659637933164324,estimated
8612,asinh_saldo,level,23,0.08695846618815174,estimated
8621,asinh_saldo,level,23,-0.3441518773020735,estimated
8622,asinh_saldo,level,23,-0.16440350834575468,estimated
8623,asinh_saldo,level,23,0.18737941501568262,estimated
8624,asinh_saldo,level,23,0.19012378813551564,estimated
8625,asinh_saldo,level,23,-0.15139872001422866,estimated
9101,asinh_saldo,level,23,-0.1410299194938374,estimated
9111,asinh_saldo,level,23,-0.13960619400627527,estimated
9112,asinh_saldo,level,23,-0.09023964806988118,estimated
9113,asinh_saldo,level,23,-0.1804289723288572,estimated
9131,asinh_saldo,level,23,-0.11916216458799711,estimated
9141,asinh_saldo,level,23,0.016423724950842423,estimated
9143,asinh_saldo,level,23,0.004397332789382609,estimated
9144,asinh_saldo,level,23,-0.024115490488202804,estimated
9191,asinh_saldo,level,23,-0.08225062470200442,estimated
9193,asinh_saldo,level,23,-0.32531248959936904,estimated
9511,asinh_saldo,level,23,-0.20647697903232906,estimated
9531,asinh_saldo,level,23,-0.09944964193402306,estimated
9541,asinh_saldo,level,23,-0.3119792434669318,estimated
9542,asinh_saldo,level,23,-0.043474011464059305,estimated
9543,asinh_saldo,level,23,0.011844980684969007,estimated
9921,asinh_saldo,level,23,-0.22989635325351038,estimated
