model_id,outcome,estimator,term,event_time,coefficient,standard_error,is_reference,n_obs,minimum_clusters,sample_id,status,reference_event_time
ddd_pretrend::B::age_pnad::age_18_24::admissoes,admissoes,ppml,"C(event_time, contr.treatment(base=-1))[-23]:treat_group",-23,-0.06375444101466371,0.054216374542382775,False,31870,341,family_B:age_pnad:age_18_24,estimated,-1
ddd_pretrend::B::age_pnad::age_18_24::admissoes,admissoes,ppml,"C(event_time, contr.treatment(base=-1))[-22]:treat_group",-22,-0.03038498167649552,0.057108118753058525,False,31870,341,family_B:age_pnad:age_18_24,estimated,-1
ddd_pretrend::B::age_pnad::age_18_24::admissoes,admissoes,ppml,"C(event_time, contr.treatment(base=-1))[-21]:treat_group",-21,-0.06904462005719576,0.0488301272902554,False,31870,341,family_B:age_pnad:age_18_24,estimated,-1
ddd_pretrend::B::age_pnad::age_18_24::admissoes,admissoes,ppml,"C(event_time, contr.treatment(base=-1))[-20]:treat_group",-20,-0.048513957170031444,0.05870433539600674,False,31870,341,family_B:age_pnad:age_18_24,estimated,-1
ddd_pretrend::B::age_pnad::age_18_24::admissoes,admissoes,ppml,"C(event_time, contr.treatment(base=-1))[-19]:treat_group",-19,-0.03067216969747511,0.04938867790031909,False,31870,341,family_B:age_pnad:age_18_24,estimated,-1
ddd_pretrend::B::age_pnad::age_18_24::admissoes,admissoes,ppml,"C(event_time, contr.treatment(base=-1))[-18]:treat_group",-18,-0.0373660305816779,0.045582603394974205,False,31870,341,family_B:age_pnad:age_18_24,estimated,-1
ddd_pretrend::B::age_pnad::age_18_24::admissoes,admissoes,ppml,"C(event_time, contr.treatment(base=-1))[-17]:treat_group",-17,-0.07681318012410294,0.03860568240705756,False,31870,341,family_B:age_pnad:age_18_24,estimated,-1
ddd_pretrend::B::age_pnad::age_18_24::admissoes,admissoes,ppml,"C(event_time, contr.treatment(base=-1))[-16]:treat_group",-16,-0.06778813922978248,0.04506964290501511,False,31870,341,family_B:age_pnad:age_18_24,estimated,-1
ddd_pretrend::B::age_pnad::age_18_24::admissoes,admissoes,ppml,"C(event_time, contr.treatment(base=-1))[-15]:treat_group",-15,-0.08257582601992498,0.036394189238799675,False,31870,341,family_B:age_pnad:age_18_24,estimated,-1
ddd_pretrend::B::age_pnad::age_18_24::admissoes,admissoes,ppml,"C(event_time, contr.treatment(base=-1))[-14]:treat_group",-14,-0.06793304506250666,0.028189271144195796,False,31870,341,family_B:age_pnad:age_18_24,estimated,-1
ddd_pretrend::B::age_pnad::age_18_24::admissoes,admissoes,ppml,"C(event_time, contr.treatment(base=-1))[-13]:treat_group",-13,-0.0023945009178266913,0.02611070680841053,False,31870,341,family_B:age_pnad:age_18_24,estimated,-1
ddd_pretrend::B::age_pnad::age_18_24::admissoes,admissoes,ppml,"C(event_time, contr.treatment(base=-1))[-12]:treat_group",-12,0.026257372185756928,0.02942988730934849,False,31870,341,family_B:age_pnad:age_18_24,estimated,-1
ddd_pretrend::B::age_pnad::age_18_24::admissoes,admissoes,ppml,"C(event_time, contr.treatment(base=-1))[-11]:treat_group",-11,-0.03697499557962957,0.034436046474049076,False,31870,341,family_B:age_pnad:age_18_24,estimated,-1
ddd_pretrend::B::age_pnad::age_18_24::admissoes,admissoes,ppml,"C(event_time, contr.treatment(base=-1))[-10]:treat_group",-10,0.009201975140151046,0.04441214644543485,False,31870,341,family_B:age_pnad:age_18_24,estimated,-1
ddd_pretrend::B::age_pnad::age_18_24::admissoes,admissoes,ppml,"C(event_time, contr.treatment(base=-1))[-9]:treat_group",-9,-0.02143993875125692,0.03267582575164911,False,31870,341,family_B:age_pnad:age_18_24,estimated,-1
ddd_pretrend::B::age_pnad::age_18_24::admissoes,admissoes,ppml,"C(event_time, contr.treatment(base=-1))[-8]:treat_group",-8,-0.018108098249164338,0.03700253252317569,False,31870,341,family_B:age_pnad:age_18_24,estimated,-1
ddd_pretrend::B::age_pnad::age_18_24::admissoes,admissoes,ppml,"C(event_time, contr.treatment(base=-1))[-7]:treat_group",-7,-0.02123801920404095,0.032017952970617033,False,31870,341,family_B:age_pnad:age_18_24,estimated,-1
ddd_pretrend::B::age_pnad::age_18_24::admissoes,admissoes,ppml,"C(event_time, contr.treatment(base=-1))[-6]:treat_group",-6,-0.02377192240593931,0.032213505655229444,False,31870,341,family_B:age_pnad:age_18_24,estimated,-1
ddd_pretrend::B::age_pnad::age_18_24::admissoes,admissoes,ppml,"C(event_time, contr.treatment(base=-1))[-5]:treat_group",-5,-0.03762396196370552,0.029512442260728463,False,31870,341,family_B:age_pnad:age_18_24,estimated,-1
ddd_pretrend::B::age_pnad::age_18_24::admissoes,admissoes,ppml,"C(event_time, contr.treatment(base=-1))[-4]:treat_group",-4,-0.05319779181040445,0.03709742061540351,False,31870,341,family_B:age_pnad:age_18_24,estimated,-1
ddd_pretrend::B::age_pnad::age_18_24::admissoes,admissoes,ppml,"C(event_time, contr.treatment(base=-1))[-3]:treat_group",-3,-0.05750131888087237,0.032417088380696235,False,31870,341,family_B:age_pnad:age_18_24,estimated,-1
ddd_pretrend::B::age_pnad::age_18_24::admissoes,admissoes,ppml,"C(event_time, contr.treatment(base=-1))[-2]:treat_group",-2,-0.035952284811295775,0.021831363528470135,False,31870,341,family_B:age_pnad:age_18_24,estimated,-1
ddd_pretrend::B::age_pnad::age_18_24::admissoes,admissoes,ppml,reference_event_time,-1,0.0,0.0,True,31870,341,family_B:age_pnad:age_18_24,estimated,-1
ddd_pretrend::B::age_pnad::age_18_24::admissoes,admissoes,ppml,"C(event_time, contr.treatment(base=-1))[0]:treat_group",0,0.06330363137507854,0.0240475310451979,False,31870,341,family_B:age_pnad:age_18_24,estimated,-1
ddd_pretrend::B::age_pnad::age_18_24::admissoes,admissoes,ppml,"C(event_time, contr.treatment(base=-1))[1]:treat_group",1,0.013902915445571836,0.03294820513285106,False,31870,341,family_B:age_pnad:age_18_24,estimated,-1
ddd_pretrend::B::age_pnad::age_18_24::admissoes,admissoes,ppml,"C(event_time, contr.treatment(base=-1))[2]:treat_group",2,0.03655729741751372,0.04487007555881457,False,31870,341,family_B:age_pnad:age_18_24,estimated,-1
ddd_pretrend::B::age_pnad::age_18_24::admissoes,admissoes,ppml,"C(event_time, contr.treatment(base=-1))[3]:treat_group",3,0.01901254304453643,0.032645774311422855,False,31870,341,family_B:age_pnad:age_18_24,estimated,-1
ddd_pretrend::B::age_pnad::age_18_24::admissoes,admissoes,ppml,"C(event_time, contr.treatment(base=-1))[4]:treat_group",4,0.009405943387486532,0.03769087623069874,False,31870,341,family_B:age_pnad:age_18_24,estimated,-1
ddd_pretrend::B::age_pnad::age_18_24::admissoes,admissoes,ppml,"C(event_time, contr.treatment(base=-1))[5]:treat_group",5,0.007394502818661676,0.0321817228303485,False,31870,341,family_B:age_pnad:age_18_24,estimated,-1
ddd_pretrend::B::age_pnad::age_18_24::admissoes,admissoes,ppml,"C(event_time, contr.treatment(base=-1))[6]:treat_group",6,0.006669441455990969,0.03551886764815831,False,31870,341,family_B:age_pnad:age_18_24,estimated,-1
ddd_pretrend::B::age_pnad::age_18_24::admissoes,admissoes,ppml,"C(event_time, contr.treatment(base=-1))[7]:treat_group",7,-0.006481110259547608,0.03471763809259319,False,31870,341,family_B:age_pnad:age_18_24,estimated,-1
ddd_pretrend::B::age_pnad::age_18_24::admissoes,admissoes,ppml,"C(event_time, contr.treatment(base=-1))[8]:treat_group",8,-0.01922627798655182,0.043905628044609714,False,31870,341,family_B:age_pnad:age_18_24,estimated,-1
ddd_pretrend::B::age_pnad::age_18_24::admissoes,admissoes,ppml,"C(event_time, contr.treatment(base=-1))[9]:treat_group",9,-0.02539687966466586,0.040220535338550904,False,31870,341,family_B:age_pnad:age_18_24,estimated,-1
ddd_pretrend::B::age_pnad::age_18_24::admissoes,admissoes,ppml,"C(event_time, contr.treatment(base=-1))[10]:treat_group",10,-0.030925656997094715,0.031102409289898585,False,31870,341,family_B:age_pnad:age_18_24,estimated,-1
ddd_pretrend::B::age_pnad::age_18_24::admissoes,admissoes,ppml,"C(event_time, contr.treatment(base=-1))[11]:treat_group",11,-0.015113116163634801,0.02075526089231216,False,31870,341,family_B:age_pnad:age_18_24,estimated,-1
ddd_pretrend::B::age_pnad::age_18_24::admissoes,admissoes,ppml,"C(event_time, contr.treatment(base=-1))[12]:treat_group",12,0.05584203504382639,0.018885251583032853,False,31870,341,family_B:age_pnad:age_18_24,estimated,-1
ddd_pretrend::B::age_pnad::age_18_24::admissoes,admissoes,ppml,"C(event_time, contr.treatment(base=-1))[13]:treat_group",13,-0.013253865927662216,0.04192081232804475,False,31870,341,family_B:age_pnad:age_18_24,estimated,-1
ddd_pretrend::B::age_pnad::age_18_24::admissoes,admissoes,ppml,"C(event_time, contr.treatment(base=-1))[14]:treat_group",14,0.019314503197452912,0.04673001596270926,False,31870,341,family_B:age_pnad:age_18_24,estimated,-1
ddd_pretrend::B::age_pnad::age_18_24::admissoes,admissoes,ppml,"C(event_time, contr.treatment(base=-1))[15]:treat_group",15,-0.012920138440024764,0.0423188874927539,False,31870,341,family_B:age_pnad:age_18_24,estimated,-1
ddd_pretrend::B::age_pnad::age_18_24::admissoes,admissoes,ppml,"C(event_time, contr.treatment(base=-1))[16]:treat_group",16,-0.03079967806680038,0.03957835121771117,False,31870,341,family_B:age_pnad:age_18_24,estimated,-1
ddd_pretrend::B::age_pnad::age_18_24::admissoes,admissoes,ppml,"C(event_time, contr.treatment(base=-1))[17]:treat_group",17,-0.011943717767772769,0.03555538118058905,False,31870,341,family_B:age_pnad:age_18_24,estimated,-1
ddd_pretrend::B::age_pnad::age_18_24::admissoes,admissoes,ppml,"C(event_time, contr.treatment(base=-1))[18]:treat_group",18,-0.00728029881635602,0.03410685122814277,False,31870,341,family_B:age_pnad:age_18_24,estimated,-1
ddd_pretrend::B::age_pnad::age_18_24::admissoes,admissoes,ppml,"C(event_time, contr.treatment(base=-1))[19]:treat_group",19,-0.05027553165382953,0.03648379708044675,False,31870,341,family_B:age_pnad:age_18_24,estimated,-1
ddd_pretrend::B::age_pnad::age_18_24::admissoes,admissoes,ppml,"C(event_time, contr.treatment(base=-1))[20]:treat_group",20,-0.03150967340402805,0.04825407488159416,False,31870,341,family_B:age_pnad:age_18_24,estimated,-1
ddd_pretrend::B::age_pnad::age_18_24::admissoes,admissoes,ppml,"C(event_time, contr.treatment(base=-1))[21]:treat_group",21,-0.04862377865785861,0.046887837074371046,False,31870,341,family_B:age_pnad:age_18_24,estimated,-1
ddd_pretrend::B::age_pnad::age_18_24::admissoes,admissoes,ppml,"C(event_time, contr.treatment(base=-1))[22]:treat_group",22,-0.0369854109252707,0.045538368701141335,False,31870,341,family_B:age_pnad:age_18_24,estimated,-1
ddd_pretrend::B::age_pnad::age_18_24::admissoes,admissoes,ppml,"C(event_time, contr.treatment(base=-1))[23]:treat_group",23,-0.019487511237906655,0.035838967493521216,False,31870,341,family_B:age_pnad:age_18_24,estimated,-1
ddd_pretrend::B::age_pnad::age_18_24::asinh_saldo,asinh_saldo,ols,"C(event_time, contr.treatment(base=-1))[-23]:treat_group",-23,0.991806002223544,0.7823601626959158,False,31870,341,family_B:age_pnad:age_18_24,estimated,-1
ddd_pretrend::B::age_pnad::age_18_24::asinh_saldo,asinh_saldo,ols,"C(event_time, contr.treatment(base=-1))[-22]:treat_group",-22,1.0350414281702573,0.8385285588524914,False,31870,341,family_B:age_pnad:age_18_24,estimated,-1
ddd_pretrend::B::age_pnad::age_18_24::asinh_saldo,asinh_saldo,ols,"C(event_time, contr.treatment(base=-1))[-21]:treat_group",-21,0.9504004408371138,0.889435695455928,False,31870,341,family_B:age_pnad:age_18_24,estimated,-1
ddd_pretrend::B::age_pnad::age_18_24::asinh_saldo,asinh_saldo,ols,"C(event_time, contr.treatment(base=-1))[-20]:treat_group",-20,0.2389930295164722,0.8760232220030906,False,31870,341,family_B:age_pnad:age_18_24,estimated,-1
ddd_pretrend::B::age_pnad::age_18_24::asinh_saldo,asinh_saldo,ols,"C(event_time, contr.treatment(base=-1))[-19]:treat_group",-19,-0.15451250763989163,0.7830119514588797,False,31870,341,family_B:age_pnad:age_18_24,estimated,-1
ddd_pretrend::B::age_pnad::age_18_24::asinh_saldo,asinh_saldo,ols,"C(event_time, contr.treatment(base=-1))[-18]:treat_group",-18,0.030811005522364064,0.7750900649980088,False,31870,341,family_B:age_pnad:age_18_24,estimated,-1
ddd_pretrend::B::age_pnad::age_18_24::asinh_saldo,asinh_saldo,ols,"C(event_time, contr.treatment(base=-1))[-17]:treat_group",-17,-0.4604418000798152,0.7496012081687641,False,31870,341,family_B:age_pnad:age_18_24,estimated,-1
ddd_pretrend::B::age_pnad::age_18_24::asinh_saldo,asinh_saldo,ols,"C(event_time, contr.treatment(base=-1))[-16]:treat_group",-16,-0.5938921170140203,0.755108961685366,False,31870,341,family_B:age_pnad:age_18_24,estimated,-1
ddd_pretrend::B::age_pnad::age_18_24::asinh_saldo,asinh_saldo,ols,"C(event_time, contr.treatment(base=-1))[-15]:treat_group",-15,-0.22833986328067285,0.7728560829134407,False,31870,341,family_B:age_pnad:age_18_24,estimated,-1
ddd_pretrend::B::age_pnad::age_18_24::asinh_saldo,asinh_saldo,ols,"C(event_time, contr.treatment(base=-1))[-14]:treat_group",-14,-0.8352507737991864,0.7262512746379323,False,31870,341,family_B:age_pnad:age_18_24,estimated,-1
ddd_pretrend::B::age_pnad::age_18_24::asinh_saldo,asinh_saldo,ols,"C(event_time, contr.treatment(base=-1))[-13]:treat_group",-13,-1.6292209073417667,0.7262782195092735,False,31870,341,family_B:age_pnad:age_18_24,estimated,-1
ddd_pretrend::B::age_pnad::age_18_24::asinh_saldo,asinh_saldo,ols,"C(event_time, contr.treatment(base=-1))[-12]:treat_group",-12,1.0091202840241749,0.8318367126123078,False,31870,341,family_B:age_pnad:age_18_24,estimated,-1
ddd_pretrend::B::age_pnad::age_18_24::asinh_saldo,asinh_saldo,ols,"C(event_time, contr.treatment(base=-1))[-11]:treat_group",-11,0.6008308092203762,0.8391187010930995,False,31870,341,family_B:age_pnad:age_18_24,estimated,-1
ddd_pretrend::B::age_pnad::age_18_24::asinh_saldo,asinh_saldo,ols,"C(event_time, contr.treatment(base=-1))[-10]:treat_group",-10,0.6877589986447598,0.7668517738638401,False,31870,341,family_B:age_pnad:age_18_24,estimated,-1
ddd_pretrend::B::age_pnad::age_18_24::asinh_saldo,asinh_saldo,ols,"C(event_time, contr.treatment(base=-1))[-9]:treat_group",-9,0.3334400641314565,0.8341765904248832,False,31870,341,family_B:age_pnad:age_18_24,estimated,-1
ddd_pretrend::B::age_pnad::age_18_24::asinh_saldo,asinh_saldo,ols,"C(event_time, contr.treatment(base=-1))[-8]:treat_group",-8,0.3882525224357517,0.7548583679132184,False,31870,341,family_B:age_pnad:age_18_24,estimated,-1
ddd_pretrend::B::age_pnad::age_18_24::asinh_saldo,asinh_saldo,ols,"C(event_time, contr.treatment(base=-1))[-7]:treat_group",-7,1.4836776399335398,0.7456755842639662,False,31870,341,family_B:age_pnad:age_18_24,estimated,-1
ddd_pretrend::B::age_pnad::age_18_24::asinh_saldo,asinh_saldo,ols,"C(event_time, contr.treatment(base=-1))[-6]:treat_group",-6,1.2489869004381697,0.7070181930375229,False,31870,341,family_B:age_pnad:age_18_24,estimated,-1
ddd_pretrend::B::age_pnad::age_18_24::asinh_saldo,asinh_saldo,ols,"C(event_time, contr.treatment(base=-1))[-5]:treat_group",-5,2.242712441391304,0.7216678474026333,False,31870,341,family_B:age_pnad:age_18_24,estimated,-1
ddd_pretrend::B::age_pnad::age_18_24::asinh_saldo,asinh_saldo,ols,"C(event_time, contr.treatment(base=-1))[-4]:treat_group",-4,0.16745387846583276,0.7640272135432999,False,31870,341,family_B:age_pnad:age_18_24,estimated,-1
ddd_pretrend::B::age_pnad::age_18_24::asinh_saldo,asinh_saldo,ols,"C(event_time, contr.treatment(base=-1))[-3]:treat_group",-3,0.4332003131834894,0.7341254300298508,False,31870,341,family_B:age_pnad:age_18_24,estimated,-1
ddd_pretrend::B::age_pnad::age_18_24::asinh_saldo,asinh_saldo,ols,"C(event_time, contr.treatment(base=-1))[-2]:treat_group",-2,0.2976815125192983,0.6260173485672385,False,31870,341,family_B:age_pnad:age_18_24,estimated,-1
ddd_pretrend::B::age_pnad::age_18_24::asinh_saldo,asinh_saldo,ols,reference_event_time,-1,0.0,0.0,True,31870,341,family_B:age_pnad:age_18_24,estimated,-1
ddd_pretrend::B::age_pnad::age_18_24::asinh_saldo,asinh_saldo,ols,"C(event_time, contr.treatment(base=-1))[0]:treat_group",0,1.4596268306194864,0.8652691491111371,False,31870,341,family_B:age_pnad:age_18_24,estimated,-1
ddd_pretrend::B::age_pnad::age_18_24::asinh_saldo,asinh_saldo,ols,"C(event_time, contr.treatment(base=-1))[1]:treat_group",1,1.6312785126898803,0.7720359690887235,False,31870,341,family_B:age_pnad:age_18_24,estimated,-1
ddd_pretrend::B::age_pnad::age_18_24::asinh_saldo,asinh_saldo,ols,"C(event_time, contr.treatment(base=-1))[2]:treat_group",2,2.3737643581846037,0.8345538124506674,False,31870,341,family_B:age_pnad:age_18_24,estimated,-1
ddd_pretrend::B::age_pnad::age_18_24::asinh_saldo,asinh_saldo,ols,"C(event_time, contr.treatment(base=-1))[3]:treat_group",3,2.140108801276129,0.7591316528793193,False,31870,341,family_B:age_pnad:age_18_24,estimated,-1
ddd_pretrend::B::age_pnad::age_18_24::asinh_saldo,asinh_saldo,ols,"C(event_time, contr.treatment(base=-1))[4]:treat_group",4,1.3455501270875374,0.8188338318354592,False,31870,341,family_B:age_pnad:age_18_24,estimated,-1
ddd_pretrend::B::age_pnad::age_18_24::asinh_saldo,asinh_saldo,ols,"C(event_time, contr.treatment(base=-1))[5]:treat_group",5,1.5275871114509252,0.7383379737205013,False,31870,341,family_B:age_pnad:age_18_24,estimated,-1
ddd_pretrend::B::age_pnad::age_18_24::asinh_saldo,asinh_saldo,ols,"C(event_time, contr.treatment(base=-1))[6]:treat_group",6,0.8208171089581433,0.774729055110793,False,31870,341,family_B:age_pnad:age_18_24,estimated,-1
ddd_pretrend::B::age_pnad::age_18_24::asinh_saldo,asinh_saldo,ols,"C(event_time, contr.treatment(base=-1))[7]:treat_group",7,1.267424658892679,0.8229068029496837,False,31870,341,family_B:age_pnad:age_18_24,estimated,-1
ddd_pretrend::B::age_pnad::age_18_24::asinh_saldo,asinh_saldo,ols,"C(event_time, contr.treatment(base=-1))[8]:treat_group",8,0.7282208653006567,0.7415952135545198,False,31870,341,family_B:age_pnad:age_18_24,estimated,-1
ddd_pretrend::B::age_pnad::age_18_24::asinh_saldo,asinh_saldo,ols,"C(event_time, contr.treatment(base=-1))[9]:treat_group",9,0.5372689797473633,0.7741885200159975,False,31870,341,family_B:age_pnad:age_18_24,estimated,-1
ddd_pretrend::B::age_pnad::age_18_24::asinh_saldo,asinh_saldo,ols,"C(event_time, contr.treatment(base=-1))[10]:treat_group",10,-0.054805597888938136,0.7358168958120036,False,31870,341,family_B:age_pnad:age_18_24,estimated,-1
ddd_pretrend::B::age_pnad::age_18_24::asinh_saldo,asinh_saldo,ols,"C(event_time, contr.treatment(base=-1))[11]:treat_group",11,0.3928148923595795,0.7610859240591652,False,31870,341,family_B:age_pnad:age_18_24,estimated,-1
ddd_pretrend::B::age_pnad::age_18_24::asinh_saldo,asinh_saldo,ols,"C(event_time, contr.treatment(base=-1))[12]:treat_group",12,0.6710463496177004,0.8752388211047523,False,31870,341,family_B:age_pnad:age_18_24,estimated,-1
ddd_pretrend::B::age_pnad::age_18_24::asinh_saldo,asinh_saldo,ols,"C(event_time, contr.treatment(base=-1))[13]:treat_group",13,0.7668620307981611,0.8143471024180766,False,31870,341,family_B:age_pnad:age_18_24,estimated,-1
ddd_pretrend::B::age_pnad::age_18_24::asinh_saldo,asinh_saldo,ols,"C(event_time, contr.treatment(base=-1))[14]:treat_group",14,1.8509060000292386,0.7440854455616832,False,31870,341,family_B:age_pnad:age_18_24,estimated,-1
ddd_pretrend::B::age_pnad::age_18_24::asinh_saldo,asinh_saldo,ols,"C(event_time, contr.treatment(base=-1))[15]:treat_group",15,1.7967657293532366,0.8138819561296637,False,31870,341,family_B:age_pnad:age_18_24,estimated,-1
ddd_pretrend::B::age_pnad::age_18_24::asinh_saldo,asinh_saldo,ols,"C(event_time, contr.treatment(base=-1))[16]:treat_group",16,0.3176645460632001,0.8023518489981597,False,31870,341,family_B:age_pnad:age_18_24,estimated,-1
ddd_pretrend::B::age_pnad::age_18_24::asinh_saldo,asinh_saldo,ols,"C(event_time, contr.treatment(base=-1))[17]:treat_group",17,1.41030042295792,0.7046581905912573,False,31870,341,family_B:age_pnad:age_18_24,estimated,-1
ddd_pretrend::B::age_pnad::age_18_24::asinh_saldo,asinh_saldo,ols,"C(event_time, contr.treatment(base=-1))[18]:treat_group",18,1.9034328176290014,0.760626056920196,False,31870,341,family_B:age_pnad:age_18_24,estimated,-1
ddd_pretrend::B::age_pnad::age_18_24::asinh_saldo,asinh_saldo,ols,"C(event_time, contr.treatment(base=-1))[19]:treat_group",19,0.36783874744954964,0.7687245191904243,False,31870,341,family_B:age_pnad:age_18_24,estimated,-1
ddd_pretrend::B::age_pnad::age_18_24::asinh_saldo,asinh_saldo,ols,"C(event_time, contr.treatment(base=-1))[20]:treat_group",20,0.7630742304642333,0.7474796649049908,False,31870,341,family_B:age_pnad:age_18_24,estimated,-1
ddd_pretrend::B::age_pnad::age_18_24::asinh_saldo,asinh_saldo,ols,"C(event_time, contr.treatment(base=-1))[21]:treat_group",21,-0.44899215738768794,0.7392505630312027,False,31870,341,family_B:age_pnad:age_18_24,estimated,-1
ddd_pretrend::B::age_pnad::age_18_24::asinh_saldo,asinh_saldo,ols,"C(event_time, contr.treatment(base=-1))[22]:treat_group",22,0.3540465170663683,0.7011082075426452,False,31870,341,family_B:age_pnad:age_18_24,estimated,-1
ddd_pretrend::B::age_pnad::age_18_24::asinh_saldo,asinh_saldo,ols,"C(event_time, contr.treatment(base=-1))[23]:treat_group",23,0.21144557742103398,0.6663356529205362,False,31870,341,family_B:age_pnad:age_18_24,estimated,-1
ddd_pretrend::B::age_pnad::age_18_24::desligamentos,desligamentos,ppml,"C(event_time, contr.treatment(base=-1))[-23]:treat_group",-23,0.006638562969239498,0.03569525101933865,False,31861,341,family_B:age_pnad:age_18_24,estimated,-1
ddd_pretrend::B::age_pnad::age_18_24::desligamentos,desligamentos,ppml,"C(event_time, contr.treatment(base=-1))[-22]:treat_group",-22,-0.013894905700272792,0.04001994767352969,False,31861,341,family_B:age_pnad:age_18_24,estimated,-1
ddd_pretrend::B::age_pnad::age_18_24::desligamentos,desligamentos,ppml,"C(event_time, contr.treatment(base=-1))[-21]:treat_group",-21,-0.027316694074259257,0.03479501671289995,False,31861,341,family_B:age_pnad:age_18_24,estimated,-1
ddd_pretrend::B::age_pnad::age_18_24::desligamentos,desligamentos,ppml,"C(event_time, contr.treatment(base=-1))[-20]:treat_group",-20,-0.06462689362182032,0.04219606809152998,False,31861,341,family_B:age_pnad:age_18_24,estimated,-1
ddd_pretrend::B::age_pnad::age_18_24::desligamentos,desligamentos,ppml,"C(event_time, contr.treatment(base=-1))[-19]:treat_group",-19,-0.0022790213201619625,0.043860101115920355,False,31861,341,family_B:age_pnad:age_18_24,estimated,-1
ddd_pretrend::B::age_pnad::age_18_24::desligamentos,desligamentos,ppml,"C(event_time, contr.treatment(base=-1))[-18]:treat_group",-18,0.005749968222010422,0.04128591101593312,False,31861,341,family_B:age_pnad:age_18_24,estimated,-1
ddd_pretrend::B::age_pnad::age_18_24::desligamentos,desligamentos,ppml,"C(event_time, contr.treatment(base=-1))[-17]:treat_group",-17,-0.020266271027016353,0.03263290113348919,False,31861,341,family_B:age_pnad:age_18_24,estimated,-1
ddd_pretrend::B::age_pnad::age_18_24::desligamentos,desligamentos,ppml,"C(event_time, contr.treatment(base=-1))[-16]:treat_group",-16,0.0023833142531940283,0.0333703778082268,False,31861,341,family_B:age_pnad:age_18_24,estimated,-1
ddd_pretrend::B::age_pnad::age_18_24::desligamentos,desligamentos,ppml,"C(event_time, contr.treatment(base=-1))[-15]:treat_group",-15,-0.0455642298082389,0.03456622776799927,False,31861,341,family_B:age_pnad:age_18_24,estimated,-1
ddd_pretrend::B::age_pnad::age_18_24::desligamentos,desligamentos,ppml,"C(event_time, contr.treatment(base=-1))[-14]:treat_group",-14,-0.047739172078059035,0.031047994437161556,False,31861,341,family_B:age_pnad:age_18_24,estimated,-1
ddd_pretrend::B::age_pnad::age_18_24::desligamentos,desligamentos,ppml,"C(event_time, contr.treatment(base=-1))[-13]:treat_group",-13,-0.047646586059116265,0.020449888221144765,False,31861,341,family_B:age_pnad:age_18_24,estimated,-1
ddd_pretrend::B::age_pnad::age_18_24::desligamentos,desligamentos,ppml,"C(event_time, contr.treatment(base=-1))[-12]:treat_group",-12,0.0029331227268889946,0.034281629918708124,False,31861,341,family_B:age_pnad:age_18_24,estimated,-1
ddd_pretrend::B::age_pnad::age_18_24::desligamentos,desligamentos,ppml,"C(event_time, contr.treatment(base=-1))[-11]:treat_group",-11,0.013716424461967872,0.02592989552828432,False,31861,341,family_B:age_pnad:age_18_24,estimated,-1
ddd_pretrend::B::age_pnad::age_18_24::desligamentos,desligamentos,ppml,"C(event_time, contr.treatment(base=-1))[-10]:treat_group",-10,0.0031581995917644404,0.021692473378548804,False,31861,341,family_B:age_pnad:age_18_24,estimated,-1
ddd_pretrend::B::age_pnad::age_18_24::desligamentos,desligamentos,ppml,"C(event_time, contr.treatment(base=-1))[-9]:treat_group",-9,0.0013539783129165696,0.024210107387987793,False,31861,341,family_B:age_pnad:age_18_24,estimated,-1
ddd_pretrend::B::age_pnad::age_18_24::desligamentos,desligamentos,ppml,"C(event_time, contr.treatment(base=-1))[-8]:treat_group",-8,-0.013244241484804164,0.02410280606226518,False,31861,341,family_B:age_pnad:age_18_24,estimated,-1
ddd_pretrend::B::age_pnad::age_18_24::desligamentos,desligamentos,ppml,"C(event_time, contr.treatment(base=-1))[-7]:treat_group",-7,0.007636102984633378,0.021375368112253438,False,31861,341,family_B:age_pnad:age_18_24,estimated,-1
ddd_pretrend::B::age_pnad::age_18_24::desligamentos,desligamentos,ppml,"C(event_time, contr.treatment(base=-1))[-6]:treat_group",-6,-0.0006581674333944028,0.020734147829180913,False,31861,341,family_B:age_pnad:age_18_24,estimated,-1
ddd_pretrend::B::age_pnad::age_18_24::desligamentos,desligamentos,ppml,"C(event_time, contr.treatment(base=-1))[-5]:treat_group",-5,0.014564711992533156,0.01952022735105575,False,31861,341,family_B:age_pnad:age_18_24,estimated,-1
ddd_pretrend::B::age_pnad::age_18_24::desligamentos,desligamentos,ppml,"C(event_time, contr.treatment(base=-1))[-4]:treat_group",-4,0.01995756725272486,0.02233407332561853,False,31861,341,family_B:age_pnad:age_18_24,estimated,-1
ddd_pretrend::B::age_pnad::age_18_24::desligamentos,desligamentos,ppml,"C(event_time, contr.treatment(base=-1))[-3]:treat_group",-3,0.016248059828389047,0.019568076160545806,False,31861,341,family_B:age_pnad:age_18_24,estimated,-1
ddd_pretrend::B::age_pnad::age_18_24::desligamentos,desligamentos,ppml,"C(event_time, contr.treatment(base=-1))[-2]:treat_group",-2,-0.005957027003763357,0.01164432493759062,False,31861,341,family_B:age_pnad:age_18_24,estimated,-1
ddd_pretrend::B::age_pnad::age_18_24::desligamentos,desligamentos,ppml,reference_event_time,-1,0.0,0.0,True,31861,341,family_B:age_pnad:age_18_24,estimated,-1
ddd_pretrend::B::age_pnad::age_18_24::desligamentos,desligamentos,ppml,"C(event_time, contr.treatment(base=-1))[0]:treat_group",0,0.05255520527904326,0.03649339458607033,False,31861,341,family_B:age_pnad:age_18_24,estimated,-1
ddd_pretrend::B::age_pnad::age_18_24::desligamentos,desligamentos,ppml,"C(event_time, contr.treatment(base=-1))[1]:treat_group",1,0.05046238066988965,0.01984342183000813,False,31861,341,family_B:age_pnad:age_18_24,estimated,-1
ddd_pretrend::B::age_pnad::age_18_24::desligamentos,desligamentos,ppml,"C(event_time, contr.treatment(base=-1))[2]:treat_group",2,0.030058498381251023,0.0217719124701214,False,31861,341,family_B:age_pnad:age_18_24,estimated,-1
ddd_pretrend::B::age_pnad::age_18_24::desligamentos,desligamentos,ppml,"C(event_time, contr.treatment(base=-1))[3]:treat_group",3,0.048240587663384064,0.030707179048251144,False,31861,341,family_B:age_pnad:age_18_24,estimated,-1
ddd_pretrend::B::age_pnad::age_18_24::desligamentos,desligamentos,ppml,"C(event_time, contr.treatment(base=-1))[4]:treat_group",4,0.03864827903183997,0.028408499924566726,False,31861,341,family_B:age_pnad:age_18_24,estimated,-1
ddd_pretrend::B::age_pnad::age_18_24::desligamentos,desligamentos,ppml,"C(event_time, contr.treatment(base=-1))[5]:treat_group",5,0.04547209577491649,0.03114025832079608,False,31861,341,family_B:age_pnad:age_18_24,estimated,-1
ddd_pretrend::B::age_pnad::age_18_24::desligamentos,desligamentos,ppml,"C(event_time, contr.treatment(base=-1))[6]:treat_group",6,0.03422748685426278,0.03583147675871326,False,31861,341,family_B:age_pnad:age_18_24,estimated,-1
ddd_pretrend::B::age_pnad::age_18_24::desligamentos,desligamentos,ppml,"C(event_time, contr.treatment(base=-1))[7]:treat_group",7,0.060627940167450455,0.03645635375458414,False,31861,341,family_B:age_pnad:age_18_24,estimated,-1
ddd_pretrend::B::age_pnad::age_18_24::desligamentos,desligamentos,ppml,"C(event_time, contr.treatment(base=-1))[8]:treat_group",8,0.06520197183403417,0.03424925837667882,False,31861,341,family_B:age_pnad:age_18_24,estimated,-1
ddd_pretrend::B::age_pnad::age_18_24::desligamentos,desligamentos,ppml,"C(event_time, contr.treatment(base=-1))[9]:treat_group",9,0.05335066904065331,0.03291443278193807,False,31861,341,family_B:age_pnad:age_18_24,estimated,-1
ddd_pretrend::B::age_pnad::age_18_24::desligamentos,desligamentos,ppml,"C(event_time, contr.treatment(base=-1))[10]:treat_group",10,0.022993556240754474,0.031160255830764594,False,31861,341,family_B:age_pnad:age_18_24,estimated,-1
ddd_pretrend::B::age_pnad::age_18_24::desligamentos,desligamentos,ppml,"C(event_time, contr.treatment(base=-1))[11]:treat_group",11,0.01755057234328447,0.028216211424785056,False,31861,341,family_B:age_pnad:age_18_24,estimated,-1
ddd_pretrend::B::age_pnad::age_18_24::desligamentos,desligamentos,ppml,"C(event_time, contr.treatment(base=-1))[12]:treat_group",12,0.053098212936334585,0.04731445274283459,False,31861,341,family_B:age_pnad:age_18_24,estimated,-1
ddd_pretrend::B::age_pnad::age_18_24::desligamentos,desligamentos,ppml,"C(event_time, contr.treatment(base=-1))[13]:treat_group",13,0.06159010207547492,0.03780498687336392,False,31861,341,family_B:age_pnad:age_18_24,estimated,-1
ddd_pretrend::B::age_pnad::age_18_24::desligamentos,desligamentos,ppml,"C(event_time, contr.treatment(base=-1))[14]:treat_group",14,0.060191833330835075,0.03948925185807803,False,31861,341,family_B:age_pnad:age_18_24,estimated,-1
ddd_pretrend::B::age_pnad::age_18_24::desligamentos,desligamentos,ppml,"C(event_time, contr.treatment(base=-1))[15]:treat_group",15,0.03365282037342988,0.03535916270537793,False,31861,341,family_B:age_pnad:age_18_24,estimated,-1
ddd_pretrend::B::age_pnad::age_18_24::desligamentos,desligamentos,ppml,"C(event_time, contr.treatment(base=-1))[16]:treat_group",16,0.02242683157120458,0.03436650813487945,False,31861,341,family_B:age_pnad:age_18_24,estimated,-1
ddd_pretrend::B::age_pnad::age_18_24::desligamentos,desligamentos,ppml,"C(event_time, contr.treatment(base=-1))[17]:treat_group",17,0.015481215720290807,0.033936984896688886,False,31861,341,family_B:age_pnad:age_18_24,estimated,-1
ddd_pretrend::B::age_pnad::age_18_24::desligamentos,desligamentos,ppml,"C(event_time, contr.treatment(base=-1))[18]:treat_group",18,0.027252528603014987,0.04068114454552559,False,31861,341,family_B:age_pnad:age_18_24,estimated,-1
ddd_pretrend::B::age_pnad::age_18_24::desligamentos,desligamentos,ppml,"C(event_time, contr.treatment(base=-1))[19]:treat_group",19,0.023696782340129716,0.039367272230099795,False,31861,341,family_B:age_pnad:age_18_24,estimated,-1
ddd_pretrend::B::age_pnad::age_18_24::desligamentos,desligamentos,ppml,"C(event_time, contr.treatment(base=-1))[20]:treat_group",20,0.03850404698065005,0.03858274871723012,False,31861,341,family_B:age_pnad:age_18_24,estimated,-1
ddd_pretrend::B::age_pnad::age_18_24::desligamentos,desligamentos,ppml,"C(event_time, contr.treatment(base=-1))[21]:treat_group",21,0.03565008359922481,0.04073272603507871,False,31861,341,family_B:age_pnad:age_18_24,estimated,-1
ddd_pretrend::B::age_pnad::age_18_24::desligamentos,desligamentos,ppml,"C(event_time, contr.treatment(base=-1))[22]:treat_group",22,0.01701657934509235,0.03224263076227338,False,31861,341,family_B:age_pnad:age_18_24,estimated,-1
ddd_pretrend::B::age_pnad::age_18_24::desligamentos,desligamentos,ppml,"C(event_time, contr.treatment(base=-1))[23]:treat_group",23,0.009391688337703045,0.034933451820963954,False,31861,341,family_B:age_pnad:age_18_24,estimated,-1
ddd_pretrend::B::age_pnad::age_18_24::ln_salario_real_adm,ln_salario_real_adm,ols,"C(event_time, contr.treatment(base=-1))[-23]:treat_group",-23,0.03952406438930306,0.025665489153681696,False,31516,341,family_B:age_pnad:age_18_24,estimated,-1
ddd_pretrend::B::age_pnad::age_18_24::ln_salario_real_adm,ln_salario_real_adm,ols,"C(event_time, contr.treatment(base=-1))[-22]:treat_group",-22,-0.00508300299781396,0.03883600377370837,False,31516,341,family_B:age_pnad:age_18_24,estimated,-1
ddd_pretrend::B::age_pnad::age_18_24::ln_salario_real_adm,ln_salario_real_adm,ols,"C(event_time, contr.treatment(base=-1))[-21]:treat_group",-21,-0.018118165856006806,0.0367940132551567,False,31516,341,family_B:age_pnad:age_18_24,estimated,-1
ddd_pretrend::B::age_pnad::age_18_24::ln_salario_real_adm,ln_salario_real_adm,ols,"C(event_time, contr.treatment(base=-1))[-20]:treat_group",-20,-0.052137770471768555,0.034339856733640935,False,31516,341,family_B:age_pnad:age_18_24,estimated,-1
ddd_pretrend::B::age_pnad::age_18_24::ln_salario_real_adm,ln_salario_real_adm,ols,"C(event_time, contr.treatment(base=-1))[-19]:treat_group",-19,-0.09432430748900864,0.03369521581515201,False,31516,341,family_B:age_pnad:age_18_24,estimated,-1
ddd_pretrend::B::age_pnad::age_18_24::ln_salario_real_adm,ln_salario_real_adm,ols,"C(event_time, contr.treatment(base=-1))[-18]:treat_group",-18,-0.056123534394375674,0.024017079364973833,False,31516,341,family_B:age_pnad:age_18_24,estimated,-1
ddd_pretrend::B::age_pnad::age_18_24::ln_salario_real_adm,ln_salario_real_adm,ols,"C(event_time, contr.treatment(base=-1))[-17]:treat_group",-17,-0.001401454949224528,0.024005487576839495,False,31516,341,family_B:age_pnad:age_18_24,estimated,-1
ddd_pretrend::B::age_pnad::age_18_24::ln_salario_real_adm,ln_salario_real_adm,ols,"C(event_time, contr.treatment(base=-1))[-16]:treat_group",-16,-0.013106007253946759,0.028188470417216296,False,31516,341,family_B:age_pnad:age_18_24,estimated,-1
ddd_pretrend::B::age_pnad::age_18_24::ln_salario_real_adm,ln_salario_real_adm,ols,"C(event_time, contr.treatment(base=-1))[-15]:treat_group",-15,-0.03281354639190334,0.02597973061833475,False,31516,341,family_B:age_pnad:age_18_24,estimated,-1
ddd_pretrend::B::age_pnad::age_18_24::ln_salario_real_adm,ln_salario_real_adm,ols,"C(event_time, contr.treatment(base=-1))[-14]:treat_group",-14,-0.010885273327003177,0.022913634301839514,False,31516,341,family_B:age_pnad:age_18_24,estimated,-1
ddd_pretrend::B::age_pnad::age_18_24::ln_salario_real_adm,ln_salario_real_adm,ols,"C(event_time, contr.treatment(base=-1))[-13]:treat_group",-13,0.007566029492929976,0.021980731690172655,False,31516,341,family_B:age_pnad:age_18_24,estimated,-1
ddd_pretrend::B::age_pnad::age_18_24::ln_salario_real_adm,ln_salario_real_adm,ols,"C(event_time, contr.treatment(base=-1))[-12]:treat_group",-12,-0.05316134510319588,0.043808048809965236,False,31516,341,family_B:age_pnad:age_18_24,estimated,-1
ddd_pretrend::B::age_pnad::age_18_24::ln_salario_real_adm,ln_salario_real_adm,ols,"C(event_time, contr.treatment(base=-1))[-11]:treat_group",-11,-0.04056254832858785,0.02860534731123973,False,31516,341,family_B:age_pnad:age_18_24,estimated,-1
ddd_pretrend::B::age_pnad::age_18_24::ln_salario_real_adm,ln_salario_real_adm,ols,"C(event_time, contr.treatment(base=-1))[-10]:treat_group",-10,-0.00990801977945372,0.02035402899263605,False,31516,341,family_B:age_pnad:age_18_24,estimated,-1
ddd_pretrend::B::age_pnad::age_18_24::ln_salario_real_adm,ln_salario_real_adm,ols,"C(event_time, contr.treatment(base=-1))[-9]:treat_group",-9,-0.03376229382325764,0.03252019628384665,False,31516,341,family_B:age_pnad:age_18_24,estimated,-1
ddd_pretrend::B::age_pnad::age_18_24::ln_salario_real_adm,ln_salario_real_adm,ols,"C(event_time, contr.treatment(base=-1))[-8]:treat_group",-8,-0.001524284700575438,0.020491801033355336,False,31516,341,family_B:age_pnad:age_18_24,estimated,-1
ddd_pretrend::B::age_pnad::age_18_24::ln_salario_real_adm,ln_salario_real_adm,ols,"C(event_time, contr.treatment(base=-1))[-7]:treat_group",-7,-0.03597629281895432,0.029605733594858,False,31516,341,family_B:age_pnad:age_18_24,estimated,-1
ddd_pretrend::B::age_pnad::age_18_24::ln_salario_real_adm,ln_salario_real_adm,ols,"C(event_time, contr.treatment(base=-1))[-6]:treat_group",-6,-0.011855788142564376,0.0230515020447551,False,31516,341,family_B:age_pnad:age_18_24,estimated,-1
ddd_pretrend::B::age_pnad::age_18_24::ln_salario_real_adm,ln_salario_real_adm,ols,"C(event_time, contr.treatment(base=-1))[-5]:treat_group",-5,-0.0037303401326769887,0.023187746272530542,False,31516,341,family_B:age_pnad:age_18_24,estimated,-1
ddd_pretrend::B::age_pnad::age_18_24::ln_salario_real_adm,ln_salario_real_adm,ols,"C(event_time, contr.treatment(base=-1))[-4]:treat_group",-4,-0.0012925823579847272,0.01896838428800351,False,31516,341,family_B:age_pnad:age_18_24,estimated,-1
ddd_pretrend::B::age_pnad::age_18_24::ln_salario_real_adm,ln_salario_real_adm,ols,"C(event_time, contr.treatment(base=-1))[-3]:treat_group",-3,0.01877539652007054,0.022870594895598322,False,31516,341,family_B:age_pnad:age_18_24,estimated,-1
ddd_pretrend::B::age_pnad::age_18_24::ln_salario_real_adm,ln_salario_real_adm,ols,"C(event_time, contr.treatment(base=-1))[-2]:treat_group",-2,0.02473396652068606,0.027061865098053556,False,31516,341,family_B:age_pnad:age_18_24,estimated,-1
ddd_pretrend::B::age_pnad::age_18_24::ln_salario_real_adm,ln_salario_real_adm,ols,reference_event_time,-1,0.0,0.0,True,31516,341,family_B:age_pnad:age_18_24,estimated,-1
ddd_pretrend::B::age_pnad::age_18_24::ln_salario_real_adm,ln_salario_real_adm,ols,"C(event_time, contr.treatment(base=-1))[0]:treat_group",0,-0.0178193591399997,0.022776693451017124,False,31516,341,family_B:age_pnad:age_18_24,estimated,-1
ddd_pretrend::B::age_pnad::age_18_24::ln_salario_real_adm,ln_salario_real_adm,ols,"C(event_time, contr.treatment(base=-1))[1]:treat_group",1,0.015396067118057473,0.021109173187940006,False,31516,341,family_B:age_pnad:age_18_24,estimated,-1
ddd_pretrend::B::age_pnad::age_18_24::ln_salario_real_adm,ln_salario_real_adm,ols,"C(event_time, contr.treatment(base=-1))[2]:treat_group",2,-0.006722965444355936,0.026168194158975873,False,31516,341,family_B:age_pnad:age_18_24,estimated,-1
ddd_pretrend::B::age_pnad::age_18_24::ln_salario_real_adm,ln_salario_real_adm,ols,"C(event_time, contr.treatment(base=-1))[3]:treat_group",3,0.020578765827205806,0.02372354862941238,False,31516,341,family_B:age_pnad:age_18_24,estimated,-1
ddd_pretrend::B::age_pnad::age_18_24::ln_salario_real_adm,ln_salario_real_adm,ols,"C(event_time, contr.treatment(base=-1))[4]:treat_group",4,-0.0108523888635502,0.022403523128866627,False,31516,341,family_B:age_pnad:age_18_24,estimated,-1
ddd_pretrend::B::age_pnad::age_18_24::ln_salario_real_adm,ln_salario_real_adm,ols,"C(event_time, contr.treatment(base=-1))[5]:treat_group",5,0.009827574720527981,0.02329438754923023,False,31516,341,family_B:age_pnad:age_18_24,estimated,-1
ddd_pretrend::B::age_pnad::age_18_24::ln_salario_real_adm,ln_salario_real_adm,ols,"C(event_time, contr.treatment(base=-1))[6]:treat_group",6,-0.02702293896669003,0.02388085845195303,False,31516,341,family_B:age_pnad:age_18_24,estimated,-1
ddd_pretrend::B::age_pnad::age_18_24::ln_salario_real_adm,ln_salario_real_adm,ols,"C(event_time, contr.treatment(base=-1))[7]:treat_group",7,-0.03185486192040085,0.028167884044823722,False,31516,341,family_B:age_pnad:age_18_24,estimated,-1
ddd_pretrend::B::age_pnad::age_18_24::ln_salario_real_adm,ln_salario_real_adm,ols,"C(event_time, contr.treatment(base=-1))[8]:treat_group",8,-0.0009683807791700694,0.029991302102974595,False,31516,341,family_B:age_pnad:age_18_24,estimated,-1
ddd_pretrend::B::age_pnad::age_18_24::ln_salario_real_adm,ln_salario_real_adm,ols,"C(event_time, contr.treatment(base=-1))[9]:treat_group",9,0.03966487900550612,0.021236801546196806,False,31516,341,family_B:age_pnad:age_18_24,estimated,-1
ddd_pretrend::B::age_pnad::age_18_24::ln_salario_real_adm,ln_salario_real_adm,ols,"C(event_time, contr.treatment(base=-1))[10]:treat_group",10,-0.010937250961592274,0.027760254146877023,False,31516,341,family_B:age_pnad:age_18_24,estimated,-1
ddd_pretrend::B::age_pnad::age_18_24::ln_salario_real_adm,ln_salario_real_adm,ols,"C(event_time, contr.treatment(base=-1))[11]:treat_group",11,-0.010273722106466867,0.022325209380096744,False,31516,341,family_B:age_pnad:age_18_24,estimated,-1
ddd_pretrend::B::age_pnad::age_18_24::ln_salario_real_adm,ln_salario_real_adm,ols,"C(event_time, contr.treatment(base=-1))[12]:treat_group",12,-0.038716084179824896,0.029640282669892527,False,31516,341,family_B:age_pnad:age_18_24,estimated,-1
ddd_pretrend::B::age_pnad::age_18_24::ln_salario_real_adm,ln_salario_real_adm,ols,"C(event_time, contr.treatment(base=-1))[13]:treat_group",13,0.009591565249015237,0.02328948636378607,False,31516,341,family_B:age_pnad:age_18_24,estimated,-1
ddd_pretrend::B::age_pnad::age_18_24::ln_salario_real_adm,ln_salario_real_adm,ols,"C(event_time, contr.treatment(base=-1))[14]:treat_group",14,0.0031967263930763753,0.02307221550004316,False,31516,341,family_B:age_pnad:age_18_24,estimated,-1
ddd_pretrend::B::age_pnad::age_18_24::ln_salario_real_adm,ln_salario_real_adm,ols,"C(event_time, contr.treatment(base=-1))[15]:treat_group",15,-0.024605789526271488,0.022489624268627443,False,31516,341,family_B:age_pnad:age_18_24,estimated,-1
ddd_pretrend::B::age_pnad::age_18_24::ln_salario_real_adm,ln_salario_real_adm,ols,"C(event_time, contr.treatment(base=-1))[16]:treat_group",16,-0.03157879479101863,0.021055338479316166,False,31516,341,family_B:age_pnad:age_18_24,estimated,-1
ddd_pretrend::B::age_pnad::age_18_24::ln_salario_real_adm,ln_salario_real_adm,ols,"C(event_time, contr.treatment(base=-1))[17]:treat_group",17,-0.05649104795827933,0.030895661222478034,False,31516,341,family_B:age_pnad:age_18_24,estimated,-1
ddd_pretrend::B::age_pnad::age_18_24::ln_salario_real_adm,ln_salario_real_adm,ols,"C(event_time, contr.treatment(base=-1))[18]:treat_group",18,-0.03623245769748043,0.025072777412786407,False,31516,341,family_B:age_pnad:age_18_24,estimated,-1
ddd_pretrend::B::age_pnad::age_18_24::ln_salario_real_adm,ln_salario_real_adm,ols,"C(event_time, contr.treatment(base=-1))[19]:treat_group",19,-0.022534182527501043,0.028626056513927477,False,31516,341,family_B:age_pnad:age_18_24,estimated,-1
ddd_pretrend::B::age_pnad::age_18_24::ln_salario_real_adm,ln_salario_real_adm,ols,"C(event_time, contr.treatment(base=-1))[20]:treat_group",20,-0.04872064196668236,0.029057416844403376,False,31516,341,family_B:age_pnad:age_18_24,estimated,-1
ddd_pretrend::B::age_pnad::age_18_24::ln_salario_real_adm,ln_salario_real_adm,ols,"C(event_time, contr.treatment(base=-1))[21]:treat_group",21,-0.02085156835153994,0.022795245119613495,False,31516,341,family_B:age_pnad:age_18_24,estimated,-1
ddd_pretrend::B::age_pnad::age_18_24::ln_salario_real_adm,ln_salario_real_adm,ols,"C(event_time, contr.treatment(base=-1))[22]:treat_group",22,-0.06451750888907472,0.031560701751024274,False,31516,341,family_B:age_pnad:age_18_24,estimated,-1
ddd_pretrend::B::age_pnad::age_18_24::ln_salario_real_adm,ln_salario_real_adm,ols,"C(event_time, contr.treatment(base=-1))[23]:treat_group",23,-0.03523421615764329,0.02684972687982688,False,31516,341,family_B:age_pnad:age_18_24,estimated,-1
ddd_pretrend::B::age_pnad::age_18_24::n_movimentacoes,n_movimentacoes,ppml,"C(event_time, contr.treatment(base=-1))[-23]:treat_group",-23,-0.0410094518500257,0.041088167769668525,False,31870,341,family_B:age_pnad:age_18_24,estimated,-1
ddd_pretrend::B::age_pnad::age_18_24::n_movimentacoes,n_movimentacoes,ppml,"C(event_time, contr.treatment(base=-1))[-22]:treat_group",-22,-0.03184879228382741,0.04813726928805483,False,31870,341,family_B:age_pnad:age_18_24,estimated,-1
ddd_pretrend::B::age_pnad::age_18_24::n_movimentacoes,n_movimentacoes,ppml,"C(event_time, contr.treatment(base=-1))[-21]:treat_group",-21,-0.05600573450185178,0.04145250187166408,False,31870,341,family_B:age_pnad:age_18_24,estimated,-1
ddd_pretrend::B::age_pnad::age_18_24::n_movimentacoes,n_movimentacoes,ppml,"C(event_time, contr.treatment(base=-1))[-20]:treat_group",-20,-0.05924960316858912,0.049481740109204156,False,31870,341,family_B:age_pnad:age_18_24,estimated,-1
ddd_pretrend::B::age_pnad::age_18_24::n_movimentacoes,n_movimentacoes,ppml,"C(event_time, contr.treatment(base=-1))[-19]:treat_group",-19,-0.02166119805342251,0.044001201760399074,False,31870,341,family_B:age_pnad:age_18_24,estimated,-1
ddd_pretrend::B::age_pnad::age_18_24::n_movimentacoes,n_movimentacoes,ppml,"C(event_time, contr.treatment(base=-1))[-18]:treat_group",-18,-0.02258615644495032,0.04007011517283416,False,31870,341,family_B:age_pnad:age_18_24,estimated,-1
ddd_pretrend::B::age_pnad::age_18_24::n_movimentacoes,n_movimentacoes,ppml,"C(event_time, contr.treatment(base=-1))[-17]:treat_group",-17,-0.057094599154531245,0.03332516502061452,False,31870,341,family_B:age_pnad:age_18_24,estimated,-1
ddd_pretrend::B::age_pnad::age_18_24::n_movimentacoes,n_movimentacoes,ppml,"C(event_time, contr.treatment(base=-1))[-16]:treat_group",-16,-0.04088921247021887,0.036601499236447184,False,31870,341,family_B:age_pnad:age_18_24,estimated,-1
ddd_pretrend::B::age_pnad::age_18_24::n_movimentacoes,n_movimentacoes,ppml,"C(event_time, contr.treatment(base=-1))[-15]:treat_group",-15,-0.07207569383134158,0.027123339073506687,False,31870,341,family_B:age_pnad:age_18_24,estimated,-1
ddd_pretrend::B::age_pnad::age_18_24::n_movimentacoes,n_movimentacoes,ppml,"C(event_time, contr.treatment(base=-1))[-14]:treat_group",-14,-0.06054316225731825,0.023974982712158897,False,31870,341,family_B:age_pnad:age_18_24,estimated,-1
ddd_pretrend::B::age_pnad::age_18_24::n_movimentacoes,n_movimentacoes,ppml,"C(event_time, contr.treatment(base=-1))[-13]:treat_group",-13,-0.01663481246332098,0.02045405279165441,False,31870,341,family_B:age_pnad:age_18_24,estimated,-1
ddd_pretrend::B::age_pnad::age_18_24::n_movimentacoes,n_movimentacoes,ppml,"C(event_time, contr.treatment(base=-1))[-12]:treat_group",-12,0.011572442476691947,0.02547228455943243,False,31870,341,family_B:age_pnad:age_18_24,estimated,-1
ddd_pretrend::B::age_pnad::age_18_24::n_movimentacoes,n_movimentacoes,ppml,"C(event_time, contr.treatment(base=-1))[-11]:treat_group",-11,-0.02290286581220631,0.023981982370711072,False,31870,341,family_B:age_pnad:age_18_24,estimated,-1
ddd_pretrend::B::age_pnad::age_18_24::n_movimentacoes,n_movimentacoes,ppml,"C(event_time, contr.treatment(base=-1))[-10]:treat_group",-10,-0.0016090416305551266,0.030466313370332194,False,31870,341,family_B:age_pnad:age_18_24,estimated,-1
ddd_pretrend::B::age_pnad::age_18_24::n_movimentacoes,n_movimentacoes,ppml,"C(event_time, contr.treatment(base=-1))[-9]:treat_group",-9,-0.01833584586026644,0.02344799962527959,False,31870,341,family_B:age_pnad:age_18_24,estimated,-1
ddd_pretrend::B::age_pnad::age_18_24::n_movimentacoes,n_movimentacoes,ppml,"C(event_time, contr.treatment(base=-1))[-8]:treat_group",-8,-0.021184263807230694,0.026318381873669243,False,31870,341,family_B:age_pnad:age_18_24,estimated,-1
ddd_pretrend::B::age_pnad::age_18_24::n_movimentacoes,n_movimentacoes,ppml,"C(event_time, contr.treatment(base=-1))[-7]:treat_group",-7,-0.016448322367274587,0.023423277351325544,False,31870,341,family_B:age_pnad:age_18_24,estimated,-1
ddd_pretrend::B::age_pnad::age_18_24::n_movimentacoes,n_movimentacoes,ppml,"C(event_time, contr.treatment(base=-1))[-6]:treat_group",-6,-0.020732664086054935,0.02416367360045204,False,31870,341,family_B:age_pnad:age_18_24,estimated,-1
ddd_pretrend::B::age_pnad::age_18_24::n_movimentacoes,n_movimentacoes,ppml,"C(event_time, contr.treatment(base=-1))[-5]:treat_group",-5,-0.02266583356045018,0.022056592934502652,False,31870,341,family_B:age_pnad:age_18_24,estimated,-1
ddd_pretrend::B::age_pnad::age_18_24::n_movimentacoes,n_movimentacoes,ppml,"C(event_time, contr.treatment(base=-1))[-4]:treat_group",-4,-0.02714152645647401,0.028791063888180403,False,31870,341,family_B:age_pnad:age_18_24,estimated,-1
ddd_pretrend::B::age_pnad::age_18_24::n_movimentacoes,n_movimentacoes,ppml,"C(event_time, contr.treatment(base=-1))[-3]:treat_group",-3,-0.029756663742088116,0.025116514929611537,False,31870,341,family_B:age_pnad:age_18_24,estimated,-1
ddd_pretrend::B::age_pnad::age_18_24::n_movimentacoes,n_movimentacoes,ppml,"C(event_time, contr.treatment(base=-1))[-2]:treat_group",-2,-0.026959694468028778,0.015731036110906677,False,31870,341,family_B:age_pnad:age_18_24,estimated,-1
ddd_pretrend::B::age_pnad::age_18_24::n_movimentacoes,n_movimentacoes,ppml,reference_event_time,-1,0.0,0.0,True,31870,341,family_B:age_pnad:age_18_24,estimated,-1
ddd_pretrend::B::age_pnad::age_18_24::n_movimentacoes,n_movimentacoes,ppml,"C(event_time, contr.treatment(base=-1))[0]:treat_group",0,0.05160341892064677,0.02161264645506508,False,31870,341,family_B:age_pnad:age_18_24,estimated,-1
ddd_pretrend::B::age_pnad::age_18_24::n_movimentacoes,n_movimentacoes,ppml,"C(event_time, contr.treatment(base=-1))[1]:treat_group",1,0.019357826501453308,0.01930476783104653,False,31870,341,family_B:age_pnad:age_18_24,estimated,-1
ddd_pretrend::B::age_pnad::age_18_24::n_movimentacoes,n_movimentacoes,ppml,"C(event_time, contr.treatment(base=-1))[2]:treat_group",2,0.021038486039173455,0.0321248200730425,False,31870,341,family_B:age_pnad:age_18_24,estimated,-1
ddd_pretrend::B::age_pnad::age_18_24::n_movimentacoes,n_movimentacoes,ppml,"C(event_time, contr.treatment(base=-1))[3]:treat_group",3,0.02350134980318808,0.02947950365351442,False,31870,341,family_B:age_pnad:age_18_24,estimated,-1
ddd_pretrend::B::age_pnad::age_18_24::n_movimentacoes,n_movimentacoes,ppml,"C(event_time, contr.treatment(base=-1))[4]:treat_group",4,0.01651746410205111,0.03013026607979928,False,31870,341,family_B:age_pnad:age_18_24,estimated,-1
ddd_pretrend::B::age_pnad::age_18_24::n_movimentacoes,n_movimentacoes,ppml,"C(event_time, contr.treatment(base=-1))[5]:treat_group",5,0.016520751434076778,0.029679764154071118,False,31870,341,family_B:age_pnad:age_18_24,estimated,-1
ddd_pretrend::B::age_pnad::age_18_24::n_movimentacoes,n_movimentacoes,ppml,"C(event_time, contr.treatment(base=-1))[6]:treat_group",6,0.011016348261902807,0.03372706854073652,False,31870,341,family_B:age_pnad:age_18_24,estimated,-1
ddd_pretrend::B::age_pnad::age_18_24::n_movimentacoes,n_movimentacoes,ppml,"C(event_time, contr.treatment(base=-1))[7]:treat_group",7,0.016105092824622365,0.035101501511803725,False,31870,341,family_B:age_pnad:age_18_24,estimated,-1
ddd_pretrend::B::age_pnad::age_18_24::n_movimentacoes,n_movimentacoes,ppml,"C(event_time, contr.treatment(base=-1))[8]:treat_group",8,0.011661466931251066,0.03834841400876239,False,31870,341,family_B:age_pnad:age_18_24,estimated,-1
ddd_pretrend::B::age_pnad::age_18_24::n_movimentacoes,n_movimentacoes,ppml,"C(event_time, contr.treatment(base=-1))[9]:treat_group",9,0.0030125255467987107,0.035523950923129544,False,31870,341,family_B:age_pnad:age_18_24,estimated,-1
ddd_pretrend::B::age_pnad::age_18_24::n_movimentacoes,n_movimentacoes,ppml,"C(event_time, contr.treatment(base=-1))[10]:treat_group",10,-0.011108589615595703,0.027447828484873007,False,31870,341,family_B:age_pnad:age_18_24,estimated,-1
ddd_pretrend::B::age_pnad::age_18_24::n_movimentacoes,n_movimentacoes,ppml,"C(event_time, contr.treatment(base=-1))[11]:treat_group",11,0.0005954111992653068,0.01982072073964731,False,31870,341,family_B:age_pnad:age_18_24,estimated,-1
ddd_pretrend::B::age_pnad::age_18_24::n_movimentacoes,n_movimentacoes,ppml,"C(event_time, contr.treatment(base=-1))[12]:treat_group",12,0.05023139834560366,0.02949489984532429,False,31870,341,family_B:age_pnad:age_18_24,estimated,-1
ddd_pretrend::B::age_pnad::age_18_24::n_movimentacoes,n_movimentacoes,ppml,"C(event_time, contr.treatment(base=-1))[13]:treat_group",13,0.010900265763723707,0.03429855538289774,False,31870,341,family_B:age_pnad:age_18_24,estimated,-1
ddd_pretrend::B::age_pnad::age_18_24::n_movimentacoes,n_movimentacoes,ppml,"C(event_time, contr.treatment(base=-1))[14]:treat_group",14,0.027745930297178225,0.04032372379744607,False,31870,341,family_B:age_pnad:age_18_24,estimated,-1
ddd_pretrend::B::age_pnad::age_18_24::n_movimentacoes,n_movimentacoes,ppml,"C(event_time, contr.treatment(base=-1))[15]:treat_group",15,0.001996248688692568,0.036693271789840436,False,31870,341,family_B:age_pnad:age_18_24,estimated,-1
ddd_pretrend::B::age_pnad::age_18_24::n_movimentacoes,n_movimentacoes,ppml,"C(event_time, contr.treatment(base=-1))[16]:treat_group",16,-0.012682010752266519,0.03411488426311689,False,31870,341,family_B:age_pnad:age_18_24,estimated,-1
ddd_pretrend::B::age_pnad::age_18_24::n_movimentacoes,n_movimentacoes,ppml,"C(event_time, contr.treatment(base=-1))[17]:treat_group",17,-0.00709884122664041,0.03180840456374278,False,31870,341,family_B:age_pnad:age_18_24,estimated,-1
ddd_pretrend::B::age_pnad::age_18_24::n_movimentacoes,n_movimentacoes,ppml,"C(event_time, contr.treatment(base=-1))[18]:treat_group",18,0.0005120844701998619,0.035789000311198485,False,31870,341,family_B:age_pnad:age_18_24,estimated,-1
ddd_pretrend::B::age_pnad::age_18_24::n_movimentacoes,n_movimentacoes,ppml,"C(event_time, contr.treatment(base=-1))[19]:treat_group",19,-0.024066703084154303,0.03704291479288949,False,31870,341,family_B:age_pnad:age_18_24,estimated,-1
ddd_pretrend::B::age_pnad::age_18_24::n_movimentacoes,n_movimentacoes,ppml,"C(event_time, contr.treatment(base=-1))[20]:treat_group",20,-0.005915266134622502,0.04312790580924192,False,31870,341,family_B:age_pnad:age_18_24,estimated,-1
ddd_pretrend::B::age_pnad::age_18_24::n_movimentacoes,n_movimentacoes,ppml,"C(event_time, contr.treatment(base=-1))[21]:treat_group",21,-0.015449569220652591,0.043430635642066534,False,31870,341,family_B:age_pnad:age_18_24,estimated,-1
ddd_pretrend::B::age_pnad::age_18_24::n_movimentacoes,n_movimentacoes,ppml,"C(event_time, contr.treatment(base=-1))[22]:treat_group",22,-0.018886146415188435,0.03612903092796566,False,31870,341,family_B:age_pnad:age_18_24,estimated,-1
ddd_pretrend::B::age_pnad::age_18_24::n_movimentacoes,n_movimentacoes,ppml,"C(event_time, contr.treatment(base=-1))[23]:treat_group",23,-0.006354427065658239,0.03260233080004311,False,31870,341,family_B:age_pnad:age_18_24,estimated,-1
ddd_pretrend::B::age_pnad::age_25_34::admissoes,admissoes,ppml,"C(event_time, contr.treatment(base=-1))[-23]:treat_group",-23,-0.03651772585339911,0.025947150986937693,False,31870,341,family_B:age_pnad:age_25_34,estimated,-1
ddd_pretrend::B::age_pnad::age_25_34::admissoes,admissoes,ppml,"C(event_time, contr.treatment(base=-1))[-22]:treat_group",-22,-0.03157899406680767,0.031845797908536304,False,31870,341,family_B:age_pnad:age_25_34,estimated,-1
ddd_pretrend::B::age_pnad::age_25_34::admissoes,admissoes,ppml,"C(event_time, contr.treatment(base=-1))[-21]:treat_group",-21,-0.030940304863412763,0.029554380157675118,False,31870,341,family_B:age_pnad:age_25_34,estimated,-1
ddd_pretrend::B::age_pnad::age_25_34::admissoes,admissoes,ppml,"C(event_time, contr.treatment(base=-1))[-20]:treat_group",-20,-0.0030042870588058344,0.03059603501845444,False,31870,341,family_B:age_pnad:age_25_34,estimated,-1
ddd_pretrend::B::age_pnad::age_25_34::admissoes,admissoes,ppml,"C(event_time, contr.treatment(base=-1))[-19]:treat_group",-19,0.013095163195520428,0.031460326020651866,False,31870,341,family_B:age_pnad:age_25_34,estimated,-1
ddd_pretrend::B::age_pnad::age_25_34::admissoes,admissoes,ppml,"C(event_time, contr.treatment(base=-1))[-18]:treat_group",-18,0.0002395843395017302,0.029177391852869935,False,31870,341,family_B:age_pnad:age_25_34,estimated,-1
ddd_pretrend::B::age_pnad::age_25_34::admissoes,admissoes,ppml,"C(event_time, contr.treatment(base=-1))[-17]:treat_group",-17,0.012646463630010363,0.02597739350625097,False,31870,341,family_B:age_pnad:age_25_34,estimated,-1
ddd_pretrend::B::age_pnad::age_25_34::admissoes,admissoes,ppml,"C(event_time, contr.treatment(base=-1))[-16]:treat_group",-16,0.011700274338317974,0.029164795690267777,False,31870,341,family_B:age_pnad:age_25_34,estimated,-1
ddd_pretrend::B::age_pnad::age_25_34::admissoes,admissoes,ppml,"C(event_time, contr.treatment(base=-1))[-15]:treat_group",-15,0.018703605160764344,0.024307959650592903,False,31870,341,family_B:age_pnad:age_25_34,estimated,-1
ddd_pretrend::B::age_pnad::age_25_34::admissoes,admissoes,ppml,"C(event_time, contr.treatment(base=-1))[-14]:treat_group",-14,0.017079326496338344,0.019457811038185113,False,31870,341,family_B:age_pnad:age_25_34,estimated,-1
ddd_pretrend::B::age_pnad::age_25_34::admissoes,admissoes,ppml,"C(event_time, contr.treatment(base=-1))[-13]:treat_group",-13,0.007587780937265563,0.01591813212208717,False,31870,341,family_B:age_pnad:age_25_34,estimated,-1
ddd_pretrend::B::age_pnad::age_25_34::admissoes,admissoes,ppml,"C(event_time, contr.treatment(base=-1))[-12]:treat_group",-12,0.008400155722440824,0.011956247121106824,False,31870,341,family_B:age_pnad:age_25_34,estimated,-1
ddd_pretrend::B::age_pnad::age_25_34::admissoes,admissoes,ppml,"C(event_time, contr.treatment(base=-1))[-11]:treat_group",-11,-0.009439333951707518,0.017546204762880557,False,31870,341,family_B:age_pnad:age_25_34,estimated,-1
ddd_pretrend::B::age_pnad::age_25_34::admissoes,admissoes,ppml,"C(event_time, contr.treatment(base=-1))[-10]:treat_group",-10,-0.0072941975565859905,0.023988097466975188,False,31870,341,family_B:age_pnad:age_25_34,estimated,-1
ddd_pretrend::B::age_pnad::age_25_34::admissoes,admissoes,ppml,"C(event_time, contr.treatment(base=-1))[-9]:treat_group",-9,-0.00034893727106920296,0.020404467363528758,False,31870,341,family_B:age_pnad:age_25_34,estimated,-1
ddd_pretrend::B::age_pnad::age_25_34::admissoes,admissoes,ppml,"C(event_time, contr.treatment(base=-1))[-8]:treat_group",-8,-0.0018177800342088287,0.021577164327965963,False,31870,341,family_B:age_pnad:age_25_34,estimated,-1
ddd_pretrend::B::age_pnad::age_25_34::admissoes,admissoes,ppml,"C(event_time, contr.treatment(base=-1))[-7]:treat_group",-7,0.008870329145470927,0.017642645766499175,False,31870,341,family_B:age_pnad:age_25_34,estimated,-1
ddd_pretrend::B::age_pnad::age_25_34::admissoes,admissoes,ppml,"C(event_time, contr.treatment(base=-1))[-6]:treat_group",-6,0.008971828001336868,0.01994331502281138,False,31870,341,family_B:age_pnad:age_25_34,estimated,-1
ddd_pretrend::B::age_pnad::age_25_34::admissoes,admissoes,ppml,"C(event_time, contr.treatment(base=-1))[-5]:treat_group",-5,0.005750055875496674,0.016942128553839714,False,31870,341,family_B:age_pnad:age_25_34,estimated,-1
ddd_pretrend::B::age_pnad::age_25_34::admissoes,admissoes,ppml,"C(event_time, contr.treatment(base=-1))[-4]:treat_group",-4,0.011925214988347874,0.01866600534359624,False,31870,341,family_B:age_pnad:age_25_34,estimated,-1
ddd_pretrend::B::age_pnad::age_25_34::admissoes,admissoes,ppml,"C(event_time, contr.treatment(base=-1))[-3]:treat_group",-3,-0.0006342356502002161,0.016005345432164364,False,31870,341,family_B:age_pnad:age_25_34,estimated,-1
ddd_pretrend::B::age_pnad::age_25_34::admissoes,admissoes,ppml,"C(event_time, contr.treatment(base=-1))[-2]:treat_group",-2,-0.0034709768759163726,0.009197861403333545,False,31870,341,family_B:age_pnad:age_25_34,estimated,-1
ddd_pretrend::B::age_pnad::age_25_34::admissoes,admissoes,ppml,reference_event_time,-1,0.0,0.0,True,31870,341,family_B:age_pnad:age_25_34,estimated,-1
ddd_pretrend::B::age_pnad::age_25_34::admissoes,admissoes,ppml,"C(event_time, contr.treatment(base=-1))[0]:treat_group",0,-0.016294751346395343,0.012442392527970919,False,31870,341,family_B:age_pnad:age_25_34,estimated,-1
ddd_pretrend::B::age_pnad::age_25_34::admissoes,admissoes,ppml,"C(event_time, contr.treatment(base=-1))[1]:treat_group",1,-0.03360224755668971,0.013939758936532418,False,31870,341,family_B:age_pnad:age_25_34,estimated,-1
ddd_pretrend::B::age_pnad::age_25_34::admissoes,admissoes,ppml,"C(event_time, contr.treatment(base=-1))[2]:treat_group",2,-0.046044897588490424,0.021390234069377588,False,31870,341,family_B:age_pnad:age_25_34,estimated,-1
ddd_pretrend::B::age_pnad::age_25_34::admissoes,admissoes,ppml,"C(event_time, contr.treatment(base=-1))[3]:treat_group",3,-0.03813960863347805,0.015636980354977698,False,31870,341,family_B:age_pnad:age_25_34,estimated,-1
ddd_pretrend::B::age_pnad::age_25_34::admissoes,admissoes,ppml,"C(event_time, contr.treatment(base=-1))[4]:treat_group",4,-0.022272615518501983,0.017716107635980985,False,31870,341,family_B:age_pnad:age_25_34,estimated,-1
ddd_pretrend::B::age_pnad::age_25_34::admissoes,admissoes,ppml,"C(event_time, contr.treatment(base=-1))[5]:treat_group",5,-0.004841507237731079,0.015798904995385072,False,31870,341,family_B:age_pnad:age_25_34,estimated,-1
ddd_pretrend::B::age_pnad::age_25_34::admissoes,admissoes,ppml,"C(event_time, contr.treatment(base=-1))[6]:treat_group",6,-0.006418071951412669,0.01793469027168461,False,31870,341,family_B:age_pnad:age_25_34,estimated,-1
ddd_pretrend::B::age_pnad::age_25_34::admissoes,admissoes,ppml,"C(event_time, contr.treatment(base=-1))[7]:treat_group",7,-0.005772443833405773,0.01835789623086661,False,31870,341,family_B:age_pnad:age_25_34,estimated,-1
ddd_pretrend::B::age_pnad::age_25_34::admissoes,admissoes,ppml,"C(event_time, contr.treatment(base=-1))[8]:treat_group",8,-0.004018303289933394,0.023650844249327035,False,31870,341,family_B:age_pnad:age_25_34,estimated,-1
ddd_pretrend::B::age_pnad::age_25_34::admissoes,admissoes,ppml,"C(event_time, contr.treatment(base=-1))[9]:treat_group",9,-0.0035542751624712578,0.01782956760293096,False,31870,341,family_B:age_pnad:age_25_34,estimated,-1
ddd_pretrend::B::age_pnad::age_25_34::admissoes,admissoes,ppml,"C(event_time, contr.treatment(base=-1))[10]:treat_group",10,-0.006955465503654325,0.014358223463857525,False,31870,341,family_B:age_pnad:age_25_34,estimated,-1
ddd_pretrend::B::age_pnad::age_25_34::admissoes,admissoes,ppml,"C(event_time, contr.treatment(base=-1))[11]:treat_group",11,-0.012083609638799318,0.011745244168919958,False,31870,341,family_B:age_pnad:age_25_34,estimated,-1
ddd_pretrend::B::age_pnad::age_25_34::admissoes,admissoes,ppml,"C(event_time, contr.treatment(base=-1))[12]:treat_group",12,-0.02470224170981744,0.014418173053352136,False,31870,341,family_B:age_pnad:age_25_34,estimated,-1
ddd_pretrend::B::age_pnad::age_25_34::admissoes,admissoes,ppml,"C(event_time, contr.treatment(base=-1))[13]:treat_group",13,-0.03602799843104951,0.016107111654678093,False,31870,341,family_B:age_pnad:age_25_34,estimated,-1
ddd_pretrend::B::age_pnad::age_25_34::admissoes,admissoes,ppml,"C(event_time, contr.treatment(base=-1))[14]:treat_group",14,-0.03259830432056712,0.01851700473938605,False,31870,341,family_B:age_pnad:age_25_34,estimated,-1
ddd_pretrend::B::age_pnad::age_25_34::admissoes,admissoes,ppml,"C(event_time, contr.treatment(base=-1))[15]:treat_group",15,-0.017417890803063187,0.01991878852699102,False,31870,341,family_B:age_pnad:age_25_34,estimated,-1
ddd_pretrend::B::age_pnad::age_25_34::admissoes,admissoes,ppml,"C(event_time, contr.treatment(base=-1))[16]:treat_group",16,-0.014868829349140963,0.014210647217034958,False,31870,341,family_B:age_pnad:age_25_34,estimated,-1
ddd_pretrend::B::age_pnad::age_25_34::admissoes,admissoes,ppml,"C(event_time, contr.treatment(base=-1))[17]:treat_group",17,-0.004159465113843464,0.015221632647879034,False,31870,341,family_B:age_pnad:age_25_34,estimated,-1
ddd_pretrend::B::age_pnad::age_25_34::admissoes,admissoes,ppml,"C(event_time, contr.treatment(base=-1))[18]:treat_group",18,-0.016852967929812727,0.016763432813915825,False,31870,341,family_B:age_pnad:age_25_34,estimated,-1
ddd_pretrend::B::age_pnad::age_25_34::admissoes,admissoes,ppml,"C(event_time, contr.treatment(base=-1))[19]:treat_group",19,-0.016957845025778403,0.0162677119346728,False,31870,341,family_B:age_pnad:age_25_34,estimated,-1
ddd_pretrend::B::age_pnad::age_25_34::admissoes,admissoes,ppml,"C(event_time, contr.treatment(base=-1))[20]:treat_group",20,-0.024730030594994668,0.01950548287259562,False,31870,341,family_B:age_pnad:age_25_34,estimated,-1
ddd_pretrend::B::age_pnad::age_25_34::admissoes,admissoes,ppml,"C(event_time, contr.treatment(base=-1))[21]:treat_group",21,-0.004310894300859668,0.019680306623071832,False,31870,341,family_B:age_pnad:age_25_34,estimated,-1
ddd_pretrend::B::age_pnad::age_25_34::admissoes,admissoes,ppml,"C(event_time, contr.treatment(base=-1))[22]:treat_group",22,-0.0033508189563586366,0.01904191264943073,False,31870,341,family_B:age_pnad:age_25_34,estimated,-1
ddd_pretrend::B::age_pnad::age_25_34::admissoes,admissoes,ppml,"C(event_time, contr.treatment(base=-1))[23]:treat_group",23,-0.007066708199050932,0.015241686525795385,False,31870,341,family_B:age_pnad:age_25_34,estimated,-1
ddd_pretrend::B::age_pnad::age_25_34::asinh_saldo,asinh_saldo,ols,"C(event_time, contr.treatment(base=-1))[-23]:treat_group",-23,1.1264624972412236,0.5936742953802754,False,31870,341,family_B:age_pnad:age_25_34,estimated,-1
ddd_pretrend::B::age_pnad::age_25_34::asinh_saldo,asinh_saldo,ols,"C(event_time, contr.treatment(base=-1))[-22]:treat_group",-22,0.4339567893467001,0.6923577105048968,False,31870,341,family_B:age_pnad:age_25_34,estimated,-1
ddd_pretrend::B::age_pnad::age_25_34::asinh_saldo,asinh_saldo,ols,"C(event_time, contr.treatment(base=-1))[-21]:treat_group",-21,0.33543374487862776,0.6419445389225276,False,31870,341,family_B:age_pnad:age_25_34,estimated,-1
ddd_pretrend::B::age_pnad::age_25_34::asinh_saldo,asinh_saldo,ols,"C(event_time, contr.treatment(base=-1))[-20]:treat_group",-20,-0.24609632731650788,0.6730134745011623,False,31870,341,family_B:age_pnad:age_25_34,estimated,-1
ddd_pretrend::B::age_pnad::age_25_34::asinh_saldo,asinh_saldo,ols,"C(event_time, contr.treatment(base=-1))[-19]:treat_group",-19,0.18564786563992625,0.5109727640204502,False,31870,341,family_B:age_pnad:age_25_34,estimated,-1
ddd_pretrend::B::age_pnad::age_25_34::asinh_saldo,asinh_saldo,ols,"C(event_time, contr.treatment(base=-1))[-18]:treat_group",-18,0.721799044460086,0.5402273384294725,False,31870,341,family_B:age_pnad:age_25_34,estimated,-1
ddd_pretrend::B::age_pnad::age_25_34::asinh_saldo,asinh_saldo,ols,"C(event_time, contr.treatment(base=-1))[-17]:treat_group",-17,0.6322987709245852,0.5739725841282456,False,31870,341,family_B:age_pnad:age_25_34,estimated,-1
ddd_pretrend::B::age_pnad::age_25_34::asinh_saldo,asinh_saldo,ols,"C(event_time, contr.treatment(base=-1))[-16]:treat_group",-16,0.3067417579222081,0.576627252761872,False,31870,341,family_B:age_pnad:age_25_34,estimated,-1
ddd_pretrend::B::age_pnad::age_25_34::asinh_saldo,asinh_saldo,ols,"C(event_time, contr.treatment(base=-1))[-15]:treat_group",-15,0.043034164528127056,0.5883296512818302,False,31870,341,family_B:age_pnad:age_25_34,estimated,-1
ddd_pretrend::B::age_pnad::age_25_34::asinh_saldo,asinh_saldo,ols,"C(event_time, contr.treatment(base=-1))[-14]:treat_group",-14,0.47848671378112306,0.5956366352548866,False,31870,341,family_B:age_pnad:age_25_34,estimated,-1
ddd_pretrend::B::age_pnad::age_25_34::asinh_saldo,asinh_saldo,ols,"C(event_time, contr.treatment(base=-1))[-13]:treat_group",-13,1.5756848183964747,0.6192817867228325,False,31870,341,family_B:age_pnad:age_25_34,estimated,-1
ddd_pretrend::B::age_pnad::age_25_34::asinh_saldo,asinh_saldo,ols,"C(event_time, contr.treatment(base=-1))[-12]:treat_group",-12,-0.638524056964321,0.638283933853745,False,31870,341,family_B:age_pnad:age_25_34,estimated,-1
ddd_pretrend::B::age_pnad::age_25_34::asinh_saldo,asinh_saldo,ols,"C(event_time, contr.treatment(base=-1))[-11]:treat_group",-11,0.21908063292552934,0.6132116822351131,False,31870,341,family_B:age_pnad:age_25_34,estimated,-1
ddd_pretrend::B::age_pnad::age_25_34::asinh_saldo,asinh_saldo,ols,"C(event_time, contr.treatment(base=-1))[-10]:treat_group",-10,0.14264769911841282,0.6072371582007096,False,31870,341,family_B:age_pnad:age_25_34,estimated,-1
ddd_pretrend::B::age_pnad::age_25_34::asinh_saldo,asinh_saldo,ols,"C(event_time, contr.treatment(base=-1))[-9]:treat_group",-9,0.4745178871980643,0.6259157354815319,False,31870,341,family_B:age_pnad:age_25_34,estimated,-1
ddd_pretrend::B::age_pnad::age_25_34::asinh_saldo,asinh_saldo,ols,"C(event_time, contr.treatment(base=-1))[-8]:treat_group",-8,0.08049216060894102,0.6446812027836373,False,31870,341,family_B:age_pnad:age_25_34,estimated,-1
ddd_pretrend::B::age_pnad::age_25_34::asinh_saldo,asinh_saldo,ols,"C(event_time, contr.treatment(base=-1))[-7]:treat_group",-7,0.22246625947210155,0.5627318647862795,False,31870,341,family_B:age_pnad:age_25_34,estimated,-1
ddd_pretrend::B::age_pnad::age_25_34::asinh_saldo,asinh_saldo,ols,"C(event_time, contr.treatment(base=-1))[-6]:treat_group",-6,-0.12039530991377952,0.636909314849453,False,31870,341,family_B:age_pnad:age_25_34,estimated,-1
ddd_pretrend::B::age_pnad::age_25_34::asinh_saldo,asinh_saldo,ols,"C(event_time, contr.treatment(base=-1))[-5]:treat_group",-5,-0.348148904788035,0.6704625529310638,False,31870,341,family_B:age_pnad:age_25_34,estimated,-1
ddd_pretrend::B::age_pnad::age_25_34::asinh_saldo,asinh_saldo,ols,"C(event_time, contr.treatment(base=-1))[-4]:treat_group",-4,0.3680681355366238,0.5902496031776218,False,31870,341,family_B:age_pnad:age_25_34,estimated,-1
ddd_pretrend::B::age_pnad::age_25_34::asinh_saldo,asinh_saldo,ols,"C(event_time, contr.treatment(base=-1))[-3]:treat_group",-3,0.5593784742577331,0.5883171213359649,False,31870,341,family_B:age_pnad:age_25_34,estimated,-1
ddd_pretrend::B::age_pnad::age_25_34::asinh_saldo,asinh_saldo,ols,"C(event_time, contr.treatment(base=-1))[-2]:treat_group",-2,-0.1671575179581578,0.6203951825790739,False,31870,341,family_B:age_pnad:age_25_34,estimated,-1
ddd_pretrend::B::age_pnad::age_25_34::asinh_saldo,asinh_saldo,ols,reference_event_time,-1,0.0,0.0,True,31870,341,family_B:age_pnad:age_25_34,estimated,-1
ddd_pretrend::B::age_pnad::age_25_34::asinh_saldo,asinh_saldo,ols,"C(event_time, contr.treatment(base=-1))[0]:treat_group",0,0.1725273335105065,0.633047831968961,False,31870,341,family_B:age_pnad:age_25_34,estimated,-1
ddd_pretrend::B::age_pnad::age_25_34::asinh_saldo,asinh_saldo,ols,"C(event_time, contr.treatment(base=-1))[1]:treat_group",1,1.1425367284021335,0.7146358521686148,False,31870,341,family_B:age_pnad:age_25_34,estimated,-1
ddd_pretrend::B::age_pnad::age_25_34::asinh_saldo,asinh_saldo,ols,"C(event_time, contr.treatment(base=-1))[2]:treat_group",2,0.7638867592323676,0.6955975036372231,False,31870,341,family_B:age_pnad:age_25_34,estimated,-1
ddd_pretrend::B::age_pnad::age_25_34::asinh_saldo,asinh_saldo,ols,"C(event_time, contr.treatment(base=-1))[3]:treat_group",3,-0.7341250966520187,0.6373843501878163,False,31870,341,family_B:age_pnad:age_25_34,estimated,-1
ddd_pretrend::B::age_pnad::age_25_34::asinh_saldo,asinh_saldo,ols,"C(event_time, contr.treatment(base=-1))[4]:treat_group",4,0.1499045354743161,0.6436941047016944,False,31870,341,family_B:age_pnad:age_25_34,estimated,-1
ddd_pretrend::B::age_pnad::age_25_34::asinh_saldo,asinh_saldo,ols,"C(event_time, contr.treatment(base=-1))[5]:treat_group",5,0.1771066970230178,0.6378091026601781,False,31870,341,family_B:age_pnad:age_25_34,estimated,-1
ddd_pretrend::B::age_pnad::age_25_34::asinh_saldo,asinh_saldo,ols,"C(event_time, contr.treatment(base=-1))[6]:treat_group",6,0.3896594325364159,0.5656784860489361,False,31870,341,family_B:age_pnad:age_25_34,estimated,-1
ddd_pretrend::B::age_pnad::age_25_34::asinh_saldo,asinh_saldo,ols,"C(event_time, contr.treatment(base=-1))[7]:treat_group",7,0.6830927222459607,0.6772119965328315,False,31870,341,family_B:age_pnad:age_25_34,estimated,-1
ddd_pretrend::B::age_pnad::age_25_34::asinh_saldo,asinh_saldo,ols,"C(event_time, contr.treatment(base=-1))[8]:treat_group",8,0.406630722193873,0.6480026091220465,False,31870,341,family_B:age_pnad:age_25_34,estimated,-1
ddd_pretrend::B::age_pnad::age_25_34::asinh_saldo,asinh_saldo,ols,"C(event_time, contr.treatment(base=-1))[9]:treat_group",9,-0.07222317640410102,0.5924020791415684,False,31870,341,family_B:age_pnad:age_25_34,estimated,-1
ddd_pretrend::B::age_pnad::age_25_34::asinh_saldo,asinh_saldo,ols,"C(event_time, contr.treatment(base=-1))[10]:treat_group",10,0.3304106868078315,0.5724294899542486,False,31870,341,family_B:age_pnad:age_25_34,estimated,-1
ddd_pretrend::B::age_pnad::age_25_34::asinh_saldo,asinh_saldo,ols,"C(event_time, contr.treatment(base=-1))[11]:treat_group",11,-0.287682822506461,0.6039240740123554,False,31870,341,family_B:age_pnad:age_25_34,estimated,-1
ddd_pretrend::B::age_pnad::age_25_34::asinh_saldo,asinh_saldo,ols,"C(event_time, contr.treatment(base=-1))[12]:treat_group",12,0.34245373848966204,0.5877439972518063,False,31870,341,family_B:age_pnad:age_25_34,estimated,-1
ddd_pretrend::B::age_pnad::age_25_34::asinh_saldo,asinh_saldo,ols,"C(event_time, contr.treatment(base=-1))[13]:treat_group",13,0.81758395333441,0.5671252191672944,False,31870,341,family_B:age_pnad:age_25_34,estimated,-1
ddd_pretrend::B::age_pnad::age_25_34::asinh_saldo,asinh_saldo,ols,"C(event_time, contr.treatment(base=-1))[14]:treat_group",14,-0.45393710426338396,0.6213070126335873,False,31870,341,family_B:age_pnad:age_25_34,estimated,-1
ddd_pretrend::B::age_pnad::age_25_34::asinh_saldo,asinh_saldo,ols,"C(event_time, contr.treatment(base=-1))[15]:treat_group",15,-0.009041543008205389,0.6036564806741154,False,31870,341,family_B:age_pnad:age_25_34,estimated,-1
ddd_pretrend::B::age_pnad::age_25_34::asinh_saldo,asinh_saldo,ols,"C(event_time, contr.treatment(base=-1))[16]:treat_group",16,0.6814380299670982,0.5930539080542632,False,31870,341,family_B:age_pnad:age_25_34,estimated,-1
ddd_pretrend::B::age_pnad::age_25_34::asinh_saldo,asinh_saldo,ols,"C(event_time, contr.treatment(base=-1))[17]:treat_group",17,-0.5706065576865399,0.6217219775967918,False,31870,341,family_B:age_pnad:age_25_34,estimated,-1
ddd_pretrend::B::age_pnad::age_25_34::asinh_saldo,asinh_saldo,ols,"C(event_time, contr.treatment(base=-1))[18]:treat_group",18,0.2442803927978396,0.5583125851371153,False,31870,341,family_B:age_pnad:age_25_34,estimated,-1
ddd_pretrend::B::age_pnad::age_25_34::asinh_saldo,asinh_saldo,ols,"C(event_time, contr.treatment(base=-1))[19]:treat_group",19,0.1839350818564376,0.6135868933771813,False,31870,341,family_B:age_pnad:age_25_34,estimated,-1
ddd_pretrend::B::age_pnad::age_25_34::asinh_saldo,asinh_saldo,ols,"C(event_time, contr.treatment(base=-1))[20]:treat_group",20,0.3491183230369192,0.6436011593193164,False,31870,341,family_B:age_pnad:age_25_34,estimated,-1
ddd_pretrend::B::age_pnad::age_25_34::asinh_saldo,asinh_saldo,ols,"C(event_time, contr.treatment(base=-1))[21]:treat_group",21,0.9637819099607046,0.5835080824746685,False,31870,341,family_B:age_pnad:age_25_34,estimated,-1
ddd_pretrend::B::age_pnad::age_25_34::asinh_saldo,asinh_saldo,ols,"C(event_time, contr.treatment(base=-1))[22]:treat_group",22,0.7458215219626219,0.5440627469833412,False,31870,341,family_B:age_pnad:age_25_34,estimated,-1
ddd_pretrend::B::age_pnad::age_25_34::asinh_saldo,asinh_saldo,ols,"C(event_time, contr.treatment(base=-1))[23]:treat_group",23,0.9892461091722464,0.6439815197285997,False,31870,341,family_B:age_pnad:age_25_34,estimated,-1
ddd_pretrend::B::age_pnad::age_25_34::desligamentos,desligamentos,ppml,"C(event_time, contr.treatment(base=-1))[-23]:treat_group",-23,-0.015399063359292581,0.018963631710773775,False,31870,341,family_B:age_pnad:age_25_34,estimated,-1
ddd_pretrend::B::age_pnad::age_25_34::desligamentos,desligamentos,ppml,"C(event_time, contr.treatment(base=-1))[-22]:treat_group",-22,-0.026493383425162203,0.022708366040719654,False,31870,341,family_B:age_pnad:age_25_34,estimated,-1
ddd_pretrend::B::age_pnad::age_25_34::desligamentos,desligamentos,ppml,"C(event_time, contr.treatment(base=-1))[-21]:treat_group",-21,0.007973010445384107,0.016162782747596888,False,31870,341,family_B:age_pnad:age_25_34,estimated,-1
ddd_pretrend::B::age_pnad::age_25_34::desligamentos,desligamentos,ppml,"C(event_time, contr.treatment(base=-1))[-20]:treat_group",-20,0.027652553057553025,0.01922125194295708,False,31870,341,family_B:age_pnad:age_25_34,estimated,-1
ddd_pretrend::B::age_pnad::age_25_34::desligamentos,desligamentos,ppml,"C(event_time, contr.treatment(base=-1))[-19]:treat_group",-19,0.027193726923247747,0.02108103220370059,False,31870,341,family_B:age_pnad:age_25_34,estimated,-1
ddd_pretrend::B::age_pnad::age_25_34::desligamentos,desligamentos,ppml,"C(event_time, contr.treatment(base=-1))[-18]:treat_group",-18,0.009292105407844913,0.01820707323466501,False,31870,341,family_B:age_pnad:age_25_34,estimated,-1
ddd_pretrend::B::age_pnad::age_25_34::desligamentos,desligamentos,ppml,"C(event_time, contr.treatment(base=-1))[-17]:treat_group",-17,0.024672541689027706,0.019221458729404034,False,31870,341,family_B:age_pnad:age_25_34,estimated,-1
ddd_pretrend::B::age_pnad::age_25_34::desligamentos,desligamentos,ppml,"C(event_time, contr.treatment(base=-1))[-16]:treat_group",-16,0.020679678383728126,0.0181076491033338,False,31870,341,family_B:age_pnad:age_25_34,estimated,-1
ddd_pretrend::B::age_pnad::age_25_34::desligamentos,desligamentos,ppml,"C(event_time, contr.treatment(base=-1))[-15]:treat_group",-15,0.02853215360998504,0.017924422323541158,False,31870,341,family_B:age_pnad:age_25_34,estimated,-1
ddd_pretrend::B::age_pnad::age_25_34::desligamentos,desligamentos,ppml,"C(event_time, contr.treatment(base=-1))[-14]:treat_group",-14,0.02253702724846396,0.01532787387618187,False,31870,341,family_B:age_pnad:age_25_34,estimated,-1
ddd_pretrend::B::age_pnad::age_25_34::desligamentos,desligamentos,ppml,"C(event_time, contr.treatment(base=-1))[-13]:treat_group",-13,0.024942091129883357,0.013536264723715587,False,31870,341,family_B:age_pnad:age_25_34,estimated,-1
ddd_pretrend::B::age_pnad::age_25_34::desligamentos,desligamentos,ppml,"C(event_time, contr.treatment(base=-1))[-12]:treat_group",-12,0.01282421857071697,0.015796035222337218,False,31870,341,family_B:age_pnad:age_25_34,estimated,-1
ddd_pretrend::B::age_pnad::age_25_34::desligamentos,desligamentos,ppml,"C(event_time, contr.treatment(base=-1))[-11]:treat_group",-11,-0.012983942837275048,0.012905160389483245,False,31870,341,family_B:age_pnad:age_25_34,estimated,-1
ddd_pretrend::B::age_pnad::age_25_34::desligamentos,desligamentos,ppml,"C(event_time, contr.treatment(base=-1))[-10]:treat_group",-10,0.0009255568055948652,0.012776993081610651,False,31870,341,family_B:age_pnad:age_25_34,estimated,-1
ddd_pretrend::B::age_pnad::age_25_34::desligamentos,desligamentos,ppml,"C(event_time, contr.treatment(base=-1))[-9]:treat_group",-9,0.008900406136146647,0.012261202398875959,False,31870,341,family_B:age_pnad:age_25_34,estimated,-1
ddd_pretrend::B::age_pnad::age_25_34::desligamentos,desligamentos,ppml,"C(event_time, contr.treatment(base=-1))[-8]:treat_group",-8,0.008989076322097037,0.012289433486778578,False,31870,341,family_B:age_pnad:age_25_34,estimated,-1
ddd_pretrend::B::age_pnad::age_25_34::desligamentos,desligamentos,ppml,"C(event_time, contr.treatment(base=-1))[-7]:treat_group",-7,0.005615932835565189,0.010978377055316698,False,31870,341,family_B:age_pnad:age_25_34,estimated,-1
ddd_pretrend::B::age_pnad::age_25_34::desligamentos,desligamentos,ppml,"C(event_time, contr.treatment(base=-1))[-6]:treat_group",-6,0.007936715018445699,0.01090385423847511,False,31870,341,family_B:age_pnad:age_25_34,estimated,-1
ddd_pretrend::B::age_pnad::age_25_34::desligamentos,desligamentos,ppml,"C(event_time, contr.treatment(base=-1))[-5]:treat_group",-5,0.01917589363294401,0.011240673622372249,False,31870,341,family_B:age_pnad:age_25_34,estimated,-1
ddd_pretrend::B::age_pnad::age_25_34::desligamentos,desligamentos,ppml,"C(event_time, contr.treatment(base=-1))[-4]:treat_group",-4,0.010936880919363526,0.00935829446169166,False,31870,341,family_B:age_pnad:age_25_34,estimated,-1
ddd_pretrend::B::age_pnad::age_25_34::desligamentos,desligamentos,ppml,"C(event_time, contr.treatment(base=-1))[-3]:treat_group",-3,0.011305814173282825,0.008810064080971642,False,31870,341,family_B:age_pnad:age_25_34,estimated,-1
ddd_pretrend::B::age_pnad::age_25_34::desligamentos,desligamentos,ppml,"C(event_time, contr.treatment(base=-1))[-2]:treat_group",-2,-0.009111642292620807,0.006625387753558244,False,31870,341,family_B:age_pnad:age_25_34,estimated,-1
ddd_pretrend::B::age_pnad::age_25_34::desligamentos,desligamentos,ppml,reference_event_time,-1,0.0,0.0,True,31870,341,family_B:age_pnad:age_25_34,estimated,-1
ddd_pretrend::B::age_pnad::age_25_34::desligamentos,desligamentos,ppml,"C(event_time, contr.treatment(base=-1))[0]:treat_group",0,-0.025059560870847826,0.015834817515332885,False,31870,341,family_B:age_pnad:age_25_34,estimated,-1
ddd_pretrend::B::age_pnad::age_25_34::desligamentos,desligamentos,ppml,"C(event_time, contr.treatment(base=-1))[1]:treat_group",1,-0.02289140988937244,0.011639544612331387,False,31870,341,family_B:age_pnad:age_25_34,estimated,-1
ddd_pretrend::B::age_pnad::age_25_34::desligamentos,desligamentos,ppml,"C(event_time, contr.treatment(base=-1))[2]:treat_group",2,-0.023758684087326842,0.012275534372042029,False,31870,341,family_B:age_pnad:age_25_34,estimated,-1
ddd_pretrend::B::age_pnad::age_25_34::desligamentos,desligamentos,ppml,"C(event_time, contr.treatment(base=-1))[3]:treat_group",3,-0.019448943501835125,0.016838929257130045,False,31870,341,family_B:age_pnad:age_25_34,estimated,-1
ddd_pretrend::B::age_pnad::age_25_34::desligamentos,desligamentos,ppml,"C(event_time, contr.treatment(base=-1))[4]:treat_group",4,0.005756324931714725,0.015360856254857919,False,31870,341,family_B:age_pnad:age_25_34,estimated,-1
ddd_pretrend::B::age_pnad::age_25_34::desligamentos,desligamentos,ppml,"C(event_time, contr.treatment(base=-1))[5]:treat_group",5,-0.003368635749037362,0.017122464169915298,False,31870,341,family_B:age_pnad:age_25_34,estimated,-1
ddd_pretrend::B::age_pnad::age_25_34::desligamentos,desligamentos,ppml,"C(event_time, contr.treatment(base=-1))[6]:treat_group",6,0.00015658760448007602,0.015823556180439503,False,31870,341,family_B:age_pnad:age_25_34,estimated,-1
ddd_pretrend::B::age_pnad::age_25_34::desligamentos,desligamentos,ppml,"C(event_time, contr.treatment(base=-1))[7]:treat_group",7,-0.014579609205031034,0.017980419977601067,False,31870,341,family_B:age_pnad:age_25_34,estimated,-1
ddd_pretrend::B::age_pnad::age_25_34::desligamentos,desligamentos,ppml,"C(event_time, contr.treatment(base=-1))[8]:treat_group",8,-0.010299175778250744,0.01873228270376776,False,31870,341,family_B:age_pnad:age_25_34,estimated,-1
ddd_pretrend::B::age_pnad::age_25_34::desligamentos,desligamentos,ppml,"C(event_time, contr.treatment(base=-1))[9]:treat_group",9,0.0012891010027138447,0.017807310035982255,False,31870,341,family_B:age_pnad:age_25_34,estimated,-1
ddd_pretrend::B::age_pnad::age_25_34::desligamentos,desligamentos,ppml,"C(event_time, contr.treatment(base=-1))[10]:treat_group",10,-0.0015817684579857419,0.01681179567468995,False,31870,341,family_B:age_pnad:age_25_34,estimated,-1
ddd_pretrend::B::age_pnad::age_25_34::desligamentos,desligamentos,ppml,"C(event_time, contr.treatment(base=-1))[11]:treat_group",11,-0.0010916229226662414,0.013775452641582827,False,31870,341,family_B:age_pnad:age_25_34,estimated,-1
ddd_pretrend::B::age_pnad::age_25_34::desligamentos,desligamentos,ppml,"C(event_time, contr.treatment(base=-1))[12]:treat_group",12,-0.02525486717206699,0.01888378558934336,False,31870,341,family_B:age_pnad:age_25_34,estimated,-1
ddd_pretrend::B::age_pnad::age_25_34::desligamentos,desligamentos,ppml,"C(event_time, contr.treatment(base=-1))[13]:treat_group",13,-0.04156449551937582,0.017555536154306915,False,31870,341,family_B:age_pnad:age_25_34,estimated,-1
ddd_pretrend::B::age_pnad::age_25_34::desligamentos,desligamentos,ppml,"C(event_time, contr.treatment(base=-1))[14]:treat_group",14,-0.017596540296683717,0.01803352898442296,False,31870,341,family_B:age_pnad:age_25_34,estimated,-1
ddd_pretrend::B::age_pnad::age_25_34::desligamentos,desligamentos,ppml,"C(event_time, contr.treatment(base=-1))[15]:treat_group",15,-0.00798288173804284,0.01873224072551384,False,31870,341,family_B:age_pnad:age_25_34,estimated,-1
ddd_pretrend::B::age_pnad::age_25_34::desligamentos,desligamentos,ppml,"C(event_time, contr.treatment(base=-1))[16]:treat_group",16,-0.011957019908489115,0.0157663440000083,False,31870,341,family_B:age_pnad:age_25_34,estimated,-1
ddd_pretrend::B::age_pnad::age_25_34::desligamentos,desligamentos,ppml,"C(event_time, contr.treatment(base=-1))[17]:treat_group",17,-0.0014575912256643985,0.01768575091599138,False,31870,341,family_B:age_pnad:age_25_34,estimated,-1
ddd_pretrend::B::age_pnad::age_25_34::desligamentos,desligamentos,ppml,"C(event_time, contr.treatment(base=-1))[18]:treat_group",18,-0.0128282998996098,0.019497214919754743,False,31870,341,family_B:age_pnad:age_25_34,estimated,-1
ddd_pretrend::B::age_pnad::age_25_34::desligamentos,desligamentos,ppml,"C(event_time, contr.treatment(base=-1))[19]:treat_group",19,-0.00928833686153926,0.020964345128953163,False,31870,341,family_B:age_pnad:age_25_34,estimated,-1
ddd_pretrend::B::age_pnad::age_25_34::desligamentos,desligamentos,ppml,"C(event_time, contr.treatment(base=-1))[20]:treat_group",20,-0.02023595443949653,0.02284789616024895,False,31870,341,family_B:age_pnad:age_25_34,estimated,-1
ddd_pretrend::B::age_pnad::age_25_34::desligamentos,desligamentos,ppml,"C(event_time, contr.treatment(base=-1))[21]:treat_group",21,-0.02966326854818082,0.021003677266292348,False,31870,341,family_B:age_pnad:age_25_34,estimated,-1
ddd_pretrend::B::age_pnad::age_25_34::desligamentos,desligamentos,ppml,"C(event_time, contr.treatment(base=-1))[22]:treat_group",22,-0.012774233227335136,0.01811039448513959,False,31870,341,family_B:age_pnad:age_25_34,estimated,-1
ddd_pretrend::B::age_pnad::age_25_34::desligamentos,desligamentos,ppml,"C(event_time, contr.treatment(base=-1))[23]:treat_group",23,-0.014959645851568358,0.017755153016214466,False,31870,341,family_B:age_pnad:age_25_34,estimated,-1
ddd_pretrend::B::age_pnad::age_25_34::ln_salario_real_adm,ln_salario_real_adm,ols,"C(event_time, contr.treatment(base=-1))[-23]:treat_group",-23,-0.02532869880574439,0.02569100264107884,False,31716,341,family_B:age_pnad:age_25_34,estimated,-1
ddd_pretrend::B::age_pnad::age_25_34::ln_salario_real_adm,ln_salario_real_adm,ols,"C(event_time, contr.treatment(base=-1))[-22]:treat_group",-22,0.002233882123578593,0.040245199434116356,False,31716,341,family_B:age_pnad:age_25_34,estimated,-1
ddd_pretrend::B::age_pnad::age_25_34::ln_salario_real_adm,ln_salario_real_adm,ols,"C(event_time, contr.treatment(base=-1))[-21]:treat_group",-21,-0.035620216718549216,0.037141456024370495,False,31716,341,family_B:age_pnad:age_25_34,estimated,-1
ddd_pretrend::B::age_pnad::age_25_34::ln_salario_real_adm,ln_salario_real_adm,ols,"C(event_time, contr.treatment(base=-1))[-20]:treat_group",-20,-0.03295952238911942,0.035594407620205167,False,31716,341,family_B:age_pnad:age_25_34,estimated,-1
ddd_pretrend::B::age_pnad::age_25_34::ln_salario_real_adm,ln_salario_real_adm,ols,"C(event_time, contr.treatment(base=-1))[-19]:treat_group",-19,0.01243122921183492,0.04489674857269968,False,31716,341,family_B:age_pnad:age_25_34,estimated,-1
ddd_pretrend::B::age_pnad::age_25_34::ln_salario_real_adm,ln_salario_real_adm,ols,"C(event_time, contr.treatment(base=-1))[-18]:treat_group",-18,-0.001823032863788945,0.02675341404503756,False,31716,341,family_B:age_pnad:age_25_34,estimated,-1
ddd_pretrend::B::age_pnad::age_25_34::ln_salario_real_adm,ln_salario_real_adm,ols,"C(event_time, contr.treatment(base=-1))[-17]:treat_group",-17,0.0029980910682603523,0.031336300804332154,False,31716,341,family_B:age_pnad:age_25_34,estimated,-1
ddd_pretrend::B::age_pnad::age_25_34::ln_salario_real_adm,ln_salario_real_adm,ols,"C(event_time, contr.treatment(base=-1))[-16]:treat_group",-16,-0.06300383015573591,0.0463307878616613,False,31716,341,family_B:age_pnad:age_25_34,estimated,-1
ddd_pretrend::B::age_pnad::age_25_34::ln_salario_real_adm,ln_salario_real_adm,ols,"C(event_time, contr.treatment(base=-1))[-15]:treat_group",-15,-0.02533487492823857,0.03014830046465176,False,31716,341,family_B:age_pnad:age_25_34,estimated,-1
ddd_pretrend::B::age_pnad::age_25_34::ln_salario_real_adm,ln_salario_real_adm,ols,"C(event_time, contr.treatment(base=-1))[-14]:treat_group",-14,-0.01248792607073495,0.01995521549781257,False,31716,341,family_B:age_pnad:age_25_34,estimated,-1
ddd_pretrend::B::age_pnad::age_25_34::ln_salario_real_adm,ln_salario_real_adm,ols,"C(event_time, contr.treatment(base=-1))[-13]:treat_group",-13,-0.05549921234405212,0.024086848499451873,False,31716,341,family_B:age_pnad:age_25_34,estimated,-1
ddd_pretrend::B::age_pnad::age_25_34::ln_salario_real_adm,ln_salario_real_adm,ols,"C(event_time, contr.treatment(base=-1))[-12]:treat_group",-12,-0.05308460882174561,0.04107949221349589,False,31716,341,family_B:age_pnad:age_25_34,estimated,-1
ddd_pretrend::B::age_pnad::age_25_34::ln_salario_real_adm,ln_salario_real_adm,ols,"C(event_time, contr.treatment(base=-1))[-11]:treat_group",-11,-0.015659131610997162,0.019095824453475616,False,31716,341,family_B:age_pnad:age_25_34,estimated,-1
ddd_pretrend::B::age_pnad::age_25_34::ln_salario_real_adm,ln_salario_real_adm,ols,"C(event_time, contr.treatment(base=-1))[-10]:treat_group",-10,-0.021831849657469003,0.021574630750301593,False,31716,341,family_B:age_pnad:age_25_34,estimated,-1
ddd_pretrend::B::age_pnad::age_25_34::ln_salario_real_adm,ln_salario_real_adm,ols,"C(event_time, contr.treatment(base=-1))[-9]:treat_group",-9,-0.01735616712933416,0.018324800777982955,False,31716,341,family_B:age_pnad:age_25_34,estimated,-1
ddd_pretrend::B::age_pnad::age_25_34::ln_salario_real_adm,ln_salario_real_adm,ols,"C(event_time, contr.treatment(base=-1))[-8]:treat_group",-8,-0.0068368093567979975,0.023288862575853362,False,31716,341,family_B:age_pnad:age_25_34,estimated,-1
ddd_pretrend::B::age_pnad::age_25_34::ln_salario_real_adm,ln_salario_real_adm,ols,"C(event_time, contr.treatment(base=-1))[-7]:treat_group",-7,0.010214502040140957,0.021319756195915213,False,31716,341,family_B:age_pnad:age_25_34,estimated,-1
ddd_pretrend::B::age_pnad::age_25_34::ln_salario_real_adm,ln_salario_real_adm,ols,"C(event_time, contr.treatment(base=-1))[-6]:treat_group",-6,-0.03517365478249208,0.023190040568873457,False,31716,341,family_B:age_pnad:age_25_34,estimated,-1
ddd_pretrend::B::age_pnad::age_25_34::ln_salario_real_adm,ln_salario_real_adm,ols,"C(event_time, contr.treatment(base=-1))[-5]:treat_group",-5,-0.02963747087952012,0.030103101310639868,False,31716,341,family_B:age_pnad:age_25_34,estimated,-1
ddd_pretrend::B::age_pnad::age_25_34::ln_salario_real_adm,ln_salario_real_adm,ols,"C(event_time, contr.treatment(base=-1))[-4]:treat_group",-4,-0.03542359129855983,0.030099799100120193,False,31716,341,family_B:age_pnad:age_25_34,estimated,-1
ddd_pretrend::B::age_pnad::age_25_34::ln_salario_real_adm,ln_salario_real_adm,ols,"C(event_time, contr.treatment(base=-1))[-3]:treat_group",-3,-0.053758528305944756,0.03412761951597404,False,31716,341,family_B:age_pnad:age_25_34,estimated,-1
ddd_pretrend::B::age_pnad::age_25_34::ln_salario_real_adm,ln_salario_real_adm,ols,"C(event_time, contr.treatment(base=-1))[-2]:treat_group",-2,-0.03009995698710644,0.024061893978790664,False,31716,341,family_B:age_pnad:age_25_34,estimated,-1
ddd_pretrend::B::age_pnad::age_25_34::ln_salario_real_adm,ln_salario_real_adm,ols,reference_event_time,-1,0.0,0.0,True,31716,341,family_B:age_pnad:age_25_34,estimated,-1
ddd_pretrend::B::age_pnad::age_25_34::ln_salario_real_adm,ln_salario_real_adm,ols,"C(event_time, contr.treatment(base=-1))[0]:treat_group",0,-0.01786016960970717,0.028271670609039852,False,31716,341,family_B:age_pnad:age_25_34,estimated,-1
ddd_pretrend::B::age_pnad::age_25_34::ln_salario_real_adm,ln_salario_real_adm,ols,"C(event_time, contr.treatment(base=-1))[1]:treat_group",1,-0.02051542617233442,0.020071046338095012,False,31716,341,family_B:age_pnad:age_25_34,estimated,-1
ddd_pretrend::B::age_pnad::age_25_34::ln_salario_real_adm,ln_salario_real_adm,ols,"C(event_time, contr.treatment(base=-1))[2]:treat_group",2,-0.030898900513831002,0.024841328948833393,False,31716,341,family_B:age_pnad:age_25_34,estimated,-1
ddd_pretrend::B::age_pnad::age_25_34::ln_salario_real_adm,ln_salario_real_adm,ols,"C(event_time, contr.treatment(base=-1))[3]:treat_group",3,-0.03511388139554929,0.022867193031426238,False,31716,341,family_B:age_pnad:age_25_34,estimated,-1
ddd_pretrend::B::age_pnad::age_25_34::ln_salario_real_adm,ln_salario_real_adm,ols,"C(event_time, contr.treatment(base=-1))[4]:treat_group",4,-0.00340229978478274,0.030050436743848833,False,31716,341,family_B:age_pnad:age_25_34,estimated,-1
ddd_pretrend::B::age_pnad::age_25_34::ln_salario_real_adm,ln_salario_real_adm,ols,"C(event_time, contr.treatment(base=-1))[5]:treat_group",5,-0.049123523832563666,0.029167557920833892,False,31716,341,family_B:age_pnad:age_25_34,estimated,-1
ddd_pretrend::B::age_pnad::age_25_34::ln_salario_real_adm,ln_salario_real_adm,ols,"C(event_time, contr.treatment(base=-1))[6]:treat_group",6,-0.036238973780507035,0.02519156446935817,False,31716,341,family_B:age_pnad:age_25_34,estimated,-1
ddd_pretrend::B::age_pnad::age_25_34::ln_salario_real_adm,ln_salario_real_adm,ols,"C(event_time, contr.treatment(base=-1))[7]:treat_group",7,-0.018524623357736796,0.026562658939751262,False,31716,341,family_B:age_pnad:age_25_34,estimated,-1
ddd_pretrend::B::age_pnad::age_25_34::ln_salario_real_adm,ln_salario_real_adm,ols,"C(event_time, contr.treatment(base=-1))[8]:treat_group",8,-0.03237259377201707,0.029279146219317563,False,31716,341,family_B:age_pnad:age_25_34,estimated,-1
ddd_pretrend::B::age_pnad::age_25_34::ln_salario_real_adm,ln_salario_real_adm,ols,"C(event_time, contr.treatment(base=-1))[9]:treat_group",9,-0.004940138238102532,0.024994910248074,False,31716,341,family_B:age_pnad:age_25_34,estimated,-1
ddd_pretrend::B::age_pnad::age_25_34::ln_salario_real_adm,ln_salario_real_adm,ols,"C(event_time, contr.treatment(base=-1))[10]:treat_group",10,-0.02919076892877729,0.02404838234208958,False,31716,341,family_B:age_pnad:age_25_34,estimated,-1
ddd_pretrend::B::age_pnad::age_25_34::ln_salario_real_adm,ln_salario_real_adm,ols,"C(event_time, contr.treatment(base=-1))[11]:treat_group",11,0.01036696622706949,0.022533666136657658,False,31716,341,family_B:age_pnad:age_25_34,estimated,-1
ddd_pretrend::B::age_pnad::age_25_34::ln_salario_real_adm,ln_salario_real_adm,ols,"C(event_time, contr.treatment(base=-1))[12]:treat_group",12,0.00533772264706898,0.022792606318646106,False,31716,341,family_B:age_pnad:age_25_34,estimated,-1
ddd_pretrend::B::age_pnad::age_25_34::ln_salario_real_adm,ln_salario_real_adm,ols,"C(event_time, contr.treatment(base=-1))[13]:treat_group",13,-0.0036632718820035597,0.02123499622144996,False,31716,341,family_B:age_pnad:age_25_34,estimated,-1
ddd_pretrend::B::age_pnad::age_25_34::ln_salario_real_adm,ln_salario_real_adm,ols,"C(event_time, contr.treatment(base=-1))[14]:treat_group",14,-0.06216927490558359,0.02573239980191975,False,31716,341,family_B:age_pnad:age_25_34,estimated,-1
ddd_pretrend::B::age_pnad::age_25_34::ln_salario_real_adm,ln_salario_real_adm,ols,"C(event_time, contr.treatment(base=-1))[15]:treat_group",15,0.012784972073939844,0.02906867904289263,False,31716,341,family_B:age_pnad:age_25_34,estimated,-1
ddd_pretrend::B::age_pnad::age_25_34::ln_salario_real_adm,ln_salario_real_adm,ols,"C(event_time, contr.treatment(base=-1))[16]:treat_group",16,-0.02768359344613432,0.02371309450837047,False,31716,341,family_B:age_pnad:age_25_34,estimated,-1
ddd_pretrend::B::age_pnad::age_25_34::ln_salario_real_adm,ln_salario_real_adm,ols,"C(event_time, contr.treatment(base=-1))[17]:treat_group",17,-0.013187977650665348,0.02630781033925473,False,31716,341,family_B:age_pnad:age_25_34,estimated,-1
ddd_pretrend::B::age_pnad::age_25_34::ln_salario_real_adm,ln_salario_real_adm,ols,"C(event_time, contr.treatment(base=-1))[18]:treat_group",18,-0.03546345115352761,0.02541044501217942,False,31716,341,family_B:age_pnad:age_25_34,estimated,-1
ddd_pretrend::B::age_pnad::age_25_34::ln_salario_real_adm,ln_salario_real_adm,ols,"C(event_time, contr.treatment(base=-1))[19]:treat_group",19,-0.038557608134893916,0.025556364319128198,False,31716,341,family_B:age_pnad:age_25_34,estimated,-1
ddd_pretrend::B::age_pnad::age_25_34::ln_salario_real_adm,ln_salario_real_adm,ols,"C(event_time, contr.treatment(base=-1))[20]:treat_group",20,-0.005771972636024952,0.030481290755251474,False,31716,341,family_B:age_pnad:age_25_34,estimated,-1
ddd_pretrend::B::age_pnad::age_25_34::ln_salario_real_adm,ln_salario_real_adm,ols,"C(event_time, contr.treatment(base=-1))[21]:treat_group",21,-0.029227480757728092,0.03138301413571243,False,31716,341,family_B:age_pnad:age_25_34,estimated,-1
ddd_pretrend::B::age_pnad::age_25_34::ln_salario_real_adm,ln_salario_real_adm,ols,"C(event_time, contr.treatment(base=-1))[22]:treat_group",22,-0.031107236288326203,0.021491684013161347,False,31716,341,family_B:age_pnad:age_25_34,estimated,-1
ddd_pretrend::B::age_pnad::age_25_34::ln_salario_real_adm,ln_salario_real_adm,ols,"C(event_time, contr.treatment(base=-1))[23]:treat_group",23,-0.009157604968219891,0.027574057986116562,False,31716,341,family_B:age_pnad:age_25_34,estimated,-1
ddd_pretrend::B::age_pnad::age_25_34::n_movimentacoes,n_movimentacoes,ppml,"C(event_time, contr.treatment(base=-1))[-23]:treat_group",-23,-0.025567388701277945,0.022008635832815978,False,31870,341,family_B:age_pnad:age_25_34,estimated,-1
ddd_pretrend::B::age_pnad::age_25_34::n_movimentacoes,n_movimentacoes,ppml,"C(event_time, contr.treatment(base=-1))[-22]:treat_group",-22,-0.027607946776152133,0.024042957287238393,False,31870,341,family_B:age_pnad:age_25_34,estimated,-1
ddd_pretrend::B::age_pnad::age_25_34::n_movimentacoes,n_movimentacoes,ppml,"C(event_time, contr.treatment(base=-1))[-21]:treat_group",-21,-0.011099917102548734,0.02191169720046765,False,31870,341,family_B:age_pnad:age_25_34,estimated,-1
ddd_pretrend::B::age_pnad::age_25_34::n_movimentacoes,n_movimentacoes,ppml,"C(event_time, contr.treatment(base=-1))[-20]:treat_group",-20,0.012636044337477701,0.02400112959664905,False,31870,341,family_B:age_pnad:age_25_34,estimated,-1
ddd_pretrend::B::age_pnad::age_25_34::n_movimentacoes,n_movimentacoes,ppml,"C(event_time, contr.treatment(base=-1))[-19]:treat_group",-19,0.019765126839274418,0.026024380183964416,False,31870,341,family_B:age_pnad:age_25_34,estimated,-1
ddd_pretrend::B::age_pnad::age_25_34::n_movimentacoes,n_movimentacoes,ppml,"C(event_time, contr.treatment(base=-1))[-18]:treat_group",-18,0.004533486195083798,0.02232398765590505,False,31870,341,family_B:age_pnad:age_25_34,estimated,-1
ddd_pretrend::B::age_pnad::age_25_34::n_movimentacoes,n_movimentacoes,ppml,"C(event_time, contr.treatment(base=-1))[-17]:treat_group",-17,0.01869915379740217,0.02194338668303858,False,31870,341,family_B:age_pnad:age_25_34,estimated,-1
ddd_pretrend::B::age_pnad::age_25_34::n_movimentacoes,n_movimentacoes,ppml,"C(event_time, contr.treatment(base=-1))[-16]:treat_group",-16,0.015769363747600088,0.022192877947686748,False,31870,341,family_B:age_pnad:age_25_34,estimated,-1
ddd_pretrend::B::age_pnad::age_25_34::n_movimentacoes,n_movimentacoes,ppml,"C(event_time, contr.treatment(base=-1))[-15]:treat_group",-15,0.024316315786732996,0.015861224115722876,False,31870,341,family_B:age_pnad:age_25_34,estimated,-1
ddd_pretrend::B::age_pnad::age_25_34::n_movimentacoes,n_movimentacoes,ppml,"C(event_time, contr.treatment(base=-1))[-14]:treat_group",-14,0.01948795391612855,0.014306386274991173,False,31870,341,family_B:age_pnad:age_25_34,estimated,-1
ddd_pretrend::B::age_pnad::age_25_34::n_movimentacoes,n_movimentacoes,ppml,"C(event_time, contr.treatment(base=-1))[-13]:treat_group",-13,0.012744565417888163,0.012188348289850609,False,31870,341,family_B:age_pnad:age_25_34,estimated,-1
ddd_pretrend::B::age_pnad::age_25_34::n_movimentacoes,n_movimentacoes,ppml,"C(event_time, contr.treatment(base=-1))[-12]:treat_group",-12,0.013274269589470016,0.010960634242287173,False,31870,341,family_B:age_pnad:age_25_34,estimated,-1
ddd_pretrend::B::age_pnad::age_25_34::n_movimentacoes,n_movimentacoes,ppml,"C(event_time, contr.treatment(base=-1))[-11]:treat_group",-11,-0.00817448473913584,0.013758299606883356,False,31870,341,family_B:age_pnad:age_25_34,estimated,-1
ddd_pretrend::B::age_pnad::age_25_34::n_movimentacoes,n_movimentacoes,ppml,"C(event_time, contr.treatment(base=-1))[-10]:treat_group",-10,-0.0010538810425482037,0.017391114922850323,False,31870,341,family_B:age_pnad:age_25_34,estimated,-1
ddd_pretrend::B::age_pnad::age_25_34::n_movimentacoes,n_movimentacoes,ppml,"C(event_time, contr.treatment(base=-1))[-9]:treat_group",-9,0.006527753430701955,0.013665353454774987,False,31870,341,family_B:age_pnad:age_25_34,estimated,-1
ddd_pretrend::B::age_pnad::age_25_34::n_movimentacoes,n_movimentacoes,ppml,"C(event_time, contr.treatment(base=-1))[-8]:treat_group",-8,0.004773293495541924,0.014909873864832527,False,31870,341,family_B:age_pnad:age_25_34,estimated,-1
ddd_pretrend::B::age_pnad::age_25_34::n_movimentacoes,n_movimentacoes,ppml,"C(event_time, contr.treatment(base=-1))[-7]:treat_group",-7,0.009664578819086158,0.012878218488734524,False,31870,341,family_B:age_pnad:age_25_34,estimated,-1
ddd_pretrend::B::age_pnad::age_25_34::n_movimentacoes,n_movimentacoes,ppml,"C(event_time, contr.treatment(base=-1))[-6]:treat_group",-6,0.010213337127834775,0.013733597581617771,False,31870,341,family_B:age_pnad:age_25_34,estimated,-1
ddd_pretrend::B::age_pnad::age_25_34::n_movimentacoes,n_movimentacoes,ppml,"C(event_time, contr.treatment(base=-1))[-5]:treat_group",-5,0.014505756034140784,0.011730027507941485,False,31870,341,family_B:age_pnad:age_25_34,estimated,-1
ddd_pretrend::B::age_pnad::age_25_34::n_movimentacoes,n_movimentacoes,ppml,"C(event_time, contr.treatment(base=-1))[-4]:treat_group",-4,0.013148497003701496,0.013205612266355204,False,31870,341,family_B:age_pnad:age_25_34,estimated,-1
ddd_pretrend::B::age_pnad::age_25_34::n_movimentacoes,n_movimentacoes,ppml,"C(event_time, contr.treatment(base=-1))[-3]:treat_group",-3,0.006030139170216222,0.010156214053658299,False,31870,341,family_B:age_pnad:age_25_34,estimated,-1
ddd_pretrend::B::age_pnad::age_25_34::n_movimentacoes,n_movimentacoes,ppml,"C(event_time, contr.treatment(base=-1))[-2]:treat_group",-2,-0.005045097988641329,0.006244843724272349,False,31870,341,family_B:age_pnad:age_25_34,estimated,-1
ddd_pretrend::B::age_pnad::age_25_34::n_movimentacoes,n_movimentacoes,ppml,reference_event_time,-1,0.0,0.0,True,31870,341,family_B:age_pnad:age_25_34,estimated,-1
ddd_pretrend::B::age_pnad::age_25_34::n_movimentacoes,n_movimentacoes,ppml,"C(event_time, contr.treatment(base=-1))[0]:treat_group",0,-0.017335227830646456,0.00893072421206002,False,31870,341,family_B:age_pnad:age_25_34,estimated,-1
ddd_pretrend::B::age_pnad::age_25_34::n_movimentacoes,n_movimentacoes,ppml,"C(event_time, contr.treatment(base=-1))[1]:treat_group",1,-0.025002342288690006,0.009778842579501406,False,31870,341,family_B:age_pnad:age_25_34,estimated,-1
ddd_pretrend::B::age_pnad::age_25_34::n_movimentacoes,n_movimentacoes,ppml,"C(event_time, contr.treatment(base=-1))[2]:treat_group",2,-0.03095932032201941,0.015706068254181384,False,31870,341,family_B:age_pnad:age_25_34,estimated,-1
ddd_pretrend::B::age_pnad::age_25_34::n_movimentacoes,n_movimentacoes,ppml,"C(event_time, contr.treatment(base=-1))[3]:treat_group",3,-0.026541578838534436,0.01533480032079943,False,31870,341,family_B:age_pnad:age_25_34,estimated,-1
ddd_pretrend::B::age_pnad::age_25_34::n_movimentacoes,n_movimentacoes,ppml,"C(event_time, contr.treatment(base=-1))[4]:treat_group",4,-0.007089955505596295,0.015387907212553273,False,31870,341,family_B:age_pnad:age_25_34,estimated,-1
ddd_pretrend::B::age_pnad::age_25_34::n_movimentacoes,n_movimentacoes,ppml,"C(event_time, contr.treatment(base=-1))[5]:treat_group",5,-0.0017099810654076606,0.015116760102686037,False,31870,341,family_B:age_pnad:age_25_34,estimated,-1
ddd_pretrend::B::age_pnad::age_25_34::n_movimentacoes,n_movimentacoes,ppml,"C(event_time, contr.treatment(base=-1))[6]:treat_group",6,-0.0009328165052494077,0.015462256572817554,False,31870,341,family_B:age_pnad:age_25_34,estimated,-1
ddd_pretrend::B::age_pnad::age_25_34::n_movimentacoes,n_movimentacoes,ppml,"C(event_time, contr.treatment(base=-1))[7]:treat_group",7,-0.007891273055223465,0.017356503110617767,False,31870,341,family_B:age_pnad:age_25_34,estimated,-1
ddd_pretrend::B::age_pnad::age_25_34::n_movimentacoes,n_movimentacoes,ppml,"C(event_time, contr.treatment(base=-1))[8]:treat_group",8,-0.005153223248488853,0.01972106508455332,False,31870,341,family_B:age_pnad:age_25_34,estimated,-1
ddd_pretrend::B::age_pnad::age_25_34::n_movimentacoes,n_movimentacoes,ppml,"C(event_time, contr.treatment(base=-1))[9]:treat_group",9,0.0007441234811130749,0.016605447754373524,False,31870,341,family_B:age_pnad:age_25_34,estimated,-1
ddd_pretrend::B::age_pnad::age_25_34::n_movimentacoes,n_movimentacoes,ppml,"C(event_time, contr.treatment(base=-1))[10]:treat_group",10,-0.003256646670439674,0.014155783748235706,False,31870,341,family_B:age_pnad:age_25_34,estimated,-1
ddd_pretrend::B::age_pnad::age_25_34::n_movimentacoes,n_movimentacoes,ppml,"C(event_time, contr.treatment(base=-1))[11]:treat_group",11,-0.006747632328695643,0.010806381896376031,False,31870,341,family_B:age_pnad:age_25_34,estimated,-1
ddd_pretrend::B::age_pnad::age_25_34::n_movimentacoes,n_movimentacoes,ppml,"C(event_time, contr.treatment(base=-1))[12]:treat_group",12,-0.02169734234859393,0.013860357630670724,False,31870,341,family_B:age_pnad:age_25_34,estimated,-1
ddd_pretrend::B::age_pnad::age_25_34::n_movimentacoes,n_movimentacoes,ppml,"C(event_time, contr.treatment(base=-1))[13]:treat_group",13,-0.03572059289381166,0.014355113367740228,False,31870,341,family_B:age_pnad:age_25_34,estimated,-1
ddd_pretrend::B::age_pnad::age_25_34::n_movimentacoes,n_movimentacoes,ppml,"C(event_time, contr.treatment(base=-1))[14]:treat_group",14,-0.022317328769188256,0.016575413968826176,False,31870,341,family_B:age_pnad:age_25_34,estimated,-1
ddd_pretrend::B::age_pnad::age_25_34::n_movimentacoes,n_movimentacoes,ppml,"C(event_time, contr.treatment(base=-1))[15]:treat_group",15,-0.011301960029509294,0.017660376508359246,False,31870,341,family_B:age_pnad:age_25_34,estimated,-1
ddd_pretrend::B::age_pnad::age_25_34::n_movimentacoes,n_movimentacoes,ppml,"C(event_time, contr.treatment(base=-1))[16]:treat_group",16,-0.01193367141390113,0.01281548657896691,False,31870,341,family_B:age_pnad:age_25_34,estimated,-1
ddd_pretrend::B::age_pnad::age_25_34::n_movimentacoes,n_movimentacoes,ppml,"C(event_time, contr.treatment(base=-1))[17]:treat_group",17,-0.0003574735273778191,0.014022609800343025,False,31870,341,family_B:age_pnad:age_25_34,estimated,-1
ddd_pretrend::B::age_pnad::age_25_34::n_movimentacoes,n_movimentacoes,ppml,"C(event_time, contr.treatment(base=-1))[18]:treat_group",18,-0.012904023693179117,0.016741072011402514,False,31870,341,family_B:age_pnad:age_25_34,estimated,-1
ddd_pretrend::B::age_pnad::age_25_34::n_movimentacoes,n_movimentacoes,ppml,"C(event_time, contr.treatment(base=-1))[19]:treat_group",19,-0.011392424113713346,0.017482049040672278,False,31870,341,family_B:age_pnad:age_25_34,estimated,-1
ddd_pretrend::B::age_pnad::age_25_34::n_movimentacoes,n_movimentacoes,ppml,"C(event_time, contr.treatment(base=-1))[20]:treat_group",20,-0.02102510355191597,0.019200953979632583,False,31870,341,family_B:age_pnad:age_25_34,estimated,-1
ddd_pretrend::B::age_pnad::age_25_34::n_movimentacoes,n_movimentacoes,ppml,"C(event_time, contr.treatment(base=-1))[21]:treat_group",21,-0.015243392183584054,0.018338121164989746,False,31870,341,family_B:age_pnad:age_25_34,estimated,-1
ddd_pretrend::B::age_pnad::age_25_34::n_movimentacoes,n_movimentacoes,ppml,"C(event_time, contr.treatment(base=-1))[22]:treat_group",22,-0.005919787614808141,0.016699647258057126,False,31870,341,family_B:age_pnad:age_25_34,estimated,-1
ddd_pretrend::B::age_pnad::age_25_34::n_movimentacoes,n_movimentacoes,ppml,"C(event_time, contr.treatment(base=-1))[23]:treat_group",23,-0.010523700382492231,0.014662153907839813,False,31870,341,family_B:age_pnad:age_25_34,estimated,-1
ddd_pretrend::B::age_pnad::age_35_44::admissoes,admissoes,ppml,"C(event_time, contr.treatment(base=-1))[-23]:treat_group",-23,0.005414790415450511,0.03316306501256837,False,31870,341,family_B:age_pnad:age_35_44,estimated,-1
ddd_pretrend::B::age_pnad::age_35_44::admissoes,admissoes,ppml,"C(event_time, contr.treatment(base=-1))[-22]:treat_group",-22,-0.005825610501862392,0.033233305499616096,False,31870,341,family_B:age_pnad:age_35_44,estimated,-1
ddd_pretrend::B::age_pnad::age_35_44::admissoes,admissoes,ppml,"C(event_time, contr.treatment(base=-1))[-21]:treat_group",-21,0.023441156341718953,0.027894020646364575,False,31870,341,family_B:age_pnad:age_35_44,estimated,-1
ddd_pretrend::B::age_pnad::age_35_44::admissoes,admissoes,ppml,"C(event_time, contr.treatment(base=-1))[-20]:treat_group",-20,0.0036687785445513486,0.035591761097418906,False,31870,341,family_B:age_pnad:age_35_44,estimated,-1
ddd_pretrend::B::age_pnad::age_35_44::admissoes,admissoes,ppml,"C(event_time, contr.treatment(base=-1))[-19]:treat_group",-19,-0.01478878090639677,0.027426494308350348,False,31870,341,family_B:age_pnad:age_35_44,estimated,-1
ddd_pretrend::B::age_pnad::age_35_44::admissoes,admissoes,ppml,"C(event_time, contr.treatment(base=-1))[-18]:treat_group",-18,-0.020754076548168233,0.02582947140013908,False,31870,341,family_B:age_pnad:age_35_44,estimated,-1
ddd_pretrend::B::age_pnad::age_35_44::admissoes,admissoes,ppml,"C(event_time, contr.treatment(base=-1))[-17]:treat_group",-17,-0.008274149647707665,0.02253751241579058,False,31870,341,family_B:age_pnad:age_35_44,estimated,-1
ddd_pretrend::B::age_pnad::age_35_44::admissoes,admissoes,ppml,"C(event_time, contr.treatment(base=-1))[-16]:treat_group",-16,0.0046511712364223825,0.023595714531792725,False,31870,341,family_B:age_pnad:age_35_44,estimated,-1
ddd_pretrend::B::age_pnad::age_35_44::admissoes,admissoes,ppml,"C(event_time, contr.treatment(base=-1))[-15]:treat_group",-15,0.010471967051779787,0.02147922126548862,False,31870,341,family_B:age_pnad:age_35_44,estimated,-1
ddd_pretrend::B::age_pnad::age_35_44::admissoes,admissoes,ppml,"C(event_time, contr.treatment(base=-1))[-14]:treat_group",-14,0.015187901998398411,0.019898380769181063,False,31870,341,family_B:age_pnad:age_35_44,estimated,-1
ddd_pretrend::B::age_pnad::age_35_44::admissoes,admissoes,ppml,"C(event_time, contr.treatment(base=-1))[-13]:treat_group",-13,-0.01698801101938364,0.01652977751952043,False,31870,341,family_B:age_pnad:age_35_44,estimated,-1
ddd_pretrend::B::age_pnad::age_35_44::admissoes,admissoes,ppml,"C(event_time, contr.treatment(base=-1))[-12]:treat_group",-12,-0.025243541591240686,0.019385077251359715,False,31870,341,family_B:age_pnad:age_35_44,estimated,-1
ddd_pretrend::B::age_pnad::age_35_44::admissoes,admissoes,ppml,"C(event_time, contr.treatment(base=-1))[-11]:treat_group",-11,0.029546460100463533,0.02069770592760892,False,31870,341,family_B:age_pnad:age_35_44,estimated,-1
ddd_pretrend::B::age_pnad::age_35_44::admissoes,admissoes,ppml,"C(event_time, contr.treatment(base=-1))[-10]:treat_group",-10,-0.01496751551233682,0.025984700403852423,False,31870,341,family_B:age_pnad:age_35_44,estimated,-1
ddd_pretrend::B::age_pnad::age_35_44::admissoes,admissoes,ppml,"C(event_time, contr.treatment(base=-1))[-9]:treat_group",-9,0.002395167324968223,0.01818877605194546,False,31870,341,family_B:age_pnad:age_35_44,estimated,-1
ddd_pretrend::B::age_pnad::age_35_44::admissoes,admissoes,ppml,"C(event_time, contr.treatment(base=-1))[-8]:treat_group",-8,0.011478361188036001,0.02074589932793806,False,31870,341,family_B:age_pnad:age_35_44,estimated,-1
ddd_pretrend::B::age_pnad::age_35_44::admissoes,admissoes,ppml,"C(event_time, contr.treatment(base=-1))[-7]:treat_group",-7,0.0017090916947219783,0.018873191535150907,False,31870,341,family_B:age_pnad:age_35_44,estimated,-1
ddd_pretrend::B::age_pnad::age_35_44::admissoes,admissoes,ppml,"C(event_time, contr.treatment(base=-1))[-6]:treat_group",-6,-0.0028694739666047598,0.017624875325540537,False,31870,341,family_B:age_pnad:age_35_44,estimated,-1
ddd_pretrend::B::age_pnad::age_35_44::admissoes,admissoes,ppml,"C(event_time, contr.treatment(base=-1))[-5]:treat_group",-5,0.00915556785414179,0.014958108576591871,False,31870,341,family_B:age_pnad:age_35_44,estimated,-1
ddd_pretrend::B::age_pnad::age_35_44::admissoes,admissoes,ppml,"C(event_time, contr.treatment(base=-1))[-4]:treat_group",-4,0.022466589429429685,0.02160350119938171,False,31870,341,family_B:age_pnad:age_35_44,estimated,-1
ddd_pretrend::B::age_pnad::age_35_44::admissoes,admissoes,ppml,"C(event_time, contr.treatment(base=-1))[-3]:treat_group",-3,0.03907371411047046,0.020477929728446666,False,31870,341,family_B:age_pnad:age_35_44,estimated,-1
ddd_pretrend::B::age_pnad::age_35_44::admissoes,admissoes,ppml,"C(event_time, contr.treatment(base=-1))[-2]:treat_group",-2,0.024442303360415092,0.01431026041085324,False,31870,341,family_B:age_pnad:age_35_44,estimated,-1
ddd_pretrend::B::age_pnad::age_35_44::admissoes,admissoes,ppml,reference_event_time,-1,0.0,0.0,True,31870,341,family_B:age_pnad:age_35_44,estimated,-1
ddd_pretrend::B::age_pnad::age_35_44::admissoes,admissoes,ppml,"C(event_time, contr.treatment(base=-1))[0]:treat_group",0,-0.01764201336420231,0.013346545016876009,False,31870,341,family_B:age_pnad:age_35_44,estimated,-1
ddd_pretrend::B::age_pnad::age_35_44::admissoes,admissoes,ppml,"C(event_time, contr.treatment(base=-1))[1]:treat_group",1,0.005402000254485089,0.024913058660307064,False,31870,341,family_B:age_pnad:age_35_44,estimated,-1
ddd_pretrend::B::age_pnad::age_35_44::admissoes,admissoes,ppml,"C(event_time, contr.treatment(base=-1))[2]:treat_group",2,-0.006109469627114626,0.026542710966501574,False,31870,341,family_B:age_pnad:age_35_44,estimated,-1
ddd_pretrend::B::age_pnad::age_35_44::admissoes,admissoes,ppml,"C(event_time, contr.treatment(base=-1))[3]:treat_group",3,0.0022443119368117377,0.01987061758595346,False,31870,341,family_B:age_pnad:age_35_44,estimated,-1
ddd_pretrend::B::age_pnad::age_35_44::admissoes,admissoes,ppml,"C(event_time, contr.treatment(base=-1))[4]:treat_group",4,0.005991167167696398,0.02376142747410867,False,31870,341,family_B:age_pnad:age_35_44,estimated,-1
ddd_pretrend::B::age_pnad::age_35_44::admissoes,admissoes,ppml,"C(event_time, contr.treatment(base=-1))[5]:treat_group",5,0.004495781554164535,0.021065182819980863,False,31870,341,family_B:age_pnad:age_35_44,estimated,-1
ddd_pretrend::B::age_pnad::age_35_44::admissoes,admissoes,ppml,"C(event_time, contr.treatment(base=-1))[6]:treat_group",6,0.010958253028019749,0.020995597993043874,False,31870,341,family_B:age_pnad:age_35_44,estimated,-1
ddd_pretrend::B::age_pnad::age_35_44::admissoes,admissoes,ppml,"C(event_time, contr.treatment(base=-1))[7]:treat_group",7,0.0012829186053885187,0.020456197439148262,False,31870,341,family_B:age_pnad:age_35_44,estimated,-1
ddd_pretrend::B::age_pnad::age_35_44::admissoes,admissoes,ppml,"C(event_time, contr.treatment(base=-1))[8]:treat_group",8,0.019743863152823216,0.024488687529027733,False,31870,341,family_B:age_pnad:age_35_44,estimated,-1
ddd_pretrend::B::age_pnad::age_35_44::admissoes,admissoes,ppml,"C(event_time, contr.treatment(base=-1))[9]:treat_group",9,0.020980023194707164,0.024471546558270208,False,31870,341,family_B:age_pnad:age_35_44,estimated,-1
ddd_pretrend::B::age_pnad::age_35_44::admissoes,admissoes,ppml,"C(event_time, contr.treatment(base=-1))[10]:treat_group",10,0.024844505159252087,0.021820717390448007,False,31870,341,family_B:age_pnad:age_35_44,estimated,-1
ddd_pretrend::B::age_pnad::age_35_44::admissoes,admissoes,ppml,"C(event_time, contr.treatment(base=-1))[11]:treat_group",11,0.04034381237065733,0.016325479247977046,False,31870,341,family_B:age_pnad:age_35_44,estimated,-1
ddd_pretrend::B::age_pnad::age_35_44::admissoes,admissoes,ppml,"C(event_time, contr.treatment(base=-1))[12]:treat_group",12,0.0022573744001240393,0.013246155759058196,False,31870,341,family_B:age_pnad:age_35_44,estimated,-1
ddd_pretrend::B::age_pnad::age_35_44::admissoes,admissoes,ppml,"C(event_time, contr.treatment(base=-1))[13]:treat_group",13,0.03461631840106191,0.02571377137038569,False,31870,341,family_B:age_pnad:age_35_44,estimated,-1
ddd_pretrend::B::age_pnad::age_35_44::admissoes,admissoes,ppml,"C(event_time, contr.treatment(base=-1))[14]:treat_group",14,0.009330108326903962,0.027433125043089274,False,31870,341,family_B:age_pnad:age_35_44,estimated,-1
ddd_pretrend::B::age_pnad::age_35_44::admissoes,admissoes,ppml,"C(event_time, contr.treatment(base=-1))[15]:treat_group",15,0.02086102326065569,0.022633319705710694,False,31870,341,family_B:age_pnad:age_35_44,estimated,-1
ddd_pretrend::B::age_pnad::age_35_44::admissoes,admissoes,ppml,"C(event_time, contr.treatment(base=-1))[16]:treat_group",16,0.04247891812561293,0.027669184714473063,False,31870,341,family_B:age_pnad:age_35_44,estimated,-1
ddd_pretrend::B::age_pnad::age_35_44::admissoes,admissoes,ppml,"C(event_time, contr.treatment(base=-1))[17]:treat_group",17,0.03615876988871197,0.021408337493968494,False,31870,341,family_B:age_pnad:age_35_44,estimated,-1
ddd_pretrend::B::age_pnad::age_35_44::admissoes,admissoes,ppml,"C(event_time, contr.treatment(base=-1))[18]:treat_group",18,0.03439616181547445,0.020059414801035992,False,31870,341,family_B:age_pnad:age_35_44,estimated,-1
ddd_pretrend::B::age_pnad::age_35_44::admissoes,admissoes,ppml,"C(event_time, contr.treatment(base=-1))[19]:treat_group",19,0.041891789101639154,0.02012264419148609,False,31870,341,family_B:age_pnad:age_35_44,estimated,-1
ddd_pretrend::B::age_pnad::age_35_44::admissoes,admissoes,ppml,"C(event_time, contr.treatment(base=-1))[20]:treat_group",20,0.04487286855810995,0.028415765135893493,False,31870,341,family_B:age_pnad:age_35_44,estimated,-1
ddd_pretrend::B::age_pnad::age_35_44::admissoes,admissoes,ppml,"C(event_time, contr.treatment(base=-1))[21]:treat_group",21,0.05114891235419904,0.028493806936812555,False,31870,341,family_B:age_pnad:age_35_44,estimated,-1
ddd_pretrend::B::age_pnad::age_35_44::admissoes,admissoes,ppml,"C(event_time, contr.treatment(base=-1))[22]:treat_group",22,0.03589528903203579,0.028700874049815295,False,31870,341,family_B:age_pnad:age_35_44,estimated,-1
ddd_pretrend::B::age_pnad::age_35_44::admissoes,admissoes,ppml,"C(event_time, contr.treatment(base=-1))[23]:treat_group",23,0.038745741296739376,0.021789211127315522,False,31870,341,family_B:age_pnad:age_35_44,estimated,-1
ddd_pretrend::B::age_pnad::age_35_44::asinh_saldo,asinh_saldo,ols,"C(event_time, contr.treatment(base=-1))[-23]:treat_group",-23,0.2286592361186381,0.6908071362387358,False,31870,341,family_B:age_pnad:age_35_44,estimated,-1
ddd_pretrend::B::age_pnad::age_35_44::asinh_saldo,asinh_saldo,ols,"C(event_time, contr.treatment(base=-1))[-22]:treat_group",-22,0.4095120755066027,0.654338502858359,False,31870,341,family_B:age_pnad:age_35_44,estimated,-1
ddd_pretrend::B::age_pnad::age_35_44::asinh_saldo,asinh_saldo,ols,"C(event_time, contr.treatment(base=-1))[-21]:treat_group",-21,1.104966368189637,0.6806282969653925,False,31870,341,family_B:age_pnad:age_35_44,estimated,-1
ddd_pretrend::B::age_pnad::age_35_44::asinh_saldo,asinh_saldo,ols,"C(event_time, contr.treatment(base=-1))[-20]:treat_group",-20,0.5100195862268755,0.6713006189699611,False,31870,341,family_B:age_pnad:age_35_44,estimated,-1
ddd_pretrend::B::age_pnad::age_35_44::asinh_saldo,asinh_saldo,ols,"C(event_time, contr.treatment(base=-1))[-19]:treat_group",-19,0.38048871132597917,0.6322274963215979,False,31870,341,family_B:age_pnad:age_35_44,estimated,-1
ddd_pretrend::B::age_pnad::age_35_44::asinh_saldo,asinh_saldo,ols,"C(event_time, contr.treatment(base=-1))[-18]:treat_group",-18,-0.13431160048382523,0.601957336757263,False,31870,341,family_B:age_pnad:age_35_44,estimated,-1
ddd_pretrend::B::age_pnad::age_35_44::asinh_saldo,asinh_saldo,ols,"C(event_time, contr.treatment(base=-1))[-17]:treat_group",-17,-0.25742925934441163,0.6363632192169665,False,31870,341,family_B:age_pnad:age_35_44,estimated,-1
ddd_pretrend::B::age_pnad::age_35_44::asinh_saldo,asinh_saldo,ols,"C(event_time, contr.treatment(base=-1))[-16]:treat_group",-16,0.863005941697766,0.6501083898684066,False,31870,341,family_B:age_pnad:age_35_44,estimated,-1
ddd_pretrend::B::age_pnad::age_35_44::asinh_saldo,asinh_saldo,ols,"C(event_time, contr.treatment(base=-1))[-15]:treat_group",-15,0.6935257786864268,0.6254171379342158,False,31870,341,family_B:age_pnad:age_35_44,estimated,-1
ddd_pretrend::B::age_pnad::age_35_44::asinh_saldo,asinh_saldo,ols,"C(event_time, contr.treatment(base=-1))[-14]:treat_group",-14,0.4165464067200213,0.6196976072769581,False,31870,341,family_B:age_pnad:age_35_44,estimated,-1
ddd_pretrend::B::age_pnad::age_35_44::asinh_saldo,asinh_saldo,ols,"C(event_time, contr.treatment(base=-1))[-13]:treat_group",-13,0.4134844542281633,0.6413546465761019,False,31870,341,family_B:age_pnad:age_35_44,estimated,-1
ddd_pretrend::B::age_pnad::age_35_44::asinh_saldo,asinh_saldo,ols,"C(event_time, contr.treatment(base=-1))[-12]:treat_group",-12,0.4704423208076897,0.6326777409441994,False,31870,341,family_B:age_pnad:age_35_44,estimated,-1
ddd_pretrend::B::age_pnad::age_35_44::asinh_saldo,asinh_saldo,ols,"C(event_time, contr.treatment(base=-1))[-11]:treat_group",-11,0.8418634162045157,0.647331843784717,False,31870,341,family_B:age_pnad:age_35_44,estimated,-1
ddd_pretrend::B::age_pnad::age_35_44::asinh_saldo,asinh_saldo,ols,"C(event_time, contr.treatment(base=-1))[-10]:treat_group",-10,-0.05495770525496677,0.6797600936228038,False,31870,341,family_B:age_pnad:age_35_44,estimated,-1
ddd_pretrend::B::age_pnad::age_35_44::asinh_saldo,asinh_saldo,ols,"C(event_time, contr.treatment(base=-1))[-9]:treat_group",-9,-0.6550051198038304,0.6828822809552221,False,31870,341,family_B:age_pnad:age_35_44,estimated,-1
ddd_pretrend::B::age_pnad::age_35_44::asinh_saldo,asinh_saldo,ols,"C(event_time, contr.treatment(base=-1))[-8]:treat_group",-8,-0.18562556360471877,0.6424826754468204,False,31870,341,family_B:age_pnad:age_35_44,estimated,-1
ddd_pretrend::B::age_pnad::age_35_44::asinh_saldo,asinh_saldo,ols,"C(event_time, contr.treatment(base=-1))[-7]:treat_group",-7,0.02069568398098429,0.5865945313446524,False,31870,341,family_B:age_pnad:age_35_44,estimated,-1
ddd_pretrend::B::age_pnad::age_35_44::asinh_saldo,asinh_saldo,ols,"C(event_time, contr.treatment(base=-1))[-6]:treat_group",-6,-0.656466353336739,0.653340677315231,False,31870,341,family_B:age_pnad:age_35_44,estimated,-1
ddd_pretrend::B::age_pnad::age_35_44::asinh_saldo,asinh_saldo,ols,"C(event_time, contr.treatment(base=-1))[-5]:treat_group",-5,-0.6523851476595631,0.6640886696888098,False,31870,341,family_B:age_pnad:age_35_44,estimated,-1
ddd_pretrend::B::age_pnad::age_35_44::asinh_saldo,asinh_saldo,ols,"C(event_time, contr.treatment(base=-1))[-4]:treat_group",-4,0.03940435534075827,0.6641379580146948,False,31870,341,family_B:age_pnad:age_35_44,estimated,-1
ddd_pretrend::B::age_pnad::age_35_44::asinh_saldo,asinh_saldo,ols,"C(event_time, contr.treatment(base=-1))[-3]:treat_group",-3,0.18674232263755067,0.5750340970279528,False,31870,341,family_B:age_pnad:age_35_44,estimated,-1
ddd_pretrend::B::age_pnad::age_35_44::asinh_saldo,asinh_saldo,ols,"C(event_time, contr.treatment(base=-1))[-2]:treat_group",-2,-0.43503375022768187,0.6179522605260828,False,31870,341,family_B:age_pnad:age_35_44,estimated,-1
ddd_pretrend::B::age_pnad::age_35_44::asinh_saldo,asinh_saldo,ols,reference_event_time,-1,0.0,0.0,True,31870,341,family_B:age_pnad:age_35_44,estimated,-1
ddd_pretrend::B::age_pnad::age_35_44::asinh_saldo,asinh_saldo,ols,"C(event_time, contr.treatment(base=-1))[0]:treat_group",0,0.8641776624292561,0.6129899563501702,False,31870,341,family_B:age_pnad:age_35_44,estimated,-1
ddd_pretrend::B::age_pnad::age_35_44::asinh_saldo,asinh_saldo,ols,"C(event_time, contr.treatment(base=-1))[1]:treat_group",1,-1.4824533640379556,0.6708206097987758,False,31870,341,family_B:age_pnad:age_35_44,estimated,-1
ddd_pretrend::B::age_pnad::age_35_44::asinh_saldo,asinh_saldo,ols,"C(event_time, contr.treatment(base=-1))[2]:treat_group",2,-0.44883978132107094,0.7166039130183877,False,31870,341,family_B:age_pnad:age_35_44,estimated,-1
ddd_pretrend::B::age_pnad::age_35_44::asinh_saldo,asinh_saldo,ols,"C(event_time, contr.treatment(base=-1))[3]:treat_group",3,0.1570090451512455,0.7523618634084127,False,31870,341,family_B:age_pnad:age_35_44,estimated,-1
ddd_pretrend::B::age_pnad::age_35_44::asinh_saldo,asinh_saldo,ols,"C(event_time, contr.treatment(base=-1))[4]:treat_group",4,0.32962591807503394,0.7270134926109169,False,31870,341,family_B:age_pnad:age_35_44,estimated,-1
ddd_pretrend::B::age_pnad::age_35_44::asinh_saldo,asinh_saldo,ols,"C(event_time, contr.treatment(base=-1))[5]:treat_group",5,-0.022597342626496677,0.7819994787890526,False,31870,341,family_B:age_pnad:age_35_44,estimated,-1
ddd_pretrend::B::age_pnad::age_35_44::asinh_saldo,asinh_saldo,ols,"C(event_time, contr.treatment(base=-1))[6]:treat_group",6,-0.7153750525080668,0.7311306519744486,False,31870,341,family_B:age_pnad:age_35_44,estimated,-1
ddd_pretrend::B::age_pnad::age_35_44::asinh_saldo,asinh_saldo,ols,"C(event_time, contr.treatment(base=-1))[7]:treat_group",7,-0.2822036908160595,0.7288065740075362,False,31870,341,family_B:age_pnad:age_35_44,estimated,-1
ddd_pretrend::B::age_pnad::age_35_44::asinh_saldo,asinh_saldo,ols,"C(event_time, contr.treatment(base=-1))[8]:treat_group",8,0.16187084767772647,0.6982532746245584,False,31870,341,family_B:age_pnad:age_35_44,estimated,-1
ddd_pretrend::B::age_pnad::age_35_44::asinh_saldo,asinh_saldo,ols,"C(event_time, contr.treatment(base=-1))[9]:treat_group",9,-0.26318967125521747,0.6841026189592848,False,31870,341,family_B:age_pnad:age_35_44,estimated,-1
ddd_pretrend::B::age_pnad::age_35_44::asinh_saldo,asinh_saldo,ols,"C(event_time, contr.treatment(base=-1))[10]:treat_group",10,-0.09561274804710038,0.6613033253573513,False,31870,341,family_B:age_pnad:age_35_44,estimated,-1
ddd_pretrend::B::age_pnad::age_35_44::asinh_saldo,asinh_saldo,ols,"C(event_time, contr.treatment(base=-1))[11]:treat_group",11,-0.18201014003001167,0.6652385624884406,False,31870,341,family_B:age_pnad:age_35_44,estimated,-1
ddd_pretrend::B::age_pnad::age_35_44::asinh_saldo,asinh_saldo,ols,"C(event_time, contr.treatment(base=-1))[12]:treat_group",12,0.6322660510201111,0.6692636786669618,False,31870,341,family_B:age_pnad:age_35_44,estimated,-1
ddd_pretrend::B::age_pnad::age_35_44::asinh_saldo,asinh_saldo,ols,"C(event_time, contr.treatment(base=-1))[13]:treat_group",13,-0.17688979825568207,0.7081926166571557,False,31870,341,family_B:age_pnad:age_35_44,estimated,-1
ddd_pretrend::B::age_pnad::age_35_44::asinh_saldo,asinh_saldo,ols,"C(event_time, contr.treatment(base=-1))[14]:treat_group",14,-0.12704364812109276,0.7598754551176418,False,31870,341,family_B:age_pnad:age_35_44,estimated,-1
ddd_pretrend::B::age_pnad::age_35_44::asinh_saldo,asinh_saldo,ols,"C(event_time, contr.treatment(base=-1))[15]:treat_group",15,0.36904654189375374,0.7377256482192783,False,31870,341,family_B:age_pnad:age_35_44,estimated,-1
ddd_pretrend::B::age_pnad::age_35_44::asinh_saldo,asinh_saldo,ols,"C(event_time, contr.treatment(base=-1))[16]:treat_group",16,0.16254339734379636,0.7189598069408637,False,31870,341,family_B:age_pnad:age_35_44,estimated,-1
ddd_pretrend::B::age_pnad::age_35_44::asinh_saldo,asinh_saldo,ols,"C(event_time, contr.treatment(base=-1))[17]:treat_group",17,-0.3039727426431064,0.7061497986710914,False,31870,341,family_B:age_pnad:age_35_44,estimated,-1
ddd_pretrend::B::age_pnad::age_35_44::asinh_saldo,asinh_saldo,ols,"C(event_time, contr.treatment(base=-1))[18]:treat_group",18,-0.4056881812119782,0.7108463584095742,False,31870,341,family_B:age_pnad:age_35_44,estimated,-1
ddd_pretrend::B::age_pnad::age_35_44::asinh_saldo,asinh_saldo,ols,"C(event_time, contr.treatment(base=-1))[19]:treat_group",19,0.6537975353733263,0.668354693540396,False,31870,341,family_B:age_pnad:age_35_44,estimated,-1
ddd_pretrend::B::age_pnad::age_35_44::asinh_saldo,asinh_saldo,ols,"C(event_time, contr.treatment(base=-1))[20]:treat_group",20,0.9049671322846933,0.691945688820544,False,31870,341,family_B:age_pnad:age_35_44,estimated,-1
ddd_pretrend::B::age_pnad::age_35_44::asinh_saldo,asinh_saldo,ols,"C(event_time, contr.treatment(base=-1))[21]:treat_group",21,0.8900890847814197,0.6873948468386671,False,31870,341,family_B:age_pnad:age_35_44,estimated,-1
ddd_pretrend::B::age_pnad::age_35_44::asinh_saldo,asinh_saldo,ols,"C(event_time, contr.treatment(base=-1))[22]:treat_group",22,0.3376952153274916,0.6552489310648556,False,31870,341,family_B:age_pnad:age_35_44,estimated,-1
ddd_pretrend::B::age_pnad::age_35_44::asinh_saldo,asinh_saldo,ols,"C(event_time, contr.treatment(base=-1))[23]:treat_group",23,-0.01186571244516254,0.7014356572795458,False,31870,341,family_B:age_pnad:age_35_44,estimated,-1
ddd_pretrend::B::age_pnad::age_35_44::desligamentos,desligamentos,ppml,"C(event_time, contr.treatment(base=-1))[-23]:treat_group",-23,-0.03302949469647692,0.02036858772126174,False,31870,341,family_B:age_pnad:age_35_44,estimated,-1
ddd_pretrend::B::age_pnad::age_35_44::desligamentos,desligamentos,ppml,"C(event_time, contr.treatment(base=-1))[-22]:treat_group",-22,-0.03463158236100553,0.02093847769760244,False,31870,341,family_B:age_pnad:age_35_44,estimated,-1
ddd_pretrend::B::age_pnad::age_35_44::desligamentos,desligamentos,ppml,"C(event_time, contr.treatment(base=-1))[-21]:treat_group",-21,-0.001837718532916136,0.018548777752131512,False,31870,341,family_B:age_pnad:age_35_44,estimated,-1
ddd_pretrend::B::age_pnad::age_35_44::desligamentos,desligamentos,ppml,"C(event_time, contr.treatment(base=-1))[-20]:treat_group",-20,0.009810237561706498,0.021030312652759307,False,31870,341,family_B:age_pnad:age_35_44,estimated,-1
ddd_pretrend::B::age_pnad::age_35_44::desligamentos,desligamentos,ppml,"C(event_time, contr.treatment(base=-1))[-19]:treat_group",-19,-0.018052811207717807,0.023548074703670943,False,31870,341,family_B:age_pnad:age_35_44,estimated,-1
ddd_pretrend::B::age_pnad::age_35_44::desligamentos,desligamentos,ppml,"C(event_time, contr.treatment(base=-1))[-18]:treat_group",-18,-0.0245810974876034,0.023923923290691797,False,31870,341,family_B:age_pnad:age_35_44,estimated,-1
ddd_pretrend::B::age_pnad::age_35_44::desligamentos,desligamentos,ppml,"C(event_time, contr.treatment(base=-1))[-17]:treat_group",-17,-0.020005518710994555,0.019180291545823076,False,31870,341,family_B:age_pnad:age_35_44,estimated,-1
ddd_pretrend::B::age_pnad::age_35_44::desligamentos,desligamentos,ppml,"C(event_time, contr.treatment(base=-1))[-16]:treat_group",-16,-0.03522217883522242,0.019212944096111927,False,31870,341,family_B:age_pnad:age_35_44,estimated,-1
ddd_pretrend::B::age_pnad::age_35_44::desligamentos,desligamentos,ppml,"C(event_time, contr.treatment(base=-1))[-15]:treat_group",-15,-0.005295647273977234,0.017744430719710973,False,31870,341,family_B:age_pnad:age_35_44,estimated,-1
ddd_pretrend::B::age_pnad::age_35_44::desligamentos,desligamentos,ppml,"C(event_time, contr.treatment(base=-1))[-14]:treat_group",-14,0.004347411763908775,0.016497999447990637,False,31870,341,family_B:age_pnad:age_35_44,estimated,-1
ddd_pretrend::B::age_pnad::age_35_44::desligamentos,desligamentos,ppml,"C(event_time, contr.treatment(base=-1))[-13]:treat_group",-13,0.010876281746217777,0.012098048782477855,False,31870,341,family_B:age_pnad:age_35_44,estimated,-1
ddd_pretrend::B::age_pnad::age_35_44::desligamentos,desligamentos,ppml,"C(event_time, contr.treatment(base=-1))[-12]:treat_group",-12,-0.01877171517510201,0.019401297242818687,False,31870,341,family_B:age_pnad:age_35_44,estimated,-1
ddd_pretrend::B::age_pnad::age_35_44::desligamentos,desligamentos,ppml,"C(event_time, contr.treatment(base=-1))[-11]:treat_group",-11,-0.02183858532046135,0.015587781731887742,False,31870,341,family_B:age_pnad:age_35_44,estimated,-1
ddd_pretrend::B::age_pnad::age_35_44::desligamentos,desligamentos,ppml,"C(event_time, contr.treatment(base=-1))[-10]:treat_group",-10,-0.010239710640440993,0.013105683933985198,False,31870,341,family_B:age_pnad:age_35_44,estimated,-1
ddd_pretrend::B::age_pnad::age_35_44::desligamentos,desligamentos,ppml,"C(event_time, contr.treatment(base=-1))[-9]:treat_group",-9,-0.006100252438913305,0.013294765712873677,False,31870,341,family_B:age_pnad:age_35_44,estimated,-1
ddd_pretrend::B::age_pnad::age_35_44::desligamentos,desligamentos,ppml,"C(event_time, contr.treatment(base=-1))[-8]:treat_group",-8,0.007353283518256212,0.014454895868354061,False,31870,341,family_B:age_pnad:age_35_44,estimated,-1
ddd_pretrend::B::age_pnad::age_35_44::desligamentos,desligamentos,ppml,"C(event_time, contr.treatment(base=-1))[-7]:treat_group",-7,-0.011447503986773213,0.013612746619897757,False,31870,341,family_B:age_pnad:age_35_44,estimated,-1
ddd_pretrend::B::age_pnad::age_35_44::desligamentos,desligamentos,ppml,"C(event_time, contr.treatment(base=-1))[-6]:treat_group",-6,-0.003028322630216215,0.013065297560864155,False,31870,341,family_B:age_pnad:age_35_44,estimated,-1
ddd_pretrend::B::age_pnad::age_35_44::desligamentos,desligamentos,ppml,"C(event_time, contr.treatment(base=-1))[-5]:treat_group",-5,-0.021849294764170604,0.014714070501606367,False,31870,341,family_B:age_pnad:age_35_44,estimated,-1
ddd_pretrend::B::age_pnad::age_35_44::desligamentos,desligamentos,ppml,"C(event_time, contr.treatment(base=-1))[-4]:treat_group",-4,-0.017527158284945606,0.016681143332911628,False,31870,341,family_B:age_pnad:age_35_44,estimated,-1
ddd_pretrend::B::age_pnad::age_35_44::desligamentos,desligamentos,ppml,"C(event_time, contr.treatment(base=-1))[-3]:treat_group",-3,-0.001239599253522065,0.013932857992427876,False,31870,341,family_B:age_pnad:age_35_44,estimated,-1
ddd_pretrend::B::age_pnad::age_35_44::desligamentos,desligamentos,ppml,"C(event_time, contr.treatment(base=-1))[-2]:treat_group",-2,0.0132725055934949,0.009735820657447302,False,31870,341,family_B:age_pnad:age_35_44,estimated,-1
ddd_pretrend::B::age_pnad::age_35_44::desligamentos,desligamentos,ppml,reference_event_time,-1,0.0,0.0,True,31870,341,family_B:age_pnad:age_35_44,estimated,-1
ddd_pretrend::B::age_pnad::age_35_44::desligamentos,desligamentos,ppml,"C(event_time, contr.treatment(base=-1))[0]:treat_group",0,-0.010132044924644904,0.021696448785235162,False,31870,341,family_B:age_pnad:age_35_44,estimated,-1
ddd_pretrend::B::age_pnad::age_35_44::desligamentos,desligamentos,ppml,"C(event_time, contr.treatment(base=-1))[1]:treat_group",1,-0.003086696582396388,0.011133717018542051,False,31870,341,family_B:age_pnad:age_35_44,estimated,-1
ddd_pretrend::B::age_pnad::age_35_44::desligamentos,desligamentos,ppml,"C(event_time, contr.treatment(base=-1))[2]:treat_group",2,-0.0011256411923615528,0.013828314421070435,False,31870,341,family_B:age_pnad:age_35_44,estimated,-1
ddd_pretrend::B::age_pnad::age_35_44::desligamentos,desligamentos,ppml,"C(event_time, contr.treatment(base=-1))[3]:treat_group",3,0.002918321629761467,0.019335534632403905,False,31870,341,family_B:age_pnad:age_35_44,estimated,-1
ddd_pretrend::B::age_pnad::age_35_44::desligamentos,desligamentos,ppml,"C(event_time, contr.treatment(base=-1))[4]:treat_group",4,-0.014717674770063452,0.017499111702057802,False,31870,341,family_B:age_pnad:age_35_44,estimated,-1
ddd_pretrend::B::age_pnad::age_35_44::desligamentos,desligamentos,ppml,"C(event_time, contr.treatment(base=-1))[5]:treat_group",5,-0.010298631219708311,0.020879102511577385,False,31870,341,family_B:age_pnad:age_35_44,estimated,-1
ddd_pretrend::B::age_pnad::age_35_44::desligamentos,desligamentos,ppml,"C(event_time, contr.treatment(base=-1))[6]:treat_group",6,-0.0037811147315883653,0.02024181988870827,False,31870,341,family_B:age_pnad:age_35_44,estimated,-1
ddd_pretrend::B::age_pnad::age_35_44::desligamentos,desligamentos,ppml,"C(event_time, contr.treatment(base=-1))[7]:treat_group",7,-0.01215868109267281,0.023622339068485605,False,31870,341,family_B:age_pnad:age_35_44,estimated,-1
ddd_pretrend::B::age_pnad::age_35_44::desligamentos,desligamentos,ppml,"C(event_time, contr.treatment(base=-1))[8]:treat_group",8,-0.007299765099872278,0.022473257171618907,False,31870,341,family_B:age_pnad:age_35_44,estimated,-1
ddd_pretrend::B::age_pnad::age_35_44::desligamentos,desligamentos,ppml,"C(event_time, contr.treatment(base=-1))[9]:treat_group",9,-0.0037085530370049554,0.021261059584029046,False,31870,341,family_B:age_pnad:age_35_44,estimated,-1
ddd_pretrend::B::age_pnad::age_35_44::desligamentos,desligamentos,ppml,"C(event_time, contr.treatment(base=-1))[10]:treat_group",10,-0.0017268248647685869,0.017006178246248636,False,31870,341,family_B:age_pnad:age_35_44,estimated,-1
ddd_pretrend::B::age_pnad::age_35_44::desligamentos,desligamentos,ppml,"C(event_time, contr.treatment(base=-1))[11]:treat_group",11,0.00810130899320216,0.017632977367043754,False,31870,341,family_B:age_pnad:age_35_44,estimated,-1
ddd_pretrend::B::age_pnad::age_35_44::desligamentos,desligamentos,ppml,"C(event_time, contr.treatment(base=-1))[12]:treat_group",12,-0.007547977071513816,0.02684633622348526,False,31870,341,family_B:age_pnad:age_35_44,estimated,-1
ddd_pretrend::B::age_pnad::age_35_44::desligamentos,desligamentos,ppml,"C(event_time, contr.treatment(base=-1))[13]:treat_group",13,-0.004727357533891336,0.022011570260231848,False,31870,341,family_B:age_pnad:age_35_44,estimated,-1
ddd_pretrend::B::age_pnad::age_35_44::desligamentos,desligamentos,ppml,"C(event_time, contr.treatment(base=-1))[14]:treat_group",14,0.00014614413324062165,0.02378493002459455,False,31870,341,family_B:age_pnad:age_35_44,estimated,-1
ddd_pretrend::B::age_pnad::age_35_44::desligamentos,desligamentos,ppml,"C(event_time, contr.treatment(base=-1))[15]:treat_group",15,0.010428649428301828,0.021957382555275243,False,31870,341,family_B:age_pnad:age_35_44,estimated,-1
ddd_pretrend::B::age_pnad::age_35_44::desligamentos,desligamentos,ppml,"C(event_time, contr.treatment(base=-1))[16]:treat_group",16,0.008875011937998526,0.02052809874892611,False,31870,341,family_B:age_pnad:age_35_44,estimated,-1
ddd_pretrend::B::age_pnad::age_35_44::desligamentos,desligamentos,ppml,"C(event_time, contr.treatment(base=-1))[17]:treat_group",17,0.010850598402578284,0.017822065121141803,False,31870,341,family_B:age_pnad:age_35_44,estimated,-1
ddd_pretrend::B::age_pnad::age_35_44::desligamentos,desligamentos,ppml,"C(event_time, contr.treatment(base=-1))[18]:treat_group",18,0.012381769535466068,0.023683066695344247,False,31870,341,family_B:age_pnad:age_35_44,estimated,-1
ddd_pretrend::B::age_pnad::age_35_44::desligamentos,desligamentos,ppml,"C(event_time, contr.treatment(base=-1))[19]:treat_group",19,0.00032088196343816537,0.020242360163796453,False,31870,341,family_B:age_pnad:age_35_44,estimated,-1
ddd_pretrend::B::age_pnad::age_35_44::desligamentos,desligamentos,ppml,"C(event_time, contr.treatment(base=-1))[20]:treat_group",20,-0.005527383554986753,0.020928584056645265,False,31870,341,family_B:age_pnad:age_35_44,estimated,-1
ddd_pretrend::B::age_pnad::age_35_44::desligamentos,desligamentos,ppml,"C(event_time, contr.treatment(base=-1))[21]:treat_group",21,0.008944924553336083,0.025436862482634704,False,31870,341,family_B:age_pnad:age_35_44,estimated,-1
ddd_pretrend::B::age_pnad::age_35_44::desligamentos,desligamentos,ppml,"C(event_time, contr.treatment(base=-1))[22]:treat_group",22,0.01725311930104784,0.01976163494475184,False,31870,341,family_B:age_pnad:age_35_44,estimated,-1
ddd_pretrend::B::age_pnad::age_35_44::desligamentos,desligamentos,ppml,"C(event_time, contr.treatment(base=-1))[23]:treat_group",23,0.034503864506231566,0.021980695418664882,False,31870,341,family_B:age_pnad:age_35_44,estimated,-1
ddd_pretrend::B::age_pnad::age_35_44::ln_salario_real_adm,ln_salario_real_adm,ols,"C(event_time, contr.treatment(base=-1))[-23]:treat_group",-23,0.04382595781366458,0.021916437545394175,False,31664,341,family_B:age_pnad:age_35_44,estimated,-1
ddd_pretrend::B::age_pnad::age_35_44::ln_salario_real_adm,ln_salario_real_adm,ols,"C(event_time, contr.treatment(base=-1))[-22]:treat_group",-22,0.01076282874846755,0.03365523161107192,False,31664,341,family_B:age_pnad:age_35_44,estimated,-1
ddd_pretrend::B::age_pnad::age_35_44::ln_salario_real_adm,ln_salario_real_adm,ols,"C(event_time, contr.treatment(base=-1))[-21]:treat_group",-21,0.03508413096626451,0.04281852356556417,False,31664,341,family_B:age_pnad:age_35_44,estimated,-1
ddd_pretrend::B::age_pnad::age_35_44::ln_salario_real_adm,ln_salario_real_adm,ols,"C(event_time, contr.treatment(base=-1))[-20]:treat_group",-20,0.01699358040801246,0.02664170462334953,False,31664,341,family_B:age_pnad:age_35_44,estimated,-1
ddd_pretrend::B::age_pnad::age_35_44::ln_salario_real_adm,ln_salario_real_adm,ols,"C(event_time, contr.treatment(base=-1))[-19]:treat_group",-19,0.044142745888880855,0.04015010916101673,False,31664,341,family_B:age_pnad:age_35_44,estimated,-1
ddd_pretrend::B::age_pnad::age_35_44::ln_salario_real_adm,ln_salario_real_adm,ols,"C(event_time, contr.treatment(base=-1))[-18]:treat_group",-18,0.07304678011520327,0.027772651066470463,False,31664,341,family_B:age_pnad:age_35_44,estimated,-1
ddd_pretrend::B::age_pnad::age_35_44::ln_salario_real_adm,ln_salario_real_adm,ols,"C(event_time, contr.treatment(base=-1))[-17]:treat_group",-17,0.04143425248322251,0.027503941489268997,False,31664,341,family_B:age_pnad:age_35_44,estimated,-1
ddd_pretrend::B::age_pnad::age_35_44::ln_salario_real_adm,ln_salario_real_adm,ols,"C(event_time, contr.treatment(base=-1))[-16]:treat_group",-16,0.042984435394874905,0.031416465762635765,False,31664,341,family_B:age_pnad:age_35_44,estimated,-1
ddd_pretrend::B::age_pnad::age_35_44::ln_salario_real_adm,ln_salario_real_adm,ols,"C(event_time, contr.treatment(base=-1))[-15]:treat_group",-15,0.06130957431496255,0.027425981884777857,False,31664,341,family_B:age_pnad:age_35_44,estimated,-1
ddd_pretrend::B::age_pnad::age_35_44::ln_salario_real_adm,ln_salario_real_adm,ols,"C(event_time, contr.treatment(base=-1))[-14]:treat_group",-14,0.02530121136731311,0.03066243262041247,False,31664,341,family_B:age_pnad:age_35_44,estimated,-1
ddd_pretrend::B::age_pnad::age_35_44::ln_salario_real_adm,ln_salario_real_adm,ols,"C(event_time, contr.treatment(base=-1))[-13]:treat_group",-13,0.04732066349810195,0.028143839578070606,False,31664,341,family_B:age_pnad:age_35_44,estimated,-1
ddd_pretrend::B::age_pnad::age_35_44::ln_salario_real_adm,ln_salario_real_adm,ols,"C(event_time, contr.treatment(base=-1))[-12]:treat_group",-12,0.10690222309131521,0.0581796972489256,False,31664,341,family_B:age_pnad:age_35_44,estimated,-1
ddd_pretrend::B::age_pnad::age_35_44::ln_salario_real_adm,ln_salario_real_adm,ols,"C(event_time, contr.treatment(base=-1))[-11]:treat_group",-11,0.030813026495743072,0.02700441537590411,False,31664,341,family_B:age_pnad:age_35_44,estimated,-1
ddd_pretrend::B::age_pnad::age_35_44::ln_salario_real_adm,ln_salario_real_adm,ols,"C(event_time, contr.treatment(base=-1))[-10]:treat_group",-10,0.013226393099508354,0.01901778950965135,False,31664,341,family_B:age_pnad:age_35_44,estimated,-1
ddd_pretrend::B::age_pnad::age_35_44::ln_salario_real_adm,ln_salario_real_adm,ols,"C(event_time, contr.treatment(base=-1))[-9]:treat_group",-9,0.04825418815153014,0.02859642604141576,False,31664,341,family_B:age_pnad:age_35_44,estimated,-1
ddd_pretrend::B::age_pnad::age_35_44::ln_salario_real_adm,ln_salario_real_adm,ols,"C(event_time, contr.treatment(base=-1))[-8]:treat_group",-8,0.015813687940687684,0.02896702401849964,False,31664,341,family_B:age_pnad:age_35_44,estimated,-1
ddd_pretrend::B::age_pnad::age_35_44::ln_salario_real_adm,ln_salario_real_adm,ols,"C(event_time, contr.treatment(base=-1))[-7]:treat_group",-7,0.009034663479832896,0.02488254752439835,False,31664,341,family_B:age_pnad:age_35_44,estimated,-1
ddd_pretrend::B::age_pnad::age_35_44::ln_salario_real_adm,ln_salario_real_adm,ols,"C(event_time, contr.treatment(base=-1))[-6]:treat_group",-6,0.04888306088906627,0.02654129771692777,False,31664,341,family_B:age_pnad:age_35_44,estimated,-1
ddd_pretrend::B::age_pnad::age_35_44::ln_salario_real_adm,ln_salario_real_adm,ols,"C(event_time, contr.treatment(base=-1))[-5]:treat_group",-5,0.017965297268222418,0.03476744365096773,False,31664,341,family_B:age_pnad:age_35_44,estimated,-1
ddd_pretrend::B::age_pnad::age_35_44::ln_salario_real_adm,ln_salario_real_adm,ols,"C(event_time, contr.treatment(base=-1))[-4]:treat_group",-4,0.03614248835072428,0.026094052879500614,False,31664,341,family_B:age_pnad:age_35_44,estimated,-1
ddd_pretrend::B::age_pnad::age_35_44::ln_salario_real_adm,ln_salario_real_adm,ols,"C(event_time, contr.treatment(base=-1))[-3]:treat_group",-3,0.043775314197974334,0.038614708577525574,False,31664,341,family_B:age_pnad:age_35_44,estimated,-1
ddd_pretrend::B::age_pnad::age_35_44::ln_salario_real_adm,ln_salario_real_adm,ols,"C(event_time, contr.treatment(base=-1))[-2]:treat_group",-2,0.02645175225995251,0.021471373436476985,False,31664,341,family_B:age_pnad:age_35_44,estimated,-1
ddd_pretrend::B::age_pnad::age_35_44::ln_salario_real_adm,ln_salario_real_adm,ols,reference_event_time,-1,0.0,0.0,True,31664,341,family_B:age_pnad:age_35_44,estimated,-1
ddd_pretrend::B::age_pnad::age_35_44::ln_salario_real_adm,ln_salario_real_adm,ols,"C(event_time, contr.treatment(base=-1))[0]:treat_group",0,0.060799266604322874,0.0327684389894463,False,31664,341,family_B:age_pnad:age_35_44,estimated,-1
ddd_pretrend::B::age_pnad::age_35_44::ln_salario_real_adm,ln_salario_real_adm,ols,"C(event_time, contr.treatment(base=-1))[1]:treat_group",1,0.06593510208677353,0.03029228610931433,False,31664,341,family_B:age_pnad:age_35_44,estimated,-1
ddd_pretrend::B::age_pnad::age_35_44::ln_salario_real_adm,ln_salario_real_adm,ols,"C(event_time, contr.treatment(base=-1))[2]:treat_group",2,0.0425479256565265,0.030236729750547107,False,31664,341,family_B:age_pnad:age_35_44,estimated,-1
ddd_pretrend::B::age_pnad::age_35_44::ln_salario_real_adm,ln_salario_real_adm,ols,"C(event_time, contr.treatment(base=-1))[3]:treat_group",3,0.024248212623255095,0.03403085711114756,False,31664,341,family_B:age_pnad:age_35_44,estimated,-1
ddd_pretrend::B::age_pnad::age_35_44::ln_salario_real_adm,ln_salario_real_adm,ols,"C(event_time, contr.treatment(base=-1))[4]:treat_group",4,0.02314179599462694,0.024986993838258482,False,31664,341,family_B:age_pnad:age_35_44,estimated,-1
ddd_pretrend::B::age_pnad::age_35_44::ln_salario_real_adm,ln_salario_real_adm,ols,"C(event_time, contr.treatment(base=-1))[5]:treat_group",5,0.022130134312143918,0.033728635407950694,False,31664,341,family_B:age_pnad:age_35_44,estimated,-1
ddd_pretrend::B::age_pnad::age_35_44::ln_salario_real_adm,ln_salario_real_adm,ols,"C(event_time, contr.treatment(base=-1))[6]:treat_group",6,0.012349625155673694,0.02274697573873242,False,31664,341,family_B:age_pnad:age_35_44,estimated,-1
ddd_pretrend::B::age_pnad::age_35_44::ln_salario_real_adm,ln_salario_real_adm,ols,"C(event_time, contr.treatment(base=-1))[7]:treat_group",7,0.00727140816254536,0.027212307719925322,False,31664,341,family_B:age_pnad:age_35_44,estimated,-1
ddd_pretrend::B::age_pnad::age_35_44::ln_salario_real_adm,ln_salario_real_adm,ols,"C(event_time, contr.treatment(base=-1))[8]:treat_group",8,0.017927481387578322,0.03139531961216761,False,31664,341,family_B:age_pnad:age_35_44,estimated,-1
ddd_pretrend::B::age_pnad::age_35_44::ln_salario_real_adm,ln_salario_real_adm,ols,"C(event_time, contr.treatment(base=-1))[9]:treat_group",9,0.00569873100295362,0.032790395833550375,False,31664,341,family_B:age_pnad:age_35_44,estimated,-1
ddd_pretrend::B::age_pnad::age_35_44::ln_salario_real_adm,ln_salario_real_adm,ols,"C(event_time, contr.treatment(base=-1))[10]:treat_group",10,0.019315666813458237,0.027948884859397147,False,31664,341,family_B:age_pnad:age_35_44,estimated,-1
ddd_pretrend::B::age_pnad::age_35_44::ln_salario_real_adm,ln_salario_real_adm,ols,"C(event_time, contr.treatment(base=-1))[11]:treat_group",11,0.0529610859967933,0.04500940346344016,False,31664,341,family_B:age_pnad:age_35_44,estimated,-1
ddd_pretrend::B::age_pnad::age_35_44::ln_salario_real_adm,ln_salario_real_adm,ols,"C(event_time, contr.treatment(base=-1))[12]:treat_group",12,0.024859269969355325,0.0329263817400933,False,31664,341,family_B:age_pnad:age_35_44,estimated,-1
ddd_pretrend::B::age_pnad::age_35_44::ln_salario_real_adm,ln_salario_real_adm,ols,"C(event_time, contr.treatment(base=-1))[13]:treat_group",13,0.01997077059295238,0.024579773317891258,False,31664,341,family_B:age_pnad:age_35_44,estimated,-1
ddd_pretrend::B::age_pnad::age_35_44::ln_salario_real_adm,ln_salario_real_adm,ols,"C(event_time, contr.treatment(base=-1))[14]:treat_group",14,0.024342054086362364,0.028152396223602244,False,31664,341,family_B:age_pnad:age_35_44,estimated,-1
ddd_pretrend::B::age_pnad::age_35_44::ln_salario_real_adm,ln_salario_real_adm,ols,"C(event_time, contr.treatment(base=-1))[15]:treat_group",15,0.01751310167352923,0.02175868986950098,False,31664,341,family_B:age_pnad:age_35_44,estimated,-1
ddd_pretrend::B::age_pnad::age_35_44::ln_salario_real_adm,ln_salario_real_adm,ols,"C(event_time, contr.treatment(base=-1))[16]:treat_group",16,0.05986471587839617,0.026608533619322108,False,31664,341,family_B:age_pnad:age_35_44,estimated,-1
ddd_pretrend::B::age_pnad::age_35_44::ln_salario_real_adm,ln_salario_real_adm,ols,"C(event_time, contr.treatment(base=-1))[17]:treat_group",17,0.008366959860759398,0.02474453071075608,False,31664,341,family_B:age_pnad:age_35_44,estimated,-1
ddd_pretrend::B::age_pnad::age_35_44::ln_salario_real_adm,ln_salario_real_adm,ols,"C(event_time, contr.treatment(base=-1))[18]:treat_group",18,0.020833701450554905,0.023644682940690043,False,31664,341,family_B:age_pnad:age_35_44,estimated,-1
ddd_pretrend::B::age_pnad::age_35_44::ln_salario_real_adm,ln_salario_real_adm,ols,"C(event_time, contr.treatment(base=-1))[19]:treat_group",19,0.04443631197491268,0.03712712683898461,False,31664,341,family_B:age_pnad:age_35_44,estimated,-1
ddd_pretrend::B::age_pnad::age_35_44::ln_salario_real_adm,ln_salario_real_adm,ols,"C(event_time, contr.treatment(base=-1))[20]:treat_group",20,-0.005089398102223666,0.036271126833864006,False,31664,341,family_B:age_pnad:age_35_44,estimated,-1
ddd_pretrend::B::age_pnad::age_35_44::ln_salario_real_adm,ln_salario_real_adm,ols,"C(event_time, contr.treatment(base=-1))[21]:treat_group",21,0.01357532530141948,0.02475918289526129,False,31664,341,family_B:age_pnad:age_35_44,estimated,-1
ddd_pretrend::B::age_pnad::age_35_44::ln_salario_real_adm,ln_salario_real_adm,ols,"C(event_time, contr.treatment(base=-1))[22]:treat_group",22,0.029510985069826096,0.02163983042328111,False,31664,341,family_B:age_pnad:age_35_44,estimated,-1
ddd_pretrend::B::age_pnad::age_35_44::ln_salario_real_adm,ln_salario_real_adm,ols,"C(event_time, contr.treatment(base=-1))[23]:treat_group",23,0.06228059725905352,0.02723814450447022,False,31664,341,family_B:age_pnad:age_35_44,estimated,-1
ddd_pretrend::B::age_pnad::age_35_44::n_movimentacoes,n_movimentacoes,ppml,"C(event_time, contr.treatment(base=-1))[-23]:treat_group",-23,-0.01148055497178978,0.02302029286096115,False,31870,341,family_B:age_pnad:age_35_44,estimated,-1
ddd_pretrend::B::age_pnad::age_35_44::n_movimentacoes,n_movimentacoes,ppml,"C(event_time, contr.treatment(base=-1))[-22]:treat_group",-22,-0.018695998173796226,0.02650589280798597,False,31870,341,family_B:age_pnad:age_35_44,estimated,-1
ddd_pretrend::B::age_pnad::age_35_44::n_movimentacoes,n_movimentacoes,ppml,"C(event_time, contr.treatment(base=-1))[-21]:treat_group",-21,0.012575879543790755,0.022670472268181797,False,31870,341,family_B:age_pnad:age_35_44,estimated,-1
ddd_pretrend::B::age_pnad::age_35_44::n_movimentacoes,n_movimentacoes,ppml,"C(event_time, contr.treatment(base=-1))[-20]:treat_group",-20,0.007585268379027295,0.02727547395656889,False,31870,341,family_B:age_pnad:age_35_44,estimated,-1
ddd_pretrend::B::age_pnad::age_35_44::n_movimentacoes,n_movimentacoes,ppml,"C(event_time, contr.treatment(base=-1))[-19]:treat_group",-19,-0.016463616000519384,0.02388889330159433,False,31870,341,family_B:age_pnad:age_35_44,estimated,-1
ddd_pretrend::B::age_pnad::age_35_44::n_movimentacoes,n_movimentacoes,ppml,"C(event_time, contr.treatment(base=-1))[-18]:treat_group",-18,-0.02286159227841865,0.023352406012866297,False,31870,341,family_B:age_pnad:age_35_44,estimated,-1
ddd_pretrend::B::age_pnad::age_35_44::n_movimentacoes,n_movimentacoes,ppml,"C(event_time, contr.treatment(base=-1))[-17]:treat_group",-17,-0.013297038465745223,0.019378928583199766,False,31870,341,family_B:age_pnad:age_35_44,estimated,-1
ddd_pretrend::B::age_pnad::age_35_44::n_movimentacoes,n_movimentacoes,ppml,"C(event_time, contr.treatment(base=-1))[-16]:treat_group",-16,-0.01451001215017048,0.02032944450853182,False,31870,341,family_B:age_pnad:age_35_44,estimated,-1
ddd_pretrend::B::age_pnad::age_35_44::n_movimentacoes,n_movimentacoes,ppml,"C(event_time, contr.treatment(base=-1))[-15]:treat_group",-15,0.003768642519065497,0.017606546105048134,False,31870,341,family_B:age_pnad:age_35_44,estimated,-1
ddd_pretrend::B::age_pnad::age_35_44::n_movimentacoes,n_movimentacoes,ppml,"C(event_time, contr.treatment(base=-1))[-14]:treat_group",-14,0.00961728122786131,0.01654722535889172,False,31870,341,family_B:age_pnad:age_35_44,estimated,-1
ddd_pretrend::B::age_pnad::age_35_44::n_movimentacoes,n_movimentacoes,ppml,"C(event_time, contr.treatment(base=-1))[-13]:treat_group",-13,-0.00746137986493132,0.011547907639274236,False,31870,341,family_B:age_pnad:age_35_44,estimated,-1
ddd_pretrend::B::age_pnad::age_35_44::n_movimentacoes,n_movimentacoes,ppml,"C(event_time, contr.treatment(base=-1))[-12]:treat_group",-12,-0.01833099169182676,0.014971863739947636,False,31870,341,family_B:age_pnad:age_35_44,estimated,-1
ddd_pretrend::B::age_pnad::age_35_44::n_movimentacoes,n_movimentacoes,ppml,"C(event_time, contr.treatment(base=-1))[-11]:treat_group",-11,0.00677533742557757,0.014888475728224534,False,31870,341,family_B:age_pnad:age_35_44,estimated,-1
ddd_pretrend::B::age_pnad::age_35_44::n_movimentacoes,n_movimentacoes,ppml,"C(event_time, contr.treatment(base=-1))[-10]:treat_group",-10,-0.010892688679956342,0.01794298010058878,False,31870,341,family_B:age_pnad:age_35_44,estimated,-1
ddd_pretrend::B::age_pnad::age_35_44::n_movimentacoes,n_movimentacoes,ppml,"C(event_time, contr.treatment(base=-1))[-9]:treat_group",-9,0.001206692234151183,0.013389327765786517,False,31870,341,family_B:age_pnad:age_35_44,estimated,-1
ddd_pretrend::B::age_pnad::age_35_44::n_movimentacoes,n_movimentacoes,ppml,"C(event_time, contr.treatment(base=-1))[-8]:treat_group",-8,0.01081596445539715,0.015562383972164515,False,31870,341,family_B:age_pnad:age_35_44,estimated,-1
ddd_pretrend::B::age_pnad::age_35_44::n_movimentacoes,n_movimentacoes,ppml,"C(event_time, contr.treatment(base=-1))[-7]:treat_group",-7,-0.0025875242251713346,0.014647289162609052,False,31870,341,family_B:age_pnad:age_35_44,estimated,-1
ddd_pretrend::B::age_pnad::age_35_44::n_movimentacoes,n_movimentacoes,ppml,"C(event_time, contr.treatment(base=-1))[-6]:treat_group",-6,-0.0012449971227587327,0.01366177223296397,False,31870,341,family_B:age_pnad:age_35_44,estimated,-1
ddd_pretrend::B::age_pnad::age_35_44::n_movimentacoes,n_movimentacoes,ppml,"C(event_time, contr.treatment(base=-1))[-5]:treat_group",-5,-0.0032039496372214095,0.013251721844844713,False,31870,341,family_B:age_pnad:age_35_44,estimated,-1
ddd_pretrend::B::age_pnad::age_35_44::n_movimentacoes,n_movimentacoes,ppml,"C(event_time, contr.treatment(base=-1))[-4]:treat_group",-4,0.004741058307709738,0.018308325531268033,False,31870,341,family_B:age_pnad:age_35_44,estimated,-1
ddd_pretrend::B::age_pnad::age_35_44::n_movimentacoes,n_movimentacoes,ppml,"C(event_time, contr.treatment(base=-1))[-3]:treat_group",-3,0.02057229962852329,0.01642154427348337,False,31870,341,family_B:age_pnad:age_35_44,estimated,-1
ddd_pretrend::B::age_pnad::age_35_44::n_movimentacoes,n_movimentacoes,ppml,"C(event_time, contr.treatment(base=-1))[-2]:treat_group",-2,0.020336846097603802,0.011688110043382573,False,31870,341,family_B:age_pnad:age_35_44,estimated,-1
ddd_pretrend::B::age_pnad::age_35_44::n_movimentacoes,n_movimentacoes,ppml,reference_event_time,-1,0.0,0.0,True,31870,341,family_B:age_pnad:age_35_44,estimated,-1
ddd_pretrend::B::age_pnad::age_35_44::n_movimentacoes,n_movimentacoes,ppml,"C(event_time, contr.treatment(base=-1))[0]:treat_group",0,-0.007602735373667453,0.01307907315113673,False,31870,341,family_B:age_pnad:age_35_44,estimated,-1
ddd_pretrend::B::age_pnad::age_35_44::n_movimentacoes,n_movimentacoes,ppml,"C(event_time, contr.treatment(base=-1))[1]:treat_group",1,0.005055771588264314,0.014679997612609056,False,31870,341,family_B:age_pnad:age_35_44,estimated,-1
ddd_pretrend::B::age_pnad::age_35_44::n_movimentacoes,n_movimentacoes,ppml,"C(event_time, contr.treatment(base=-1))[2]:treat_group",2,0.000499440671412266,0.018757639676372895,False,31870,341,family_B:age_pnad:age_35_44,estimated,-1
ddd_pretrend::B::age_pnad::age_35_44::n_movimentacoes,n_movimentacoes,ppml,"C(event_time, contr.treatment(base=-1))[3]:treat_group",3,0.005692508426166003,0.018083184551815297,False,31870,341,family_B:age_pnad:age_35_44,estimated,-1
ddd_pretrend::B::age_pnad::age_35_44::n_movimentacoes,n_movimentacoes,ppml,"C(event_time, contr.treatment(base=-1))[4]:treat_group",4,-0.002360383584725685,0.018476101537087255,False,31870,341,family_B:age_pnad:age_35_44,estimated,-1
ddd_pretrend::B::age_pnad::age_35_44::n_movimentacoes,n_movimentacoes,ppml,"C(event_time, contr.treatment(base=-1))[5]:treat_group",5,0.0001590123386611256,0.020208665681458415,False,31870,341,family_B:age_pnad:age_35_44,estimated,-1
ddd_pretrend::B::age_pnad::age_35_44::n_movimentacoes,n_movimentacoes,ppml,"C(event_time, contr.treatment(base=-1))[6]:treat_group",6,0.006549950306381258,0.018980611108345632,False,31870,341,family_B:age_pnad:age_35_44,estimated,-1
ddd_pretrend::B::age_pnad::age_35_44::n_movimentacoes,n_movimentacoes,ppml,"C(event_time, contr.treatment(base=-1))[7]:treat_group",7,-0.0025799203953053925,0.021640728624632843,False,31870,341,family_B:age_pnad:age_35_44,estimated,-1
ddd_pretrend::B::age_pnad::age_35_44::n_movimentacoes,n_movimentacoes,ppml,"C(event_time, contr.treatment(base=-1))[8]:treat_group",8,0.008798705402252475,0.022606661336177607,False,31870,341,family_B:age_pnad:age_35_44,estimated,-1
ddd_pretrend::B::age_pnad::age_35_44::n_movimentacoes,n_movimentacoes,ppml,"C(event_time, contr.treatment(base=-1))[9]:treat_group",9,0.01109244172709451,0.02167888542299943,False,31870,341,family_B:age_pnad:age_35_44,estimated,-1
ddd_pretrend::B::age_pnad::age_35_44::n_movimentacoes,n_movimentacoes,ppml,"C(event_time, contr.treatment(base=-1))[10]:treat_group",10,0.013096393288110972,0.016590314777652895,False,31870,341,family_B:age_pnad:age_35_44,estimated,-1
ddd_pretrend::B::age_pnad::age_35_44::n_movimentacoes,n_movimentacoes,ppml,"C(event_time, contr.treatment(base=-1))[11]:treat_group",11,0.023912375123002098,0.01458092892736633,False,31870,341,family_B:age_pnad:age_35_44,estimated,-1
ddd_pretrend::B::age_pnad::age_35_44::n_movimentacoes,n_movimentacoes,ppml,"C(event_time, contr.treatment(base=-1))[12]:treat_group",12,0.0010688059474462071,0.016686693333483663,False,31870,341,family_B:age_pnad:age_35_44,estimated,-1
ddd_pretrend::B::age_pnad::age_35_44::n_movimentacoes,n_movimentacoes,ppml,"C(event_time, contr.treatment(base=-1))[13]:treat_group",13,0.018184687071254056,0.021817200193836043,False,31870,341,family_B:age_pnad:age_35_44,estimated,-1
ddd_pretrend::B::age_pnad::age_35_44::n_movimentacoes,n_movimentacoes,ppml,"C(event_time, contr.treatment(base=-1))[14]:treat_group",14,0.007608187280623388,0.023581198581377482,False,31870,341,family_B:age_pnad:age_35_44,estimated,-1
ddd_pretrend::B::age_pnad::age_35_44::n_movimentacoes,n_movimentacoes,ppml,"C(event_time, contr.treatment(base=-1))[15]:treat_group",15,0.017494578076411135,0.021113339466611827,False,31870,341,family_B:age_pnad:age_35_44,estimated,-1
ddd_pretrend::B::age_pnad::age_35_44::n_movimentacoes,n_movimentacoes,ppml,"C(event_time, contr.treatment(base=-1))[16]:treat_group",16,0.027779795028437453,0.02275931206415983,False,31870,341,family_B:age_pnad:age_35_44,estimated,-1
ddd_pretrend::B::age_pnad::age_35_44::n_movimentacoes,n_movimentacoes,ppml,"C(event_time, contr.treatment(base=-1))[17]:treat_group",17,0.02633816352858001,0.01822144425734807,False,31870,341,family_B:age_pnad:age_35_44,estimated,-1
ddd_pretrend::B::age_pnad::age_35_44::n_movimentacoes,n_movimentacoes,ppml,"C(event_time, contr.treatment(base=-1))[18]:treat_group",18,0.026273729896247825,0.020908928189339916,False,31870,341,family_B:age_pnad:age_35_44,estimated,-1
ddd_pretrend::B::age_pnad::age_35_44::n_movimentacoes,n_movimentacoes,ppml,"C(event_time, contr.treatment(base=-1))[19]:treat_group",19,0.024018408397084298,0.019034317134084173,False,31870,341,family_B:age_pnad:age_35_44,estimated,-1
ddd_pretrend::B::age_pnad::age_35_44::n_movimentacoes,n_movimentacoes,ppml,"C(event_time, contr.treatment(base=-1))[20]:treat_group",20,0.022081259531168372,0.02382187841279637,False,31870,341,family_B:age_pnad:age_35_44,estimated,-1
ddd_pretrend::B::age_pnad::age_35_44::n_movimentacoes,n_movimentacoes,ppml,"C(event_time, contr.treatment(base=-1))[21]:treat_group",21,0.03176840812057339,0.026448317197343668,False,31870,341,family_B:age_pnad:age_35_44,estimated,-1
ddd_pretrend::B::age_pnad::age_35_44::n_movimentacoes,n_movimentacoes,ppml,"C(event_time, contr.treatment(base=-1))[22]:treat_group",22,0.029383514684905736,0.022509262985629205,False,31870,341,family_B:age_pnad:age_35_44,estimated,-1
ddd_pretrend::B::age_pnad::age_35_44::n_movimentacoes,n_movimentacoes,ppml,"C(event_time, contr.treatment(base=-1))[23]:treat_group",23,0.03672354801989304,0.02038007549076758,False,31870,341,family_B:age_pnad:age_35_44,estimated,-1
ddd_pretrend::B::age_pnad::age_45_54::admissoes,admissoes,ppml,"C(event_time, contr.treatment(base=-1))[-23]:treat_group",-23,0.047238699648279446,0.046214177830088354,False,31870,341,family_B:age_pnad:age_45_54,estimated,-1
ddd_pretrend::B::age_pnad::age_45_54::admissoes,admissoes,ppml,"C(event_time, contr.treatment(base=-1))[-22]:treat_group",-22,0.0015194779636903135,0.049203547790611486,False,31870,341,family_B:age_pnad:age_45_54,estimated,-1
ddd_pretrend::B::age_pnad::age_45_54::admissoes,admissoes,ppml,"C(event_time, contr.treatment(base=-1))[-21]:treat_group",-21,0.041750239164751804,0.03936665891400536,False,31870,341,family_B:age_pnad:age_45_54,estimated,-1
ddd_pretrend::B::age_pnad::age_45_54::admissoes,admissoes,ppml,"C(event_time, contr.treatment(base=-1))[-20]:treat_group",-20,-0.002466947524259672,0.049851314785946885,False,31870,341,family_B:age_pnad:age_45_54,estimated,-1
ddd_pretrend::B::age_pnad::age_45_54::admissoes,admissoes,ppml,"C(event_time, contr.treatment(base=-1))[-19]:treat_group",-19,-0.03817908277646319,0.04677136983029769,False,31870,341,family_B:age_pnad:age_45_54,estimated,-1
ddd_pretrend::B::age_pnad::age_45_54::admissoes,admissoes,ppml,"C(event_time, contr.treatment(base=-1))[-18]:treat_group",-18,-0.03822239112556675,0.04373846590362799,False,31870,341,family_B:age_pnad:age_45_54,estimated,-1
ddd_pretrend::B::age_pnad::age_45_54::admissoes,admissoes,ppml,"C(event_time, contr.treatment(base=-1))[-17]:treat_group",-17,-0.017914462923588725,0.03566275333664145,False,31870,341,family_B:age_pnad:age_45_54,estimated,-1
ddd_pretrend::B::age_pnad::age_45_54::admissoes,admissoes,ppml,"C(event_time, contr.treatment(base=-1))[-16]:treat_group",-16,-0.024265087742246713,0.03443079349729506,False,31870,341,family_B:age_pnad:age_45_54,estimated,-1
ddd_pretrend::B::age_pnad::age_45_54::admissoes,admissoes,ppml,"C(event_time, contr.treatment(base=-1))[-15]:treat_group",-15,0.003230111991936221,0.03780164404762385,False,31870,341,family_B:age_pnad:age_45_54,estimated,-1
ddd_pretrend::B::age_pnad::age_45_54::admissoes,admissoes,ppml,"C(event_time, contr.treatment(base=-1))[-14]:treat_group",-14,-0.011189440834714822,0.027603517204270192,False,31870,341,family_B:age_pnad:age_45_54,estimated,-1
ddd_pretrend::B::age_pnad::age_45_54::admissoes,admissoes,ppml,"C(event_time, contr.treatment(base=-1))[-13]:treat_group",-13,-0.04962063381444732,0.03077449745793107,False,31870,341,family_B:age_pnad:age_45_54,estimated,-1
ddd_pretrend::B::age_pnad::age_45_54::admissoes,admissoes,ppml,"C(event_time, contr.treatment(base=-1))[-12]:treat_group",-12,-0.0721081655226628,0.03134946601295835,False,31870,341,family_B:age_pnad:age_45_54,estimated,-1
ddd_pretrend::B::age_pnad::age_45_54::admissoes,admissoes,ppml,"C(event_time, contr.treatment(base=-1))[-11]:treat_group",-11,0.020653941188783446,0.033213410150149135,False,31870,341,family_B:age_pnad:age_45_54,estimated,-1
ddd_pretrend::B::age_pnad::age_45_54::admissoes,admissoes,ppml,"C(event_time, contr.treatment(base=-1))[-10]:treat_group",-10,-0.01766846914930548,0.03699508676618211,False,31870,341,family_B:age_pnad:age_45_54,estimated,-1
ddd_pretrend::B::age_pnad::age_45_54::admissoes,admissoes,ppml,"C(event_time, contr.treatment(base=-1))[-9]:treat_group",-9,0.005238132729053531,0.03284147170204659,False,31870,341,family_B:age_pnad:age_45_54,estimated,-1
ddd_pretrend::B::age_pnad::age_45_54::admissoes,admissoes,ppml,"C(event_time, contr.treatment(base=-1))[-8]:treat_group",-8,0.009000257553592518,0.0238717047376969,False,31870,341,family_B:age_pnad:age_45_54,estimated,-1
ddd_pretrend::B::age_pnad::age_45_54::admissoes,admissoes,ppml,"C(event_time, contr.treatment(base=-1))[-7]:treat_group",-7,-0.006319573178667451,0.029606589785128798,False,31870,341,family_B:age_pnad:age_45_54,estimated,-1
ddd_pretrend::B::age_pnad::age_45_54::admissoes,admissoes,ppml,"C(event_time, contr.treatment(base=-1))[-6]:treat_group",-6,-0.003399493152759551,0.027478185750604983,False,31870,341,family_B:age_pnad:age_45_54,estimated,-1
ddd_pretrend::B::age_pnad::age_45_54::admissoes,admissoes,ppml,"C(event_time, contr.treatment(base=-1))[-5]:treat_group",-5,0.008006885048373531,0.025826102566221216,False,31870,341,family_B:age_pnad:age_45_54,estimated,-1
ddd_pretrend::B::age_pnad::age_45_54::admissoes,admissoes,ppml,"C(event_time, contr.treatment(base=-1))[-4]:treat_group",-4,0.02508778103854312,0.023620845656662705,False,31870,341,family_B:age_pnad:age_45_54,estimated,-1
ddd_pretrend::B::age_pnad::age_45_54::admissoes,admissoes,ppml,"C(event_time, contr.treatment(base=-1))[-3]:treat_group",-3,0.04675795965434304,0.025417359374939386,False,31870,341,family_B:age_pnad:age_45_54,estimated,-1
ddd_pretrend::B::age_pnad::age_45_54::admissoes,admissoes,ppml,"C(event_time, contr.treatment(base=-1))[-2]:treat_group",-2,0.0173853419506194,0.017573138069162636,False,31870,341,family_B:age_pnad:age_45_54,estimated,-1
ddd_pretrend::B::age_pnad::age_45_54::admissoes,admissoes,ppml,reference_event_time,-1,0.0,0.0,True,31870,341,family_B:age_pnad:age_45_54,estimated,-1
ddd_pretrend::B::age_pnad::age_45_54::admissoes,admissoes,ppml,"C(event_time, contr.treatment(base=-1))[0]:treat_group",0,-0.038423777061879986,0.016778632929939818,False,31870,341,family_B:age_pnad:age_45_54,estimated,-1
ddd_pretrend::B::age_pnad::age_45_54::admissoes,admissoes,ppml,"C(event_time, contr.treatment(base=-1))[1]:treat_group",1,0.023655654257433375,0.019563908874027255,False,31870,341,family_B:age_pnad:age_45_54,estimated,-1
ddd_pretrend::B::age_pnad::age_45_54::admissoes,admissoes,ppml,"C(event_time, contr.treatment(base=-1))[2]:treat_group",2,0.014015580739585877,0.03809918184573763,False,31870,341,family_B:age_pnad:age_45_54,estimated,-1
ddd_pretrend::B::age_pnad::age_45_54::admissoes,admissoes,ppml,"C(event_time, contr.treatment(base=-1))[3]:treat_group",3,0.01710388031211943,0.03049304598514513,False,31870,341,family_B:age_pnad:age_45_54,estimated,-1
ddd_pretrend::B::age_pnad::age_45_54::admissoes,admissoes,ppml,"C(event_time, contr.treatment(base=-1))[4]:treat_group",4,0.012857486905240285,0.025521634484843642,False,31870,341,family_B:age_pnad:age_45_54,estimated,-1
ddd_pretrend::B::age_pnad::age_45_54::admissoes,admissoes,ppml,"C(event_time, contr.treatment(base=-1))[5]:treat_group",5,0.014974543251273344,0.01896344230110367,False,31870,341,family_B:age_pnad:age_45_54,estimated,-1
ddd_pretrend::B::age_pnad::age_45_54::admissoes,admissoes,ppml,"C(event_time, contr.treatment(base=-1))[6]:treat_group",6,0.011502213982520042,0.023838649837949973,False,31870,341,family_B:age_pnad:age_45_54,estimated,-1
ddd_pretrend::B::age_pnad::age_45_54::admissoes,admissoes,ppml,"C(event_time, contr.treatment(base=-1))[7]:treat_group",7,0.01877517542211754,0.019535806269812248,False,31870,341,family_B:age_pnad:age_45_54,estimated,-1
ddd_pretrend::B::age_pnad::age_45_54::admissoes,admissoes,ppml,"C(event_time, contr.treatment(base=-1))[8]:treat_group",8,0.03449867457770013,0.02265595201962256,False,31870,341,family_B:age_pnad:age_45_54,estimated,-1
ddd_pretrend::B::age_pnad::age_45_54::admissoes,admissoes,ppml,"C(event_time, contr.treatment(base=-1))[9]:treat_group",9,0.046253898968145045,0.0277982538834384,False,31870,341,family_B:age_pnad:age_45_54,estimated,-1
ddd_pretrend::B::age_pnad::age_45_54::admissoes,admissoes,ppml,"C(event_time, contr.treatment(base=-1))[10]:treat_group",10,0.06822819333586419,0.023415579498962145,False,31870,341,family_B:age_pnad:age_45_54,estimated,-1
ddd_pretrend::B::age_pnad::age_45_54::admissoes,admissoes,ppml,"C(event_time, contr.treatment(base=-1))[11]:treat_group",11,0.04417728552953193,0.017044426418203532,False,31870,341,family_B:age_pnad:age_45_54,estimated,-1
ddd_pretrend::B::age_pnad::age_45_54::admissoes,admissoes,ppml,"C(event_time, contr.treatment(base=-1))[12]:treat_group",12,0.004197393016031748,0.01821912347838118,False,31870,341,family_B:age_pnad:age_45_54,estimated,-1
ddd_pretrend::B::age_pnad::age_45_54::admissoes,admissoes,ppml,"C(event_time, contr.treatment(base=-1))[13]:treat_group",13,0.07655090860935286,0.031616322361428514,False,31870,341,family_B:age_pnad:age_45_54,estimated,-1
ddd_pretrend::B::age_pnad::age_45_54::admissoes,admissoes,ppml,"C(event_time, contr.treatment(base=-1))[14]:treat_group",14,0.05331225798885407,0.032609134518908164,False,31870,341,family_B:age_pnad:age_45_54,estimated,-1
ddd_pretrend::B::age_pnad::age_45_54::admissoes,admissoes,ppml,"C(event_time, contr.treatment(base=-1))[15]:treat_group",15,0.05374473260771859,0.027100154034541222,False,31870,341,family_B:age_pnad:age_45_54,estimated,-1
ddd_pretrend::B::age_pnad::age_45_54::admissoes,admissoes,ppml,"C(event_time, contr.treatment(base=-1))[16]:treat_group",16,0.06156053167524458,0.023844155698722308,False,31870,341,family_B:age_pnad:age_45_54,estimated,-1
ddd_pretrend::B::age_pnad::age_45_54::admissoes,admissoes,ppml,"C(event_time, contr.treatment(base=-1))[17]:treat_group",17,0.05096900129367766,0.024407318451403464,False,31870,341,family_B:age_pnad:age_45_54,estimated,-1
ddd_pretrend::B::age_pnad::age_45_54::admissoes,admissoes,ppml,"C(event_time, contr.treatment(base=-1))[18]:treat_group",18,0.04375739677496377,0.01991627785803499,False,31870,341,family_B:age_pnad:age_45_54,estimated,-1
ddd_pretrend::B::age_pnad::age_45_54::admissoes,admissoes,ppml,"C(event_time, contr.treatment(base=-1))[19]:treat_group",19,0.07670900916300141,0.025004103427473383,False,31870,341,family_B:age_pnad:age_45_54,estimated,-1
ddd_pretrend::B::age_pnad::age_45_54::admissoes,admissoes,ppml,"C(event_time, contr.treatment(base=-1))[20]:treat_group",20,0.08118571563915702,0.03359961755309428,False,31870,341,family_B:age_pnad:age_45_54,estimated,-1
ddd_pretrend::B::age_pnad::age_45_54::admissoes,admissoes,ppml,"C(event_time, contr.treatment(base=-1))[21]:treat_group",21,0.07251768162148337,0.033389385451807196,False,31870,341,family_B:age_pnad:age_45_54,estimated,-1
ddd_pretrend::B::age_pnad::age_45_54::admissoes,admissoes,ppml,"C(event_time, contr.treatment(base=-1))[22]:treat_group",22,0.08009925001865856,0.03653467788942841,False,31870,341,family_B:age_pnad:age_45_54,estimated,-1
ddd_pretrend::B::age_pnad::age_45_54::admissoes,admissoes,ppml,"C(event_time, contr.treatment(base=-1))[23]:treat_group",23,0.0845633435740533,0.03446902743152195,False,31870,341,family_B:age_pnad:age_45_54,estimated,-1
ddd_pretrend::B::age_pnad::age_45_54::asinh_saldo,asinh_saldo,ols,"C(event_time, contr.treatment(base=-1))[-23]:treat_group",-23,1.3072736394328834,0.7690081865636973,False,31870,341,family_B:age_pnad:age_45_54,estimated,-1
ddd_pretrend::B::age_pnad::age_45_54::asinh_saldo,asinh_saldo,ols,"C(event_time, contr.treatment(base=-1))[-22]:treat_group",-22,0.8217257805944225,0.7437927430784376,False,31870,341,family_B:age_pnad:age_45_54,estimated,-1
ddd_pretrend::B::age_pnad::age_45_54::asinh_saldo,asinh_saldo,ols,"C(event_time, contr.treatment(base=-1))[-21]:treat_group",-21,1.5869950225916378,0.7831717910218183,False,31870,341,family_B:age_pnad:age_45_54,estimated,-1
ddd_pretrend::B::age_pnad::age_45_54::asinh_saldo,asinh_saldo,ols,"C(event_time, contr.treatment(base=-1))[-20]:treat_group",-20,2.1537429408402877,0.7747412274733178,False,31870,341,family_B:age_pnad:age_45_54,estimated,-1
ddd_pretrend::B::age_pnad::age_45_54::asinh_saldo,asinh_saldo,ols,"C(event_time, contr.treatment(base=-1))[-19]:treat_group",-19,0.8773176148703864,0.7251341338610884,False,31870,341,family_B:age_pnad:age_45_54,estimated,-1
ddd_pretrend::B::age_pnad::age_45_54::asinh_saldo,asinh_saldo,ols,"C(event_time, contr.treatment(base=-1))[-18]:treat_group",-18,0.6363359755296333,0.7083539303199786,False,31870,341,family_B:age_pnad:age_45_54,estimated,-1
ddd_pretrend::B::age_pnad::age_45_54::asinh_saldo,asinh_saldo,ols,"C(event_time, contr.treatment(base=-1))[-17]:treat_group",-17,1.3937787845860665,0.6951874212093325,False,31870,341,family_B:age_pnad:age_45_54,estimated,-1
ddd_pretrend::B::age_pnad::age_45_54::asinh_saldo,asinh_saldo,ols,"C(event_time, contr.treatment(base=-1))[-16]:treat_group",-16,1.3239713697151463,0.6339022871318679,False,31870,341,family_B:age_pnad:age_45_54,estimated,-1
ddd_pretrend::B::age_pnad::age_45_54::asinh_saldo,asinh_saldo,ols,"C(event_time, contr.treatment(base=-1))[-15]:treat_group",-15,1.4347510264141914,0.6629718186871925,False,31870,341,family_B:age_pnad:age_45_54,estimated,-1
ddd_pretrend::B::age_pnad::age_45_54::asinh_saldo,asinh_saldo,ols,"C(event_time, contr.treatment(base=-1))[-14]:treat_group",-14,1.4333144243414886,0.7117919417467508,False,31870,341,family_B:age_pnad:age_45_54,estimated,-1
ddd_pretrend::B::age_pnad::age_45_54::asinh_saldo,asinh_saldo,ols,"C(event_time, contr.treatment(base=-1))[-13]:treat_group",-13,-0.20706805414370863,0.639283268793045,False,31870,341,family_B:age_pnad:age_45_54,estimated,-1
ddd_pretrend::B::age_pnad::age_45_54::asinh_saldo,asinh_saldo,ols,"C(event_time, contr.treatment(base=-1))[-12]:treat_group",-12,1.5098130848874072,0.7360051218881988,False,31870,341,family_B:age_pnad:age_45_54,estimated,-1
ddd_pretrend::B::age_pnad::age_45_54::asinh_saldo,asinh_saldo,ols,"C(event_time, contr.treatment(base=-1))[-11]:treat_group",-11,2.3011272353577024,0.7361486822526837,False,31870,341,family_B:age_pnad:age_45_54,estimated,-1
ddd_pretrend::B::age_pnad::age_45_54::asinh_saldo,asinh_saldo,ols,"C(event_time, contr.treatment(base=-1))[-10]:treat_group",-10,1.5134796879607868,0.7356399704933986,False,31870,341,family_B:age_pnad:age_45_54,estimated,-1
ddd_pretrend::B::age_pnad::age_45_54::asinh_saldo,asinh_saldo,ols,"C(event_time, contr.treatment(base=-1))[-9]:treat_group",-9,0.831547834301045,0.7408311172674077,False,31870,341,family_B:age_pnad:age_45_54,estimated,-1
ddd_pretrend::B::age_pnad::age_45_54::asinh_saldo,asinh_saldo,ols,"C(event_time, contr.treatment(base=-1))[-8]:treat_group",-8,1.0823015614108418,0.6640790365276472,False,31870,341,family_B:age_pnad:age_45_54,estimated,-1
ddd_pretrend::B::age_pnad::age_45_54::asinh_saldo,asinh_saldo,ols,"C(event_time, contr.treatment(base=-1))[-7]:treat_group",-7,1.2457425995641906,0.637052317984081,False,31870,341,family_B:age_pnad:age_45_54,estimated,-1
ddd_pretrend::B::age_pnad::age_45_54::asinh_saldo,asinh_saldo,ols,"C(event_time, contr.treatment(base=-1))[-6]:treat_group",-6,1.347448756191959,0.7145972375682109,False,31870,341,family_B:age_pnad:age_45_54,estimated,-1
ddd_pretrend::B::age_pnad::age_45_54::asinh_saldo,asinh_saldo,ols,"C(event_time, contr.treatment(base=-1))[-5]:treat_group",-5,1.0575905955907783,0.6912307213038319,False,31870,341,family_B:age_pnad:age_45_54,estimated,-1
ddd_pretrend::B::age_pnad::age_45_54::asinh_saldo,asinh_saldo,ols,"C(event_time, contr.treatment(base=-1))[-4]:treat_group",-4,1.5104238196187754,0.6871180846357842,False,31870,341,family_B:age_pnad:age_45_54,estimated,-1
ddd_pretrend::B::age_pnad::age_45_54::asinh_saldo,asinh_saldo,ols,"C(event_time, contr.treatment(base=-1))[-3]:treat_group",-3,2.050658532601601,0.6286861013097553,False,31870,341,family_B:age_pnad:age_45_54,estimated,-1
ddd_pretrend::B::age_pnad::age_45_54::asinh_saldo,asinh_saldo,ols,"C(event_time, contr.treatment(base=-1))[-2]:treat_group",-2,0.5333695943692338,0.7219407821412641,False,31870,341,family_B:age_pnad:age_45_54,estimated,-1
ddd_pretrend::B::age_pnad::age_45_54::asinh_saldo,asinh_saldo,ols,reference_event_time,-1,0.0,0.0,True,31870,341,family_B:age_pnad:age_45_54,estimated,-1
ddd_pretrend::B::age_pnad::age_45_54::asinh_saldo,asinh_saldo,ols,"C(event_time, contr.treatment(base=-1))[0]:treat_group",0,2.3210624533716464,0.6725965118022905,False,31870,341,family_B:age_pnad:age_45_54,estimated,-1
ddd_pretrend::B::age_pnad::age_45_54::asinh_saldo,asinh_saldo,ols,"C(event_time, contr.treatment(base=-1))[1]:treat_group",1,1.7171186625359636,0.7240211631825582,False,31870,341,family_B:age_pnad:age_45_54,estimated,-1
ddd_pretrend::B::age_pnad::age_45_54::asinh_saldo,asinh_saldo,ols,"C(event_time, contr.treatment(base=-1))[2]:treat_group",2,2.5818318321560247,0.7954391538691867,False,31870,341,family_B:age_pnad:age_45_54,estimated,-1
ddd_pretrend::B::age_pnad::age_45_54::asinh_saldo,asinh_saldo,ols,"C(event_time, contr.treatment(base=-1))[3]:treat_group",3,2.081395619230162,0.8774311474475566,False,31870,341,family_B:age_pnad:age_45_54,estimated,-1
ddd_pretrend::B::age_pnad::age_45_54::asinh_saldo,asinh_saldo,ols,"C(event_time, contr.treatment(base=-1))[4]:treat_group",4,0.9152462252922015,0.8071062536668206,False,31870,341,family_B:age_pnad:age_45_54,estimated,-1
ddd_pretrend::B::age_pnad::age_45_54::asinh_saldo,asinh_saldo,ols,"C(event_time, contr.treatment(base=-1))[5]:treat_group",5,2.113944017094861,0.8245439636960418,False,31870,341,family_B:age_pnad:age_45_54,estimated,-1
ddd_pretrend::B::age_pnad::age_45_54::asinh_saldo,asinh_saldo,ols,"C(event_time, contr.treatment(base=-1))[6]:treat_group",6,0.6453062538500289,0.8978027973639451,False,31870,341,family_B:age_pnad:age_45_54,estimated,-1
ddd_pretrend::B::age_pnad::age_45_54::asinh_saldo,asinh_saldo,ols,"C(event_time, contr.treatment(base=-1))[7]:treat_group",7,1.7097410246759508,0.8518020716479914,False,31870,341,family_B:age_pnad:age_45_54,estimated,-1
ddd_pretrend::B::age_pnad::age_45_54::asinh_saldo,asinh_saldo,ols,"C(event_time, contr.treatment(base=-1))[8]:treat_group",8,1.6976027698238436,0.8491089281543727,False,31870,341,family_B:age_pnad:age_45_54,estimated,-1
ddd_pretrend::B::age_pnad::age_45_54::asinh_saldo,asinh_saldo,ols,"C(event_time, contr.treatment(base=-1))[9]:treat_group",9,1.8085205585416375,0.7805142220715524,False,31870,341,family_B:age_pnad:age_45_54,estimated,-1
ddd_pretrend::B::age_pnad::age_45_54::asinh_saldo,asinh_saldo,ols,"C(event_time, contr.treatment(base=-1))[10]:treat_group",10,0.734270571846891,0.8075147864775167,False,31870,341,family_B:age_pnad:age_45_54,estimated,-1
ddd_pretrend::B::age_pnad::age_45_54::asinh_saldo,asinh_saldo,ols,"C(event_time, contr.treatment(base=-1))[11]:treat_group",11,1.0923630772040454,0.8067360849651178,False,31870,341,family_B:age_pnad:age_45_54,estimated,-1
ddd_pretrend::B::age_pnad::age_45_54::asinh_saldo,asinh_saldo,ols,"C(event_time, contr.treatment(base=-1))[12]:treat_group",12,2.044870556511916,0.7187131446897883,False,31870,341,family_B:age_pnad:age_45_54,estimated,-1
ddd_pretrend::B::age_pnad::age_45_54::asinh_saldo,asinh_saldo,ols,"C(event_time, contr.treatment(base=-1))[13]:treat_group",13,0.761791676702072,0.8152827287365425,False,31870,341,family_B:age_pnad:age_45_54,estimated,-1
ddd_pretrend::B::age_pnad::age_45_54::asinh_saldo,asinh_saldo,ols,"C(event_time, contr.treatment(base=-1))[14]:treat_group",14,1.8880907090776549,0.8874542051176331,False,31870,341,family_B:age_pnad:age_45_54,estimated,-1
ddd_pretrend::B::age_pnad::age_45_54::asinh_saldo,asinh_saldo,ols,"C(event_time, contr.treatment(base=-1))[15]:treat_group",15,1.4278649599687578,0.8448728493554125,False,31870,341,family_B:age_pnad:age_45_54,estimated,-1
ddd_pretrend::B::age_pnad::age_45_54::asinh_saldo,asinh_saldo,ols,"C(event_time, contr.treatment(base=-1))[16]:treat_group",16,1.0490990630076176,0.8353801324123371,False,31870,341,family_B:age_pnad:age_45_54,estimated,-1
ddd_pretrend::B::age_pnad::age_45_54::asinh_saldo,asinh_saldo,ols,"C(event_time, contr.treatment(base=-1))[17]:treat_group",17,1.2091535123126438,0.827909835515345,False,31870,341,family_B:age_pnad:age_45_54,estimated,-1
ddd_pretrend::B::age_pnad::age_45_54::asinh_saldo,asinh_saldo,ols,"C(event_time, contr.treatment(base=-1))[18]:treat_group",18,1.3004177016273635,0.8193601139724612,False,31870,341,family_B:age_pnad:age_45_54,estimated,-1
ddd_pretrend::B::age_pnad::age_45_54::asinh_saldo,asinh_saldo,ols,"C(event_time, contr.treatment(base=-1))[19]:treat_group",19,1.7627299725993937,0.8085305053169292,False,31870,341,family_B:age_pnad:age_45_54,estimated,-1
ddd_pretrend::B::age_pnad::age_45_54::asinh_saldo,asinh_saldo,ols,"C(event_time, contr.treatment(base=-1))[20]:treat_group",20,1.9355156754870841,0.8027552162758829,False,31870,341,family_B:age_pnad:age_45_54,estimated,-1
ddd_pretrend::B::age_pnad::age_45_54::asinh_saldo,asinh_saldo,ols,"C(event_time, contr.treatment(base=-1))[21]:treat_group",21,1.6365188764337637,0.7834685755750039,False,31870,341,family_B:age_pnad:age_45_54,estimated,-1
ddd_pretrend::B::age_pnad::age_45_54::asinh_saldo,asinh_saldo,ols,"C(event_time, contr.treatment(base=-1))[22]:treat_group",22,1.7158212881050467,0.744113056736775,False,31870,341,family_B:age_pnad:age_45_54,estimated,-1
ddd_pretrend::B::age_pnad::age_45_54::asinh_saldo,asinh_saldo,ols,"C(event_time, contr.treatment(base=-1))[23]:treat_group",23,0.6612717292720028,0.7658516719455881,False,31870,341,family_B:age_pnad:age_45_54,estimated,-1
ddd_pretrend::B::age_pnad::age_45_54::desligamentos,desligamentos,ppml,"C(event_time, contr.treatment(base=-1))[-23]:treat_group",-23,-0.03359706255815528,0.03198280464099616,False,31870,341,family_B:age_pnad:age_45_54,estimated,-1
ddd_pretrend::B::age_pnad::age_45_54::desligamentos,desligamentos,ppml,"C(event_time, contr.treatment(base=-1))[-22]:treat_group",-22,-0.013743485431571351,0.033026116235113125,False,31870,341,family_B:age_pnad:age_45_54,estimated,-1
ddd_pretrend::B::age_pnad::age_45_54::desligamentos,desligamentos,ppml,"C(event_time, contr.treatment(base=-1))[-21]:treat_group",-21,0.00021591916652597863,0.027915964705003037,False,31870,341,family_B:age_pnad:age_45_54,estimated,-1
ddd_pretrend::B::age_pnad::age_45_54::desligamentos,desligamentos,ppml,"C(event_time, contr.treatment(base=-1))[-20]:treat_group",-20,-0.0013208155957712396,0.03074153809974356,False,31870,341,family_B:age_pnad:age_45_54,estimated,-1
ddd_pretrend::B::age_pnad::age_45_54::desligamentos,desligamentos,ppml,"C(event_time, contr.treatment(base=-1))[-19]:treat_group",-19,-0.045028186961857807,0.02889578167736192,False,31870,341,family_B:age_pnad:age_45_54,estimated,-1
ddd_pretrend::B::age_pnad::age_45_54::desligamentos,desligamentos,ppml,"C(event_time, contr.treatment(base=-1))[-18]:treat_group",-18,-0.039711906116934585,0.03135788982806411,False,31870,341,family_B:age_pnad:age_45_54,estimated,-1
ddd_pretrend::B::age_pnad::age_45_54::desligamentos,desligamentos,ppml,"C(event_time, contr.treatment(base=-1))[-17]:treat_group",-17,-0.04174823960130521,0.028116800421261932,False,31870,341,family_B:age_pnad:age_45_54,estimated,-1
ddd_pretrend::B::age_pnad::age_45_54::desligamentos,desligamentos,ppml,"C(event_time, contr.treatment(base=-1))[-16]:treat_group",-16,-0.06631890608205347,0.02489791275968183,False,31870,341,family_B:age_pnad:age_45_54,estimated,-1
ddd_pretrend::B::age_pnad::age_45_54::desligamentos,desligamentos,ppml,"C(event_time, contr.treatment(base=-1))[-15]:treat_group",-15,-0.024214607239391103,0.030994296050455766,False,31870,341,family_B:age_pnad:age_45_54,estimated,-1
ddd_pretrend::B::age_pnad::age_45_54::desligamentos,desligamentos,ppml,"C(event_time, contr.treatment(base=-1))[-14]:treat_group",-14,-0.020650228522771454,0.028297522889546636,False,31870,341,family_B:age_pnad:age_45_54,estimated,-1
ddd_pretrend::B::age_pnad::age_45_54::desligamentos,desligamentos,ppml,"C(event_time, contr.treatment(base=-1))[-13]:treat_group",-13,-0.034507704361617576,0.018503440365805764,False,31870,341,family_B:age_pnad:age_45_54,estimated,-1
ddd_pretrend::B::age_pnad::age_45_54::desligamentos,desligamentos,ppml,"C(event_time, contr.treatment(base=-1))[-12]:treat_group",-12,-0.031371913205773885,0.03417701671903656,False,31870,341,family_B:age_pnad:age_45_54,estimated,-1
ddd_pretrend::B::age_pnad::age_45_54::desligamentos,desligamentos,ppml,"C(event_time, contr.treatment(base=-1))[-11]:treat_group",-11,-0.04448422427693544,0.027501936723718454,False,31870,341,family_B:age_pnad:age_45_54,estimated,-1
ddd_pretrend::B::age_pnad::age_45_54::desligamentos,desligamentos,ppml,"C(event_time, contr.treatment(base=-1))[-10]:treat_group",-10,-0.034382288229043635,0.019364893390387605,False,31870,341,family_B:age_pnad:age_45_54,estimated,-1
ddd_pretrend::B::age_pnad::age_45_54::desligamentos,desligamentos,ppml,"C(event_time, contr.treatment(base=-1))[-9]:treat_group",-9,-0.03281343962089772,0.025700844579332038,False,31870,341,family_B:age_pnad:age_45_54,estimated,-1
ddd_pretrend::B::age_pnad::age_45_54::desligamentos,desligamentos,ppml,"C(event_time, contr.treatment(base=-1))[-8]:treat_group",-8,-0.030650677052827237,0.01931387605810672,False,31870,341,family_B:age_pnad:age_45_54,estimated,-1
ddd_pretrend::B::age_pnad::age_45_54::desligamentos,desligamentos,ppml,"C(event_time, contr.treatment(base=-1))[-7]:treat_group",-7,-0.0421589594515286,0.021258345027438057,False,31870,341,family_B:age_pnad:age_45_54,estimated,-1
ddd_pretrend::B::age_pnad::age_45_54::desligamentos,desligamentos,ppml,"C(event_time, contr.treatment(base=-1))[-6]:treat_group",-6,-0.02499743929607405,0.01622814249710227,False,31870,341,family_B:age_pnad:age_45_54,estimated,-1
ddd_pretrend::B::age_pnad::age_45_54::desligamentos,desligamentos,ppml,"C(event_time, contr.treatment(base=-1))[-5]:treat_group",-5,-0.049427973037895846,0.01645793614994056,False,31870,341,family_B:age_pnad:age_45_54,estimated,-1
ddd_pretrend::B::age_pnad::age_45_54::desligamentos,desligamentos,ppml,"C(event_time, contr.treatment(base=-1))[-4]:treat_group",-4,-0.04274556974599936,0.019484251634552283,False,31870,341,family_B:age_pnad:age_45_54,estimated,-1
ddd_pretrend::B::age_pnad::age_45_54::desligamentos,desligamentos,ppml,"C(event_time, contr.treatment(base=-1))[-3]:treat_group",-3,-0.03919231109119748,0.017877411209839475,False,31870,341,family_B:age_pnad:age_45_54,estimated,-1
ddd_pretrend::B::age_pnad::age_45_54::desligamentos,desligamentos,ppml,"C(event_time, contr.treatment(base=-1))[-2]:treat_group",-2,-0.013010398716165395,0.01147479110362914,False,31870,341,family_B:age_pnad:age_45_54,estimated,-1
ddd_pretrend::B::age_pnad::age_45_54::desligamentos,desligamentos,ppml,reference_event_time,-1,0.0,0.0,True,31870,341,family_B:age_pnad:age_45_54,estimated,-1
ddd_pretrend::B::age_pnad::age_45_54::desligamentos,desligamentos,ppml,"C(event_time, contr.treatment(base=-1))[0]:treat_group",0,-0.01042472948425713,0.03256894641150224,False,31870,341,family_B:age_pnad:age_45_54,estimated,-1
ddd_pretrend::B::age_pnad::age_45_54::desligamentos,desligamentos,ppml,"C(event_time, contr.treatment(base=-1))[1]:treat_group",1,-0.031596823775264286,0.02346037034767881,False,31870,341,family_B:age_pnad:age_45_54,estimated,-1
ddd_pretrend::B::age_pnad::age_45_54::desligamentos,desligamentos,ppml,"C(event_time, contr.treatment(base=-1))[2]:treat_group",2,-0.001125006720168054,0.019468226791819896,False,31870,341,family_B:age_pnad:age_45_54,estimated,-1
ddd_pretrend::B::age_pnad::age_45_54::desligamentos,desligamentos,ppml,"C(event_time, contr.treatment(base=-1))[3]:treat_group",3,-0.025171361616624942,0.021537391447685492,False,31870,341,family_B:age_pnad:age_45_54,estimated,-1
ddd_pretrend::B::age_pnad::age_45_54::desligamentos,desligamentos,ppml,"C(event_time, contr.treatment(base=-1))[4]:treat_group",4,-0.035730152921106255,0.02129565014174959,False,31870,341,family_B:age_pnad:age_45_54,estimated,-1
ddd_pretrend::B::age_pnad::age_45_54::desligamentos,desligamentos,ppml,"C(event_time, contr.treatment(base=-1))[5]:treat_group",5,-0.033402372730250415,0.01923170378372288,False,31870,341,family_B:age_pnad:age_45_54,estimated,-1
ddd_pretrend::B::age_pnad::age_45_54::desligamentos,desligamentos,ppml,"C(event_time, contr.treatment(base=-1))[6]:treat_group",6,-0.01633605808927406,0.021198810089305055,False,31870,341,family_B:age_pnad:age_45_54,estimated,-1
ddd_pretrend::B::age_pnad::age_45_54::desligamentos,desligamentos,ppml,"C(event_time, contr.treatment(base=-1))[7]:treat_group",7,-0.028812322684595257,0.02006362905953229,False,31870,341,family_B:age_pnad:age_45_54,estimated,-1
ddd_pretrend::B::age_pnad::age_45_54::desligamentos,desligamentos,ppml,"C(event_time, contr.treatment(base=-1))[8]:treat_group",8,-0.03327442564696335,0.020285583826651958,False,31870,341,family_B:age_pnad:age_45_54,estimated,-1
ddd_pretrend::B::age_pnad::age_45_54::desligamentos,desligamentos,ppml,"C(event_time, contr.treatment(base=-1))[9]:treat_group",9,-0.03892524216717112,0.019874864893851412,False,31870,341,family_B:age_pnad:age_45_54,estimated,-1
ddd_pretrend::B::age_pnad::age_45_54::desligamentos,desligamentos,ppml,"C(event_time, contr.treatment(base=-1))[10]:treat_group",10,0.00735840531071006,0.022354963981453545,False,31870,341,family_B:age_pnad:age_45_54,estimated,-1
ddd_pretrend::B::age_pnad::age_45_54::desligamentos,desligamentos,ppml,"C(event_time, contr.treatment(base=-1))[11]:treat_group",11,0.016276483253995947,0.021036613290260676,False,31870,341,family_B:age_pnad:age_45_54,estimated,-1
ddd_pretrend::B::age_pnad::age_45_54::desligamentos,desligamentos,ppml,"C(event_time, contr.treatment(base=-1))[12]:treat_group",12,0.010717602285179182,0.03605780892245946,False,31870,341,family_B:age_pnad:age_45_54,estimated,-1
ddd_pretrend::B::age_pnad::age_45_54::desligamentos,desligamentos,ppml,"C(event_time, contr.treatment(base=-1))[13]:treat_group",13,0.000309903387137935,0.03161129745333646,False,31870,341,family_B:age_pnad:age_45_54,estimated,-1
ddd_pretrend::B::age_pnad::age_45_54::desligamentos,desligamentos,ppml,"C(event_time, contr.treatment(base=-1))[14]:treat_group",14,-0.017488786526840074,0.02764556886827821,False,31870,341,family_B:age_pnad:age_45_54,estimated,-1
ddd_pretrend::B::age_pnad::age_45_54::desligamentos,desligamentos,ppml,"C(event_time, contr.treatment(base=-1))[15]:treat_group",15,-0.006209629797713329,0.02236714589954143,False,31870,341,family_B:age_pnad:age_45_54,estimated,-1
ddd_pretrend::B::age_pnad::age_45_54::desligamentos,desligamentos,ppml,"C(event_time, contr.treatment(base=-1))[16]:treat_group",16,0.0031249413579786983,0.02610313040025374,False,31870,341,family_B:age_pnad:age_45_54,estimated,-1
ddd_pretrend::B::age_pnad::age_45_54::desligamentos,desligamentos,ppml,"C(event_time, contr.treatment(base=-1))[17]:treat_group",17,0.006894665567974754,0.023967312122539913,False,31870,341,family_B:age_pnad:age_45_54,estimated,-1
ddd_pretrend::B::age_pnad::age_45_54::desligamentos,desligamentos,ppml,"C(event_time, contr.treatment(base=-1))[18]:treat_group",18,0.007016104144247532,0.02667991835331175,False,31870,341,family_B:age_pnad:age_45_54,estimated,-1
ddd_pretrend::B::age_pnad::age_45_54::desligamentos,desligamentos,ppml,"C(event_time, contr.treatment(base=-1))[19]:treat_group",19,-0.00040453454001014203,0.025058429062677728,False,31870,341,family_B:age_pnad:age_45_54,estimated,-1
ddd_pretrend::B::age_pnad::age_45_54::desligamentos,desligamentos,ppml,"C(event_time, contr.treatment(base=-1))[20]:treat_group",20,-0.0036520307718881815,0.024259365520077604,False,31870,341,family_B:age_pnad:age_45_54,estimated,-1
ddd_pretrend::B::age_pnad::age_45_54::desligamentos,desligamentos,ppml,"C(event_time, contr.treatment(base=-1))[21]:treat_group",21,0.012113518220372745,0.02865712049103783,False,31870,341,family_B:age_pnad:age_45_54,estimated,-1
ddd_pretrend::B::age_pnad::age_45_54::desligamentos,desligamentos,ppml,"C(event_time, contr.treatment(base=-1))[22]:treat_group",22,0.02136747002854248,0.026549262398459356,False,31870,341,family_B:age_pnad:age_45_54,estimated,-1
ddd_pretrend::B::age_pnad::age_45_54::desligamentos,desligamentos,ppml,"C(event_time, contr.treatment(base=-1))[23]:treat_group",23,0.03820538849695039,0.02661324667647752,False,31870,341,family_B:age_pnad:age_45_54,estimated,-1
ddd_pretrend::B::age_pnad::age_45_54::ln_salario_real_adm,ln_salario_real_adm,ols,"C(event_time, contr.treatment(base=-1))[-23]:treat_group",-23,-0.04970635709327124,0.03708940191716683,False,31377,341,family_B:age_pnad:age_45_54,estimated,-1
ddd_pretrend::B::age_pnad::age_45_54::ln_salario_real_adm,ln_salario_real_adm,ols,"C(event_time, contr.treatment(base=-1))[-22]:treat_group",-22,-0.04985495404504692,0.044516633515236534,False,31377,341,family_B:age_pnad:age_45_54,estimated,-1
ddd_pretrend::B::age_pnad::age_45_54::ln_salario_real_adm,ln_salario_real_adm,ols,"C(event_time, contr.treatment(base=-1))[-21]:treat_group",-21,-0.07354959000214027,0.044286528284129587,False,31377,341,family_B:age_pnad:age_45_54,estimated,-1
ddd_pretrend::B::age_pnad::age_45_54::ln_salario_real_adm,ln_salario_real_adm,ols,"C(event_time, contr.treatment(base=-1))[-20]:treat_group",-20,0.03360397964163084,0.044480056960426916,False,31377,341,family_B:age_pnad:age_45_54,estimated,-1
ddd_pretrend::B::age_pnad::age_45_54::ln_salario_real_adm,ln_salario_real_adm,ols,"C(event_time, contr.treatment(base=-1))[-19]:treat_group",-19,-0.029163177037750437,0.03370893510093025,False,31377,341,family_B:age_pnad:age_45_54,estimated,-1
ddd_pretrend::B::age_pnad::age_45_54::ln_salario_real_adm,ln_salario_real_adm,ols,"C(event_time, contr.treatment(base=-1))[-18]:treat_group",-18,-0.025831885937855275,0.033069547835326785,False,31377,341,family_B:age_pnad:age_45_54,estimated,-1
ddd_pretrend::B::age_pnad::age_45_54::ln_salario_real_adm,ln_salario_real_adm,ols,"C(event_time, contr.treatment(base=-1))[-17]:treat_group",-17,-0.01988279064409007,0.03374871449174972,False,31377,341,family_B:age_pnad:age_45_54,estimated,-1
ddd_pretrend::B::age_pnad::age_45_54::ln_salario_real_adm,ln_salario_real_adm,ols,"C(event_time, contr.treatment(base=-1))[-16]:treat_group",-16,0.03621683471602823,0.03826772309189678,False,31377,341,family_B:age_pnad:age_45_54,estimated,-1
ddd_pretrend::B::age_pnad::age_45_54::ln_salario_real_adm,ln_salario_real_adm,ols,"C(event_time, contr.treatment(base=-1))[-15]:treat_group",-15,-0.08831408070368174,0.04054868283399705,False,31377,341,family_B:age_pnad:age_45_54,estimated,-1
ddd_pretrend::B::age_pnad::age_45_54::ln_salario_real_adm,ln_salario_real_adm,ols,"C(event_time, contr.treatment(base=-1))[-14]:treat_group",-14,-0.038847457280471676,0.046346553016420385,False,31377,341,family_B:age_pnad:age_45_54,estimated,-1
ddd_pretrend::B::age_pnad::age_45_54::ln_salario_real_adm,ln_salario_real_adm,ols,"C(event_time, contr.treatment(base=-1))[-13]:treat_group",-13,-0.01447784967169709,0.04022867930365938,False,31377,341,family_B:age_pnad:age_45_54,estimated,-1
ddd_pretrend::B::age_pnad::age_45_54::ln_salario_real_adm,ln_salario_real_adm,ols,"C(event_time, contr.treatment(base=-1))[-12]:treat_group",-12,-0.10786781711299126,0.04488342875165141,False,31377,341,family_B:age_pnad:age_45_54,estimated,-1
ddd_pretrend::B::age_pnad::age_45_54::ln_salario_real_adm,ln_salario_real_adm,ols,"C(event_time, contr.treatment(base=-1))[-11]:treat_group",-11,0.013150120473724306,0.031694185764753885,False,31377,341,family_B:age_pnad:age_45_54,estimated,-1
ddd_pretrend::B::age_pnad::age_45_54::ln_salario_real_adm,ln_salario_real_adm,ols,"C(event_time, contr.treatment(base=-1))[-10]:treat_group",-10,0.022525915319114347,0.026986986699123628,False,31377,341,family_B:age_pnad:age_45_54,estimated,-1
ddd_pretrend::B::age_pnad::age_45_54::ln_salario_real_adm,ln_salario_real_adm,ols,"C(event_time, contr.treatment(base=-1))[-9]:treat_group",-9,-0.048649351917290466,0.02846359411718566,False,31377,341,family_B:age_pnad:age_45_54,estimated,-1
ddd_pretrend::B::age_pnad::age_45_54::ln_salario_real_adm,ln_salario_real_adm,ols,"C(event_time, contr.treatment(base=-1))[-8]:treat_group",-8,-0.020284904133379324,0.03481925284294302,False,31377,341,family_B:age_pnad:age_45_54,estimated,-1
ddd_pretrend::B::age_pnad::age_45_54::ln_salario_real_adm,ln_salario_real_adm,ols,"C(event_time, contr.treatment(base=-1))[-7]:treat_group",-7,0.02208521714992874,0.04336239692897452,False,31377,341,family_B:age_pnad:age_45_54,estimated,-1
ddd_pretrend::B::age_pnad::age_45_54::ln_salario_real_adm,ln_salario_real_adm,ols,"C(event_time, contr.treatment(base=-1))[-6]:treat_group",-6,0.025489205435332254,0.02963439917869701,False,31377,341,family_B:age_pnad:age_45_54,estimated,-1
ddd_pretrend::B::age_pnad::age_45_54::ln_salario_real_adm,ln_salario_real_adm,ols,"C(event_time, contr.treatment(base=-1))[-5]:treat_group",-5,-0.0005832871801572457,0.04817317518879376,False,31377,341,family_B:age_pnad:age_45_54,estimated,-1
ddd_pretrend::B::age_pnad::age_45_54::ln_salario_real_adm,ln_salario_real_adm,ols,"C(event_time, contr.treatment(base=-1))[-4]:treat_group",-4,0.0013636852760669934,0.035605246635260226,False,31377,341,family_B:age_pnad:age_45_54,estimated,-1
ddd_pretrend::B::age_pnad::age_45_54::ln_salario_real_adm,ln_salario_real_adm,ols,"C(event_time, contr.treatment(base=-1))[-3]:treat_group",-3,0.012204985089042292,0.03220519493359935,False,31377,341,family_B:age_pnad:age_45_54,estimated,-1
ddd_pretrend::B::age_pnad::age_45_54::ln_salario_real_adm,ln_salario_real_adm,ols,"C(event_time, contr.treatment(base=-1))[-2]:treat_group",-2,0.015893369313400952,0.03330261599553462,False,31377,341,family_B:age_pnad:age_45_54,estimated,-1
ddd_pretrend::B::age_pnad::age_45_54::ln_salario_real_adm,ln_salario_real_adm,ols,reference_event_time,-1,0.0,0.0,True,31377,341,family_B:age_pnad:age_45_54,estimated,-1
ddd_pretrend::B::age_pnad::age_45_54::ln_salario_real_adm,ln_salario_real_adm,ols,"C(event_time, contr.treatment(base=-1))[0]:treat_group",0,0.005617976639378146,0.043417189811230716,False,31377,341,family_B:age_pnad:age_45_54,estimated,-1
ddd_pretrend::B::age_pnad::age_45_54::ln_salario_real_adm,ln_salario_real_adm,ols,"C(event_time, contr.treatment(base=-1))[1]:treat_group",1,-0.03922265002826804,0.04363606686942692,False,31377,341,family_B:age_pnad:age_45_54,estimated,-1
ddd_pretrend::B::age_pnad::age_45_54::ln_salario_real_adm,ln_salario_real_adm,ols,"C(event_time, contr.treatment(base=-1))[2]:treat_group",2,0.006922047326012166,0.03623836278294091,False,31377,341,family_B:age_pnad:age_45_54,estimated,-1
ddd_pretrend::B::age_pnad::age_45_54::ln_salario_real_adm,ln_salario_real_adm,ols,"C(event_time, contr.treatment(base=-1))[3]:treat_group",3,-0.018414348698609508,0.03904824997594455,False,31377,341,family_B:age_pnad:age_45_54,estimated,-1
ddd_pretrend::B::age_pnad::age_45_54::ln_salario_real_adm,ln_salario_real_adm,ols,"C(event_time, contr.treatment(base=-1))[4]:treat_group",4,-0.07979101067000816,0.038907295069317754,False,31377,341,family_B:age_pnad:age_45_54,estimated,-1
ddd_pretrend::B::age_pnad::age_45_54::ln_salario_real_adm,ln_salario_real_adm,ols,"C(event_time, contr.treatment(base=-1))[5]:treat_group",5,-0.01605077613614482,0.03231897959258402,False,31377,341,family_B:age_pnad:age_45_54,estimated,-1
ddd_pretrend::B::age_pnad::age_45_54::ln_salario_real_adm,ln_salario_real_adm,ols,"C(event_time, contr.treatment(base=-1))[6]:treat_group",6,-0.003451787997061407,0.036497188825556734,False,31377,341,family_B:age_pnad:age_45_54,estimated,-1
ddd_pretrend::B::age_pnad::age_45_54::ln_salario_real_adm,ln_salario_real_adm,ols,"C(event_time, contr.treatment(base=-1))[7]:treat_group",7,0.045872452894896144,0.029076075032896765,False,31377,341,family_B:age_pnad:age_45_54,estimated,-1
ddd_pretrend::B::age_pnad::age_45_54::ln_salario_real_adm,ln_salario_real_adm,ols,"C(event_time, contr.treatment(base=-1))[8]:treat_group",8,-0.00658593456560867,0.042994307288003936,False,31377,341,family_B:age_pnad:age_45_54,estimated,-1
ddd_pretrend::B::age_pnad::age_45_54::ln_salario_real_adm,ln_salario_real_adm,ols,"C(event_time, contr.treatment(base=-1))[9]:treat_group",9,0.004497360445202252,0.043656409275647415,False,31377,341,family_B:age_pnad:age_45_54,estimated,-1
ddd_pretrend::B::age_pnad::age_45_54::ln_salario_real_adm,ln_salario_real_adm,ols,"C(event_time, contr.treatment(base=-1))[10]:treat_group",10,0.0030878687765200437,0.03999071292085156,False,31377,341,family_B:age_pnad:age_45_54,estimated,-1
ddd_pretrend::B::age_pnad::age_45_54::ln_salario_real_adm,ln_salario_real_adm,ols,"C(event_time, contr.treatment(base=-1))[11]:treat_group",11,-0.016132424025009064,0.03696026270312465,False,31377,341,family_B:age_pnad:age_45_54,estimated,-1
ddd_pretrend::B::age_pnad::age_45_54::ln_salario_real_adm,ln_salario_real_adm,ols,"C(event_time, contr.treatment(base=-1))[12]:treat_group",12,0.010398621521435688,0.03535088559678102,False,31377,341,family_B:age_pnad:age_45_54,estimated,-1
ddd_pretrend::B::age_pnad::age_45_54::ln_salario_real_adm,ln_salario_real_adm,ols,"C(event_time, contr.treatment(base=-1))[13]:treat_group",13,0.023181712379331375,0.04453899068299323,False,31377,341,family_B:age_pnad:age_45_54,estimated,-1
ddd_pretrend::B::age_pnad::age_45_54::ln_salario_real_adm,ln_salario_real_adm,ols,"C(event_time, contr.treatment(base=-1))[14]:treat_group",14,0.029855315635728897,0.03439231999214481,False,31377,341,family_B:age_pnad:age_45_54,estimated,-1
ddd_pretrend::B::age_pnad::age_45_54::ln_salario_real_adm,ln_salario_real_adm,ols,"C(event_time, contr.treatment(base=-1))[15]:treat_group",15,-0.006198353297611925,0.038028390029659964,False,31377,341,family_B:age_pnad:age_45_54,estimated,-1
ddd_pretrend::B::age_pnad::age_45_54::ln_salario_real_adm,ln_salario_real_adm,ols,"C(event_time, contr.treatment(base=-1))[16]:treat_group",16,-0.02880847828280556,0.037179925436828874,False,31377,341,family_B:age_pnad:age_45_54,estimated,-1
ddd_pretrend::B::age_pnad::age_45_54::ln_salario_real_adm,ln_salario_real_adm,ols,"C(event_time, contr.treatment(base=-1))[17]:treat_group",17,0.001092924013165747,0.03217740880304798,False,31377,341,family_B:age_pnad:age_45_54,estimated,-1
ddd_pretrend::B::age_pnad::age_45_54::ln_salario_real_adm,ln_salario_real_adm,ols,"C(event_time, contr.treatment(base=-1))[18]:treat_group",18,-0.018315056370055954,0.03594015044003228,False,31377,341,family_B:age_pnad:age_45_54,estimated,-1
ddd_pretrend::B::age_pnad::age_45_54::ln_salario_real_adm,ln_salario_real_adm,ols,"C(event_time, contr.treatment(base=-1))[19]:treat_group",19,0.01031815914081944,0.03374545761295421,False,31377,341,family_B:age_pnad:age_45_54,estimated,-1
ddd_pretrend::B::age_pnad::age_45_54::ln_salario_real_adm,ln_salario_real_adm,ols,"C(event_time, contr.treatment(base=-1))[20]:treat_group",20,-0.01899110884066878,0.034602738276157986,False,31377,341,family_B:age_pnad:age_45_54,estimated,-1
ddd_pretrend::B::age_pnad::age_45_54::ln_salario_real_adm,ln_salario_real_adm,ols,"C(event_time, contr.treatment(base=-1))[21]:treat_group",21,0.003119954262064539,0.030056332212744737,False,31377,341,family_B:age_pnad:age_45_54,estimated,-1
ddd_pretrend::B::age_pnad::age_45_54::ln_salario_real_adm,ln_salario_real_adm,ols,"C(event_time, contr.treatment(base=-1))[22]:treat_group",22,0.028181273756948684,0.02896360459891603,False,31377,341,family_B:age_pnad:age_45_54,estimated,-1
ddd_pretrend::B::age_pnad::age_45_54::ln_salario_real_adm,ln_salario_real_adm,ols,"C(event_time, contr.treatment(base=-1))[23]:treat_group",23,-0.04868595793840782,0.0528661200910909,False,31377,341,family_B:age_pnad:age_45_54,estimated,-1
ddd_pretrend::B::age_pnad::age_45_54::n_movimentacoes,n_movimentacoes,ppml,"C(event_time, contr.treatment(base=-1))[-23]:treat_group",-23,0.009065266151963361,0.033042537356347455,False,31870,341,family_B:age_pnad:age_45_54,estimated,-1
ddd_pretrend::B::age_pnad::age_45_54::n_movimentacoes,n_movimentacoes,ppml,"C(event_time, contr.treatment(base=-1))[-22]:treat_group",-22,-0.005751018660029203,0.03642764146327708,False,31870,341,family_B:age_pnad:age_45_54,estimated,-1
ddd_pretrend::B::age_pnad::age_45_54::n_movimentacoes,n_movimentacoes,ppml,"C(event_time, contr.treatment(base=-1))[-21]:treat_group",-21,0.023452139608926278,0.030867131054569303,False,31870,341,family_B:age_pnad:age_45_54,estimated,-1
ddd_pretrend::B::age_pnad::age_45_54::n_movimentacoes,n_movimentacoes,ppml,"C(event_time, contr.treatment(base=-1))[-20]:treat_group",-20,-0.00029682099688783015,0.03700825109919675,False,31870,341,family_B:age_pnad:age_45_54,estimated,-1
ddd_pretrend::B::age_pnad::age_45_54::n_movimentacoes,n_movimentacoes,ppml,"C(event_time, contr.treatment(base=-1))[-19]:treat_group",-19,-0.042327508394763964,0.03417824204264262,False,31870,341,family_B:age_pnad:age_45_54,estimated,-1
ddd_pretrend::B::age_pnad::age_45_54::n_movimentacoes,n_movimentacoes,ppml,"C(event_time, contr.treatment(base=-1))[-18]:treat_group",-18,-0.03944619230322683,0.034413245004646494,False,31870,341,family_B:age_pnad:age_45_54,estimated,-1
ddd_pretrend::B::age_pnad::age_45_54::n_movimentacoes,n_movimentacoes,ppml,"C(event_time, contr.treatment(base=-1))[-17]:treat_group",-17,-0.029378118288361253,0.028502182472128712,False,31870,341,family_B:age_pnad:age_45_54,estimated,-1
ddd_pretrend::B::age_pnad::age_45_54::n_movimentacoes,n_movimentacoes,ppml,"C(event_time, contr.treatment(base=-1))[-16]:treat_group",-16,-0.04612964345400015,0.02664554951871578,False,31870,341,family_B:age_pnad:age_45_54,estimated,-1
ddd_pretrend::B::age_pnad::age_45_54::n_movimentacoes,n_movimentacoes,ppml,"C(event_time, contr.treatment(base=-1))[-15]:treat_group",-15,-0.010130110921409191,0.030844059311811844,False,31870,341,family_B:age_pnad:age_45_54,estimated,-1
ddd_pretrend::B::age_pnad::age_45_54::n_movimentacoes,n_movimentacoes,ppml,"C(event_time, contr.treatment(base=-1))[-14]:treat_group",-14,-0.016893545425786652,0.025495092656307578,False,31870,341,family_B:age_pnad:age_45_54,estimated,-1
ddd_pretrend::B::age_pnad::age_45_54::n_movimentacoes,n_movimentacoes,ppml,"C(event_time, contr.treatment(base=-1))[-13]:treat_group",-13,-0.046525954131968424,0.02186999432479485,False,31870,341,family_B:age_pnad:age_45_54,estimated,-1
ddd_pretrend::B::age_pnad::age_45_54::n_movimentacoes,n_movimentacoes,ppml,"C(event_time, contr.treatment(base=-1))[-12]:treat_group",-12,-0.045273257392615195,0.030022959162085413,False,31870,341,family_B:age_pnad:age_45_54,estimated,-1
ddd_pretrend::B::age_pnad::age_45_54::n_movimentacoes,n_movimentacoes,ppml,"C(event_time, contr.treatment(base=-1))[-11]:treat_group",-11,-0.010431008199975384,0.025039494476545757,False,31870,341,family_B:age_pnad:age_45_54,estimated,-1
ddd_pretrend::B::age_pnad::age_45_54::n_movimentacoes,n_movimentacoes,ppml,"C(event_time, contr.treatment(base=-1))[-10]:treat_group",-10,-0.025818202375851515,0.023292758884829384,False,31870,341,family_B:age_pnad:age_45_54,estimated,-1
ddd_pretrend::B::age_pnad::age_45_54::n_movimentacoes,n_movimentacoes,ppml,"C(event_time, contr.treatment(base=-1))[-9]:treat_group",-9,-0.01120887977537154,0.025404913396893464,False,31870,341,family_B:age_pnad:age_45_54,estimated,-1
ddd_pretrend::B::age_pnad::age_45_54::n_movimentacoes,n_movimentacoes,ppml,"C(event_time, contr.treatment(base=-1))[-8]:treat_group",-8,-0.01001422734621875,0.017977834153109187,False,31870,341,family_B:age_pnad:age_45_54,estimated,-1
ddd_pretrend::B::age_pnad::age_45_54::n_movimentacoes,n_movimentacoes,ppml,"C(event_time, contr.treatment(base=-1))[-7]:treat_group",-7,-0.02313142272364604,0.02051203863106264,False,31870,341,family_B:age_pnad:age_45_54,estimated,-1
ddd_pretrend::B::age_pnad::age_45_54::n_movimentacoes,n_movimentacoes,ppml,"C(event_time, contr.treatment(base=-1))[-6]:treat_group",-6,-0.013397514368652065,0.017533147882121566,False,31870,341,family_B:age_pnad:age_45_54,estimated,-1
ddd_pretrend::B::age_pnad::age_45_54::n_movimentacoes,n_movimentacoes,ppml,"C(event_time, contr.treatment(base=-1))[-5]:treat_group",-5,-0.01860630142066862,0.016293166877173783,False,31870,341,family_B:age_pnad:age_45_54,estimated,-1
ddd_pretrend::B::age_pnad::age_45_54::n_movimentacoes,n_movimentacoes,ppml,"C(event_time, contr.treatment(base=-1))[-4]:treat_group",-4,-0.0073782276009296535,0.016694039845900933,False,31870,341,family_B:age_pnad:age_45_54,estimated,-1
ddd_pretrend::B::age_pnad::age_45_54::n_movimentacoes,n_movimentacoes,ppml,"C(event_time, contr.treatment(base=-1))[-3]:treat_group",-3,0.005205933400641154,0.018967630458474407,False,31870,341,family_B:age_pnad:age_45_54,estimated,-1
ddd_pretrend::B::age_pnad::age_45_54::n_movimentacoes,n_movimentacoes,ppml,"C(event_time, contr.treatment(base=-1))[-2]:treat_group",-2,0.0033133751360865365,0.012374858571900052,False,31870,341,family_B:age_pnad:age_45_54,estimated,-1
ddd_pretrend::B::age_pnad::age_45_54::n_movimentacoes,n_movimentacoes,ppml,reference_event_time,-1,0.0,0.0,True,31870,341,family_B:age_pnad:age_45_54,estimated,-1
ddd_pretrend::B::age_pnad::age_45_54::n_movimentacoes,n_movimentacoes,ppml,"C(event_time, contr.treatment(base=-1))[0]:treat_group",0,-0.01484500399130352,0.021542622907908492,False,31870,341,family_B:age_pnad:age_45_54,estimated,-1
ddd_pretrend::B::age_pnad::age_45_54::n_movimentacoes,n_movimentacoes,ppml,"C(event_time, contr.treatment(base=-1))[1]:treat_group",1,-0.00010584182980814598,0.01403458392953227,False,31870,341,family_B:age_pnad:age_45_54,estimated,-1
ddd_pretrend::B::age_pnad::age_45_54::n_movimentacoes,n_movimentacoes,ppml,"C(event_time, contr.treatment(base=-1))[2]:treat_group",2,0.009332451872271318,0.021346846667301377,False,31870,341,family_B:age_pnad:age_45_54,estimated,-1
ddd_pretrend::B::age_pnad::age_45_54::n_movimentacoes,n_movimentacoes,ppml,"C(event_time, contr.treatment(base=-1))[3]:treat_group",3,-0.0009113675354378375,0.02010301462240387,False,31870,341,family_B:age_pnad:age_45_54,estimated,-1
ddd_pretrend::B::age_pnad::age_45_54::n_movimentacoes,n_movimentacoes,ppml,"C(event_time, contr.treatment(base=-1))[4]:treat_group",4,-0.009883014148143464,0.01686366080065462,False,31870,341,family_B:age_pnad:age_45_54,estimated,-1
ddd_pretrend::B::age_pnad::age_45_54::n_movimentacoes,n_movimentacoes,ppml,"C(event_time, contr.treatment(base=-1))[5]:treat_group",5,-0.00702082651735693,0.011819319605962005,False,31870,341,family_B:age_pnad:age_45_54,estimated,-1
ddd_pretrend::B::age_pnad::age_45_54::n_movimentacoes,n_movimentacoes,ppml,"C(event_time, contr.treatment(base=-1))[6]:treat_group",6,-0.00017778560127698308,0.017514597472194884,False,31870,341,family_B:age_pnad:age_45_54,estimated,-1
ddd_pretrend::B::age_pnad::age_45_54::n_movimentacoes,n_movimentacoes,ppml,"C(event_time, contr.treatment(base=-1))[7]:treat_group",7,-0.0024365777253731362,0.016354605234869143,False,31870,341,family_B:age_pnad:age_45_54,estimated,-1
ddd_pretrend::B::age_pnad::age_45_54::n_movimentacoes,n_movimentacoes,ppml,"C(event_time, contr.treatment(base=-1))[8]:treat_group",8,0.0027783561051557375,0.01597541824407818,False,31870,341,family_B:age_pnad:age_45_54,estimated,-1
ddd_pretrend::B::age_pnad::age_45_54::n_movimentacoes,n_movimentacoes,ppml,"C(event_time, contr.treatment(base=-1))[9]:treat_group",9,0.005764433646630594,0.016916774463980575,False,31870,341,family_B:age_pnad:age_45_54,estimated,-1
ddd_pretrend::B::age_pnad::age_45_54::n_movimentacoes,n_movimentacoes,ppml,"C(event_time, contr.treatment(base=-1))[10]:treat_group",10,0.03877297205244001,0.017183697367174733,False,31870,341,family_B:age_pnad:age_45_54,estimated,-1
ddd_pretrend::B::age_pnad::age_45_54::n_movimentacoes,n_movimentacoes,ppml,"C(event_time, contr.treatment(base=-1))[11]:treat_group",11,0.029678399884627605,0.015416854851704572,False,31870,341,family_B:age_pnad:age_45_54,estimated,-1
ddd_pretrend::B::age_pnad::age_45_54::n_movimentacoes,n_movimentacoes,ppml,"C(event_time, contr.treatment(base=-1))[12]:treat_group",12,0.014059770586483996,0.02144254294482703,False,31870,341,family_B:age_pnad:age_45_54,estimated,-1
ddd_pretrend::B::age_pnad::age_45_54::n_movimentacoes,n_movimentacoes,ppml,"C(event_time, contr.treatment(base=-1))[13]:treat_group",13,0.04095328817425925,0.022741989724471404,False,31870,341,family_B:age_pnad:age_45_54,estimated,-1
ddd_pretrend::B::age_pnad::age_45_54::n_movimentacoes,n_movimentacoes,ppml,"C(event_time, contr.treatment(base=-1))[14]:treat_group",14,0.02002734550790789,0.02480242968585009,False,31870,341,family_B:age_pnad:age_45_54,estimated,-1
ddd_pretrend::B::age_pnad::age_45_54::n_movimentacoes,n_movimentacoes,ppml,"C(event_time, contr.treatment(base=-1))[15]:treat_group",15,0.025566712975056298,0.018812817242132417,False,31870,341,family_B:age_pnad:age_45_54,estimated,-1
ddd_pretrend::B::age_pnad::age_45_54::n_movimentacoes,n_movimentacoes,ppml,"C(event_time, contr.treatment(base=-1))[16]:treat_group",16,0.033728352785483154,0.020677900507357485,False,31870,341,family_B:age_pnad:age_45_54,estimated,-1
ddd_pretrend::B::age_pnad::age_45_54::n_movimentacoes,n_movimentacoes,ppml,"C(event_time, contr.treatment(base=-1))[17]:treat_group",17,0.03065076643015454,0.019428592515139894,False,31870,341,family_B:age_pnad:age_45_54,estimated,-1
ddd_pretrend::B::age_pnad::age_45_54::n_movimentacoes,n_movimentacoes,ppml,"C(event_time, contr.treatment(base=-1))[18]:treat_group",18,0.027254726554561105,0.02033983986782917,False,31870,341,family_B:age_pnad:age_45_54,estimated,-1
ddd_pretrend::B::age_pnad::age_45_54::n_movimentacoes,n_movimentacoes,ppml,"C(event_time, contr.treatment(base=-1))[19]:treat_group",19,0.04052079030671525,0.02234462128219079,False,31870,341,family_B:age_pnad:age_45_54,estimated,-1
ddd_pretrend::B::age_pnad::age_45_54::n_movimentacoes,n_movimentacoes,ppml,"C(event_time, contr.treatment(base=-1))[20]:treat_group",20,0.04037672372797504,0.02542612923711394,False,31870,341,family_B:age_pnad:age_45_54,estimated,-1
ddd_pretrend::B::age_pnad::age_45_54::n_movimentacoes,n_movimentacoes,ppml,"C(event_time, contr.treatment(base=-1))[21]:treat_group",21,0.04315694721127191,0.029112558460520493,False,31870,341,family_B:age_pnad:age_45_54,estimated,-1
ddd_pretrend::B::age_pnad::age_45_54::n_movimentacoes,n_movimentacoes,ppml,"C(event_time, contr.treatment(base=-1))[22]:treat_group",22,0.05289346320745131,0.02830707609990496,False,31870,341,family_B:age_pnad:age_45_54,estimated,-1
ddd_pretrend::B::age_pnad::age_45_54::n_movimentacoes,n_movimentacoes,ppml,"C(event_time, contr.treatment(base=-1))[23]:treat_group",23,0.06123831855225524,0.028084832360445285,False,31870,341,family_B:age_pnad:age_45_54,estimated,-1
ddd_pretrend::B::age_pnad::age_55_65::admissoes,admissoes,ppml,"C(event_time, contr.treatment(base=-1))[-23]:treat_group",-23,0.1566637027019037,0.07485444855943878,False,31861,341,family_B:age_pnad:age_55_65,estimated,-1
ddd_pretrend::B::age_pnad::age_55_65::admissoes,admissoes,ppml,"C(event_time, contr.treatment(base=-1))[-22]:treat_group",-22,0.0989391719406211,0.0626698624452831,False,31861,341,family_B:age_pnad:age_55_65,estimated,-1
ddd_pretrend::B::age_pnad::age_55_65::admissoes,admissoes,ppml,"C(event_time, contr.treatment(base=-1))[-21]:treat_group",-21,0.12645280366429784,0.05400448374902555,False,31861,341,family_B:age_pnad:age_55_65,estimated,-1
ddd_pretrend::B::age_pnad::age_55_65::admissoes,admissoes,ppml,"C(event_time, contr.treatment(base=-1))[-20]:treat_group",-20,0.08159049968112729,0.07199066540325505,False,31861,341,family_B:age_pnad:age_55_65,estimated,-1
ddd_pretrend::B::age_pnad::age_55_65::admissoes,admissoes,ppml,"C(event_time, contr.treatment(base=-1))[-19]:treat_group",-19,0.027243671791321773,0.07347124092837809,False,31861,341,family_B:age_pnad:age_55_65,estimated,-1
ddd_pretrend::B::age_pnad::age_55_65::admissoes,admissoes,ppml,"C(event_time, contr.treatment(base=-1))[-18]:treat_group",-18,0.029236784542557556,0.06440761044047089,False,31861,341,family_B:age_pnad:age_55_65,estimated,-1
ddd_pretrend::B::age_pnad::age_55_65::admissoes,admissoes,ppml,"C(event_time, contr.treatment(base=-1))[-17]:treat_group",-17,0.021745905022879344,0.051612886203912516,False,31861,341,family_B:age_pnad:age_55_65,estimated,-1
ddd_pretrend::B::age_pnad::age_55_65::admissoes,admissoes,ppml,"C(event_time, contr.treatment(base=-1))[-16]:treat_group",-16,0.027136416697220132,0.05096839992460559,False,31861,341,family_B:age_pnad:age_55_65,estimated,-1
ddd_pretrend::B::age_pnad::age_55_65::admissoes,admissoes,ppml,"C(event_time, contr.treatment(base=-1))[-15]:treat_group",-15,0.07279604323780632,0.05934343969367416,False,31861,341,family_B:age_pnad:age_55_65,estimated,-1
ddd_pretrend::B::age_pnad::age_55_65::admissoes,admissoes,ppml,"C(event_time, contr.treatment(base=-1))[-14]:treat_group",-14,0.012854033921105243,0.043665889775956174,False,31861,341,family_B:age_pnad:age_55_65,estimated,-1
ddd_pretrend::B::age_pnad::age_55_65::admissoes,admissoes,ppml,"C(event_time, contr.treatment(base=-1))[-13]:treat_group",-13,-0.05081440476163122,0.05608740735885937,False,31861,341,family_B:age_pnad:age_55_65,estimated,-1
ddd_pretrend::B::age_pnad::age_55_65::admissoes,admissoes,ppml,"C(event_time, contr.treatment(base=-1))[-12]:treat_group",-12,-0.06457173846969018,0.047905959588800624,False,31861,341,family_B:age_pnad:age_55_65,estimated,-1
ddd_pretrend::B::age_pnad::age_55_65::admissoes,admissoes,ppml,"C(event_time, contr.treatment(base=-1))[-11]:treat_group",-11,0.08023116036464391,0.04690951637979461,False,31861,341,family_B:age_pnad:age_55_65,estimated,-1
ddd_pretrend::B::age_pnad::age_55_65::admissoes,admissoes,ppml,"C(event_time, contr.treatment(base=-1))[-10]:treat_group",-10,0.039225347424184334,0.05230525533243221,False,31861,341,family_B:age_pnad:age_55_65,estimated,-1
ddd_pretrend::B::age_pnad::age_55_65::admissoes,admissoes,ppml,"C(event_time, contr.treatment(base=-1))[-9]:treat_group",-9,0.06000686189774443,0.046357342197863805,False,31861,341,family_B:age_pnad:age_55_65,estimated,-1
ddd_pretrend::B::age_pnad::age_55_65::admissoes,admissoes,ppml,"C(event_time, contr.treatment(base=-1))[-8]:treat_group",-8,0.041127858130001464,0.03841970300193379,False,31861,341,family_B:age_pnad:age_55_65,estimated,-1
ddd_pretrend::B::age_pnad::age_55_65::admissoes,admissoes,ppml,"C(event_time, contr.treatment(base=-1))[-7]:treat_group",-7,0.004709392852552593,0.044710390481113124,False,31861,341,family_B:age_pnad:age_55_65,estimated,-1
ddd_pretrend::B::age_pnad::age_55_65::admissoes,admissoes,ppml,"C(event_time, contr.treatment(base=-1))[-6]:treat_group",-6,0.044361950632803876,0.03756984537043413,False,31861,341,family_B:age_pnad:age_55_65,estimated,-1
ddd_pretrend::B::age_pnad::age_55_65::admissoes,admissoes,ppml,"C(event_time, contr.treatment(base=-1))[-5]:treat_group",-5,0.047160024714833375,0.03135832932019893,False,31861,341,family_B:age_pnad:age_55_65,estimated,-1
ddd_pretrend::B::age_pnad::age_55_65::admissoes,admissoes,ppml,"C(event_time, contr.treatment(base=-1))[-4]:treat_group",-4,0.09151802978268714,0.03365315439775338,False,31861,341,family_B:age_pnad:age_55_65,estimated,-1
ddd_pretrend::B::age_pnad::age_55_65::admissoes,admissoes,ppml,"C(event_time, contr.treatment(base=-1))[-3]:treat_group",-3,0.10994467642952144,0.03095370582021918,False,31861,341,family_B:age_pnad:age_55_65,estimated,-1
ddd_pretrend::B::age_pnad::age_55_65::admissoes,admissoes,ppml,"C(event_time, contr.treatment(base=-1))[-2]:treat_group",-2,0.04911851645897989,0.029906088847539314,False,31861,341,family_B:age_pnad:age_55_65,estimated,-1
ddd_pretrend::B::age_pnad::age_55_65::admissoes,admissoes,ppml,reference_event_time,-1,0.0,0.0,True,31861,341,family_B:age_pnad:age_55_65,estimated,-1
ddd_pretrend::B::age_pnad::age_55_65::admissoes,admissoes,ppml,"C(event_time, contr.treatment(base=-1))[0]:treat_group",0,-0.03264165385898482,0.02802356701191633,False,31861,341,family_B:age_pnad:age_55_65,estimated,-1
ddd_pretrend::B::age_pnad::age_55_65::admissoes,admissoes,ppml,"C(event_time, contr.treatment(base=-1))[1]:treat_group",1,0.07163503605969347,0.03327886240464606,False,31861,341,family_B:age_pnad:age_55_65,estimated,-1
ddd_pretrend::B::age_pnad::age_55_65::admissoes,admissoes,ppml,"C(event_time, contr.treatment(base=-1))[2]:treat_group",2,0.0991687801334429,0.04460846824955448,False,31861,341,family_B:age_pnad:age_55_65,estimated,-1
ddd_pretrend::B::age_pnad::age_55_65::admissoes,admissoes,ppml,"C(event_time, contr.treatment(base=-1))[3]:treat_group",3,0.04630102274169557,0.034973993995185956,False,31861,341,family_B:age_pnad:age_55_65,estimated,-1
ddd_pretrend::B::age_pnad::age_55_65::admissoes,admissoes,ppml,"C(event_time, contr.treatment(base=-1))[4]:treat_group",4,0.05763707759934607,0.03530041822366604,False,31861,341,family_B:age_pnad:age_55_65,estimated,-1
ddd_pretrend::B::age_pnad::age_55_65::admissoes,admissoes,ppml,"C(event_time, contr.treatment(base=-1))[5]:treat_group",5,0.013117654645892431,0.030325858536026002,False,31861,341,family_B:age_pnad:age_55_65,estimated,-1
ddd_pretrend::B::age_pnad::age_55_65::admissoes,admissoes,ppml,"C(event_time, contr.treatment(base=-1))[6]:treat_group",6,0.013120695046857233,0.029856911059855832,False,31861,341,family_B:age_pnad:age_55_65,estimated,-1
ddd_pretrend::B::age_pnad::age_55_65::admissoes,admissoes,ppml,"C(event_time, contr.treatment(base=-1))[7]:treat_group",7,0.050417795617439434,0.02886254856579006,False,31861,341,family_B:age_pnad:age_55_65,estimated,-1
ddd_pretrend::B::age_pnad::age_55_65::admissoes,admissoes,ppml,"C(event_time, contr.treatment(base=-1))[8]:treat_group",8,0.03349380867382644,0.031202250881131315,False,31861,341,family_B:age_pnad:age_55_65,estimated,-1
ddd_pretrend::B::age_pnad::age_55_65::admissoes,admissoes,ppml,"C(event_time, contr.treatment(base=-1))[9]:treat_group",9,0.08443399966709461,0.028772919655814796,False,31861,341,family_B:age_pnad:age_55_65,estimated,-1
ddd_pretrend::B::age_pnad::age_55_65::admissoes,admissoes,ppml,"C(event_time, contr.treatment(base=-1))[10]:treat_group",10,0.07050865469573143,0.034024746892242955,False,31861,341,family_B:age_pnad:age_55_65,estimated,-1
ddd_pretrend::B::age_pnad::age_55_65::admissoes,admissoes,ppml,"C(event_time, contr.treatment(base=-1))[11]:treat_group",11,0.04268902864278893,0.03463245971275626,False,31861,341,family_B:age_pnad:age_55_65,estimated,-1
ddd_pretrend::B::age_pnad::age_55_65::admissoes,admissoes,ppml,"C(event_time, contr.treatment(base=-1))[12]:treat_group",12,0.032489083870079906,0.03449998527276241,False,31861,341,family_B:age_pnad:age_55_65,estimated,-1
ddd_pretrend::B::age_pnad::age_55_65::admissoes,admissoes,ppml,"C(event_time, contr.treatment(base=-1))[13]:treat_group",13,0.10678522096290143,0.04350071113125349,False,31861,341,family_B:age_pnad:age_55_65,estimated,-1
ddd_pretrend::B::age_pnad::age_55_65::admissoes,admissoes,ppml,"C(event_time, contr.treatment(base=-1))[14]:treat_group",14,0.07677653262031536,0.0439759908354673,False,31861,341,family_B:age_pnad:age_55_65,estimated,-1
ddd_pretrend::B::age_pnad::age_55_65::admissoes,admissoes,ppml,"C(event_time, contr.treatment(base=-1))[15]:treat_group",15,0.06034941985092023,0.04255872466465766,False,31861,341,family_B:age_pnad:age_55_65,estimated,-1
ddd_pretrend::B::age_pnad::age_55_65::admissoes,admissoes,ppml,"C(event_time, contr.treatment(base=-1))[16]:treat_group",16,0.053887687726057024,0.043594393795818434,False,31861,341,family_B:age_pnad:age_55_65,estimated,-1
ddd_pretrend::B::age_pnad::age_55_65::admissoes,admissoes,ppml,"C(event_time, contr.treatment(base=-1))[17]:treat_group",17,0.04224656749077839,0.038680181257716266,False,31861,341,family_B:age_pnad:age_55_65,estimated,-1
ddd_pretrend::B::age_pnad::age_55_65::admissoes,admissoes,ppml,"C(event_time, contr.treatment(base=-1))[18]:treat_group",18,0.06082514138236618,0.04197338374186083,False,31861,341,family_B:age_pnad:age_55_65,estimated,-1
ddd_pretrend::B::age_pnad::age_55_65::admissoes,admissoes,ppml,"C(event_time, contr.treatment(base=-1))[19]:treat_group",19,0.1607742708537675,0.05870743709897488,False,31861,341,family_B:age_pnad:age_55_65,estimated,-1
ddd_pretrend::B::age_pnad::age_55_65::admissoes,admissoes,ppml,"C(event_time, contr.treatment(base=-1))[20]:treat_group",20,0.10396051961473611,0.0509721486299203,False,31861,341,family_B:age_pnad:age_55_65,estimated,-1
ddd_pretrend::B::age_pnad::age_55_65::admissoes,admissoes,ppml,"C(event_time, contr.treatment(base=-1))[21]:treat_group",21,0.11610367042334324,0.05564976697177073,False,31861,341,family_B:age_pnad:age_55_65,estimated,-1
ddd_pretrend::B::age_pnad::age_55_65::admissoes,admissoes,ppml,"C(event_time, contr.treatment(base=-1))[22]:treat_group",22,0.07690366822220245,0.0780091624210615,False,31861,341,family_B:age_pnad:age_55_65,estimated,-1
ddd_pretrend::B::age_pnad::age_55_65::admissoes,admissoes,ppml,"C(event_time, contr.treatment(base=-1))[23]:treat_group",23,0.07128430285888077,0.07599368387701919,False,31861,341,family_B:age_pnad:age_55_65,estimated,-1
ddd_pretrend::B::age_pnad::age_55_65::asinh_saldo,asinh_saldo,ols,"C(event_time, contr.treatment(base=-1))[-23]:treat_group",-23,1.7614537758019175,0.8009950187701647,False,31870,341,family_B:age_pnad:age_55_65,estimated,-1
ddd_pretrend::B::age_pnad::age_55_65::asinh_saldo,asinh_saldo,ols,"C(event_time, contr.treatment(base=-1))[-22]:treat_group",-22,1.0085483427679087,0.7170832315883444,False,31870,341,family_B:age_pnad:age_55_65,estimated,-1
ddd_pretrend::B::age_pnad::age_55_65::asinh_saldo,asinh_saldo,ols,"C(event_time, contr.treatment(base=-1))[-21]:treat_group",-21,2.027299781404858,0.763965948288408,False,31870,341,family_B:age_pnad:age_55_65,estimated,-1
ddd_pretrend::B::age_pnad::age_55_65::asinh_saldo,asinh_saldo,ols,"C(event_time, contr.treatment(base=-1))[-20]:treat_group",-20,1.9426367290708457,0.8081959732093003,False,31870,341,family_B:age_pnad:age_55_65,estimated,-1
ddd_pretrend::B::age_pnad::age_55_65::asinh_saldo,asinh_saldo,ols,"C(event_time, contr.treatment(base=-1))[-19]:treat_group",-19,1.4487568142970644,0.7525355530105485,False,31870,341,family_B:age_pnad:age_55_65,estimated,-1
ddd_pretrend::B::age_pnad::age_55_65::asinh_saldo,asinh_saldo,ols,"C(event_time, contr.treatment(base=-1))[-18]:treat_group",-18,0.7687956408130124,0.7615791259875804,False,31870,341,family_B:age_pnad:age_55_65,estimated,-1
ddd_pretrend::B::age_pnad::age_55_65::asinh_saldo,asinh_saldo,ols,"C(event_time, contr.treatment(base=-1))[-17]:treat_group",-17,1.3816271364618933,0.7124917871592565,False,31870,341,family_B:age_pnad:age_55_65,estimated,-1
ddd_pretrend::B::age_pnad::age_55_65::asinh_saldo,asinh_saldo,ols,"C(event_time, contr.treatment(base=-1))[-16]:treat_group",-16,1.2290385981540513,0.7415474932746519,False,31870,341,family_B:age_pnad:age_55_65,estimated,-1
ddd_pretrend::B::age_pnad::age_55_65::asinh_saldo,asinh_saldo,ols,"C(event_time, contr.treatment(base=-1))[-15]:treat_group",-15,1.4272722977927537,0.7231501040929439,False,31870,341,family_B:age_pnad:age_55_65,estimated,-1
ddd_pretrend::B::age_pnad::age_55_65::asinh_saldo,asinh_saldo,ols,"C(event_time, contr.treatment(base=-1))[-14]:treat_group",-14,0.8185144158638687,0.7077004849034929,False,31870,341,family_B:age_pnad:age_55_65,estimated,-1
ddd_pretrend::B::age_pnad::age_55_65::asinh_saldo,asinh_saldo,ols,"C(event_time, contr.treatment(base=-1))[-13]:treat_group",-13,-0.07506506051477996,0.69536460346359,False,31870,341,family_B:age_pnad:age_55_65,estimated,-1
ddd_pretrend::B::age_pnad::age_55_65::asinh_saldo,asinh_saldo,ols,"C(event_time, contr.treatment(base=-1))[-12]:treat_group",-12,1.4199858123719467,0.7782851906207376,False,31870,341,family_B:age_pnad:age_55_65,estimated,-1
ddd_pretrend::B::age_pnad::age_55_65::asinh_saldo,asinh_saldo,ols,"C(event_time, contr.treatment(base=-1))[-11]:treat_group",-11,2.2720997193741255,0.8301651176159963,False,31870,341,family_B:age_pnad:age_55_65,estimated,-1
ddd_pretrend::B::age_pnad::age_55_65::asinh_saldo,asinh_saldo,ols,"C(event_time, contr.treatment(base=-1))[-10]:treat_group",-10,1.8055186150251614,0.7865300204318689,False,31870,341,family_B:age_pnad:age_55_65,estimated,-1
ddd_pretrend::B::age_pnad::age_55_65::asinh_saldo,asinh_saldo,ols,"C(event_time, contr.treatment(base=-1))[-9]:treat_group",-9,1.978490977573848,0.7547162920303118,False,31870,341,family_B:age_pnad:age_55_65,estimated,-1
ddd_pretrend::B::age_pnad::age_55_65::asinh_saldo,asinh_saldo,ols,"C(event_time, contr.treatment(base=-1))[-8]:treat_group",-8,2.0478854407607585,0.7494954467026972,False,31870,341,family_B:age_pnad:age_55_65,estimated,-1
ddd_pretrend::B::age_pnad::age_55_65::asinh_saldo,asinh_saldo,ols,"C(event_time, contr.treatment(base=-1))[-7]:treat_group",-7,1.8220536910391982,0.6849860866002591,False,31870,341,family_B:age_pnad:age_55_65,estimated,-1
ddd_pretrend::B::age_pnad::age_55_65::asinh_saldo,asinh_saldo,ols,"C(event_time, contr.treatment(base=-1))[-6]:treat_group",-6,2.5106583992563087,0.6977564520649246,False,31870,341,family_B:age_pnad:age_55_65,estimated,-1
ddd_pretrend::B::age_pnad::age_55_65::asinh_saldo,asinh_saldo,ols,"C(event_time, contr.treatment(base=-1))[-5]:treat_group",-5,2.6157884489259517,0.7515277025482011,False,31870,341,family_B:age_pnad:age_55_65,estimated,-1
ddd_pretrend::B::age_pnad::age_55_65::asinh_saldo,asinh_saldo,ols,"C(event_time, contr.treatment(base=-1))[-4]:treat_group",-4,2.1099000403552455,0.7543139585062368,False,31870,341,family_B:age_pnad:age_55_65,estimated,-1
ddd_pretrend::B::age_pnad::age_55_65::asinh_saldo,asinh_saldo,ols,"C(event_time, contr.treatment(base=-1))[-3]:treat_group",-3,2.584592647977575,0.7426429055854953,False,31870,341,family_B:age_pnad:age_55_65,estimated,-1
ddd_pretrend::B::age_pnad::age_55_65::asinh_saldo,asinh_saldo,ols,"C(event_time, contr.treatment(base=-1))[-2]:treat_group",-2,1.3567576553688265,0.6647096449056631,False,31870,341,family_B:age_pnad:age_55_65,estimated,-1
ddd_pretrend::B::age_pnad::age_55_65::asinh_saldo,asinh_saldo,ols,reference_event_time,-1,0.0,0.0,True,31870,341,family_B:age_pnad:age_55_65,estimated,-1
ddd_pretrend::B::age_pnad::age_55_65::asinh_saldo,asinh_saldo,ols,"C(event_time, contr.treatment(base=-1))[0]:treat_group",0,3.2158497714701424,0.7235685750965888,False,31870,341,family_B:age_pnad:age_55_65,estimated,-1
ddd_pretrend::B::age_pnad::age_55_65::asinh_saldo,asinh_saldo,ols,"C(event_time, contr.treatment(base=-1))[1]:treat_group",1,2.23611467973914,0.6954111991725445,False,31870,341,family_B:age_pnad:age_55_65,estimated,-1
ddd_pretrend::B::age_pnad::age_55_65::asinh_saldo,asinh_saldo,ols,"C(event_time, contr.treatment(base=-1))[2]:treat_group",2,4.539535690752006,0.8390724160766533,False,31870,341,family_B:age_pnad:age_55_65,estimated,-1
ddd_pretrend::B::age_pnad::age_55_65::asinh_saldo,asinh_saldo,ols,"C(event_time, contr.treatment(base=-1))[3]:treat_group",3,3.205965094794318,0.9122603333427718,False,31870,341,family_B:age_pnad:age_55_65,estimated,-1
ddd_pretrend::B::age_pnad::age_55_65::asinh_saldo,asinh_saldo,ols,"C(event_time, contr.treatment(base=-1))[4]:treat_group",4,2.1725235880484406,0.8292305511085787,False,31870,341,family_B:age_pnad:age_55_65,estimated,-1
ddd_pretrend::B::age_pnad::age_55_65::asinh_saldo,asinh_saldo,ols,"C(event_time, contr.treatment(base=-1))[5]:treat_group",5,2.970619604812969,0.8775419615592314,False,31870,341,family_B:age_pnad:age_55_65,estimated,-1
ddd_pretrend::B::age_pnad::age_55_65::asinh_saldo,asinh_saldo,ols,"C(event_time, contr.treatment(base=-1))[6]:treat_group",6,2.036433841618116,0.9395312487495797,False,31870,341,family_B:age_pnad:age_55_65,estimated,-1
ddd_pretrend::B::age_pnad::age_55_65::asinh_saldo,asinh_saldo,ols,"C(event_time, contr.treatment(base=-1))[7]:treat_group",7,3.4153180896884123,0.8719712308810098,False,31870,341,family_B:age_pnad:age_55_65,estimated,-1
ddd_pretrend::B::age_pnad::age_55_65::asinh_saldo,asinh_saldo,ols,"C(event_time, contr.treatment(base=-1))[8]:treat_group",8,2.3729044861561985,0.8533254573080853,False,31870,341,family_B:age_pnad:age_55_65,estimated,-1
ddd_pretrend::B::age_pnad::age_55_65::asinh_saldo,asinh_saldo,ols,"C(event_time, contr.treatment(base=-1))[9]:treat_group",9,3.3382730328174266,0.8682758634072383,False,31870,341,family_B:age_pnad:age_55_65,estimated,-1
ddd_pretrend::B::age_pnad::age_55_65::asinh_saldo,asinh_saldo,ols,"C(event_time, contr.treatment(base=-1))[10]:treat_group",10,1.6139431997042846,0.8269668718456782,False,31870,341,family_B:age_pnad:age_55_65,estimated,-1
ddd_pretrend::B::age_pnad::age_55_65::asinh_saldo,asinh_saldo,ols,"C(event_time, contr.treatment(base=-1))[11]:treat_group",11,0.8905111664985539,0.8340694097260329,False,31870,341,family_B:age_pnad:age_55_65,estimated,-1
ddd_pretrend::B::age_pnad::age_55_65::asinh_saldo,asinh_saldo,ols,"C(event_time, contr.treatment(base=-1))[12]:treat_group",12,2.571560114735271,0.8090890375996795,False,31870,341,family_B:age_pnad:age_55_65,estimated,-1
ddd_pretrend::B::age_pnad::age_55_65::asinh_saldo,asinh_saldo,ols,"C(event_time, contr.treatment(base=-1))[13]:treat_group",13,2.0332617332691534,0.888244202157489,False,31870,341,family_B:age_pnad:age_55_65,estimated,-1
ddd_pretrend::B::age_pnad::age_55_65::asinh_saldo,asinh_saldo,ols,"C(event_time, contr.treatment(base=-1))[14]:treat_group",14,3.708469927929718,0.8870264769985657,False,31870,341,family_B:age_pnad:age_55_65,estimated,-1
ddd_pretrend::B::age_pnad::age_55_65::asinh_saldo,asinh_saldo,ols,"C(event_time, contr.treatment(base=-1))[15]:treat_group",15,2.76231896956463,0.9029536073684704,False,31870,341,family_B:age_pnad:age_55_65,estimated,-1
ddd_pretrend::B::age_pnad::age_55_65::asinh_saldo,asinh_saldo,ols,"C(event_time, contr.treatment(base=-1))[16]:treat_group",16,2.1267943023804463,0.8542640062395537,False,31870,341,family_B:age_pnad:age_55_65,estimated,-1
ddd_pretrend::B::age_pnad::age_55_65::asinh_saldo,asinh_saldo,ols,"C(event_time, contr.treatment(base=-1))[17]:treat_group",17,2.0547035441157666,0.843747755125967,False,31870,341,family_B:age_pnad:age_55_65,estimated,-1
ddd_pretrend::B::age_pnad::age_55_65::asinh_saldo,asinh_saldo,ols,"C(event_time, contr.treatment(base=-1))[18]:treat_group",18,2.792670014677522,0.8457434442692505,False,31870,341,family_B:age_pnad:age_55_65,estimated,-1
ddd_pretrend::B::age_pnad::age_55_65::asinh_saldo,asinh_saldo,ols,"C(event_time, contr.treatment(base=-1))[19]:treat_group",19,2.4255357766785397,0.8406549587689895,False,31870,341,family_B:age_pnad:age_55_65,estimated,-1
ddd_pretrend::B::age_pnad::age_55_65::asinh_saldo,asinh_saldo,ols,"C(event_time, contr.treatment(base=-1))[20]:treat_group",20,3.2041785475595987,0.8482357798981681,False,31870,341,family_B:age_pnad:age_55_65,estimated,-1
ddd_pretrend::B::age_pnad::age_55_65::asinh_saldo,asinh_saldo,ols,"C(event_time, contr.treatment(base=-1))[21]:treat_group",21,2.209023455880246,0.83781644853939,False,31870,341,family_B:age_pnad:age_55_65,estimated,-1
ddd_pretrend::B::age_pnad::age_55_65::asinh_saldo,asinh_saldo,ols,"C(event_time, contr.treatment(base=-1))[22]:treat_group",22,2.435736266486925,0.7864706649430321,False,31870,341,family_B:age_pnad:age_55_65,estimated,-1
ddd_pretrend::B::age_pnad::age_55_65::asinh_saldo,asinh_saldo,ols,"C(event_time, contr.treatment(base=-1))[23]:treat_group",23,1.27497075729612,0.809972335330849,False,31870,341,family_B:age_pnad:age_55_65,estimated,-1
ddd_pretrend::B::age_pnad::age_55_65::desligamentos,desligamentos,ppml,"C(event_time, contr.treatment(base=-1))[-23]:treat_group",-23,0.0765810462668752,0.05299938137875117,False,31870,341,family_B:age_pnad:age_55_65,estimated,-1
ddd_pretrend::B::age_pnad::age_55_65::desligamentos,desligamentos,ppml,"C(event_time, contr.treatment(base=-1))[-22]:treat_group",-22,0.3336177734783083,0.16675854556315595,False,31870,341,family_B:age_pnad:age_55_65,estimated,-1
ddd_pretrend::B::age_pnad::age_55_65::desligamentos,desligamentos,ppml,"C(event_time, contr.treatment(base=-1))[-21]:treat_group",-21,0.1131898426933902,0.04496402632091063,False,31870,341,family_B:age_pnad:age_55_65,estimated,-1
ddd_pretrend::B::age_pnad::age_55_65::desligamentos,desligamentos,ppml,"C(event_time, contr.treatment(base=-1))[-20]:treat_group",-20,0.17455930531083888,0.09017537451509403,False,31870,341,family_B:age_pnad:age_55_65,estimated,-1
ddd_pretrend::B::age_pnad::age_55_65::desligamentos,desligamentos,ppml,"C(event_time, contr.treatment(base=-1))[-19]:treat_group",-19,0.030753085243947726,0.03910085724212,False,31870,341,family_B:age_pnad:age_55_65,estimated,-1
ddd_pretrend::B::age_pnad::age_55_65::desligamentos,desligamentos,ppml,"C(event_time, contr.treatment(base=-1))[-18]:treat_group",-18,0.027509165297244866,0.0305407471520745,False,31870,341,family_B:age_pnad:age_55_65,estimated,-1
ddd_pretrend::B::age_pnad::age_55_65::desligamentos,desligamentos,ppml,"C(event_time, contr.treatment(base=-1))[-17]:treat_group",-17,0.004092367457414804,0.03491842191667142,False,31870,341,family_B:age_pnad:age_55_65,estimated,-1
ddd_pretrend::B::age_pnad::age_55_65::desligamentos,desligamentos,ppml,"C(event_time, contr.treatment(base=-1))[-16]:treat_group",-16,-0.04621823298366232,0.030720238381893236,False,31870,341,family_B:age_pnad:age_55_65,estimated,-1
ddd_pretrend::B::age_pnad::age_55_65::desligamentos,desligamentos,ppml,"C(event_time, contr.treatment(base=-1))[-15]:treat_group",-15,0.0036146558664157387,0.03426855616412848,False,31870,341,family_B:age_pnad:age_55_65,estimated,-1
ddd_pretrend::B::age_pnad::age_55_65::desligamentos,desligamentos,ppml,"C(event_time, contr.treatment(base=-1))[-14]:treat_group",-14,-0.013673615944717471,0.046120751350172635,False,31870,341,family_B:age_pnad:age_55_65,estimated,-1
ddd_pretrend::B::age_pnad::age_55_65::desligamentos,desligamentos,ppml,"C(event_time, contr.treatment(base=-1))[-13]:treat_group",-13,-0.02006349538969264,0.032963365496398445,False,31870,341,family_B:age_pnad:age_55_65,estimated,-1
ddd_pretrend::B::age_pnad::age_55_65::desligamentos,desligamentos,ppml,"C(event_time, contr.treatment(base=-1))[-12]:treat_group",-12,0.015141726934829501,0.04354445887593308,False,31870,341,family_B:age_pnad:age_55_65,estimated,-1
ddd_pretrend::B::age_pnad::age_55_65::desligamentos,desligamentos,ppml,"C(event_time, contr.treatment(base=-1))[-11]:treat_group",-11,0.015169211199159241,0.05050719454743215,False,31870,341,family_B:age_pnad:age_55_65,estimated,-1
ddd_pretrend::B::age_pnad::age_55_65::desligamentos,desligamentos,ppml,"C(event_time, contr.treatment(base=-1))[-10]:treat_group",-10,-0.021795883975487308,0.03331490609894493,False,31870,341,family_B:age_pnad:age_55_65,estimated,-1
ddd_pretrend::B::age_pnad::age_55_65::desligamentos,desligamentos,ppml,"C(event_time, contr.treatment(base=-1))[-9]:treat_group",-9,-0.02463832155178303,0.029425970084143563,False,31870,341,family_B:age_pnad:age_55_65,estimated,-1
ddd_pretrend::B::age_pnad::age_55_65::desligamentos,desligamentos,ppml,"C(event_time, contr.treatment(base=-1))[-8]:treat_group",-8,-0.03695141174881443,0.03151666185763085,False,31870,341,family_B:age_pnad:age_55_65,estimated,-1
ddd_pretrend::B::age_pnad::age_55_65::desligamentos,desligamentos,ppml,"C(event_time, contr.treatment(base=-1))[-7]:treat_group",-7,-0.023463493895507163,0.040412472626824875,False,31870,341,family_B:age_pnad:age_55_65,estimated,-1
ddd_pretrend::B::age_pnad::age_55_65::desligamentos,desligamentos,ppml,"C(event_time, contr.treatment(base=-1))[-6]:treat_group",-6,-0.025223373445009106,0.03306010599958029,False,31870,341,family_B:age_pnad:age_55_65,estimated,-1
ddd_pretrend::B::age_pnad::age_55_65::desligamentos,desligamentos,ppml,"C(event_time, contr.treatment(base=-1))[-5]:treat_group",-5,-0.07779371771615062,0.025789120351413054,False,31870,341,family_B:age_pnad:age_55_65,estimated,-1
ddd_pretrend::B::age_pnad::age_55_65::desligamentos,desligamentos,ppml,"C(event_time, contr.treatment(base=-1))[-4]:treat_group",-4,-0.06707908072868028,0.023209123769693137,False,31870,341,family_B:age_pnad:age_55_65,estimated,-1
ddd_pretrend::B::age_pnad::age_55_65::desligamentos,desligamentos,ppml,"C(event_time, contr.treatment(base=-1))[-3]:treat_group",-3,-0.07896986123996055,0.030787129681791068,False,31870,341,family_B:age_pnad:age_55_65,estimated,-1
ddd_pretrend::B::age_pnad::age_55_65::desligamentos,desligamentos,ppml,"C(event_time, contr.treatment(base=-1))[-2]:treat_group",-2,0.0014216738712638365,0.027062564226877875,False,31870,341,family_B:age_pnad:age_55_65,estimated,-1
ddd_pretrend::B::age_pnad::age_55_65::desligamentos,desligamentos,ppml,reference_event_time,-1,0.0,0.0,True,31870,341,family_B:age_pnad:age_55_65,estimated,-1
ddd_pretrend::B::age_pnad::age_55_65::desligamentos,desligamentos,ppml,"C(event_time, contr.treatment(base=-1))[0]:treat_group",0,0.03321056265722033,0.041450599333525295,False,31870,341,family_B:age_pnad:age_55_65,estimated,-1
ddd_pretrend::B::age_pnad::age_55_65::desligamentos,desligamentos,ppml,"C(event_time, contr.treatment(base=-1))[1]:treat_group",1,-0.006862041288478029,0.03561194180585723,False,31870,341,family_B:age_pnad:age_55_65,estimated,-1
ddd_pretrend::B::age_pnad::age_55_65::desligamentos,desligamentos,ppml,"C(event_time, contr.treatment(base=-1))[2]:treat_group",2,0.004818571787746846,0.03173635014653119,False,31870,341,family_B:age_pnad:age_55_65,estimated,-1
ddd_pretrend::B::age_pnad::age_55_65::desligamentos,desligamentos,ppml,"C(event_time, contr.treatment(base=-1))[3]:treat_group",3,-0.05823113163698539,0.03586473122604573,False,31870,341,family_B:age_pnad:age_55_65,estimated,-1
ddd_pretrend::B::age_pnad::age_55_65::desligamentos,desligamentos,ppml,"C(event_time, contr.treatment(base=-1))[4]:treat_group",4,-0.05827726519396065,0.031510026650347474,False,31870,341,family_B:age_pnad:age_55_65,estimated,-1
ddd_pretrend::B::age_pnad::age_55_65::desligamentos,desligamentos,ppml,"C(event_time, contr.treatment(base=-1))[5]:treat_group",5,-0.0395232438466018,0.04028785196552925,False,31870,341,family_B:age_pnad:age_55_65,estimated,-1
ddd_pretrend::B::age_pnad::age_55_65::desligamentos,desligamentos,ppml,"C(event_time, contr.treatment(base=-1))[6]:treat_group",6,-0.02977016869065591,0.04024117207423918,False,31870,341,family_B:age_pnad:age_55_65,estimated,-1
ddd_pretrend::B::age_pnad::age_55_65::desligamentos,desligamentos,ppml,"C(event_time, contr.treatment(base=-1))[7]:treat_group",7,-0.07669540293348082,0.03538182247129812,False,31870,341,family_B:age_pnad:age_55_65,estimated,-1
ddd_pretrend::B::age_pnad::age_55_65::desligamentos,desligamentos,ppml,"C(event_time, contr.treatment(base=-1))[8]:treat_group",8,-0.09598775642996032,0.03241051841249664,False,31870,341,family_B:age_pnad:age_55_65,estimated,-1
ddd_pretrend::B::age_pnad::age_55_65::desligamentos,desligamentos,ppml,"C(event_time, contr.treatment(base=-1))[9]:treat_group",9,-0.10485110542997443,0.03348147306949441,False,31870,341,family_B:age_pnad:age_55_65,estimated,-1
ddd_pretrend::B::age_pnad::age_55_65::desligamentos,desligamentos,ppml,"C(event_time, contr.treatment(base=-1))[10]:treat_group",10,-0.04398855745409073,0.044668246528437545,False,31870,341,family_B:age_pnad:age_55_65,estimated,-1
ddd_pretrend::B::age_pnad::age_55_65::desligamentos,desligamentos,ppml,"C(event_time, contr.treatment(base=-1))[11]:treat_group",11,-0.038123455404068404,0.03384710540970633,False,31870,341,family_B:age_pnad:age_55_65,estimated,-1
ddd_pretrend::B::age_pnad::age_55_65::desligamentos,desligamentos,ppml,"C(event_time, contr.treatment(base=-1))[12]:treat_group",12,0.02388024521957857,0.04851592943633468,False,31870,341,family_B:age_pnad:age_55_65,estimated,-1
ddd_pretrend::B::age_pnad::age_55_65::desligamentos,desligamentos,ppml,"C(event_time, contr.treatment(base=-1))[13]:treat_group",13,-0.000985962157375236,0.05204156885757759,False,31870,341,family_B:age_pnad:age_55_65,estimated,-1
ddd_pretrend::B::age_pnad::age_55_65::desligamentos,desligamentos,ppml,"C(event_time, contr.treatment(base=-1))[14]:treat_group",14,-0.07477364047039663,0.04599294051965689,False,31870,341,family_B:age_pnad:age_55_65,estimated,-1
ddd_pretrend::B::age_pnad::age_55_65::desligamentos,desligamentos,ppml,"C(event_time, contr.treatment(base=-1))[15]:treat_group",15,-0.05459673559140322,0.03949762122598312,False,31870,341,family_B:age_pnad:age_55_65,estimated,-1
ddd_pretrend::B::age_pnad::age_55_65::desligamentos,desligamentos,ppml,"C(event_time, contr.treatment(base=-1))[16]:treat_group",16,-0.04410349114288919,0.04705724922062525,False,31870,341,family_B:age_pnad:age_55_65,estimated,-1
ddd_pretrend::B::age_pnad::age_55_65::desligamentos,desligamentos,ppml,"C(event_time, contr.treatment(base=-1))[17]:treat_group",17,-0.04723690582548881,0.04698395136565464,False,31870,341,family_B:age_pnad:age_55_65,estimated,-1
ddd_pretrend::B::age_pnad::age_55_65::desligamentos,desligamentos,ppml,"C(event_time, contr.treatment(base=-1))[18]:treat_group",18,-0.017731196268568575,0.04632970097807776,False,31870,341,family_B:age_pnad:age_55_65,estimated,-1
ddd_pretrend::B::age_pnad::age_55_65::desligamentos,desligamentos,ppml,"C(event_time, contr.treatment(base=-1))[19]:treat_group",19,0.06463230792012442,0.11722659851328102,False,31870,341,family_B:age_pnad:age_55_65,estimated,-1
ddd_pretrend::B::age_pnad::age_55_65::desligamentos,desligamentos,ppml,"C(event_time, contr.treatment(base=-1))[20]:treat_group",20,0.07837567834074975,0.11935881821534663,False,31870,341,family_B:age_pnad:age_55_65,estimated,-1
ddd_pretrend::B::age_pnad::age_55_65::desligamentos,desligamentos,ppml,"C(event_time, contr.treatment(base=-1))[21]:treat_group",21,-0.028278349702330473,0.0544639783831551,False,31870,341,family_B:age_pnad:age_55_65,estimated,-1
ddd_pretrend::B::age_pnad::age_55_65::desligamentos,desligamentos,ppml,"C(event_time, contr.treatment(base=-1))[22]:treat_group",22,-0.040172950808966795,0.05377542187783666,False,31870,341,family_B:age_pnad:age_55_65,estimated,-1
ddd_pretrend::B::age_pnad::age_55_65::desligamentos,desligamentos,ppml,"C(event_time, contr.treatment(base=-1))[23]:treat_group",23,-0.006533952581173799,0.058171788919516174,False,31870,341,family_B:age_pnad:age_55_65,estimated,-1
ddd_pretrend::B::age_pnad::age_55_65::ln_salario_real_adm,ln_salario_real_adm,ols,"C(event_time, contr.treatment(base=-1))[-23]:treat_group",-23,0.05554788061621732,0.06624318319432605,False,30416,341,family_B:age_pnad:age_55_65,estimated,-1
ddd_pretrend::B::age_pnad::age_55_65::ln_salario_real_adm,ln_salario_real_adm,ols,"C(event_time, contr.treatment(base=-1))[-22]:treat_group",-22,0.047840631959818795,0.058310240445885925,False,30416,341,family_B:age_pnad:age_55_65,estimated,-1
ddd_pretrend::B::age_pnad::age_55_65::ln_salario_real_adm,ln_salario_real_adm,ols,"C(event_time, contr.treatment(base=-1))[-21]:treat_group",-21,-0.028443506218594237,0.052215497139258445,False,30416,341,family_B:age_pnad:age_55_65,estimated,-1
ddd_pretrend::B::age_pnad::age_55_65::ln_salario_real_adm,ln_salario_real_adm,ols,"C(event_time, contr.treatment(base=-1))[-20]:treat_group",-20,-0.01831161641094496,0.06342929116097107,False,30416,341,family_B:age_pnad:age_55_65,estimated,-1
ddd_pretrend::B::age_pnad::age_55_65::ln_salario_real_adm,ln_salario_real_adm,ols,"C(event_time, contr.treatment(base=-1))[-19]:treat_group",-19,0.06723547891411347,0.06635998434068631,False,30416,341,family_B:age_pnad:age_55_65,estimated,-1
ddd_pretrend::B::age_pnad::age_55_65::ln_salario_real_adm,ln_salario_real_adm,ols,"C(event_time, contr.treatment(base=-1))[-18]:treat_group",-18,-0.024627057247398092,0.08326465217970856,False,30416,341,family_B:age_pnad:age_55_65,estimated,-1
ddd_pretrend::B::age_pnad::age_55_65::ln_salario_real_adm,ln_salario_real_adm,ols,"C(event_time, contr.treatment(base=-1))[-17]:treat_group",-17,0.029496202448885487,0.054871632164478414,False,30416,341,family_B:age_pnad:age_55_65,estimated,-1
ddd_pretrend::B::age_pnad::age_55_65::ln_salario_real_adm,ln_salario_real_adm,ols,"C(event_time, contr.treatment(base=-1))[-16]:treat_group",-16,0.012377181092285994,0.06823617766823359,False,30416,341,family_B:age_pnad:age_55_65,estimated,-1
ddd_pretrend::B::age_pnad::age_55_65::ln_salario_real_adm,ln_salario_real_adm,ols,"C(event_time, contr.treatment(base=-1))[-15]:treat_group",-15,0.05657035631878172,0.05985207653178439,False,30416,341,family_B:age_pnad:age_55_65,estimated,-1
ddd_pretrend::B::age_pnad::age_55_65::ln_salario_real_adm,ln_salario_real_adm,ols,"C(event_time, contr.treatment(base=-1))[-14]:treat_group",-14,0.03158665298312149,0.046395932684736914,False,30416,341,family_B:age_pnad:age_55_65,estimated,-1
ddd_pretrend::B::age_pnad::age_55_65::ln_salario_real_adm,ln_salario_real_adm,ols,"C(event_time, contr.treatment(base=-1))[-13]:treat_group",-13,0.06736960489329268,0.05022350317283603,False,30416,341,family_B:age_pnad:age_55_65,estimated,-1
ddd_pretrend::B::age_pnad::age_55_65::ln_salario_real_adm,ln_salario_real_adm,ols,"C(event_time, contr.treatment(base=-1))[-12]:treat_group",-12,-0.013732814740424816,0.058175843207170695,False,30416,341,family_B:age_pnad:age_55_65,estimated,-1
ddd_pretrend::B::age_pnad::age_55_65::ln_salario_real_adm,ln_salario_real_adm,ols,"C(event_time, contr.treatment(base=-1))[-11]:treat_group",-11,0.051595835629196056,0.05473941321015179,False,30416,341,family_B:age_pnad:age_55_65,estimated,-1
ddd_pretrend::B::age_pnad::age_55_65::ln_salario_real_adm,ln_salario_real_adm,ols,"C(event_time, contr.treatment(base=-1))[-10]:treat_group",-10,0.014467822853509173,0.043270028597099025,False,30416,341,family_B:age_pnad:age_55_65,estimated,-1
ddd_pretrend::B::age_pnad::age_55_65::ln_salario_real_adm,ln_salario_real_adm,ols,"C(event_time, contr.treatment(base=-1))[-9]:treat_group",-9,0.08643854382312775,0.04115741832098433,False,30416,341,family_B:age_pnad:age_55_65,estimated,-1
ddd_pretrend::B::age_pnad::age_55_65::ln_salario_real_adm,ln_salario_real_adm,ols,"C(event_time, contr.treatment(base=-1))[-8]:treat_group",-8,0.07505643071150274,0.04107665860496842,False,30416,341,family_B:age_pnad:age_55_65,estimated,-1
ddd_pretrend::B::age_pnad::age_55_65::ln_salario_real_adm,ln_salario_real_adm,ols,"C(event_time, contr.treatment(base=-1))[-7]:treat_group",-7,-0.006661715243602539,0.053377111790063075,False,30416,341,family_B:age_pnad:age_55_65,estimated,-1
ddd_pretrend::B::age_pnad::age_55_65::ln_salario_real_adm,ln_salario_real_adm,ols,"C(event_time, contr.treatment(base=-1))[-6]:treat_group",-6,0.08175345523931889,0.048970823812242874,False,30416,341,family_B:age_pnad:age_55_65,estimated,-1
ddd_pretrend::B::age_pnad::age_55_65::ln_salario_real_adm,ln_salario_real_adm,ols,"C(event_time, contr.treatment(base=-1))[-5]:treat_group",-5,0.03279443233338422,0.052524281543165414,False,30416,341,family_B:age_pnad:age_55_65,estimated,-1
ddd_pretrend::B::age_pnad::age_55_65::ln_salario_real_adm,ln_salario_real_adm,ols,"C(event_time, contr.treatment(base=-1))[-4]:treat_group",-4,-0.028148621205485082,0.03732224938509093,False,30416,341,family_B:age_pnad:age_55_65,estimated,-1
ddd_pretrend::B::age_pnad::age_55_65::ln_salario_real_adm,ln_salario_real_adm,ols,"C(event_time, contr.treatment(base=-1))[-3]:treat_group",-3,0.09872122210355462,0.0653573346580636,False,30416,341,family_B:age_pnad:age_55_65,estimated,-1
ddd_pretrend::B::age_pnad::age_55_65::ln_salario_real_adm,ln_salario_real_adm,ols,"C(event_time, contr.treatment(base=-1))[-2]:treat_group",-2,0.024106820334605237,0.052182177825704563,False,30416,341,family_B:age_pnad:age_55_65,estimated,-1
ddd_pretrend::B::age_pnad::age_55_65::ln_salario_real_adm,ln_salario_real_adm,ols,reference_event_time,-1,0.0,0.0,True,30416,341,family_B:age_pnad:age_55_65,estimated,-1
ddd_pretrend::B::age_pnad::age_55_65::ln_salario_real_adm,ln_salario_real_adm,ols,"C(event_time, contr.treatment(base=-1))[0]:treat_group",0,0.00397617071035301,0.046567922366852366,False,30416,341,family_B:age_pnad:age_55_65,estimated,-1
ddd_pretrend::B::age_pnad::age_55_65::ln_salario_real_adm,ln_salario_real_adm,ols,"C(event_time, contr.treatment(base=-1))[1]:treat_group",1,0.0574936142233074,0.050222196729286066,False,30416,341,family_B:age_pnad:age_55_65,estimated,-1
ddd_pretrend::B::age_pnad::age_55_65::ln_salario_real_adm,ln_salario_real_adm,ols,"C(event_time, contr.treatment(base=-1))[2]:treat_group",2,0.01034608802663223,0.05016641669796894,False,30416,341,family_B:age_pnad:age_55_65,estimated,-1
ddd_pretrend::B::age_pnad::age_55_65::ln_salario_real_adm,ln_salario_real_adm,ols,"C(event_time, contr.treatment(base=-1))[3]:treat_group",3,0.021867155667868187,0.04095441959332759,False,30416,341,family_B:age_pnad:age_55_65,estimated,-1
ddd_pretrend::B::age_pnad::age_55_65::ln_salario_real_adm,ln_salario_real_adm,ols,"C(event_time, contr.treatment(base=-1))[4]:treat_group",4,0.08918302101570524,0.06436109683780337,False,30416,341,family_B:age_pnad:age_55_65,estimated,-1
ddd_pretrend::B::age_pnad::age_55_65::ln_salario_real_adm,ln_salario_real_adm,ols,"C(event_time, contr.treatment(base=-1))[5]:treat_group",5,0.10734484579892828,0.07115153715642594,False,30416,341,family_B:age_pnad:age_55_65,estimated,-1
ddd_pretrend::B::age_pnad::age_55_65::ln_salario_real_adm,ln_salario_real_adm,ols,"C(event_time, contr.treatment(base=-1))[6]:treat_group",6,-0.01295689173890609,0.05553684724819481,False,30416,341,family_B:age_pnad:age_55_65,estimated,-1
ddd_pretrend::B::age_pnad::age_55_65::ln_salario_real_adm,ln_salario_real_adm,ols,"C(event_time, contr.treatment(base=-1))[7]:treat_group",7,0.06993002044184926,0.048432532623165686,False,30416,341,family_B:age_pnad:age_55_65,estimated,-1
ddd_pretrend::B::age_pnad::age_55_65::ln_salario_real_adm,ln_salario_real_adm,ols,"C(event_time, contr.treatment(base=-1))[8]:treat_group",8,0.05884704327296136,0.05124388413989169,False,30416,341,family_B:age_pnad:age_55_65,estimated,-1
ddd_pretrend::B::age_pnad::age_55_65::ln_salario_real_adm,ln_salario_real_adm,ols,"C(event_time, contr.treatment(base=-1))[9]:treat_group",9,-0.008509593175489874,0.0428037800606653,False,30416,341,family_B:age_pnad:age_55_65,estimated,-1
ddd_pretrend::B::age_pnad::age_55_65::ln_salario_real_adm,ln_salario_real_adm,ols,"C(event_time, contr.treatment(base=-1))[10]:treat_group",10,0.009436956932355925,0.05562204936322121,False,30416,341,family_B:age_pnad:age_55_65,estimated,-1
ddd_pretrend::B::age_pnad::age_55_65::ln_salario_real_adm,ln_salario_real_adm,ols,"C(event_time, contr.treatment(base=-1))[11]:treat_group",11,0.05260238856212871,0.043986349539614764,False,30416,341,family_B:age_pnad:age_55_65,estimated,-1
ddd_pretrend::B::age_pnad::age_55_65::ln_salario_real_adm,ln_salario_real_adm,ols,"C(event_time, contr.treatment(base=-1))[12]:treat_group",12,0.020992804400094375,0.04972601745405496,False,30416,341,family_B:age_pnad:age_55_65,estimated,-1
ddd_pretrend::B::age_pnad::age_55_65::ln_salario_real_adm,ln_salario_real_adm,ols,"C(event_time, contr.treatment(base=-1))[13]:treat_group",13,0.0023515614895871927,0.060701098018703624,False,30416,341,family_B:age_pnad:age_55_65,estimated,-1
ddd_pretrend::B::age_pnad::age_55_65::ln_salario_real_adm,ln_salario_real_adm,ols,"C(event_time, contr.treatment(base=-1))[14]:treat_group",14,0.024893553832795824,0.05027794853976941,False,30416,341,family_B:age_pnad:age_55_65,estimated,-1
ddd_pretrend::B::age_pnad::age_55_65::ln_salario_real_adm,ln_salario_real_adm,ols,"C(event_time, contr.treatment(base=-1))[15]:treat_group",15,0.05158010123794913,0.0447817186073074,False,30416,341,family_B:age_pnad:age_55_65,estimated,-1
ddd_pretrend::B::age_pnad::age_55_65::ln_salario_real_adm,ln_salario_real_adm,ols,"C(event_time, contr.treatment(base=-1))[16]:treat_group",16,0.053854161118557564,0.050088093328710545,False,30416,341,family_B:age_pnad:age_55_65,estimated,-1
ddd_pretrend::B::age_pnad::age_55_65::ln_salario_real_adm,ln_salario_real_adm,ols,"C(event_time, contr.treatment(base=-1))[17]:treat_group",17,0.11035959533016736,0.05541176015189111,False,30416,341,family_B:age_pnad:age_55_65,estimated,-1
ddd_pretrend::B::age_pnad::age_55_65::ln_salario_real_adm,ln_salario_real_adm,ols,"C(event_time, contr.treatment(base=-1))[18]:treat_group",18,0.053239041700327346,0.04081109842608999,False,30416,341,family_B:age_pnad:age_55_65,estimated,-1
ddd_pretrend::B::age_pnad::age_55_65::ln_salario_real_adm,ln_salario_real_adm,ols,"C(event_time, contr.treatment(base=-1))[19]:treat_group",19,0.013744005817590095,0.051346096976324355,False,30416,341,family_B:age_pnad:age_55_65,estimated,-1
ddd_pretrend::B::age_pnad::age_55_65::ln_salario_real_adm,ln_salario_real_adm,ols,"C(event_time, contr.treatment(base=-1))[20]:treat_group",20,0.026949839422882135,0.06292113483170488,False,30416,341,family_B:age_pnad:age_55_65,estimated,-1
ddd_pretrend::B::age_pnad::age_55_65::ln_salario_real_adm,ln_salario_real_adm,ols,"C(event_time, contr.treatment(base=-1))[21]:treat_group",21,0.015910570746445297,0.04035218007996328,False,30416,341,family_B:age_pnad:age_55_65,estimated,-1
ddd_pretrend::B::age_pnad::age_55_65::ln_salario_real_adm,ln_salario_real_adm,ols,"C(event_time, contr.treatment(base=-1))[22]:treat_group",22,0.021405598285598678,0.05245190697257074,False,30416,341,family_B:age_pnad:age_55_65,estimated,-1
ddd_pretrend::B::age_pnad::age_55_65::ln_salario_real_adm,ln_salario_real_adm,ols,"C(event_time, contr.treatment(base=-1))[23]:treat_group",23,0.056284629868044264,0.043263852517473514,False,30416,341,family_B:age_pnad:age_55_65,estimated,-1
ddd_pretrend::B::age_pnad::age_55_65::n_movimentacoes,n_movimentacoes,ppml,"C(event_time, contr.treatment(base=-1))[-23]:treat_group",-23,0.12603423495942578,0.04964568736002451,False,31870,341,family_B:age_pnad:age_55_65,estimated,-1
ddd_pretrend::B::age_pnad::age_55_65::n_movimentacoes,n_movimentacoes,ppml,"C(event_time, contr.treatment(base=-1))[-22]:treat_group",-22,0.2510008159065726,0.11420565360064376,False,31870,341,family_B:age_pnad:age_55_65,estimated,-1
ddd_pretrend::B::age_pnad::age_55_65::n_movimentacoes,n_movimentacoes,ppml,"C(event_time, contr.treatment(base=-1))[-21]:treat_group",-21,0.13629788025072434,0.04014648124961718,False,31870,341,family_B:age_pnad:age_55_65,estimated,-1
ddd_pretrend::B::age_pnad::age_55_65::n_movimentacoes,n_movimentacoes,ppml,"C(event_time, contr.treatment(base=-1))[-20]:treat_group",-20,0.15165470277683896,0.0694654425666036,False,31870,341,family_B:age_pnad:age_55_65,estimated,-1
ddd_pretrend::B::age_pnad::age_55_65::n_movimentacoes,n_movimentacoes,ppml,"C(event_time, contr.treatment(base=-1))[-19]:treat_group",-19,0.0347597126501421,0.046462544644338244,False,31870,341,family_B:age_pnad:age_55_65,estimated,-1
ddd_pretrend::B::age_pnad::age_55_65::n_movimentacoes,n_movimentacoes,ppml,"C(event_time, contr.treatment(base=-1))[-18]:treat_group",-18,0.0343757897294834,0.03424473181340329,False,31870,341,family_B:age_pnad:age_55_65,estimated,-1
ddd_pretrend::B::age_pnad::age_55_65::n_movimentacoes,n_movimentacoes,ppml,"C(event_time, contr.treatment(base=-1))[-17]:treat_group",-17,0.018561344044494953,0.03286991993570589,False,31870,341,family_B:age_pnad:age_55_65,estimated,-1
ddd_pretrend::B::age_pnad::age_55_65::n_movimentacoes,n_movimentacoes,ppml,"C(event_time, contr.treatment(base=-1))[-16]:treat_group",-16,-0.012147363929176404,0.030230226555854858,False,31870,341,family_B:age_pnad:age_55_65,estimated,-1
ddd_pretrend::B::age_pnad::age_55_65::n_movimentacoes,n_movimentacoes,ppml,"C(event_time, contr.treatment(base=-1))[-15]:treat_group",-15,0.038652399091382905,0.037776790903543765,False,31870,341,family_B:age_pnad:age_55_65,estimated,-1
ddd_pretrend::B::age_pnad::age_55_65::n_movimentacoes,n_movimentacoes,ppml,"C(event_time, contr.treatment(base=-1))[-14]:treat_group",-14,-0.0021806841550762496,0.037093074276708514,False,31870,341,family_B:age_pnad:age_55_65,estimated,-1
ddd_pretrend::B::age_pnad::age_55_65::n_movimentacoes,n_movimentacoes,ppml,"C(event_time, contr.treatment(base=-1))[-13]:treat_group",-13,-0.04575819635861684,0.037304724694458516,False,31870,341,family_B:age_pnad:age_55_65,estimated,-1
ddd_pretrend::B::age_pnad::age_55_65::n_movimentacoes,n_movimentacoes,ppml,"C(event_time, contr.treatment(base=-1))[-12]:treat_group",-12,-0.005243302183339243,0.041759375433945894,False,31870,341,family_B:age_pnad:age_55_65,estimated,-1
ddd_pretrend::B::age_pnad::age_55_65::n_movimentacoes,n_movimentacoes,ppml,"C(event_time, contr.treatment(base=-1))[-11]:treat_group",-11,0.05267819378740771,0.03834893026117328,False,31870,341,family_B:age_pnad:age_55_65,estimated,-1
ddd_pretrend::B::age_pnad::age_55_65::n_movimentacoes,n_movimentacoes,ppml,"C(event_time, contr.treatment(base=-1))[-10]:treat_group",-10,0.0108992289187679,0.028934273501956074,False,31870,341,family_B:age_pnad:age_55_65,estimated,-1
ddd_pretrend::B::age_pnad::age_55_65::n_movimentacoes,n_movimentacoes,ppml,"C(event_time, contr.treatment(base=-1))[-9]:treat_group",-9,0.021863493296855288,0.027370599710096984,False,31870,341,family_B:age_pnad:age_55_65,estimated,-1
ddd_pretrend::B::age_pnad::age_55_65::n_movimentacoes,n_movimentacoes,ppml,"C(event_time, contr.treatment(base=-1))[-8]:treat_group",-8,0.001229057777836077,0.026657895633089394,False,31870,341,family_B:age_pnad:age_55_65,estimated,-1
ddd_pretrend::B::age_pnad::age_55_65::n_movimentacoes,n_movimentacoes,ppml,"C(event_time, contr.treatment(base=-1))[-7]:treat_group",-7,-0.005214893624446,0.033036168046386497,False,31870,341,family_B:age_pnad:age_55_65,estimated,-1
ddd_pretrend::B::age_pnad::age_55_65::n_movimentacoes,n_movimentacoes,ppml,"C(event_time, contr.treatment(base=-1))[-6]:treat_group",-6,0.012836808902264166,0.025057819285164932,False,31870,341,family_B:age_pnad:age_55_65,estimated,-1
ddd_pretrend::B::age_pnad::age_55_65::n_movimentacoes,n_movimentacoes,ppml,"C(event_time, contr.treatment(base=-1))[-5]:treat_group",-5,-0.013256053529323644,0.022073921868185537,False,31870,341,family_B:age_pnad:age_55_65,estimated,-1
ddd_pretrend::B::age_pnad::age_55_65::n_movimentacoes,n_movimentacoes,ppml,"C(event_time, contr.treatment(base=-1))[-4]:treat_group",-4,0.010498036739887726,0.02316091268839734,False,31870,341,family_B:age_pnad:age_55_65,estimated,-1
ddd_pretrend::B::age_pnad::age_55_65::n_movimentacoes,n_movimentacoes,ppml,"C(event_time, contr.treatment(base=-1))[-3]:treat_group",-3,0.011812292192407037,0.025034762682694004,False,31870,341,family_B:age_pnad:age_55_65,estimated,-1
ddd_pretrend::B::age_pnad::age_55_65::n_movimentacoes,n_movimentacoes,ppml,"C(event_time, contr.treatment(base=-1))[-2]:treat_group",-2,0.026928745150079484,0.018961451894142615,False,31870,341,family_B:age_pnad:age_55_65,estimated,-1
ddd_pretrend::B::age_pnad::age_55_65::n_movimentacoes,n_movimentacoes,ppml,reference_event_time,-1,0.0,0.0,True,31870,341,family_B:age_pnad:age_55_65,estimated,-1
ddd_pretrend::B::age_pnad::age_55_65::n_movimentacoes,n_movimentacoes,ppml,"C(event_time, contr.treatment(base=-1))[0]:treat_group",0,0.02711453664272155,0.03449262371147772,False,31870,341,family_B:age_pnad:age_55_65,estimated,-1
ddd_pretrend::B::age_pnad::age_55_65::n_movimentacoes,n_movimentacoes,ppml,"C(event_time, contr.treatment(base=-1))[1]:treat_group",1,0.0427015718919121,0.020647970770741014,False,31870,341,family_B:age_pnad:age_55_65,estimated,-1
ddd_pretrend::B::age_pnad::age_55_65::n_movimentacoes,n_movimentacoes,ppml,"C(event_time, contr.treatment(base=-1))[2]:treat_group",2,0.058982667575705576,0.025556890289578756,False,31870,341,family_B:age_pnad:age_55_65,estimated,-1
ddd_pretrend::B::age_pnad::age_55_65::n_movimentacoes,n_movimentacoes,ppml,"C(event_time, contr.treatment(base=-1))[3]:treat_group",3,-0.0011806344145413644,0.024457580028902793,False,31870,341,family_B:age_pnad:age_55_65,estimated,-1
ddd_pretrend::B::age_pnad::age_55_65::n_movimentacoes,n_movimentacoes,ppml,"C(event_time, contr.treatment(base=-1))[4]:treat_group",4,-0.0008868692288471755,0.025749374745097506,False,31870,341,family_B:age_pnad:age_55_65,estimated,-1
ddd_pretrend::B::age_pnad::age_55_65::n_movimentacoes,n_movimentacoes,ppml,"C(event_time, contr.treatment(base=-1))[5]:treat_group",5,-0.007660631373353406,0.02467957940500614,False,31870,341,family_B:age_pnad:age_55_65,estimated,-1
ddd_pretrend::B::age_pnad::age_55_65::n_movimentacoes,n_movimentacoes,ppml,"C(event_time, contr.treatment(base=-1))[6]:treat_group",6,-0.0007556385588167817,0.02766623594999369,False,31870,341,family_B:age_pnad:age_55_65,estimated,-1
ddd_pretrend::B::age_pnad::age_55_65::n_movimentacoes,n_movimentacoes,ppml,"C(event_time, contr.treatment(base=-1))[7]:treat_group",7,-0.010004315883511458,0.025772094220562036,False,31870,341,family_B:age_pnad:age_55_65,estimated,-1
ddd_pretrend::B::age_pnad::age_55_65::n_movimentacoes,n_movimentacoes,ppml,"C(event_time, contr.treatment(base=-1))[8]:treat_group",8,-0.02822030294836426,0.025781322207168722,False,31870,341,family_B:age_pnad:age_55_65,estimated,-1
ddd_pretrend::B::age_pnad::age_55_65::n_movimentacoes,n_movimentacoes,ppml,"C(event_time, contr.treatment(base=-1))[9]:treat_group",9,-0.01118893821905191,0.022300259025310937,False,31870,341,family_B:age_pnad:age_55_65,estimated,-1
ddd_pretrend::B::age_pnad::age_55_65::n_movimentacoes,n_movimentacoes,ppml,"C(event_time, contr.treatment(base=-1))[10]:treat_group",10,0.012249347556297448,0.03154488158444763,False,31870,341,family_B:age_pnad:age_55_65,estimated,-1
ddd_pretrend::B::age_pnad::age_55_65::n_movimentacoes,n_movimentacoes,ppml,"C(event_time, contr.treatment(base=-1))[11]:treat_group",11,-0.004149858350506843,0.026751860305384043,False,31870,341,family_B:age_pnad:age_55_65,estimated,-1
ddd_pretrend::B::age_pnad::age_55_65::n_movimentacoes,n_movimentacoes,ppml,"C(event_time, contr.treatment(base=-1))[12]:treat_group",12,0.03807731940046341,0.03428041437738875,False,31870,341,family_B:age_pnad:age_55_65,estimated,-1
ddd_pretrend::B::age_pnad::age_55_65::n_movimentacoes,n_movimentacoes,ppml,"C(event_time, contr.treatment(base=-1))[13]:treat_group",13,0.05717799262878107,0.04304021611384949,False,31870,341,family_B:age_pnad:age_55_65,estimated,-1
ddd_pretrend::B::age_pnad::age_55_65::n_movimentacoes,n_movimentacoes,ppml,"C(event_time, contr.treatment(base=-1))[14]:treat_group",14,0.0030654688921568207,0.03945101760817199,False,31870,341,family_B:age_pnad:age_55_65,estimated,-1
ddd_pretrend::B::age_pnad::age_55_65::n_movimentacoes,n_movimentacoes,ppml,"C(event_time, contr.treatment(base=-1))[15]:treat_group",15,0.0028493367980141782,0.03511303176269384,False,31870,341,family_B:age_pnad:age_55_65,estimated,-1
ddd_pretrend::B::age_pnad::age_55_65::n_movimentacoes,n_movimentacoes,ppml,"C(event_time, contr.treatment(base=-1))[16]:treat_group",16,0.004641077833535115,0.04396622556348661,False,31870,341,family_B:age_pnad:age_55_65,estimated,-1
ddd_pretrend::B::age_pnad::age_55_65::n_movimentacoes,n_movimentacoes,ppml,"C(event_time, contr.treatment(base=-1))[17]:treat_group",17,-0.0006550719129389686,0.03759693625652215,False,31870,341,family_B:age_pnad:age_55_65,estimated,-1
ddd_pretrend::B::age_pnad::age_55_65::n_movimentacoes,n_movimentacoes,ppml,"C(event_time, contr.treatment(base=-1))[18]:treat_group",18,0.025964047344187304,0.03912875098598906,False,31870,341,family_B:age_pnad:age_55_65,estimated,-1
ddd_pretrend::B::age_pnad::age_55_65::n_movimentacoes,n_movimentacoes,ppml,"C(event_time, contr.treatment(base=-1))[19]:treat_group",19,0.11657984098008262,0.080718852485091,False,31870,341,family_B:age_pnad:age_55_65,estimated,-1
ddd_pretrend::B::age_pnad::age_55_65::n_movimentacoes,n_movimentacoes,ppml,"C(event_time, contr.treatment(base=-1))[20]:treat_group",20,0.09782206474239324,0.08185849490211124,False,31870,341,family_B:age_pnad:age_55_65,estimated,-1
ddd_pretrend::B::age_pnad::age_55_65::n_movimentacoes,n_movimentacoes,ppml,"C(event_time, contr.treatment(base=-1))[21]:treat_group",21,0.04008727117845051,0.05401890987998416,False,31870,341,family_B:age_pnad:age_55_65,estimated,-1
ddd_pretrend::B::age_pnad::age_55_65::n_movimentacoes,n_movimentacoes,ppml,"C(event_time, contr.treatment(base=-1))[22]:treat_group",22,0.01999152658542284,0.06130677004840512,False,31870,341,family_B:age_pnad:age_55_65,estimated,-1
ddd_pretrend::B::age_pnad::age_55_65::n_movimentacoes,n_movimentacoes,ppml,"C(event_time, contr.treatment(base=-1))[23]:treat_group",23,0.02702962610863007,0.05947405164680707,False,31870,341,family_B:age_pnad:age_55_65,estimated,-1
ddd_pretrend::B::race_aggregate::race_negra::admissoes,admissoes,ppml,"C(event_time, contr.treatment(base=-1))[-23]:treat_group",-23,0.01521279049681385,0.045865711136766865,False,31870,341,family_B:race_aggregate:race_negra,estimated,-1
ddd_pretrend::B::race_aggregate::race_negra::admissoes,admissoes,ppml,"C(event_time, contr.treatment(base=-1))[-22]:treat_group",-22,0.04424087671159677,0.03535094451252758,False,31870,341,family_B:race_aggregate:race_negra,estimated,-1
ddd_pretrend::B::race_aggregate::race_negra::admissoes,admissoes,ppml,"C(event_time, contr.treatment(base=-1))[-21]:treat_group",-21,-0.010563523614743562,0.026914017891147182,False,31870,341,family_B:race_aggregate:race_negra,estimated,-1
ddd_pretrend::B::race_aggregate::race_negra::admissoes,admissoes,ppml,"C(event_time, contr.treatment(base=-1))[-20]:treat_group",-20,-0.049082160018004604,0.03485092288391627,False,31870,341,family_B:race_aggregate:race_negra,estimated,-1
ddd_pretrend::B::race_aggregate::race_negra::admissoes,admissoes,ppml,"C(event_time, contr.treatment(base=-1))[-19]:treat_group",-19,-0.05309250021524812,0.032261580782640895,False,31870,341,family_B:race_aggregate:race_negra,estimated,-1
ddd_pretrend::B::race_aggregate::race_negra::admissoes,admissoes,ppml,"C(event_time, contr.treatment(base=-1))[-18]:treat_group",-18,-0.05317574382646043,0.025116101874336702,False,31870,341,family_B:race_aggregate:race_negra,estimated,-1
ddd_pretrend::B::race_aggregate::race_negra::admissoes,admissoes,ppml,"C(event_time, contr.treatment(base=-1))[-17]:treat_group",-17,-0.058458231397403915,0.025952777255924424,False,31870,341,family_B:race_aggregate:race_negra,estimated,-1
ddd_pretrend::B::race_aggregate::race_negra::admissoes,admissoes,ppml,"C(event_time, contr.treatment(base=-1))[-16]:treat_group",-16,-0.06895185777318999,0.0352941306564636,False,31870,341,family_B:race_aggregate:race_negra,estimated,-1
ddd_pretrend::B::race_aggregate::race_negra::admissoes,admissoes,ppml,"C(event_time, contr.treatment(base=-1))[-15]:treat_group",-15,-0.09911169586491013,0.055638861766607824,False,31870,341,family_B:race_aggregate:race_negra,estimated,-1
ddd_pretrend::B::race_aggregate::race_negra::admissoes,admissoes,ppml,"C(event_time, contr.treatment(base=-1))[-14]:treat_group",-14,-0.0028461613990985652,0.024292995737870544,False,31870,341,family_B:race_aggregate:race_negra,estimated,-1
ddd_pretrend::B::race_aggregate::race_negra::admissoes,admissoes,ppml,"C(event_time, contr.treatment(base=-1))[-13]:treat_group",-13,0.027269919183873125,0.018635681433363686,False,31870,341,family_B:race_aggregate:race_negra,estimated,-1
ddd_pretrend::B::race_aggregate::race_negra::admissoes,admissoes,ppml,"C(event_time, contr.treatment(base=-1))[-12]:treat_group",-12,0.009514939585453467,0.020766027827786936,False,31870,341,family_B:race_aggregate:race_negra,estimated,-1
ddd_pretrend::B::race_aggregate::race_negra::admissoes,admissoes,ppml,"C(event_time, contr.treatment(base=-1))[-11]:treat_group",-11,-0.00046963094342508216,0.028509561999724296,False,31870,341,family_B:race_aggregate:race_negra,estimated,-1
ddd_pretrend::B::race_aggregate::race_negra::admissoes,admissoes,ppml,"C(event_time, contr.treatment(base=-1))[-10]:treat_group",-10,0.033389248861899604,0.027002052288436978,False,31870,341,family_B:race_aggregate:race_negra,estimated,-1
ddd_pretrend::B::race_aggregate::race_negra::admissoes,admissoes,ppml,"C(event_time, contr.treatment(base=-1))[-9]:treat_group",-9,-0.018961659826878603,0.01994551275852198,False,31870,341,family_B:race_aggregate:race_negra,estimated,-1
ddd_pretrend::B::race_aggregate::race_negra::admissoes,admissoes,ppml,"C(event_time, contr.treatment(base=-1))[-8]:treat_group",-8,-0.030820754864439765,0.020913503882643483,False,31870,341,family_B:race_aggregate:race_negra,estimated,-1
ddd_pretrend::B::race_aggregate::race_negra::admissoes,admissoes,ppml,"C(event_time, contr.treatment(base=-1))[-7]:treat_group",-7,-0.06206622066066346,0.016688247314562057,False,31870,341,family_B:race_aggregate:race_negra,estimated,-1
ddd_pretrend::B::race_aggregate::race_negra::admissoes,admissoes,ppml,"C(event_time, contr.treatment(base=-1))[-6]:treat_group",-6,-0.07159635036598715,0.01679455604667562,False,31870,341,family_B:race_aggregate:race_negra,estimated,-1
ddd_pretrend::B::race_aggregate::race_negra::admissoes,admissoes,ppml,"C(event_time, contr.treatment(base=-1))[-5]:treat_group",-5,-0.03085968880213406,0.017992384393503157,False,31870,341,family_B:race_aggregate:race_negra,estimated,-1
ddd_pretrend::B::race_aggregate::race_negra::admissoes,admissoes,ppml,"C(event_time, contr.treatment(base=-1))[-4]:treat_group",-4,-0.06833500350649767,0.027527884393788515,False,31870,341,family_B:race_aggregate:race_negra,estimated,-1
ddd_pretrend::B::race_aggregate::race_negra::admissoes,admissoes,ppml,"C(event_time, contr.treatment(base=-1))[-3]:treat_group",-3,-0.06753937496639155,0.04502510147197424,False,31870,341,family_B:race_aggregate:race_negra,estimated,-1
ddd_pretrend::B::race_aggregate::race_negra::admissoes,admissoes,ppml,"C(event_time, contr.treatment(base=-1))[-2]:treat_group",-2,-0.04490663980613906,0.018595296632530536,False,31870,341,family_B:race_aggregate:race_negra,estimated,-1
ddd_pretrend::B::race_aggregate::race_negra::admissoes,admissoes,ppml,reference_event_time,-1,0.0,0.0,True,31870,341,family_B:race_aggregate:race_negra,estimated,-1
ddd_pretrend::B::race_aggregate::race_negra::admissoes,admissoes,ppml,"C(event_time, contr.treatment(base=-1))[0]:treat_group",0,0.006465361258857312,0.021016075477318284,False,31870,341,family_B:race_aggregate:race_negra,estimated,-1
ddd_pretrend::B::race_aggregate::race_negra::admissoes,admissoes,ppml,"C(event_time, contr.treatment(base=-1))[1]:treat_group",1,-0.037268786950337626,0.024081992502348413,False,31870,341,family_B:race_aggregate:race_negra,estimated,-1
ddd_pretrend::B::race_aggregate::race_negra::admissoes,admissoes,ppml,"C(event_time, contr.treatment(base=-1))[2]:treat_group",2,-0.003602940265012091,0.021955001959918074,False,31870,341,family_B:race_aggregate:race_negra,estimated,-1
ddd_pretrend::B::race_aggregate::race_negra::admissoes,admissoes,ppml,"C(event_time, contr.treatment(base=-1))[3]:treat_group",3,-0.02730441704376097,0.017782491433199266,False,31870,341,family_B:race_aggregate:race_negra,estimated,-1
ddd_pretrend::B::race_aggregate::race_negra::admissoes,admissoes,ppml,"C(event_time, contr.treatment(base=-1))[4]:treat_group",4,-0.050544251056986,0.022520973370058886,False,31870,341,family_B:race_aggregate:race_negra,estimated,-1
ddd_pretrend::B::race_aggregate::race_negra::admissoes,admissoes,ppml,"C(event_time, contr.treatment(base=-1))[5]:treat_group",5,-0.04588439159283754,0.01792158278250012,False,31870,341,family_B:race_aggregate:race_negra,estimated,-1
ddd_pretrend::B::race_aggregate::race_negra::admissoes,admissoes,ppml,"C(event_time, contr.treatment(base=-1))[6]:treat_group",6,-0.05432063981114611,0.022340716642365623,False,31870,341,family_B:race_aggregate:race_negra,estimated,-1
ddd_pretrend::B::race_aggregate::race_negra::admissoes,admissoes,ppml,"C(event_time, contr.treatment(base=-1))[7]:treat_group",7,-0.042350637339232056,0.018373953853138773,False,31870,341,family_B:race_aggregate:race_negra,estimated,-1
ddd_pretrend::B::race_aggregate::race_negra::admissoes,admissoes,ppml,"C(event_time, contr.treatment(base=-1))[8]:treat_group",8,-0.09870693392278014,0.022897175323114867,False,31870,341,family_B:race_aggregate:race_negra,estimated,-1
ddd_pretrend::B::race_aggregate::race_negra::admissoes,admissoes,ppml,"C(event_time, contr.treatment(base=-1))[9]:treat_group",9,-0.10507757085935465,0.03466065580243219,False,31870,341,family_B:race_aggregate:race_negra,estimated,-1
ddd_pretrend::B::race_aggregate::race_negra::admissoes,admissoes,ppml,"C(event_time, contr.treatment(base=-1))[10]:treat_group",10,-0.03539977275787956,0.020106109434988226,False,31870,341,family_B:race_aggregate:race_negra,estimated,-1
ddd_pretrend::B::race_aggregate::race_negra::admissoes,admissoes,ppml,"C(event_time, contr.treatment(base=-1))[11]:treat_group",11,-0.01619771108906439,0.01721941141865915,False,31870,341,family_B:race_aggregate:race_negra,estimated,-1
ddd_pretrend::B::race_aggregate::race_negra::admissoes,admissoes,ppml,"C(event_time, contr.treatment(base=-1))[12]:treat_group",12,-0.040940574014024504,0.017678097306837847,False,31870,341,family_B:race_aggregate:race_negra,estimated,-1
ddd_pretrend::B::race_aggregate::race_negra::admissoes,admissoes,ppml,"C(event_time, contr.treatment(base=-1))[13]:treat_group",13,-0.07947322075125982,0.04270685431804946,False,31870,341,family_B:race_aggregate:race_negra,estimated,-1
ddd_pretrend::B::race_aggregate::race_negra::admissoes,admissoes,ppml,"C(event_time, contr.treatment(base=-1))[14]:treat_group",14,-0.08610951815930586,0.042832814868206975,False,31870,341,family_B:race_aggregate:race_negra,estimated,-1
ddd_pretrend::B::race_aggregate::race_negra::admissoes,admissoes,ppml,"C(event_time, contr.treatment(base=-1))[15]:treat_group",15,-0.13350549711019366,0.03967036694869913,False,31870,341,family_B:race_aggregate:race_negra,estimated,-1
ddd_pretrend::B::race_aggregate::race_negra::admissoes,admissoes,ppml,"C(event_time, contr.treatment(base=-1))[16]:treat_group",16,-0.16841256468267868,0.04663355053237549,False,31870,341,family_B:race_aggregate:race_negra,estimated,-1
ddd_pretrend::B::race_aggregate::race_negra::admissoes,admissoes,ppml,"C(event_time, contr.treatment(base=-1))[17]:treat_group",17,-0.20318335331107548,0.05010444397106065,False,31870,341,family_B:race_aggregate:race_negra,estimated,-1
ddd_pretrend::B::race_aggregate::race_negra::admissoes,admissoes,ppml,"C(event_time, contr.treatment(base=-1))[18]:treat_group",18,-0.22200239716116218,0.05265152995410222,False,31870,341,family_B:race_aggregate:race_negra,estimated,-1
ddd_pretrend::B::race_aggregate::race_negra::admissoes,admissoes,ppml,"C(event_time, contr.treatment(base=-1))[19]:treat_group",19,-0.21090050333553467,0.05302784355942443,False,31870,341,family_B:race_aggregate:race_negra,estimated,-1
ddd_pretrend::B::race_aggregate::race_negra::admissoes,admissoes,ppml,"C(event_time, contr.treatment(base=-1))[20]:treat_group",20,-0.21755120884011384,0.0486903590479727,False,31870,341,family_B:race_aggregate:race_negra,estimated,-1
ddd_pretrend::B::race_aggregate::race_negra::admissoes,admissoes,ppml,"C(event_time, contr.treatment(base=-1))[21]:treat_group",21,-0.1994199999157161,0.04969633340521535,False,31870,341,family_B:race_aggregate:race_negra,estimated,-1
ddd_pretrend::B::race_aggregate::race_negra::admissoes,admissoes,ppml,"C(event_time, contr.treatment(base=-1))[22]:treat_group",22,-0.2083900934388441,0.04513135669493149,False,31870,341,family_B:race_aggregate:race_negra,estimated,-1
ddd_pretrend::B::race_aggregate::race_negra::admissoes,admissoes,ppml,"C(event_time, contr.treatment(base=-1))[23]:treat_group",23,-0.20306304242190515,0.04528204793417158,False,31870,341,family_B:race_aggregate:race_negra,estimated,-1
ddd_pretrend::B::race_aggregate::race_negra::asinh_saldo,asinh_saldo,ols,"C(event_time, contr.treatment(base=-1))[-23]:treat_group",-23,-1.3385447948653857,0.6331528326892777,False,31870,341,family_B:race_aggregate:race_negra,estimated,-1
ddd_pretrend::B::race_aggregate::race_negra::asinh_saldo,asinh_saldo,ols,"C(event_time, contr.treatment(base=-1))[-22]:treat_group",-22,-0.7431139610885109,0.7160218080350821,False,31870,341,family_B:race_aggregate:race_negra,estimated,-1
ddd_pretrend::B::race_aggregate::race_negra::asinh_saldo,asinh_saldo,ols,"C(event_time, contr.treatment(base=-1))[-21]:treat_group",-21,-0.10806056842392361,0.7300844292022233,False,31870,341,family_B:race_aggregate:race_negra,estimated,-1
ddd_pretrend::B::race_aggregate::race_negra::asinh_saldo,asinh_saldo,ols,"C(event_time, contr.treatment(base=-1))[-20]:treat_group",-20,-0.9992750297333823,0.7051330212340616,False,31870,341,family_B:race_aggregate:race_negra,estimated,-1
ddd_pretrend::B::race_aggregate::race_negra::asinh_saldo,asinh_saldo,ols,"C(event_time, contr.treatment(base=-1))[-19]:treat_group",-19,-1.0834160389229817,0.631663146808669,False,31870,341,family_B:race_aggregate:race_negra,estimated,-1
ddd_pretrend::B::race_aggregate::race_negra::asinh_saldo,asinh_saldo,ols,"C(event_time, contr.treatment(base=-1))[-18]:treat_group",-18,-0.8386537300971966,0.7395106299826868,False,31870,341,family_B:race_aggregate:race_negra,estimated,-1
ddd_pretrend::B::race_aggregate::race_negra::asinh_saldo,asinh_saldo,ols,"C(event_time, contr.treatment(base=-1))[-17]:treat_group",-17,-1.4362583527241022,0.6320838874934173,False,31870,341,family_B:race_aggregate:race_negra,estimated,-1
ddd_pretrend::B::race_aggregate::race_negra::asinh_saldo,asinh_saldo,ols,"C(event_time, contr.treatment(base=-1))[-16]:treat_group",-16,-1.7734314841494094,0.6679512115324708,False,31870,341,family_B:race_aggregate:race_negra,estimated,-1
ddd_pretrend::B::race_aggregate::race_negra::asinh_saldo,asinh_saldo,ols,"C(event_time, contr.treatment(base=-1))[-15]:treat_group",-15,-0.5167641161256847,0.7584788860932368,False,31870,341,family_B:race_aggregate:race_negra,estimated,-1
ddd_pretrend::B::race_aggregate::race_negra::asinh_saldo,asinh_saldo,ols,"C(event_time, contr.treatment(base=-1))[-14]:treat_group",-14,-0.8619133622689088,0.6961624483725501,False,31870,341,family_B:race_aggregate:race_negra,estimated,-1
ddd_pretrend::B::race_aggregate::race_negra::asinh_saldo,asinh_saldo,ols,"C(event_time, contr.treatment(base=-1))[-13]:treat_group",-13,-1.0220877294633688,0.65907192412912,False,31870,341,family_B:race_aggregate:race_negra,estimated,-1
ddd_pretrend::B::race_aggregate::race_negra::asinh_saldo,asinh_saldo,ols,"C(event_time, contr.treatment(base=-1))[-12]:treat_group",-12,0.45822134937705855,0.7144351441091992,False,31870,341,family_B:race_aggregate:race_negra,estimated,-1
ddd_pretrend::B::race_aggregate::race_negra::asinh_saldo,asinh_saldo,ols,"C(event_time, contr.treatment(base=-1))[-11]:treat_group",-11,-0.8723057169957625,0.6970489741665418,False,31870,341,family_B:race_aggregate:race_negra,estimated,-1
ddd_pretrend::B::race_aggregate::race_negra::asinh_saldo,asinh_saldo,ols,"C(event_time, contr.treatment(base=-1))[-10]:treat_group",-10,-0.935405361540097,0.7917920221211237,False,31870,341,family_B:race_aggregate:race_negra,estimated,-1
ddd_pretrend::B::race_aggregate::race_negra::asinh_saldo,asinh_saldo,ols,"C(event_time, contr.treatment(base=-1))[-9]:treat_group",-9,-1.1984157494020495,0.762609583921919,False,31870,341,family_B:race_aggregate:race_negra,estimated,-1
ddd_pretrend::B::race_aggregate::race_negra::asinh_saldo,asinh_saldo,ols,"C(event_time, contr.treatment(base=-1))[-8]:treat_group",-8,-1.4537628438205936,0.7302943026419498,False,31870,341,family_B:race_aggregate:race_negra,estimated,-1
ddd_pretrend::B::race_aggregate::race_negra::asinh_saldo,asinh_saldo,ols,"C(event_time, contr.treatment(base=-1))[-7]:treat_group",-7,-1.0631490782873663,0.679099858582262,False,31870,341,family_B:race_aggregate:race_negra,estimated,-1
ddd_pretrend::B::race_aggregate::race_negra::asinh_saldo,asinh_saldo,ols,"C(event_time, contr.treatment(base=-1))[-6]:treat_group",-6,-1.4274496554336247,0.7595385536685674,False,31870,341,family_B:race_aggregate:race_negra,estimated,-1
ddd_pretrend::B::race_aggregate::race_negra::asinh_saldo,asinh_saldo,ols,"C(event_time, contr.treatment(base=-1))[-5]:treat_group",-5,-1.6489593153445163,0.7193928087605853,False,31870,341,family_B:race_aggregate:race_negra,estimated,-1
ddd_pretrend::B::race_aggregate::race_negra::asinh_saldo,asinh_saldo,ols,"C(event_time, contr.treatment(base=-1))[-4]:treat_group",-4,-0.928658012279213,0.7298375595187054,False,31870,341,family_B:race_aggregate:race_negra,estimated,-1
ddd_pretrend::B::race_aggregate::race_negra::asinh_saldo,asinh_saldo,ols,"C(event_time, contr.treatment(base=-1))[-3]:treat_group",-3,-0.5840609735290524,0.7172918085160903,False,31870,341,family_B:race_aggregate:race_negra,estimated,-1
ddd_pretrend::B::race_aggregate::race_negra::asinh_saldo,asinh_saldo,ols,"C(event_time, contr.treatment(base=-1))[-2]:treat_group",-2,-0.40024559240758034,0.6084941933808362,False,31870,341,family_B:race_aggregate:race_negra,estimated,-1
ddd_pretrend::B::race_aggregate::race_negra::asinh_saldo,asinh_saldo,ols,reference_event_time,-1,0.0,0.0,True,31870,341,family_B:race_aggregate:race_negra,estimated,-1
ddd_pretrend::B::race_aggregate::race_negra::asinh_saldo,asinh_saldo,ols,"C(event_time, contr.treatment(base=-1))[0]:treat_group",0,-0.3126754570169015,0.6340076979930499,False,31870,341,family_B:race_aggregate:race_negra,estimated,-1
ddd_pretrend::B::race_aggregate::race_negra::asinh_saldo,asinh_saldo,ols,"C(event_time, contr.treatment(base=-1))[1]:treat_group",1,-1.085472984495748,0.7539250422471884,False,31870,341,family_B:race_aggregate:race_negra,estimated,-1
ddd_pretrend::B::race_aggregate::race_negra::asinh_saldo,asinh_saldo,ols,"C(event_time, contr.treatment(base=-1))[2]:treat_group",2,-0.5824737523279849,0.724900070289092,False,31870,341,family_B:race_aggregate:race_negra,estimated,-1
ddd_pretrend::B::race_aggregate::race_negra::asinh_saldo,asinh_saldo,ols,"C(event_time, contr.treatment(base=-1))[3]:treat_group",3,-0.3144560915557391,0.704587221233712,False,31870,341,family_B:race_aggregate:race_negra,estimated,-1
ddd_pretrend::B::race_aggregate::race_negra::asinh_saldo,asinh_saldo,ols,"C(event_time, contr.treatment(base=-1))[4]:treat_group",4,-1.216303762917735,0.682896896278985,False,31870,341,family_B:race_aggregate:race_negra,estimated,-1
ddd_pretrend::B::race_aggregate::race_negra::asinh_saldo,asinh_saldo,ols,"C(event_time, contr.treatment(base=-1))[5]:treat_group",5,-0.617601267103507,0.7559602528098518,False,31870,341,family_B:race_aggregate:race_negra,estimated,-1
ddd_pretrend::B::race_aggregate::race_negra::asinh_saldo,asinh_saldo,ols,"C(event_time, contr.treatment(base=-1))[6]:treat_group",6,-0.7032481578667213,0.7505351425848932,False,31870,341,family_B:race_aggregate:race_negra,estimated,-1
ddd_pretrend::B::race_aggregate::race_negra::asinh_saldo,asinh_saldo,ols,"C(event_time, contr.treatment(base=-1))[7]:treat_group",7,-1.1607121567491836,0.7181446354168735,False,31870,341,family_B:race_aggregate:race_negra,estimated,-1
ddd_pretrend::B::race_aggregate::race_negra::asinh_saldo,asinh_saldo,ols,"C(event_time, contr.treatment(base=-1))[8]:treat_group",8,-1.1021194880928924,0.7479458690390287,False,31870,341,family_B:race_aggregate:race_negra,estimated,-1
ddd_pretrend::B::race_aggregate::race_negra::asinh_saldo,asinh_saldo,ols,"C(event_time, contr.treatment(base=-1))[9]:treat_group",9,-0.9004739131145211,0.7213346592568518,False,31870,341,family_B:race_aggregate:race_negra,estimated,-1
ddd_pretrend::B::race_aggregate::race_negra::asinh_saldo,asinh_saldo,ols,"C(event_time, contr.treatment(base=-1))[10]:treat_group",10,-0.2512604020793906,0.7713937507235554,False,31870,341,family_B:race_aggregate:race_negra,estimated,-1
ddd_pretrend::B::race_aggregate::race_negra::asinh_saldo,asinh_saldo,ols,"C(event_time, contr.treatment(base=-1))[11]:treat_group",11,0.26351374808485867,0.8032739864138145,False,31870,341,family_B:race_aggregate:race_negra,estimated,-1
ddd_pretrend::B::race_aggregate::race_negra::asinh_saldo,asinh_saldo,ols,"C(event_time, contr.treatment(base=-1))[12]:treat_group",12,0.4131860169585368,0.6850598714266319,False,31870,341,family_B:race_aggregate:race_negra,estimated,-1
ddd_pretrend::B::race_aggregate::race_negra::asinh_saldo,asinh_saldo,ols,"C(event_time, contr.treatment(base=-1))[13]:treat_group",13,-0.45323478487802416,0.8035075831932743,False,31870,341,family_B:race_aggregate:race_negra,estimated,-1
ddd_pretrend::B::race_aggregate::race_negra::asinh_saldo,asinh_saldo,ols,"C(event_time, contr.treatment(base=-1))[14]:treat_group",14,-0.07320216458873353,0.835543038471109,False,31870,341,family_B:race_aggregate:race_negra,estimated,-1
ddd_pretrend::B::race_aggregate::race_negra::asinh_saldo,asinh_saldo,ols,"C(event_time, contr.treatment(base=-1))[15]:treat_group",15,-1.352745140128474,0.9034275492187273,False,31870,341,family_B:race_aggregate:race_negra,estimated,-1
ddd_pretrend::B::race_aggregate::race_negra::asinh_saldo,asinh_saldo,ols,"C(event_time, contr.treatment(base=-1))[16]:treat_group",16,-1.3815825616575088,0.9142792540790963,False,31870,341,family_B:race_aggregate:race_negra,estimated,-1
ddd_pretrend::B::race_aggregate::race_negra::asinh_saldo,asinh_saldo,ols,"C(event_time, contr.treatment(base=-1))[17]:treat_group",17,-0.5505446395250446,0.9127678519133219,False,31870,341,family_B:race_aggregate:race_negra,estimated,-1
ddd_pretrend::B::race_aggregate::race_negra::asinh_saldo,asinh_saldo,ols,"C(event_time, contr.treatment(base=-1))[18]:treat_group",18,-1.9435531278516198,0.8897169998991161,False,31870,341,family_B:race_aggregate:race_negra,estimated,-1
ddd_pretrend::B::race_aggregate::race_negra::asinh_saldo,asinh_saldo,ols,"C(event_time, contr.treatment(base=-1))[19]:treat_group",19,-1.9326924179623581,0.9141134695465954,False,31870,341,family_B:race_aggregate:race_negra,estimated,-1
ddd_pretrend::B::race_aggregate::race_negra::asinh_saldo,asinh_saldo,ols,"C(event_time, contr.treatment(base=-1))[20]:treat_group",20,-1.1158978857127237,0.8904397126867145,False,31870,341,family_B:race_aggregate:race_negra,estimated,-1
ddd_pretrend::B::race_aggregate::race_negra::asinh_saldo,asinh_saldo,ols,"C(event_time, contr.treatment(base=-1))[21]:treat_group",21,-1.4649724649077087,0.835615017171271,False,31870,341,family_B:race_aggregate:race_negra,estimated,-1
ddd_pretrend::B::race_aggregate::race_negra::asinh_saldo,asinh_saldo,ols,"C(event_time, contr.treatment(base=-1))[22]:treat_group",22,-1.0798805205265503,0.8553941315244644,False,31870,341,family_B:race_aggregate:race_negra,estimated,-1
ddd_pretrend::B::race_aggregate::race_negra::asinh_saldo,asinh_saldo,ols,"C(event_time, contr.treatment(base=-1))[23]:treat_group",23,-0.6774562549272287,0.8544950192273362,False,31870,341,family_B:race_aggregate:race_negra,estimated,-1
ddd_pretrend::B::race_aggregate::race_negra::desligamentos,desligamentos,ppml,"C(event_time, contr.treatment(base=-1))[-23]:treat_group",-23,0.07535415700923834,0.035818732488232675,False,31870,341,family_B:race_aggregate:race_negra,estimated,-1
ddd_pretrend::B::race_aggregate::race_negra::desligamentos,desligamentos,ppml,"C(event_time, contr.treatment(base=-1))[-22]:treat_group",-22,0.05951759075453854,0.03761785641673736,False,31870,341,family_B:race_aggregate:race_negra,estimated,-1
ddd_pretrend::B::race_aggregate::race_negra::desligamentos,desligamentos,ppml,"C(event_time, contr.treatment(base=-1))[-21]:treat_group",-21,0.04645368620085324,0.03134419459031832,False,31870,341,family_B:race_aggregate:race_negra,estimated,-1
ddd_pretrend::B::race_aggregate::race_negra::desligamentos,desligamentos,ppml,"C(event_time, contr.treatment(base=-1))[-20]:treat_group",-20,0.051475584695270346,0.028452944852974324,False,31870,341,family_B:race_aggregate:race_negra,estimated,-1
ddd_pretrend::B::race_aggregate::race_negra::desligamentos,desligamentos,ppml,"C(event_time, contr.treatment(base=-1))[-19]:treat_group",-19,0.07953651302617515,0.03498453748577481,False,31870,341,family_B:race_aggregate:race_negra,estimated,-1
ddd_pretrend::B::race_aggregate::race_negra::desligamentos,desligamentos,ppml,"C(event_time, contr.treatment(base=-1))[-18]:treat_group",-18,0.05766056780122998,0.03890061338279287,False,31870,341,family_B:race_aggregate:race_negra,estimated,-1
ddd_pretrend::B::race_aggregate::race_negra::desligamentos,desligamentos,ppml,"C(event_time, contr.treatment(base=-1))[-17]:treat_group",-17,0.07296657250361203,0.03134976061883711,False,31870,341,family_B:race_aggregate:race_negra,estimated,-1
ddd_pretrend::B::race_aggregate::race_negra::desligamentos,desligamentos,ppml,"C(event_time, contr.treatment(base=-1))[-16]:treat_group",-16,0.04896840092503228,0.030564898059959388,False,31870,341,family_B:race_aggregate:race_negra,estimated,-1
ddd_pretrend::B::race_aggregate::race_negra::desligamentos,desligamentos,ppml,"C(event_time, contr.treatment(base=-1))[-15]:treat_group",-15,0.050938925205483834,0.021670928976553466,False,31870,341,family_B:race_aggregate:race_negra,estimated,-1
ddd_pretrend::B::race_aggregate::race_negra::desligamentos,desligamentos,ppml,"C(event_time, contr.treatment(base=-1))[-14]:treat_group",-14,0.021269105722640368,0.019731992643730215,False,31870,341,family_B:race_aggregate:race_negra,estimated,-1
ddd_pretrend::B::race_aggregate::race_negra::desligamentos,desligamentos,ppml,"C(event_time, contr.treatment(base=-1))[-13]:treat_group",-13,0.008896090485696243,0.018975483973141933,False,31870,341,family_B:race_aggregate:race_negra,estimated,-1
ddd_pretrend::B::race_aggregate::race_negra::desligamentos,desligamentos,ppml,"C(event_time, contr.treatment(base=-1))[-12]:treat_group",-12,0.050242124783584106,0.03100191505059924,False,31870,341,family_B:race_aggregate:race_negra,estimated,-1
ddd_pretrend::B::race_aggregate::race_negra::desligamentos,desligamentos,ppml,"C(event_time, contr.treatment(base=-1))[-11]:treat_group",-11,0.07779931272724135,0.025840432254628242,False,31870,341,family_B:race_aggregate:race_negra,estimated,-1
ddd_pretrend::B::race_aggregate::race_negra::desligamentos,desligamentos,ppml,"C(event_time, contr.treatment(base=-1))[-10]:treat_group",-10,0.08025221870534809,0.02629179539483303,False,31870,341,family_B:race_aggregate:race_negra,estimated,-1
ddd_pretrend::B::race_aggregate::race_negra::desligamentos,desligamentos,ppml,"C(event_time, contr.treatment(base=-1))[-9]:treat_group",-9,0.02953881461533728,0.03716040934177962,False,31870,341,family_B:race_aggregate:race_negra,estimated,-1
ddd_pretrend::B::race_aggregate::race_negra::desligamentos,desligamentos,ppml,"C(event_time, contr.treatment(base=-1))[-8]:treat_group",-8,0.06427123652009747,0.026758125021020866,False,31870,341,family_B:race_aggregate:race_negra,estimated,-1
ddd_pretrend::B::race_aggregate::race_negra::desligamentos,desligamentos,ppml,"C(event_time, contr.treatment(base=-1))[-7]:treat_group",-7,0.06324359584179436,0.021202228522973286,False,31870,341,family_B:race_aggregate:race_negra,estimated,-1
ddd_pretrend::B::race_aggregate::race_negra::desligamentos,desligamentos,ppml,"C(event_time, contr.treatment(base=-1))[-6]:treat_group",-6,0.04824407789149728,0.02059306633227745,False,31870,341,family_B:race_aggregate:race_negra,estimated,-1
ddd_pretrend::B::race_aggregate::race_negra::desligamentos,desligamentos,ppml,"C(event_time, contr.treatment(base=-1))[-5]:treat_group",-5,0.07689521571306429,0.021101895080816856,False,31870,341,family_B:race_aggregate:race_negra,estimated,-1
ddd_pretrend::B::race_aggregate::race_negra::desligamentos,desligamentos,ppml,"C(event_time, contr.treatment(base=-1))[-4]:treat_group",-4,0.08213253967987176,0.020982865916456678,False,31870,341,family_B:race_aggregate:race_negra,estimated,-1
ddd_pretrend::B::race_aggregate::race_negra::desligamentos,desligamentos,ppml,"C(event_time, contr.treatment(base=-1))[-3]:treat_group",-3,0.05022715554158564,0.02043302651144181,False,31870,341,family_B:race_aggregate:race_negra,estimated,-1
ddd_pretrend::B::race_aggregate::race_negra::desligamentos,desligamentos,ppml,"C(event_time, contr.treatment(base=-1))[-2]:treat_group",-2,0.021466944699784805,0.018421373720163125,False,31870,341,family_B:race_aggregate:race_negra,estimated,-1
ddd_pretrend::B::race_aggregate::race_negra::desligamentos,desligamentos,ppml,reference_event_time,-1,0.0,0.0,True,31870,341,family_B:race_aggregate:race_negra,estimated,-1
ddd_pretrend::B::race_aggregate::race_negra::desligamentos,desligamentos,ppml,"C(event_time, contr.treatment(base=-1))[0]:treat_group",0,0.023881267539758347,0.024351077591894893,False,31870,341,family_B:race_aggregate:race_negra,estimated,-1
ddd_pretrend::B::race_aggregate::race_negra::desligamentos,desligamentos,ppml,"C(event_time, contr.treatment(base=-1))[1]:treat_group",1,0.06835114316312366,0.018176097044746525,False,31870,341,family_B:race_aggregate:race_negra,estimated,-1
ddd_pretrend::B::race_aggregate::race_negra::desligamentos,desligamentos,ppml,"C(event_time, contr.treatment(base=-1))[2]:treat_group",2,0.07096237098196986,0.018373547260469216,False,31870,341,family_B:race_aggregate:race_negra,estimated,-1
ddd_pretrend::B::race_aggregate::race_negra::desligamentos,desligamentos,ppml,"C(event_time, contr.treatment(base=-1))[3]:treat_group",3,0.05421508387555949,0.01996357028588162,False,31870,341,family_B:race_aggregate:race_negra,estimated,-1
ddd_pretrend::B::race_aggregate::race_negra::desligamentos,desligamentos,ppml,"C(event_time, contr.treatment(base=-1))[4]:treat_group",4,0.030434505147493636,0.026946421732078178,False,31870,341,family_B:race_aggregate:race_negra,estimated,-1
ddd_pretrend::B::race_aggregate::race_negra::desligamentos,desligamentos,ppml,"C(event_time, contr.treatment(base=-1))[5]:treat_group",5,0.033504470418461704,0.03021517655692487,False,31870,341,family_B:race_aggregate:race_negra,estimated,-1
ddd_pretrend::B::race_aggregate::race_negra::desligamentos,desligamentos,ppml,"C(event_time, contr.treatment(base=-1))[6]:treat_group",6,0.05143970168977639,0.019982139565336548,False,31870,341,family_B:race_aggregate:race_negra,estimated,-1
ddd_pretrend::B::race_aggregate::race_negra::desligamentos,desligamentos,ppml,"C(event_time, contr.treatment(base=-1))[7]:treat_group",7,0.08648294807307776,0.02331043473803163,False,31870,341,family_B:race_aggregate:race_negra,estimated,-1
ddd_pretrend::B::race_aggregate::race_negra::desligamentos,desligamentos,ppml,"C(event_time, contr.treatment(base=-1))[8]:treat_group",8,0.05513447949457896,0.023074475558124474,False,31870,341,family_B:race_aggregate:race_negra,estimated,-1
ddd_pretrend::B::race_aggregate::race_negra::desligamentos,desligamentos,ppml,"C(event_time, contr.treatment(base=-1))[9]:treat_group",9,0.04415624927468828,0.02540585052643701,False,31870,341,family_B:race_aggregate:race_negra,estimated,-1
ddd_pretrend::B::race_aggregate::race_negra::desligamentos,desligamentos,ppml,"C(event_time, contr.treatment(base=-1))[10]:treat_group",10,0.03245227127794766,0.01785710369064091,False,31870,341,family_B:race_aggregate:race_negra,estimated,-1
ddd_pretrend::B::race_aggregate::race_negra::desligamentos,desligamentos,ppml,"C(event_time, contr.treatment(base=-1))[11]:treat_group",11,0.0034802051479638054,0.01679877155128471,False,31870,341,family_B:race_aggregate:race_negra,estimated,-1
ddd_pretrend::B::race_aggregate::race_negra::desligamentos,desligamentos,ppml,"C(event_time, contr.treatment(base=-1))[12]:treat_group",12,0.020281564760670952,0.031043776563235825,False,31870,341,family_B:race_aggregate:race_negra,estimated,-1
ddd_pretrend::B::race_aggregate::race_negra::desligamentos,desligamentos,ppml,"C(event_time, contr.treatment(base=-1))[13]:treat_group",13,0.050399661349331895,0.027593272673566205,False,31870,341,family_B:race_aggregate:race_negra,estimated,-1
ddd_pretrend::B::race_aggregate::race_negra::desligamentos,desligamentos,ppml,"C(event_time, contr.treatment(base=-1))[14]:treat_group",14,0.013784656643442143,0.02948275125407456,False,31870,341,family_B:race_aggregate:race_negra,estimated,-1
ddd_pretrend::B::race_aggregate::race_negra::desligamentos,desligamentos,ppml,"C(event_time, contr.treatment(base=-1))[15]:treat_group",15,-0.03872824179972962,0.027141792227761426,False,31870,341,family_B:race_aggregate:race_negra,estimated,-1
ddd_pretrend::B::race_aggregate::race_negra::desligamentos,desligamentos,ppml,"C(event_time, contr.treatment(base=-1))[16]:treat_group",16,-0.06299795648034032,0.025176807913586178,False,31870,341,family_B:race_aggregate:race_negra,estimated,-1
ddd_pretrend::B::race_aggregate::race_negra::desligamentos,desligamentos,ppml,"C(event_time, contr.treatment(base=-1))[17]:treat_group",17,-0.06448052904911485,0.03101624746191318,False,31870,341,family_B:race_aggregate:race_negra,estimated,-1
ddd_pretrend::B::race_aggregate::race_negra::desligamentos,desligamentos,ppml,"C(event_time, contr.treatment(base=-1))[18]:treat_group",18,-0.06079557211089794,0.039297035290777126,False,31870,341,family_B:race_aggregate:race_negra,estimated,-1
ddd_pretrend::B::race_aggregate::race_negra::desligamentos,desligamentos,ppml,"C(event_time, contr.treatment(base=-1))[19]:treat_group",19,-0.07665477272894274,0.03900155631848007,False,31870,341,family_B:race_aggregate:race_negra,estimated,-1
ddd_pretrend::B::race_aggregate::race_negra::desligamentos,desligamentos,ppml,"C(event_time, contr.treatment(base=-1))[20]:treat_group",20,-0.0884880314859613,0.03877430224045169,False,31870,341,family_B:race_aggregate:race_negra,estimated,-1
ddd_pretrend::B::race_aggregate::race_negra::desligamentos,desligamentos,ppml,"C(event_time, contr.treatment(base=-1))[21]:treat_group",21,-0.08460233039512834,0.03646470039826204,False,31870,341,family_B:race_aggregate:race_negra,estimated,-1
ddd_pretrend::B::race_aggregate::race_negra::desligamentos,desligamentos,ppml,"C(event_time, contr.treatment(base=-1))[22]:treat_group",22,-0.07873920881923137,0.038295761669179314,False,31870,341,family_B:race_aggregate:race_negra,estimated,-1
ddd_pretrend::B::race_aggregate::race_negra::desligamentos,desligamentos,ppml,"C(event_time, contr.treatment(base=-1))[23]:treat_group",23,-0.13211409836684512,0.034864276311240776,False,31870,341,family_B:race_aggregate:race_negra,estimated,-1
ddd_pretrend::B::race_aggregate::race_negra::ln_salario_real_adm,ln_salario_real_adm,ols,"C(event_time, contr.treatment(base=-1))[-23]:treat_group",-23,0.0050349575474162205,0.02423926585368682,False,31691,341,family_B:race_aggregate:race_negra,estimated,-1
ddd_pretrend::B::race_aggregate::race_negra::ln_salario_real_adm,ln_salario_real_adm,ols,"C(event_time, contr.treatment(base=-1))[-22]:treat_group",-22,0.03278735663283526,0.03833683723102645,False,31691,341,family_B:race_aggregate:race_negra,estimated,-1
ddd_pretrend::B::race_aggregate::race_negra::ln_salario_real_adm,ln_salario_real_adm,ols,"C(event_time, contr.treatment(base=-1))[-21]:treat_group",-21,-0.0527122448986239,0.03718283585564119,False,31691,341,family_B:race_aggregate:race_negra,estimated,-1
ddd_pretrend::B::race_aggregate::race_negra::ln_salario_real_adm,ln_salario_real_adm,ols,"C(event_time, contr.treatment(base=-1))[-20]:treat_group",-20,0.03981671333972652,0.050744939706317535,False,31691,341,family_B:race_aggregate:race_negra,estimated,-1
ddd_pretrend::B::race_aggregate::race_negra::ln_salario_real_adm,ln_salario_real_adm,ols,"C(event_time, contr.treatment(base=-1))[-19]:treat_group",-19,-0.04812092957511351,0.038533991313953554,False,31691,341,family_B:race_aggregate:race_negra,estimated,-1
ddd_pretrend::B::race_aggregate::race_negra::ln_salario_real_adm,ln_salario_real_adm,ols,"C(event_time, contr.treatment(base=-1))[-18]:treat_group",-18,0.00323798365058525,0.03327563789334215,False,31691,341,family_B:race_aggregate:race_negra,estimated,-1
ddd_pretrend::B::race_aggregate::race_negra::ln_salario_real_adm,ln_salario_real_adm,ols,"C(event_time, contr.treatment(base=-1))[-17]:treat_group",-17,0.031019301876967838,0.03456391086679203,False,31691,341,family_B:race_aggregate:race_negra,estimated,-1
ddd_pretrend::B::race_aggregate::race_negra::ln_salario_real_adm,ln_salario_real_adm,ols,"C(event_time, contr.treatment(base=-1))[-16]:treat_group",-16,-0.05244219797923243,0.04204549523498825,False,31691,341,family_B:race_aggregate:race_negra,estimated,-1
ddd_pretrend::B::race_aggregate::race_negra::ln_salario_real_adm,ln_salario_real_adm,ols,"C(event_time, contr.treatment(base=-1))[-15]:treat_group",-15,0.021274411096446837,0.02836325685424768,False,31691,341,family_B:race_aggregate:race_negra,estimated,-1
ddd_pretrend::B::race_aggregate::race_negra::ln_salario_real_adm,ln_salario_real_adm,ols,"C(event_time, contr.treatment(base=-1))[-14]:treat_group",-14,0.033903693232159,0.028157633239753607,False,31691,341,family_B:race_aggregate:race_negra,estimated,-1
ddd_pretrend::B::race_aggregate::race_negra::ln_salario_real_adm,ln_salario_real_adm,ols,"C(event_time, contr.treatment(base=-1))[-13]:treat_group",-13,-0.0005961137433312507,0.026132420356449765,False,31691,341,family_B:race_aggregate:race_negra,estimated,-1
ddd_pretrend::B::race_aggregate::race_negra::ln_salario_real_adm,ln_salario_real_adm,ols,"C(event_time, contr.treatment(base=-1))[-12]:treat_group",-12,-0.04398822624918749,0.03698572931797736,False,31691,341,family_B:race_aggregate:race_negra,estimated,-1
ddd_pretrend::B::race_aggregate::race_negra::ln_salario_real_adm,ln_salario_real_adm,ols,"C(event_time, contr.treatment(base=-1))[-11]:treat_group",-11,-0.005235153365330454,0.03407231787988371,False,31691,341,family_B:race_aggregate:race_negra,estimated,-1
ddd_pretrend::B::race_aggregate::race_negra::ln_salario_real_adm,ln_salario_real_adm,ols,"C(event_time, contr.treatment(base=-1))[-10]:treat_group",-10,-0.02291104069572884,0.020027644563301555,False,31691,341,family_B:race_aggregate:race_negra,estimated,-1
ddd_pretrend::B::race_aggregate::race_negra::ln_salario_real_adm,ln_salario_real_adm,ols,"C(event_time, contr.treatment(base=-1))[-9]:treat_group",-9,0.0048720622904536055,0.030469715532624855,False,31691,341,family_B:race_aggregate:race_negra,estimated,-1
ddd_pretrend::B::race_aggregate::race_negra::ln_salario_real_adm,ln_salario_real_adm,ols,"C(event_time, contr.treatment(base=-1))[-8]:treat_group",-8,-0.010549968972013631,0.02919973103722105,False,31691,341,family_B:race_aggregate:race_negra,estimated,-1
ddd_pretrend::B::race_aggregate::race_negra::ln_salario_real_adm,ln_salario_real_adm,ols,"C(event_time, contr.treatment(base=-1))[-7]:treat_group",-7,-0.0208845381755707,0.01891403649747953,False,31691,341,family_B:race_aggregate:race_negra,estimated,-1
ddd_pretrend::B::race_aggregate::race_negra::ln_salario_real_adm,ln_salario_real_adm,ols,"C(event_time, contr.treatment(base=-1))[-6]:treat_group",-6,0.0029267636123971913,0.028151205996954594,False,31691,341,family_B:race_aggregate:race_negra,estimated,-1
ddd_pretrend::B::race_aggregate::race_negra::ln_salario_real_adm,ln_salario_real_adm,ols,"C(event_time, contr.treatment(base=-1))[-5]:treat_group",-5,-0.0010822018441872232,0.030358090531135334,False,31691,341,family_B:race_aggregate:race_negra,estimated,-1
ddd_pretrend::B::race_aggregate::race_negra::ln_salario_real_adm,ln_salario_real_adm,ols,"C(event_time, contr.treatment(base=-1))[-4]:treat_group",-4,0.0006600766440079119,0.02848411248640348,False,31691,341,family_B:race_aggregate:race_negra,estimated,-1
ddd_pretrend::B::race_aggregate::race_negra::ln_salario_real_adm,ln_salario_real_adm,ols,"C(event_time, contr.treatment(base=-1))[-3]:treat_group",-3,0.009525285105713866,0.03399128050133137,False,31691,341,family_B:race_aggregate:race_negra,estimated,-1
ddd_pretrend::B::race_aggregate::race_negra::ln_salario_real_adm,ln_salario_real_adm,ols,"C(event_time, contr.treatment(base=-1))[-2]:treat_group",-2,0.0037129354274379827,0.02303726712960231,False,31691,341,family_B:race_aggregate:race_negra,estimated,-1
ddd_pretrend::B::race_aggregate::race_negra::ln_salario_real_adm,ln_salario_real_adm,ols,reference_event_time,-1,0.0,0.0,True,31691,341,family_B:race_aggregate:race_negra,estimated,-1
ddd_pretrend::B::race_aggregate::race_negra::ln_salario_real_adm,ln_salario_real_adm,ols,"C(event_time, contr.treatment(base=-1))[0]:treat_group",0,-0.02666100326911051,0.034745779644823595,False,31691,341,family_B:race_aggregate:race_negra,estimated,-1
ddd_pretrend::B::race_aggregate::race_negra::ln_salario_real_adm,ln_salario_real_adm,ols,"C(event_time, contr.treatment(base=-1))[1]:treat_group",1,0.02399940541082277,0.022539261721040538,False,31691,341,family_B:race_aggregate:race_negra,estimated,-1
ddd_pretrend::B::race_aggregate::race_negra::ln_salario_real_adm,ln_salario_real_adm,ols,"C(event_time, contr.treatment(base=-1))[2]:treat_group",2,-0.032562449143918065,0.027202695376882538,False,31691,341,family_B:race_aggregate:race_negra,estimated,-1
ddd_pretrend::B::race_aggregate::race_negra::ln_salario_real_adm,ln_salario_real_adm,ols,"C(event_time, contr.treatment(base=-1))[3]:treat_group",3,0.026320797464098777,0.0284003022798101,False,31691,341,family_B:race_aggregate:race_negra,estimated,-1
ddd_pretrend::B::race_aggregate::race_negra::ln_salario_real_adm,ln_salario_real_adm,ols,"C(event_time, contr.treatment(base=-1))[4]:treat_group",4,-0.05177592166380718,0.032324702924001726,False,31691,341,family_B:race_aggregate:race_negra,estimated,-1
ddd_pretrend::B::race_aggregate::race_negra::ln_salario_real_adm,ln_salario_real_adm,ols,"C(event_time, contr.treatment(base=-1))[5]:treat_group",5,-0.008337833275546113,0.038199901675269175,False,31691,341,family_B:race_aggregate:race_negra,estimated,-1
ddd_pretrend::B::race_aggregate::race_negra::ln_salario_real_adm,ln_salario_real_adm,ols,"C(event_time, contr.treatment(base=-1))[6]:treat_group",6,-0.002159169322698624,0.028501698507138958,False,31691,341,family_B:race_aggregate:race_negra,estimated,-1
ddd_pretrend::B::race_aggregate::race_negra::ln_salario_real_adm,ln_salario_real_adm,ols,"C(event_time, contr.treatment(base=-1))[7]:treat_group",7,0.01695538024718851,0.028842754139078004,False,31691,341,family_B:race_aggregate:race_negra,estimated,-1
ddd_pretrend::B::race_aggregate::race_negra::ln_salario_real_adm,ln_salario_real_adm,ols,"C(event_time, contr.treatment(base=-1))[8]:treat_group",8,0.04987553047540433,0.03047568271092919,False,31691,341,family_B:race_aggregate:race_negra,estimated,-1
ddd_pretrend::B::race_aggregate::race_negra::ln_salario_real_adm,ln_salario_real_adm,ols,"C(event_time, contr.treatment(base=-1))[9]:treat_group",9,-0.007085163543753016,0.02978409286353848,False,31691,341,family_B:race_aggregate:race_negra,estimated,-1
ddd_pretrend::B::race_aggregate::race_negra::ln_salario_real_adm,ln_salario_real_adm,ols,"C(event_time, contr.treatment(base=-1))[10]:treat_group",10,-0.01668504447186771,0.03517584102258729,False,31691,341,family_B:race_aggregate:race_negra,estimated,-1
ddd_pretrend::B::race_aggregate::race_negra::ln_salario_real_adm,ln_salario_real_adm,ols,"C(event_time, contr.treatment(base=-1))[11]:treat_group",11,0.03335032971806018,0.026307018710136104,False,31691,341,family_B:race_aggregate:race_negra,estimated,-1
ddd_pretrend::B::race_aggregate::race_negra::ln_salario_real_adm,ln_salario_real_adm,ols,"C(event_time, contr.treatment(base=-1))[12]:treat_group",12,0.050604810408701996,0.02716662589024833,False,31691,341,family_B:race_aggregate:race_negra,estimated,-1
ddd_pretrend::B::race_aggregate::race_negra::ln_salario_real_adm,ln_salario_real_adm,ols,"C(event_time, contr.treatment(base=-1))[13]:treat_group",13,0.005497308641887561,0.03150624064697405,False,31691,341,family_B:race_aggregate:race_negra,estimated,-1
ddd_pretrend::B::race_aggregate::race_negra::ln_salario_real_adm,ln_salario_real_adm,ols,"C(event_time, contr.treatment(base=-1))[14]:treat_group",14,-0.03007061761765111,0.021605795132469727,False,31691,341,family_B:race_aggregate:race_negra,estimated,-1
ddd_pretrend::B::race_aggregate::race_negra::ln_salario_real_adm,ln_salario_real_adm,ols,"C(event_time, contr.treatment(base=-1))[15]:treat_group",15,-0.010257724268569175,0.024283409733364247,False,31691,341,family_B:race_aggregate:race_negra,estimated,-1
ddd_pretrend::B::race_aggregate::race_negra::ln_salario_real_adm,ln_salario_real_adm,ols,"C(event_time, contr.treatment(base=-1))[16]:treat_group",16,-0.012414088206703993,0.03364029704790956,False,31691,341,family_B:race_aggregate:race_negra,estimated,-1
ddd_pretrend::B::race_aggregate::race_negra::ln_salario_real_adm,ln_salario_real_adm,ols,"C(event_time, contr.treatment(base=-1))[17]:treat_group",17,-0.036735669692562485,0.022403850924270708,False,31691,341,family_B:race_aggregate:race_negra,estimated,-1
ddd_pretrend::B::race_aggregate::race_negra::ln_salario_real_adm,ln_salario_real_adm,ols,"C(event_time, contr.treatment(base=-1))[18]:treat_group",18,-0.017824886883911376,0.02474379528657943,False,31691,341,family_B:race_aggregate:race_negra,estimated,-1
ddd_pretrend::B::race_aggregate::race_negra::ln_salario_real_adm,ln_salario_real_adm,ols,"C(event_time, contr.treatment(base=-1))[19]:treat_group",19,-0.06986548058039675,0.03443800538020393,False,31691,341,family_B:race_aggregate:race_negra,estimated,-1
ddd_pretrend::B::race_aggregate::race_negra::ln_salario_real_adm,ln_salario_real_adm,ols,"C(event_time, contr.treatment(base=-1))[20]:treat_group",20,-0.002960360589221037,0.025279370991636005,False,31691,341,family_B:race_aggregate:race_negra,estimated,-1
ddd_pretrend::B::race_aggregate::race_negra::ln_salario_real_adm,ln_salario_real_adm,ols,"C(event_time, contr.treatment(base=-1))[21]:treat_group",21,-0.006710573770240176,0.02802239748276709,False,31691,341,family_B:race_aggregate:race_negra,estimated,-1
ddd_pretrend::B::race_aggregate::race_negra::ln_salario_real_adm,ln_salario_real_adm,ols,"C(event_time, contr.treatment(base=-1))[22]:treat_group",22,-0.010522118399102385,0.023439498070477842,False,31691,341,family_B:race_aggregate:race_negra,estimated,-1
ddd_pretrend::B::race_aggregate::race_negra::ln_salario_real_adm,ln_salario_real_adm,ols,"C(event_time, contr.treatment(base=-1))[23]:treat_group",23,-0.03164506524297523,0.03001256484032961,False,31691,341,family_B:race_aggregate:race_negra,estimated,-1
ddd_pretrend::B::race_aggregate::race_negra::n_movimentacoes,n_movimentacoes,ppml,"C(event_time, contr.treatment(base=-1))[-23]:treat_group",-23,0.04808483206919042,0.03760900183558042,False,31870,341,family_B:race_aggregate:race_negra,estimated,-1
ddd_pretrend::B::race_aggregate::race_negra::n_movimentacoes,n_movimentacoes,ppml,"C(event_time, contr.treatment(base=-1))[-22]:treat_group",-22,0.05676627542404614,0.030527565866152056,False,31870,341,family_B:race_aggregate:race_negra,estimated,-1
ddd_pretrend::B::race_aggregate::race_negra::n_movimentacoes,n_movimentacoes,ppml,"C(event_time, contr.treatment(base=-1))[-21]:treat_group",-21,0.018647000827598324,0.025270009687803022,False,31870,341,family_B:race_aggregate:race_negra,estimated,-1
ddd_pretrend::B::race_aggregate::race_negra::n_movimentacoes,n_movimentacoes,ppml,"C(event_time, contr.treatment(base=-1))[-20]:treat_group",-20,0.0010484186596895519,0.028575516190348847,False,31870,341,family_B:race_aggregate:race_negra,estimated,-1
ddd_pretrend::B::race_aggregate::race_negra::n_movimentacoes,n_movimentacoes,ppml,"C(event_time, contr.treatment(base=-1))[-19]:treat_group",-19,0.010852689498112335,0.02747508308194531,False,31870,341,family_B:race_aggregate:race_negra,estimated,-1
ddd_pretrend::B::race_aggregate::race_negra::n_movimentacoes,n_movimentacoes,ppml,"C(event_time, contr.treatment(base=-1))[-18]:treat_group",-18,0.0007317425892117385,0.02661625974461814,False,31870,341,family_B:race_aggregate:race_negra,estimated,-1
ddd_pretrend::B::race_aggregate::race_negra::n_movimentacoes,n_movimentacoes,ppml,"C(event_time, contr.treatment(base=-1))[-17]:treat_group",-17,0.004907610968958489,0.025296978511905325,False,31870,341,family_B:race_aggregate:race_negra,estimated,-1
ddd_pretrend::B::race_aggregate::race_negra::n_movimentacoes,n_movimentacoes,ppml,"C(event_time, contr.treatment(base=-1))[-16]:treat_group",-16,-0.012107663018078434,0.023203371149390715,False,31870,341,family_B:race_aggregate:race_negra,estimated,-1
ddd_pretrend::B::race_aggregate::race_negra::n_movimentacoes,n_movimentacoes,ppml,"C(event_time, contr.treatment(base=-1))[-15]:treat_group",-15,-0.02738186695520273,0.03092323039397577,False,31870,341,family_B:race_aggregate:race_negra,estimated,-1
ddd_pretrend::B::race_aggregate::race_negra::n_movimentacoes,n_movimentacoes,ppml,"C(event_time, contr.treatment(base=-1))[-14]:treat_group",-14,0.011066913043232412,0.01887151103959203,False,31870,341,family_B:race_aggregate:race_negra,estimated,-1
ddd_pretrend::B::race_aggregate::race_negra::n_movimentacoes,n_movimentacoes,ppml,"C(event_time, contr.treatment(base=-1))[-13]:treat_group",-13,0.022069687599472188,0.014441743255828086,False,31870,341,family_B:race_aggregate:race_negra,estimated,-1
ddd_pretrend::B::race_aggregate::race_negra::n_movimentacoes,n_movimentacoes,ppml,"C(event_time, contr.treatment(base=-1))[-12]:treat_group",-12,0.030601892963387004,0.021611024793746804,False,31870,341,family_B:race_aggregate:race_negra,estimated,-1
ddd_pretrend::B::race_aggregate::race_negra::n_movimentacoes,n_movimentacoes,ppml,"C(event_time, contr.treatment(base=-1))[-11]:treat_group",-11,0.041110793952210734,0.0219694277624209,False,31870,341,family_B:race_aggregate:race_negra,estimated,-1
ddd_pretrend::B::race_aggregate::race_negra::n_movimentacoes,n_movimentacoes,ppml,"C(event_time, contr.treatment(base=-1))[-10]:treat_group",-10,0.05953633400466946,0.021910453913259985,False,31870,341,family_B:race_aggregate:race_negra,estimated,-1
ddd_pretrend::B::race_aggregate::race_negra::n_movimentacoes,n_movimentacoes,ppml,"C(event_time, contr.treatment(base=-1))[-9]:treat_group",-9,0.005838142420186618,0.02202664991514606,False,31870,341,family_B:race_aggregate:race_negra,estimated,-1
ddd_pretrend::B::race_aggregate::race_negra::n_movimentacoes,n_movimentacoes,ppml,"C(event_time, contr.treatment(base=-1))[-8]:treat_group",-8,0.016461181652444923,0.017687534791738225,False,31870,341,family_B:race_aggregate:race_negra,estimated,-1
ddd_pretrend::B::race_aggregate::race_negra::n_movimentacoes,n_movimentacoes,ppml,"C(event_time, contr.treatment(base=-1))[-7]:treat_group",-7,-0.000703247288682953,0.014533068660560474,False,31870,341,family_B:race_aggregate:race_negra,estimated,-1
ddd_pretrend::B::race_aggregate::race_negra::n_movimentacoes,n_movimentacoes,ppml,"C(event_time, contr.treatment(base=-1))[-6]:treat_group",-6,-0.013113425642504669,0.014033363643228713,False,31870,341,family_B:race_aggregate:race_negra,estimated,-1
ddd_pretrend::B::race_aggregate::race_negra::n_movimentacoes,n_movimentacoes,ppml,"C(event_time, contr.treatment(base=-1))[-5]:treat_group",-5,0.022526732451544088,0.012723592447624008,False,31870,341,family_B:race_aggregate:race_negra,estimated,-1
ddd_pretrend::B::race_aggregate::race_negra::n_movimentacoes,n_movimentacoes,ppml,"C(event_time, contr.treatment(base=-1))[-4]:treat_group",-4,0.004975973583785823,0.015644940558026767,False,31870,341,family_B:race_aggregate:race_negra,estimated,-1
ddd_pretrend::B::race_aggregate::race_negra::n_movimentacoes,n_movimentacoes,ppml,"C(event_time, contr.treatment(base=-1))[-3]:treat_group",-3,-0.009959218846078753,0.02178371942006745,False,31870,341,family_B:race_aggregate:race_negra,estimated,-1
ddd_pretrend::B::race_aggregate::race_negra::n_movimentacoes,n_movimentacoes,ppml,"C(event_time, contr.treatment(base=-1))[-2]:treat_group",-2,-0.011390226855825138,0.013436883979362822,False,31870,341,family_B:race_aggregate:race_negra,estimated,-1
ddd_pretrend::B::race_aggregate::race_negra::n_movimentacoes,n_movimentacoes,ppml,reference_event_time,-1,0.0,0.0,True,31870,341,family_B:race_aggregate:race_negra,estimated,-1
ddd_pretrend::B::race_aggregate::race_negra::n_movimentacoes,n_movimentacoes,ppml,"C(event_time, contr.treatment(base=-1))[0]:treat_group",0,0.012752131233652918,0.01684228714707239,False,31870,341,family_B:race_aggregate:race_negra,estimated,-1
ddd_pretrend::B::race_aggregate::race_negra::n_movimentacoes,n_movimentacoes,ppml,"C(event_time, contr.treatment(base=-1))[1]:treat_group",1,0.017061797780288056,0.015380893032297442,False,31870,341,family_B:race_aggregate:race_negra,estimated,-1
ddd_pretrend::B::race_aggregate::race_negra::n_movimentacoes,n_movimentacoes,ppml,"C(event_time, contr.treatment(base=-1))[2]:treat_group",2,0.03551921747622372,0.015615981711253306,False,31870,341,family_B:race_aggregate:race_negra,estimated,-1
ddd_pretrend::B::race_aggregate::race_negra::n_movimentacoes,n_movimentacoes,ppml,"C(event_time, contr.treatment(base=-1))[3]:treat_group",3,0.01389951734850025,0.014941759291314033,False,31870,341,family_B:race_aggregate:race_negra,estimated,-1
ddd_pretrend::B::race_aggregate::race_negra::n_movimentacoes,n_movimentacoes,ppml,"C(event_time, contr.treatment(base=-1))[4]:treat_group",4,-0.009898647442798579,0.022612237589110684,False,31870,341,family_B:race_aggregate:race_negra,estimated,-1
ddd_pretrend::B::race_aggregate::race_negra::n_movimentacoes,n_movimentacoes,ppml,"C(event_time, contr.treatment(base=-1))[5]:treat_group",5,-0.0056789825360742605,0.01744886297081964,False,31870,341,family_B:race_aggregate:race_negra,estimated,-1
ddd_pretrend::B::race_aggregate::race_negra::n_movimentacoes,n_movimentacoes,ppml,"C(event_time, contr.treatment(base=-1))[6]:treat_group",6,-0.0017241036138668025,0.016872370168380658,False,31870,341,family_B:race_aggregate:race_negra,estimated,-1
ddd_pretrend::B::race_aggregate::race_negra::n_movimentacoes,n_movimentacoes,ppml,"C(event_time, contr.treatment(base=-1))[7]:treat_group",7,0.020374849476480366,0.015292184850656821,False,31870,341,family_B:race_aggregate:race_negra,estimated,-1
ddd_pretrend::B::race_aggregate::race_negra::n_movimentacoes,n_movimentacoes,ppml,"C(event_time, contr.treatment(base=-1))[8]:treat_group",8,-0.024871072360278062,0.015273420221383515,False,31870,341,family_B:race_aggregate:race_negra,estimated,-1
ddd_pretrend::B::race_aggregate::race_negra::n_movimentacoes,n_movimentacoes,ppml,"C(event_time, contr.treatment(base=-1))[9]:treat_group",9,-0.03353655734650048,0.018893298208732544,False,31870,341,family_B:race_aggregate:race_negra,estimated,-1
ddd_pretrend::B::race_aggregate::race_negra::n_movimentacoes,n_movimentacoes,ppml,"C(event_time, contr.treatment(base=-1))[10]:treat_group",10,-0.00030677536029617627,0.015664315776634907,False,31870,341,family_B:race_aggregate:race_negra,estimated,-1
ddd_pretrend::B::race_aggregate::race_negra::n_movimentacoes,n_movimentacoes,ppml,"C(event_time, contr.treatment(base=-1))[11]:treat_group",11,-0.0005493581988411929,0.01412064001704343,False,31870,341,family_B:race_aggregate:race_negra,estimated,-1
ddd_pretrend::B::race_aggregate::race_negra::n_movimentacoes,n_movimentacoes,ppml,"C(event_time, contr.treatment(base=-1))[12]:treat_group",12,0.00012105115929577112,0.02331534789987808,False,31870,341,family_B:race_aggregate:race_negra,estimated,-1
ddd_pretrend::B::race_aggregate::race_negra::n_movimentacoes,n_movimentacoes,ppml,"C(event_time, contr.treatment(base=-1))[13]:treat_group",13,-0.019939453776357,0.031437178257555105,False,31870,341,family_B:race_aggregate:race_negra,estimated,-1
ddd_pretrend::B::race_aggregate::race_negra::n_movimentacoes,n_movimentacoes,ppml,"C(event_time, contr.treatment(base=-1))[14]:treat_group",14,-0.04028562066726863,0.03224727320282904,False,31870,341,family_B:race_aggregate:race_negra,estimated,-1
ddd_pretrend::B::race_aggregate::race_negra::n_movimentacoes,n_movimentacoes,ppml,"C(event_time, contr.treatment(base=-1))[15]:treat_group",15,-0.0845102015656597,0.027474652449361932,False,31870,341,family_B:race_aggregate:race_negra,estimated,-1
ddd_pretrend::B::race_aggregate::race_negra::n_movimentacoes,n_movimentacoes,ppml,"C(event_time, contr.treatment(base=-1))[16]:treat_group",16,-0.11535248253385168,0.033170679795384676,False,31870,341,family_B:race_aggregate:race_negra,estimated,-1
ddd_pretrend::B::race_aggregate::race_negra::n_movimentacoes,n_movimentacoes,ppml,"C(event_time, contr.treatment(base=-1))[17]:treat_group",17,-0.13437932596609412,0.038062043209803866,False,31870,341,family_B:race_aggregate:race_negra,estimated,-1
ddd_pretrend::B::race_aggregate::race_negra::n_movimentacoes,n_movimentacoes,ppml,"C(event_time, contr.treatment(base=-1))[18]:treat_group",18,-0.14420270304987062,0.04257391793774948,False,31870,341,family_B:race_aggregate:race_negra,estimated,-1
ddd_pretrend::B::race_aggregate::race_negra::n_movimentacoes,n_movimentacoes,ppml,"C(event_time, contr.treatment(base=-1))[19]:treat_group",19,-0.14523465632221777,0.04273156779250918,False,31870,341,family_B:race_aggregate:race_negra,estimated,-1
ddd_pretrend::B::race_aggregate::race_negra::n_movimentacoes,n_movimentacoes,ppml,"C(event_time, contr.treatment(base=-1))[20]:treat_group",20,-0.15345878016387646,0.04021271141999714,False,31870,341,family_B:race_aggregate:race_negra,estimated,-1
ddd_pretrend::B::race_aggregate::race_negra::n_movimentacoes,n_movimentacoes,ppml,"C(event_time, contr.treatment(base=-1))[21]:treat_group",21,-0.14173948321906618,0.038572088142620385,False,31870,341,family_B:race_aggregate:race_negra,estimated,-1
ddd_pretrend::B::race_aggregate::race_negra::n_movimentacoes,n_movimentacoes,ppml,"C(event_time, contr.treatment(base=-1))[22]:treat_group",22,-0.14361404607900283,0.038612084640883636,False,31870,341,family_B:race_aggregate:race_negra,estimated,-1
ddd_pretrend::B::race_aggregate::race_negra::n_movimentacoes,n_movimentacoes,ppml,"C(event_time, contr.treatment(base=-1))[23]:treat_group",23,-0.1607098022165093,0.03904131516553939,False,31870,341,family_B:race_aggregate:race_negra,estimated,-1
group_pretrend::B::age_pnad::age_18_24::admissoes,admissoes,ppml,"C(event_time, contr.treatment(base=-1))[-23]:treatment",-23,-0.1575663406900286,0.11206994927673977,False,15935,341,family_B_target:age_pnad:age_18_24,estimated,-1
group_pretrend::B::age_pnad::age_18_24::admissoes,admissoes,ppml,"C(event_time, contr.treatment(base=-1))[-22]:treatment",-22,-0.19120079326464945,0.10852204756476014,False,15935,341,family_B_target:age_pnad:age_18_24,estimated,-1
group_pretrend::B::age_pnad::age_18_24::admissoes,admissoes,ppml,"C(event_time, contr.treatment(base=-1))[-21]:treatment",-21,-0.19875806656279676,0.10051685541019834,False,15935,341,family_B_target:age_pnad:age_18_24,estimated,-1
group_pretrend::B::age_pnad::age_18_24::admissoes,admissoes,ppml,"C(event_time, contr.treatment(base=-1))[-20]:treatment",-20,-0.13390024241620097,0.10397826547111227,False,15935,341,family_B_target:age_pnad:age_18_24,estimated,-1
group_pretrend::B::age_pnad::age_18_24::admissoes,admissoes,ppml,"C(event_time, contr.treatment(base=-1))[-19]:treatment",-19,-0.14032273743948104,0.08870926982160846,False,15935,341,family_B_target:age_pnad:age_18_24,estimated,-1
group_pretrend::B::age_pnad::age_18_24::admissoes,admissoes,ppml,"C(event_time, contr.treatment(base=-1))[-18]:treatment",-18,-0.10834302160592642,0.07767213384022247,False,15935,341,family_B_target:age_pnad:age_18_24,estimated,-1
group_pretrend::B::age_pnad::age_18_24::admissoes,admissoes,ppml,"C(event_time, contr.treatment(base=-1))[-17]:treatment",-17,-0.144924650989958,0.0752540084334822,False,15935,341,family_B_target:age_pnad:age_18_24,estimated,-1
group_pretrend::B::age_pnad::age_18_24::admissoes,admissoes,ppml,"C(event_time, contr.treatment(base=-1))[-16]:treatment",-16,-0.14318295236340886,0.08556175401934785,False,15935,341,family_B_target:age_pnad:age_18_24,estimated,-1
group_pretrend::B::age_pnad::age_18_24::admissoes,admissoes,ppml,"C(event_time, contr.treatment(base=-1))[-15]:treatment",-15,-0.16384946780566959,0.0719468685201491,False,15935,341,family_B_target:age_pnad:age_18_24,estimated,-1
group_pretrend::B::age_pnad::age_18_24::admissoes,admissoes,ppml,"C(event_time, contr.treatment(base=-1))[-14]:treatment",-14,-0.0924456499080719,0.06468663598398453,False,15935,341,family_B_target:age_pnad:age_18_24,estimated,-1
group_pretrend::B::age_pnad::age_18_24::admissoes,admissoes,ppml,"C(event_time, contr.treatment(base=-1))[-13]:treatment",-13,0.04216522895571673,0.03741329818755216,False,15935,341,family_B_target:age_pnad:age_18_24,estimated,-1
group_pretrend::B::age_pnad::age_18_24::admissoes,admissoes,ppml,"C(event_time, contr.treatment(base=-1))[-12]:treatment",-12,0.12698715422756104,0.049898738499546104,False,15935,341,family_B_target:age_pnad:age_18_24,estimated,-1
group_pretrend::B::age_pnad::age_18_24::admissoes,admissoes,ppml,"C(event_time, contr.treatment(base=-1))[-11]:treatment",-11,-0.13425381055111313,0.09181153840052735,False,15935,341,family_B_target:age_pnad:age_18_24,estimated,-1
group_pretrend::B::age_pnad::age_18_24::admissoes,admissoes,ppml,"C(event_time, contr.treatment(base=-1))[-10]:treatment",-10,-0.11715573719897344,0.08735824424170405,False,15935,341,family_B_target:age_pnad:age_18_24,estimated,-1
group_pretrend::B::age_pnad::age_18_24::admissoes,admissoes,ppml,"C(event_time, contr.treatment(base=-1))[-9]:treatment",-9,-0.12101509002442287,0.07838399573682879,False,15935,341,family_B_target:age_pnad:age_18_24,estimated,-1
group_pretrend::B::age_pnad::age_18_24::admissoes,admissoes,ppml,"C(event_time, contr.treatment(base=-1))[-8]:treatment",-8,-0.07335759299916142,0.07914574820334071,False,15935,341,family_B_target:age_pnad:age_18_24,estimated,-1
group_pretrend::B::age_pnad::age_18_24::admissoes,admissoes,ppml,"C(event_time, contr.treatment(base=-1))[-7]:treatment",-7,-0.14334708084397235,0.06728965976767447,False,15935,341,family_B_target:age_pnad:age_18_24,estimated,-1
group_pretrend::B::age_pnad::age_18_24::admissoes,admissoes,ppml,"C(event_time, contr.treatment(base=-1))[-6]:treatment",-6,-0.13820872111049975,0.07061808020902119,False,15935,341,family_B_target:age_pnad:age_18_24,estimated,-1
group_pretrend::B::age_pnad::age_18_24::admissoes,admissoes,ppml,"C(event_time, contr.treatment(base=-1))[-5]:treatment",-5,-0.15731419343154773,0.07389602606315285,False,15935,341,family_B_target:age_pnad:age_18_24,estimated,-1
group_pretrend::B::age_pnad::age_18_24::admissoes,admissoes,ppml,"C(event_time, contr.treatment(base=-1))[-4]:treatment",-4,-0.16426890867047522,0.082021179182732,False,15935,341,family_B_target:age_pnad:age_18_24,estimated,-1
group_pretrend::B::age_pnad::age_18_24::admissoes,admissoes,ppml,"C(event_time, contr.treatment(base=-1))[-3]:treatment",-3,-0.13500628165965392,0.07340964866429835,False,15935,341,family_B_target:age_pnad:age_18_24,estimated,-1
group_pretrend::B::age_pnad::age_18_24::admissoes,admissoes,ppml,"C(event_time, contr.treatment(base=-1))[-2]:treatment",-2,-0.10440087271408124,0.04687699837670687,False,15935,341,family_B_target:age_pnad:age_18_24,estimated,-1
group_pretrend::B::age_pnad::age_18_24::admissoes,admissoes,ppml,reference_event_time,-1,0.0,0.0,True,15935,341,family_B_target:age_pnad:age_18_24,estimated,-1
group_pretrend::B::age_pnad::age_18_24::admissoes,admissoes,ppml,"C(event_time, contr.treatment(base=-1))[0]:treatment",0,0.06144148846189943,0.04894719824174139,False,15935,341,family_B_target:age_pnad:age_18_24,estimated,-1
group_pretrend::B::age_pnad::age_18_24::admissoes,admissoes,ppml,"C(event_time, contr.treatment(base=-1))[1]:treatment",1,-0.15105755219612588,0.07974947329799885,False,15935,341,family_B_target:age_pnad:age_18_24,estimated,-1
group_pretrend::B::age_pnad::age_18_24::admissoes,admissoes,ppml,"C(event_time, contr.treatment(base=-1))[2]:treatment",2,-0.18123880469679232,0.07899567382370487,False,15935,341,family_B_target:age_pnad:age_18_24,estimated,-1
group_pretrend::B::age_pnad::age_18_24::admissoes,admissoes,ppml,"C(event_time, contr.treatment(base=-1))[3]:treatment",3,-0.16753680116041522,0.0639568787988399,False,15935,341,family_B_target:age_pnad:age_18_24,estimated,-1
group_pretrend::B::age_pnad::age_18_24::admissoes,admissoes,ppml,"C(event_time, contr.treatment(base=-1))[4]:treatment",4,-0.13984737133293615,0.06288335868500729,False,15935,341,family_B_target:age_pnad:age_18_24,estimated,-1
group_pretrend::B::age_pnad::age_18_24::admissoes,admissoes,ppml,"C(event_time, contr.treatment(base=-1))[5]:treatment",5,-0.19483385470779263,0.060321305375383695,False,15935,341,family_B_target:age_pnad:age_18_24,estimated,-1
group_pretrend::B::age_pnad::age_18_24::admissoes,admissoes,ppml,"C(event_time, contr.treatment(base=-1))[6]:treatment",6,-0.1595637140853014,0.06366937944271317,False,15935,341,family_B_target:age_pnad:age_18_24,estimated,-1
group_pretrend::B::age_pnad::age_18_24::admissoes,admissoes,ppml,"C(event_time, contr.treatment(base=-1))[7]:treatment",7,-0.16291052343549103,0.06158399387017321,False,15935,341,family_B_target:age_pnad:age_18_24,estimated,-1
group_pretrend::B::age_pnad::age_18_24::admissoes,admissoes,ppml,"C(event_time, contr.treatment(base=-1))[8]:treatment",8,-0.181201272939332,0.06889424607574773,False,15935,341,family_B_target:age_pnad:age_18_24,estimated,-1
group_pretrend::B::age_pnad::age_18_24::admissoes,admissoes,ppml,"C(event_time, contr.treatment(base=-1))[9]:treatment",9,-0.1857386571405929,0.060481251566169306,False,15935,341,family_B_target:age_pnad:age_18_24,estimated,-1
group_pretrend::B::age_pnad::age_18_24::admissoes,admissoes,ppml,"C(event_time, contr.treatment(base=-1))[10]:treatment",10,-0.1449306919611526,0.04934448555453884,False,15935,341,family_B_target:age_pnad:age_18_24,estimated,-1
group_pretrend::B::age_pnad::age_18_24::admissoes,admissoes,ppml,"C(event_time, contr.treatment(base=-1))[11]:treatment",11,-0.053044547894355434,0.019117109321721486,False,15935,341,family_B_target:age_pnad:age_18_24,estimated,-1
group_pretrend::B::age_pnad::age_18_24::admissoes,admissoes,ppml,"C(event_time, contr.treatment(base=-1))[12]:treatment",12,0.06282484344942793,0.039995496383233665,False,15935,341,family_B_target:age_pnad:age_18_24,estimated,-1
group_pretrend::B::age_pnad::age_18_24::admissoes,admissoes,ppml,"C(event_time, contr.treatment(base=-1))[13]:treatment",13,-0.18497131003712194,0.08015570306376103,False,15935,341,family_B_target:age_pnad:age_18_24,estimated,-1
group_pretrend::B::age_pnad::age_18_24::admissoes,admissoes,ppml,"C(event_time, contr.treatment(base=-1))[14]:treatment",14,-0.20382093588533154,0.07146747513108635,False,15935,341,family_B_target:age_pnad:age_18_24,estimated,-1
group_pretrend::B::age_pnad::age_18_24::admissoes,admissoes,ppml,"C(event_time, contr.treatment(base=-1))[15]:treatment",15,-0.1736195761338341,0.06763358744981159,False,15935,341,family_B_target:age_pnad:age_18_24,estimated,-1
group_pretrend::B::age_pnad::age_18_24::admissoes,admissoes,ppml,"C(event_time, contr.treatment(base=-1))[16]:treatment",16,-0.19083228439703695,0.06529186771147344,False,15935,341,family_B_target:age_pnad:age_18_24,estimated,-1
group_pretrend::B::age_pnad::age_18_24::admissoes,admissoes,ppml,"C(event_time, contr.treatment(base=-1))[17]:treatment",17,-0.19231198986726603,0.05777024007377822,False,15935,341,family_B_target:age_pnad:age_18_24,estimated,-1
group_pretrend::B::age_pnad::age_18_24::admissoes,admissoes,ppml,"C(event_time, contr.treatment(base=-1))[18]:treatment",18,-0.18745947058585946,0.05753110224910007,False,15935,341,family_B_target:age_pnad:age_18_24,estimated,-1
group_pretrend::B::age_pnad::age_18_24::admissoes,admissoes,ppml,"C(event_time, contr.treatment(base=-1))[19]:treatment",19,-0.19604764885802214,0.0665050568603792,False,15935,341,family_B_target:age_pnad:age_18_24,estimated,-1
group_pretrend::B::age_pnad::age_18_24::admissoes,admissoes,ppml,"C(event_time, contr.treatment(base=-1))[20]:treatment",20,-0.18219513260468234,0.07335268359603304,False,15935,341,family_B_target:age_pnad:age_18_24,estimated,-1
group_pretrend::B::age_pnad::age_18_24::admissoes,admissoes,ppml,"C(event_time, contr.treatment(base=-1))[21]:treatment",21,-0.17399709299129765,0.07805249686696247,False,15935,341,family_B_target:age_pnad:age_18_24,estimated,-1
group_pretrend::B::age_pnad::age_18_24::admissoes,admissoes,ppml,"C(event_time, contr.treatment(base=-1))[22]:treatment",22,-0.17195529530057688,0.05668717956470881,False,15935,341,family_B_target:age_pnad:age_18_24,estimated,-1
group_pretrend::B::age_pnad::age_18_24::admissoes,admissoes,ppml,"C(event_time, contr.treatment(base=-1))[23]:treatment",23,-0.061851521356863094,0.034207473824083526,False,15935,341,family_B_target:age_pnad:age_18_24,estimated,-1
group_pretrend::B::age_pnad::age_18_24::asinh_saldo,asinh_saldo,ols,"C(event_time, contr.treatment(base=-1))[-23]:treatment",-23,-2.276189738558137,0.4489786461337798,False,15935,341,family_B_target:age_pnad:age_18_24,estimated,-1
group_pretrend::B::age_pnad::age_18_24::asinh_saldo,asinh_saldo,ols,"C(event_time, contr.treatment(base=-1))[-22]:treatment",-22,-2.322056705121341,0.39942201356504087,False,15935,341,family_B_target:age_pnad:age_18_24,estimated,-1
group_pretrend::B::age_pnad::age_18_24::asinh_saldo,asinh_saldo,ols,"C(event_time, contr.treatment(base=-1))[-21]:treatment",-21,-2.281476698737848,0.4263449746927694,False,15935,341,family_B_target:age_pnad:age_18_24,estimated,-1
group_pretrend::B::age_pnad::age_18_24::asinh_saldo,asinh_saldo,ols,"C(event_time, contr.treatment(base=-1))[-20]:treatment",-20,-1.8557499162701032,0.45972967004488163,False,15935,341,family_B_target:age_pnad:age_18_24,estimated,-1
group_pretrend::B::age_pnad::age_18_24::asinh_saldo,asinh_saldo,ols,"C(event_time, contr.treatment(base=-1))[-19]:treatment",-19,-2.078247892286777,0.3802136715848793,False,15935,341,family_B_target:age_pnad:age_18_24,estimated,-1
group_pretrend::B::age_pnad::age_18_24::asinh_saldo,asinh_saldo,ols,"C(event_time, contr.treatment(base=-1))[-18]:treatment",-18,-2.033226754129149,0.3859472176666943,False,15935,341,family_B_target:age_pnad:age_18_24,estimated,-1
group_pretrend::B::age_pnad::age_18_24::asinh_saldo,asinh_saldo,ols,"C(event_time, contr.treatment(base=-1))[-17]:treatment",-17,-2.161087436556206,0.4138180550597911,False,15935,341,family_B_target:age_pnad:age_18_24,estimated,-1
group_pretrend::B::age_pnad::age_18_24::asinh_saldo,asinh_saldo,ols,"C(event_time, contr.treatment(base=-1))[-16]:treatment",-16,-2.0954604620354895,0.36221594226017706,False,15935,341,family_B_target:age_pnad:age_18_24,estimated,-1
group_pretrend::B::age_pnad::age_18_24::asinh_saldo,asinh_saldo,ols,"C(event_time, contr.treatment(base=-1))[-15]:treatment",-15,-2.1019097611841477,0.37490567787789264,False,15935,341,family_B_target:age_pnad:age_18_24,estimated,-1
group_pretrend::B::age_pnad::age_18_24::asinh_saldo,asinh_saldo,ols,"C(event_time, contr.treatment(base=-1))[-14]:treatment",-14,-1.958216720130081,0.35909179517634743,False,15935,341,family_B_target:age_pnad:age_18_24,estimated,-1
group_pretrend::B::age_pnad::age_18_24::asinh_saldo,asinh_saldo,ols,"C(event_time, contr.treatment(base=-1))[-13]:treatment",-13,-1.054360893497574,0.36667571044467284,False,15935,341,family_B_target:age_pnad:age_18_24,estimated,-1
group_pretrend::B::age_pnad::age_18_24::asinh_saldo,asinh_saldo,ols,"C(event_time, contr.treatment(base=-1))[-12]:treatment",-12,-0.12752449974618563,0.5566899209162395,False,15935,341,family_B_target:age_pnad:age_18_24,estimated,-1
group_pretrend::B::age_pnad::age_18_24::asinh_saldo,asinh_saldo,ols,"C(event_time, contr.treatment(base=-1))[-11]:treatment",-11,-2.5126700298909492,0.5105424224982883,False,15935,341,family_B_target:age_pnad:age_18_24,estimated,-1
group_pretrend::B::age_pnad::age_18_24::asinh_saldo,asinh_saldo,ols,"C(event_time, contr.treatment(base=-1))[-10]:treatment",-10,-1.9688370874446175,0.3625387118182339,False,15935,341,family_B_target:age_pnad:age_18_24,estimated,-1
group_pretrend::B::age_pnad::age_18_24::asinh_saldo,asinh_saldo,ols,"C(event_time, contr.treatment(base=-1))[-9]:treatment",-9,-2.049499674635193,0.4829190174571453,False,15935,341,family_B_target:age_pnad:age_18_24,estimated,-1
group_pretrend::B::age_pnad::age_18_24::asinh_saldo,asinh_saldo,ols,"C(event_time, contr.treatment(base=-1))[-8]:treatment",-8,-1.972734985321007,0.37451240093036636,False,15935,341,family_B_target:age_pnad:age_18_24,estimated,-1
group_pretrend::B::age_pnad::age_18_24::asinh_saldo,asinh_saldo,ols,"C(event_time, contr.treatment(base=-1))[-7]:treatment",-7,-2.2098717382216067,0.3575969537302848,False,15935,341,family_B_target:age_pnad:age_18_24,estimated,-1
group_pretrend::B::age_pnad::age_18_24::asinh_saldo,asinh_saldo,ols,"C(event_time, contr.treatment(base=-1))[-6]:treatment",-6,-2.085176007760291,0.3830078803394811,False,15935,341,family_B_target:age_pnad:age_18_24,estimated,-1
group_pretrend::B::age_pnad::age_18_24::asinh_saldo,asinh_saldo,ols,"C(event_time, contr.treatment(base=-1))[-5]:treatment",-5,-2.0957785223494505,0.4504866093113447,False,15935,341,family_B_target:age_pnad:age_18_24,estimated,-1
group_pretrend::B::age_pnad::age_18_24::asinh_saldo,asinh_saldo,ols,"C(event_time, contr.treatment(base=-1))[-4]:treatment",-4,-2.402810320357715,0.45576514969756476,False,15935,341,family_B_target:age_pnad:age_18_24,estimated,-1
group_pretrend::B::age_pnad::age_18_24::asinh_saldo,asinh_saldo,ols,"C(event_time, contr.treatment(base=-1))[-3]:treatment",-3,-1.9242882305547047,0.43844133580460076,False,15935,341,family_B_target:age_pnad:age_18_24,estimated,-1
group_pretrend::B::age_pnad::age_18_24::asinh_saldo,asinh_saldo,ols,"C(event_time, contr.treatment(base=-1))[-2]:treatment",-2,-1.537409383535295,0.401970531686207,False,15935,341,family_B_target:age_pnad:age_18_24,estimated,-1
group_pretrend::B::age_pnad::age_18_24::asinh_saldo,asinh_saldo,ols,reference_event_time,-1,0.0,0.0,True,15935,341,family_B_target:age_pnad:age_18_24,estimated,-1
group_pretrend::B::age_pnad::age_18_24::asinh_saldo,asinh_saldo,ols,"C(event_time, contr.treatment(base=-1))[0]:treatment",0,-0.8070069804200197,0.5937570350271132,False,15935,341,family_B_target:age_pnad:age_18_24,estimated,-1
group_pretrend::B::age_pnad::age_18_24::asinh_saldo,asinh_saldo,ols,"C(event_time, contr.treatment(base=-1))[1]:treatment",1,-2.196028228824168,0.5037262599674849,False,15935,341,family_B_target:age_pnad:age_18_24,estimated,-1
group_pretrend::B::age_pnad::age_18_24::asinh_saldo,asinh_saldo,ols,"C(event_time, contr.treatment(base=-1))[2]:treatment",2,-3.0032920294793715,0.44031950797196334,False,15935,341,family_B_target:age_pnad:age_18_24,estimated,-1
group_pretrend::B::age_pnad::age_18_24::asinh_saldo,asinh_saldo,ols,"C(event_time, contr.treatment(base=-1))[3]:treatment",3,-1.9310536020372087,0.4271649814580838,False,15935,341,family_B_target:age_pnad:age_18_24,estimated,-1
group_pretrend::B::age_pnad::age_18_24::asinh_saldo,asinh_saldo,ols,"C(event_time, contr.treatment(base=-1))[4]:treatment",4,-1.9690145711836855,0.43190746043430134,False,15935,341,family_B_target:age_pnad:age_18_24,estimated,-1
group_pretrend::B::age_pnad::age_18_24::asinh_saldo,asinh_saldo,ols,"C(event_time, contr.treatment(base=-1))[5]:treatment",5,-2.204771063455219,0.4798671941806111,False,15935,341,family_B_target:age_pnad:age_18_24,estimated,-1
group_pretrend::B::age_pnad::age_18_24::asinh_saldo,asinh_saldo,ols,"C(event_time, contr.treatment(base=-1))[6]:treatment",6,-2.0795669859309793,0.504944121977172,False,15935,341,family_B_target:age_pnad:age_18_24,estimated,-1
group_pretrend::B::age_pnad::age_18_24::asinh_saldo,asinh_saldo,ols,"C(event_time, contr.treatment(base=-1))[7]:treatment",7,-2.402305938625371,0.49126836922724887,False,15935,341,family_B_target:age_pnad:age_18_24,estimated,-1
group_pretrend::B::age_pnad::age_18_24::asinh_saldo,asinh_saldo,ols,"C(event_time, contr.treatment(base=-1))[8]:treatment",8,-2.057490962411453,0.4408287897300567,False,15935,341,family_B_target:age_pnad:age_18_24,estimated,-1
group_pretrend::B::age_pnad::age_18_24::asinh_saldo,asinh_saldo,ols,"C(event_time, contr.treatment(base=-1))[9]:treatment",9,-2.2651225409866114,0.4527566652421837,False,15935,341,family_B_target:age_pnad:age_18_24,estimated,-1
group_pretrend::B::age_pnad::age_18_24::asinh_saldo,asinh_saldo,ols,"C(event_time, contr.treatment(base=-1))[10]:treatment",10,-2.0309712097164003,0.3965397124916056,False,15935,341,family_B_target:age_pnad:age_18_24,estimated,-1
group_pretrend::B::age_pnad::age_18_24::asinh_saldo,asinh_saldo,ols,"C(event_time, contr.treatment(base=-1))[11]:treatment",11,-0.06784452138064241,0.39311239696637684,False,15935,341,family_B_target:age_pnad:age_18_24,estimated,-1
group_pretrend::B::age_pnad::age_18_24::asinh_saldo,asinh_saldo,ols,"C(event_time, contr.treatment(base=-1))[12]:treatment",12,-0.7931348167605461,0.6287917481232309,False,15935,341,family_B_target:age_pnad:age_18_24,estimated,-1
group_pretrend::B::age_pnad::age_18_24::asinh_saldo,asinh_saldo,ols,"C(event_time, contr.treatment(base=-1))[13]:treatment",13,-2.482954488608278,0.5915006322945959,False,15935,341,family_B_target:age_pnad:age_18_24,estimated,-1
group_pretrend::B::age_pnad::age_18_24::asinh_saldo,asinh_saldo,ols,"C(event_time, contr.treatment(base=-1))[14]:treatment",14,-2.623107636333508,0.4790751355406436,False,15935,341,family_B_target:age_pnad:age_18_24,estimated,-1
group_pretrend::B::age_pnad::age_18_24::asinh_saldo,asinh_saldo,ols,"C(event_time, contr.treatment(base=-1))[15]:treatment",15,-1.7680707486087421,0.45256424116614175,False,15935,341,family_B_target:age_pnad:age_18_24,estimated,-1
group_pretrend::B::age_pnad::age_18_24::asinh_saldo,asinh_saldo,ols,"C(event_time, contr.treatment(base=-1))[16]:treatment",16,-1.9161903018442827,0.4495312637834205,False,15935,341,family_B_target:age_pnad:age_18_24,estimated,-1
group_pretrend::B::age_pnad::age_18_24::asinh_saldo,asinh_saldo,ols,"C(event_time, contr.treatment(base=-1))[17]:treatment",17,-1.5402454581465892,0.4691931923657513,False,15935,341,family_B_target:age_pnad:age_18_24,estimated,-1
group_pretrend::B::age_pnad::age_18_24::asinh_saldo,asinh_saldo,ols,"C(event_time, contr.treatment(base=-1))[18]:treatment",18,-2.188331808349895,0.4727232890603366,False,15935,341,family_B_target:age_pnad:age_18_24,estimated,-1
group_pretrend::B::age_pnad::age_18_24::asinh_saldo,asinh_saldo,ols,"C(event_time, contr.treatment(base=-1))[19]:treatment",19,-2.206062335109687,0.4319257610482842,False,15935,341,family_B_target:age_pnad:age_18_24,estimated,-1
group_pretrend::B::age_pnad::age_18_24::asinh_saldo,asinh_saldo,ols,"C(event_time, contr.treatment(base=-1))[20]:treatment",20,-2.5951557709265,0.4868629542655991,False,15935,341,family_B_target:age_pnad:age_18_24,estimated,-1
group_pretrend::B::age_pnad::age_18_24::asinh_saldo,asinh_saldo,ols,"C(event_time, contr.treatment(base=-1))[21]:treatment",21,-2.262751311307427,0.4808560046896026,False,15935,341,family_B_target:age_pnad:age_18_24,estimated,-1
group_pretrend::B::age_pnad::age_18_24::asinh_saldo,asinh_saldo,ols,"C(event_time, contr.treatment(base=-1))[22]:treatment",22,-1.9382771014655178,0.47078937194741755,False,15935,341,family_B_target:age_pnad:age_18_24,estimated,-1
group_pretrend::B::age_pnad::age_18_24::asinh_saldo,asinh_saldo,ols,"C(event_time, contr.treatment(base=-1))[23]:treatment",23,-0.47331765843107587,0.35257989748459556,False,15935,341,family_B_target:age_pnad:age_18_24,estimated,-1
group_pretrend::B::age_pnad::age_18_24::desligamentos,desligamentos,ppml,"C(event_time, contr.treatment(base=-1))[-23]:treatment",-23,0.12383267638993357,0.05913244023025282,False,15926,340,family_B_target:age_pnad:age_18_24,estimated,-1
group_pretrend::B::age_pnad::age_18_24::desligamentos,desligamentos,ppml,"C(event_time, contr.treatment(base=-1))[-22]:treatment",-22,0.06833424553736708,0.052258025757855105,False,15926,340,family_B_target:age_pnad:age_18_24,estimated,-1
group_pretrend::B::age_pnad::age_18_24::desligamentos,desligamentos,ppml,"C(event_time, contr.treatment(base=-1))[-21]:treatment",-21,-0.01352864132106915,0.04866506352868685,False,15926,340,family_B_target:age_pnad:age_18_24,estimated,-1
group_pretrend::B::age_pnad::age_18_24::desligamentos,desligamentos,ppml,"C(event_time, contr.treatment(base=-1))[-20]:treatment",-20,-0.03720386990590734,0.053887767908387285,False,15926,340,family_B_target:age_pnad:age_18_24,estimated,-1
group_pretrend::B::age_pnad::age_18_24::desligamentos,desligamentos,ppml,"C(event_time, contr.treatment(base=-1))[-19]:treatment",-19,0.022591493339575046,0.05432926153637816,False,15926,340,family_B_target:age_pnad:age_18_24,estimated,-1
group_pretrend::B::age_pnad::age_18_24::desligamentos,desligamentos,ppml,"C(event_time, contr.treatment(base=-1))[-18]:treatment",-18,0.07688387464981941,0.05941076215733514,False,15926,340,family_B_target:age_pnad:age_18_24,estimated,-1
group_pretrend::B::age_pnad::age_18_24::desligamentos,desligamentos,ppml,"C(event_time, contr.treatment(base=-1))[-17]:treatment",-17,0.057759226741739604,0.045584897438370596,False,15926,340,family_B_target:age_pnad:age_18_24,estimated,-1
group_pretrend::B::age_pnad::age_18_24::desligamentos,desligamentos,ppml,"C(event_time, contr.treatment(base=-1))[-16]:treatment",-16,0.055220808139100415,0.04859075198198068,False,15926,340,family_B_target:age_pnad:age_18_24,estimated,-1
group_pretrend::B::age_pnad::age_18_24::desligamentos,desligamentos,ppml,"C(event_time, contr.treatment(base=-1))[-15]:treatment",-15,0.04288227498643131,0.051605523833048096,False,15926,340,family_B_target:age_pnad:age_18_24,estimated,-1
group_pretrend::B::age_pnad::age_18_24::desligamentos,desligamentos,ppml,"C(event_time, contr.treatment(base=-1))[-14]:treatment",-14,0.018234940617682983,0.045742144110444555,False,15926,340,family_B_target:age_pnad:age_18_24,estimated,-1
group_pretrend::B::age_pnad::age_18_24::desligamentos,desligamentos,ppml,"C(event_time, contr.treatment(base=-1))[-13]:treatment",-13,-0.02491199074610047,0.03437920652572712,False,15926,340,family_B_target:age_pnad:age_18_24,estimated,-1
group_pretrend::B::age_pnad::age_18_24::desligamentos,desligamentos,ppml,"C(event_time, contr.treatment(base=-1))[-12]:treatment",-12,0.03492377419643022,0.040441566210660605,False,15926,340,family_B_target:age_pnad:age_18_24,estimated,-1
group_pretrend::B::age_pnad::age_18_24::desligamentos,desligamentos,ppml,"C(event_time, contr.treatment(base=-1))[-11]:treatment",-11,0.15978709141789907,0.05017211939324106,False,15926,340,family_B_target:age_pnad:age_18_24,estimated,-1
group_pretrend::B::age_pnad::age_18_24::desligamentos,desligamentos,ppml,"C(event_time, contr.treatment(base=-1))[-10]:treatment",-10,0.10832917110749685,0.03472333457983064,False,15926,340,family_B_target:age_pnad:age_18_24,estimated,-1
group_pretrend::B::age_pnad::age_18_24::desligamentos,desligamentos,ppml,"C(event_time, contr.treatment(base=-1))[-9]:treatment",-9,0.060646096600204695,0.03916101803951297,False,15926,340,family_B_target:age_pnad:age_18_24,estimated,-1
group_pretrend::B::age_pnad::age_18_24::desligamentos,desligamentos,ppml,"C(event_time, contr.treatment(base=-1))[-8]:treatment",-8,0.07435678595132195,0.04212915956590605,False,15926,340,family_B_target:age_pnad:age_18_24,estimated,-1
group_pretrend::B::age_pnad::age_18_24::desligamentos,desligamentos,ppml,"C(event_time, contr.treatment(base=-1))[-7]:treatment",-7,0.09536217295320033,0.03347206531800133,False,15926,340,family_B_target:age_pnad:age_18_24,estimated,-1
group_pretrend::B::age_pnad::age_18_24::desligamentos,desligamentos,ppml,"C(event_time, contr.treatment(base=-1))[-6]:treatment",-6,0.08340048931637666,0.027864278617658986,False,15926,340,family_B_target:age_pnad:age_18_24,estimated,-1
group_pretrend::B::age_pnad::age_18_24::desligamentos,desligamentos,ppml,"C(event_time, contr.treatment(base=-1))[-5]:treatment",-5,0.10080628162252948,0.02844856750890102,False,15926,340,family_B_target:age_pnad:age_18_24,estimated,-1
group_pretrend::B::age_pnad::age_18_24::desligamentos,desligamentos,ppml,"C(event_time, contr.treatment(base=-1))[-4]:treatment",-4,0.08494689419934116,0.028739702887341703,False,15926,340,family_B_target:age_pnad:age_18_24,estimated,-1
group_pretrend::B::age_pnad::age_18_24::desligamentos,desligamentos,ppml,"C(event_time, contr.treatment(base=-1))[-3]:treatment",-3,0.08449830944361708,0.02150410660521788,False,15926,340,family_B_target:age_pnad:age_18_24,estimated,-1
group_pretrend::B::age_pnad::age_18_24::desligamentos,desligamentos,ppml,"C(event_time, contr.treatment(base=-1))[-2]:treatment",-2,0.04651479583884008,0.013433498714707002,False,15926,340,family_B_target:age_pnad:age_18_24,estimated,-1
group_pretrend::B::age_pnad::age_18_24::desligamentos,desligamentos,ppml,reference_event_time,-1,0.0,0.0,True,15926,340,family_B_target:age_pnad:age_18_24,estimated,-1
group_pretrend::B::age_pnad::age_18_24::desligamentos,desligamentos,ppml,"C(event_time, contr.treatment(base=-1))[0]:treatment",0,-0.007501354181547848,0.02909469585986697,False,15926,340,family_B_target:age_pnad:age_18_24,estimated,-1
group_pretrend::B::age_pnad::age_18_24::desligamentos,desligamentos,ppml,"C(event_time, contr.treatment(base=-1))[1]:treatment",1,0.13176205438757432,0.034266831779265094,False,15926,340,family_B_target:age_pnad:age_18_24,estimated,-1
group_pretrend::B::age_pnad::age_18_24::desligamentos,desligamentos,ppml,"C(event_time, contr.treatment(base=-1))[2]:treatment",2,0.08894388129208193,0.0241721507182419,False,15926,340,family_B_target:age_pnad:age_18_24,estimated,-1
group_pretrend::B::age_pnad::age_18_24::desligamentos,desligamentos,ppml,"C(event_time, contr.treatment(base=-1))[3]:treatment",3,0.05720979031718729,0.03874787721428214,False,15926,340,family_B_target:age_pnad:age_18_24,estimated,-1
group_pretrend::B::age_pnad::age_18_24::desligamentos,desligamentos,ppml,"C(event_time, contr.treatment(base=-1))[4]:treatment",4,0.04248015914461066,0.0372000727055814,False,15926,340,family_B_target:age_pnad:age_18_24,estimated,-1
group_pretrend::B::age_pnad::age_18_24::desligamentos,desligamentos,ppml,"C(event_time, contr.treatment(base=-1))[5]:treatment",5,0.03192803812946476,0.03903852783341883,False,15926,340,family_B_target:age_pnad:age_18_24,estimated,-1
group_pretrend::B::age_pnad::age_18_24::desligamentos,desligamentos,ppml,"C(event_time, contr.treatment(base=-1))[6]:treatment",6,0.05747431409004864,0.03318822690890841,False,15926,340,family_B_target:age_pnad:age_18_24,estimated,-1
group_pretrend::B::age_pnad::age_18_24::desligamentos,desligamentos,ppml,"C(event_time, contr.treatment(base=-1))[7]:treatment",7,0.08655434611101337,0.027584857248774932,False,15926,340,family_B_target:age_pnad:age_18_24,estimated,-1
group_pretrend::B::age_pnad::age_18_24::desligamentos,desligamentos,ppml,"C(event_time, contr.treatment(base=-1))[8]:treatment",8,0.07567829712601279,0.02729093682897083,False,15926,340,family_B_target:age_pnad:age_18_24,estimated,-1
group_pretrend::B::age_pnad::age_18_24::desligamentos,desligamentos,ppml,"C(event_time, contr.treatment(base=-1))[9]:treatment",9,0.06469720133858618,0.03399199331604977,False,15926,340,family_B_target:age_pnad:age_18_24,estimated,-1
group_pretrend::B::age_pnad::age_18_24::desligamentos,desligamentos,ppml,"C(event_time, contr.treatment(base=-1))[10]:treatment",10,0.03049331574128685,0.036021034183363825,False,15926,340,family_B_target:age_pnad:age_18_24,estimated,-1
group_pretrend::B::age_pnad::age_18_24::desligamentos,desligamentos,ppml,"C(event_time, contr.treatment(base=-1))[11]:treatment",11,-0.03039663749465061,0.04292271037564323,False,15926,340,family_B_target:age_pnad:age_18_24,estimated,-1
group_pretrend::B::age_pnad::age_18_24::desligamentos,desligamentos,ppml,"C(event_time, contr.treatment(base=-1))[12]:treatment",12,-0.036168652080495946,0.05463215885653923,False,15926,340,family_B_target:age_pnad:age_18_24,estimated,-1
group_pretrend::B::age_pnad::age_18_24::desligamentos,desligamentos,ppml,"C(event_time, contr.treatment(base=-1))[13]:treatment",13,0.12172122227240313,0.0501596932604393,False,15926,340,family_B_target:age_pnad:age_18_24,estimated,-1
group_pretrend::B::age_pnad::age_18_24::desligamentos,desligamentos,ppml,"C(event_time, contr.treatment(base=-1))[14]:treatment",14,0.07406769141553775,0.044707565779954196,False,15926,340,family_B_target:age_pnad:age_18_24,estimated,-1
group_pretrend::B::age_pnad::age_18_24::desligamentos,desligamentos,ppml,"C(event_time, contr.treatment(base=-1))[15]:treatment",15,0.025298851601926416,0.04125559782012889,False,15926,340,family_B_target:age_pnad:age_18_24,estimated,-1
group_pretrend::B::age_pnad::age_18_24::desligamentos,desligamentos,ppml,"C(event_time, contr.treatment(base=-1))[16]:treatment",16,0.015458875052917403,0.03819956001885947,False,15926,340,family_B_target:age_pnad:age_18_24,estimated,-1
group_pretrend::B::age_pnad::age_18_24::desligamentos,desligamentos,ppml,"C(event_time, contr.treatment(base=-1))[17]:treatment",17,0.014961154613694126,0.03873296135075468,False,15926,340,family_B_target:age_pnad:age_18_24,estimated,-1
group_pretrend::B::age_pnad::age_18_24::desligamentos,desligamentos,ppml,"C(event_time, contr.treatment(base=-1))[18]:treatment",18,0.04159929379729518,0.03905187025960599,False,15926,340,family_B_target:age_pnad:age_18_24,estimated,-1
group_pretrend::B::age_pnad::age_18_24::desligamentos,desligamentos,ppml,"C(event_time, contr.treatment(base=-1))[19]:treatment",19,0.048248750331190866,0.038678412886997124,False,15926,340,family_B_target:age_pnad:age_18_24,estimated,-1
group_pretrend::B::age_pnad::age_18_24::desligamentos,desligamentos,ppml,"C(event_time, contr.treatment(base=-1))[20]:treatment",20,0.03916799024045602,0.037825289231536864,False,15926,340,family_B_target:age_pnad:age_18_24,estimated,-1
group_pretrend::B::age_pnad::age_18_24::desligamentos,desligamentos,ppml,"C(event_time, contr.treatment(base=-1))[21]:treatment",21,0.04213868206946475,0.04312069936816005,False,15926,340,family_B_target:age_pnad:age_18_24,estimated,-1
group_pretrend::B::age_pnad::age_18_24::desligamentos,desligamentos,ppml,"C(event_time, contr.treatment(base=-1))[22]:treatment",22,0.03405786471583644,0.04110696079808296,False,15926,340,family_B_target:age_pnad:age_18_24,estimated,-1
group_pretrend::B::age_pnad::age_18_24::desligamentos,desligamentos,ppml,"C(event_time, contr.treatment(base=-1))[23]:treatment",23,-0.04047537640909704,0.04909970978327184,False,15926,340,family_B_target:age_pnad:age_18_24,estimated,-1
group_pretrend::B::age_pnad::age_18_24::ln_salario_real_adm,ln_salario_real_adm,ols,"C(event_time, contr.treatment(base=-1))[-23]:treatment",-23,0.047113918414212405,0.027360587504182847,False,15616,340,family_B_target:age_pnad:age_18_24,estimated,-1
group_pretrend::B::age_pnad::age_18_24::ln_salario_real_adm,ln_salario_real_adm,ols,"C(event_time, contr.treatment(base=-1))[-22]:treatment",-22,0.02002883775607782,0.02729062431009813,False,15616,340,family_B_target:age_pnad:age_18_24,estimated,-1
group_pretrend::B::age_pnad::age_18_24::ln_salario_real_adm,ln_salario_real_adm,ols,"C(event_time, contr.treatment(base=-1))[-21]:treatment",-21,0.04505612288205325,0.02667501545810545,False,15616,340,family_B_target:age_pnad:age_18_24,estimated,-1
group_pretrend::B::age_pnad::age_18_24::ln_salario_real_adm,ln_salario_real_adm,ols,"C(event_time, contr.treatment(base=-1))[-20]:treatment",-20,0.017528277816417245,0.021858143492402483,False,15616,340,family_B_target:age_pnad:age_18_24,estimated,-1
group_pretrend::B::age_pnad::age_18_24::ln_salario_real_adm,ln_salario_real_adm,ols,"C(event_time, contr.treatment(base=-1))[-19]:treatment",-19,0.008624445407239851,0.02297023368636814,False,15616,340,family_B_target:age_pnad:age_18_24,estimated,-1
group_pretrend::B::age_pnad::age_18_24::ln_salario_real_adm,ln_salario_real_adm,ols,"C(event_time, contr.treatment(base=-1))[-18]:treatment",-18,0.006670258285139785,0.01910649679968633,False,15616,340,family_B_target:age_pnad:age_18_24,estimated,-1
group_pretrend::B::age_pnad::age_18_24::ln_salario_real_adm,ln_salario_real_adm,ols,"C(event_time, contr.treatment(base=-1))[-17]:treatment",-17,0.031273051712055355,0.020139717966009073,False,15616,340,family_B_target:age_pnad:age_18_24,estimated,-1
group_pretrend::B::age_pnad::age_18_24::ln_salario_real_adm,ln_salario_real_adm,ols,"C(event_time, contr.treatment(base=-1))[-16]:treatment",-16,0.058533555372160824,0.046394990582524276,False,15616,340,family_B_target:age_pnad:age_18_24,estimated,-1
group_pretrend::B::age_pnad::age_18_24::ln_salario_real_adm,ln_salario_real_adm,ols,"C(event_time, contr.treatment(base=-1))[-15]:treatment",-15,0.03306412421971351,0.02240285608401584,False,15616,340,family_B_target:age_pnad:age_18_24,estimated,-1
group_pretrend::B::age_pnad::age_18_24::ln_salario_real_adm,ln_salario_real_adm,ols,"C(event_time, contr.treatment(base=-1))[-14]:treatment",-14,0.02742648312408875,0.021612578943534726,False,15616,340,family_B_target:age_pnad:age_18_24,estimated,-1
group_pretrend::B::age_pnad::age_18_24::ln_salario_real_adm,ln_salario_real_adm,ols,"C(event_time, contr.treatment(base=-1))[-13]:treatment",-13,0.04591203437575471,0.02139097703616028,False,15616,340,family_B_target:age_pnad:age_18_24,estimated,-1
group_pretrend::B::age_pnad::age_18_24::ln_salario_real_adm,ln_salario_real_adm,ols,"C(event_time, contr.treatment(base=-1))[-12]:treatment",-12,0.031076431208899746,0.02680749582613226,False,15616,340,family_B_target:age_pnad:age_18_24,estimated,-1
group_pretrend::B::age_pnad::age_18_24::ln_salario_real_adm,ln_salario_real_adm,ols,"C(event_time, contr.treatment(base=-1))[-11]:treatment",-11,0.0096985446520757,0.026621127751397963,False,15616,340,family_B_target:age_pnad:age_18_24,estimated,-1
group_pretrend::B::age_pnad::age_18_24::ln_salario_real_adm,ln_salario_real_adm,ols,"C(event_time, contr.treatment(base=-1))[-10]:treatment",-10,-0.0028467860106905474,0.018830409495505677,False,15616,340,family_B_target:age_pnad:age_18_24,estimated,-1
group_pretrend::B::age_pnad::age_18_24::ln_salario_real_adm,ln_salario_real_adm,ols,"C(event_time, contr.treatment(base=-1))[-9]:treatment",-9,0.0015979489721244461,0.02520278941655909,False,15616,340,family_B_target:age_pnad:age_18_24,estimated,-1
group_pretrend::B::age_pnad::age_18_24::ln_salario_real_adm,ln_salario_real_adm,ols,"C(event_time, contr.treatment(base=-1))[-8]:treatment",-8,0.028476229631116397,0.0193542805060288,False,15616,340,family_B_target:age_pnad:age_18_24,estimated,-1
group_pretrend::B::age_pnad::age_18_24::ln_salario_real_adm,ln_salario_real_adm,ols,"C(event_time, contr.treatment(base=-1))[-7]:treatment",-7,0.016207355749006825,0.028048564377841294,False,15616,340,family_B_target:age_pnad:age_18_24,estimated,-1
group_pretrend::B::age_pnad::age_18_24::ln_salario_real_adm,ln_salario_real_adm,ols,"C(event_time, contr.treatment(base=-1))[-6]:treatment",-6,0.004770428918883774,0.02430583588833453,False,15616,340,family_B_target:age_pnad:age_18_24,estimated,-1
group_pretrend::B::age_pnad::age_18_24::ln_salario_real_adm,ln_salario_real_adm,ols,"C(event_time, contr.treatment(base=-1))[-5]:treatment",-5,0.02846309450387675,0.021020118401534664,False,15616,340,family_B_target:age_pnad:age_18_24,estimated,-1
group_pretrend::B::age_pnad::age_18_24::ln_salario_real_adm,ln_salario_real_adm,ols,"C(event_time, contr.treatment(base=-1))[-4]:treatment",-4,0.026111902279324212,0.017866458341675162,False,15616,340,family_B_target:age_pnad:age_18_24,estimated,-1
group_pretrend::B::age_pnad::age_18_24::ln_salario_real_adm,ln_salario_real_adm,ols,"C(event_time, contr.treatment(base=-1))[-3]:treatment",-3,0.024006861650882783,0.02214304591623341,False,15616,340,family_B_target:age_pnad:age_18_24,estimated,-1
group_pretrend::B::age_pnad::age_18_24::ln_salario_real_adm,ln_salario_real_adm,ols,"C(event_time, contr.treatment(base=-1))[-2]:treatment",-2,0.033497821211743835,0.02756448758753494,False,15616,340,family_B_target:age_pnad:age_18_24,estimated,-1
group_pretrend::B::age_pnad::age_18_24::ln_salario_real_adm,ln_salario_real_adm,ols,reference_event_time,-1,0.0,0.0,True,15616,340,family_B_target:age_pnad:age_18_24,estimated,-1
group_pretrend::B::age_pnad::age_18_24::ln_salario_real_adm,ln_salario_real_adm,ols,"C(event_time, contr.treatment(base=-1))[0]:treatment",0,0.006418126692574183,0.01783780885439233,False,15616,340,family_B_target:age_pnad:age_18_24,estimated,-1
group_pretrend::B::age_pnad::age_18_24::ln_salario_real_adm,ln_salario_real_adm,ols,"C(event_time, contr.treatment(base=-1))[1]:treatment",1,-0.005872934373830916,0.02000230435683385,False,15616,340,family_B_target:age_pnad:age_18_24,estimated,-1
group_pretrend::B::age_pnad::age_18_24::ln_salario_real_adm,ln_salario_real_adm,ols,"C(event_time, contr.treatment(base=-1))[2]:treatment",2,-0.028026166564277,0.02639737825203542,False,15616,340,family_B_target:age_pnad:age_18_24,estimated,-1
group_pretrend::B::age_pnad::age_18_24::ln_salario_real_adm,ln_salario_real_adm,ols,"C(event_time, contr.treatment(base=-1))[3]:treatment",3,-0.01243362745341743,0.02421788615445695,False,15616,340,family_B_target:age_pnad:age_18_24,estimated,-1
group_pretrend::B::age_pnad::age_18_24::ln_salario_real_adm,ln_salario_real_adm,ols,"C(event_time, contr.treatment(base=-1))[4]:treatment",4,-0.012962255423703517,0.02153416100849511,False,15616,340,family_B_target:age_pnad:age_18_24,estimated,-1
group_pretrend::B::age_pnad::age_18_24::ln_salario_real_adm,ln_salario_real_adm,ols,"C(event_time, contr.treatment(base=-1))[5]:treatment",5,-0.011576975303562652,0.0208714701921328,False,15616,340,family_B_target:age_pnad:age_18_24,estimated,-1
group_pretrend::B::age_pnad::age_18_24::ln_salario_real_adm,ln_salario_real_adm,ols,"C(event_time, contr.treatment(base=-1))[6]:treatment",6,-0.007359140389763722,0.023149931640471424,False,15616,340,family_B_target:age_pnad:age_18_24,estimated,-1
group_pretrend::B::age_pnad::age_18_24::ln_salario_real_adm,ln_salario_real_adm,ols,"C(event_time, contr.treatment(base=-1))[7]:treatment",7,-0.03216516100852399,0.025059694205474624,False,15616,340,family_B_target:age_pnad:age_18_24,estimated,-1
group_pretrend::B::age_pnad::age_18_24::ln_salario_real_adm,ln_salario_real_adm,ols,"C(event_time, contr.treatment(base=-1))[8]:treatment",8,-0.010883367218233915,0.02752365144999028,False,15616,340,family_B_target:age_pnad:age_18_24,estimated,-1
group_pretrend::B::age_pnad::age_18_24::ln_salario_real_adm,ln_salario_real_adm,ols,"C(event_time, contr.treatment(base=-1))[9]:treatment",9,0.006265584103457621,0.02193608692534405,False,15616,340,family_B_target:age_pnad:age_18_24,estimated,-1
group_pretrend::B::age_pnad::age_18_24::ln_salario_real_adm,ln_salario_real_adm,ols,"C(event_time, contr.treatment(base=-1))[10]:treatment",10,-0.040587630671566885,0.023191448713658764,False,15616,340,family_B_target:age_pnad:age_18_24,estimated,-1
group_pretrend::B::age_pnad::age_18_24::ln_salario_real_adm,ln_salario_real_adm,ols,"C(event_time, contr.treatment(base=-1))[11]:treatment",11,-0.032686587813951826,0.023021367266207036,False,15616,340,family_B_target:age_pnad:age_18_24,estimated,-1
group_pretrend::B::age_pnad::age_18_24::ln_salario_real_adm,ln_salario_real_adm,ols,"C(event_time, contr.treatment(base=-1))[12]:treatment",12,-0.054483877349959776,0.026921232809544705,False,15616,340,family_B_target:age_pnad:age_18_24,estimated,-1
group_pretrend::B::age_pnad::age_18_24::ln_salario_real_adm,ln_salario_real_adm,ols,"C(event_time, contr.treatment(base=-1))[13]:treatment",13,-0.0005465602171414726,0.02232987604981933,False,15616,340,family_B_target:age_pnad:age_18_24,estimated,-1
group_pretrend::B::age_pnad::age_18_24::ln_salario_real_adm,ln_salario_real_adm,ols,"C(event_time, contr.treatment(base=-1))[14]:treatment",14,-0.036886583077690945,0.018931128968738,False,15616,340,family_B_target:age_pnad:age_18_24,estimated,-1
group_pretrend::B::age_pnad::age_18_24::ln_salario_real_adm,ln_salario_real_adm,ols,"C(event_time, contr.treatment(base=-1))[15]:treatment",15,-0.05352937999162572,0.023066131885975005,False,15616,340,family_B_target:age_pnad:age_18_24,estimated,-1
group_pretrend::B::age_pnad::age_18_24::ln_salario_real_adm,ln_salario_real_adm,ols,"C(event_time, contr.treatment(base=-1))[16]:treatment",16,-0.05767530743450574,0.020972139331225218,False,15616,340,family_B_target:age_pnad:age_18_24,estimated,-1
group_pretrend::B::age_pnad::age_18_24::ln_salario_real_adm,ln_salario_real_adm,ols,"C(event_time, contr.treatment(base=-1))[17]:treatment",17,-0.05775049781316004,0.027685456067303753,False,15616,340,family_B_target:age_pnad:age_18_24,estimated,-1
group_pretrend::B::age_pnad::age_18_24::ln_salario_real_adm,ln_salario_real_adm,ols,"C(event_time, contr.treatment(base=-1))[18]:treatment",18,-0.036609608033824265,0.023828395916963282,False,15616,340,family_B_target:age_pnad:age_18_24,estimated,-1
group_pretrend::B::age_pnad::age_18_24::ln_salario_real_adm,ln_salario_real_adm,ols,"C(event_time, contr.treatment(base=-1))[19]:treatment",19,-0.025173508169206993,0.02330324576789908,False,15616,340,family_B_target:age_pnad:age_18_24,estimated,-1
group_pretrend::B::age_pnad::age_18_24::ln_salario_real_adm,ln_salario_real_adm,ols,"C(event_time, contr.treatment(base=-1))[20]:treatment",20,-0.03976260094295035,0.029247975612779233,False,15616,340,family_B_target:age_pnad:age_18_24,estimated,-1
group_pretrend::B::age_pnad::age_18_24::ln_salario_real_adm,ln_salario_real_adm,ols,"C(event_time, contr.treatment(base=-1))[21]:treatment",21,-0.0060976411340443615,0.02569636405103041,False,15616,340,family_B_target:age_pnad:age_18_24,estimated,-1
group_pretrend::B::age_pnad::age_18_24::ln_salario_real_adm,ln_salario_real_adm,ols,"C(event_time, contr.treatment(base=-1))[22]:treatment",22,-0.061478023300656374,0.031075964226268665,False,15616,340,family_B_target:age_pnad:age_18_24,estimated,-1
group_pretrend::B::age_pnad::age_18_24::ln_salario_real_adm,ln_salario_real_adm,ols,"C(event_time, contr.treatment(base=-1))[23]:treatment",23,-0.049195706137251535,0.028264899766236005,False,15616,340,family_B_target:age_pnad:age_18_24,estimated,-1
group_pretrend::B::age_pnad::age_18_24::n_movimentacoes,n_movimentacoes,ppml,"C(event_time, contr.treatment(base=-1))[-23]:treatment",-23,-0.033082163824553104,0.06802884765801642,False,15935,341,family_B_target:age_pnad:age_18_24,estimated,-1
group_pretrend::B::age_pnad::age_18_24::n_movimentacoes,n_movimentacoes,ppml,"C(event_time, contr.treatment(base=-1))[-22]:treatment",-22,-0.07689054214647126,0.07094169979379965,False,15935,341,family_B_target:age_pnad:age_18_24,estimated,-1
group_pretrend::B::age_pnad::age_18_24::n_movimentacoes,n_movimentacoes,ppml,"C(event_time, contr.treatment(base=-1))[-21]:treatment",-21,-0.11377246916357733,0.06655888898429702,False,15935,341,family_B_target:age_pnad:age_18_24,estimated,-1
group_pretrend::B::age_pnad::age_18_24::n_movimentacoes,n_movimentacoes,ppml,"C(event_time, contr.treatment(base=-1))[-20]:treatment",-20,-0.08773763333669861,0.07436538584719248,False,15935,341,family_B_target:age_pnad:age_18_24,estimated,-1
group_pretrend::B::age_pnad::age_18_24::n_movimentacoes,n_movimentacoes,ppml,"C(event_time, contr.treatment(base=-1))[-19]:treatment",-19,-0.06486036322150673,0.06748534074746734,False,15935,341,family_B_target:age_pnad:age_18_24,estimated,-1
group_pretrend::B::age_pnad::age_18_24::n_movimentacoes,n_movimentacoes,ppml,"C(event_time, contr.treatment(base=-1))[-18]:treatment",-18,-0.023755385203953597,0.06065855439827761,False,15935,341,family_B_target:age_pnad:age_18_24,estimated,-1
group_pretrend::B::age_pnad::age_18_24::n_movimentacoes,n_movimentacoes,ppml,"C(event_time, contr.treatment(base=-1))[-17]:treatment",-17,-0.053170980649366435,0.05563921904375113,False,15935,341,family_B_target:age_pnad:age_18_24,estimated,-1
group_pretrend::B::age_pnad::age_18_24::n_movimentacoes,n_movimentacoes,ppml,"C(event_time, contr.treatment(base=-1))[-16]:treatment",-16,-0.053246178045499366,0.05811832514284426,False,15935,341,family_B_target:age_pnad:age_18_24,estimated,-1
group_pretrend::B::age_pnad::age_18_24::n_movimentacoes,n_movimentacoes,ppml,"C(event_time, contr.treatment(base=-1))[-15]:treatment",-15,-0.07022091687071162,0.04403771661736273,False,15935,341,family_B_target:age_pnad:age_18_24,estimated,-1
group_pretrend::B::age_pnad::age_18_24::n_movimentacoes,n_movimentacoes,ppml,"C(event_time, contr.treatment(base=-1))[-14]:treatment",-14,-0.039387711841509465,0.04356249843997376,False,15935,341,family_B_target:age_pnad:age_18_24,estimated,-1
group_pretrend::B::age_pnad::age_18_24::n_movimentacoes,n_movimentacoes,ppml,"C(event_time, contr.treatment(base=-1))[-13]:treatment",-13,0.019778006319275114,0.03093402514623477,False,15935,341,family_B_target:age_pnad:age_18_24,estimated,-1
group_pretrend::B::age_pnad::age_18_24::n_movimentacoes,n_movimentacoes,ppml,"C(event_time, contr.treatment(base=-1))[-12]:treatment",-12,0.06961108680857485,0.03613551922873088,False,15935,341,family_B_target:age_pnad:age_18_24,estimated,-1
group_pretrend::B::age_pnad::age_18_24::n_movimentacoes,n_movimentacoes,ppml,"C(event_time, contr.treatment(base=-1))[-11]:treatment",-11,-0.0006702195062421772,0.04507075199198074,False,15935,341,family_B_target:age_pnad:age_18_24,estimated,-1
group_pretrend::B::age_pnad::age_18_24::n_movimentacoes,n_movimentacoes,ppml,"C(event_time, contr.treatment(base=-1))[-10]:treatment",-10,-0.014969025390524344,0.051779070272980274,False,15935,341,family_B_target:age_pnad:age_18_24,estimated,-1
group_pretrend::B::age_pnad::age_18_24::n_movimentacoes,n_movimentacoes,ppml,"C(event_time, contr.treatment(base=-1))[-9]:treatment",-9,-0.037274841235294835,0.04689672554931055,False,15935,341,family_B_target:age_pnad:age_18_24,estimated,-1
group_pretrend::B::age_pnad::age_18_24::n_movimentacoes,n_movimentacoes,ppml,"C(event_time, contr.treatment(base=-1))[-8]:treatment",-8,-0.00486137850896119,0.05036720366695286,False,15935,341,family_B_target:age_pnad:age_18_24,estimated,-1
group_pretrend::B::age_pnad::age_18_24::n_movimentacoes,n_movimentacoes,ppml,"C(event_time, contr.treatment(base=-1))[-7]:treatment",-7,-0.03526540534477424,0.042278958410823984,False,15935,341,family_B_target:age_pnad:age_18_24,estimated,-1
group_pretrend::B::age_pnad::age_18_24::n_movimentacoes,n_movimentacoes,ppml,"C(event_time, contr.treatment(base=-1))[-6]:treatment",-6,-0.03768216784482534,0.04336215282169513,False,15935,341,family_B_target:age_pnad:age_18_24,estimated,-1
group_pretrend::B::age_pnad::age_18_24::n_movimentacoes,n_movimentacoes,ppml,"C(event_time, contr.treatment(base=-1))[-5]:treatment",-5,-0.040276789336585954,0.04193657273982119,False,15935,341,family_B_target:age_pnad:age_18_24,estimated,-1
group_pretrend::B::age_pnad::age_18_24::n_movimentacoes,n_movimentacoes,ppml,"C(event_time, contr.treatment(base=-1))[-4]:treatment",-4,-0.05141762383829538,0.04777131025156164,False,15935,341,family_B_target:age_pnad:age_18_24,estimated,-1
group_pretrend::B::age_pnad::age_18_24::n_movimentacoes,n_movimentacoes,ppml,"C(event_time, contr.treatment(base=-1))[-3]:treatment",-3,-0.035187743096133796,0.04109427775222642,False,15935,341,family_B_target:age_pnad:age_18_24,estimated,-1
group_pretrend::B::age_pnad::age_18_24::n_movimentacoes,n_movimentacoes,ppml,"C(event_time, contr.treatment(base=-1))[-2]:treatment",-2,-0.03455452622308361,0.026315517377921715,False,15935,341,family_B_target:age_pnad:age_18_24,estimated,-1
group_pretrend::B::age_pnad::age_18_24::n_movimentacoes,n_movimentacoes,ppml,reference_event_time,-1,0.0,0.0,True,15935,341,family_B_target:age_pnad:age_18_24,estimated,-1
group_pretrend::B::age_pnad::age_18_24::n_movimentacoes,n_movimentacoes,ppml,"C(event_time, contr.treatment(base=-1))[0]:treatment",0,0.009755683981843098,0.02645942620919911,False,15935,341,family_B_target:age_pnad:age_18_24,estimated,-1
group_pretrend::B::age_pnad::age_18_24::n_movimentacoes,n_movimentacoes,ppml,"C(event_time, contr.treatment(base=-1))[1]:treatment",1,-0.021839327613922873,0.03305016005825069,False,15935,341,family_B_target:age_pnad:age_18_24,estimated,-1
group_pretrend::B::age_pnad::age_18_24::n_movimentacoes,n_movimentacoes,ppml,"C(event_time, contr.treatment(base=-1))[2]:treatment",2,-0.05862460701523896,0.04252632325435595,False,15935,341,family_B_target:age_pnad:age_18_24,estimated,-1
group_pretrend::B::age_pnad::age_18_24::n_movimentacoes,n_movimentacoes,ppml,"C(event_time, contr.treatment(base=-1))[3]:treatment",3,-0.06470028154949674,0.03743477359794686,False,15935,341,family_B_target:age_pnad:age_18_24,estimated,-1
group_pretrend::B::age_pnad::age_18_24::n_movimentacoes,n_movimentacoes,ppml,"C(event_time, contr.treatment(base=-1))[4]:treatment",4,-0.05601113832058946,0.03331690419155565,False,15935,341,family_B_target:age_pnad:age_18_24,estimated,-1
group_pretrend::B::age_pnad::age_18_24::n_movimentacoes,n_movimentacoes,ppml,"C(event_time, contr.treatment(base=-1))[5]:treatment",5,-0.09098618960956885,0.03416673049657886,False,15935,341,family_B_target:age_pnad:age_18_24,estimated,-1
group_pretrend::B::age_pnad::age_18_24::n_movimentacoes,n_movimentacoes,ppml,"C(event_time, contr.treatment(base=-1))[6]:treatment",6,-0.06016436454591961,0.035716493105877455,False,15935,341,family_B_target:age_pnad:age_18_24,estimated,-1
group_pretrend::B::age_pnad::age_18_24::n_movimentacoes,n_movimentacoes,ppml,"C(event_time, contr.treatment(base=-1))[7]:treatment",7,-0.04898078493615306,0.034783887725543736,False,15935,341,family_B_target:age_pnad:age_18_24,estimated,-1
group_pretrend::B::age_pnad::age_18_24::n_movimentacoes,n_movimentacoes,ppml,"C(event_time, contr.treatment(base=-1))[8]:treatment",8,-0.06426822304849676,0.03658127406100777,False,15935,341,family_B_target:age_pnad:age_18_24,estimated,-1
group_pretrend::B::age_pnad::age_18_24::n_movimentacoes,n_movimentacoes,ppml,"C(event_time, contr.treatment(base=-1))[9]:treatment",9,-0.07170501255022667,0.029812171960741533,False,15935,341,family_B_target:age_pnad:age_18_24,estimated,-1
group_pretrend::B::age_pnad::age_18_24::n_movimentacoes,n_movimentacoes,ppml,"C(event_time, contr.treatment(base=-1))[10]:treatment",10,-0.06413589956895398,0.019363041789673737,False,15935,341,family_B_target:age_pnad:age_18_24,estimated,-1
group_pretrend::B::age_pnad::age_18_24::n_movimentacoes,n_movimentacoes,ppml,"C(event_time, contr.treatment(base=-1))[11]:treatment",11,-0.04200898724589342,0.01774196257403487,False,15935,341,family_B_target:age_pnad:age_18_24,estimated,-1
group_pretrend::B::age_pnad::age_18_24::n_movimentacoes,n_movimentacoes,ppml,"C(event_time, contr.treatment(base=-1))[12]:treatment",12,-0.003622652151010123,0.03604923837534347,False,15935,341,family_B_target:age_pnad:age_18_24,estimated,-1
group_pretrend::B::age_pnad::age_18_24::n_movimentacoes,n_movimentacoes,ppml,"C(event_time, contr.treatment(base=-1))[13]:treatment",13,-0.046100836199470925,0.03314821674354375,False,15935,341,family_B_target:age_pnad:age_18_24,estimated,-1
group_pretrend::B::age_pnad::age_18_24::n_movimentacoes,n_movimentacoes,ppml,"C(event_time, contr.treatment(base=-1))[14]:treatment",14,-0.07832814589218275,0.0407443427087279,False,15935,341,family_B_target:age_pnad:age_18_24,estimated,-1
group_pretrend::B::age_pnad::age_18_24::n_movimentacoes,n_movimentacoes,ppml,"C(event_time, contr.treatment(base=-1))[15]:treatment",15,-0.08247160364929808,0.03815091521414231,False,15935,341,family_B_target:age_pnad:age_18_24,estimated,-1
group_pretrend::B::age_pnad::age_18_24::n_movimentacoes,n_movimentacoes,ppml,"C(event_time, contr.treatment(base=-1))[16]:treatment",16,-0.09635695915833187,0.035613601515014,False,15935,341,family_B_target:age_pnad:age_18_24,estimated,-1
group_pretrend::B::age_pnad::age_18_24::n_movimentacoes,n_movimentacoes,ppml,"C(event_time, contr.treatment(base=-1))[17]:treatment",17,-0.09697447433287798,0.03030509956421505,False,15935,341,family_B_target:age_pnad:age_18_24,estimated,-1
group_pretrend::B::age_pnad::age_18_24::n_movimentacoes,n_movimentacoes,ppml,"C(event_time, contr.treatment(base=-1))[18]:treatment",18,-0.08275449982963932,0.03347558016942813,False,15935,341,family_B_target:age_pnad:age_18_24,estimated,-1
group_pretrend::B::age_pnad::age_18_24::n_movimentacoes,n_movimentacoes,ppml,"C(event_time, contr.treatment(base=-1))[19]:treatment",19,-0.08461514961638449,0.04133411658863539,False,15935,341,family_B_target:age_pnad:age_18_24,estimated,-1
group_pretrend::B::age_pnad::age_18_24::n_movimentacoes,n_movimentacoes,ppml,"C(event_time, contr.treatment(base=-1))[20]:treatment",20,-0.08099056068237699,0.04158063165704405,False,15935,341,family_B_target:age_pnad:age_18_24,estimated,-1
group_pretrend::B::age_pnad::age_18_24::n_movimentacoes,n_movimentacoes,ppml,"C(event_time, contr.treatment(base=-1))[21]:treatment",21,-0.07519762429450103,0.04458554823362919,False,15935,341,family_B_target:age_pnad:age_18_24,estimated,-1
group_pretrend::B::age_pnad::age_18_24::n_movimentacoes,n_movimentacoes,ppml,"C(event_time, contr.treatment(base=-1))[22]:treatment",22,-0.0769948436841459,0.03805720161259188,False,15935,341,family_B_target:age_pnad:age_18_24,estimated,-1
group_pretrend::B::age_pnad::age_18_24::n_movimentacoes,n_movimentacoes,ppml,"C(event_time, contr.treatment(base=-1))[23]:treatment",23,-0.052469658164137574,0.03258448301804758,False,15935,341,family_B_target:age_pnad:age_18_24,estimated,-1
group_pretrend::B::age_pnad::age_25_34::admissoes,admissoes,ppml,"C(event_time, contr.treatment(base=-1))[-23]:treatment",-23,-0.12944647781198704,0.08422234423567844,False,15935,341,family_B_target:age_pnad:age_25_34,estimated,-1
group_pretrend::B::age_pnad::age_25_34::admissoes,admissoes,ppml,"C(event_time, contr.treatment(base=-1))[-22]:treatment",-22,-0.18128729300201263,0.07444547694679302,False,15935,341,family_B_target:age_pnad:age_25_34,estimated,-1
group_pretrend::B::age_pnad::age_25_34::admissoes,admissoes,ppml,"C(event_time, contr.treatment(base=-1))[-21]:treatment",-21,-0.1665624553357563,0.07929269036020126,False,15935,341,family_B_target:age_pnad:age_25_34,estimated,-1
group_pretrend::B::age_pnad::age_25_34::admissoes,admissoes,ppml,"C(event_time, contr.treatment(base=-1))[-20]:treatment",-20,-0.10302042533595766,0.08828374120469012,False,15935,341,family_B_target:age_pnad:age_25_34,estimated,-1
group_pretrend::B::age_pnad::age_25_34::admissoes,admissoes,ppml,"C(event_time, contr.treatment(base=-1))[-19]:treatment",-19,-0.10742424947341318,0.0721987559828316,False,15935,341,family_B_target:age_pnad:age_25_34,estimated,-1
group_pretrend::B::age_pnad::age_25_34::admissoes,admissoes,ppml,"C(event_time, contr.treatment(base=-1))[-18]:treatment",-18,-0.07539146958072186,0.0653094426845961,False,15935,341,family_B_target:age_pnad:age_25_34,estimated,-1
group_pretrend::B::age_pnad::age_25_34::admissoes,admissoes,ppml,"C(event_time, contr.treatment(base=-1))[-17]:treatment",-17,-0.07391780899167853,0.0640759858698989,False,15935,341,family_B_target:age_pnad:age_25_34,estimated,-1
group_pretrend::B::age_pnad::age_25_34::admissoes,admissoes,ppml,"C(event_time, contr.treatment(base=-1))[-16]:treatment",-16,-0.07985469669427613,0.06552821496294522,False,15935,341,family_B_target:age_pnad:age_25_34,estimated,-1
group_pretrend::B::age_pnad::age_25_34::admissoes,admissoes,ppml,"C(event_time, contr.treatment(base=-1))[-15]:treatment",-15,-0.08899044153926683,0.06109440436946617,False,15935,341,family_B_target:age_pnad:age_25_34,estimated,-1
group_pretrend::B::age_pnad::age_25_34::admissoes,admissoes,ppml,"C(event_time, contr.treatment(base=-1))[-14]:treatment",-14,-0.03006270361978301,0.05462511011897627,False,15935,341,family_B_target:age_pnad:age_25_34,estimated,-1
group_pretrend::B::age_pnad::age_25_34::admissoes,admissoes,ppml,"C(event_time, contr.treatment(base=-1))[-13]:treatment",-13,0.05389945650212048,0.026964375995353927,False,15935,341,family_B_target:age_pnad:age_25_34,estimated,-1
group_pretrend::B::age_pnad::age_25_34::admissoes,admissoes,ppml,"C(event_time, contr.treatment(base=-1))[-12]:treatment",-12,0.11713196814607141,0.034681269199669025,False,15935,341,family_B_target:age_pnad:age_25_34,estimated,-1
group_pretrend::B::age_pnad::age_25_34::admissoes,admissoes,ppml,"C(event_time, contr.treatment(base=-1))[-11]:treatment",-11,-0.11263261288787466,0.07491596826539099,False,15935,341,family_B_target:age_pnad:age_25_34,estimated,-1
group_pretrend::B::age_pnad::age_25_34::admissoes,admissoes,ppml,"C(event_time, contr.treatment(base=-1))[-10]:treatment",-10,-0.12193660905741584,0.07387084161720342,False,15935,341,family_B_target:age_pnad:age_25_34,estimated,-1
group_pretrend::B::age_pnad::age_25_34::admissoes,admissoes,ppml,"C(event_time, contr.treatment(base=-1))[-9]:treatment",-9,-0.10262300609859883,0.06746743357594176,False,15935,341,family_B_target:age_pnad:age_25_34,estimated,-1
group_pretrend::B::age_pnad::age_25_34::admissoes,admissoes,ppml,"C(event_time, contr.treatment(base=-1))[-8]:treatment",-8,-0.05974826950195098,0.06643982571112766,False,15935,341,family_B_target:age_pnad:age_25_34,estimated,-1
group_pretrend::B::age_pnad::age_25_34::admissoes,admissoes,ppml,"C(event_time, contr.treatment(base=-1))[-7]:treatment",-7,-0.11849541827686759,0.057387824311999895,False,15935,341,family_B_target:age_pnad:age_25_34,estimated,-1
group_pretrend::B::age_pnad::age_25_34::admissoes,admissoes,ppml,"C(event_time, contr.treatment(base=-1))[-6]:treatment",-6,-0.11309942299369799,0.059190306944008904,False,15935,341,family_B_target:age_pnad:age_25_34,estimated,-1
group_pretrend::B::age_pnad::age_25_34::admissoes,admissoes,ppml,"C(event_time, contr.treatment(base=-1))[-5]:treatment",-5,-0.12416254445281151,0.057217160574603,False,15935,341,family_B_target:age_pnad:age_25_34,estimated,-1
group_pretrend::B::age_pnad::age_25_34::admissoes,admissoes,ppml,"C(event_time, contr.treatment(base=-1))[-4]:treatment",-4,-0.11845283994849712,0.06188999866597317,False,15935,341,family_B_target:age_pnad:age_25_34,estimated,-1
group_pretrend::B::age_pnad::age_25_34::admissoes,admissoes,ppml,"C(event_time, contr.treatment(base=-1))[-3]:treatment",-3,-0.0958975858241354,0.05296389933821417,False,15935,341,family_B_target:age_pnad:age_25_34,estimated,-1
group_pretrend::B::age_pnad::age_25_34::admissoes,admissoes,ppml,"C(event_time, contr.treatment(base=-1))[-2]:treatment",-2,-0.07923229969217926,0.03601776177026809,False,15935,341,family_B_target:age_pnad:age_25_34,estimated,-1
group_pretrend::B::age_pnad::age_25_34::admissoes,admissoes,ppml,reference_event_time,-1,0.0,0.0,True,15935,341,family_B_target:age_pnad:age_25_34,estimated,-1
group_pretrend::B::age_pnad::age_25_34::admissoes,admissoes,ppml,"C(event_time, contr.treatment(base=-1))[0]:treatment",0,0.006893853665688518,0.036484228566994646,False,15935,341,family_B_target:age_pnad:age_25_34,estimated,-1
group_pretrend::B::age_pnad::age_25_34::admissoes,admissoes,ppml,"C(event_time, contr.treatment(base=-1))[1]:treatment",1,-0.17828495695156732,0.061943362702950915,False,15935,341,family_B_target:age_pnad:age_25_34,estimated,-1
group_pretrend::B::age_pnad::age_25_34::admissoes,admissoes,ppml,"C(event_time, contr.treatment(base=-1))[2]:treatment",2,-0.2289718127278046,0.06030473337405439,False,15935,341,family_B_target:age_pnad:age_25_34,estimated,-1
group_pretrend::B::age_pnad::age_25_34::admissoes,admissoes,ppml,"C(event_time, contr.treatment(base=-1))[3]:treatment",3,-0.19763779591655406,0.04996783180350656,False,15935,341,family_B_target:age_pnad:age_25_34,estimated,-1
group_pretrend::B::age_pnad::age_25_34::admissoes,admissoes,ppml,"C(event_time, contr.treatment(base=-1))[4]:treatment",4,-0.15492122542930606,0.046337465090133284,False,15935,341,family_B_target:age_pnad:age_25_34,estimated,-1
group_pretrend::B::age_pnad::age_25_34::admissoes,admissoes,ppml,"C(event_time, contr.treatment(base=-1))[5]:treatment",5,-0.19878829776289025,0.046815229556586686,False,15935,341,family_B_target:age_pnad:age_25_34,estimated,-1
group_pretrend::B::age_pnad::age_25_34::admissoes,admissoes,ppml,"C(event_time, contr.treatment(base=-1))[6]:treatment",6,-0.16537717395632967,0.047093767384344884,False,15935,341,family_B_target:age_pnad:age_25_34,estimated,-1
group_pretrend::B::age_pnad::age_25_34::admissoes,admissoes,ppml,"C(event_time, contr.treatment(base=-1))[7]:treatment",7,-0.15732303567833075,0.04509535669811173,False,15935,341,family_B_target:age_pnad:age_25_34,estimated,-1
group_pretrend::B::age_pnad::age_25_34::admissoes,admissoes,ppml,"C(event_time, contr.treatment(base=-1))[8]:treatment",8,-0.16639179232953533,0.042456915550683344,False,15935,341,family_B_target:age_pnad:age_25_34,estimated,-1
group_pretrend::B::age_pnad::age_25_34::admissoes,admissoes,ppml,"C(event_time, contr.treatment(base=-1))[9]:treatment",9,-0.16787035282587603,0.03919641682753066,False,15935,341,family_B_target:age_pnad:age_25_34,estimated,-1
group_pretrend::B::age_pnad::age_25_34::admissoes,admissoes,ppml,"C(event_time, contr.treatment(base=-1))[10]:treatment",10,-0.12608049646171415,0.03454071369262476,False,15935,341,family_B_target:age_pnad:age_25_34,estimated,-1
group_pretrend::B::age_pnad::age_25_34::admissoes,admissoes,ppml,"C(event_time, contr.treatment(base=-1))[11]:treatment",11,-0.05076313958759717,0.01659354289336726,False,15935,341,family_B_target:age_pnad:age_25_34,estimated,-1
group_pretrend::B::age_pnad::age_25_34::admissoes,admissoes,ppml,"C(event_time, contr.treatment(base=-1))[12]:treatment",12,0.008953316339351234,0.035871403978007,False,15935,341,family_B_target:age_pnad:age_25_34,estimated,-1
group_pretrend::B::age_pnad::age_25_34::admissoes,admissoes,ppml,"C(event_time, contr.treatment(base=-1))[13]:treatment",13,-0.1935827308918892,0.05884382104568217,False,15935,341,family_B_target:age_pnad:age_25_34,estimated,-1
group_pretrend::B::age_pnad::age_25_34::admissoes,admissoes,ppml,"C(event_time, contr.treatment(base=-1))[14]:treatment",14,-0.23031672122600058,0.051536926429194795,False,15935,341,family_B_target:age_pnad:age_25_34,estimated,-1
group_pretrend::B::age_pnad::age_25_34::admissoes,admissoes,ppml,"C(event_time, contr.treatment(base=-1))[15]:treatment",15,-0.16832809187507758,0.04457190005842942,False,15935,341,family_B_target:age_pnad:age_25_34,estimated,-1
group_pretrend::B::age_pnad::age_25_34::admissoes,admissoes,ppml,"C(event_time, contr.treatment(base=-1))[16]:treatment",16,-0.17408945733824174,0.04782013791100641,False,15935,341,family_B_target:age_pnad:age_25_34,estimated,-1
group_pretrend::B::age_pnad::age_25_34::admissoes,admissoes,ppml,"C(event_time, contr.treatment(base=-1))[17]:treatment",17,-0.1841228046282549,0.04189955301660821,False,15935,341,family_B_target:age_pnad:age_25_34,estimated,-1
group_pretrend::B::age_pnad::age_25_34::admissoes,admissoes,ppml,"C(event_time, contr.treatment(base=-1))[18]:treatment",18,-0.1902056321405963,0.04228576612433873,False,15935,341,family_B_target:age_pnad:age_25_34,estimated,-1
group_pretrend::B::age_pnad::age_25_34::admissoes,admissoes,ppml,"C(event_time, contr.treatment(base=-1))[19]:treatment",19,-0.16688144526244555,0.04804369656180743,False,15935,341,family_B_target:age_pnad:age_25_34,estimated,-1
group_pretrend::B::age_pnad::age_25_34::admissoes,admissoes,ppml,"C(event_time, contr.treatment(base=-1))[20]:treatment",20,-0.1721771774615399,0.04454529968863628,False,15935,341,family_B_target:age_pnad:age_25_34,estimated,-1
group_pretrend::B::age_pnad::age_25_34::admissoes,admissoes,ppml,"C(event_time, contr.treatment(base=-1))[21]:treatment",21,-0.13995901980536005,0.04939458486524811,False,15935,341,family_B_target:age_pnad:age_25_34,estimated,-1
group_pretrend::B::age_pnad::age_25_34::admissoes,admissoes,ppml,"C(event_time, contr.treatment(base=-1))[22]:treatment",22,-0.14650856797201575,0.03721954663341528,False,15935,341,family_B_target:age_pnad:age_25_34,estimated,-1
group_pretrend::B::age_pnad::age_25_34::admissoes,admissoes,ppml,"C(event_time, contr.treatment(base=-1))[23]:treatment",23,-0.05383488758732312,0.02775907311753254,False,15935,341,family_B_target:age_pnad:age_25_34,estimated,-1
group_pretrend::B::age_pnad::age_25_34::asinh_saldo,asinh_saldo,ols,"C(event_time, contr.treatment(base=-1))[-23]:treatment",-23,-2.4582455282732516,0.7891025607129307,False,15935,341,family_B_target:age_pnad:age_25_34,estimated,-1
group_pretrend::B::age_pnad::age_25_34::asinh_saldo,asinh_saldo,ols,"C(event_time, contr.treatment(base=-1))[-22]:treatment",-22,-2.8290019170189096,0.7756188663999777,False,15935,341,family_B_target:age_pnad:age_25_34,estimated,-1
group_pretrend::B::age_pnad::age_25_34::asinh_saldo,asinh_saldo,ols,"C(event_time, contr.treatment(base=-1))[-21]:treatment",-21,-3.0065811994987817,0.7913458206067411,False,15935,341,family_B_target:age_pnad:age_25_34,estimated,-1
group_pretrend::B::age_pnad::age_25_34::asinh_saldo,asinh_saldo,ols,"C(event_time, contr.treatment(base=-1))[-20]:treatment",-20,-2.238569673972588,0.8186051431172591,False,15935,341,family_B_target:age_pnad:age_25_34,estimated,-1
group_pretrend::B::age_pnad::age_25_34::asinh_saldo,asinh_saldo,ols,"C(event_time, contr.treatment(base=-1))[-19]:treatment",-19,-1.8737021809671304,0.6586809675992642,False,15935,341,family_B_target:age_pnad:age_25_34,estimated,-1
group_pretrend::B::age_pnad::age_25_34::asinh_saldo,asinh_saldo,ols,"C(event_time, contr.treatment(base=-1))[-18]:treatment",-18,-1.7673006751830902,0.6706924070670708,False,15935,341,family_B_target:age_pnad:age_25_34,estimated,-1
group_pretrend::B::age_pnad::age_25_34::asinh_saldo,asinh_saldo,ols,"C(event_time, contr.treatment(base=-1))[-17]:treatment",-17,-1.763335402179507,0.6900277161311741,False,15935,341,family_B_target:age_pnad:age_25_34,estimated,-1
group_pretrend::B::age_pnad::age_25_34::asinh_saldo,asinh_saldo,ols,"C(event_time, contr.treatment(base=-1))[-16]:treatment",-16,-1.7026424499578123,0.6683599712181962,False,15935,341,family_B_target:age_pnad:age_25_34,estimated,-1
group_pretrend::B::age_pnad::age_25_34::asinh_saldo,asinh_saldo,ols,"C(event_time, contr.treatment(base=-1))[-15]:treatment",-15,-2.1080054674822786,0.6713697789903412,False,15935,341,family_B_target:age_pnad:age_25_34,estimated,-1
group_pretrend::B::age_pnad::age_25_34::asinh_saldo,asinh_saldo,ols,"C(event_time, contr.treatment(base=-1))[-14]:treatment",-14,-1.365504119276338,0.6372628170432875,False,15935,341,family_B_target:age_pnad:age_25_34,estimated,-1
group_pretrend::B::age_pnad::age_25_34::asinh_saldo,asinh_saldo,ols,"C(event_time, contr.treatment(base=-1))[-13]:treatment",-13,0.7711617538116725,0.6076796221423204,False,15935,341,family_B_target:age_pnad:age_25_34,estimated,-1
group_pretrend::B::age_pnad::age_25_34::asinh_saldo,asinh_saldo,ols,"C(event_time, contr.treatment(base=-1))[-12]:treatment",-12,-1.6248220410678138,0.6396138058964325,False,15935,341,family_B_target:age_pnad:age_25_34,estimated,-1
group_pretrend::B::age_pnad::age_25_34::asinh_saldo,asinh_saldo,ols,"C(event_time, contr.treatment(base=-1))[-11]:treatment",-11,-2.944132264846167,0.785892672657814,False,15935,341,family_B_target:age_pnad:age_25_34,estimated,-1
group_pretrend::B::age_pnad::age_25_34::asinh_saldo,asinh_saldo,ols,"C(event_time, contr.treatment(base=-1))[-10]:treatment",-10,-2.6625120138574885,0.711931280943631,False,15935,341,family_B_target:age_pnad:age_25_34,estimated,-1
group_pretrend::B::age_pnad::age_25_34::asinh_saldo,asinh_saldo,ols,"C(event_time, contr.treatment(base=-1))[-9]:treatment",-9,-1.982960436727331,0.6778222092767904,False,15935,341,family_B_target:age_pnad:age_25_34,estimated,-1
group_pretrend::B::age_pnad::age_25_34::asinh_saldo,asinh_saldo,ols,"C(event_time, contr.treatment(base=-1))[-8]:treatment",-8,-2.162701235734993,0.6437166812538258,False,15935,341,family_B_target:age_pnad:age_25_34,estimated,-1
group_pretrend::B::age_pnad::age_25_34::asinh_saldo,asinh_saldo,ols,"C(event_time, contr.treatment(base=-1))[-7]:treatment",-7,-2.7909608338987573,0.6768934904556266,False,15935,341,family_B_target:age_pnad:age_25_34,estimated,-1
group_pretrend::B::age_pnad::age_25_34::asinh_saldo,asinh_saldo,ols,"C(event_time, contr.treatment(base=-1))[-6]:treatment",-6,-2.9959031931848337,0.6783012431301874,False,15935,341,family_B_target:age_pnad:age_25_34,estimated,-1
group_pretrend::B::age_pnad::age_25_34::asinh_saldo,asinh_saldo,ols,"C(event_time, contr.treatment(base=-1))[-5]:treatment",-5,-3.363674398910842,0.6640723568446728,False,15935,341,family_B_target:age_pnad:age_25_34,estimated,-1
group_pretrend::B::age_pnad::age_25_34::asinh_saldo,asinh_saldo,ols,"C(event_time, contr.treatment(base=-1))[-4]:treatment",-4,-2.6743796432868856,0.6732860551117777,False,15935,341,family_B_target:age_pnad:age_25_34,estimated,-1
group_pretrend::B::age_pnad::age_25_34::asinh_saldo,asinh_saldo,ols,"C(event_time, contr.treatment(base=-1))[-3]:treatment",-3,-2.2918383898790764,0.6789718245081636,False,15935,341,family_B_target:age_pnad:age_25_34,estimated,-1
group_pretrend::B::age_pnad::age_25_34::asinh_saldo,asinh_saldo,ols,"C(event_time, contr.treatment(base=-1))[-2]:treatment",-2,-1.666312849452706,0.5248438424171951,False,15935,341,family_B_target:age_pnad:age_25_34,estimated,-1
group_pretrend::B::age_pnad::age_25_34::asinh_saldo,asinh_saldo,ols,reference_event_time,-1,0.0,0.0,True,15935,341,family_B_target:age_pnad:age_25_34,estimated,-1
group_pretrend::B::age_pnad::age_25_34::asinh_saldo,asinh_saldo,ols,"C(event_time, contr.treatment(base=-1))[0]:treatment",0,-2.4268691896302212,0.6600174370439515,False,15935,341,family_B_target:age_pnad:age_25_34,estimated,-1
group_pretrend::B::age_pnad::age_25_34::asinh_saldo,asinh_saldo,ols,"C(event_time, contr.treatment(base=-1))[1]:treatment",1,-2.5805003698376825,0.6850574221568504,False,15935,341,family_B_target:age_pnad:age_25_34,estimated,-1
group_pretrend::B::age_pnad::age_25_34::asinh_saldo,asinh_saldo,ols,"C(event_time, contr.treatment(base=-1))[2]:treatment",2,-4.411010154153642,0.7022068406178188,False,15935,341,family_B_target:age_pnad:age_25_34,estimated,-1
group_pretrend::B::age_pnad::age_25_34::asinh_saldo,asinh_saldo,ols,"C(event_time, contr.treatment(base=-1))[3]:treatment",3,-4.0376027196383575,0.7847363339262194,False,15935,341,family_B_target:age_pnad:age_25_34,estimated,-1
group_pretrend::B::age_pnad::age_25_34::asinh_saldo,asinh_saldo,ols,"C(event_time, contr.treatment(base=-1))[4]:treatment",4,-2.515045169251867,0.798536817612923,False,15935,341,family_B_target:age_pnad:age_25_34,estimated,-1
group_pretrend::B::age_pnad::age_25_34::asinh_saldo,asinh_saldo,ols,"C(event_time, contr.treatment(base=-1))[5]:treatment",5,-3.316031894982169,0.7321765078690654,False,15935,341,family_B_target:age_pnad:age_25_34,estimated,-1
group_pretrend::B::age_pnad::age_25_34::asinh_saldo,asinh_saldo,ols,"C(event_time, contr.treatment(base=-1))[6]:treatment",6,-2.4845519932335316,0.8279470677878107,False,15935,341,family_B_target:age_pnad:age_25_34,estimated,-1
group_pretrend::B::age_pnad::age_25_34::asinh_saldo,asinh_saldo,ols,"C(event_time, contr.treatment(base=-1))[7]:treatment",7,-2.835754889110021,0.8212911498342412,False,15935,341,family_B_target:age_pnad:age_25_34,estimated,-1
group_pretrend::B::age_pnad::age_25_34::asinh_saldo,asinh_saldo,ols,"C(event_time, contr.treatment(base=-1))[8]:treatment",8,-2.5456592797931314,0.8242126112125138,False,15935,341,family_B_target:age_pnad:age_25_34,estimated,-1
group_pretrend::B::age_pnad::age_25_34::asinh_saldo,asinh_saldo,ols,"C(event_time, contr.treatment(base=-1))[9]:treatment",9,-3.0101438129506217,0.8047081311512847,False,15935,341,family_B_target:age_pnad:age_25_34,estimated,-1
group_pretrend::B::age_pnad::age_25_34::asinh_saldo,asinh_saldo,ols,"C(event_time, contr.treatment(base=-1))[10]:treatment",10,-1.7611917451260428,0.7302371106416712,False,15935,341,family_B_target:age_pnad:age_25_34,estimated,-1
group_pretrend::B::age_pnad::age_25_34::asinh_saldo,asinh_saldo,ols,"C(event_time, contr.treatment(base=-1))[11]:treatment",11,-1.0150302813486,0.7542876116854691,False,15935,341,family_B_target:age_pnad:age_25_34,estimated,-1
group_pretrend::B::age_pnad::age_25_34::asinh_saldo,asinh_saldo,ols,"C(event_time, contr.treatment(base=-1))[12]:treatment",12,-1.8196421858727707,0.7447920579855101,False,15935,341,family_B_target:age_pnad:age_25_34,estimated,-1
group_pretrend::B::age_pnad::age_25_34::asinh_saldo,asinh_saldo,ols,"C(event_time, contr.treatment(base=-1))[13]:treatment",13,-2.4639975638417706,0.803600752251603,False,15935,341,family_B_target:age_pnad:age_25_34,estimated,-1
group_pretrend::B::age_pnad::age_25_34::asinh_saldo,asinh_saldo,ols,"C(event_time, contr.treatment(base=-1))[14]:treatment",14,-4.124679277318169,0.7676950905344684,False,15935,341,family_B_target:age_pnad:age_25_34,estimated,-1
group_pretrend::B::age_pnad::age_25_34::asinh_saldo,asinh_saldo,ols,"C(event_time, contr.treatment(base=-1))[15]:treatment",15,-2.8991135431915676,0.7735297724300603,False,15935,341,family_B_target:age_pnad:age_25_34,estimated,-1
group_pretrend::B::age_pnad::age_25_34::asinh_saldo,asinh_saldo,ols,"C(event_time, contr.treatment(base=-1))[16]:treatment",16,-1.7487623067758609,0.8261656779882505,False,15935,341,family_B_target:age_pnad:age_25_34,estimated,-1
group_pretrend::B::age_pnad::age_25_34::asinh_saldo,asinh_saldo,ols,"C(event_time, contr.treatment(base=-1))[17]:treatment",17,-2.6331767723032113,0.7541946344625787,False,15935,341,family_B_target:age_pnad:age_25_34,estimated,-1
group_pretrend::B::age_pnad::age_25_34::asinh_saldo,asinh_saldo,ols,"C(event_time, contr.treatment(base=-1))[18]:treatment",18,-3.2631801420703384,0.7325852302972325,False,15935,341,family_B_target:age_pnad:age_25_34,estimated,-1
group_pretrend::B::age_pnad::age_25_34::asinh_saldo,asinh_saldo,ols,"C(event_time, contr.treatment(base=-1))[19]:treatment",19,-2.709145370377812,0.7438237787930708,False,15935,341,family_B_target:age_pnad:age_25_34,estimated,-1
group_pretrend::B::age_pnad::age_25_34::asinh_saldo,asinh_saldo,ols,"C(event_time, contr.treatment(base=-1))[20]:treatment",20,-2.9848723260507297,0.7678481084349246,False,15935,341,family_B_target:age_pnad:age_25_34,estimated,-1
group_pretrend::B::age_pnad::age_25_34::asinh_saldo,asinh_saldo,ols,"C(event_time, contr.treatment(base=-1))[21]:treatment",21,-1.8020902212840302,0.7777472421309779,False,15935,341,family_B_target:age_pnad:age_25_34,estimated,-1
group_pretrend::B::age_pnad::age_25_34::asinh_saldo,asinh_saldo,ols,"C(event_time, contr.treatment(base=-1))[22]:treatment",22,-1.8997587064338772,0.6487064193601875,False,15935,341,family_B_target:age_pnad:age_25_34,estimated,-1
group_pretrend::B::age_pnad::age_25_34::asinh_saldo,asinh_saldo,ols,"C(event_time, contr.treatment(base=-1))[23]:treatment",23,-0.4414340145101796,0.7695738546027493,False,15935,341,family_B_target:age_pnad:age_25_34,estimated,-1
group_pretrend::B::age_pnad::age_25_34::desligamentos,desligamentos,ppml,"C(event_time, contr.treatment(base=-1))[-23]:treatment",-23,0.11167796422086848,0.04948290044339096,False,15935,341,family_B_target:age_pnad:age_25_34,estimated,-1
group_pretrend::B::age_pnad::age_25_34::desligamentos,desligamentos,ppml,"C(event_time, contr.treatment(base=-1))[-22]:treatment",-22,0.06122965659826218,0.04072068141255818,False,15935,341,family_B_target:age_pnad:age_25_34,estimated,-1
group_pretrend::B::age_pnad::age_25_34::desligamentos,desligamentos,ppml,"C(event_time, contr.treatment(base=-1))[-21]:treatment",-21,0.008346714763935018,0.039349234977126724,False,15935,341,family_B_target:age_pnad:age_25_34,estimated,-1
group_pretrend::B::age_pnad::age_25_34::desligamentos,desligamentos,ppml,"C(event_time, contr.treatment(base=-1))[-20]:treatment",-20,0.021774930995406134,0.04545522126109817,False,15935,341,family_B_target:age_pnad:age_25_34,estimated,-1
group_pretrend::B::age_pnad::age_25_34::desligamentos,desligamentos,ppml,"C(event_time, contr.treatment(base=-1))[-19]:treatment",-19,0.03585616049288814,0.044862147465244806,False,15935,341,family_B_target:age_pnad:age_25_34,estimated,-1
group_pretrend::B::age_pnad::age_25_34::desligamentos,desligamentos,ppml,"C(event_time, contr.treatment(base=-1))[-18]:treatment",-18,0.07467990820794823,0.043996563143942485,False,15935,341,family_B_target:age_pnad:age_25_34,estimated,-1
group_pretrend::B::age_pnad::age_25_34::desligamentos,desligamentos,ppml,"C(event_time, contr.treatment(base=-1))[-17]:treatment",-17,0.08529322337720315,0.04264366059395671,False,15935,341,family_B_target:age_pnad:age_25_34,estimated,-1
group_pretrend::B::age_pnad::age_25_34::desligamentos,desligamentos,ppml,"C(event_time, contr.treatment(base=-1))[-16]:treatment",-16,0.06633083173436928,0.03842939266745969,False,15935,341,family_B_target:age_pnad:age_25_34,estimated,-1
group_pretrend::B::age_pnad::age_25_34::desligamentos,desligamentos,ppml,"C(event_time, contr.treatment(base=-1))[-15]:treatment",-15,0.09103820368514641,0.035128893263418844,False,15935,341,family_B_target:age_pnad:age_25_34,estimated,-1
group_pretrend::B::age_pnad::age_25_34::desligamentos,desligamentos,ppml,"C(event_time, contr.treatment(base=-1))[-14]:treatment",-14,0.06462763339896467,0.031156394639765706,False,15935,341,family_B_target:age_pnad:age_25_34,estimated,-1
group_pretrend::B::age_pnad::age_25_34::desligamentos,desligamentos,ppml,"C(event_time, contr.treatment(base=-1))[-13]:treatment",-13,0.024768635228590966,0.02679635331374066,False,15935,341,family_B_target:age_pnad:age_25_34,estimated,-1
group_pretrend::B::age_pnad::age_25_34::desligamentos,desligamentos,ppml,"C(event_time, contr.treatment(base=-1))[-12]:treatment",-12,0.046718186993368896,0.039671722460812256,False,15935,341,family_B_target:age_pnad:age_25_34,estimated,-1
group_pretrend::B::age_pnad::age_25_34::desligamentos,desligamentos,ppml,"C(event_time, contr.treatment(base=-1))[-11]:treatment",-11,0.14632919933213692,0.041175312288983426,False,15935,341,family_B_target:age_pnad:age_25_34,estimated,-1
group_pretrend::B::age_pnad::age_25_34::desligamentos,desligamentos,ppml,"C(event_time, contr.treatment(base=-1))[-10]:treatment",-10,0.1092073724744588,0.030530812805736492,False,15935,341,family_B_target:age_pnad:age_25_34,estimated,-1
group_pretrend::B::age_pnad::age_25_34::desligamentos,desligamentos,ppml,"C(event_time, contr.treatment(base=-1))[-9]:treatment",-9,0.06652135502674561,0.03220571709860144,False,15935,341,family_B_target:age_pnad:age_25_34,estimated,-1
group_pretrend::B::age_pnad::age_25_34::desligamentos,desligamentos,ppml,"C(event_time, contr.treatment(base=-1))[-8]:treatment",-8,0.08868477259986986,0.03419840985477685,False,15935,341,family_B_target:age_pnad:age_25_34,estimated,-1
group_pretrend::B::age_pnad::age_25_34::desligamentos,desligamentos,ppml,"C(event_time, contr.treatment(base=-1))[-7]:treatment",-7,0.09326847339063318,0.02788529822486768,False,15935,341,family_B_target:age_pnad:age_25_34,estimated,-1
group_pretrend::B::age_pnad::age_25_34::desligamentos,desligamentos,ppml,"C(event_time, contr.treatment(base=-1))[-6]:treatment",-6,0.08782334125331462,0.026444062175741932,False,15935,341,family_B_target:age_pnad:age_25_34,estimated,-1
group_pretrend::B::age_pnad::age_25_34::desligamentos,desligamentos,ppml,"C(event_time, contr.treatment(base=-1))[-5]:treatment",-5,0.10263677919807221,0.026344462159823803,False,15935,341,family_B_target:age_pnad:age_25_34,estimated,-1
group_pretrend::B::age_pnad::age_25_34::desligamentos,desligamentos,ppml,"C(event_time, contr.treatment(base=-1))[-4]:treatment",-4,0.07749165677259404,0.02683271423155588,False,15935,341,family_B_target:age_pnad:age_25_34,estimated,-1
group_pretrend::B::age_pnad::age_25_34::desligamentos,desligamentos,ppml,"C(event_time, contr.treatment(base=-1))[-3]:treatment",-3,0.07908220504395111,0.02220562988227222,False,15935,341,family_B_target:age_pnad:age_25_34,estimated,-1
group_pretrend::B::age_pnad::age_25_34::desligamentos,desligamentos,ppml,"C(event_time, contr.treatment(base=-1))[-2]:treatment",-2,0.04564960109354106,0.014404557359821631,False,15935,341,family_B_target:age_pnad:age_25_34,estimated,-1
group_pretrend::B::age_pnad::age_25_34::desligamentos,desligamentos,ppml,reference_event_time,-1,0.0,0.0,True,15935,341,family_B_target:age_pnad:age_25_34,estimated,-1
group_pretrend::B::age_pnad::age_25_34::desligamentos,desligamentos,ppml,"C(event_time, contr.treatment(base=-1))[0]:treatment",0,-0.056461500780352045,0.03594402109156007,False,15935,341,family_B_target:age_pnad:age_25_34,estimated,-1
group_pretrend::B::age_pnad::age_25_34::desligamentos,desligamentos,ppml,"C(event_time, contr.treatment(base=-1))[1]:treatment",1,0.08184032189149573,0.032590404315330876,False,15935,341,family_B_target:age_pnad:age_25_34,estimated,-1
group_pretrend::B::age_pnad::age_25_34::desligamentos,desligamentos,ppml,"C(event_time, contr.treatment(base=-1))[2]:treatment",2,0.052999081767932936,0.028209935303748015,False,15935,341,family_B_target:age_pnad:age_25_34,estimated,-1
group_pretrend::B::age_pnad::age_25_34::desligamentos,desligamentos,ppml,"C(event_time, contr.treatment(base=-1))[3]:treatment",3,0.012411782204927292,0.0409286417555545,False,15935,341,family_B_target:age_pnad:age_25_34,estimated,-1
group_pretrend::B::age_pnad::age_25_34::desligamentos,desligamentos,ppml,"C(event_time, contr.treatment(base=-1))[4]:treatment",4,0.019428220434731316,0.044112926217718514,False,15935,341,family_B_target:age_pnad:age_25_34,estimated,-1
group_pretrend::B::age_pnad::age_25_34::desligamentos,desligamentos,ppml,"C(event_time, contr.treatment(base=-1))[5]:treatment",5,-0.0018890783046725626,0.042801068299677225,False,15935,341,family_B_target:age_pnad:age_25_34,estimated,-1
group_pretrend::B::age_pnad::age_25_34::desligamentos,desligamentos,ppml,"C(event_time, contr.treatment(base=-1))[6]:treatment",6,0.03252189702282786,0.03970371089106621,False,15935,341,family_B_target:age_pnad:age_25_34,estimated,-1
group_pretrend::B::age_pnad::age_25_34::desligamentos,desligamentos,ppml,"C(event_time, contr.treatment(base=-1))[7]:treatment",7,0.03572159535095046,0.03751017080442877,False,15935,341,family_B_target:age_pnad:age_25_34,estimated,-1
group_pretrend::B::age_pnad::age_25_34::desligamentos,desligamentos,ppml,"C(event_time, contr.treatment(base=-1))[8]:treatment",8,0.024100306079473256,0.0366001277432139,False,15935,341,family_B_target:age_pnad:age_25_34,estimated,-1
group_pretrend::B::age_pnad::age_25_34::desligamentos,desligamentos,ppml,"C(event_time, contr.treatment(base=-1))[9]:treatment",9,0.027624874008792127,0.04187674951451347,False,15935,341,family_B_target:age_pnad:age_25_34,estimated,-1
group_pretrend::B::age_pnad::age_25_34::desligamentos,desligamentos,ppml,"C(event_time, contr.treatment(base=-1))[10]:treatment",10,0.013722185107858364,0.04025623401228214,False,15935,341,family_B_target:age_pnad:age_25_34,estimated,-1
group_pretrend::B::age_pnad::age_25_34::desligamentos,desligamentos,ppml,"C(event_time, contr.treatment(base=-1))[11]:treatment",11,-0.04341141131029255,0.03770855177057325,False,15935,341,family_B_target:age_pnad:age_25_34,estimated,-1
group_pretrend::B::age_pnad::age_25_34::desligamentos,desligamentos,ppml,"C(event_time, contr.treatment(base=-1))[12]:treatment",12,-0.08374909922016764,0.052756822664154275,False,15935,341,family_B_target:age_pnad:age_25_34,estimated,-1
group_pretrend::B::age_pnad::age_25_34::desligamentos,desligamentos,ppml,"C(event_time, contr.treatment(base=-1))[13]:treatment",13,0.0551641900795529,0.048108479548713404,False,15935,341,family_B_target:age_pnad:age_25_34,estimated,-1
group_pretrend::B::age_pnad::age_25_34::desligamentos,desligamentos,ppml,"C(event_time, contr.treatment(base=-1))[14]:treatment",14,0.023447813138096674,0.043132556694938345,False,15935,341,family_B_target:age_pnad:age_25_34,estimated,-1
group_pretrend::B::age_pnad::age_25_34::desligamentos,desligamentos,ppml,"C(event_time, contr.treatment(base=-1))[15]:treatment",15,-0.000266837427959203,0.04180921674706123,False,15935,341,family_B_target:age_pnad:age_25_34,estimated,-1
group_pretrend::B::age_pnad::age_25_34::desligamentos,desligamentos,ppml,"C(event_time, contr.treatment(base=-1))[16]:treatment",16,-0.004126884992301806,0.039873371139666366,False,15935,341,family_B_target:age_pnad:age_25_34,estimated,-1
group_pretrend::B::age_pnad::age_25_34::desligamentos,desligamentos,ppml,"C(event_time, contr.treatment(base=-1))[17]:treatment",17,0.005165279033171417,0.04007643321001848,False,15935,341,family_B_target:age_pnad:age_25_34,estimated,-1
group_pretrend::B::age_pnad::age_25_34::desligamentos,desligamentos,ppml,"C(event_time, contr.treatment(base=-1))[18]:treatment",18,0.016628826543833408,0.04145376616262113,False,15935,341,family_B_target:age_pnad:age_25_34,estimated,-1
group_pretrend::B::age_pnad::age_25_34::desligamentos,desligamentos,ppml,"C(event_time, contr.treatment(base=-1))[19]:treatment",19,0.028662992705768532,0.03839091371358255,False,15935,341,family_B_target:age_pnad:age_25_34,estimated,-1
group_pretrend::B::age_pnad::age_25_34::desligamentos,desligamentos,ppml,"C(event_time, contr.treatment(base=-1))[20]:treatment",20,0.002037664092998241,0.04400237016168332,False,15935,341,family_B_target:age_pnad:age_25_34,estimated,-1
group_pretrend::B::age_pnad::age_25_34::desligamentos,desligamentos,ppml,"C(event_time, contr.treatment(base=-1))[21]:treatment",21,0.002769069932975011,0.0461574498669582,False,15935,341,family_B_target:age_pnad:age_25_34,estimated,-1
group_pretrend::B::age_pnad::age_25_34::desligamentos,desligamentos,ppml,"C(event_time, contr.treatment(base=-1))[22]:treatment",22,0.01653160275477588,0.03382338460080757,False,15935,341,family_B_target:age_pnad:age_25_34,estimated,-1
group_pretrend::B::age_pnad::age_25_34::desligamentos,desligamentos,ppml,"C(event_time, contr.treatment(base=-1))[23]:treatment",23,-0.054860081809917687,0.04286472405873999,False,15935,341,family_B_target:age_pnad:age_25_34,estimated,-1
group_pretrend::B::age_pnad::age_25_34::ln_salario_real_adm,ln_salario_real_adm,ols,"C(event_time, contr.treatment(base=-1))[-23]:treatment",-23,-0.009781593881901501,0.020584887998874094,False,15828,341,family_B_target:age_pnad:age_25_34,estimated,-1
group_pretrend::B::age_pnad::age_25_34::ln_salario_real_adm,ln_salario_real_adm,ols,"C(event_time, contr.treatment(base=-1))[-22]:treatment",-22,0.009340909192620449,0.03459831272535218,False,15828,341,family_B_target:age_pnad:age_25_34,estimated,-1
group_pretrend::B::age_pnad::age_25_34::ln_salario_real_adm,ln_salario_real_adm,ols,"C(event_time, contr.treatment(base=-1))[-21]:treatment",-21,0.03185999912891161,0.018128845600875534,False,15828,341,family_B_target:age_pnad:age_25_34,estimated,-1
group_pretrend::B::age_pnad::age_25_34::ln_salario_real_adm,ln_salario_real_adm,ols,"C(event_time, contr.treatment(base=-1))[-20]:treatment",-20,0.03265542183366332,0.022807429512299145,False,15828,341,family_B_target:age_pnad:age_25_34,estimated,-1
group_pretrend::B::age_pnad::age_25_34::ln_salario_real_adm,ln_salario_real_adm,ols,"C(event_time, contr.treatment(base=-1))[-19]:treatment",-19,0.08304767778380849,0.04217564868285271,False,15828,341,family_B_target:age_pnad:age_25_34,estimated,-1
group_pretrend::B::age_pnad::age_25_34::ln_salario_real_adm,ln_salario_real_adm,ols,"C(event_time, contr.treatment(base=-1))[-18]:treatment",-18,0.05741667241411003,0.02291103500149445,False,15828,341,family_B_target:age_pnad:age_25_34,estimated,-1
group_pretrend::B::age_pnad::age_25_34::ln_salario_real_adm,ln_salario_real_adm,ols,"C(event_time, contr.treatment(base=-1))[-17]:treatment",-17,0.036972706744026466,0.024223266104305564,False,15828,341,family_B_target:age_pnad:age_25_34,estimated,-1
group_pretrend::B::age_pnad::age_25_34::ln_salario_real_adm,ln_salario_real_adm,ols,"C(event_time, contr.treatment(base=-1))[-16]:treatment",-16,0.022129995547712656,0.023750930107091225,False,15828,341,family_B_target:age_pnad:age_25_34,estimated,-1
group_pretrend::B::age_pnad::age_25_34::ln_salario_real_adm,ln_salario_real_adm,ols,"C(event_time, contr.treatment(base=-1))[-15]:treatment",-15,0.04534584593254,0.02157545221039125,False,15828,341,family_B_target:age_pnad:age_25_34,estimated,-1
group_pretrend::B::age_pnad::age_25_34::ln_salario_real_adm,ln_salario_real_adm,ols,"C(event_time, contr.treatment(base=-1))[-14]:treatment",-14,0.026116404093913262,0.01631034466731829,False,15828,341,family_B_target:age_pnad:age_25_34,estimated,-1
group_pretrend::B::age_pnad::age_25_34::ln_salario_real_adm,ln_salario_real_adm,ols,"C(event_time, contr.treatment(base=-1))[-13]:treatment",-13,0.010363337665107563,0.018999474860642417,False,15828,341,family_B_target:age_pnad:age_25_34,estimated,-1
group_pretrend::B::age_pnad::age_25_34::ln_salario_real_adm,ln_salario_real_adm,ols,"C(event_time, contr.treatment(base=-1))[-12]:treatment",-12,0.04870282634863787,0.020700770800216692,False,15828,341,family_B_target:age_pnad:age_25_34,estimated,-1
group_pretrend::B::age_pnad::age_25_34::ln_salario_real_adm,ln_salario_real_adm,ols,"C(event_time, contr.treatment(base=-1))[-11]:treatment",-11,0.03640916061596108,0.02147699185609598,False,15828,341,family_B_target:age_pnad:age_25_34,estimated,-1
group_pretrend::B::age_pnad::age_25_34::ln_salario_real_adm,ln_salario_real_adm,ols,"C(event_time, contr.treatment(base=-1))[-10]:treatment",-10,-0.005892121427695359,0.021101333025023337,False,15828,341,family_B_target:age_pnad:age_25_34,estimated,-1
group_pretrend::B::age_pnad::age_25_34::ln_salario_real_adm,ln_salario_real_adm,ols,"C(event_time, contr.treatment(base=-1))[-9]:treatment",-9,0.01900596876984879,0.018237792449043118,False,15828,341,family_B_target:age_pnad:age_25_34,estimated,-1
group_pretrend::B::age_pnad::age_25_34::ln_salario_real_adm,ln_salario_real_adm,ols,"C(event_time, contr.treatment(base=-1))[-8]:treatment",-8,0.028823103916142245,0.019151774059858313,False,15828,341,family_B_target:age_pnad:age_25_34,estimated,-1
group_pretrend::B::age_pnad::age_25_34::ln_salario_real_adm,ln_salario_real_adm,ols,"C(event_time, contr.treatment(base=-1))[-7]:treatment",-7,0.0568318252857884,0.015854544320402637,False,15828,341,family_B_target:age_pnad:age_25_34,estimated,-1
group_pretrend::B::age_pnad::age_25_34::ln_salario_real_adm,ln_salario_real_adm,ols,"C(event_time, contr.treatment(base=-1))[-6]:treatment",-6,-0.015811890563601893,0.027126458223370727,False,15828,341,family_B_target:age_pnad:age_25_34,estimated,-1
group_pretrend::B::age_pnad::age_25_34::ln_salario_real_adm,ln_salario_real_adm,ols,"C(event_time, contr.treatment(base=-1))[-5]:treatment",-5,0.013618871287220786,0.024302840845845747,False,15828,341,family_B_target:age_pnad:age_25_34,estimated,-1
group_pretrend::B::age_pnad::age_25_34::ln_salario_real_adm,ln_salario_real_adm,ols,"C(event_time, contr.treatment(base=-1))[-4]:treatment",-4,0.0030784490459759228,0.02322092979226938,False,15828,341,family_B_target:age_pnad:age_25_34,estimated,-1
group_pretrend::B::age_pnad::age_25_34::ln_salario_real_adm,ln_salario_real_adm,ols,"C(event_time, contr.treatment(base=-1))[-3]:treatment",-3,-0.02201866613119009,0.022445473308916355,False,15828,341,family_B_target:age_pnad:age_25_34,estimated,-1
group_pretrend::B::age_pnad::age_25_34::ln_salario_real_adm,ln_salario_real_adm,ols,"C(event_time, contr.treatment(base=-1))[-2]:treatment",-2,-0.008510422061668018,0.02328604532070047,False,15828,341,family_B_target:age_pnad:age_25_34,estimated,-1
group_pretrend::B::age_pnad::age_25_34::ln_salario_real_adm,ln_salario_real_adm,ols,reference_event_time,-1,0.0,0.0,True,15828,341,family_B_target:age_pnad:age_25_34,estimated,-1
group_pretrend::B::age_pnad::age_25_34::ln_salario_real_adm,ln_salario_real_adm,ols,"C(event_time, contr.treatment(base=-1))[0]:treatment",0,0.005276691603463168,0.020223378460223748,False,15828,341,family_B_target:age_pnad:age_25_34,estimated,-1
group_pretrend::B::age_pnad::age_25_34::ln_salario_real_adm,ln_salario_real_adm,ols,"C(event_time, contr.treatment(base=-1))[1]:treatment",1,-0.032183503757812135,0.018658937893642535,False,15828,341,family_B_target:age_pnad:age_25_34,estimated,-1
group_pretrend::B::age_pnad::age_25_34::ln_salario_real_adm,ln_salario_real_adm,ols,"C(event_time, contr.treatment(base=-1))[2]:treatment",2,-0.04009144812233882,0.02735174071040438,False,15828,341,family_B_target:age_pnad:age_25_34,estimated,-1
group_pretrend::B::age_pnad::age_25_34::ln_salario_real_adm,ln_salario_real_adm,ols,"C(event_time, contr.treatment(base=-1))[3]:treatment",3,-0.047569406994518566,0.021268657548694857,False,15828,341,family_B_target:age_pnad:age_25_34,estimated,-1
group_pretrend::B::age_pnad::age_25_34::ln_salario_real_adm,ln_salario_real_adm,ols,"C(event_time, contr.treatment(base=-1))[4]:treatment",4,-0.007964425928136044,0.026428531842028202,False,15828,341,family_B_target:age_pnad:age_25_34,estimated,-1
group_pretrend::B::age_pnad::age_25_34::ln_salario_real_adm,ln_salario_real_adm,ols,"C(event_time, contr.treatment(base=-1))[5]:treatment",5,-0.04446057337894216,0.023409869961954086,False,15828,341,family_B_target:age_pnad:age_25_34,estimated,-1
group_pretrend::B::age_pnad::age_25_34::ln_salario_real_adm,ln_salario_real_adm,ols,"C(event_time, contr.treatment(base=-1))[6]:treatment",6,0.0012090530203367738,0.025397176627671044,False,15828,341,family_B_target:age_pnad:age_25_34,estimated,-1
group_pretrend::B::age_pnad::age_25_34::ln_salario_real_adm,ln_salario_real_adm,ols,"C(event_time, contr.treatment(base=-1))[7]:treatment",7,-0.01693620102422692,0.022625124406376547,False,15828,341,family_B_target:age_pnad:age_25_34,estimated,-1
group_pretrend::B::age_pnad::age_25_34::ln_salario_real_adm,ln_salario_real_adm,ols,"C(event_time, contr.treatment(base=-1))[8]:treatment",8,-0.024112558268941514,0.025536849781008255,False,15828,341,family_B_target:age_pnad:age_25_34,estimated,-1
group_pretrend::B::age_pnad::age_25_34::ln_salario_real_adm,ln_salario_real_adm,ols,"C(event_time, contr.treatment(base=-1))[9]:treatment",9,-0.021406508776391508,0.02251386479180638,False,15828,341,family_B_target:age_pnad:age_25_34,estimated,-1
group_pretrend::B::age_pnad::age_25_34::ln_salario_real_adm,ln_salario_real_adm,ols,"C(event_time, contr.treatment(base=-1))[10]:treatment",10,-0.04473528611318008,0.025332248343830376,False,15828,341,family_B_target:age_pnad:age_25_34,estimated,-1
group_pretrend::B::age_pnad::age_25_34::ln_salario_real_adm,ln_salario_real_adm,ols,"C(event_time, contr.treatment(base=-1))[11]:treatment",11,-0.020026754646263686,0.02374009235857754,False,15828,341,family_B_target:age_pnad:age_25_34,estimated,-1
group_pretrend::B::age_pnad::age_25_34::ln_salario_real_adm,ln_salario_real_adm,ols,"C(event_time, contr.treatment(base=-1))[12]:treatment",12,-0.013790482244531218,0.022310694610112397,False,15828,341,family_B_target:age_pnad:age_25_34,estimated,-1
group_pretrend::B::age_pnad::age_25_34::ln_salario_real_adm,ln_salario_real_adm,ols,"C(event_time, contr.treatment(base=-1))[13]:treatment",13,-0.010159351470776228,0.021403190581030896,False,15828,341,family_B_target:age_pnad:age_25_34,estimated,-1
group_pretrend::B::age_pnad::age_25_34::ln_salario_real_adm,ln_salario_real_adm,ols,"C(event_time, contr.treatment(base=-1))[14]:treatment",14,-0.07168452521779611,0.020466336446750527,False,15828,341,family_B_target:age_pnad:age_25_34,estimated,-1
group_pretrend::B::age_pnad::age_25_34::ln_salario_real_adm,ln_salario_real_adm,ols,"C(event_time, contr.treatment(base=-1))[15]:treatment",15,-0.030251255788548904,0.026751369932152057,False,15828,341,family_B_target:age_pnad:age_25_34,estimated,-1
group_pretrend::B::age_pnad::age_25_34::ln_salario_real_adm,ln_salario_real_adm,ols,"C(event_time, contr.treatment(base=-1))[16]:treatment",16,-0.04538565943496891,0.02232214858797579,False,15828,341,family_B_target:age_pnad:age_25_34,estimated,-1
group_pretrend::B::age_pnad::age_25_34::ln_salario_real_adm,ln_salario_real_adm,ols,"C(event_time, contr.treatment(base=-1))[17]:treatment",17,-0.016480396025000073,0.020319208512208968,False,15828,341,family_B_target:age_pnad:age_25_34,estimated,-1
group_pretrend::B::age_pnad::age_25_34::ln_salario_real_adm,ln_salario_real_adm,ols,"C(event_time, contr.treatment(base=-1))[18]:treatment",18,-0.02143009344357828,0.023647421844828476,False,15828,341,family_B_target:age_pnad:age_25_34,estimated,-1
group_pretrend::B::age_pnad::age_25_34::ln_salario_real_adm,ln_salario_real_adm,ols,"C(event_time, contr.treatment(base=-1))[19]:treatment",19,-0.0292602385475429,0.02596602428520236,False,15828,341,family_B_target:age_pnad:age_25_34,estimated,-1
group_pretrend::B::age_pnad::age_25_34::ln_salario_real_adm,ln_salario_real_adm,ols,"C(event_time, contr.treatment(base=-1))[20]:treatment",20,-0.007014892133061016,0.02242715916675192,False,15828,341,family_B_target:age_pnad:age_25_34,estimated,-1
group_pretrend::B::age_pnad::age_25_34::ln_salario_real_adm,ln_salario_real_adm,ols,"C(event_time, contr.treatment(base=-1))[21]:treatment",21,0.0010804718584065754,0.026959273674584092,False,15828,341,family_B_target:age_pnad:age_25_34,estimated,-1
group_pretrend::B::age_pnad::age_25_34::ln_salario_real_adm,ln_salario_real_adm,ols,"C(event_time, contr.treatment(base=-1))[22]:treatment",22,-0.02180414822549674,0.0224555450591139,False,15828,341,family_B_target:age_pnad:age_25_34,estimated,-1
group_pretrend::B::age_pnad::age_25_34::ln_salario_real_adm,ln_salario_real_adm,ols,"C(event_time, contr.treatment(base=-1))[23]:treatment",23,-0.02328052880357886,0.020899191218518586,False,15828,341,family_B_target:age_pnad:age_25_34,estimated,-1
group_pretrend::B::age_pnad::age_25_34::n_movimentacoes,n_movimentacoes,ppml,"C(event_time, contr.treatment(base=-1))[-23]:treatment",-23,-0.014118223134229071,0.041596992777881724,False,15935,341,family_B_target:age_pnad:age_25_34,estimated,-1
group_pretrend::B::age_pnad::age_25_34::n_movimentacoes,n_movimentacoes,ppml,"C(event_time, contr.treatment(base=-1))[-22]:treatment",-22,-0.06602870944191973,0.04453973665583394,False,15935,341,family_B_target:age_pnad:age_25_34,estimated,-1
group_pretrend::B::age_pnad::age_25_34::n_movimentacoes,n_movimentacoes,ppml,"C(event_time, contr.treatment(base=-1))[-21]:treatment",-21,-0.08006582450711605,0.04772171085172713,False,15935,341,family_B_target:age_pnad:age_25_34,estimated,-1
group_pretrend::B::age_pnad::age_25_34::n_movimentacoes,n_movimentacoes,ppml,"C(event_time, contr.treatment(base=-1))[-20]:treatment",-20,-0.04070939421754504,0.05798274481392587,False,15935,341,family_B_target:age_pnad:age_25_34,estimated,-1
group_pretrend::B::age_pnad::age_25_34::n_movimentacoes,n_movimentacoes,ppml,"C(event_time, contr.treatment(base=-1))[-19]:treatment",-19,-0.036906079352465766,0.05063972885560584,False,15935,341,family_B_target:age_pnad:age_25_34,estimated,-1
group_pretrend::B::age_pnad::age_25_34::n_movimentacoes,n_movimentacoes,ppml,"C(event_time, contr.treatment(base=-1))[-18]:treatment",-18,-0.0018863997999069458,0.04785012205873509,False,15935,341,family_B_target:age_pnad:age_25_34,estimated,-1
group_pretrend::B::age_pnad::age_25_34::n_movimentacoes,n_movimentacoes,ppml,"C(event_time, contr.treatment(base=-1))[-17]:treatment",-17,0.004086114053040807,0.04693620886209374,False,15935,341,family_B_target:age_pnad:age_25_34,estimated,-1
group_pretrend::B::age_pnad::age_25_34::n_movimentacoes,n_movimentacoes,ppml,"C(event_time, contr.treatment(base=-1))[-16]:treatment",-16,-0.008215460760373086,0.04418997760864912,False,15935,341,family_B_target:age_pnad:age_25_34,estimated,-1
group_pretrend::B::age_pnad::age_25_34::n_movimentacoes,n_movimentacoes,ppml,"C(event_time, contr.treatment(base=-1))[-15]:treatment",-15,-0.0010947840270681469,0.03900951614880071,False,15935,341,family_B_target:age_pnad:age_25_34,estimated,-1
group_pretrend::B::age_pnad::age_25_34::n_movimentacoes,n_movimentacoes,ppml,"C(event_time, contr.treatment(base=-1))[-14]:treatment",-14,0.017664277669738083,0.03675669036066855,False,15935,341,family_B_target:age_pnad:age_25_34,estimated,-1
group_pretrend::B::age_pnad::age_25_34::n_movimentacoes,n_movimentacoes,ppml,"C(event_time, contr.treatment(base=-1))[-13]:treatment",-13,0.04287000160768711,0.02310022635757061,False,15935,341,family_B_target:age_pnad:age_25_34,estimated,-1
group_pretrend::B::age_pnad::age_25_34::n_movimentacoes,n_movimentacoes,ppml,"C(event_time, contr.treatment(base=-1))[-12]:treatment",-12,0.07315728732691015,0.0296342215501323,False,15935,341,family_B_target:age_pnad:age_25_34,estimated,-1
group_pretrend::B::age_pnad::age_25_34::n_movimentacoes,n_movimentacoes,ppml,"C(event_time, contr.treatment(base=-1))[-11]:treatment",-11,0.014292240560502044,0.033898971257824394,False,15935,341,family_B_target:age_pnad:age_25_34,estimated,-1
group_pretrend::B::age_pnad::age_25_34::n_movimentacoes,n_movimentacoes,ppml,"C(event_time, contr.treatment(base=-1))[-10]:treatment",-10,-0.009250911877542001,0.03932454074224362,False,15935,341,family_B_target:age_pnad:age_25_34,estimated,-1
group_pretrend::B::age_pnad::age_25_34::n_movimentacoes,n_movimentacoes,ppml,"C(event_time, contr.treatment(base=-1))[-9]:treatment",-9,-0.0176312565495198,0.03920591825131342,False,15935,341,family_B_target:age_pnad:age_25_34,estimated,-1
group_pretrend::B::age_pnad::age_25_34::n_movimentacoes,n_movimentacoes,ppml,"C(event_time, contr.treatment(base=-1))[-8]:treatment",-8,0.01427458564984943,0.0415475631866706,False,15935,341,family_B_target:age_pnad:age_25_34,estimated,-1
group_pretrend::B::age_pnad::age_25_34::n_movimentacoes,n_movimentacoes,ppml,"C(event_time, contr.treatment(base=-1))[-7]:treatment",-7,-0.014514874786679467,0.03330824902084201,False,15935,341,family_B_target:age_pnad:age_25_34,estimated,-1
group_pretrend::B::age_pnad::age_25_34::n_movimentacoes,n_movimentacoes,ppml,"C(event_time, contr.treatment(base=-1))[-6]:treatment",-6,-0.014789460061063901,0.034047430617286704,False,15935,341,family_B_target:age_pnad:age_25_34,estimated,-1
group_pretrend::B::age_pnad::age_25_34::n_movimentacoes,n_movimentacoes,ppml,"C(event_time, contr.treatment(base=-1))[-5]:treatment",-5,-0.012517687014368098,0.030556562371649755,False,15935,341,family_B_target:age_pnad:age_25_34,estimated,-1
group_pretrend::B::age_pnad::age_25_34::n_movimentacoes,n_movimentacoes,ppml,"C(event_time, contr.treatment(base=-1))[-4]:treatment",-4,-0.022315579381504178,0.031536248203570615,False,15935,341,family_B_target:age_pnad:age_25_34,estimated,-1
group_pretrend::B::age_pnad::age_25_34::n_movimentacoes,n_movimentacoes,ppml,"C(event_time, contr.treatment(base=-1))[-3]:treatment",-3,-0.009997467630573124,0.025647512505863973,False,15935,341,family_B_target:age_pnad:age_25_34,estimated,-1
group_pretrend::B::age_pnad::age_25_34::n_movimentacoes,n_movimentacoes,ppml,"C(event_time, contr.treatment(base=-1))[-2]:treatment",-2,-0.01680401376873009,0.018537920350187687,False,15935,341,family_B_target:age_pnad:age_25_34,estimated,-1
group_pretrend::B::age_pnad::age_25_34::n_movimentacoes,n_movimentacoes,ppml,reference_event_time,-1,0.0,0.0,True,15935,341,family_B_target:age_pnad:age_25_34,estimated,-1
group_pretrend::B::age_pnad::age_25_34::n_movimentacoes,n_movimentacoes,ppml,"C(event_time, contr.treatment(base=-1))[0]:treatment",0,-0.03701891076840549,0.0262070614281484,False,15935,341,family_B_target:age_pnad:age_25_34,estimated,-1
group_pretrend::B::age_pnad::age_25_34::n_movimentacoes,n_movimentacoes,ppml,"C(event_time, contr.treatment(base=-1))[1]:treatment",1,-0.04869909760531214,0.024497854247161305,False,15935,341,family_B_target:age_pnad:age_25_34,estimated,-1
group_pretrend::B::age_pnad::age_25_34::n_movimentacoes,n_movimentacoes,ppml,"C(event_time, contr.treatment(base=-1))[2]:treatment",2,-0.08890848424481945,0.027600551459050066,False,15935,341,family_B_target:age_pnad:age_25_34,estimated,-1
group_pretrend::B::age_pnad::age_25_34::n_movimentacoes,n_movimentacoes,ppml,"C(event_time, contr.treatment(base=-1))[3]:treatment",3,-0.09299326850890297,0.02792159529543416,False,15935,341,family_B_target:age_pnad:age_25_34,estimated,-1
group_pretrend::B::age_pnad::age_25_34::n_movimentacoes,n_movimentacoes,ppml,"C(event_time, contr.treatment(base=-1))[4]:treatment",4,-0.06821616117326247,0.029403706022397617,False,15935,341,family_B_target:age_pnad:age_25_34,estimated,-1
group_pretrend::B::age_pnad::age_25_34::n_movimentacoes,n_movimentacoes,ppml,"C(event_time, contr.treatment(base=-1))[5]:treatment",5,-0.1006907556489355,0.025650133654120565,False,15935,341,family_B_target:age_pnad:age_25_34,estimated,-1
group_pretrend::B::age_pnad::age_25_34::n_movimentacoes,n_movimentacoes,ppml,"C(event_time, contr.treatment(base=-1))[6]:treatment",6,-0.06691699996603774,0.026299712791612542,False,15935,341,family_B_target:age_pnad:age_25_34,estimated,-1
group_pretrend::B::age_pnad::age_25_34::n_movimentacoes,n_movimentacoes,ppml,"C(event_time, contr.treatment(base=-1))[7]:treatment",7,-0.06145097598076707,0.023721512051265384,False,15935,341,family_B_target:age_pnad:age_25_34,estimated,-1
group_pretrend::B::age_pnad::age_25_34::n_movimentacoes,n_movimentacoes,ppml,"C(event_time, contr.treatment(base=-1))[8]:treatment",8,-0.07213547143552491,0.02396157306856142,False,15935,341,family_B_target:age_pnad:age_25_34,estimated,-1
group_pretrend::B::age_pnad::age_25_34::n_movimentacoes,n_movimentacoes,ppml,"C(event_time, contr.treatment(base=-1))[9]:treatment",9,-0.07112287148355517,0.02166356536170616,False,15935,341,family_B_target:age_pnad:age_25_34,estimated,-1
group_pretrend::B::age_pnad::age_25_34::n_movimentacoes,n_movimentacoes,ppml,"C(event_time, contr.treatment(base=-1))[10]:treatment",10,-0.05647684937377982,0.02017172610085309,False,15935,341,family_B_target:age_pnad:age_25_34,estimated,-1
group_pretrend::B::age_pnad::age_25_34::n_movimentacoes,n_movimentacoes,ppml,"C(event_time, contr.treatment(base=-1))[11]:treatment",11,-0.04664716182451015,0.0203292636311215,False,15935,341,family_B_target:age_pnad:age_25_34,estimated,-1
group_pretrend::B::age_pnad::age_25_34::n_movimentacoes,n_movimentacoes,ppml,"C(event_time, contr.treatment(base=-1))[12]:treatment",12,-0.05055019330390482,0.035212907890102695,False,15935,341,family_B_target:age_pnad:age_25_34,estimated,-1
group_pretrend::B::age_pnad::age_25_34::n_movimentacoes,n_movimentacoes,ppml,"C(event_time, contr.treatment(base=-1))[13]:treatment",13,-0.07110895712231252,0.025631658250445978,False,15935,341,family_B_target:age_pnad:age_25_34,estimated,-1
group_pretrend::B::age_pnad::age_25_34::n_movimentacoes,n_movimentacoes,ppml,"C(event_time, contr.treatment(base=-1))[14]:treatment",14,-0.1055088690941861,0.02905819182616682,False,15935,341,family_B_target:age_pnad:age_25_34,estimated,-1
group_pretrend::B::age_pnad::age_25_34::n_movimentacoes,n_movimentacoes,ppml,"C(event_time, contr.treatment(base=-1))[15]:treatment",15,-0.0848839232270867,0.026341098517232955,False,15935,341,family_B_target:age_pnad:age_25_34,estimated,-1
group_pretrend::B::age_pnad::age_25_34::n_movimentacoes,n_movimentacoes,ppml,"C(event_time, contr.treatment(base=-1))[16]:treatment",16,-0.0898734313185614,0.027504202435435617,False,15935,341,family_B_target:age_pnad:age_25_34,estimated,-1
group_pretrend::B::age_pnad::age_25_34::n_movimentacoes,n_movimentacoes,ppml,"C(event_time, contr.treatment(base=-1))[17]:treatment",17,-0.08947013183135284,0.025567523223863846,False,15935,341,family_B_target:age_pnad:age_25_34,estimated,-1
group_pretrend::B::age_pnad::age_25_34::n_movimentacoes,n_movimentacoes,ppml,"C(event_time, contr.treatment(base=-1))[18]:treatment",18,-0.08798785012695264,0.027955416781842542,False,15935,341,family_B_target:age_pnad:age_25_34,estimated,-1
group_pretrend::B::age_pnad::age_25_34::n_movimentacoes,n_movimentacoes,ppml,"C(event_time, contr.treatment(base=-1))[19]:treatment",19,-0.07004228689248677,0.028291813897283392,False,15935,341,family_B_target:age_pnad:age_25_34,estimated,-1
group_pretrend::B::age_pnad::age_25_34::n_movimentacoes,n_movimentacoes,ppml,"C(event_time, contr.treatment(base=-1))[20]:treatment",20,-0.08589032149301486,0.027960494704632025,False,15935,341,family_B_target:age_pnad:age_25_34,estimated,-1
group_pretrend::B::age_pnad::age_25_34::n_movimentacoes,n_movimentacoes,ppml,"C(event_time, contr.treatment(base=-1))[21]:treatment",21,-0.06920943774220316,0.030100990493211823,False,15935,341,family_B_target:age_pnad:age_25_34,estimated,-1
group_pretrend::B::age_pnad::age_25_34::n_movimentacoes,n_movimentacoes,ppml,"C(event_time, contr.treatment(base=-1))[22]:treatment",22,-0.06485491563274,0.028131895932613935,False,15935,341,family_B_target:age_pnad:age_25_34,estimated,-1
group_pretrend::B::age_pnad::age_25_34::n_movimentacoes,n_movimentacoes,ppml,"C(event_time, contr.treatment(base=-1))[23]:treatment",23,-0.054225492435533866,0.03021803891612434,False,15935,341,family_B_target:age_pnad:age_25_34,estimated,-1
group_pretrend::B::age_pnad::age_35_44::admissoes,admissoes,ppml,"C(event_time, contr.treatment(base=-1))[-23]:treatment",-23,-0.10268146264404718,0.08170374238738068,False,15935,341,family_B_target:age_pnad:age_35_44,estimated,-1
group_pretrend::B::age_pnad::age_35_44::admissoes,admissoes,ppml,"C(event_time, contr.treatment(base=-1))[-22]:treatment",-22,-0.16705344121079077,0.07909244055976829,False,15935,341,family_B_target:age_pnad:age_35_44,estimated,-1
group_pretrend::B::age_pnad::age_35_44::admissoes,admissoes,ppml,"C(event_time, contr.treatment(base=-1))[-21]:treatment",-21,-0.12777250002296245,0.07693841756646062,False,15935,341,family_B_target:age_pnad:age_35_44,estimated,-1
group_pretrend::B::age_pnad::age_35_44::admissoes,admissoes,ppml,"C(event_time, contr.treatment(base=-1))[-20]:treatment",-20,-0.09611561187442787,0.0845911751247888,False,15935,341,family_B_target:age_pnad:age_35_44,estimated,-1
group_pretrend::B::age_pnad::age_35_44::admissoes,admissoes,ppml,"C(event_time, contr.treatment(base=-1))[-19]:treatment",-19,-0.1277309477220656,0.0740775162829823,False,15935,341,family_B_target:age_pnad:age_35_44,estimated,-1
group_pretrend::B::age_pnad::age_35_44::admissoes,admissoes,ppml,"C(event_time, contr.treatment(base=-1))[-18]:treatment",-18,-0.09283158315102538,0.06680242349238784,False,15935,341,family_B_target:age_pnad:age_35_44,estimated,-1
group_pretrend::B::age_pnad::age_35_44::admissoes,admissoes,ppml,"C(event_time, contr.treatment(base=-1))[-17]:treatment",-17,-0.09091177104775845,0.06380614274344634,False,15935,341,family_B_target:age_pnad:age_35_44,estimated,-1
group_pretrend::B::age_pnad::age_35_44::admissoes,admissoes,ppml,"C(event_time, contr.treatment(base=-1))[-16]:treatment",-16,-0.08569146864032347,0.06372609815311521,False,15935,341,family_B_target:age_pnad:age_35_44,estimated,-1
group_pretrend::B::age_pnad::age_35_44::admissoes,admissoes,ppml,"C(event_time, contr.treatment(base=-1))[-15]:treatment",-15,-0.09395475313441684,0.06351209898108386,False,15935,341,family_B_target:age_pnad:age_35_44,estimated,-1
group_pretrend::B::age_pnad::age_35_44::admissoes,admissoes,ppml,"C(event_time, contr.treatment(base=-1))[-14]:treatment",-14,-0.03007612984538315,0.05001611081563974,False,15935,341,family_B_target:age_pnad:age_35_44,estimated,-1
group_pretrend::B::age_pnad::age_35_44::admissoes,admissoes,ppml,"C(event_time, contr.treatment(base=-1))[-13]:treatment",-13,0.03446567480657992,0.023828209611809155,False,15935,341,family_B_target:age_pnad:age_35_44,estimated,-1
group_pretrend::B::age_pnad::age_35_44::admissoes,admissoes,ppml,"C(event_time, contr.treatment(base=-1))[-12]:treatment",-12,0.0913210388091288,0.030087858866991748,False,15935,341,family_B_target:age_pnad:age_35_44,estimated,-1
group_pretrend::B::age_pnad::age_35_44::admissoes,admissoes,ppml,"C(event_time, contr.treatment(base=-1))[-11]:treatment",-11,-0.0834059600088323,0.0725439056603176,False,15935,341,family_B_target:age_pnad:age_35_44,estimated,-1
group_pretrend::B::age_pnad::age_35_44::admissoes,admissoes,ppml,"C(event_time, contr.treatment(base=-1))[-10]:treatment",-10,-0.1309349186319448,0.07842609475112015,False,15935,341,family_B_target:age_pnad:age_35_44,estimated,-1
group_pretrend::B::age_pnad::age_35_44::admissoes,admissoes,ppml,"C(event_time, contr.treatment(base=-1))[-9]:treatment",-9,-0.1018344264682104,0.06828917952126326,False,15935,341,family_B_target:age_pnad:age_35_44,estimated,-1
group_pretrend::B::age_pnad::age_35_44::admissoes,admissoes,ppml,"C(event_time, contr.treatment(base=-1))[-8]:treatment",-8,-0.04972574749275148,0.06482987744309868,False,15935,341,family_B_target:age_pnad:age_35_44,estimated,-1
group_pretrend::B::age_pnad::age_35_44::admissoes,admissoes,ppml,"C(event_time, contr.treatment(base=-1))[-7]:treatment",-7,-0.1241179981129941,0.056643206623231704,False,15935,341,family_B_target:age_pnad:age_35_44,estimated,-1
group_pretrend::B::age_pnad::age_35_44::admissoes,admissoes,ppml,"C(event_time, contr.treatment(base=-1))[-6]:treatment",-6,-0.12185878745251236,0.05782146765824813,False,15935,341,family_B_target:age_pnad:age_35_44,estimated,-1
group_pretrend::B::age_pnad::age_35_44::admissoes,admissoes,ppml,"C(event_time, contr.treatment(base=-1))[-5]:treatment",-5,-0.12181511826403274,0.057098121564441405,False,15935,341,family_B_target:age_pnad:age_35_44,estimated,-1
group_pretrend::B::age_pnad::age_35_44::admissoes,admissoes,ppml,"C(event_time, contr.treatment(base=-1))[-4]:treatment",-4,-0.10906285855392525,0.057833120930109734,False,15935,341,family_B_target:age_pnad:age_35_44,estimated,-1
group_pretrend::B::age_pnad::age_35_44::admissoes,admissoes,ppml,"C(event_time, contr.treatment(base=-1))[-3]:treatment",-3,-0.06438786418821203,0.05136187884911676,False,15935,341,family_B_target:age_pnad:age_35_44,estimated,-1
group_pretrend::B::age_pnad::age_35_44::admissoes,admissoes,ppml,"C(event_time, contr.treatment(base=-1))[-2]:treatment",-2,-0.05817426904540092,0.0312650231084927,False,15935,341,family_B_target:age_pnad:age_35_44,estimated,-1
group_pretrend::B::age_pnad::age_35_44::admissoes,admissoes,ppml,reference_event_time,-1,0.0,0.0,True,15935,341,family_B_target:age_pnad:age_35_44,estimated,-1
group_pretrend::B::age_pnad::age_35_44::admissoes,admissoes,ppml,"C(event_time, contr.treatment(base=-1))[0]:treatment",0,0.003940863956875228,0.03623200291329022,False,15935,341,family_B_target:age_pnad:age_35_44,estimated,-1
group_pretrend::B::age_pnad::age_35_44::admissoes,admissoes,ppml,"C(event_time, contr.treatment(base=-1))[1]:treatment",1,-0.15290593870019842,0.05900787717126193,False,15935,341,family_B_target:age_pnad:age_35_44,estimated,-1
group_pretrend::B::age_pnad::age_35_44::admissoes,admissoes,ppml,"C(event_time, contr.treatment(base=-1))[2]:treatment",2,-0.20585915043103073,0.06165141038641862,False,15935,341,family_B_target:age_pnad:age_35_44,estimated,-1
group_pretrend::B::age_pnad::age_35_44::admissoes,admissoes,ppml,"C(event_time, contr.treatment(base=-1))[3]:treatment",3,-0.1731715028690812,0.04789364160450022,False,15935,341,family_B_target:age_pnad:age_35_44,estimated,-1
group_pretrend::B::age_pnad::age_35_44::admissoes,admissoes,ppml,"C(event_time, contr.treatment(base=-1))[4]:treatment",4,-0.1373358488570261,0.044206931310254244,False,15935,341,family_B_target:age_pnad:age_35_44,estimated,-1
group_pretrend::B::age_pnad::age_35_44::admissoes,admissoes,ppml,"C(event_time, contr.treatment(base=-1))[5]:treatment",5,-0.1937031112882064,0.04153343015235207,False,15935,341,family_B_target:age_pnad:age_35_44,estimated,-1
group_pretrend::B::age_pnad::age_35_44::admissoes,admissoes,ppml,"C(event_time, contr.treatment(base=-1))[6]:treatment",6,-0.15365307935256062,0.043325803662899925,False,15935,341,family_B_target:age_pnad:age_35_44,estimated,-1
group_pretrend::B::age_pnad::age_35_44::admissoes,admissoes,ppml,"C(event_time, contr.treatment(base=-1))[7]:treatment",7,-0.15410750247908706,0.03874895001043063,False,15935,341,family_B_target:age_pnad:age_35_44,estimated,-1
group_pretrend::B::age_pnad::age_35_44::admissoes,admissoes,ppml,"C(event_time, contr.treatment(base=-1))[8]:treatment",8,-0.1496016789280375,0.03719161231111762,False,15935,341,family_B_target:age_pnad:age_35_44,estimated,-1
group_pretrend::B::age_pnad::age_35_44::admissoes,admissoes,ppml,"C(event_time, contr.treatment(base=-1))[9]:treatment",9,-0.14992750931692428,0.03729526616711714,False,15935,341,family_B_target:age_pnad:age_35_44,estimated,-1
group_pretrend::B::age_pnad::age_35_44::admissoes,admissoes,ppml,"C(event_time, contr.treatment(base=-1))[10]:treatment",10,-0.10289951990887772,0.02384401743713931,False,15935,341,family_B_target:age_pnad:age_35_44,estimated,-1
group_pretrend::B::age_pnad::age_35_44::admissoes,admissoes,ppml,"C(event_time, contr.treatment(base=-1))[11]:treatment",11,-0.011431290805809683,0.021207023353714754,False,15935,341,family_B_target:age_pnad:age_35_44,estimated,-1
group_pretrend::B::age_pnad::age_35_44::admissoes,admissoes,ppml,"C(event_time, contr.treatment(base=-1))[12]:treatment",12,0.025788435511022816,0.039545074871366555,False,15935,341,family_B_target:age_pnad:age_35_44,estimated,-1
group_pretrend::B::age_pnad::age_35_44::admissoes,admissoes,ppml,"C(event_time, contr.treatment(base=-1))[13]:treatment",13,-0.14441856893178087,0.05266039457954928,False,15935,341,family_B_target:age_pnad:age_35_44,estimated,-1
group_pretrend::B::age_pnad::age_35_44::admissoes,admissoes,ppml,"C(event_time, contr.treatment(base=-1))[14]:treatment",14,-0.20444581465231634,0.05017419358731849,False,15935,341,family_B_target:age_pnad:age_35_44,estimated,-1
group_pretrend::B::age_pnad::age_35_44::admissoes,admissoes,ppml,"C(event_time, contr.treatment(base=-1))[15]:treatment",15,-0.1430740926512124,0.04042125743401025,False,15935,341,family_B_target:age_pnad:age_35_44,estimated,-1
group_pretrend::B::age_pnad::age_35_44::admissoes,admissoes,ppml,"C(event_time, contr.treatment(base=-1))[16]:treatment",16,-0.13286546453899556,0.03678243910396174,False,15935,341,family_B_target:age_pnad:age_35_44,estimated,-1
group_pretrend::B::age_pnad::age_35_44::admissoes,admissoes,ppml,"C(event_time, contr.treatment(base=-1))[17]:treatment",17,-0.15468238284227737,0.03489806110958069,False,15935,341,family_B_target:age_pnad:age_35_44,estimated,-1
group_pretrend::B::age_pnad::age_35_44::admissoes,admissoes,ppml,"C(event_time, contr.treatment(base=-1))[18]:treatment",18,-0.154073675024152,0.033613677314330286,False,15935,341,family_B_target:age_pnad:age_35_44,estimated,-1
group_pretrend::B::age_pnad::age_35_44::admissoes,admissoes,ppml,"C(event_time, contr.treatment(base=-1))[19]:treatment",19,-0.1254286397676576,0.03833892400392306,False,15935,341,family_B_target:age_pnad:age_35_44,estimated,-1
group_pretrend::B::age_pnad::age_35_44::admissoes,admissoes,ppml,"C(event_time, contr.treatment(base=-1))[20]:treatment",20,-0.122856393233284,0.037083087427788736,False,15935,341,family_B_target:age_pnad:age_35_44,estimated,-1
group_pretrend::B::age_pnad::age_35_44::admissoes,admissoes,ppml,"C(event_time, contr.treatment(base=-1))[21]:treatment",21,-0.09896925104729855,0.037853625217537906,False,15935,341,family_B_target:age_pnad:age_35_44,estimated,-1
group_pretrend::B::age_pnad::age_35_44::admissoes,admissoes,ppml,"C(event_time, contr.treatment(base=-1))[22]:treatment",22,-0.1179486009030306,0.030171755622295047,False,15935,341,family_B_target:age_pnad:age_35_44,estimated,-1
group_pretrend::B::age_pnad::age_35_44::admissoes,admissoes,ppml,"C(event_time, contr.treatment(base=-1))[23]:treatment",23,-0.020047992600363378,0.03388169233561461,False,15935,341,family_B_target:age_pnad:age_35_44,estimated,-1
group_pretrend::B::age_pnad::age_35_44::asinh_saldo,asinh_saldo,ols,"C(event_time, contr.treatment(base=-1))[-23]:treatment",-23,-2.7988569321665984,0.70351896598726,False,15935,341,family_B_target:age_pnad:age_35_44,estimated,-1
group_pretrend::B::age_pnad::age_35_44::asinh_saldo,asinh_saldo,ols,"C(event_time, contr.treatment(base=-1))[-22]:treatment",-22,-2.6340436446422153,0.7326000187675695,False,15935,341,family_B_target:age_pnad:age_35_44,estimated,-1
group_pretrend::B::age_pnad::age_35_44::asinh_saldo,asinh_saldo,ols,"C(event_time, contr.treatment(base=-1))[-21]:treatment",-21,-2.1412302342511214,0.761906266793844,False,15935,341,family_B_target:age_pnad:age_35_44,estimated,-1
group_pretrend::B::age_pnad::age_35_44::asinh_saldo,asinh_saldo,ols,"C(event_time, contr.treatment(base=-1))[-20]:treatment",-20,-1.8469716673991003,0.7634824241847838,False,15935,341,family_B_target:age_pnad:age_35_44,estimated,-1
group_pretrend::B::age_pnad::age_35_44::asinh_saldo,asinh_saldo,ols,"C(event_time, contr.treatment(base=-1))[-19]:treatment",-19,-1.6739879770026642,0.6755502885931433,False,15935,341,family_B_target:age_pnad:age_35_44,estimated,-1
group_pretrend::B::age_pnad::age_35_44::asinh_saldo,asinh_saldo,ols,"C(event_time, contr.treatment(base=-1))[-18]:treatment",-18,-1.8906086926189107,0.685491097061968,False,15935,341,family_B_target:age_pnad:age_35_44,estimated,-1
group_pretrend::B::age_pnad::age_35_44::asinh_saldo,asinh_saldo,ols,"C(event_time, contr.treatment(base=-1))[-17]:treatment",-17,-1.9465006498839794,0.6521247893683146,False,15935,341,family_B_target:age_pnad:age_35_44,estimated,-1
group_pretrend::B::age_pnad::age_35_44::asinh_saldo,asinh_saldo,ols,"C(event_time, contr.treatment(base=-1))[-16]:treatment",-16,-1.2281232106421134,0.7047801767100591,False,15935,341,family_B_target:age_pnad:age_35_44,estimated,-1
group_pretrend::B::age_pnad::age_35_44::asinh_saldo,asinh_saldo,ols,"C(event_time, contr.treatment(base=-1))[-15]:treatment",-15,-1.3872745649550926,0.6483000169872114,False,15935,341,family_B_target:age_pnad:age_35_44,estimated,-1
group_pretrend::B::age_pnad::age_35_44::asinh_saldo,asinh_saldo,ols,"C(event_time, contr.treatment(base=-1))[-14]:treatment",-14,-1.1899268651924373,0.6338873600819338,False,15935,341,family_B_target:age_pnad:age_35_44,estimated,-1
group_pretrend::B::age_pnad::age_35_44::asinh_saldo,asinh_saldo,ols,"C(event_time, contr.treatment(base=-1))[-13]:treatment",-13,0.3150830320479093,0.6420099457427724,False,15935,341,family_B_target:age_pnad:age_35_44,estimated,-1
group_pretrend::B::age_pnad::age_35_44::asinh_saldo,asinh_saldo,ols,"C(event_time, contr.treatment(base=-1))[-12]:treatment",-12,-0.7345645819015416,0.5877440433215886,False,15935,341,family_B_target:age_pnad:age_35_44,estimated,-1
group_pretrend::B::age_pnad::age_35_44::asinh_saldo,asinh_saldo,ols,"C(event_time, contr.treatment(base=-1))[-11]:treatment",-11,-2.495383653807262,0.7830569320093828,False,15935,341,family_B_target:age_pnad:age_35_44,estimated,-1
group_pretrend::B::age_pnad::age_35_44::asinh_saldo,asinh_saldo,ols,"C(event_time, contr.treatment(base=-1))[-10]:treatment",-10,-2.410163285461689,0.7271925360869451,False,15935,341,family_B_target:age_pnad:age_35_44,estimated,-1
group_pretrend::B::age_pnad::age_35_44::asinh_saldo,asinh_saldo,ols,"C(event_time, contr.treatment(base=-1))[-9]:treatment",-9,-2.6194603280595365,0.6896861781962578,False,15935,341,family_B_target:age_pnad:age_35_44,estimated,-1
group_pretrend::B::age_pnad::age_35_44::asinh_saldo,asinh_saldo,ols,"C(event_time, contr.treatment(base=-1))[-8]:treatment",-8,-2.349130973600615,0.6545983641841389,False,15935,341,family_B_target:age_pnad:age_35_44,estimated,-1
group_pretrend::B::age_pnad::age_35_44::asinh_saldo,asinh_saldo,ols,"C(event_time, contr.treatment(base=-1))[-7]:treatment",-7,-2.9423158109366074,0.6603243721702785,False,15935,341,family_B_target:age_pnad:age_35_44,estimated,-1
group_pretrend::B::age_pnad::age_35_44::asinh_saldo,asinh_saldo,ols,"C(event_time, contr.treatment(base=-1))[-6]:treatment",-6,-3.070311263092495,0.6397085625305499,False,15935,341,family_B_target:age_pnad:age_35_44,estimated,-1
group_pretrend::B::age_pnad::age_35_44::asinh_saldo,asinh_saldo,ols,"C(event_time, contr.treatment(base=-1))[-5]:treatment",-5,-3.6182580598713256,0.6469293511300053,False,15935,341,family_B_target:age_pnad:age_35_44,estimated,-1
group_pretrend::B::age_pnad::age_35_44::asinh_saldo,asinh_saldo,ols,"C(event_time, contr.treatment(base=-1))[-4]:treatment",-4,-2.4526751787777963,0.7451084070416816,False,15935,341,family_B_target:age_pnad:age_35_44,estimated,-1
group_pretrend::B::age_pnad::age_35_44::asinh_saldo,asinh_saldo,ols,"C(event_time, contr.treatment(base=-1))[-3]:treatment",-3,-2.2445587501903788,0.7059219063075403,False,15935,341,family_B_target:age_pnad:age_35_44,estimated,-1
group_pretrend::B::age_pnad::age_35_44::asinh_saldo,asinh_saldo,ols,"C(event_time, contr.treatment(base=-1))[-2]:treatment",-2,-1.7626283131910796,0.5367489479682039,False,15935,341,family_B_target:age_pnad:age_35_44,estimated,-1
group_pretrend::B::age_pnad::age_35_44::asinh_saldo,asinh_saldo,ols,reference_event_time,-1,0.0,0.0,True,15935,341,family_B_target:age_pnad:age_35_44,estimated,-1
group_pretrend::B::age_pnad::age_35_44::asinh_saldo,asinh_saldo,ols,"C(event_time, contr.treatment(base=-1))[0]:treatment",0,-1.792885937571521,0.5454650544328613,False,15935,341,family_B_target:age_pnad:age_35_44,estimated,-1
group_pretrend::B::age_pnad::age_35_44::asinh_saldo,asinh_saldo,ols,"C(event_time, contr.treatment(base=-1))[1]:treatment",1,-4.092447281897778,0.6701281269310068,False,15935,341,family_B_target:age_pnad:age_35_44,estimated,-1
group_pretrend::B::age_pnad::age_35_44::asinh_saldo,asinh_saldo,ols,"C(event_time, contr.treatment(base=-1))[2]:treatment",2,-4.615792510847602,0.7097731096126334,False,15935,341,family_B_target:age_pnad:age_35_44,estimated,-1
group_pretrend::B::age_pnad::age_35_44::asinh_saldo,asinh_saldo,ols,"C(event_time, contr.treatment(base=-1))[3]:treatment",3,-3.1584620807675883,0.7055374601842086,False,15935,341,family_B_target:age_pnad:age_35_44,estimated,-1
group_pretrend::B::age_pnad::age_35_44::asinh_saldo,asinh_saldo,ols,"C(event_time, contr.treatment(base=-1))[4]:treatment",4,-2.4512424737854555,0.7223164531927788,False,15935,341,family_B_target:age_pnad:age_35_44,estimated,-1
group_pretrend::B::age_pnad::age_35_44::asinh_saldo,asinh_saldo,ols,"C(event_time, contr.treatment(base=-1))[5]:treatment",5,-3.369303936748513,0.6531294955671765,False,15935,341,family_B_target:age_pnad:age_35_44,estimated,-1
group_pretrend::B::age_pnad::age_35_44::asinh_saldo,asinh_saldo,ols,"C(event_time, contr.treatment(base=-1))[6]:treatment",6,-2.8837284743977865,0.6676323283257568,False,15935,341,family_B_target:age_pnad:age_35_44,estimated,-1
group_pretrend::B::age_pnad::age_35_44::asinh_saldo,asinh_saldo,ols,"C(event_time, contr.treatment(base=-1))[7]:treatment",7,-3.263123890858207,0.6978844434454081,False,15935,341,family_B_target:age_pnad:age_35_44,estimated,-1
group_pretrend::B::age_pnad::age_35_44::asinh_saldo,asinh_saldo,ols,"C(event_time, contr.treatment(base=-1))[8]:treatment",8,-2.5453571842829756,0.6721638402303628,False,15935,341,family_B_target:age_pnad:age_35_44,estimated,-1
group_pretrend::B::age_pnad::age_35_44::asinh_saldo,asinh_saldo,ols,"C(event_time, contr.treatment(base=-1))[9]:treatment",9,-2.9683421021068916,0.6957938533138469,False,15935,341,family_B_target:age_pnad:age_35_44,estimated,-1
group_pretrend::B::age_pnad::age_35_44::asinh_saldo,asinh_saldo,ols,"C(event_time, contr.treatment(base=-1))[10]:treatment",10,-1.7741105538339013,0.6717419209093604,False,15935,341,family_B_target:age_pnad:age_35_44,estimated,-1
group_pretrend::B::age_pnad::age_35_44::asinh_saldo,asinh_saldo,ols,"C(event_time, contr.treatment(base=-1))[11]:treatment",11,-0.3566151876906715,0.6353643136506318,False,15935,341,family_B_target:age_pnad:age_35_44,estimated,-1
group_pretrend::B::age_pnad::age_35_44::asinh_saldo,asinh_saldo,ols,"C(event_time, contr.treatment(base=-1))[12]:treatment",12,-1.306248609198483,0.588239043949569,False,15935,341,family_B_target:age_pnad:age_35_44,estimated,-1
group_pretrend::B::age_pnad::age_35_44::asinh_saldo,asinh_saldo,ols,"C(event_time, contr.treatment(base=-1))[13]:treatment",13,-2.920603727847989,0.7979233031729468,False,15935,341,family_B_target:age_pnad:age_35_44,estimated,-1
group_pretrend::B::age_pnad::age_35_44::asinh_saldo,asinh_saldo,ols,"C(event_time, contr.treatment(base=-1))[14]:treatment",14,-3.792459147703095,0.7055815672048001,False,15935,341,family_B_target:age_pnad:age_35_44,estimated,-1
group_pretrend::B::age_pnad::age_35_44::asinh_saldo,asinh_saldo,ols,"C(event_time, contr.treatment(base=-1))[15]:treatment",15,-2.5011457311328495,0.7785948238172294,False,15935,341,family_B_target:age_pnad:age_35_44,estimated,-1
group_pretrend::B::age_pnad::age_35_44::asinh_saldo,asinh_saldo,ols,"C(event_time, contr.treatment(base=-1))[16]:treatment",16,-1.9429279021275292,0.7242185956372359,False,15935,341,family_B_target:age_pnad:age_35_44,estimated,-1
group_pretrend::B::age_pnad::age_35_44::asinh_saldo,asinh_saldo,ols,"C(event_time, contr.treatment(base=-1))[17]:treatment",17,-2.17041193722435,0.6728244017955184,False,15935,341,family_B_target:age_pnad:age_35_44,estimated,-1
group_pretrend::B::age_pnad::age_35_44::asinh_saldo,asinh_saldo,ols,"C(event_time, contr.treatment(base=-1))[18]:treatment",18,-3.461311665941301,0.6554880630797304,False,15935,341,family_B_target:age_pnad:age_35_44,estimated,-1
group_pretrend::B::age_pnad::age_35_44::asinh_saldo,asinh_saldo,ols,"C(event_time, contr.treatment(base=-1))[19]:treatment",19,-2.0342259995115923,0.6930587509392413,False,15935,341,family_B_target:age_pnad:age_35_44,estimated,-1
group_pretrend::B::age_pnad::age_35_44::asinh_saldo,asinh_saldo,ols,"C(event_time, contr.treatment(base=-1))[20]:treatment",20,-2.2882680905641104,0.6909303355594507,False,15935,341,family_B_target:age_pnad:age_35_44,estimated,-1
group_pretrend::B::age_pnad::age_35_44::asinh_saldo,asinh_saldo,ols,"C(event_time, contr.treatment(base=-1))[21]:treatment",21,-1.6376964869448336,0.7503526634357321,False,15935,341,family_B_target:age_pnad:age_35_44,estimated,-1
group_pretrend::B::age_pnad::age_35_44::asinh_saldo,asinh_saldo,ols,"C(event_time, contr.treatment(base=-1))[22]:treatment",22,-2.1713872158514014,0.6557363981071934,False,15935,341,family_B_target:age_pnad:age_35_44,estimated,-1
group_pretrend::B::age_pnad::age_35_44::asinh_saldo,asinh_saldo,ols,"C(event_time, contr.treatment(base=-1))[23]:treatment",23,-0.7747766974787439,0.6220318808836969,False,15935,341,family_B_target:age_pnad:age_35_44,estimated,-1
group_pretrend::B::age_pnad::age_35_44::desligamentos,desligamentos,ppml,"C(event_time, contr.treatment(base=-1))[-23]:treatment",-23,0.09570997142572475,0.04501239808377999,False,15935,341,family_B_target:age_pnad:age_35_44,estimated,-1
group_pretrend::B::age_pnad::age_35_44::desligamentos,desligamentos,ppml,"C(event_time, contr.treatment(base=-1))[-22]:treatment",-22,0.0507970407822732,0.04132966012504532,False,15935,341,family_B_target:age_pnad:age_35_44,estimated,-1
group_pretrend::B::age_pnad::age_35_44::desligamentos,desligamentos,ppml,"C(event_time, contr.treatment(base=-1))[-21]:treatment",-21,0.0026612899240007247,0.04087266970532412,False,15935,341,family_B_target:age_pnad:age_35_44,estimated,-1
group_pretrend::B::age_pnad::age_35_44::desligamentos,desligamentos,ppml,"C(event_time, contr.treatment(base=-1))[-20]:treatment",-20,0.013891150139898795,0.044336412055130475,False,15935,341,family_B_target:age_pnad:age_35_44,estimated,-1
group_pretrend::B::age_pnad::age_35_44::desligamentos,desligamentos,ppml,"C(event_time, contr.treatment(base=-1))[-19]:treatment",-19,0.007137480431080444,0.043520025473667304,False,15935,341,family_B_target:age_pnad:age_35_44,estimated,-1
group_pretrend::B::age_pnad::age_35_44::desligamentos,desligamentos,ppml,"C(event_time, contr.treatment(base=-1))[-18]:treatment",-18,0.05166792807405718,0.04207951098583083,False,15935,341,family_B_target:age_pnad:age_35_44,estimated,-1
group_pretrend::B::age_pnad::age_35_44::desligamentos,desligamentos,ppml,"C(event_time, contr.treatment(base=-1))[-17]:treatment",-17,0.05619223618897986,0.038440264735047705,False,15935,341,family_B_target:age_pnad:age_35_44,estimated,-1
group_pretrend::B::age_pnad::age_35_44::desligamentos,desligamentos,ppml,"C(event_time, contr.treatment(base=-1))[-16]:treatment",-16,0.0271612368012935,0.03834726369736775,False,15935,341,family_B_target:age_pnad:age_35_44,estimated,-1
group_pretrend::B::age_pnad::age_35_44::desligamentos,desligamentos,ppml,"C(event_time, contr.treatment(base=-1))[-15]:treatment",-15,0.07099169762584057,0.03715997886977941,False,15935,341,family_B_target:age_pnad:age_35_44,estimated,-1
group_pretrend::B::age_pnad::age_35_44::desligamentos,desligamentos,ppml,"C(event_time, contr.treatment(base=-1))[-14]:treatment",-14,0.05576772228390716,0.028245001962646076,False,15935,341,family_B_target:age_pnad:age_35_44,estimated,-1
group_pretrend::B::age_pnad::age_35_44::desligamentos,desligamentos,ppml,"C(event_time, contr.treatment(base=-1))[-13]:treatment",-13,0.01891511278205842,0.031181245430637477,False,15935,341,family_B_target:age_pnad:age_35_44,estimated,-1
group_pretrend::B::age_pnad::age_35_44::desligamentos,desligamentos,ppml,"C(event_time, contr.treatment(base=-1))[-12]:treatment",-12,0.021609049493601973,0.0449017489243185,False,15935,341,family_B_target:age_pnad:age_35_44,estimated,-1
group_pretrend::B::age_pnad::age_35_44::desligamentos,desligamentos,ppml,"C(event_time, contr.treatment(base=-1))[-11]:treatment",-11,0.1366235026843463,0.03669351516846652,False,15935,341,family_B_target:age_pnad:age_35_44,estimated,-1
group_pretrend::B::age_pnad::age_35_44::desligamentos,desligamentos,ppml,"C(event_time, contr.treatment(base=-1))[-10]:treatment",-10,0.10027923378807484,0.028538737518861886,False,15935,341,family_B_target:age_pnad:age_35_44,estimated,-1
group_pretrend::B::age_pnad::age_35_44::desligamentos,desligamentos,ppml,"C(event_time, contr.treatment(base=-1))[-9]:treatment",-9,0.05579392254159526,0.03680563065756042,False,15935,341,family_B_target:age_pnad:age_35_44,estimated,-1
group_pretrend::B::age_pnad::age_35_44::desligamentos,desligamentos,ppml,"C(event_time, contr.treatment(base=-1))[-8]:treatment",-8,0.08969607661164808,0.033160630550267835,False,15935,341,family_B_target:age_pnad:age_35_44,estimated,-1
group_pretrend::B::age_pnad::age_35_44::desligamentos,desligamentos,ppml,"C(event_time, contr.treatment(base=-1))[-7]:treatment",-7,0.08140596666150278,0.027348666826627035,False,15935,341,family_B_target:age_pnad:age_35_44,estimated,-1
group_pretrend::B::age_pnad::age_35_44::desligamentos,desligamentos,ppml,"C(event_time, contr.treatment(base=-1))[-6]:treatment",-6,0.08130282980218816,0.028925391086241252,False,15935,341,family_B_target:age_pnad:age_35_44,estimated,-1
group_pretrend::B::age_pnad::age_35_44::desligamentos,desligamentos,ppml,"C(event_time, contr.treatment(base=-1))[-5]:treatment",-5,0.07378321018620296,0.030085599417920612,False,15935,341,family_B_target:age_pnad:age_35_44,estimated,-1
group_pretrend::B::age_pnad::age_35_44::desligamentos,desligamentos,ppml,"C(event_time, contr.treatment(base=-1))[-4]:treatment",-4,0.05693685551865505,0.03092579110054334,False,15935,341,family_B_target:age_pnad:age_35_44,estimated,-1
group_pretrend::B::age_pnad::age_35_44::desligamentos,desligamentos,ppml,"C(event_time, contr.treatment(base=-1))[-3]:treatment",-3,0.07121745384369356,0.028424381638200748,False,15935,341,family_B_target:age_pnad:age_35_44,estimated,-1
group_pretrend::B::age_pnad::age_35_44::desligamentos,desligamentos,ppml,"C(event_time, contr.treatment(base=-1))[-2]:treatment",-2,0.06199383139571382,0.01887625268034827,False,15935,341,family_B_target:age_pnad:age_35_44,estimated,-1
group_pretrend::B::age_pnad::age_35_44::desligamentos,desligamentos,ppml,reference_event_time,-1,0.0,0.0,True,15935,341,family_B_target:age_pnad:age_35_44,estimated,-1
group_pretrend::B::age_pnad::age_35_44::desligamentos,desligamentos,ppml,"C(event_time, contr.treatment(base=-1))[0]:treatment",0,-0.050694931025129696,0.04604505129428572,False,15935,341,family_B_target:age_pnad:age_35_44,estimated,-1
group_pretrend::B::age_pnad::age_35_44::desligamentos,desligamentos,ppml,"C(event_time, contr.treatment(base=-1))[1]:treatment",1,0.0932895230332134,0.03444385695223945,False,15935,341,family_B_target:age_pnad:age_35_44,estimated,-1
group_pretrend::B::age_pnad::age_35_44::desligamentos,desligamentos,ppml,"C(event_time, contr.treatment(base=-1))[2]:treatment",2,0.06668417222678479,0.03205258192858808,False,15935,341,family_B_target:age_pnad:age_35_44,estimated,-1
group_pretrend::B::age_pnad::age_35_44::desligamentos,desligamentos,ppml,"C(event_time, contr.treatment(base=-1))[3]:treatment",3,0.025647890758364253,0.04047168944848577,False,15935,341,family_B_target:age_pnad:age_35_44,estimated,-1
group_pretrend::B::age_pnad::age_35_44::desligamentos,desligamentos,ppml,"C(event_time, contr.treatment(base=-1))[4]:treatment",4,0.003506227710177443,0.04434318950785231,False,15935,341,family_B_target:age_pnad:age_35_44,estimated,-1
group_pretrend::B::age_pnad::age_35_44::desligamentos,desligamentos,ppml,"C(event_time, contr.treatment(base=-1))[5]:treatment",5,-0.008422026751747656,0.043041314937429936,False,15935,341,family_B_target:age_pnad:age_35_44,estimated,-1
group_pretrend::B::age_pnad::age_35_44::desligamentos,desligamentos,ppml,"C(event_time, contr.treatment(base=-1))[6]:treatment",6,0.029152188180778395,0.04143358754850176,False,15935,341,family_B_target:age_pnad:age_35_44,estimated,-1
group_pretrend::B::age_pnad::age_35_44::desligamentos,desligamentos,ppml,"C(event_time, contr.treatment(base=-1))[7]:treatment",7,0.03439244498828549,0.043593365853797104,False,15935,341,family_B_target:age_pnad:age_35_44,estimated,-1
group_pretrend::B::age_pnad::age_35_44::desligamentos,desligamentos,ppml,"C(event_time, contr.treatment(base=-1))[8]:treatment",8,0.023578980457219748,0.04220176991911361,False,15935,341,family_B_target:age_pnad:age_35_44,estimated,-1
group_pretrend::B::age_pnad::age_35_44::desligamentos,desligamentos,ppml,"C(event_time, contr.treatment(base=-1))[9]:treatment",9,0.023013235167986746,0.04489882664962578,False,15935,341,family_B_target:age_pnad:age_35_44,estimated,-1
group_pretrend::B::age_pnad::age_35_44::desligamentos,desligamentos,ppml,"C(event_time, contr.treatment(base=-1))[10]:treatment",10,0.01260928057099313,0.042395501915990064,False,15935,341,family_B_target:age_pnad:age_35_44,estimated,-1
group_pretrend::B::age_pnad::age_35_44::desligamentos,desligamentos,ppml,"C(event_time, contr.treatment(base=-1))[11]:treatment",11,-0.03721573444062515,0.03777043122401296,False,15935,341,family_B_target:age_pnad:age_35_44,estimated,-1
group_pretrend::B::age_pnad::age_35_44::desligamentos,desligamentos,ppml,"C(event_time, contr.treatment(base=-1))[12]:treatment",12,-0.07685464721019365,0.05839780510132321,False,15935,341,family_B_target:age_pnad:age_35_44,estimated,-1
group_pretrend::B::age_pnad::age_35_44::desligamentos,desligamentos,ppml,"C(event_time, contr.treatment(base=-1))[13]:treatment",13,0.07611289639334735,0.05406118182134023,False,15935,341,family_B_target:age_pnad:age_35_44,estimated,-1
group_pretrend::B::age_pnad::age_35_44::desligamentos,desligamentos,ppml,"C(event_time, contr.treatment(base=-1))[14]:treatment",14,0.03234315725617511,0.04674343409615732,False,15935,341,family_B_target:age_pnad:age_35_44,estimated,-1
group_pretrend::B::age_pnad::age_35_44::desligamentos,desligamentos,ppml,"C(event_time, contr.treatment(base=-1))[15]:treatment",15,0.010562884974955526,0.04431241136832458,False,15935,341,family_B_target:age_pnad:age_35_44,estimated,-1
group_pretrend::B::age_pnad::age_35_44::desligamentos,desligamentos,ppml,"C(event_time, contr.treatment(base=-1))[16]:treatment",16,0.008540228205779075,0.0449773483307318,False,15935,341,family_B_target:age_pnad:age_35_44,estimated,-1
group_pretrend::B::age_pnad::age_35_44::desligamentos,desligamentos,ppml,"C(event_time, contr.treatment(base=-1))[17]:treatment",17,0.01295491978562205,0.04297668777145826,False,15935,341,family_B_target:age_pnad:age_35_44,estimated,-1
group_pretrend::B::age_pnad::age_35_44::desligamentos,desligamentos,ppml,"C(event_time, contr.treatment(base=-1))[18]:treatment",18,0.0325222699674135,0.04848350990085345,False,15935,341,family_B_target:age_pnad:age_35_44,estimated,-1
group_pretrend::B::age_pnad::age_35_44::desligamentos,desligamentos,ppml,"C(event_time, contr.treatment(base=-1))[19]:treatment",19,0.032301238489793965,0.04272510531587031,False,15935,341,family_B_target:age_pnad:age_35_44,estimated,-1
group_pretrend::B::age_pnad::age_35_44::desligamentos,desligamentos,ppml,"C(event_time, contr.treatment(base=-1))[20]:treatment",20,0.008248446976364808,0.04772693244916526,False,15935,341,family_B_target:age_pnad:age_35_44,estimated,-1
group_pretrend::B::age_pnad::age_35_44::desligamentos,desligamentos,ppml,"C(event_time, contr.treatment(base=-1))[21]:treatment",21,0.026165739142642284,0.05501214693203711,False,15935,341,family_B_target:age_pnad:age_35_44,estimated,-1
group_pretrend::B::age_pnad::age_35_44::desligamentos,desligamentos,ppml,"C(event_time, contr.treatment(base=-1))[22]:treatment",22,0.03592817889053891,0.03781518153694123,False,15935,341,family_B_target:age_pnad:age_35_44,estimated,-1
group_pretrend::B::age_pnad::age_35_44::desligamentos,desligamentos,ppml,"C(event_time, contr.treatment(base=-1))[23]:treatment",23,-0.020746188096304942,0.04785568407866413,False,15935,341,family_B_target:age_pnad:age_35_44,estimated,-1
group_pretrend::B::age_pnad::age_35_44::ln_salario_real_adm,ln_salario_real_adm,ols,"C(event_time, contr.treatment(base=-1))[-23]:treatment",-23,0.03133310534077663,0.024725699212505926,False,15775,340,family_B_target:age_pnad:age_35_44,estimated,-1
group_pretrend::B::age_pnad::age_35_44::ln_salario_real_adm,ln_salario_real_adm,ols,"C(event_time, contr.treatment(base=-1))[-22]:treatment",-22,0.012523377502167664,0.03095729177653272,False,15775,340,family_B_target:age_pnad:age_35_44,estimated,-1
group_pretrend::B::age_pnad::age_35_44::ln_salario_real_adm,ln_salario_real_adm,ols,"C(event_time, contr.treatment(base=-1))[-21]:treatment",-21,0.07576332575903108,0.04344202216209311,False,15775,340,family_B_target:age_pnad:age_35_44,estimated,-1
group_pretrend::B::age_pnad::age_35_44::ln_salario_real_adm,ln_salario_real_adm,ols,"C(event_time, contr.treatment(base=-1))[-20]:treatment",-20,0.07365026819204461,0.04004635542736436,False,15775,340,family_B_target:age_pnad:age_35_44,estimated,-1
group_pretrend::B::age_pnad::age_35_44::ln_salario_real_adm,ln_salario_real_adm,ols,"C(event_time, contr.treatment(base=-1))[-19]:treatment",-19,0.11545779381066824,0.031192570273769833,False,15775,340,family_B_target:age_pnad:age_35_44,estimated,-1
group_pretrend::B::age_pnad::age_35_44::ln_salario_real_adm,ln_salario_real_adm,ols,"C(event_time, contr.treatment(base=-1))[-18]:treatment",-18,0.10444098465893187,0.029595862785969772,False,15775,340,family_B_target:age_pnad:age_35_44,estimated,-1
group_pretrend::B::age_pnad::age_35_44::ln_salario_real_adm,ln_salario_real_adm,ols,"C(event_time, contr.treatment(base=-1))[-17]:treatment",-17,0.06564729853662864,0.023893370634089032,False,15775,340,family_B_target:age_pnad:age_35_44,estimated,-1
group_pretrend::B::age_pnad::age_35_44::ln_salario_real_adm,ln_salario_real_adm,ols,"C(event_time, contr.treatment(base=-1))[-16]:treatment",-16,0.10166957963356538,0.049129761028736306,False,15775,340,family_B_target:age_pnad:age_35_44,estimated,-1
group_pretrend::B::age_pnad::age_35_44::ln_salario_real_adm,ln_salario_real_adm,ols,"C(event_time, contr.treatment(base=-1))[-15]:treatment",-15,0.09262898646335913,0.02901334409826645,False,15775,340,family_B_target:age_pnad:age_35_44,estimated,-1
group_pretrend::B::age_pnad::age_35_44::ln_salario_real_adm,ln_salario_real_adm,ols,"C(event_time, contr.treatment(base=-1))[-14]:treatment",-14,0.04834654190675677,0.0306678095899635,False,15775,340,family_B_target:age_pnad:age_35_44,estimated,-1
group_pretrend::B::age_pnad::age_35_44::ln_salario_real_adm,ln_salario_real_adm,ols,"C(event_time, contr.treatment(base=-1))[-13]:treatment",-13,0.07365944347273157,0.026472547866922,False,15775,340,family_B_target:age_pnad:age_35_44,estimated,-1
group_pretrend::B::age_pnad::age_35_44::ln_salario_real_adm,ln_salario_real_adm,ols,"C(event_time, contr.treatment(base=-1))[-12]:treatment",-12,0.14099421408108814,0.054149583108416964,False,15775,340,family_B_target:age_pnad:age_35_44,estimated,-1
group_pretrend::B::age_pnad::age_35_44::ln_salario_real_adm,ln_salario_real_adm,ols,"C(event_time, contr.treatment(base=-1))[-11]:treatment",-11,0.0674245792595824,0.02854330432193032,False,15775,340,family_B_target:age_pnad:age_35_44,estimated,-1
group_pretrend::B::age_pnad::age_35_44::ln_salario_real_adm,ln_salario_real_adm,ols,"C(event_time, contr.treatment(base=-1))[-10]:treatment",-10,0.01411742651234823,0.019303400332611048,False,15775,340,family_B_target:age_pnad:age_35_44,estimated,-1
group_pretrend::B::age_pnad::age_35_44::ln_salario_real_adm,ln_salario_real_adm,ols,"C(event_time, contr.treatment(base=-1))[-9]:treatment",-9,0.06143467560225656,0.029122006887809658,False,15775,340,family_B_target:age_pnad:age_35_44,estimated,-1
group_pretrend::B::age_pnad::age_35_44::ln_salario_real_adm,ln_salario_real_adm,ols,"C(event_time, contr.treatment(base=-1))[-8]:treatment",-8,0.038082790052025896,0.02733660137024077,False,15775,340,family_B_target:age_pnad:age_35_44,estimated,-1
group_pretrend::B::age_pnad::age_35_44::ln_salario_real_adm,ln_salario_real_adm,ols,"C(event_time, contr.treatment(base=-1))[-7]:treatment",-7,0.05179637657330496,0.026023416261038948,False,15775,340,family_B_target:age_pnad:age_35_44,estimated,-1
group_pretrend::B::age_pnad::age_35_44::ln_salario_real_adm,ln_salario_real_adm,ols,"C(event_time, contr.treatment(base=-1))[-6]:treatment",-6,0.04689920699998062,0.027375125731918363,False,15775,340,family_B_target:age_pnad:age_35_44,estimated,-1
group_pretrend::B::age_pnad::age_35_44::ln_salario_real_adm,ln_salario_real_adm,ols,"C(event_time, contr.treatment(base=-1))[-5]:treatment",-5,0.04397668640142548,0.03183636746135603,False,15775,340,family_B_target:age_pnad:age_35_44,estimated,-1
group_pretrend::B::age_pnad::age_35_44::ln_salario_real_adm,ln_salario_real_adm,ols,"C(event_time, contr.treatment(base=-1))[-4]:treatment",-4,0.04272881472875045,0.025408273026845882,False,15775,340,family_B_target:age_pnad:age_35_44,estimated,-1
group_pretrend::B::age_pnad::age_35_44::ln_salario_real_adm,ln_salario_real_adm,ols,"C(event_time, contr.treatment(base=-1))[-3]:treatment",-3,0.04387337638975039,0.04079460790400414,False,15775,340,family_B_target:age_pnad:age_35_44,estimated,-1
group_pretrend::B::age_pnad::age_35_44::ln_salario_real_adm,ln_salario_real_adm,ols,"C(event_time, contr.treatment(base=-1))[-2]:treatment",-2,0.0249183873209887,0.02317316839130129,False,15775,340,family_B_target:age_pnad:age_35_44,estimated,-1
group_pretrend::B::age_pnad::age_35_44::ln_salario_real_adm,ln_salario_real_adm,ols,reference_event_time,-1,0.0,0.0,True,15775,340,family_B_target:age_pnad:age_35_44,estimated,-1
group_pretrend::B::age_pnad::age_35_44::ln_salario_real_adm,ln_salario_real_adm,ols,"C(event_time, contr.treatment(base=-1))[0]:treatment",0,0.056627525299613304,0.026723368114641148,False,15775,340,family_B_target:age_pnad:age_35_44,estimated,-1
group_pretrend::B::age_pnad::age_35_44::ln_salario_real_adm,ln_salario_real_adm,ols,"C(event_time, contr.treatment(base=-1))[1]:treatment",1,0.02145487935679049,0.02799955601238082,False,15775,340,family_B_target:age_pnad:age_35_44,estimated,-1
group_pretrend::B::age_pnad::age_35_44::ln_salario_real_adm,ln_salario_real_adm,ols,"C(event_time, contr.treatment(base=-1))[2]:treatment",2,0.006072475430088383,0.032694836912354884,False,15775,340,family_B_target:age_pnad:age_35_44,estimated,-1
group_pretrend::B::age_pnad::age_35_44::ln_salario_real_adm,ln_salario_real_adm,ols,"C(event_time, contr.treatment(base=-1))[3]:treatment",3,-0.012949687039949434,0.02479814250951518,False,15775,340,family_B_target:age_pnad:age_35_44,estimated,-1
group_pretrend::B::age_pnad::age_35_44::ln_salario_real_adm,ln_salario_real_adm,ols,"C(event_time, contr.treatment(base=-1))[4]:treatment",4,0.006667769482228261,0.026591021306780285,False,15775,340,family_B_target:age_pnad:age_35_44,estimated,-1
group_pretrend::B::age_pnad::age_35_44::ln_salario_real_adm,ln_salario_real_adm,ols,"C(event_time, contr.treatment(base=-1))[5]:treatment",5,-0.009358592466904828,0.03336475020383189,False,15775,340,family_B_target:age_pnad:age_35_44,estimated,-1
group_pretrend::B::age_pnad::age_35_44::ln_salario_real_adm,ln_salario_real_adm,ols,"C(event_time, contr.treatment(base=-1))[6]:treatment",6,0.027327856984663237,0.027433998595039664,False,15775,340,family_B_target:age_pnad:age_35_44,estimated,-1
group_pretrend::B::age_pnad::age_35_44::ln_salario_real_adm,ln_salario_real_adm,ols,"C(event_time, contr.treatment(base=-1))[7]:treatment",7,0.0007432432650438827,0.029234749912716424,False,15775,340,family_B_target:age_pnad:age_35_44,estimated,-1
group_pretrend::B::age_pnad::age_35_44::ln_salario_real_adm,ln_salario_real_adm,ols,"C(event_time, contr.treatment(base=-1))[8]:treatment",8,0.011158244487479964,0.03001743487788254,False,15775,340,family_B_target:age_pnad:age_35_44,estimated,-1
group_pretrend::B::age_pnad::age_35_44::ln_salario_real_adm,ln_salario_real_adm,ols,"C(event_time, contr.treatment(base=-1))[9]:treatment",9,-0.025231431737610534,0.032258853051711056,False,15775,340,family_B_target:age_pnad:age_35_44,estimated,-1
group_pretrend::B::age_pnad::age_35_44::ln_salario_real_adm,ln_salario_real_adm,ols,"C(event_time, contr.treatment(base=-1))[10]:treatment",10,-0.014512858159882739,0.027530205625832846,False,15775,340,family_B_target:age_pnad:age_35_44,estimated,-1
group_pretrend::B::age_pnad::age_35_44::ln_salario_real_adm,ln_salario_real_adm,ols,"C(event_time, contr.treatment(base=-1))[11]:treatment",11,0.023535546627273113,0.0424336535596774,False,15775,340,family_B_target:age_pnad:age_35_44,estimated,-1
group_pretrend::B::age_pnad::age_35_44::ln_salario_real_adm,ln_salario_real_adm,ols,"C(event_time, contr.treatment(base=-1))[12]:treatment",12,-0.004300715423518393,0.029184082740210053,False,15775,340,family_B_target:age_pnad:age_35_44,estimated,-1
group_pretrend::B::age_pnad::age_35_44::ln_salario_real_adm,ln_salario_real_adm,ols,"C(event_time, contr.treatment(base=-1))[13]:treatment",13,-0.001176893260687285,0.023847283389520184,False,15775,340,family_B_target:age_pnad:age_35_44,estimated,-1
group_pretrend::B::age_pnad::age_35_44::ln_salario_real_adm,ln_salario_real_adm,ols,"C(event_time, contr.treatment(base=-1))[14]:treatment",14,-0.025762082548721796,0.029482214180150186,False,15775,340,family_B_target:age_pnad:age_35_44,estimated,-1
group_pretrend::B::age_pnad::age_35_44::ln_salario_real_adm,ln_salario_real_adm,ols,"C(event_time, contr.treatment(base=-1))[15]:treatment",15,-0.028985030674770502,0.027558060886402752,False,15775,340,family_B_target:age_pnad:age_35_44,estimated,-1
group_pretrend::B::age_pnad::age_35_44::ln_salario_real_adm,ln_salario_real_adm,ols,"C(event_time, contr.treatment(base=-1))[16]:treatment",16,0.006613715318459639,0.027398858332497708,False,15775,340,family_B_target:age_pnad:age_35_44,estimated,-1
group_pretrend::B::age_pnad::age_35_44::ln_salario_real_adm,ln_salario_real_adm,ols,"C(event_time, contr.treatment(base=-1))[17]:treatment",17,-0.009812930950508388,0.025426682507676455,False,15775,340,family_B_target:age_pnad:age_35_44,estimated,-1
group_pretrend::B::age_pnad::age_35_44::ln_salario_real_adm,ln_salario_real_adm,ols,"C(event_time, contr.treatment(base=-1))[18]:treatment",18,0.005510101060333148,0.026325916552815295,False,15775,340,family_B_target:age_pnad:age_35_44,estimated,-1
group_pretrend::B::age_pnad::age_35_44::ln_salario_real_adm,ln_salario_real_adm,ols,"C(event_time, contr.treatment(base=-1))[19]:treatment",19,0.0309717714707624,0.03842203197992994,False,15775,340,family_B_target:age_pnad:age_35_44,estimated,-1
group_pretrend::B::age_pnad::age_35_44::ln_salario_real_adm,ln_salario_real_adm,ols,"C(event_time, contr.treatment(base=-1))[20]:treatment",20,-0.012459941640438042,0.031785459429384356,False,15775,340,family_B_target:age_pnad:age_35_44,estimated,-1
group_pretrend::B::age_pnad::age_35_44::ln_salario_real_adm,ln_salario_real_adm,ols,"C(event_time, contr.treatment(base=-1))[21]:treatment",21,0.02226633769632795,0.026200666964392858,False,15775,340,family_B_target:age_pnad:age_35_44,estimated,-1
group_pretrend::B::age_pnad::age_35_44::ln_salario_real_adm,ln_salario_real_adm,ols,"C(event_time, contr.treatment(base=-1))[22]:treatment",22,0.015135686751228509,0.023727553252922116,False,15775,340,family_B_target:age_pnad:age_35_44,estimated,-1
group_pretrend::B::age_pnad::age_35_44::ln_salario_real_adm,ln_salario_real_adm,ols,"C(event_time, contr.treatment(base=-1))[23]:treatment",23,0.021104129504466773,0.026426097106856474,False,15775,340,family_B_target:age_pnad:age_35_44,estimated,-1
group_pretrend::B::age_pnad::age_35_44::n_movimentacoes,n_movimentacoes,ppml,"C(event_time, contr.treatment(base=-1))[-23]:treatment",-23,-0.007631798714436264,0.03960159909955771,False,15935,341,family_B_target:age_pnad:age_35_44,estimated,-1
group_pretrend::B::age_pnad::age_35_44::n_movimentacoes,n_movimentacoes,ppml,"C(event_time, contr.treatment(base=-1))[-22]:treatment",-22,-0.06438002683862248,0.04479370300353464,False,15935,341,family_B_target:age_pnad:age_35_44,estimated,-1
group_pretrend::B::age_pnad::age_35_44::n_movimentacoes,n_movimentacoes,ppml,"C(event_time, contr.treatment(base=-1))[-21]:treatment",-21,-0.06263113119587012,0.044836762022791354,False,15935,341,family_B_target:age_pnad:age_35_44,estimated,-1
group_pretrend::B::age_pnad::age_35_44::n_movimentacoes,n_movimentacoes,ppml,"C(event_time, contr.treatment(base=-1))[-20]:treatment",-20,-0.04084196856377458,0.053582943472646104,False,15935,341,family_B_target:age_pnad:age_35_44,estimated,-1
group_pretrend::B::age_pnad::age_35_44::n_movimentacoes,n_movimentacoes,ppml,"C(event_time, contr.treatment(base=-1))[-19]:treatment",-19,-0.06157788769331271,0.04657418115476419,False,15935,341,family_B_target:age_pnad:age_35_44,estimated,-1
group_pretrend::B::age_pnad::age_35_44::n_movimentacoes,n_movimentacoes,ppml,"C(event_time, contr.treatment(base=-1))[-18]:treatment",-18,-0.02253601546827228,0.04407466113965268,False,15935,341,family_B_target:age_pnad:age_35_44,estimated,-1
group_pretrend::B::age_pnad::age_35_44::n_movimentacoes,n_movimentacoes,ppml,"C(event_time, contr.treatment(base=-1))[-17]:treatment",-17,-0.018791124755500103,0.04283568709397474,False,15935,341,family_B_target:age_pnad:age_35_44,estimated,-1
group_pretrend::B::age_pnad::age_35_44::n_movimentacoes,n_movimentacoes,ppml,"C(event_time, contr.treatment(base=-1))[-16]:treatment",-16,-0.030519613620347236,0.04057186774115327,False,15935,341,family_B_target:age_pnad:age_35_44,estimated,-1
group_pretrend::B::age_pnad::age_35_44::n_movimentacoes,n_movimentacoes,ppml,"C(event_time, contr.treatment(base=-1))[-15]:treatment",-15,-0.013604045552769185,0.038460147515609146,False,15935,341,family_B_target:age_pnad:age_35_44,estimated,-1
group_pretrend::B::age_pnad::age_35_44::n_movimentacoes,n_movimentacoes,ppml,"C(event_time, contr.treatment(base=-1))[-14]:treatment",-14,0.012985726475565859,0.03150485056101022,False,15935,341,family_B_target:age_pnad:age_35_44,estimated,-1
group_pretrend::B::age_pnad::age_35_44::n_movimentacoes,n_movimentacoes,ppml,"C(event_time, contr.treatment(base=-1))[-13]:treatment",-13,0.028724463097399764,0.02035788114868488,False,15935,341,family_B_target:age_pnad:age_35_44,estimated,-1
group_pretrend::B::age_pnad::age_35_44::n_movimentacoes,n_movimentacoes,ppml,"C(event_time, contr.treatment(base=-1))[-12]:treatment",-12,0.04911649059503328,0.02810568483799345,False,15935,341,family_B_target:age_pnad:age_35_44,estimated,-1
group_pretrend::B::age_pnad::age_35_44::n_movimentacoes,n_movimentacoes,ppml,"C(event_time, contr.treatment(base=-1))[-11]:treatment",-11,0.024086881378541012,0.031276823776134624,False,15935,341,family_B_target:age_pnad:age_35_44,estimated,-1
group_pretrend::B::age_pnad::age_35_44::n_movimentacoes,n_movimentacoes,ppml,"C(event_time, contr.treatment(base=-1))[-10]:treatment",-10,-0.018542697449589564,0.041110824386837705,False,15935,341,family_B_target:age_pnad:age_35_44,estimated,-1
group_pretrend::B::age_pnad::age_35_44::n_movimentacoes,n_movimentacoes,ppml,"C(event_time, contr.treatment(base=-1))[-9]:treatment",-9,-0.02170956165836799,0.038942881096730386,False,15935,341,family_B_target:age_pnad:age_35_44,estimated,-1
group_pretrend::B::age_pnad::age_35_44::n_movimentacoes,n_movimentacoes,ppml,"C(event_time, contr.treatment(base=-1))[-8]:treatment",-8,0.019876834089086488,0.03764654478727331,False,15935,341,family_B_target:age_pnad:age_35_44,estimated,-1
group_pretrend::B::age_pnad::age_35_44::n_movimentacoes,n_movimentacoes,ppml,"C(event_time, contr.treatment(base=-1))[-7]:treatment",-7,-0.023307495469964502,0.031221300556476716,False,15935,341,family_B_target:age_pnad:age_35_44,estimated,-1
group_pretrend::B::age_pnad::age_35_44::n_movimentacoes,n_movimentacoes,ppml,"C(event_time, contr.treatment(base=-1))[-6]:treatment",-6,-0.02243690410434368,0.032165411383501506,False,15935,341,family_B_target:age_pnad:age_35_44,estimated,-1
group_pretrend::B::age_pnad::age_35_44::n_movimentacoes,n_movimentacoes,ppml,"C(event_time, contr.treatment(base=-1))[-5]:treatment",-5,-0.02492599714871171,0.02902286992624951,False,15935,341,family_B_target:age_pnad:age_35_44,estimated,-1
group_pretrend::B::age_pnad::age_35_44::n_movimentacoes,n_movimentacoes,ppml,"C(event_time, contr.treatment(base=-1))[-4]:treatment",-4,-0.027546376442103258,0.028230638092448572,False,15935,341,family_B_target:age_pnad:age_35_44,estimated,-1
group_pretrend::B::age_pnad::age_35_44::n_movimentacoes,n_movimentacoes,ppml,"C(event_time, contr.treatment(base=-1))[-3]:treatment",-3,0.0023302931128896245,0.02382011656910938,False,15935,341,family_B_target:age_pnad:age_35_44,estimated,-1
group_pretrend::B::age_pnad::age_35_44::n_movimentacoes,n_movimentacoes,ppml,"C(event_time, contr.treatment(base=-1))[-2]:treatment",-2,0.0021575445772738697,0.01514672323080586,False,15935,341,family_B_target:age_pnad:age_35_44,estimated,-1
group_pretrend::B::age_pnad::age_35_44::n_movimentacoes,n_movimentacoes,ppml,reference_event_time,-1,0.0,0.0,True,15935,341,family_B_target:age_pnad:age_35_44,estimated,-1
group_pretrend::B::age_pnad::age_35_44::n_movimentacoes,n_movimentacoes,ppml,"C(event_time, contr.treatment(base=-1))[0]:treatment",0,-0.0325243052307134,0.02954026619181529,False,15935,341,family_B_target:age_pnad:age_35_44,estimated,-1
group_pretrend::B::age_pnad::age_35_44::n_movimentacoes,n_movimentacoes,ppml,"C(event_time, contr.treatment(base=-1))[1]:treatment",1,-0.029433658206533705,0.024730545625529267,False,15935,341,family_B_target:age_pnad:age_35_44,estimated,-1
group_pretrend::B::age_pnad::age_35_44::n_movimentacoes,n_movimentacoes,ppml,"C(event_time, contr.treatment(base=-1))[2]:treatment",2,-0.07006472284573148,0.030090872292024867,False,15935,341,family_B_target:age_pnad:age_35_44,estimated,-1
group_pretrend::B::age_pnad::age_35_44::n_movimentacoes,n_movimentacoes,ppml,"C(event_time, contr.treatment(base=-1))[3]:treatment",3,-0.07326420783313423,0.0256250372979743,False,15935,341,family_B_target:age_pnad:age_35_44,estimated,-1
group_pretrend::B::age_pnad::age_35_44::n_movimentacoes,n_movimentacoes,ppml,"C(event_time, contr.treatment(base=-1))[4]:treatment",4,-0.06687649315079,0.026929204634997175,False,15935,341,family_B_target:age_pnad:age_35_44,estimated,-1
group_pretrend::B::age_pnad::age_35_44::n_movimentacoes,n_movimentacoes,ppml,"C(event_time, contr.treatment(base=-1))[5]:treatment",5,-0.10068421118377144,0.02387705413588158,False,15935,341,family_B_target:age_pnad:age_35_44,estimated,-1
group_pretrend::B::age_pnad::age_35_44::n_movimentacoes,n_movimentacoes,ppml,"C(event_time, contr.treatment(base=-1))[6]:treatment",6,-0.06197202047214928,0.024837628537359255,False,15935,341,family_B_target:age_pnad:age_35_44,estimated,-1
group_pretrend::B::age_pnad::age_35_44::n_movimentacoes,n_movimentacoes,ppml,"C(event_time, contr.treatment(base=-1))[7]:treatment",7,-0.05980893082090659,0.022786399744260822,False,15935,341,family_B_target:age_pnad:age_35_44,estimated,-1
group_pretrend::B::age_pnad::age_35_44::n_movimentacoes,n_movimentacoes,ppml,"C(event_time, contr.treatment(base=-1))[8]:treatment",8,-0.06341754475130165,0.023515438231589164,False,15935,341,family_B_target:age_pnad:age_35_44,estimated,-1
group_pretrend::B::age_pnad::age_35_44::n_movimentacoes,n_movimentacoes,ppml,"C(event_time, contr.treatment(base=-1))[9]:treatment",9,-0.06393671851429453,0.023049518947915657,False,15935,341,family_B_target:age_pnad:age_35_44,estimated,-1
group_pretrend::B::age_pnad::age_35_44::n_movimentacoes,n_movimentacoes,ppml,"C(event_time, contr.treatment(base=-1))[10]:treatment",10,-0.045076989532870884,0.02095766390114784,False,15935,341,family_B_target:age_pnad:age_35_44,estimated,-1
group_pretrend::B::age_pnad::age_35_44::n_movimentacoes,n_movimentacoes,ppml,"C(event_time, contr.treatment(base=-1))[11]:treatment",11,-0.024136080697239423,0.025548376843642334,False,15935,341,family_B_target:age_pnad:age_35_44,estimated,-1
group_pretrend::B::age_pnad::age_35_44::n_movimentacoes,n_movimentacoes,ppml,"C(event_time, contr.treatment(base=-1))[12]:treatment",12,-0.037609385797674616,0.03791994199948969,False,15935,341,family_B_target:age_pnad:age_35_44,estimated,-1
group_pretrend::B::age_pnad::age_35_44::n_movimentacoes,n_movimentacoes,ppml,"C(event_time, contr.treatment(base=-1))[13]:treatment",13,-0.03574534641486524,0.027236079322827098,False,15935,341,family_B_target:age_pnad:age_35_44,estimated,-1
group_pretrend::B::age_pnad::age_35_44::n_movimentacoes,n_movimentacoes,ppml,"C(event_time, contr.treatment(base=-1))[14]:treatment",14,-0.08795706651430489,0.030790936253678968,False,15935,341,family_B_target:age_pnad:age_35_44,estimated,-1
group_pretrend::B::age_pnad::age_35_44::n_movimentacoes,n_movimentacoes,ppml,"C(event_time, contr.treatment(base=-1))[15]:treatment",15,-0.06645979729315457,0.02393888466846436,False,15935,341,family_B_target:age_pnad:age_35_44,estimated,-1
group_pretrend::B::age_pnad::age_35_44::n_movimentacoes,n_movimentacoes,ppml,"C(event_time, contr.treatment(base=-1))[16]:treatment",16,-0.06245068931314684,0.026149263523421513,False,15935,341,family_B_target:age_pnad:age_35_44,estimated,-1
group_pretrend::B::age_pnad::age_35_44::n_movimentacoes,n_movimentacoes,ppml,"C(event_time, contr.treatment(base=-1))[17]:treatment",17,-0.07038539457693699,0.02350642748563359,False,15935,341,family_B_target:age_pnad:age_35_44,estimated,-1
group_pretrend::B::age_pnad::age_35_44::n_movimentacoes,n_movimentacoes,ppml,"C(event_time, contr.treatment(base=-1))[18]:treatment",18,-0.06109636849199925,0.025624233486524588,False,15935,341,family_B_target:age_pnad:age_35_44,estimated,-1
group_pretrend::B::age_pnad::age_35_44::n_movimentacoes,n_movimentacoes,ppml,"C(event_time, contr.treatment(base=-1))[19]:treatment",19,-0.04652387469937606,0.02392661027152898,False,15935,341,family_B_target:age_pnad:age_35_44,estimated,-1
group_pretrend::B::age_pnad::age_35_44::n_movimentacoes,n_movimentacoes,ppml,"C(event_time, contr.treatment(base=-1))[20]:treatment",20,-0.057415573375697034,0.026801151993004677,False,15935,341,family_B_target:age_pnad:age_35_44,estimated,-1
group_pretrend::B::age_pnad::age_35_44::n_movimentacoes,n_movimentacoes,ppml,"C(event_time, contr.treatment(base=-1))[21]:treatment",21,-0.03695985825165729,0.027973424605562132,False,15935,341,family_B_target:age_pnad:age_35_44,estimated,-1
group_pretrend::B::age_pnad::age_35_44::n_movimentacoes,n_movimentacoes,ppml,"C(event_time, contr.treatment(base=-1))[22]:treatment",22,-0.04007318474036027,0.028572881034384663,False,15935,341,family_B_target:age_pnad:age_35_44,estimated,-1
group_pretrend::B::age_pnad::age_35_44::n_movimentacoes,n_movimentacoes,ppml,"C(event_time, contr.treatment(base=-1))[23]:treatment",23,-0.02044546635390134,0.03739849062798075,False,15935,341,family_B_target:age_pnad:age_35_44,estimated,-1
group_pretrend::B::age_pnad::age_45_54::admissoes,admissoes,ppml,"C(event_time, contr.treatment(base=-1))[-23]:treatment",-23,-0.06721007718532025,0.09842631807506343,False,15935,341,family_B_target:age_pnad:age_45_54,estimated,-1
group_pretrend::B::age_pnad::age_45_54::admissoes,admissoes,ppml,"C(event_time, contr.treatment(base=-1))[-22]:treatment",-22,-0.1633943300567687,0.09214567016780582,False,15935,341,family_B_target:age_pnad:age_45_54,estimated,-1
group_pretrend::B::age_pnad::age_45_54::admissoes,admissoes,ppml,"C(event_time, contr.treatment(base=-1))[-21]:treatment",-21,-0.11228030220871214,0.09032022002006902,False,15935,341,family_B_target:age_pnad:age_45_54,estimated,-1
group_pretrend::B::age_pnad::age_45_54::admissoes,admissoes,ppml,"C(event_time, contr.treatment(base=-1))[-20]:treatment",-20,-0.10669037002504259,0.10221941202592418,False,15935,341,family_B_target:age_pnad:age_45_54,estimated,-1
group_pretrend::B::age_pnad::age_45_54::admissoes,admissoes,ppml,"C(event_time, contr.treatment(base=-1))[-19]:treatment",-19,-0.15373753211112584,0.09529238865049915,False,15935,341,family_B_target:age_pnad:age_45_54,estimated,-1
group_pretrend::B::age_pnad::age_45_54::admissoes,admissoes,ppml,"C(event_time, contr.treatment(base=-1))[-18]:treatment",-18,-0.11578659510446335,0.08572804462241583,False,15935,341,family_B_target:age_pnad:age_45_54,estimated,-1
group_pretrend::B::age_pnad::age_45_54::admissoes,admissoes,ppml,"C(event_time, contr.treatment(base=-1))[-17]:treatment",-17,-0.10448799643539342,0.07736007110418616,False,15935,341,family_B_target:age_pnad:age_45_54,estimated,-1
group_pretrend::B::age_pnad::age_45_54::admissoes,admissoes,ppml,"C(event_time, contr.treatment(base=-1))[-16]:treatment",-16,-0.11460014731260638,0.07693145885189456,False,15935,341,family_B_target:age_pnad:age_45_54,estimated,-1
group_pretrend::B::age_pnad::age_45_54::admissoes,admissoes,ppml,"C(event_time, contr.treatment(base=-1))[-15]:treatment",-15,-0.10221621750194498,0.08085866783639044,False,15935,341,family_B_target:age_pnad:age_45_54,estimated,-1
group_pretrend::B::age_pnad::age_45_54::admissoes,admissoes,ppml,"C(event_time, contr.treatment(base=-1))[-14]:treatment",-14,-0.05464844940829934,0.05626198134766672,False,15935,341,family_B_target:age_pnad:age_45_54,estimated,-1
group_pretrend::B::age_pnad::age_45_54::admissoes,admissoes,ppml,"C(event_time, contr.treatment(base=-1))[-13]:treatment",-13,0.0007830755431122954,0.03912179676384042,False,15935,341,family_B_target:age_pnad:age_45_54,estimated,-1
group_pretrend::B::age_pnad::age_45_54::admissoes,admissoes,ppml,"C(event_time, contr.treatment(base=-1))[-12]:treatment",-12,0.0436683274958374,0.028900908742153477,False,15935,341,family_B_target:age_pnad:age_45_54,estimated,-1
group_pretrend::B::age_pnad::age_45_54::admissoes,admissoes,ppml,"C(event_time, contr.treatment(base=-1))[-11]:treatment",-11,-0.08862455953014838,0.08262145760244509,False,15935,341,family_B_target:age_pnad:age_45_54,estimated,-1
group_pretrend::B::age_pnad::age_45_54::admissoes,admissoes,ppml,"C(event_time, contr.treatment(base=-1))[-10]:treatment",-10,-0.13429877503073112,0.08601197101177861,False,15935,341,family_B_target:age_pnad:age_45_54,estimated,-1
group_pretrend::B::age_pnad::age_45_54::admissoes,admissoes,ppml,"C(event_time, contr.treatment(base=-1))[-9]:treatment",-9,-0.09830318237152881,0.08257786908710991,False,15935,341,family_B_target:age_pnad:age_45_54,estimated,-1
group_pretrend::B::age_pnad::age_45_54::admissoes,admissoes,ppml,"C(event_time, contr.treatment(base=-1))[-8]:treatment",-8,-0.05100784665593464,0.07437657144004729,False,15935,341,family_B_target:age_pnad:age_45_54,estimated,-1
group_pretrend::B::age_pnad::age_45_54::admissoes,admissoes,ppml,"C(event_time, contr.treatment(base=-1))[-7]:treatment",-7,-0.1314326051519349,0.06868080359298534,False,15935,341,family_B_target:age_pnad:age_45_54,estimated,-1
group_pretrend::B::age_pnad::age_45_54::admissoes,admissoes,ppml,"C(event_time, contr.treatment(base=-1))[-6]:treatment",-6,-0.12338821226130461,0.07060975034382988,False,15935,341,family_B_target:age_pnad:age_45_54,estimated,-1
group_pretrend::B::age_pnad::age_45_54::admissoes,admissoes,ppml,"C(event_time, contr.treatment(base=-1))[-5]:treatment",-5,-0.12178908849542625,0.06660537140483713,False,15935,341,family_B_target:age_pnad:age_45_54,estimated,-1
group_pretrend::B::age_pnad::age_45_54::admissoes,admissoes,ppml,"C(event_time, contr.treatment(base=-1))[-4]:treatment",-4,-0.10333151743158446,0.0646843764485656,False,15935,341,family_B_target:age_pnad:age_45_54,estimated,-1
group_pretrend::B::age_pnad::age_45_54::admissoes,admissoes,ppml,"C(event_time, contr.treatment(base=-1))[-3]:treatment",-3,-0.05283132341731767,0.06081731128950247,False,15935,341,family_B_target:age_pnad:age_45_54,estimated,-1
group_pretrend::B::age_pnad::age_45_54::admissoes,admissoes,ppml,"C(event_time, contr.treatment(base=-1))[-2]:treatment",-2,-0.06213813379157884,0.030732788483580263,False,15935,341,family_B_target:age_pnad:age_45_54,estimated,-1
group_pretrend::B::age_pnad::age_45_54::admissoes,admissoes,ppml,reference_event_time,-1,0.0,0.0,True,15935,341,family_B_target:age_pnad:age_45_54,estimated,-1
group_pretrend::B::age_pnad::age_45_54::admissoes,admissoes,ppml,"C(event_time, contr.treatment(base=-1))[0]:treatment",0,-0.016300919929495058,0.036326729768772485,False,15935,341,family_B_target:age_pnad:age_45_54,estimated,-1
group_pretrend::B::age_pnad::age_45_54::admissoes,admissoes,ppml,"C(event_time, contr.treatment(base=-1))[1]:treatment",1,-0.1347890094463994,0.0641651772551988,False,15935,341,family_B_target:age_pnad:age_45_54,estimated,-1
group_pretrend::B::age_pnad::age_45_54::admissoes,admissoes,ppml,"C(event_time, contr.treatment(base=-1))[2]:treatment",2,-0.18537595989601408,0.06762832512308152,False,15935,341,family_B_target:age_pnad:age_45_54,estimated,-1
group_pretrend::B::age_pnad::age_45_54::admissoes,admissoes,ppml,"C(event_time, contr.treatment(base=-1))[3]:treatment",3,-0.15746581046766722,0.05382036126429756,False,15935,341,family_B_target:age_pnad:age_45_54,estimated,-1
group_pretrend::B::age_pnad::age_45_54::admissoes,admissoes,ppml,"C(event_time, contr.treatment(base=-1))[4]:treatment",4,-0.12839340408105673,0.04826475358646653,False,15935,341,family_B_target:age_pnad:age_45_54,estimated,-1
group_pretrend::B::age_pnad::age_45_54::admissoes,admissoes,ppml,"C(event_time, contr.treatment(base=-1))[5]:treatment",5,-0.1810265673276108,0.0476402730591144,False,15935,341,family_B_target:age_pnad:age_45_54,estimated,-1
group_pretrend::B::age_pnad::age_45_54::admissoes,admissoes,ppml,"C(event_time, contr.treatment(base=-1))[6]:treatment",6,-0.1493730804829287,0.04739802687092819,False,15935,341,family_B_target:age_pnad:age_45_54,estimated,-1
group_pretrend::B::age_pnad::age_45_54::admissoes,admissoes,ppml,"C(event_time, contr.treatment(base=-1))[7]:treatment",7,-0.1363638669103329,0.03674287039192384,False,15935,341,family_B_target:age_pnad:age_45_54,estimated,-1
group_pretrend::B::age_pnad::age_45_54::admissoes,admissoes,ppml,"C(event_time, contr.treatment(base=-1))[8]:treatment",8,-0.1312207091408788,0.04327738823250539,False,15935,341,family_B_target:age_pnad:age_45_54,estimated,-1
group_pretrend::B::age_pnad::age_45_54::admissoes,admissoes,ppml,"C(event_time, contr.treatment(base=-1))[9]:treatment",9,-0.12214103851583656,0.03895914898904285,False,15935,341,family_B_target:age_pnad:age_45_54,estimated,-1
group_pretrend::B::age_pnad::age_45_54::admissoes,admissoes,ppml,"C(event_time, contr.treatment(base=-1))[10]:treatment",10,-0.057712771560368734,0.021506245316324706,False,15935,341,family_B_target:age_pnad:age_45_54,estimated,-1
group_pretrend::B::age_pnad::age_45_54::admissoes,admissoes,ppml,"C(event_time, contr.treatment(base=-1))[11]:treatment",11,-0.0004892358287155694,0.02290090808707492,False,15935,341,family_B_target:age_pnad:age_45_54,estimated,-1
group_pretrend::B::age_pnad::age_45_54::admissoes,admissoes,ppml,"C(event_time, contr.treatment(base=-1))[12]:treatment",12,0.03213442866143427,0.04808229937186538,False,15935,341,family_B_target:age_pnad:age_45_54,estimated,-1
group_pretrend::B::age_pnad::age_45_54::admissoes,admissoes,ppml,"C(event_time, contr.treatment(base=-1))[13]:treatment",13,-0.09866346992495073,0.05099415395243772,False,15935,341,family_B_target:age_pnad:age_45_54,estimated,-1
group_pretrend::B::age_pnad::age_45_54::admissoes,admissoes,ppml,"C(event_time, contr.treatment(base=-1))[14]:treatment",14,-0.15802293841455092,0.05113705714857952,False,15935,341,family_B_target:age_pnad:age_45_54,estimated,-1
group_pretrend::B::age_pnad::age_45_54::admissoes,admissoes,ppml,"C(event_time, contr.treatment(base=-1))[15]:treatment",15,-0.10707299851941261,0.0402750229470099,False,15935,341,family_B_target:age_pnad:age_45_54,estimated,-1
group_pretrend::B::age_pnad::age_45_54::admissoes,admissoes,ppml,"C(event_time, contr.treatment(base=-1))[16]:treatment",16,-0.10663400205034816,0.03590116964919863,False,15935,341,family_B_target:age_pnad:age_45_54,estimated,-1
group_pretrend::B::age_pnad::age_45_54::admissoes,admissoes,ppml,"C(event_time, contr.treatment(base=-1))[17]:treatment",17,-0.13192546454446935,0.032630985103579584,False,15935,341,family_B_target:age_pnad:age_45_54,estimated,-1
group_pretrend::B::age_pnad::age_45_54::admissoes,admissoes,ppml,"C(event_time, contr.treatment(base=-1))[18]:treatment",18,-0.13619995286194617,0.033240654828817016,False,15935,341,family_B_target:age_pnad:age_45_54,estimated,-1
group_pretrend::B::age_pnad::age_45_54::admissoes,admissoes,ppml,"C(event_time, contr.treatment(base=-1))[19]:treatment",19,-0.08435395393742606,0.03196049630524042,False,15935,341,family_B_target:age_pnad:age_45_54,estimated,-1
group_pretrend::B::age_pnad::age_45_54::admissoes,admissoes,ppml,"C(event_time, contr.treatment(base=-1))[20]:treatment",20,-0.07938963452115826,0.03354492319347377,False,15935,341,family_B_target:age_pnad:age_45_54,estimated,-1
group_pretrend::B::age_pnad::age_45_54::admissoes,admissoes,ppml,"C(event_time, contr.treatment(base=-1))[21]:treatment",21,-0.06832574407173644,0.036408862254551436,False,15935,341,family_B_target:age_pnad:age_45_54,estimated,-1
group_pretrend::B::age_pnad::age_45_54::admissoes,admissoes,ppml,"C(event_time, contr.treatment(base=-1))[22]:treatment",22,-0.06838620987552735,0.03329480431969264,False,15935,341,family_B_target:age_pnad:age_45_54,estimated,-1
group_pretrend::B::age_pnad::age_45_54::admissoes,admissoes,ppml,"C(event_time, contr.treatment(base=-1))[23]:treatment",23,0.032031636597498025,0.04680834613188437,False,15935,341,family_B_target:age_pnad:age_45_54,estimated,-1
group_pretrend::B::age_pnad::age_45_54::asinh_saldo,asinh_saldo,ols,"C(event_time, contr.treatment(base=-1))[-23]:treatment",-23,-2.193791744542853,0.6688446818523259,False,15935,341,family_B_target:age_pnad:age_45_54,estimated,-1
group_pretrend::B::age_pnad::age_45_54::asinh_saldo,asinh_saldo,ols,"C(event_time, contr.treatment(base=-1))[-22]:treatment",-22,-2.610202531577074,0.6919576823876135,False,15935,341,family_B_target:age_pnad:age_45_54,estimated,-1
group_pretrend::B::age_pnad::age_45_54::asinh_saldo,asinh_saldo,ols,"C(event_time, contr.treatment(base=-1))[-21]:treatment",-21,-1.9429881362813695,0.6543722146304881,False,15935,341,family_B_target:age_pnad:age_45_54,estimated,-1
group_pretrend::B::age_pnad::age_45_54::asinh_saldo,asinh_saldo,ols,"C(event_time, contr.treatment(base=-1))[-20]:treatment",-20,-0.8160697983987879,0.6936121329931193,False,15935,341,family_B_target:age_pnad:age_45_54,estimated,-1
group_pretrend::B::age_pnad::age_45_54::asinh_saldo,asinh_saldo,ols,"C(event_time, contr.treatment(base=-1))[-19]:treatment",-19,-1.4993148598789698,0.6363057412362338,False,15935,341,family_B_target:age_pnad:age_45_54,estimated,-1
group_pretrend::B::age_pnad::age_45_54::asinh_saldo,asinh_saldo,ols,"C(event_time, contr.treatment(base=-1))[-18]:treatment",-18,-1.5633042245943625,0.6289975735860693,False,15935,341,family_B_target:age_pnad:age_45_54,estimated,-1
group_pretrend::B::age_pnad::age_45_54::asinh_saldo,asinh_saldo,ols,"C(event_time, contr.treatment(base=-1))[-17]:treatment",-17,-0.8716173836788598,0.6014051713644024,False,15935,341,family_B_target:age_pnad:age_45_54,estimated,-1
group_pretrend::B::age_pnad::age_45_54::asinh_saldo,asinh_saldo,ols,"C(event_time, contr.treatment(base=-1))[-16]:treatment",-16,-1.019529311718739,0.6285517501673591,False,15935,341,family_B_target:age_pnad:age_45_54,estimated,-1
group_pretrend::B::age_pnad::age_45_54::asinh_saldo,asinh_saldo,ols,"C(event_time, contr.treatment(base=-1))[-15]:treatment",-15,-0.8359367030790593,0.593582392089242,False,15935,341,family_B_target:age_pnad:age_45_54,estimated,-1
group_pretrend::B::age_pnad::age_45_54::asinh_saldo,asinh_saldo,ols,"C(event_time, contr.treatment(base=-1))[-14]:treatment",-14,-0.24723446223714513,0.538551130090147,False,15935,341,family_B_target:age_pnad:age_45_54,estimated,-1
group_pretrend::B::age_pnad::age_45_54::asinh_saldo,asinh_saldo,ols,"C(event_time, contr.treatment(base=-1))[-13]:treatment",-13,-0.08355821554354609,0.5575948812173972,False,15935,341,family_B_target:age_pnad:age_45_54,estimated,-1
group_pretrend::B::age_pnad::age_45_54::asinh_saldo,asinh_saldo,ols,"C(event_time, contr.treatment(base=-1))[-12]:treatment",-12,-0.0575824552851988,0.47549891650677306,False,15935,341,family_B_target:age_pnad:age_45_54,estimated,-1
group_pretrend::B::age_pnad::age_45_54::asinh_saldo,asinh_saldo,ols,"C(event_time, contr.treatment(base=-1))[-11]:treatment",-11,-1.4875770515877043,0.6991120194900802,False,15935,341,family_B_target:age_pnad:age_45_54,estimated,-1
group_pretrend::B::age_pnad::age_45_54::asinh_saldo,asinh_saldo,ols,"C(event_time, contr.treatment(base=-1))[-10]:treatment",-10,-1.5370305674701954,0.6439398653606785,False,15935,341,family_B_target:age_pnad:age_45_54,estimated,-1
group_pretrend::B::age_pnad::age_45_54::asinh_saldo,asinh_saldo,ols,"C(event_time, contr.treatment(base=-1))[-9]:treatment",-9,-1.6730042117699737,0.6203686406720859,False,15935,341,family_B_target:age_pnad:age_45_54,estimated,-1
group_pretrend::B::age_pnad::age_45_54::asinh_saldo,asinh_saldo,ols,"C(event_time, contr.treatment(base=-1))[-8]:treatment",-8,-1.3084930103880485,0.625957606997174,False,15935,341,family_B_target:age_pnad:age_45_54,estimated,-1
group_pretrend::B::age_pnad::age_45_54::asinh_saldo,asinh_saldo,ols,"C(event_time, contr.treatment(base=-1))[-7]:treatment",-7,-2.1002107323573056,0.5894639068550221,False,15935,341,family_B_target:age_pnad:age_45_54,estimated,-1
group_pretrend::B::age_pnad::age_45_54::asinh_saldo,asinh_saldo,ols,"C(event_time, contr.treatment(base=-1))[-6]:treatment",-6,-1.9731023652244655,0.5436606523172933,False,15935,341,family_B_target:age_pnad:age_45_54,estimated,-1
group_pretrend::B::age_pnad::age_45_54::asinh_saldo,asinh_saldo,ols,"C(event_time, contr.treatment(base=-1))[-5]:treatment",-5,-2.3950131931867378,0.5672894770200081,False,15935,341,family_B_target:age_pnad:age_45_54,estimated,-1
group_pretrend::B::age_pnad::age_45_54::asinh_saldo,asinh_saldo,ols,"C(event_time, contr.treatment(base=-1))[-4]:treatment",-4,-1.3900939535360897,0.6103853827306966,False,15935,341,family_B_target:age_pnad:age_45_54,estimated,-1
group_pretrend::B::age_pnad::age_45_54::asinh_saldo,asinh_saldo,ols,"C(event_time, contr.treatment(base=-1))[-3]:treatment",-3,-1.1630404995220995,0.6603824154288815,False,15935,341,family_B_target:age_pnad:age_45_54,estimated,-1
group_pretrend::B::age_pnad::age_45_54::asinh_saldo,asinh_saldo,ols,"C(event_time, contr.treatment(base=-1))[-2]:treatment",-2,-1.083590161473484,0.5229706736520914,False,15935,341,family_B_target:age_pnad:age_45_54,estimated,-1
group_pretrend::B::age_pnad::age_45_54::asinh_saldo,asinh_saldo,ols,reference_event_time,-1,0.0,0.0,True,15935,341,family_B_target:age_pnad:age_45_54,estimated,-1
group_pretrend::B::age_pnad::age_45_54::asinh_saldo,asinh_saldo,ols,"C(event_time, contr.treatment(base=-1))[0]:treatment",0,-0.8141684502059443,0.4446331289722823,False,15935,341,family_B_target:age_pnad:age_45_54,estimated,-1
group_pretrend::B::age_pnad::age_45_54::asinh_saldo,asinh_saldo,ols,"C(event_time, contr.treatment(base=-1))[1]:treatment",1,-1.6855978275307273,0.5984350505410367,False,15935,341,family_B_target:age_pnad:age_45_54,estimated,-1
group_pretrend::B::age_pnad::age_45_54::asinh_saldo,asinh_saldo,ols,"C(event_time, contr.treatment(base=-1))[2]:treatment",2,-2.8678180076646047,0.6096117127730236,False,15935,341,family_B_target:age_pnad:age_45_54,estimated,-1
group_pretrend::B::age_pnad::age_45_54::asinh_saldo,asinh_saldo,ols,"C(event_time, contr.treatment(base=-1))[3]:treatment",3,-2.112713441186417,0.6467098489956896,False,15935,341,family_B_target:age_pnad:age_45_54,estimated,-1
group_pretrend::B::age_pnad::age_45_54::asinh_saldo,asinh_saldo,ols,"C(event_time, contr.treatment(base=-1))[4]:treatment",4,-1.8446855677573848,0.6079583579755585,False,15935,341,family_B_target:age_pnad:age_45_54,estimated,-1
group_pretrend::B::age_pnad::age_45_54::asinh_saldo,asinh_saldo,ols,"C(event_time, contr.treatment(base=-1))[5]:treatment",5,-1.5334496707407614,0.5962506461422113,False,15935,341,family_B_target:age_pnad:age_45_54,estimated,-1
group_pretrend::B::age_pnad::age_45_54::asinh_saldo,asinh_saldo,ols,"C(event_time, contr.treatment(base=-1))[6]:treatment",6,-2.191364031529108,0.5288757912173434,False,15935,341,family_B_target:age_pnad:age_45_54,estimated,-1
group_pretrend::B::age_pnad::age_45_54::asinh_saldo,asinh_saldo,ols,"C(event_time, contr.treatment(base=-1))[7]:treatment",7,-1.9852147464074905,0.535165573358534,False,15935,341,family_B_target:age_pnad:age_45_54,estimated,-1
group_pretrend::B::age_pnad::age_45_54::asinh_saldo,asinh_saldo,ols,"C(event_time, contr.treatment(base=-1))[8]:treatment",8,-1.3132193586813332,0.5832083894727121,False,15935,341,family_B_target:age_pnad:age_45_54,estimated,-1
group_pretrend::B::age_pnad::age_45_54::asinh_saldo,asinh_saldo,ols,"C(event_time, contr.treatment(base=-1))[9]:treatment",9,-1.483639207405445,0.5533159768646422,False,15935,341,family_B_target:age_pnad:age_45_54,estimated,-1
group_pretrend::B::age_pnad::age_45_54::asinh_saldo,asinh_saldo,ols,"C(event_time, contr.treatment(base=-1))[10]:treatment",10,-1.3993621754099435,0.5753764368285127,False,15935,341,family_B_target:age_pnad:age_45_54,estimated,-1
group_pretrend::B::age_pnad::age_45_54::asinh_saldo,asinh_saldo,ols,"C(event_time, contr.treatment(base=-1))[11]:treatment",11,0.06889221816791462,0.4458964606425299,False,15935,341,family_B_target:age_pnad:age_45_54,estimated,-1
group_pretrend::B::age_pnad::age_45_54::asinh_saldo,asinh_saldo,ols,"C(event_time, contr.treatment(base=-1))[12]:treatment",12,-0.3517350056503763,0.46051430939906474,False,15935,341,family_B_target:age_pnad:age_45_54,estimated,-1
group_pretrend::B::age_pnad::age_45_54::asinh_saldo,asinh_saldo,ols,"C(event_time, contr.treatment(base=-1))[13]:treatment",13,-2.1800754422599553,0.6780270638292794,False,15935,341,family_B_target:age_pnad:age_45_54,estimated,-1
group_pretrend::B::age_pnad::age_45_54::asinh_saldo,asinh_saldo,ols,"C(event_time, contr.treatment(base=-1))[14]:treatment",14,-2.307562365873221,0.6018583201179947,False,15935,341,family_B_target:age_pnad:age_45_54,estimated,-1
group_pretrend::B::age_pnad::age_45_54::asinh_saldo,asinh_saldo,ols,"C(event_time, contr.treatment(base=-1))[15]:treatment",15,-1.8669422332833097,0.61009222540988,False,15935,341,family_B_target:age_pnad:age_45_54,estimated,-1
group_pretrend::B::age_pnad::age_45_54::asinh_saldo,asinh_saldo,ols,"C(event_time, contr.treatment(base=-1))[16]:treatment",16,-1.4237290195396561,0.6503517051674383,False,15935,341,family_B_target:age_pnad:age_45_54,estimated,-1
group_pretrend::B::age_pnad::age_45_54::asinh_saldo,asinh_saldo,ols,"C(event_time, contr.treatment(base=-1))[17]:treatment",17,-1.333013550832061,0.5470224687316027,False,15935,341,family_B_target:age_pnad:age_45_54,estimated,-1
group_pretrend::B::age_pnad::age_45_54::asinh_saldo,asinh_saldo,ols,"C(event_time, contr.treatment(base=-1))[18]:treatment",18,-1.9728225697895156,0.5866047819248402,False,15935,341,family_B_target:age_pnad:age_45_54,estimated,-1
group_pretrend::B::age_pnad::age_45_54::asinh_saldo,asinh_saldo,ols,"C(event_time, contr.treatment(base=-1))[19]:treatment",19,-1.5495181759590313,0.5594133281716966,False,15935,341,family_B_target:age_pnad:age_45_54,estimated,-1
group_pretrend::B::age_pnad::age_45_54::asinh_saldo,asinh_saldo,ols,"C(event_time, contr.treatment(base=-1))[20]:treatment",20,-1.5274330354639827,0.592885792732298,False,15935,341,family_B_target:age_pnad:age_45_54,estimated,-1
group_pretrend::B::age_pnad::age_45_54::asinh_saldo,asinh_saldo,ols,"C(event_time, contr.treatment(base=-1))[21]:treatment",21,-1.3705009643839046,0.612235597418627,False,15935,341,family_B_target:age_pnad:age_45_54,estimated,-1
group_pretrend::B::age_pnad::age_45_54::asinh_saldo,asinh_saldo,ols,"C(event_time, contr.treatment(base=-1))[22]:treatment",22,-1.2062967172589356,0.49845475756522784,False,15935,341,family_B_target:age_pnad:age_45_54,estimated,-1
group_pretrend::B::age_pnad::age_45_54::asinh_saldo,asinh_saldo,ols,"C(event_time, contr.treatment(base=-1))[23]:treatment",23,-0.3530709433197429,0.43163377899301913,False,15935,341,family_B_target:age_pnad:age_45_54,estimated,-1
group_pretrend::B::age_pnad::age_45_54::desligamentos,desligamentos,ppml,"C(event_time, contr.treatment(base=-1))[-23]:treatment",-23,0.08794990223094763,0.03691178473460202,False,15935,341,family_B_target:age_pnad:age_45_54,estimated,-1
group_pretrend::B::age_pnad::age_45_54::desligamentos,desligamentos,ppml,"C(event_time, contr.treatment(base=-1))[-22]:treatment",-22,0.06440041381976741,0.05214370208156245,False,15935,341,family_B_target:age_pnad:age_45_54,estimated,-1
group_pretrend::B::age_pnad::age_45_54::desligamentos,desligamentos,ppml,"C(event_time, contr.treatment(base=-1))[-21]:treatment",-21,0.004006886074092226,0.046656848960497564,False,15935,341,family_B_target:age_pnad:age_45_54,estimated,-1
group_pretrend::B::age_pnad::age_45_54::desligamentos,desligamentos,ppml,"C(event_time, contr.treatment(base=-1))[-20]:treatment",-20,0.003536350222400363,0.04750197320461075,False,15935,341,family_B_target:age_pnad:age_45_54,estimated,-1
group_pretrend::B::age_pnad::age_45_54::desligamentos,desligamentos,ppml,"C(event_time, contr.treatment(base=-1))[-19]:treatment",-19,-0.02214785741620201,0.04736893117713972,False,15935,341,family_B_target:age_pnad:age_45_54,estimated,-1
group_pretrend::B::age_pnad::age_45_54::desligamentos,desligamentos,ppml,"C(event_time, contr.treatment(base=-1))[-18]:treatment",-18,0.0323320598632471,0.034858986934173566,False,15935,341,family_B_target:age_pnad:age_45_54,estimated,-1
group_pretrend::B::age_pnad::age_45_54::desligamentos,desligamentos,ppml,"C(event_time, contr.treatment(base=-1))[-17]:treatment",-17,0.030651036452490385,0.031470367093129024,False,15935,341,family_B_target:age_pnad:age_45_54,estimated,-1
group_pretrend::B::age_pnad::age_45_54::desligamentos,desligamentos,ppml,"C(event_time, contr.treatment(base=-1))[-16]:treatment",-16,-0.009440121221184115,0.03570331674251171,False,15935,341,family_B_target:age_pnad:age_45_54,estimated,-1
group_pretrend::B::age_pnad::age_45_54::desligamentos,desligamentos,ppml,"C(event_time, contr.treatment(base=-1))[-15]:treatment",-15,0.05014574938632065,0.041430736543469536,False,15935,341,family_B_target:age_pnad:age_45_54,estimated,-1
group_pretrend::B::age_pnad::age_45_54::desligamentos,desligamentos,ppml,"C(event_time, contr.treatment(base=-1))[-14]:treatment",-14,0.030539828898208696,0.024639678859416467,False,15935,341,family_B_target:age_pnad:age_45_54,estimated,-1
group_pretrend::B::age_pnad::age_45_54::desligamentos,desligamentos,ppml,"C(event_time, contr.treatment(base=-1))[-13]:treatment",-13,-0.023917907278746566,0.024537629678931396,False,15935,341,family_B_target:age_pnad:age_45_54,estimated,-1
group_pretrend::B::age_pnad::age_45_54::desligamentos,desligamentos,ppml,"C(event_time, contr.treatment(base=-1))[-12]:treatment",-12,0.008690116625590863,0.04946678815585966,False,15935,341,family_B_target:age_pnad:age_45_54,estimated,-1
group_pretrend::B::age_pnad::age_45_54::desligamentos,desligamentos,ppml,"C(event_time, contr.treatment(base=-1))[-11]:treatment",-11,0.11181461835993656,0.030921439375794047,False,15935,341,family_B_target:age_pnad:age_45_54,estimated,-1
group_pretrend::B::age_pnad::age_45_54::desligamentos,desligamentos,ppml,"C(event_time, contr.treatment(base=-1))[-10]:treatment",-10,0.0761581704607732,0.027732176863699012,False,15935,341,family_B_target:age_pnad:age_45_54,estimated,-1
group_pretrend::B::age_pnad::age_45_54::desligamentos,desligamentos,ppml,"C(event_time, contr.treatment(base=-1))[-9]:treatment",-9,0.030964933396471977,0.043750413164401904,False,15935,341,family_B_target:age_pnad:age_45_54,estimated,-1
group_pretrend::B::age_pnad::age_45_54::desligamentos,desligamentos,ppml,"C(event_time, contr.treatment(base=-1))[-8]:treatment",-8,0.05476954807552614,0.033330725090556096,False,15935,341,family_B_target:age_pnad:age_45_54,estimated,-1
group_pretrend::B::age_pnad::age_45_54::desligamentos,desligamentos,ppml,"C(event_time, contr.treatment(base=-1))[-7]:treatment",-7,0.05064820044855346,0.02742723949007982,False,15935,341,family_B_target:age_pnad:age_45_54,estimated,-1
group_pretrend::B::age_pnad::age_45_54::desligamentos,desligamentos,ppml,"C(event_time, contr.treatment(base=-1))[-6]:treatment",-6,0.05943720052229038,0.02833908013087978,False,15935,341,family_B_target:age_pnad:age_45_54,estimated,-1
group_pretrend::B::age_pnad::age_45_54::desligamentos,desligamentos,ppml,"C(event_time, contr.treatment(base=-1))[-5]:treatment",-5,0.0449634759849362,0.03241571293104532,False,15935,341,family_B_target:age_pnad:age_45_54,estimated,-1
group_pretrend::B::age_pnad::age_45_54::desligamentos,desligamentos,ppml,"C(event_time, contr.treatment(base=-1))[-4]:treatment",-4,0.0319470728419492,0.03129490415888697,False,15935,341,family_B_target:age_pnad:age_45_54,estimated,-1
group_pretrend::B::age_pnad::age_45_54::desligamentos,desligamentos,ppml,"C(event_time, contr.treatment(base=-1))[-3]:treatment",-3,0.03661126615002124,0.03102712569878984,False,15935,341,family_B_target:age_pnad:age_45_54,estimated,-1
group_pretrend::B::age_pnad::age_45_54::desligamentos,desligamentos,ppml,"C(event_time, contr.treatment(base=-1))[-2]:treatment",-2,0.03936985417687709,0.02016543372561075,False,15935,341,family_B_target:age_pnad:age_45_54,estimated,-1
group_pretrend::B::age_pnad::age_45_54::desligamentos,desligamentos,ppml,reference_event_time,-1,0.0,0.0,True,15935,341,family_B_target:age_pnad:age_45_54,estimated,-1
group_pretrend::B::age_pnad::age_45_54::desligamentos,desligamentos,ppml,"C(event_time, contr.treatment(base=-1))[0]:treatment",0,-0.04947888158238521,0.05448194943288282,False,15935,341,family_B_target:age_pnad:age_45_54,estimated,-1
group_pretrend::B::age_pnad::age_45_54::desligamentos,desligamentos,ppml,"C(event_time, contr.treatment(base=-1))[1]:treatment",1,0.06879984639544626,0.03791164999537159,False,15935,341,family_B_target:age_pnad:age_45_54,estimated,-1
group_pretrend::B::age_pnad::age_45_54::desligamentos,desligamentos,ppml,"C(event_time, contr.treatment(base=-1))[2]:treatment",2,0.0679258395862251,0.032059397973367085,False,15935,341,family_B_target:age_pnad:age_45_54,estimated,-1
group_pretrend::B::age_pnad::age_45_54::desligamentos,desligamentos,ppml,"C(event_time, contr.treatment(base=-1))[3]:treatment",3,0.0032255417620693358,0.03941220787908754,False,15935,341,family_B_target:age_pnad:age_45_54,estimated,-1
group_pretrend::B::age_pnad::age_45_54::desligamentos,desligamentos,ppml,"C(event_time, contr.treatment(base=-1))[4]:treatment",4,-0.015612136740757924,0.04500794500981606,False,15935,341,family_B_target:age_pnad:age_45_54,estimated,-1
group_pretrend::B::age_pnad::age_45_54::desligamentos,desligamentos,ppml,"C(event_time, contr.treatment(base=-1))[5]:treatment",5,-0.029162253977322472,0.03926312367048196,False,15935,341,family_B_target:age_pnad:age_45_54,estimated,-1
group_pretrend::B::age_pnad::age_45_54::desligamentos,desligamentos,ppml,"C(event_time, contr.treatment(base=-1))[6]:treatment",6,0.01884268190966102,0.04105672762466064,False,15935,341,family_B_target:age_pnad:age_45_54,estimated,-1
group_pretrend::B::age_pnad::age_45_54::desligamentos,desligamentos,ppml,"C(event_time, contr.treatment(base=-1))[7]:treatment",7,0.019706346778619002,0.0414580787104649,False,15935,341,family_B_target:age_pnad:age_45_54,estimated,-1
group_pretrend::B::age_pnad::age_45_54::desligamentos,desligamentos,ppml,"C(event_time, contr.treatment(base=-1))[8]:treatment",8,0.0018420139426027534,0.04023775999426559,False,15935,341,family_B_target:age_pnad:age_45_54,estimated,-1
group_pretrend::B::age_pnad::age_45_54::desligamentos,desligamentos,ppml,"C(event_time, contr.treatment(base=-1))[9]:treatment",9,-0.0070993454111104165,0.04034934535769673,False,15935,341,family_B_target:age_pnad:age_45_54,estimated,-1
group_pretrend::B::age_pnad::age_45_54::desligamentos,desligamentos,ppml,"C(event_time, contr.treatment(base=-1))[10]:treatment",10,0.022411149773631817,0.041370930324830246,False,15935,341,family_B_target:age_pnad:age_45_54,estimated,-1
group_pretrend::B::age_pnad::age_45_54::desligamentos,desligamentos,ppml,"C(event_time, contr.treatment(base=-1))[11]:treatment",11,-0.02641833636507745,0.035196918915134434,False,15935,341,family_B_target:age_pnad:age_45_54,estimated,-1
group_pretrend::B::age_pnad::age_45_54::desligamentos,desligamentos,ppml,"C(event_time, contr.treatment(base=-1))[12]:treatment",12,-0.05695529828381236,0.06470896938766334,False,15935,341,family_B_target:age_pnad:age_45_54,estimated,-1
group_pretrend::B::age_pnad::age_45_54::desligamentos,desligamentos,ppml,"C(event_time, contr.treatment(base=-1))[13]:treatment",13,0.08327493884291869,0.05312280104881779,False,15935,341,family_B_target:age_pnad:age_45_54,estimated,-1
group_pretrend::B::age_pnad::age_45_54::desligamentos,desligamentos,ppml,"C(event_time, contr.treatment(base=-1))[14]:treatment",14,0.020546593998100247,0.049910436082565166,False,15935,341,family_B_target:age_pnad:age_45_54,estimated,-1
group_pretrend::B::age_pnad::age_45_54::desligamentos,desligamentos,ppml,"C(event_time, contr.treatment(base=-1))[15]:treatment",15,0.001135060343296908,0.04365459694484957,False,15935,341,family_B_target:age_pnad:age_45_54,estimated,-1
group_pretrend::B::age_pnad::age_45_54::desligamentos,desligamentos,ppml,"C(event_time, contr.treatment(base=-1))[16]:treatment",16,0.007513005648797363,0.0482425674974548,False,15935,341,family_B_target:age_pnad:age_45_54,estimated,-1
group_pretrend::B::age_pnad::age_45_54::desligamentos,desligamentos,ppml,"C(event_time, contr.treatment(base=-1))[17]:treatment",17,0.013773787701993548,0.046409387016265895,False,15935,341,family_B_target:age_pnad:age_45_54,estimated,-1
group_pretrend::B::age_pnad::age_45_54::desligamentos,desligamentos,ppml,"C(event_time, contr.treatment(base=-1))[18]:treatment",18,0.03310254522196097,0.050424166874219,False,15935,341,family_B_target:age_pnad:age_45_54,estimated,-1
group_pretrend::B::age_pnad::age_45_54::desligamentos,desligamentos,ppml,"C(event_time, contr.treatment(base=-1))[19]:treatment",19,0.036046103972062454,0.04720605643127782,False,15935,341,family_B_target:age_pnad:age_45_54,estimated,-1
group_pretrend::B::age_pnad::age_45_54::desligamentos,desligamentos,ppml,"C(event_time, contr.treatment(base=-1))[20]:treatment",20,0.013226442330447693,0.04915354997412627,False,15935,341,family_B_target:age_pnad:age_45_54,estimated,-1
group_pretrend::B::age_pnad::age_45_54::desligamentos,desligamentos,ppml,"C(event_time, contr.treatment(base=-1))[21]:treatment",21,0.03441012392962096,0.05961596015252406,False,15935,341,family_B_target:age_pnad:age_45_54,estimated,-1
group_pretrend::B::age_pnad::age_45_54::desligamentos,desligamentos,ppml,"C(event_time, contr.treatment(base=-1))[22]:treatment",22,0.04623413536063354,0.04475277142379308,False,15935,341,family_B_target:age_pnad:age_45_54,estimated,-1
group_pretrend::B::age_pnad::age_45_54::desligamentos,desligamentos,ppml,"C(event_time, contr.treatment(base=-1))[23]:treatment",23,-0.00760894057479043,0.05301465409310859,False,15935,341,family_B_target:age_pnad:age_45_54,estimated,-1
group_pretrend::B::age_pnad::age_45_54::ln_salario_real_adm,ln_salario_real_adm,ols,"C(event_time, contr.treatment(base=-1))[-23]:treatment",-23,-0.03959712097921276,0.03606082960399488,False,15478,339,family_B_target:age_pnad:age_45_54,estimated,-1
group_pretrend::B::age_pnad::age_45_54::ln_salario_real_adm,ln_salario_real_adm,ols,"C(event_time, contr.treatment(base=-1))[-22]:treatment",-22,-0.02420370494151926,0.03767273074268249,False,15478,339,family_B_target:age_pnad:age_45_54,estimated,-1
group_pretrend::B::age_pnad::age_45_54::ln_salario_real_adm,ln_salario_real_adm,ols,"C(event_time, contr.treatment(base=-1))[-21]:treatment",-21,-0.001114032353630476,0.04046594935131489,False,15478,339,family_B_target:age_pnad:age_45_54,estimated,-1
group_pretrend::B::age_pnad::age_45_54::ln_salario_real_adm,ln_salario_real_adm,ols,"C(event_time, contr.treatment(base=-1))[-20]:treatment",-20,0.08452588566663351,0.05299051517186552,False,15478,339,family_B_target:age_pnad:age_45_54,estimated,-1
group_pretrend::B::age_pnad::age_45_54::ln_salario_real_adm,ln_salario_real_adm,ols,"C(event_time, contr.treatment(base=-1))[-19]:treatment",-19,0.06005580621014586,0.031071682005230885,False,15478,339,family_B_target:age_pnad:age_45_54,estimated,-1
group_pretrend::B::age_pnad::age_45_54::ln_salario_real_adm,ln_salario_real_adm,ols,"C(event_time, contr.treatment(base=-1))[-18]:treatment",-18,0.04260813268933411,0.029779048348342198,False,15478,339,family_B_target:age_pnad:age_45_54,estimated,-1
group_pretrend::B::age_pnad::age_45_54::ln_salario_real_adm,ln_salario_real_adm,ols,"C(event_time, contr.treatment(base=-1))[-17]:treatment",-17,0.01358287776428079,0.02949489520313868,False,15478,339,family_B_target:age_pnad:age_45_54,estimated,-1
group_pretrend::B::age_pnad::age_45_54::ln_salario_real_adm,ln_salario_real_adm,ols,"C(event_time, contr.treatment(base=-1))[-16]:treatment",-16,0.09689055467780233,0.05862609501660591,False,15478,339,family_B_target:age_pnad:age_45_54,estimated,-1
group_pretrend::B::age_pnad::age_45_54::ln_salario_real_adm,ln_salario_real_adm,ols,"C(event_time, contr.treatment(base=-1))[-15]:treatment",-15,-0.015980166209673977,0.03504335417779947,False,15478,339,family_B_target:age_pnad:age_45_54,estimated,-1
group_pretrend::B::age_pnad::age_45_54::ln_salario_real_adm,ln_salario_real_adm,ols,"C(event_time, contr.treatment(base=-1))[-14]:treatment",-14,0.0035564507416175313,0.03892937610861447,False,15478,339,family_B_target:age_pnad:age_45_54,estimated,-1
group_pretrend::B::age_pnad::age_45_54::ln_salario_real_adm,ln_salario_real_adm,ols,"C(event_time, contr.treatment(base=-1))[-13]:treatment",-13,0.03375823639124987,0.038400250620994336,False,15478,339,family_B_target:age_pnad:age_45_54,estimated,-1
group_pretrend::B::age_pnad::age_45_54::ln_salario_real_adm,ln_salario_real_adm,ols,"C(event_time, contr.treatment(base=-1))[-12]:treatment",-12,-0.012780362913292582,0.02910260784192243,False,15478,339,family_B_target:age_pnad:age_45_54,estimated,-1
group_pretrend::B::age_pnad::age_45_54::ln_salario_real_adm,ln_salario_real_adm,ols,"C(event_time, contr.treatment(base=-1))[-11]:treatment",-11,0.05772961814979978,0.028584204892070635,False,15478,339,family_B_target:age_pnad:age_45_54,estimated,-1
group_pretrend::B::age_pnad::age_45_54::ln_salario_real_adm,ln_salario_real_adm,ols,"C(event_time, contr.treatment(base=-1))[-10]:treatment",-10,0.02944825862171302,0.0269638826863078,False,15478,339,family_B_target:age_pnad:age_45_54,estimated,-1
group_pretrend::B::age_pnad::age_45_54::ln_salario_real_adm,ln_salario_real_adm,ols,"C(event_time, contr.treatment(base=-1))[-9]:treatment",-9,-0.01190730164124328,0.0267855247214898,False,15478,339,family_B_target:age_pnad:age_45_54,estimated,-1
group_pretrend::B::age_pnad::age_45_54::ln_salario_real_adm,ln_salario_real_adm,ols,"C(event_time, contr.treatment(base=-1))[-8]:treatment",-8,0.014840561700419674,0.03275264337231977,False,15478,339,family_B_target:age_pnad:age_45_54,estimated,-1
group_pretrend::B::age_pnad::age_45_54::ln_salario_real_adm,ln_salario_real_adm,ols,"C(event_time, contr.treatment(base=-1))[-7]:treatment",-7,0.07251101780422665,0.04183300635761352,False,15478,339,family_B_target:age_pnad:age_45_54,estimated,-1
group_pretrend::B::age_pnad::age_45_54::ln_salario_real_adm,ln_salario_real_adm,ols,"C(event_time, contr.treatment(base=-1))[-6]:treatment",-6,0.03678775350029289,0.02780195812988346,False,15478,339,family_B_target:age_pnad:age_45_54,estimated,-1
group_pretrend::B::age_pnad::age_45_54::ln_salario_real_adm,ln_salario_real_adm,ols,"C(event_time, contr.treatment(base=-1))[-5]:treatment",-5,0.03207860381652082,0.045134912575866125,False,15478,339,family_B_target:age_pnad:age_45_54,estimated,-1
group_pretrend::B::age_pnad::age_45_54::ln_salario_real_adm,ln_salario_real_adm,ols,"C(event_time, contr.treatment(base=-1))[-4]:treatment",-4,0.031117258841298054,0.033310567497620354,False,15478,339,family_B_target:age_pnad:age_45_54,estimated,-1
group_pretrend::B::age_pnad::age_45_54::ln_salario_real_adm,ln_salario_real_adm,ols,"C(event_time, contr.treatment(base=-1))[-3]:treatment",-3,0.014000571564177415,0.03218209371127412,False,15478,339,family_B_target:age_pnad:age_45_54,estimated,-1
group_pretrend::B::age_pnad::age_45_54::ln_salario_real_adm,ln_salario_real_adm,ols,"C(event_time, contr.treatment(base=-1))[-2]:treatment",-2,0.023604910264487283,0.03075944534396485,False,15478,339,family_B_target:age_pnad:age_45_54,estimated,-1
group_pretrend::B::age_pnad::age_45_54::ln_salario_real_adm,ln_salario_real_adm,ols,reference_event_time,-1,0.0,0.0,True,15478,339,family_B_target:age_pnad:age_45_54,estimated,-1
group_pretrend::B::age_pnad::age_45_54::ln_salario_real_adm,ln_salario_real_adm,ols,"C(event_time, contr.treatment(base=-1))[0]:treatment",0,0.01941696645147151,0.03958268564026019,False,15478,339,family_B_target:age_pnad:age_45_54,estimated,-1
group_pretrend::B::age_pnad::age_45_54::ln_salario_real_adm,ln_salario_real_adm,ols,"C(event_time, contr.treatment(base=-1))[1]:treatment",1,-0.05287469678092031,0.038951085209113084,False,15478,339,family_B_target:age_pnad:age_45_54,estimated,-1
group_pretrend::B::age_pnad::age_45_54::ln_salario_real_adm,ln_salario_real_adm,ols,"C(event_time, contr.treatment(base=-1))[2]:treatment",2,-0.018362811594384455,0.03227454773507519,False,15478,339,family_B_target:age_pnad:age_45_54,estimated,-1
group_pretrend::B::age_pnad::age_45_54::ln_salario_real_adm,ln_salario_real_adm,ols,"C(event_time, contr.treatment(base=-1))[3]:treatment",3,-0.04871132913882114,0.03664797776939269,False,15478,339,family_B_target:age_pnad:age_45_54,estimated,-1
group_pretrend::B::age_pnad::age_45_54::ln_salario_real_adm,ln_salario_real_adm,ols,"C(event_time, contr.treatment(base=-1))[4]:treatment",4,-0.07632672906801433,0.03456377610944227,False,15478,339,family_B_target:age_pnad:age_45_54,estimated,-1
group_pretrend::B::age_pnad::age_45_54::ln_salario_real_adm,ln_salario_real_adm,ols,"C(event_time, contr.treatment(base=-1))[5]:treatment",5,-0.036738241954758034,0.02655513173382565,False,15478,339,family_B_target:age_pnad:age_45_54,estimated,-1
group_pretrend::B::age_pnad::age_45_54::ln_salario_real_adm,ln_salario_real_adm,ols,"C(event_time, contr.treatment(base=-1))[6]:treatment",6,0.01169316602534121,0.03206607893599927,False,15478,339,family_B_target:age_pnad:age_45_54,estimated,-1
group_pretrend::B::age_pnad::age_45_54::ln_salario_real_adm,ln_salario_real_adm,ols,"C(event_time, contr.treatment(base=-1))[7]:treatment",7,0.036411617899580084,0.024779599239417954,False,15478,339,family_B_target:age_pnad:age_45_54,estimated,-1
group_pretrend::B::age_pnad::age_45_54::ln_salario_real_adm,ln_salario_real_adm,ols,"C(event_time, contr.treatment(base=-1))[8]:treatment",8,-0.014001946477096216,0.0379326926639451,False,15478,339,family_B_target:age_pnad:age_45_54,estimated,-1
group_pretrend::B::age_pnad::age_45_54::ln_salario_real_adm,ln_salario_real_adm,ols,"C(event_time, contr.treatment(base=-1))[9]:treatment",9,-0.01200145971981297,0.044238221137024296,False,15478,339,family_B_target:age_pnad:age_45_54,estimated,-1
group_pretrend::B::age_pnad::age_45_54::ln_salario_real_adm,ln_salario_real_adm,ols,"C(event_time, contr.treatment(base=-1))[10]:treatment",10,-0.026183530290037456,0.03779697752500096,False,15478,339,family_B_target:age_pnad:age_45_54,estimated,-1
group_pretrend::B::age_pnad::age_45_54::ln_salario_real_adm,ln_salario_real_adm,ols,"C(event_time, contr.treatment(base=-1))[11]:treatment",11,-0.04020359512457079,0.03199702336916862,False,15478,339,family_B_target:age_pnad:age_45_54,estimated,-1
group_pretrend::B::age_pnad::age_45_54::ln_salario_real_adm,ln_salario_real_adm,ols,"C(event_time, contr.treatment(base=-1))[12]:treatment",12,-0.011302268526980354,0.03147355780259089,False,15478,339,family_B_target:age_pnad:age_45_54,estimated,-1
group_pretrend::B::age_pnad::age_45_54::ln_salario_real_adm,ln_salario_real_adm,ols,"C(event_time, contr.treatment(base=-1))[13]:treatment",13,0.010609934734431862,0.04116874607593321,False,15478,339,family_B_target:age_pnad:age_45_54,estimated,-1
group_pretrend::B::age_pnad::age_45_54::ln_salario_real_adm,ln_salario_real_adm,ols,"C(event_time, contr.treatment(base=-1))[14]:treatment",14,-0.011322535574945353,0.029354054044804914,False,15478,339,family_B_target:age_pnad:age_45_54,estimated,-1
group_pretrend::B::age_pnad::age_45_54::ln_salario_real_adm,ln_salario_real_adm,ols,"C(event_time, contr.treatment(base=-1))[15]:treatment",15,-0.04004030713061656,0.0343790267611854,False,15478,339,family_B_target:age_pnad:age_45_54,estimated,-1
group_pretrend::B::age_pnad::age_45_54::ln_salario_real_adm,ln_salario_real_adm,ols,"C(event_time, contr.treatment(base=-1))[16]:treatment",16,-0.05696992588142061,0.03257397040829133,False,15478,339,family_B_target:age_pnad:age_45_54,estimated,-1
group_pretrend::B::age_pnad::age_45_54::ln_salario_real_adm,ln_salario_real_adm,ols,"C(event_time, contr.treatment(base=-1))[17]:treatment",17,-0.012658336940616494,0.028293817243792534,False,15478,339,family_B_target:age_pnad:age_45_54,estimated,-1
group_pretrend::B::age_pnad::age_45_54::ln_salario_real_adm,ln_salario_real_adm,ols,"C(event_time, contr.treatment(base=-1))[18]:treatment",18,-0.018308708298246303,0.03290970997614567,False,15478,339,family_B_target:age_pnad:age_45_54,estimated,-1
group_pretrend::B::age_pnad::age_45_54::ln_salario_real_adm,ln_salario_real_adm,ols,"C(event_time, contr.treatment(base=-1))[19]:treatment",19,0.0012486369966059738,0.03242114131338712,False,15478,339,family_B_target:age_pnad:age_45_54,estimated,-1
group_pretrend::B::age_pnad::age_45_54::ln_salario_real_adm,ln_salario_real_adm,ols,"C(event_time, contr.treatment(base=-1))[20]:treatment",20,-0.018627546907551716,0.03355566776675424,False,15478,339,family_B_target:age_pnad:age_45_54,estimated,-1
group_pretrend::B::age_pnad::age_45_54::ln_salario_real_adm,ln_salario_real_adm,ols,"C(event_time, contr.treatment(base=-1))[21]:treatment",21,0.019096874720001634,0.02889635433454732,False,15478,339,family_B_target:age_pnad:age_45_54,estimated,-1
group_pretrend::B::age_pnad::age_45_54::ln_salario_real_adm,ln_salario_real_adm,ols,"C(event_time, contr.treatment(base=-1))[22]:treatment",22,0.02266224950563819,0.026795877313953543,False,15478,339,family_B_target:age_pnad:age_45_54,estimated,-1
group_pretrend::B::age_pnad::age_45_54::ln_salario_real_adm,ln_salario_real_adm,ols,"C(event_time, contr.treatment(base=-1))[23]:treatment",23,-0.06415740497987203,0.04442532173923968,False,15478,339,family_B_target:age_pnad:age_45_54,estimated,-1
group_pretrend::B::age_pnad::age_45_54::n_movimentacoes,n_movimentacoes,ppml,"C(event_time, contr.treatment(base=-1))[-23]:treatment",-23,0.0064325582684420166,0.05109135219651249,False,15935,341,family_B_target:age_pnad:age_45_54,estimated,-1
group_pretrend::B::age_pnad::age_45_54::n_movimentacoes,n_movimentacoes,ppml,"C(event_time, contr.treatment(base=-1))[-22]:treatment",-22,-0.05655507563949553,0.05589284268856421,False,15935,341,family_B_target:age_pnad:age_45_54,estimated,-1
group_pretrend::B::age_pnad::age_45_54::n_movimentacoes,n_movimentacoes,ppml,"C(event_time, contr.treatment(base=-1))[-21]:treatment",-21,-0.05336620529580921,0.05558105595521296,False,15935,341,family_B_target:age_pnad:age_45_54,estimated,-1
group_pretrend::B::age_pnad::age_45_54::n_movimentacoes,n_movimentacoes,ppml,"C(event_time, contr.treatment(base=-1))[-20]:treatment",-20,-0.0504908377652109,0.06212404406869871,False,15935,341,family_B_target:age_pnad:age_45_54,estimated,-1
group_pretrend::B::age_pnad::age_45_54::n_movimentacoes,n_movimentacoes,ppml,"C(event_time, contr.treatment(base=-1))[-19]:treatment",-19,-0.08986594509591372,0.0607643243502225,False,15935,341,family_B_target:age_pnad:age_45_54,estimated,-1
group_pretrend::B::age_pnad::age_45_54::n_movimentacoes,n_movimentacoes,ppml,"C(event_time, contr.treatment(base=-1))[-18]:treatment",-18,-0.04398624033125327,0.05173655706549558,False,15935,341,family_B_target:age_pnad:age_45_54,estimated,-1
group_pretrend::B::age_pnad::age_45_54::n_movimentacoes,n_movimentacoes,ppml,"C(event_time, contr.treatment(base=-1))[-17]:treatment",-17,-0.038633539857092156,0.04859470004286477,False,15935,341,family_B_target:age_pnad:age_45_54,estimated,-1
group_pretrend::B::age_pnad::age_45_54::n_movimentacoes,n_movimentacoes,ppml,"C(event_time, contr.treatment(base=-1))[-16]:treatment",-16,-0.06454378925688248,0.04549838770390073,False,15935,341,family_B_target:age_pnad:age_45_54,estimated,-1
group_pretrend::B::age_pnad::age_45_54::n_movimentacoes,n_movimentacoes,ppml,"C(event_time, contr.treatment(base=-1))[-15]:treatment",-15,-0.028753091591598334,0.050826334115561735,False,15935,341,family_B_target:age_pnad:age_45_54,estimated,-1
group_pretrend::B::age_pnad::age_45_54::n_movimentacoes,n_movimentacoes,ppml,"C(event_time, contr.treatment(base=-1))[-14]:treatment",-14,-0.012673306705272919,0.03384237898393083,False,15935,341,family_B_target:age_pnad:age_45_54,estimated,-1
group_pretrend::B::age_pnad::age_45_54::n_movimentacoes,n_movimentacoes,ppml,"C(event_time, contr.treatment(base=-1))[-13]:treatment",-13,-0.010235028799313968,0.021301566367876803,False,15935,341,family_B_target:age_pnad:age_45_54,estimated,-1
group_pretrend::B::age_pnad::age_45_54::n_movimentacoes,n_movimentacoes,ppml,"C(event_time, contr.treatment(base=-1))[-12]:treatment",-12,0.02209632974447539,0.03111338088487343,False,15935,341,family_B_target:age_pnad:age_45_54,estimated,-1
group_pretrend::B::age_pnad::age_45_54::n_movimentacoes,n_movimentacoes,ppml,"C(event_time, contr.treatment(base=-1))[-11]:treatment",-11,0.008218872438241386,0.03826443986466761,False,15935,341,family_B_target:age_pnad:age_45_54,estimated,-1
group_pretrend::B::age_pnad::age_45_54::n_movimentacoes,n_movimentacoes,ppml,"C(event_time, contr.treatment(base=-1))[-10]:treatment",-10,-0.03345149927926064,0.04660784450252191,False,15935,341,family_B_target:age_pnad:age_45_54,estimated,-1
group_pretrend::B::age_pnad::age_45_54::n_movimentacoes,n_movimentacoes,ppml,"C(event_time, contr.treatment(base=-1))[-9]:treatment",-9,-0.03247341126266806,0.05049126222717609,False,15935,341,family_B_target:age_pnad:age_45_54,estimated,-1
group_pretrend::B::age_pnad::age_45_54::n_movimentacoes,n_movimentacoes,ppml,"C(event_time, contr.treatment(base=-1))[-8]:treatment",-8,0.0013622456312793027,0.0419306505256053,False,15935,341,family_B_target:age_pnad:age_45_54,estimated,-1
group_pretrend::B::age_pnad::age_45_54::n_movimentacoes,n_movimentacoes,ppml,"C(event_time, contr.treatment(base=-1))[-7]:treatment",-7,-0.04312736797708221,0.03838155092424529,False,15935,341,family_B_target:age_pnad:age_45_54,estimated,-1
group_pretrend::B::age_pnad::age_45_54::n_movimentacoes,n_movimentacoes,ppml,"C(event_time, contr.treatment(base=-1))[-6]:treatment",-6,-0.03477498515288678,0.03829268917836805,False,15935,341,family_B_target:age_pnad:age_45_54,estimated,-1
group_pretrend::B::age_pnad::age_45_54::n_movimentacoes,n_movimentacoes,ppml,"C(event_time, contr.treatment(base=-1))[-5]:treatment",-5,-0.03986673492997297,0.03630377217572658,False,15935,341,family_B_target:age_pnad:age_45_54,estimated,-1
group_pretrend::B::age_pnad::age_45_54::n_movimentacoes,n_movimentacoes,ppml,"C(event_time, contr.treatment(base=-1))[-4]:treatment",-4,-0.03760400437172264,0.034847522548497614,False,15935,341,family_B_target:age_pnad:age_45_54,estimated,-1
group_pretrend::B::age_pnad::age_45_54::n_movimentacoes,n_movimentacoes,ppml,"C(event_time, contr.treatment(base=-1))[-3]:treatment",-3,-0.009204768114516893,0.02832526903457682,False,15935,341,family_B_target:age_pnad:age_45_54,estimated,-1
group_pretrend::B::age_pnad::age_45_54::n_movimentacoes,n_movimentacoes,ppml,"C(event_time, contr.treatment(base=-1))[-2]:treatment",-2,-0.011292373205632603,0.016632850751508804,False,15935,341,family_B_target:age_pnad:age_45_54,estimated,-1
group_pretrend::B::age_pnad::age_45_54::n_movimentacoes,n_movimentacoes,ppml,reference_event_time,-1,0.0,0.0,True,15935,341,family_B_target:age_pnad:age_45_54,estimated,-1
group_pretrend::B::age_pnad::age_45_54::n_movimentacoes,n_movimentacoes,ppml,"C(event_time, contr.treatment(base=-1))[0]:treatment",0,-0.038039838504417604,0.032304488001489,False,15935,341,family_B_target:age_pnad:age_45_54,estimated,-1
group_pretrend::B::age_pnad::age_45_54::n_movimentacoes,n_movimentacoes,ppml,"C(event_time, contr.treatment(base=-1))[1]:treatment",1,-0.03225462132702509,0.03243025705868947,False,15935,341,family_B_target:age_pnad:age_45_54,estimated,-1
group_pretrend::B::age_pnad::age_45_54::n_movimentacoes,n_movimentacoes,ppml,"C(event_time, contr.treatment(base=-1))[2]:treatment",2,-0.05986956518897881,0.037416453847253825,False,15935,341,family_B_target:age_pnad:age_45_54,estimated,-1
group_pretrend::B::age_pnad::age_45_54::n_movimentacoes,n_movimentacoes,ppml,"C(event_time, contr.treatment(base=-1))[3]:treatment",3,-0.07633160029290939,0.031064377082403644,False,15935,341,family_B_target:age_pnad:age_45_54,estimated,-1
group_pretrend::B::age_pnad::age_45_54::n_movimentacoes,n_movimentacoes,ppml,"C(event_time, contr.treatment(base=-1))[4]:treatment",4,-0.07214488077451524,0.028752249172372315,False,15935,341,family_B_target:age_pnad:age_45_54,estimated,-1
group_pretrend::B::age_pnad::age_45_54::n_movimentacoes,n_movimentacoes,ppml,"C(event_time, contr.treatment(base=-1))[5]:treatment",5,-0.10517388178105035,0.02551780938212436,False,15935,341,family_B_target:age_pnad:age_45_54,estimated,-1
group_pretrend::B::age_pnad::age_45_54::n_movimentacoes,n_movimentacoes,ppml,"C(event_time, contr.treatment(base=-1))[6]:treatment",6,-0.06528538336412743,0.0269241893849374,False,15935,341,family_B_target:age_pnad:age_45_54,estimated,-1
group_pretrend::B::age_pnad::age_45_54::n_movimentacoes,n_movimentacoes,ppml,"C(event_time, contr.treatment(base=-1))[7]:treatment",7,-0.05822556767775708,0.021874890378843225,False,15935,341,family_B_target:age_pnad:age_45_54,estimated,-1
group_pretrend::B::age_pnad::age_45_54::n_movimentacoes,n_movimentacoes,ppml,"C(event_time, contr.treatment(base=-1))[8]:treatment",8,-0.06518397931099425,0.02519960482539898,False,15935,341,family_B_target:age_pnad:age_45_54,estimated,-1
group_pretrend::B::age_pnad::age_45_54::n_movimentacoes,n_movimentacoes,ppml,"C(event_time, contr.treatment(base=-1))[9]:treatment",9,-0.06518616194119264,0.02241094918908196,False,15935,341,family_B_target:age_pnad:age_45_54,estimated,-1
group_pretrend::B::age_pnad::age_45_54::n_movimentacoes,n_movimentacoes,ppml,"C(event_time, contr.treatment(base=-1))[10]:treatment",10,-0.01790391799412576,0.021146642748943914,False,15935,341,family_B_target:age_pnad:age_45_54,estimated,-1
group_pretrend::B::age_pnad::age_45_54::n_movimentacoes,n_movimentacoes,ppml,"C(event_time, contr.treatment(base=-1))[11]:treatment",11,-0.01346707374370418,0.02527650614054664,False,15935,341,family_B_target:age_pnad:age_45_54,estimated,-1
group_pretrend::B::age_pnad::age_45_54::n_movimentacoes,n_movimentacoes,ppml,"C(event_time, contr.treatment(base=-1))[12]:treatment",12,-0.02137570120197145,0.04228364846491375,False,15935,341,family_B_target:age_pnad:age_45_54,estimated,-1
group_pretrend::B::age_pnad::age_45_54::n_movimentacoes,n_movimentacoes,ppml,"C(event_time, contr.treatment(base=-1))[13]:treatment",13,-0.009533148437220732,0.03216762549212151,False,15935,341,family_B_target:age_pnad:age_45_54,estimated,-1
group_pretrend::B::age_pnad::age_45_54::n_movimentacoes,n_movimentacoes,ppml,"C(event_time, contr.treatment(base=-1))[14]:treatment",14,-0.07106010169866743,0.03469908423478744,False,15935,341,family_B_target:age_pnad:age_45_54,estimated,-1
group_pretrend::B::age_pnad::age_45_54::n_movimentacoes,n_movimentacoes,ppml,"C(event_time, contr.treatment(base=-1))[15]:treatment",15,-0.053075006296612215,0.026555504048147677,False,15935,341,family_B_target:age_pnad:age_45_54,estimated,-1
group_pretrend::B::age_pnad::age_45_54::n_movimentacoes,n_movimentacoes,ppml,"C(event_time, contr.treatment(base=-1))[16]:treatment",16,-0.05022337497220522,0.02603469945252132,False,15935,341,family_B_target:age_pnad:age_45_54,estimated,-1
group_pretrend::B::age_pnad::age_45_54::n_movimentacoes,n_movimentacoes,ppml,"C(event_time, contr.treatment(base=-1))[17]:treatment",17,-0.059255243122522935,0.025415108124799295,False,15935,341,family_B_target:age_pnad:age_45_54,estimated,-1
group_pretrend::B::age_pnad::age_45_54::n_movimentacoes,n_movimentacoes,ppml,"C(event_time, contr.treatment(base=-1))[18]:treatment",18,-0.05242855748277906,0.029458047053923034,False,15935,341,family_B_target:age_pnad:age_45_54,estimated,-1
group_pretrend::B::age_pnad::age_45_54::n_movimentacoes,n_movimentacoes,ppml,"C(event_time, contr.treatment(base=-1))[19]:treatment",19,-0.02425981798478818,0.02653838982633086,False,15935,341,family_B_target:age_pnad:age_45_54,estimated,-1
group_pretrend::B::age_pnad::age_45_54::n_movimentacoes,n_movimentacoes,ppml,"C(event_time, contr.treatment(base=-1))[20]:treatment",20,-0.03358300161387958,0.028655412964870716,False,15935,341,family_B_target:age_pnad:age_45_54,estimated,-1
group_pretrend::B::age_pnad::age_45_54::n_movimentacoes,n_movimentacoes,ppml,"C(event_time, contr.treatment(base=-1))[21]:treatment",21,-0.01804556921416152,0.0324339359007133,False,15935,341,family_B_target:age_pnad:age_45_54,estimated,-1
group_pretrend::B::age_pnad::age_45_54::n_movimentacoes,n_movimentacoes,ppml,"C(event_time, contr.treatment(base=-1))[22]:treatment",22,-0.010427484344576549,0.03624997656150166,False,15935,341,family_B_target:age_pnad:age_45_54,estimated,-1
group_pretrend::B::age_pnad::age_45_54::n_movimentacoes,n_movimentacoes,ppml,"C(event_time, contr.treatment(base=-1))[23]:treatment",23,0.011912346990117154,0.0476688953150255,False,15935,341,family_B_target:age_pnad:age_45_54,estimated,-1
group_pretrend::B::age_pnad::age_55_65::admissoes,admissoes,ppml,"C(event_time, contr.treatment(base=-1))[-23]:treatment",-23,0.04372744475908394,0.12358957013395894,False,15926,340,family_B_target:age_pnad:age_55_65,estimated,-1
group_pretrend::B::age_pnad::age_55_65::admissoes,admissoes,ppml,"C(event_time, contr.treatment(base=-1))[-22]:treatment",-22,-0.06782422385872462,0.10406366602721513,False,15926,340,family_B_target:age_pnad:age_55_65,estimated,-1
group_pretrend::B::age_pnad::age_55_65::admissoes,admissoes,ppml,"C(event_time, contr.treatment(base=-1))[-21]:treatment",-21,-0.02650032329903423,0.10399636385155502,False,15926,340,family_B_target:age_pnad:age_55_65,estimated,-1
group_pretrend::B::age_pnad::age_55_65::admissoes,admissoes,ppml,"C(event_time, contr.treatment(base=-1))[-20]:treatment",-20,-0.024119105561134814,0.12116437328346237,False,15926,340,family_B_target:age_pnad:age_55_65,estimated,-1
group_pretrend::B::age_pnad::age_55_65::admissoes,admissoes,ppml,"C(event_time, contr.treatment(base=-1))[-19]:treatment",-19,-0.09196507359970754,0.12386889579736504,False,15926,340,family_B_target:age_pnad:age_55_65,estimated,-1
group_pretrend::B::age_pnad::age_55_65::admissoes,admissoes,ppml,"C(event_time, contr.treatment(base=-1))[-18]:treatment",-18,-0.050722768608191436,0.1095251706322081,False,15926,340,family_B_target:age_pnad:age_55_65,estimated,-1
group_pretrend::B::age_pnad::age_55_65::admissoes,admissoes,ppml,"C(event_time, contr.treatment(base=-1))[-17]:treatment",-17,-0.06494049870559888,0.09391395919434707,False,15926,340,family_B_target:age_pnad:age_55_65,estimated,-1
group_pretrend::B::age_pnad::age_55_65::admissoes,admissoes,ppml,"C(event_time, contr.treatment(base=-1))[-16]:treatment",-16,-0.0643055026321587,0.08948436474355166,False,15926,340,family_B_target:age_pnad:age_55_65,estimated,-1
group_pretrend::B::age_pnad::age_55_65::admissoes,admissoes,ppml,"C(event_time, contr.treatment(base=-1))[-15]:treatment",-15,-0.03225646766234657,0.09873529251545886,False,15926,340,family_B_target:age_pnad:age_55_65,estimated,-1
group_pretrend::B::age_pnad::age_55_65::admissoes,admissoes,ppml,"C(event_time, contr.treatment(base=-1))[-14]:treatment",-14,-0.030448651849545413,0.07518607350804693,False,15926,340,family_B_target:age_pnad:age_55_65,estimated,-1
group_pretrend::B::age_pnad::age_55_65::admissoes,admissoes,ppml,"C(event_time, contr.treatment(base=-1))[-13]:treatment",-13,-0.0024403901275482118,0.0681750174221452,False,15926,340,family_B_target:age_pnad:age_55_65,estimated,-1
group_pretrend::B::age_pnad::age_55_65::admissoes,admissoes,ppml,"C(event_time, contr.treatment(base=-1))[-12]:treatment",-12,0.047623451248674495,0.04015913237589251,False,15926,340,family_B_target:age_pnad:age_55_65,estimated,-1
group_pretrend::B::age_pnad::age_55_65::admissoes,admissoes,ppml,"C(event_time, contr.treatment(base=-1))[-11]:treatment",-11,-0.028436264102967745,0.09075463934722018,False,15926,340,family_B_target:age_pnad:age_55_65,estimated,-1
group_pretrend::B::age_pnad::age_55_65::admissoes,admissoes,ppml,"C(event_time, contr.treatment(base=-1))[-10]:treatment",-10,-0.07974761949074481,0.09084944443298566,False,15926,340,family_B_target:age_pnad:age_55_65,estimated,-1
group_pretrend::B::age_pnad::age_55_65::admissoes,admissoes,ppml,"C(event_time, contr.treatment(base=-1))[-9]:treatment",-9,-0.04443202014892498,0.08708690822505097,False,15926,340,family_B_target:age_pnad:age_55_65,estimated,-1
group_pretrend::B::age_pnad::age_55_65::admissoes,admissoes,ppml,"C(event_time, contr.treatment(base=-1))[-8]:treatment",-8,-0.01893731084671978,0.07481369207266098,False,15926,340,family_B_target:age_pnad:age_55_65,estimated,-1
group_pretrend::B::age_pnad::age_55_65::admissoes,admissoes,ppml,"C(event_time, contr.treatment(base=-1))[-7]:treatment",-7,-0.12043231328051288,0.08371447757477968,False,15926,340,family_B_target:age_pnad:age_55_65,estimated,-1
group_pretrend::B::age_pnad::age_55_65::admissoes,admissoes,ppml,"C(event_time, contr.treatment(base=-1))[-6]:treatment",-6,-0.07633370764321347,0.07194012837444803,False,15926,340,family_B_target:age_pnad:age_55_65,estimated,-1
group_pretrend::B::age_pnad::age_55_65::admissoes,admissoes,ppml,"C(event_time, contr.treatment(base=-1))[-5]:treatment",-5,-0.08252094673647811,0.06999590266713764,False,15926,340,family_B_target:age_pnad:age_55_65,estimated,-1
group_pretrend::B::age_pnad::age_55_65::admissoes,admissoes,ppml,"C(event_time, contr.treatment(base=-1))[-4]:treatment",-4,-0.037163780563243265,0.06808681714611702,False,15926,340,family_B_target:age_pnad:age_55_65,estimated,-1
group_pretrend::B::age_pnad::age_55_65::admissoes,admissoes,ppml,"C(event_time, contr.treatment(base=-1))[-3]:treatment",-3,0.012006577104577058,0.06467530110808332,False,15926,340,family_B_target:age_pnad:age_55_65,estimated,-1
group_pretrend::B::age_pnad::age_55_65::admissoes,admissoes,ppml,"C(event_time, contr.treatment(base=-1))[-2]:treatment",-2,-0.02933689182386638,0.029710251378855527,False,15926,340,family_B_target:age_pnad:age_55_65,estimated,-1
group_pretrend::B::age_pnad::age_55_65::admissoes,admissoes,ppml,reference_event_time,-1,0.0,0.0,True,15926,340,family_B_target:age_pnad:age_55_65,estimated,-1
group_pretrend::B::age_pnad::age_55_65::admissoes,admissoes,ppml,"C(event_time, contr.treatment(base=-1))[0]:treatment",0,-0.01451095292626193,0.041186105178666325,False,15926,340,family_B_target:age_pnad:age_55_65,estimated,-1
group_pretrend::B::age_pnad::age_55_65::admissoes,admissoes,ppml,"C(event_time, contr.treatment(base=-1))[1]:treatment",1,-0.08667163917929958,0.061940056062933055,False,15926,340,family_B_target:age_pnad:age_55_65,estimated,-1
group_pretrend::B::age_pnad::age_55_65::admissoes,admissoes,ppml,"C(event_time, contr.treatment(base=-1))[2]:treatment",2,-0.10218100727566592,0.0754757752291127,False,15926,340,family_B_target:age_pnad:age_55_65,estimated,-1
group_pretrend::B::age_pnad::age_55_65::admissoes,admissoes,ppml,"C(event_time, contr.treatment(base=-1))[3]:treatment",3,-0.12774161847935295,0.05563362685209824,False,15926,340,family_B_target:age_pnad:age_55_65,estimated,-1
group_pretrend::B::age_pnad::age_55_65::admissoes,admissoes,ppml,"C(event_time, contr.treatment(base=-1))[4]:treatment",4,-0.0843526057698137,0.05135567479930087,False,15926,340,family_B_target:age_pnad:age_55_65,estimated,-1
group_pretrend::B::age_pnad::age_55_65::admissoes,admissoes,ppml,"C(event_time, contr.treatment(base=-1))[5]:treatment",5,-0.1825378301039436,0.04639717334936908,False,15926,340,family_B_target:age_pnad:age_55_65,estimated,-1
group_pretrend::B::age_pnad::age_55_65::admissoes,admissoes,ppml,"C(event_time, contr.treatment(base=-1))[6]:treatment",6,-0.14828202268733023,0.05049074047393545,False,15926,340,family_B_target:age_pnad:age_55_65,estimated,-1
group_pretrend::B::age_pnad::age_55_65::admissoes,admissoes,ppml,"C(event_time, contr.treatment(base=-1))[7]:treatment",7,-0.1046953445937525,0.03777000069891234,False,15926,340,family_B_target:age_pnad:age_55_65,estimated,-1
group_pretrend::B::age_pnad::age_55_65::admissoes,admissoes,ppml,"C(event_time, contr.treatment(base=-1))[8]:treatment",8,-0.13155706437752637,0.04232122935147977,False,15926,340,family_B_target:age_pnad:age_55_65,estimated,-1
group_pretrend::B::age_pnad::age_55_65::admissoes,admissoes,ppml,"C(event_time, contr.treatment(base=-1))[9]:treatment",9,-0.08318676793564349,0.0375805967697045,False,15926,340,family_B_target:age_pnad:age_55_65,estimated,-1
group_pretrend::B::age_pnad::age_55_65::admissoes,admissoes,ppml,"C(event_time, contr.treatment(base=-1))[10]:treatment",10,-0.052581093116737886,0.02358450538252028,False,15926,340,family_B_target:age_pnad:age_55_65,estimated,-1
group_pretrend::B::age_pnad::age_55_65::admissoes,admissoes,ppml,"C(event_time, contr.treatment(base=-1))[11]:treatment",11,7.439259051487e-05,0.03870552568106316,False,15926,340,family_B_target:age_pnad:age_55_65,estimated,-1
group_pretrend::B::age_pnad::age_55_65::admissoes,admissoes,ppml,"C(event_time, contr.treatment(base=-1))[12]:treatment",12,0.05877761809888791,0.05946305161588588,False,15926,340,family_B_target:age_pnad:age_55_65,estimated,-1
group_pretrend::B::age_pnad::age_55_65::admissoes,admissoes,ppml,"C(event_time, contr.treatment(base=-1))[13]:treatment",13,-0.06518530133561846,0.05177313489517866,False,15926,340,family_B_target:age_pnad:age_55_65,estimated,-1
group_pretrend::B::age_pnad::age_55_65::admissoes,admissoes,ppml,"C(event_time, contr.treatment(base=-1))[14]:treatment",14,-0.13341333483526618,0.05039727310800213,False,15926,340,family_B_target:age_pnad:age_55_65,estimated,-1
group_pretrend::B::age_pnad::age_55_65::admissoes,admissoes,ppml,"C(event_time, contr.treatment(base=-1))[15]:treatment",15,-0.09773795237923952,0.032861189121870436,False,15926,340,family_B_target:age_pnad:age_55_65,estimated,-1
group_pretrend::B::age_pnad::age_55_65::admissoes,admissoes,ppml,"C(event_time, contr.treatment(base=-1))[16]:treatment",16,-0.11138855533117505,0.035096692253009,False,15926,340,family_B_target:age_pnad:age_55_65,estimated,-1
group_pretrend::B::age_pnad::age_55_65::admissoes,admissoes,ppml,"C(event_time, contr.treatment(base=-1))[17]:treatment",17,-0.1387198002348416,0.03777387516545735,False,15926,340,family_B_target:age_pnad:age_55_65,estimated,-1
group_pretrend::B::age_pnad::age_55_65::admissoes,admissoes,ppml,"C(event_time, contr.treatment(base=-1))[18]:treatment",18,-0.11892396576526927,0.03976530796525639,False,15926,340,family_B_target:age_pnad:age_55_65,estimated,-1
group_pretrend::B::age_pnad::age_55_65::admissoes,admissoes,ppml,"C(event_time, contr.treatment(base=-1))[19]:treatment",19,0.001793870939975689,0.05064882757028893,False,15926,340,family_B_target:age_pnad:age_55_65,estimated,-1
group_pretrend::B::age_pnad::age_55_65::admissoes,admissoes,ppml,"C(event_time, contr.treatment(base=-1))[20]:treatment",20,-0.0537566350760354,0.03711296109462191,False,15926,340,family_B_target:age_pnad:age_55_65,estimated,-1
group_pretrend::B::age_pnad::age_55_65::admissoes,admissoes,ppml,"C(event_time, contr.treatment(base=-1))[21]:treatment",21,-0.022735078756236805,0.046422175478680654,False,15926,340,family_B_target:age_pnad:age_55_65,estimated,-1
group_pretrend::B::age_pnad::age_55_65::admissoes,admissoes,ppml,"C(event_time, contr.treatment(base=-1))[22]:treatment",22,-0.0681161892403935,0.06682230471605886,False,15926,340,family_B_target:age_pnad:age_55_65,estimated,-1
group_pretrend::B::age_pnad::age_55_65::admissoes,admissoes,ppml,"C(event_time, contr.treatment(base=-1))[23]:treatment",23,0.0226495592819106,0.08668880635353315,False,15926,340,family_B_target:age_pnad:age_55_65,estimated,-1
group_pretrend::B::age_pnad::age_55_65::asinh_saldo,asinh_saldo,ols,"C(event_time, contr.treatment(base=-1))[-23]:treatment",-23,-1.7638970480663645,0.40996863513712484,False,15935,341,family_B_target:age_pnad:age_55_65,estimated,-1
group_pretrend::B::age_pnad::age_55_65::asinh_saldo,asinh_saldo,ols,"C(event_time, contr.treatment(base=-1))[-22]:treatment",-22,-2.2313322140157243,0.4111794052631033,False,15935,341,family_B_target:age_pnad:age_55_65,estimated,-1
group_pretrend::B::age_pnad::age_55_65::asinh_saldo,asinh_saldo,ols,"C(event_time, contr.treatment(base=-1))[-21]:treatment",-21,-1.3501941268703552,0.3295406139055544,False,15935,341,family_B_target:age_pnad:age_55_65,estimated,-1
group_pretrend::B::age_pnad::age_55_65::asinh_saldo,asinh_saldo,ols,"C(event_time, contr.treatment(base=-1))[-20]:treatment",-20,-0.8700759388347623,0.37234006637351047,False,15935,341,family_B_target:age_pnad:age_55_65,estimated,-1
group_pretrend::B::age_pnad::age_55_65::asinh_saldo,asinh_saldo,ols,"C(event_time, contr.treatment(base=-1))[-19]:treatment",-19,-0.901300895259188,0.4034497662999939,False,15935,341,family_B_target:age_pnad:age_55_65,estimated,-1
group_pretrend::B::age_pnad::age_55_65::asinh_saldo,asinh_saldo,ols,"C(event_time, contr.treatment(base=-1))[-18]:treatment",-18,-1.4488515169956864,0.3931271354893902,False,15935,341,family_B_target:age_pnad:age_55_65,estimated,-1
group_pretrend::B::age_pnad::age_55_65::asinh_saldo,asinh_saldo,ols,"C(event_time, contr.treatment(base=-1))[-17]:treatment",-17,-0.9105516086162575,0.40736150118746267,False,15935,341,family_B_target:age_pnad:age_55_65,estimated,-1
group_pretrend::B::age_pnad::age_55_65::asinh_saldo,asinh_saldo,ols,"C(event_time, contr.treatment(base=-1))[-16]:treatment",-16,-1.1235499831949636,0.41044922511944115,False,15935,341,family_B_target:age_pnad:age_55_65,estimated,-1
group_pretrend::B::age_pnad::age_55_65::asinh_saldo,asinh_saldo,ols,"C(event_time, contr.treatment(base=-1))[-15]:treatment",-15,-1.021453583773314,0.3988903874133162,False,15935,341,family_B_target:age_pnad:age_55_65,estimated,-1
group_pretrend::B::age_pnad::age_55_65::asinh_saldo,asinh_saldo,ols,"C(event_time, contr.treatment(base=-1))[-14]:treatment",-14,-0.788858207908407,0.39558420567103647,False,15935,341,family_B_target:age_pnad:age_55_65,estimated,-1
group_pretrend::B::age_pnad::age_55_65::asinh_saldo,asinh_saldo,ols,"C(event_time, contr.treatment(base=-1))[-13]:treatment",-13,-0.36720481997391174,0.358504284708304,False,15935,341,family_B_target:age_pnad:age_55_65,estimated,-1
group_pretrend::B::age_pnad::age_55_65::asinh_saldo,asinh_saldo,ols,"C(event_time, contr.treatment(base=-1))[-12]:treatment",-12,0.016030703192358577,0.2918026490207324,False,15935,341,family_B_target:age_pnad:age_55_65,estimated,-1
group_pretrend::B::age_pnad::age_55_65::asinh_saldo,asinh_saldo,ols,"C(event_time, contr.treatment(base=-1))[-11]:treatment",-11,-1.583717909108522,0.3972449986733928,False,15935,341,family_B_target:age_pnad:age_55_65,estimated,-1
group_pretrend::B::age_pnad::age_55_65::asinh_saldo,asinh_saldo,ols,"C(event_time, contr.treatment(base=-1))[-10]:treatment",-10,-1.1842198472075611,0.4410745107676903,False,15935,341,family_B_target:age_pnad:age_55_65,estimated,-1
group_pretrend::B::age_pnad::age_55_65::asinh_saldo,asinh_saldo,ols,"C(event_time, contr.treatment(base=-1))[-9]:treatment",-9,-0.5614175100479938,0.39325186784936433,False,15935,341,family_B_target:age_pnad:age_55_65,estimated,-1
group_pretrend::B::age_pnad::age_55_65::asinh_saldo,asinh_saldo,ols,"C(event_time, contr.treatment(base=-1))[-8]:treatment",-8,-0.573592113696295,0.3842348744451705,False,15935,341,family_B_target:age_pnad:age_55_65,estimated,-1
group_pretrend::B::age_pnad::age_55_65::asinh_saldo,asinh_saldo,ols,"C(event_time, contr.treatment(base=-1))[-7]:treatment",-7,-1.5578115883314725,0.360197148687118,False,15935,341,family_B_target:age_pnad:age_55_65,estimated,-1
group_pretrend::B::age_pnad::age_55_65::asinh_saldo,asinh_saldo,ols,"C(event_time, contr.treatment(base=-1))[-6]:treatment",-6,-0.5800392381010773,0.40044196762400014,False,15935,341,family_B_target:age_pnad:age_55_65,estimated,-1
group_pretrend::B::age_pnad::age_55_65::asinh_saldo,asinh_saldo,ols,"C(event_time, contr.treatment(base=-1))[-5]:treatment",-5,-0.8782703978858405,0.35470614502534153,False,15935,341,family_B_target:age_pnad:age_55_65,estimated,-1
group_pretrend::B::age_pnad::age_55_65::asinh_saldo,asinh_saldo,ols,"C(event_time, contr.treatment(base=-1))[-4]:treatment",-4,-0.828649877784446,0.3677821893750824,False,15935,341,family_B_target:age_pnad:age_55_65,estimated,-1
group_pretrend::B::age_pnad::age_55_65::asinh_saldo,asinh_saldo,ols,"C(event_time, contr.treatment(base=-1))[-3]:treatment",-3,-0.638008004550985,0.4615338043943264,False,15935,341,family_B_target:age_pnad:age_55_65,estimated,-1
group_pretrend::B::age_pnad::age_55_65::asinh_saldo,asinh_saldo,ols,"C(event_time, contr.treatment(base=-1))[-2]:treatment",-2,-0.4170818730230439,0.3344466101408765,False,15935,341,family_B_target:age_pnad:age_55_65,estimated,-1
group_pretrend::B::age_pnad::age_55_65::asinh_saldo,asinh_saldo,ols,reference_event_time,-1,0.0,0.0,True,15935,341,family_B_target:age_pnad:age_55_65,estimated,-1
group_pretrend::B::age_pnad::age_55_65::asinh_saldo,asinh_saldo,ols,"C(event_time, contr.treatment(base=-1))[0]:treatment",0,0.021431492921576527,0.28247904015048314,False,15935,341,family_B_target:age_pnad:age_55_65,estimated,-1
group_pretrend::B::age_pnad::age_55_65::asinh_saldo,asinh_saldo,ols,"C(event_time, contr.treatment(base=-1))[1]:treatment",1,-0.9169175190050275,0.37236727085144594,False,15935,341,family_B_target:age_pnad:age_55_65,estimated,-1
group_pretrend::B::age_pnad::age_55_65::asinh_saldo,asinh_saldo,ols,"C(event_time, contr.treatment(base=-1))[2]:treatment",2,-1.0815171221897935,0.388937591867721,False,15935,341,family_B_target:age_pnad:age_55_65,estimated,-1
group_pretrend::B::age_pnad::age_55_65::asinh_saldo,asinh_saldo,ols,"C(event_time, contr.treatment(base=-1))[3]:treatment",3,-0.9738188169501788,0.38675741561029275,False,15935,341,family_B_target:age_pnad:age_55_65,estimated,-1
group_pretrend::B::age_pnad::age_55_65::asinh_saldo,asinh_saldo,ols,"C(event_time, contr.treatment(base=-1))[4]:treatment",4,-0.7545367376888222,0.402985770308884,False,15935,341,family_B_target:age_pnad:age_55_65,estimated,-1
group_pretrend::B::age_pnad::age_55_65::asinh_saldo,asinh_saldo,ols,"C(event_time, contr.treatment(base=-1))[5]:treatment",5,-0.7972131063950474,0.35557230428228054,False,15935,341,family_B_target:age_pnad:age_55_65,estimated,-1
group_pretrend::B::age_pnad::age_55_65::asinh_saldo,asinh_saldo,ols,"C(event_time, contr.treatment(base=-1))[6]:treatment",6,-1.0025677475417858,0.340427111155058,False,15935,341,family_B_target:age_pnad:age_55_65,estimated,-1
group_pretrend::B::age_pnad::age_55_65::asinh_saldo,asinh_saldo,ols,"C(event_time, contr.treatment(base=-1))[7]:treatment",7,-0.3516762434114574,0.3359583211222581,False,15935,341,family_B_target:age_pnad:age_55_65,estimated,-1
group_pretrend::B::age_pnad::age_55_65::asinh_saldo,asinh_saldo,ols,"C(event_time, contr.treatment(base=-1))[8]:treatment",8,-0.7380861699286271,0.3431019087498857,False,15935,341,family_B_target:age_pnad:age_55_65,estimated,-1
group_pretrend::B::age_pnad::age_55_65::asinh_saldo,asinh_saldo,ols,"C(event_time, contr.treatment(base=-1))[9]:treatment",9,-0.19426599466822306,0.37955734142868675,False,15935,341,family_B_target:age_pnad:age_55_65,estimated,-1
group_pretrend::B::age_pnad::age_55_65::asinh_saldo,asinh_saldo,ols,"C(event_time, contr.treatment(base=-1))[10]:treatment",10,-0.533114628019896,0.3161208473807618,False,15935,341,family_B_target:age_pnad:age_55_65,estimated,-1
group_pretrend::B::age_pnad::age_55_65::asinh_saldo,asinh_saldo,ols,"C(event_time, contr.treatment(base=-1))[11]:treatment",11,0.005232928229545983,0.2871928286385358,False,15935,341,family_B_target:age_pnad:age_55_65,estimated,-1
group_pretrend::B::age_pnad::age_55_65::asinh_saldo,asinh_saldo,ols,"C(event_time, contr.treatment(base=-1))[12]:treatment",12,0.1993920625552054,0.2794896509960145,False,15935,341,family_B_target:age_pnad:age_55_65,estimated,-1
group_pretrend::B::age_pnad::age_55_65::asinh_saldo,asinh_saldo,ols,"C(event_time, contr.treatment(base=-1))[13]:treatment",13,-1.2256858822973271,0.40601393623495285,False,15935,341,family_B_target:age_pnad:age_55_65,estimated,-1
group_pretrend::B::age_pnad::age_55_65::asinh_saldo,asinh_saldo,ols,"C(event_time, contr.treatment(base=-1))[14]:treatment",14,-0.6185726495105964,0.39778360970088394,False,15935,341,family_B_target:age_pnad:age_55_65,estimated,-1
group_pretrend::B::age_pnad::age_55_65::asinh_saldo,asinh_saldo,ols,"C(event_time, contr.treatment(base=-1))[15]:treatment",15,-0.6660798094930228,0.38459438284034014,False,15935,341,family_B_target:age_pnad:age_55_65,estimated,-1
group_pretrend::B::age_pnad::age_55_65::asinh_saldo,asinh_saldo,ols,"C(event_time, contr.treatment(base=-1))[16]:treatment",16,-0.4676798948529311,0.3598625220457542,False,15935,341,family_B_target:age_pnad:age_55_65,estimated,-1
group_pretrend::B::age_pnad::age_55_65::asinh_saldo,asinh_saldo,ols,"C(event_time, contr.treatment(base=-1))[17]:treatment",17,-0.4084529309578711,0.3422748279750839,False,15935,341,family_B_target:age_pnad:age_55_65,estimated,-1
group_pretrend::B::age_pnad::age_55_65::asinh_saldo,asinh_saldo,ols,"C(event_time, contr.treatment(base=-1))[18]:treatment",18,-0.7746874410667001,0.3237302628251991,False,15935,341,family_B_target:age_pnad:age_55_65,estimated,-1
group_pretrend::B::age_pnad::age_55_65::asinh_saldo,asinh_saldo,ols,"C(event_time, contr.treatment(base=-1))[19]:treatment",19,-0.701100450022244,0.3224101821654835,False,15935,341,family_B_target:age_pnad:age_55_65,estimated,-1
group_pretrend::B::age_pnad::age_55_65::asinh_saldo,asinh_saldo,ols,"C(event_time, contr.treatment(base=-1))[20]:treatment",20,-0.47406522372936694,0.31246427752058664,False,15935,341,family_B_target:age_pnad:age_55_65,estimated,-1
group_pretrend::B::age_pnad::age_55_65::asinh_saldo,asinh_saldo,ols,"C(event_time, contr.treatment(base=-1))[21]:treatment",21,-0.7702449975982978,0.3597753210566965,False,15935,341,family_B_target:age_pnad:age_55_65,estimated,-1
group_pretrend::B::age_pnad::age_55_65::asinh_saldo,asinh_saldo,ols,"C(event_time, contr.treatment(base=-1))[22]:treatment",22,-0.3069318366883066,0.3109805080358808,False,15935,341,family_B_target:age_pnad:age_55_65,estimated,-1
group_pretrend::B::age_pnad::age_55_65::asinh_saldo,asinh_saldo,ols,"C(event_time, contr.treatment(base=-1))[23]:treatment",23,0.13677865303820136,0.29547726478414094,False,15935,341,family_B_target:age_pnad:age_55_65,estimated,-1
group_pretrend::B::age_pnad::age_55_65::desligamentos,desligamentos,ppml,"C(event_time, contr.treatment(base=-1))[-23]:treatment",-23,0.1950231615899817,0.04388737362760465,False,15935,341,family_B_target:age_pnad:age_55_65,estimated,-1
group_pretrend::B::age_pnad::age_55_65::desligamentos,desligamentos,ppml,"C(event_time, contr.treatment(base=-1))[-22]:treatment",-22,0.40081602894507035,0.17493955248708729,False,15935,341,family_B_target:age_pnad:age_55_65,estimated,-1
group_pretrend::B::age_pnad::age_55_65::desligamentos,desligamentos,ppml,"C(event_time, contr.treatment(base=-1))[-21]:treatment",-21,0.11352597778483578,0.05602736770111664,False,15935,341,family_B_target:age_pnad:age_55_65,estimated,-1
group_pretrend::B::age_pnad::age_55_65::desligamentos,desligamentos,ppml,"C(event_time, contr.treatment(base=-1))[-20]:treatment",-20,0.17439618501838475,0.09509260485555548,False,15935,341,family_B_target:age_pnad:age_55_65,estimated,-1
group_pretrend::B::age_pnad::age_55_65::desligamentos,desligamentos,ppml,"C(event_time, contr.treatment(base=-1))[-19]:treatment",-19,0.04879675754329484,0.041167573257783356,False,15935,341,family_B_target:age_pnad:age_55_65,estimated,-1
group_pretrend::B::age_pnad::age_55_65::desligamentos,desligamentos,ppml,"C(event_time, contr.treatment(base=-1))[-18]:treatment",-18,0.09532375356526432,0.037663959399674186,False,15935,341,family_B_target:age_pnad:age_55_65,estimated,-1
group_pretrend::B::age_pnad::age_55_65::desligamentos,desligamentos,ppml,"C(event_time, contr.treatment(base=-1))[-17]:treatment",-17,0.07294824624526415,0.036028406659147354,False,15935,341,family_B_target:age_pnad:age_55_65,estimated,-1
group_pretrend::B::age_pnad::age_55_65::desligamentos,desligamentos,ppml,"C(event_time, contr.treatment(base=-1))[-16]:treatment",-16,0.007260561501306918,0.03454360041599012,False,15935,341,family_B_target:age_pnad:age_55_65,estimated,-1
group_pretrend::B::age_pnad::age_55_65::desligamentos,desligamentos,ppml,"C(event_time, contr.treatment(base=-1))[-15]:treatment",-15,0.07590631304347144,0.04127726333179097,False,15935,341,family_B_target:age_pnad:age_55_65,estimated,-1
group_pretrend::B::age_pnad::age_55_65::desligamentos,desligamentos,ppml,"C(event_time, contr.treatment(base=-1))[-14]:treatment",-14,0.03649455487046998,0.03208278074839389,False,15935,341,family_B_target:age_pnad:age_55_65,estimated,-1
group_pretrend::B::age_pnad::age_55_65::desligamentos,desligamentos,ppml,"C(event_time, contr.treatment(base=-1))[-13]:treatment",-13,-0.01165987655355831,0.024698265505227298,False,15935,341,family_B_target:age_pnad:age_55_65,estimated,-1
group_pretrend::B::age_pnad::age_55_65::desligamentos,desligamentos,ppml,"C(event_time, contr.treatment(base=-1))[-12]:treatment",-12,0.052484971895270106,0.05625801618500656,False,15935,341,family_B_target:age_pnad:age_55_65,estimated,-1
group_pretrend::B::age_pnad::age_55_65::desligamentos,desligamentos,ppml,"C(event_time, contr.treatment(base=-1))[-11]:treatment",-11,0.16799040308270907,0.04139574104068152,False,15935,341,family_B_target:age_pnad:age_55_65,estimated,-1
group_pretrend::B::age_pnad::age_55_65::desligamentos,desligamentos,ppml,"C(event_time, contr.treatment(base=-1))[-10]:treatment",-10,0.08634226342444394,0.03526599039783487,False,15935,341,family_B_target:age_pnad:age_55_65,estimated,-1
group_pretrend::B::age_pnad::age_55_65::desligamentos,desligamentos,ppml,"C(event_time, contr.treatment(base=-1))[-9]:treatment",-9,0.036101317352502584,0.04209312619871324,False,15935,341,family_B_target:age_pnad:age_55_65,estimated,-1
group_pretrend::B::age_pnad::age_55_65::desligamentos,desligamentos,ppml,"C(event_time, contr.treatment(base=-1))[-8]:treatment",-8,0.046320734177467626,0.03521686691385394,False,15935,341,family_B_target:age_pnad:age_55_65,estimated,-1
group_pretrend::B::age_pnad::age_55_65::desligamentos,desligamentos,ppml,"C(event_time, contr.treatment(base=-1))[-7]:treatment",-7,0.06618475651313831,0.036736260577609293,False,15935,341,family_B_target:age_pnad:age_55_65,estimated,-1
group_pretrend::B::age_pnad::age_55_65::desligamentos,desligamentos,ppml,"C(event_time, contr.treatment(base=-1))[-6]:treatment",-6,0.05816948830075589,0.03730092796376583,False,15935,341,family_B_target:age_pnad:age_55_65,estimated,-1
group_pretrend::B::age_pnad::age_55_65::desligamentos,desligamentos,ppml,"C(event_time, contr.treatment(base=-1))[-5]:treatment",-5,0.014128073018402128,0.03441642149864167,False,15935,341,family_B_target:age_pnad:age_55_65,estimated,-1
group_pretrend::B::age_pnad::age_55_65::desligamentos,desligamentos,ppml,"C(event_time, contr.treatment(base=-1))[-4]:treatment",-4,0.004666897219228407,0.03819659400081637,False,15935,341,family_B_target:age_pnad:age_55_65,estimated,-1
group_pretrend::B::age_pnad::age_55_65::desligamentos,desligamentos,ppml,"C(event_time, contr.treatment(base=-1))[-3]:treatment",-3,-0.004831393185520397,0.04154138069046362,False,15935,341,family_B_target:age_pnad:age_55_65,estimated,-1
group_pretrend::B::age_pnad::age_55_65::desligamentos,desligamentos,ppml,"C(event_time, contr.treatment(base=-1))[-2]:treatment",-2,0.05209382072467986,0.031137870611271067,False,15935,341,family_B_target:age_pnad:age_55_65,estimated,-1
group_pretrend::B::age_pnad::age_55_65::desligamentos,desligamentos,ppml,reference_event_time,-1,0.0,0.0,True,15935,341,family_B_target:age_pnad:age_55_65,estimated,-1
group_pretrend::B::age_pnad::age_55_65::desligamentos,desligamentos,ppml,"C(event_time, contr.treatment(base=-1))[0]:treatment",0,-0.007976921380408921,0.059703725669265004,False,15935,341,family_B_target:age_pnad:age_55_65,estimated,-1
group_pretrend::B::age_pnad::age_55_65::desligamentos,desligamentos,ppml,"C(event_time, contr.treatment(base=-1))[1]:treatment",1,0.08961262150945472,0.042530130653230566,False,15935,341,family_B_target:age_pnad:age_55_65,estimated,-1
group_pretrend::B::age_pnad::age_55_65::desligamentos,desligamentos,ppml,"C(event_time, contr.treatment(base=-1))[2]:treatment",2,0.07262945912127994,0.04268569175695491,False,15935,341,family_B_target:age_pnad:age_55_65,estimated,-1
group_pretrend::B::age_pnad::age_55_65::desligamentos,desligamentos,ppml,"C(event_time, contr.treatment(base=-1))[3]:treatment",3,-0.03172255541986591,0.046123038430991456,False,15935,341,family_B_target:age_pnad:age_55_65,estimated,-1
group_pretrend::B::age_pnad::age_55_65::desligamentos,desligamentos,ppml,"C(event_time, contr.treatment(base=-1))[4]:treatment",4,-0.041535050818683646,0.050388534487561996,False,15935,341,family_B_target:age_pnad:age_55_65,estimated,-1
group_pretrend::B::age_pnad::age_55_65::desligamentos,desligamentos,ppml,"C(event_time, contr.treatment(base=-1))[5]:treatment",5,-0.038596807670744686,0.04537029899760306,False,15935,341,family_B_target:age_pnad:age_55_65,estimated,-1
group_pretrend::B::age_pnad::age_55_65::desligamentos,desligamentos,ppml,"C(event_time, contr.treatment(base=-1))[6]:treatment",6,0.0035009555117507117,0.05128221049531766,False,15935,341,family_B_target:age_pnad:age_55_65,estimated,-1
group_pretrend::B::age_pnad::age_55_65::desligamentos,desligamentos,ppml,"C(event_time, contr.treatment(base=-1))[7]:treatment",7,-0.02953589512418628,0.049835140753364704,False,15935,341,family_B_target:age_pnad:age_55_65,estimated,-1
group_pretrend::B::age_pnad::age_55_65::desligamentos,desligamentos,ppml,"C(event_time, contr.treatment(base=-1))[8]:treatment",8,-0.062337784617235825,0.04829531277563024,False,15935,341,family_B_target:age_pnad:age_55_65,estimated,-1
group_pretrend::B::age_pnad::age_55_65::desligamentos,desligamentos,ppml,"C(event_time, contr.treatment(base=-1))[9]:treatment",9,-0.07483106396331665,0.04071027810765727,False,15935,341,family_B_target:age_pnad:age_55_65,estimated,-1
group_pretrend::B::age_pnad::age_55_65::desligamentos,desligamentos,ppml,"C(event_time, contr.treatment(base=-1))[10]:treatment",10,-0.0279473971660093,0.05048068279395869,False,15935,341,family_B_target:age_pnad:age_55_65,estimated,-1
group_pretrend::B::age_pnad::age_55_65::desligamentos,desligamentos,ppml,"C(event_time, contr.treatment(base=-1))[11]:treatment",11,-0.07957941427074874,0.03600607816415847,False,15935,341,family_B_target:age_pnad:age_55_65,estimated,-1
group_pretrend::B::age_pnad::age_55_65::desligamentos,desligamentos,ppml,"C(event_time, contr.treatment(base=-1))[12]:treatment",12,-0.04404270956780461,0.07080062964402657,False,15935,341,family_B_target:age_pnad:age_55_65,estimated,-1
group_pretrend::B::age_pnad::age_55_65::desligamentos,desligamentos,ppml,"C(event_time, contr.treatment(base=-1))[13]:treatment",13,0.08054543021177156,0.0690120033418543,False,15935,341,family_B_target:age_pnad:age_55_65,estimated,-1
group_pretrend::B::age_pnad::age_55_65::desligamentos,desligamentos,ppml,"C(event_time, contr.treatment(base=-1))[14]:treatment",14,-0.037530583555007276,0.06128989509448219,False,15935,341,family_B_target:age_pnad:age_55_65,estimated,-1
group_pretrend::B::age_pnad::age_55_65::desligamentos,desligamentos,ppml,"C(event_time, contr.treatment(base=-1))[15]:treatment",15,-0.048388965998712084,0.05605758709236586,False,15935,341,family_B_target:age_pnad:age_55_65,estimated,-1
group_pretrend::B::age_pnad::age_55_65::desligamentos,desligamentos,ppml,"C(event_time, contr.treatment(base=-1))[16]:treatment",16,-0.04027943820765612,0.06401739535918868,False,15935,341,family_B_target:age_pnad:age_55_65,estimated,-1
group_pretrend::B::age_pnad::age_55_65::desligamentos,desligamentos,ppml,"C(event_time, contr.treatment(base=-1))[17]:treatment",17,-0.03991533962372231,0.0593268650642709,False,15935,341,family_B_target:age_pnad:age_55_65,estimated,-1
group_pretrend::B::age_pnad::age_55_65::desligamentos,desligamentos,ppml,"C(event_time, contr.treatment(base=-1))[18]:treatment",18,0.007432159952849983,0.06300316203114847,False,15935,341,family_B_target:age_pnad:age_55_65,estimated,-1
group_pretrend::B::age_pnad::age_55_65::desligamentos,desligamentos,ppml,"C(event_time, contr.treatment(base=-1))[19]:treatment",19,0.09713892809837074,0.12411602306007367,False,15935,341,family_B_target:age_pnad:age_55_65,estimated,-1
group_pretrend::B::age_pnad::age_55_65::desligamentos,desligamentos,ppml,"C(event_time, contr.treatment(base=-1))[20]:treatment",20,0.09099571915638698,0.1287724702319539,False,15935,341,family_B_target:age_pnad:age_55_65,estimated,-1
group_pretrend::B::age_pnad::age_55_65::desligamentos,desligamentos,ppml,"C(event_time, contr.treatment(base=-1))[21]:treatment",21,-0.006357154663531078,0.07862508563769079,False,15935,341,family_B_target:age_pnad:age_55_65,estimated,-1
group_pretrend::B::age_pnad::age_55_65::desligamentos,desligamentos,ppml,"C(event_time, contr.treatment(base=-1))[22]:treatment",22,-0.014260891358634939,0.06591353863440927,False,15935,341,family_B_target:age_pnad:age_55_65,estimated,-1
group_pretrend::B::age_pnad::age_55_65::desligamentos,desligamentos,ppml,"C(event_time, contr.treatment(base=-1))[23]:treatment",23,-0.05111677423987191,0.07164354680633958,False,15935,341,family_B_target:age_pnad:age_55_65,estimated,-1
group_pretrend::B::age_pnad::age_55_65::ln_salario_real_adm,ln_salario_real_adm,ols,"C(event_time, contr.treatment(base=-1))[-23]:treatment",-23,0.05642189999765804,0.06596898081401728,False,14512,338,family_B_target:age_pnad:age_55_65,estimated,-1
group_pretrend::B::age_pnad::age_55_65::ln_salario_real_adm,ln_salario_real_adm,ols,"C(event_time, contr.treatment(base=-1))[-22]:treatment",-22,0.062062617605346544,0.05280832013432915,False,14512,338,family_B_target:age_pnad:age_55_65,estimated,-1
group_pretrend::B::age_pnad::age_55_65::ln_salario_real_adm,ln_salario_real_adm,ols,"C(event_time, contr.treatment(base=-1))[-21]:treatment",-21,0.03333912344861803,0.045694525781200854,False,14512,338,family_B_target:age_pnad:age_55_65,estimated,-1
group_pretrend::B::age_pnad::age_55_65::ln_salario_real_adm,ln_salario_real_adm,ols,"C(event_time, contr.treatment(base=-1))[-20]:treatment",-20,0.04028391860459677,0.05631990081683142,False,14512,338,family_B_target:age_pnad:age_55_65,estimated,-1
group_pretrend::B::age_pnad::age_55_65::ln_salario_real_adm,ln_salario_real_adm,ols,"C(event_time, contr.treatment(base=-1))[-19]:treatment",-19,0.14664105199653032,0.06063875795490281,False,14512,338,family_B_target:age_pnad:age_55_65,estimated,-1
group_pretrend::B::age_pnad::age_55_65::ln_salario_real_adm,ln_salario_real_adm,ols,"C(event_time, contr.treatment(base=-1))[-18]:treatment",-18,0.02842139479405991,0.08306611153703244,False,14512,338,family_B_target:age_pnad:age_55_65,estimated,-1
group_pretrend::B::age_pnad::age_55_65::ln_salario_real_adm,ln_salario_real_adm,ols,"C(event_time, contr.treatment(base=-1))[-17]:treatment",-17,0.056284153504257625,0.05398787120411591,False,14512,338,family_B_target:age_pnad:age_55_65,estimated,-1
group_pretrend::B::age_pnad::age_55_65::ln_salario_real_adm,ln_salario_real_adm,ols,"C(event_time, contr.treatment(base=-1))[-16]:treatment",-16,0.07909467057162563,0.050070463913891236,False,14512,338,family_B_target:age_pnad:age_55_65,estimated,-1
group_pretrend::B::age_pnad::age_55_65::ln_salario_real_adm,ln_salario_real_adm,ols,"C(event_time, contr.treatment(base=-1))[-15]:treatment",-15,0.11479536197584508,0.061184943222596655,False,14512,338,family_B_target:age_pnad:age_55_65,estimated,-1
group_pretrend::B::age_pnad::age_55_65::ln_salario_real_adm,ln_salario_real_adm,ols,"C(event_time, contr.treatment(base=-1))[-14]:treatment",-14,0.06384159559659044,0.04650825195995277,False,14512,338,family_B_target:age_pnad:age_55_65,estimated,-1
group_pretrend::B::age_pnad::age_55_65::ln_salario_real_adm,ln_salario_real_adm,ols,"C(event_time, contr.treatment(base=-1))[-13]:treatment",-13,0.10108778471977259,0.046973507569435954,False,14512,338,family_B_target:age_pnad:age_55_65,estimated,-1
group_pretrend::B::age_pnad::age_55_65::ln_salario_real_adm,ln_salario_real_adm,ols,"C(event_time, contr.treatment(base=-1))[-12]:treatment",-12,0.07160537474676608,0.05083872589665505,False,14512,338,family_B_target:age_pnad:age_55_65,estimated,-1
group_pretrend::B::age_pnad::age_55_65::ln_salario_real_adm,ln_salario_real_adm,ols,"C(event_time, contr.treatment(base=-1))[-11]:treatment",-11,0.09151675336921195,0.05165113225555861,False,14512,338,family_B_target:age_pnad:age_55_65,estimated,-1
group_pretrend::B::age_pnad::age_55_65::ln_salario_real_adm,ln_salario_real_adm,ols,"C(event_time, contr.treatment(base=-1))[-10]:treatment",-10,0.01686852001975412,0.04053740935009936,False,14512,338,family_B_target:age_pnad:age_55_65,estimated,-1
group_pretrend::B::age_pnad::age_55_65::ln_salario_real_adm,ln_salario_real_adm,ols,"C(event_time, contr.treatment(base=-1))[-9]:treatment",-9,0.11217459835362083,0.03976660149037101,False,14512,338,family_B_target:age_pnad:age_55_65,estimated,-1
group_pretrend::B::age_pnad::age_55_65::ln_salario_real_adm,ln_salario_real_adm,ols,"C(event_time, contr.treatment(base=-1))[-8]:treatment",-8,0.09484285491430569,0.04239454415720549,False,14512,338,family_B_target:age_pnad:age_55_65,estimated,-1
group_pretrend::B::age_pnad::age_55_65::ln_salario_real_adm,ln_salario_real_adm,ols,"C(event_time, contr.treatment(base=-1))[-7]:treatment",-7,0.03789709049001153,0.05440041608239132,False,14512,338,family_B_target:age_pnad:age_55_65,estimated,-1
group_pretrend::B::age_pnad::age_55_65::ln_salario_real_adm,ln_salario_real_adm,ols,"C(event_time, contr.treatment(base=-1))[-6]:treatment",-6,0.08485611980910078,0.047271711004921495,False,14512,338,family_B_target:age_pnad:age_55_65,estimated,-1
group_pretrend::B::age_pnad::age_55_65::ln_salario_real_adm,ln_salario_real_adm,ols,"C(event_time, contr.treatment(base=-1))[-5]:treatment",-5,0.06364372476885924,0.04987154984926365,False,14512,338,family_B_target:age_pnad:age_55_65,estimated,-1
group_pretrend::B::age_pnad::age_55_65::ln_salario_real_adm,ln_salario_real_adm,ols,"C(event_time, contr.treatment(base=-1))[-4]:treatment",-4,-0.004109454538702846,0.0398797220761238,False,14512,338,family_B_target:age_pnad:age_55_65,estimated,-1
group_pretrend::B::age_pnad::age_55_65::ln_salario_real_adm,ln_salario_real_adm,ols,"C(event_time, contr.treatment(base=-1))[-3]:treatment",-3,0.0989492867129111,0.06651624671985862,False,14512,338,family_B_target:age_pnad:age_55_65,estimated,-1
group_pretrend::B::age_pnad::age_55_65::ln_salario_real_adm,ln_salario_real_adm,ols,"C(event_time, contr.treatment(base=-1))[-2]:treatment",-2,0.03316422803511852,0.04688681345333539,False,14512,338,family_B_target:age_pnad:age_55_65,estimated,-1
group_pretrend::B::age_pnad::age_55_65::ln_salario_real_adm,ln_salario_real_adm,ols,reference_event_time,-1,0.0,0.0,True,14512,338,family_B_target:age_pnad:age_55_65,estimated,-1
group_pretrend::B::age_pnad::age_55_65::ln_salario_real_adm,ln_salario_real_adm,ols,"C(event_time, contr.treatment(base=-1))[0]:treatment",0,0.01608089057139586,0.044890315354464166,False,14512,338,family_B_target:age_pnad:age_55_65,estimated,-1
group_pretrend::B::age_pnad::age_55_65::ln_salario_real_adm,ln_salario_real_adm,ols,"C(event_time, contr.treatment(base=-1))[1]:treatment",1,0.028443441436426797,0.04928661948389991,False,14512,338,family_B_target:age_pnad:age_55_65,estimated,-1
group_pretrend::B::age_pnad::age_55_65::ln_salario_real_adm,ln_salario_real_adm,ols,"C(event_time, contr.treatment(base=-1))[2]:treatment",2,-0.015174990395222172,0.04900342733353991,False,14512,338,family_B_target:age_pnad:age_55_65,estimated,-1
group_pretrend::B::age_pnad::age_55_65::ln_salario_real_adm,ln_salario_real_adm,ols,"C(event_time, contr.treatment(base=-1))[3]:treatment",3,-0.019024064612814202,0.04105148372662779,False,14512,338,family_B_target:age_pnad:age_55_65,estimated,-1
group_pretrend::B::age_pnad::age_55_65::ln_salario_real_adm,ln_salario_real_adm,ols,"C(event_time, contr.treatment(base=-1))[4]:treatment",4,0.07650267805217513,0.06492993873432566,False,14512,338,family_B_target:age_pnad:age_55_65,estimated,-1
group_pretrend::B::age_pnad::age_55_65::ln_salario_real_adm,ln_salario_real_adm,ols,"C(event_time, contr.treatment(base=-1))[5]:treatment",5,0.07671546895964439,0.06950996578664827,False,14512,338,family_B_target:age_pnad:age_55_65,estimated,-1
group_pretrend::B::age_pnad::age_55_65::ln_salario_real_adm,ln_salario_real_adm,ols,"C(event_time, contr.treatment(base=-1))[6]:treatment",6,0.01036112156349203,0.04877710266881905,False,14512,338,family_B_target:age_pnad:age_55_65,estimated,-1
group_pretrend::B::age_pnad::age_55_65::ln_salario_real_adm,ln_salario_real_adm,ols,"C(event_time, contr.treatment(base=-1))[7]:treatment",7,0.05717214600229631,0.051221098844605795,False,14512,338,family_B_target:age_pnad:age_55_65,estimated,-1
group_pretrend::B::age_pnad::age_55_65::ln_salario_real_adm,ln_salario_real_adm,ols,"C(event_time, contr.treatment(base=-1))[8]:treatment",8,0.043997710260820846,0.048178975771104915,False,14512,338,family_B_target:age_pnad:age_55_65,estimated,-1
group_pretrend::B::age_pnad::age_55_65::ln_salario_real_adm,ln_salario_real_adm,ols,"C(event_time, contr.treatment(base=-1))[9]:treatment",9,-0.03530507620041716,0.04536237777218096,False,14512,338,family_B_target:age_pnad:age_55_65,estimated,-1
group_pretrend::B::age_pnad::age_55_65::ln_salario_real_adm,ln_salario_real_adm,ols,"C(event_time, contr.treatment(base=-1))[10]:treatment",10,-0.022821382968095178,0.05087816431626023,False,14512,338,family_B_target:age_pnad:age_55_65,estimated,-1
group_pretrend::B::age_pnad::age_55_65::ln_salario_real_adm,ln_salario_real_adm,ols,"C(event_time, contr.treatment(base=-1))[11]:treatment",11,0.019639697361660106,0.040830765579213925,False,14512,338,family_B_target:age_pnad:age_55_65,estimated,-1
group_pretrend::B::age_pnad::age_55_65::ln_salario_real_adm,ln_salario_real_adm,ols,"C(event_time, contr.treatment(base=-1))[12]:treatment",12,-0.0011348167014545794,0.0500129086165743,False,14512,338,family_B_target:age_pnad:age_55_65,estimated,-1
group_pretrend::B::age_pnad::age_55_65::ln_salario_real_adm,ln_salario_real_adm,ols,"C(event_time, contr.treatment(base=-1))[13]:treatment",13,-0.016047243796329953,0.06023701519725375,False,14512,338,family_B_target:age_pnad:age_55_65,estimated,-1
group_pretrend::B::age_pnad::age_55_65::ln_salario_real_adm,ln_salario_real_adm,ols,"C(event_time, contr.treatment(base=-1))[14]:treatment",14,-0.01571383998593848,0.04703863952176381,False,14512,338,family_B_target:age_pnad:age_55_65,estimated,-1
group_pretrend::B::age_pnad::age_55_65::ln_salario_real_adm,ln_salario_real_adm,ols,"C(event_time, contr.treatment(base=-1))[15]:treatment",15,0.007929905570691231,0.04134260163566648,False,14512,338,family_B_target:age_pnad:age_55_65,estimated,-1
group_pretrend::B::age_pnad::age_55_65::ln_salario_real_adm,ln_salario_real_adm,ols,"C(event_time, contr.treatment(base=-1))[16]:treatment",16,0.018159866458473294,0.05025517143941427,False,14512,338,family_B_target:age_pnad:age_55_65,estimated,-1
group_pretrend::B::age_pnad::age_55_65::ln_salario_real_adm,ln_salario_real_adm,ols,"C(event_time, contr.treatment(base=-1))[17]:treatment",17,0.09267593168096191,0.05740222889777211,False,14512,338,family_B_target:age_pnad:age_55_65,estimated,-1
group_pretrend::B::age_pnad::age_55_65::ln_salario_real_adm,ln_salario_real_adm,ols,"C(event_time, contr.treatment(base=-1))[18]:treatment",18,0.046852532095415976,0.04100208163562241,False,14512,338,family_B_target:age_pnad:age_55_65,estimated,-1
group_pretrend::B::age_pnad::age_55_65::ln_salario_real_adm,ln_salario_real_adm,ols,"C(event_time, contr.treatment(base=-1))[19]:treatment",19,0.006435751827334887,0.05004801546312821,False,14512,338,family_B_target:age_pnad:age_55_65,estimated,-1
group_pretrend::B::age_pnad::age_55_65::ln_salario_real_adm,ln_salario_real_adm,ols,"C(event_time, contr.treatment(base=-1))[20]:treatment",20,0.02467921064657375,0.060243836338601274,False,14512,338,family_B_target:age_pnad:age_55_65,estimated,-1
group_pretrend::B::age_pnad::age_55_65::ln_salario_real_adm,ln_salario_real_adm,ols,"C(event_time, contr.treatment(base=-1))[21]:treatment",21,0.02758910330896402,0.040765199420529835,False,14512,338,family_B_target:age_pnad:age_55_65,estimated,-1
group_pretrend::B::age_pnad::age_55_65::ln_salario_real_adm,ln_salario_real_adm,ols,"C(event_time, contr.treatment(base=-1))[22]:treatment",22,0.014253452047890637,0.04851970272118621,False,14512,338,family_B_target:age_pnad:age_55_65,estimated,-1
group_pretrend::B::age_pnad::age_55_65::ln_salario_real_adm,ln_salario_real_adm,ols,"C(event_time, contr.treatment(base=-1))[23]:treatment",23,0.031149286204714775,0.0447026280898933,False,14512,338,family_B_target:age_pnad:age_55_65,estimated,-1
group_pretrend::B::age_pnad::age_55_65::n_movimentacoes,n_movimentacoes,ppml,"C(event_time, contr.treatment(base=-1))[-23]:treatment",-23,0.12236716778283778,0.06048694995165477,False,15935,341,family_B_target:age_pnad:age_55_65,estimated,-1
group_pretrend::B::age_pnad::age_55_65::n_movimentacoes,n_movimentacoes,ppml,"C(event_time, contr.treatment(base=-1))[-22]:treatment",-22,0.193759069602744,0.11093128206618379,False,15935,341,family_B_target:age_pnad:age_55_65,estimated,-1
group_pretrend::B::age_pnad::age_55_65::n_movimentacoes,n_movimentacoes,ppml,"C(event_time, contr.treatment(base=-1))[-21]:treatment",-21,0.05818638233634238,0.05696981381519157,False,15935,341,family_B_target:age_pnad:age_55_65,estimated,-1
group_pretrend::B::age_pnad::age_55_65::n_movimentacoes,n_movimentacoes,ppml,"C(event_time, contr.treatment(base=-1))[-20]:treatment",-20,0.09812369014600315,0.07387291761934978,False,15935,341,family_B_target:age_pnad:age_55_65,estimated,-1
group_pretrend::B::age_pnad::age_55_65::n_movimentacoes,n_movimentacoes,ppml,"C(event_time, contr.treatment(base=-1))[-19]:treatment",-19,-0.01729982450361583,0.06700773611374337,False,15935,341,family_B_target:age_pnad:age_55_65,estimated,-1
group_pretrend::B::age_pnad::age_55_65::n_movimentacoes,n_movimentacoes,ppml,"C(event_time, contr.treatment(base=-1))[-18]:treatment",-18,0.02625469315098776,0.053005865950297944,False,15935,341,family_B_target:age_pnad:age_55_65,estimated,-1
group_pretrend::B::age_pnad::age_55_65::n_movimentacoes,n_movimentacoes,ppml,"C(event_time, contr.treatment(base=-1))[-17]:treatment",-17,0.00730265909395657,0.05092014367672097,False,15935,341,family_B_target:age_pnad:age_55_65,estimated,-1
group_pretrend::B::age_pnad::age_55_65::n_movimentacoes,n_movimentacoes,ppml,"C(event_time, contr.treatment(base=-1))[-16]:treatment",-16,-0.033074907444154554,0.043615588518835215,False,15935,341,family_B_target:age_pnad:age_55_65,estimated,-1
group_pretrend::B::age_pnad::age_55_65::n_movimentacoes,n_movimentacoes,ppml,"C(event_time, contr.treatment(base=-1))[-15]:treatment",-15,0.01897037330964733,0.05533807981628146,False,15935,341,family_B_target:age_pnad:age_55_65,estimated,-1
group_pretrend::B::age_pnad::age_55_65::n_movimentacoes,n_movimentacoes,ppml,"C(event_time, contr.treatment(base=-1))[-14]:treatment",-14,0.0014016268652199638,0.04328704113797394,False,15935,341,family_B_target:age_pnad:age_55_65,estimated,-1
group_pretrend::B::age_pnad::age_55_65::n_movimentacoes,n_movimentacoes,ppml,"C(event_time, contr.treatment(base=-1))[-13]:treatment",-13,-0.011757591847300148,0.03558502482225951,False,15935,341,family_B_target:age_pnad:age_55_65,estimated,-1
group_pretrend::B::age_pnad::age_55_65::n_movimentacoes,n_movimentacoes,ppml,"C(event_time, contr.treatment(base=-1))[-12]:treatment",-12,0.05935844813194894,0.042530981402592385,False,15935,341,family_B_target:age_pnad:age_55_65,estimated,-1
group_pretrend::B::age_pnad::age_55_65::n_movimentacoes,n_movimentacoes,ppml,"C(event_time, contr.treatment(base=-1))[-11]:treatment",-11,0.06965066286217814,0.04640483486519935,False,15935,341,family_B_target:age_pnad:age_55_65,estimated,-1
group_pretrend::B::age_pnad::age_55_65::n_movimentacoes,n_movimentacoes,ppml,"C(event_time, contr.treatment(base=-1))[-10]:treatment",-10,0.0005357398675379518,0.04494394841833719,False,15935,341,family_B_target:age_pnad:age_55_65,estimated,-1
group_pretrend::B::age_pnad::age_55_65::n_movimentacoes,n_movimentacoes,ppml,"C(event_time, contr.treatment(base=-1))[-9]:treatment",-9,-0.001469728258030801,0.04541040651454538,False,15935,341,family_B_target:age_pnad:age_55_65,estimated,-1
group_pretrend::B::age_pnad::age_55_65::n_movimentacoes,n_movimentacoes,ppml,"C(event_time, contr.treatment(base=-1))[-8]:treatment",-8,0.011353931528683775,0.036894884937162684,False,15935,341,family_B_target:age_pnad:age_55_65,estimated,-1
group_pretrend::B::age_pnad::age_55_65::n_movimentacoes,n_movimentacoes,ppml,"C(event_time, contr.treatment(base=-1))[-7]:treatment",-7,-0.027006597392935802,0.04554179200622004,False,15935,341,family_B_target:age_pnad:age_55_65,estimated,-1
group_pretrend::B::age_pnad::age_55_65::n_movimentacoes,n_movimentacoes,ppml,"C(event_time, contr.treatment(base=-1))[-6]:treatment",-6,-0.009726605098186408,0.03320099044921674,False,15935,341,family_B_target:age_pnad:age_55_65,estimated,-1
group_pretrend::B::age_pnad::age_55_65::n_movimentacoes,n_movimentacoes,ppml,"C(event_time, contr.treatment(base=-1))[-5]:treatment",-5,-0.03588314805583974,0.03109894858327451,False,15935,341,family_B_target:age_pnad:age_55_65,estimated,-1
group_pretrend::B::age_pnad::age_55_65::n_movimentacoes,n_movimentacoes,ppml,"C(event_time, contr.treatment(base=-1))[-4]:treatment",-4,-0.021528807307203433,0.0336689971089985,False,15935,341,family_B_target:age_pnad:age_55_65,estimated,-1
group_pretrend::B::age_pnad::age_55_65::n_movimentacoes,n_movimentacoes,ppml,"C(event_time, contr.treatment(base=-1))[-3]:treatment",-3,-0.002773789999323369,0.028020966072726652,False,15935,341,family_B_target:age_pnad:age_55_65,estimated,-1
group_pretrend::B::age_pnad::age_55_65::n_movimentacoes,n_movimentacoes,ppml,"C(event_time, contr.treatment(base=-1))[-2]:treatment",-2,0.011885609085734695,0.019735335616950678,False,15935,341,family_B_target:age_pnad:age_55_65,estimated,-1
group_pretrend::B::age_pnad::age_55_65::n_movimentacoes,n_movimentacoes,ppml,reference_event_time,-1,0.0,0.0,True,15935,341,family_B_target:age_pnad:age_55_65,estimated,-1
group_pretrend::B::age_pnad::age_55_65::n_movimentacoes,n_movimentacoes,ppml,"C(event_time, contr.treatment(base=-1))[0]:treatment",0,0.0015675504589696871,0.03984890274727965,False,15935,341,family_B_target:age_pnad:age_55_65,estimated,-1
group_pretrend::B::age_pnad::age_55_65::n_movimentacoes,n_movimentacoes,ppml,"C(event_time, contr.treatment(base=-1))[1]:treatment",1,0.008520992565648419,0.03266696584844028,False,15935,341,family_B_target:age_pnad:age_55_65,estimated,-1
group_pretrend::B::age_pnad::age_55_65::n_movimentacoes,n_movimentacoes,ppml,"C(event_time, contr.treatment(base=-1))[2]:treatment",2,-0.01211380397672411,0.03880158206064531,False,15935,341,family_B_target:age_pnad:age_55_65,estimated,-1
group_pretrend::B::age_pnad::age_55_65::n_movimentacoes,n_movimentacoes,ppml,"C(event_time, contr.treatment(base=-1))[3]:treatment",3,-0.0774108910924322,0.030773802511244827,False,15935,341,family_B_target:age_pnad:age_55_65,estimated,-1
group_pretrend::B::age_pnad::age_55_65::n_movimentacoes,n_movimentacoes,ppml,"C(event_time, contr.treatment(base=-1))[4]:treatment",4,-0.06534256142708429,0.029278105736668312,False,15935,341,family_B_target:age_pnad:age_55_65,estimated,-1
group_pretrend::B::age_pnad::age_55_65::n_movimentacoes,n_movimentacoes,ppml,"C(event_time, contr.treatment(base=-1))[5]:treatment",5,-0.10743046055761853,0.027056692378132335,False,15935,341,family_B_target:age_pnad:age_55_65,estimated,-1
group_pretrend::B::age_pnad::age_55_65::n_movimentacoes,n_movimentacoes,ppml,"C(event_time, contr.treatment(base=-1))[6]:treatment",6,-0.06726795451131407,0.029707595015620775,False,15935,341,family_B_target:age_pnad:age_55_65,estimated,-1
group_pretrend::B::age_pnad::age_55_65::n_movimentacoes,n_movimentacoes,ppml,"C(event_time, contr.treatment(base=-1))[7]:treatment",7,-0.06663726459950539,0.026018634045340553,False,15935,341,family_B_target:age_pnad:age_55_65,estimated,-1
group_pretrend::B::age_pnad::age_55_65::n_movimentacoes,n_movimentacoes,ppml,"C(event_time, contr.treatment(base=-1))[8]:treatment",8,-0.09677539726490723,0.02731814390695076,False,15935,341,family_B_target:age_pnad:age_55_65,estimated,-1
group_pretrend::B::age_pnad::age_55_65::n_movimentacoes,n_movimentacoes,ppml,"C(event_time, contr.treatment(base=-1))[9]:treatment",9,-0.08283124463286952,0.022487511402066923,False,15935,341,family_B_target:age_pnad:age_55_65,estimated,-1
group_pretrend::B::age_pnad::age_55_65::n_movimentacoes,n_movimentacoes,ppml,"C(event_time, contr.treatment(base=-1))[10]:treatment",10,-0.04266581880754085,0.031417427115188606,False,15935,341,family_B_target:age_pnad:age_55_65,estimated,-1
group_pretrend::B::age_pnad::age_55_65::n_movimentacoes,n_movimentacoes,ppml,"C(event_time, contr.treatment(base=-1))[11]:treatment",11,-0.045704103047446897,0.0324804417441893,False,15935,341,family_B_target:age_pnad:age_55_65,estimated,-1
group_pretrend::B::age_pnad::age_55_65::n_movimentacoes,n_movimentacoes,ppml,"C(event_time, contr.treatment(base=-1))[12]:treatment",12,0.002338003709706121,0.05119793225802582,False,15935,341,family_B_target:age_pnad:age_55_65,estimated,-1
group_pretrend::B::age_pnad::age_55_65::n_movimentacoes,n_movimentacoes,ppml,"C(event_time, contr.treatment(base=-1))[13]:treatment",13,0.007426042525906231,0.04695053492974995,False,15935,341,family_B_target:age_pnad:age_55_65,estimated,-1
group_pretrend::B::age_pnad::age_55_65::n_movimentacoes,n_movimentacoes,ppml,"C(event_time, contr.treatment(base=-1))[14]:treatment",14,-0.0881131158114711,0.0419148522916357,False,15935,341,family_B_target:age_pnad:age_55_65,estimated,-1
group_pretrend::B::age_pnad::age_55_65::n_movimentacoes,n_movimentacoes,ppml,"C(event_time, contr.treatment(base=-1))[15]:treatment",15,-0.07510459203000026,0.03309623550851571,False,15935,341,family_B_target:age_pnad:age_55_65,estimated,-1
group_pretrend::B::age_pnad::age_55_65::n_movimentacoes,n_movimentacoes,ppml,"C(event_time, contr.treatment(base=-1))[16]:treatment",16,-0.0782669127274922,0.042104805641694304,False,15935,341,family_B_target:age_pnad:age_55_65,estimated,-1
group_pretrend::B::age_pnad::age_55_65::n_movimentacoes,n_movimentacoes,ppml,"C(event_time, contr.treatment(base=-1))[17]:treatment",17,-0.0895406852320953,0.03762094161825249,False,15935,341,family_B_target:age_pnad:age_55_65,estimated,-1
group_pretrend::B::age_pnad::age_55_65::n_movimentacoes,n_movimentacoes,ppml,"C(event_time, contr.treatment(base=-1))[18]:treatment",18,-0.05429953412362178,0.042260545571968997,False,15935,341,family_B_target:age_pnad:age_55_65,estimated,-1
group_pretrend::B::age_pnad::age_55_65::n_movimentacoes,n_movimentacoes,ppml,"C(event_time, contr.treatment(base=-1))[19]:treatment",19,0.050784527355369945,0.07766508029753486,False,15935,341,family_B_target:age_pnad:age_55_65,estimated,-1
group_pretrend::B::age_pnad::age_55_65::n_movimentacoes,n_movimentacoes,ppml,"C(event_time, contr.treatment(base=-1))[20]:treatment",20,0.023088021076186706,0.07826618962114223,False,15935,341,family_B_target:age_pnad:age_55_65,estimated,-1
group_pretrend::B::age_pnad::age_55_65::n_movimentacoes,n_movimentacoes,ppml,"C(event_time, contr.treatment(base=-1))[21]:treatment",21,-0.020477248079235934,0.05015444616843304,False,15935,341,family_B_target:age_pnad:age_55_65,estimated,-1
group_pretrend::B::age_pnad::age_55_65::n_movimentacoes,n_movimentacoes,ppml,"C(event_time, contr.treatment(base=-1))[22]:treatment",22,-0.04118736972166324,0.0638553280662641,False,15935,341,family_B_target:age_pnad:age_55_65,estimated,-1
group_pretrend::B::age_pnad::age_55_65::n_movimentacoes,n_movimentacoes,ppml,"C(event_time, contr.treatment(base=-1))[23]:treatment",23,-0.01974090522217815,0.07409361346650933,False,15935,341,family_B_target:age_pnad:age_55_65,estimated,-1
group_pretrend::B::race_aggregate::race_negra::admissoes,admissoes,ppml,"C(event_time, contr.treatment(base=-1))[-23]:treatment",-23,-0.08862542572961164,0.09811960978993543,False,15935,341,family_B_target:race_aggregate:race_negra,estimated,-1
group_pretrend::B::race_aggregate::race_negra::admissoes,admissoes,ppml,"C(event_time, contr.treatment(base=-1))[-22]:treatment",-22,-0.11824933398440111,0.09258354542950291,False,15935,341,family_B_target:race_aggregate:race_negra,estimated,-1
group_pretrend::B::race_aggregate::race_negra::admissoes,admissoes,ppml,"C(event_time, contr.treatment(base=-1))[-21]:treatment",-21,-0.14007065295085935,0.08873591774794498,False,15935,341,family_B_target:race_aggregate:race_negra,estimated,-1
group_pretrend::B::race_aggregate::race_negra::admissoes,admissoes,ppml,"C(event_time, contr.treatment(base=-1))[-20]:treatment",-20,-0.12184338752385356,0.0960300374614439,False,15935,341,family_B_target:race_aggregate:race_negra,estimated,-1
group_pretrend::B::race_aggregate::race_negra::admissoes,admissoes,ppml,"C(event_time, contr.treatment(base=-1))[-19]:treatment",-19,-0.13969160393631452,0.08429002295601605,False,15935,341,family_B_target:race_aggregate:race_negra,estimated,-1
group_pretrend::B::race_aggregate::race_negra::admissoes,admissoes,ppml,"C(event_time, contr.treatment(base=-1))[-18]:treatment",-18,-0.10035407357741913,0.07148761037755706,False,15935,341,family_B_target:race_aggregate:race_negra,estimated,-1
group_pretrend::B::race_aggregate::race_negra::admissoes,admissoes,ppml,"C(event_time, contr.treatment(base=-1))[-17]:treatment",-17,-0.1117344532367213,0.07125571172668349,False,15935,341,family_B_target:race_aggregate:race_negra,estimated,-1
group_pretrend::B::race_aggregate::race_negra::admissoes,admissoes,ppml,"C(event_time, contr.treatment(base=-1))[-16]:treatment",-16,-0.11766005689142428,0.08115281290863703,False,15935,341,family_B_target:race_aggregate:race_negra,estimated,-1
group_pretrend::B::race_aggregate::race_negra::admissoes,admissoes,ppml,"C(event_time, contr.treatment(base=-1))[-15]:treatment",-15,-0.15078971141452685,0.08596779069589931,False,15935,341,family_B_target:race_aggregate:race_negra,estimated,-1
group_pretrend::B::race_aggregate::race_negra::admissoes,admissoes,ppml,"C(event_time, contr.treatment(base=-1))[-14]:treatment",-14,-0.036204946859335806,0.062476770160765326,False,15935,341,family_B_target:race_aggregate:race_negra,estimated,-1
group_pretrend::B::race_aggregate::race_negra::admissoes,admissoes,ppml,"C(event_time, contr.treatment(base=-1))[-13]:treatment",-13,0.0706047037667752,0.029101865066810582,False,15935,341,family_B_target:race_aggregate:race_negra,estimated,-1
group_pretrend::B::race_aggregate::race_negra::admissoes,admissoes,ppml,"C(event_time, contr.treatment(base=-1))[-12]:treatment",-12,0.12050441331329208,0.04285253871981679,False,15935,341,family_B_target:race_aggregate:race_negra,estimated,-1
group_pretrend::B::race_aggregate::race_negra::admissoes,admissoes,ppml,"C(event_time, contr.treatment(base=-1))[-11]:treatment",-11,-0.10292507464044354,0.08548114515053667,False,15935,341,family_B_target:race_aggregate:race_negra,estimated,-1
group_pretrend::B::race_aggregate::race_negra::admissoes,admissoes,ppml,"C(event_time, contr.treatment(base=-1))[-10]:treatment",-10,-0.08345983255166917,0.08647624665452547,False,15935,341,family_B_target:race_aggregate:race_negra,estimated,-1
group_pretrend::B::race_aggregate::race_negra::admissoes,admissoes,ppml,"C(event_time, contr.treatment(base=-1))[-9]:treatment",-9,-0.10473191799745979,0.07803057549308762,False,15935,341,family_B_target:race_aggregate:race_negra,estimated,-1
group_pretrend::B::race_aggregate::race_negra::admissoes,admissoes,ppml,"C(event_time, contr.treatment(base=-1))[-8]:treatment",-8,-0.07133797134633942,0.07570912444748402,False,15935,341,family_B_target:race_aggregate:race_negra,estimated,-1
group_pretrend::B::race_aggregate::race_negra::admissoes,admissoes,ppml,"C(event_time, contr.treatment(base=-1))[-7]:treatment",-7,-0.16033421422677493,0.06274426344511128,False,15935,341,family_B_target:race_aggregate:race_negra,estimated,-1
group_pretrend::B::race_aggregate::race_negra::admissoes,admissoes,ppml,"C(event_time, contr.treatment(base=-1))[-6]:treatment",-6,-0.15859114475048428,0.06632980275372936,False,15935,341,family_B_target:race_aggregate:race_negra,estimated,-1
group_pretrend::B::race_aggregate::race_negra::admissoes,admissoes,ppml,"C(event_time, contr.treatment(base=-1))[-5]:treatment",-5,-0.14570598502225907,0.0680200617617707,False,15935,341,family_B_target:race_aggregate:race_negra,estimated,-1
group_pretrend::B::race_aggregate::race_negra::admissoes,admissoes,ppml,"C(event_time, contr.treatment(base=-1))[-4]:treatment",-4,-0.16570660159220335,0.06847048186504437,False,15935,341,family_B_target:race_aggregate:race_negra,estimated,-1
group_pretrend::B::race_aggregate::race_negra::admissoes,admissoes,ppml,"C(event_time, contr.treatment(base=-1))[-3]:treatment",-3,-0.13378067734300642,0.07085351261544204,False,15935,341,family_B_target:race_aggregate:race_negra,estimated,-1
group_pretrend::B::race_aggregate::race_negra::admissoes,admissoes,ppml,"C(event_time, contr.treatment(base=-1))[-2]:treatment",-2,-0.1003343689551117,0.040139274080523236,False,15935,341,family_B_target:race_aggregate:race_negra,estimated,-1
group_pretrend::B::race_aggregate::race_negra::admissoes,admissoes,ppml,reference_event_time,-1,0.0,0.0,True,15935,341,family_B_target:race_aggregate:race_negra,estimated,-1
group_pretrend::B::race_aggregate::race_negra::admissoes,admissoes,ppml,"C(event_time, contr.treatment(base=-1))[0]:treatment",0,0.02307782113170644,0.04211397841339128,False,15935,341,family_B_target:race_aggregate:race_negra,estimated,-1
group_pretrend::B::race_aggregate::race_negra::admissoes,admissoes,ppml,"C(event_time, contr.treatment(base=-1))[1]:treatment",1,-0.17209509736197806,0.07372130354813759,False,15935,341,family_B_target:race_aggregate:race_negra,estimated,-1
group_pretrend::B::race_aggregate::race_negra::admissoes,admissoes,ppml,"C(event_time, contr.treatment(base=-1))[2]:treatment",2,-0.18314471012729733,0.07630271920695095,False,15935,341,family_B_target:race_aggregate:race_negra,estimated,-1
group_pretrend::B::race_aggregate::race_negra::admissoes,admissoes,ppml,"C(event_time, contr.treatment(base=-1))[3]:treatment",3,-0.1770286130410205,0.06116412544787413,False,15935,341,family_B_target:race_aggregate:race_negra,estimated,-1
group_pretrend::B::race_aggregate::race_negra::admissoes,admissoes,ppml,"C(event_time, contr.treatment(base=-1))[4]:treatment",4,-0.16472395412344895,0.05996550700416123,False,15935,341,family_B_target:race_aggregate:race_negra,estimated,-1
group_pretrend::B::race_aggregate::race_negra::admissoes,admissoes,ppml,"C(event_time, contr.treatment(base=-1))[5]:treatment",5,-0.2194560422720778,0.05668309157498457,False,15935,341,family_B_target:race_aggregate:race_negra,estimated,-1
group_pretrend::B::race_aggregate::race_negra::admissoes,admissoes,ppml,"C(event_time, contr.treatment(base=-1))[6]:treatment",6,-0.1878504670849558,0.059015782962298334,False,15935,341,family_B_target:race_aggregate:race_negra,estimated,-1
group_pretrend::B::race_aggregate::race_negra::admissoes,admissoes,ppml,"C(event_time, contr.treatment(base=-1))[7]:treatment",7,-0.16568209812810974,0.05726606411049279,False,15935,341,family_B_target:race_aggregate:race_negra,estimated,-1
group_pretrend::B::race_aggregate::race_negra::admissoes,admissoes,ppml,"C(event_time, contr.treatment(base=-1))[8]:treatment",8,-0.19865927194626698,0.057565448225736365,False,15935,341,family_B_target:race_aggregate:race_negra,estimated,-1
group_pretrend::B::race_aggregate::race_negra::admissoes,admissoes,ppml,"C(event_time, contr.treatment(base=-1))[9]:treatment",9,-0.19818563173979212,0.05574347902132275,False,15935,341,family_B_target:race_aggregate:race_negra,estimated,-1
group_pretrend::B::race_aggregate::race_negra::admissoes,admissoes,ppml,"C(event_time, contr.treatment(base=-1))[10]:treatment",10,-0.11860306832212601,0.03946555822419847,False,15935,341,family_B_target:race_aggregate:race_negra,estimated,-1
group_pretrend::B::race_aggregate::race_negra::admissoes,admissoes,ppml,"C(event_time, contr.treatment(base=-1))[11]:treatment",11,-0.02919233988550098,0.016135364311421936,False,15935,341,family_B_target:race_aggregate:race_negra,estimated,-1
group_pretrend::B::race_aggregate::race_negra::admissoes,admissoes,ppml,"C(event_time, contr.treatment(base=-1))[12]:treatment",12,0.029416770838278098,0.0423991287354454,False,15935,341,family_B_target:race_aggregate:race_negra,estimated,-1
group_pretrend::B::race_aggregate::race_negra::admissoes,admissoes,ppml,"C(event_time, contr.treatment(base=-1))[13]:treatment",13,-0.16478405094054913,0.06783347056060057,False,15935,341,family_B_target:race_aggregate:race_negra,estimated,-1
group_pretrend::B::race_aggregate::race_negra::admissoes,admissoes,ppml,"C(event_time, contr.treatment(base=-1))[14]:treatment",14,-0.1935061334903873,0.05906149261803431,False,15935,341,family_B_target:race_aggregate:race_negra,estimated,-1
group_pretrend::B::race_aggregate::race_negra::admissoes,admissoes,ppml,"C(event_time, contr.treatment(base=-1))[15]:treatment",15,-0.15753758837890544,0.060501998877805906,False,15935,341,family_B_target:race_aggregate:race_negra,estimated,-1
group_pretrend::B::race_aggregate::race_negra::admissoes,admissoes,ppml,"C(event_time, contr.treatment(base=-1))[16]:treatment",16,-0.18339691160061813,0.05842465655686606,False,15935,341,family_B_target:race_aggregate:race_negra,estimated,-1
group_pretrend::B::race_aggregate::race_negra::admissoes,admissoes,ppml,"C(event_time, contr.treatment(base=-1))[17]:treatment",17,-0.20863971115388472,0.04975123347882654,False,15935,341,family_B_target:race_aggregate:race_negra,estimated,-1
group_pretrend::B::race_aggregate::race_negra::admissoes,admissoes,ppml,"C(event_time, contr.treatment(base=-1))[18]:treatment",18,-0.214770456262886,0.0501603756389263,False,15935,341,family_B_target:race_aggregate:race_negra,estimated,-1
group_pretrend::B::race_aggregate::race_negra::admissoes,admissoes,ppml,"C(event_time, contr.treatment(base=-1))[19]:treatment",19,-0.18482727602481608,0.05660212550113432,False,15935,341,family_B_target:race_aggregate:race_negra,estimated,-1
group_pretrend::B::race_aggregate::race_negra::admissoes,admissoes,ppml,"C(event_time, contr.treatment(base=-1))[20]:treatment",20,-0.18248449658405722,0.05773929338370715,False,15935,341,family_B_target:race_aggregate:race_negra,estimated,-1
group_pretrend::B::race_aggregate::race_negra::admissoes,admissoes,ppml,"C(event_time, contr.treatment(base=-1))[21]:treatment",21,-0.15402311736638136,0.06691666892480218,False,15935,341,family_B_target:race_aggregate:race_negra,estimated,-1
group_pretrend::B::race_aggregate::race_negra::admissoes,admissoes,ppml,"C(event_time, contr.treatment(base=-1))[22]:treatment",22,-0.1705117263006471,0.04128760386401969,False,15935,341,family_B_target:race_aggregate:race_negra,estimated,-1
group_pretrend::B::race_aggregate::race_negra::admissoes,admissoes,ppml,"C(event_time, contr.treatment(base=-1))[23]:treatment",23,-0.06941145483023411,0.037012818619404995,False,15935,341,family_B_target:race_aggregate:race_negra,estimated,-1
group_pretrend::B::race_aggregate::race_negra::asinh_saldo,asinh_saldo,ols,"C(event_time, contr.treatment(base=-1))[-23]:treatment",-23,-3.925745288322544,0.7027774066983996,False,15935,341,family_B_target:race_aggregate:race_negra,estimated,-1
group_pretrend::B::race_aggregate::race_negra::asinh_saldo,asinh_saldo,ols,"C(event_time, contr.treatment(base=-1))[-22]:treatment",-22,-3.7301436481198507,0.6832042386142925,False,15935,341,family_B_target:race_aggregate:race_negra,estimated,-1
group_pretrend::B::race_aggregate::race_negra::asinh_saldo,asinh_saldo,ols,"C(event_time, contr.treatment(base=-1))[-21]:treatment",-21,-3.306542123333428,0.7541839155152544,False,15935,341,family_B_target:race_aggregate:race_negra,estimated,-1
group_pretrend::B::race_aggregate::race_negra::asinh_saldo,asinh_saldo,ols,"C(event_time, contr.treatment(base=-1))[-20]:treatment",-20,-2.9172652952503397,0.6679277083856392,False,15935,341,family_B_target:race_aggregate:race_negra,estimated,-1
group_pretrend::B::race_aggregate::race_negra::asinh_saldo,asinh_saldo,ols,"C(event_time, contr.treatment(base=-1))[-19]:treatment",-19,-2.483992859041912,0.6399971753908679,False,15935,341,family_B_target:race_aggregate:race_negra,estimated,-1
group_pretrend::B::race_aggregate::race_negra::asinh_saldo,asinh_saldo,ols,"C(event_time, contr.treatment(base=-1))[-18]:treatment",-18,-2.6499943908024015,0.682926529025699,False,15935,341,family_B_target:race_aggregate:race_negra,estimated,-1
group_pretrend::B::race_aggregate::race_negra::asinh_saldo,asinh_saldo,ols,"C(event_time, contr.treatment(base=-1))[-17]:treatment",-17,-2.7562226456360293,0.6355254676238093,False,15935,341,family_B_target:race_aggregate:race_negra,estimated,-1
group_pretrend::B::race_aggregate::race_negra::asinh_saldo,asinh_saldo,ols,"C(event_time, contr.treatment(base=-1))[-16]:treatment",-16,-3.189751446499417,0.6126444656137694,False,15935,341,family_B_target:race_aggregate:race_negra,estimated,-1
group_pretrend::B::race_aggregate::race_negra::asinh_saldo,asinh_saldo,ols,"C(event_time, contr.treatment(base=-1))[-15]:treatment",-15,-2.6866219246303595,0.582092373708652,False,15935,341,family_B_target:race_aggregate:race_negra,estimated,-1
group_pretrend::B::race_aggregate::race_negra::asinh_saldo,asinh_saldo,ols,"C(event_time, contr.treatment(base=-1))[-14]:treatment",-14,-2.1316230981896873,0.5175002308086247,False,15935,341,family_B_target:race_aggregate:race_negra,estimated,-1
group_pretrend::B::race_aggregate::race_negra::asinh_saldo,asinh_saldo,ols,"C(event_time, contr.treatment(base=-1))[-13]:treatment",-13,-0.9822109537436198,0.5824969378838897,False,15935,341,family_B_target:race_aggregate:race_negra,estimated,-1
group_pretrend::B::race_aggregate::race_negra::asinh_saldo,asinh_saldo,ols,"C(event_time, contr.treatment(base=-1))[-12]:treatment",-12,-1.2657882103955993,0.6539247500533404,False,15935,341,family_B_target:race_aggregate:race_negra,estimated,-1
group_pretrend::B::race_aggregate::race_negra::asinh_saldo,asinh_saldo,ols,"C(event_time, contr.treatment(base=-1))[-11]:treatment",-11,-3.7054733042670573,0.777128432009034,False,15935,341,family_B_target:race_aggregate:race_negra,estimated,-1
group_pretrend::B::race_aggregate::race_negra::asinh_saldo,asinh_saldo,ols,"C(event_time, contr.treatment(base=-1))[-10]:treatment",-10,-3.047700049075201,0.7115110690942134,False,15935,341,family_B_target:race_aggregate:race_negra,estimated,-1
group_pretrend::B::race_aggregate::race_negra::asinh_saldo,asinh_saldo,ols,"C(event_time, contr.treatment(base=-1))[-9]:treatment",-9,-3.140773805189477,0.7416356592827398,False,15935,341,family_B_target:race_aggregate:race_negra,estimated,-1
group_pretrend::B::race_aggregate::race_negra::asinh_saldo,asinh_saldo,ols,"C(event_time, contr.treatment(base=-1))[-8]:treatment",-8,-3.1284994692901416,0.6186346554737722,False,15935,341,family_B_target:race_aggregate:race_negra,estimated,-1
group_pretrend::B::race_aggregate::race_negra::asinh_saldo,asinh_saldo,ols,"C(event_time, contr.treatment(base=-1))[-7]:treatment",-7,-3.4666581200118123,0.6453589352220843,False,15935,341,family_B_target:race_aggregate:race_negra,estimated,-1
group_pretrend::B::race_aggregate::race_negra::asinh_saldo,asinh_saldo,ols,"C(event_time, contr.treatment(base=-1))[-6]:treatment",-6,-3.811112001215137,0.5514332532749618,False,15935,341,family_B_target:race_aggregate:race_negra,estimated,-1
group_pretrend::B::race_aggregate::race_negra::asinh_saldo,asinh_saldo,ols,"C(event_time, contr.treatment(base=-1))[-5]:treatment",-5,-4.0703440225688485,0.6639946955354683,False,15935,341,family_B_target:race_aggregate:race_negra,estimated,-1
group_pretrend::B::race_aggregate::race_negra::asinh_saldo,asinh_saldo,ols,"C(event_time, contr.treatment(base=-1))[-4]:treatment",-4,-3.3811637648629556,0.7275110351485172,False,15935,341,family_B_target:race_aggregate:race_negra,estimated,-1
group_pretrend::B::race_aggregate::race_negra::asinh_saldo,asinh_saldo,ols,"C(event_time, contr.treatment(base=-1))[-3]:treatment",-3,-3.2133624563888326,0.6835505508580282,False,15935,341,family_B_target:race_aggregate:race_negra,estimated,-1
group_pretrend::B::race_aggregate::race_negra::asinh_saldo,asinh_saldo,ols,"C(event_time, contr.treatment(base=-1))[-2]:treatment",-2,-1.8406993051818483,0.49292733882418655,False,15935,341,family_B_target:race_aggregate:race_negra,estimated,-1
group_pretrend::B::race_aggregate::race_negra::asinh_saldo,asinh_saldo,ols,reference_event_time,-1,0.0,0.0,True,15935,341,family_B_target:race_aggregate:race_negra,estimated,-1
group_pretrend::B::race_aggregate::race_negra::asinh_saldo,asinh_saldo,ols,"C(event_time, contr.treatment(base=-1))[0]:treatment",0,-2.917861820978091,0.6372588500062878,False,15935,341,family_B_target:race_aggregate:race_negra,estimated,-1
group_pretrend::B::race_aggregate::race_negra::asinh_saldo,asinh_saldo,ols,"C(event_time, contr.treatment(base=-1))[1]:treatment",1,-3.944739568836565,0.7348484632359993,False,15935,341,family_B_target:race_aggregate:race_negra,estimated,-1
group_pretrend::B::race_aggregate::race_negra::asinh_saldo,asinh_saldo,ols,"C(event_time, contr.treatment(base=-1))[2]:treatment",2,-5.163702604111714,0.7513927822722909,False,15935,341,family_B_target:race_aggregate:race_negra,estimated,-1
group_pretrend::B::race_aggregate::race_negra::asinh_saldo,asinh_saldo,ols,"C(event_time, contr.treatment(base=-1))[3]:treatment",3,-3.902352158717121,0.6889687580195839,False,15935,341,family_B_target:race_aggregate:race_negra,estimated,-1
group_pretrend::B::race_aggregate::race_negra::asinh_saldo,asinh_saldo,ols,"C(event_time, contr.treatment(base=-1))[4]:treatment",4,-3.469774832366147,0.6692463483813326,False,15935,341,family_B_target:race_aggregate:race_negra,estimated,-1
group_pretrend::B::race_aggregate::race_negra::asinh_saldo,asinh_saldo,ols,"C(event_time, contr.treatment(base=-1))[5]:treatment",5,-3.801129790673765,0.7390656104047084,False,15935,341,family_B_target:race_aggregate:race_negra,estimated,-1
group_pretrend::B::race_aggregate::race_negra::asinh_saldo,asinh_saldo,ols,"C(event_time, contr.treatment(base=-1))[6]:treatment",6,-3.235427944558336,0.7676931098700042,False,15935,341,family_B_target:race_aggregate:race_negra,estimated,-1
group_pretrend::B::race_aggregate::race_negra::asinh_saldo,asinh_saldo,ols,"C(event_time, contr.treatment(base=-1))[7]:treatment",7,-3.8035868931311354,0.7430295431854885,False,15935,341,family_B_target:race_aggregate:race_negra,estimated,-1
group_pretrend::B::race_aggregate::race_negra::asinh_saldo,asinh_saldo,ols,"C(event_time, contr.treatment(base=-1))[8]:treatment",8,-3.281938805006153,0.6871103359350432,False,15935,341,family_B_target:race_aggregate:race_negra,estimated,-1
group_pretrend::B::race_aggregate::race_negra::asinh_saldo,asinh_saldo,ols,"C(event_time, contr.treatment(base=-1))[9]:treatment",9,-3.324444330346524,0.6935927665504069,False,15935,341,family_B_target:race_aggregate:race_negra,estimated,-1
group_pretrend::B::race_aggregate::race_negra::asinh_saldo,asinh_saldo,ols,"C(event_time, contr.treatment(base=-1))[10]:treatment",10,-2.3186705140182733,0.6292646845850413,False,15935,341,family_B_target:race_aggregate:race_negra,estimated,-1
group_pretrend::B::race_aggregate::race_negra::asinh_saldo,asinh_saldo,ols,"C(event_time, contr.treatment(base=-1))[11]:treatment",11,-0.8715599111805387,0.6186440434356391,False,15935,341,family_B_target:race_aggregate:race_negra,estimated,-1
group_pretrend::B::race_aggregate::race_negra::asinh_saldo,asinh_saldo,ols,"C(event_time, contr.treatment(base=-1))[12]:treatment",12,-1.980717628553438,0.6719664948405685,False,15935,341,family_B_target:race_aggregate:race_negra,estimated,-1
group_pretrend::B::race_aggregate::race_negra::asinh_saldo,asinh_saldo,ols,"C(event_time, contr.treatment(base=-1))[13]:treatment",13,-3.091998726304336,0.6680456214372855,False,15935,341,family_B_target:race_aggregate:race_negra,estimated,-1
group_pretrend::B::race_aggregate::race_negra::asinh_saldo,asinh_saldo,ols,"C(event_time, contr.treatment(base=-1))[14]:treatment",14,-3.470832386513871,0.6212191178811581,False,15935,341,family_B_target:race_aggregate:race_negra,estimated,-1
group_pretrend::B::race_aggregate::race_negra::asinh_saldo,asinh_saldo,ols,"C(event_time, contr.treatment(base=-1))[15]:treatment",15,-3.092808768485919,0.6561739320632849,False,15935,341,family_B_target:race_aggregate:race_negra,estimated,-1
group_pretrend::B::race_aggregate::race_negra::asinh_saldo,asinh_saldo,ols,"C(event_time, contr.treatment(base=-1))[16]:treatment",16,-2.7782763510792234,0.6745912393562458,False,15935,341,family_B_target:race_aggregate:race_negra,estimated,-1
group_pretrend::B::race_aggregate::race_negra::asinh_saldo,asinh_saldo,ols,"C(event_time, contr.treatment(base=-1))[17]:treatment",17,-2.6806568250634,0.6620144418348232,False,15935,341,family_B_target:race_aggregate:race_negra,estimated,-1
group_pretrend::B::race_aggregate::race_negra::asinh_saldo,asinh_saldo,ols,"C(event_time, contr.treatment(base=-1))[18]:treatment",18,-3.913456660896402,0.6508506059096469,False,15935,341,family_B_target:race_aggregate:race_negra,estimated,-1
group_pretrend::B::race_aggregate::race_negra::asinh_saldo,asinh_saldo,ols,"C(event_time, contr.treatment(base=-1))[19]:treatment",19,-3.7966555274100036,0.6767238770575303,False,15935,341,family_B_target:race_aggregate:race_negra,estimated,-1
group_pretrend::B::race_aggregate::race_negra::asinh_saldo,asinh_saldo,ols,"C(event_time, contr.treatment(base=-1))[20]:treatment",20,-3.370454462946668,0.6880650605269482,False,15935,341,family_B_target:race_aggregate:race_negra,estimated,-1
group_pretrend::B::race_aggregate::race_negra::asinh_saldo,asinh_saldo,ols,"C(event_time, contr.treatment(base=-1))[21]:treatment",21,-2.820360184109014,0.633623854679388,False,15935,341,family_B_target:race_aggregate:race_negra,estimated,-1
group_pretrend::B::race_aggregate::race_negra::asinh_saldo,asinh_saldo,ols,"C(event_time, contr.treatment(base=-1))[22]:treatment",22,-2.967469374462238,0.6732590993377714,False,15935,341,family_B_target:race_aggregate:race_negra,estimated,-1
group_pretrend::B::race_aggregate::race_negra::asinh_saldo,asinh_saldo,ols,"C(event_time, contr.treatment(base=-1))[23]:treatment",23,-1.4826443998392382,0.6602795696006732,False,15935,341,family_B_target:race_aggregate:race_negra,estimated,-1
group_pretrend::B::race_aggregate::race_negra::desligamentos,desligamentos,ppml,"C(event_time, contr.treatment(base=-1))[-23]:treatment",-23,0.17555378931631227,0.0556253170366735,False,15935,341,family_B_target:race_aggregate:race_negra,estimated,-1
group_pretrend::B::race_aggregate::race_negra::desligamentos,desligamentos,ppml,"C(event_time, contr.treatment(base=-1))[-22]:treatment",-22,0.12044188651903674,0.052141512641837806,False,15935,341,family_B_target:race_aggregate:race_negra,estimated,-1
group_pretrend::B::race_aggregate::race_negra::desligamentos,desligamentos,ppml,"C(event_time, contr.treatment(base=-1))[-21]:treatment",-21,0.03658932502263755,0.04488613104443692,False,15935,341,family_B_target:race_aggregate:race_negra,estimated,-1
group_pretrend::B::race_aggregate::race_negra::desligamentos,desligamentos,ppml,"C(event_time, contr.treatment(base=-1))[-20]:treatment",-20,0.03883151935527986,0.04445485943655478,False,15935,341,family_B_target:race_aggregate:race_negra,estimated,-1
group_pretrend::B::race_aggregate::race_negra::desligamentos,desligamentos,ppml,"C(event_time, contr.treatment(base=-1))[-19]:treatment",-19,0.07295829667926053,0.05209145800274515,False,15935,341,family_B_target:race_aggregate:race_negra,estimated,-1
group_pretrend::B::race_aggregate::race_negra::desligamentos,desligamentos,ppml,"C(event_time, contr.treatment(base=-1))[-18]:treatment",-18,0.10897195278285983,0.053993129739700996,False,15935,341,family_B_target:race_aggregate:race_negra,estimated,-1
group_pretrend::B::race_aggregate::race_negra::desligamentos,desligamentos,ppml,"C(event_time, contr.treatment(base=-1))[-17]:treatment",-17,0.11670598434724802,0.041662606941287796,False,15935,341,family_B_target:race_aggregate:race_negra,estimated,-1
group_pretrend::B::race_aggregate::race_negra::desligamentos,desligamentos,ppml,"C(event_time, contr.treatment(base=-1))[-16]:treatment",-16,0.08508025950806705,0.04218431088698577,False,15935,341,family_B_target:race_aggregate:race_negra,estimated,-1
group_pretrend::B::race_aggregate::race_negra::desligamentos,desligamentos,ppml,"C(event_time, contr.treatment(base=-1))[-15]:treatment",-15,0.10395691213403709,0.04339906785036849,False,15935,341,family_B_target:race_aggregate:race_negra,estimated,-1
group_pretrend::B::race_aggregate::race_negra::desligamentos,desligamentos,ppml,"C(event_time, contr.treatment(base=-1))[-14]:treatment",-14,0.06291451917140872,0.032019092946251416,False,15935,341,family_B_target:race_aggregate:race_negra,estimated,-1
group_pretrend::B::race_aggregate::race_negra::desligamentos,desligamentos,ppml,"C(event_time, contr.treatment(base=-1))[-13]:treatment",-13,0.01468953601262276,0.028509500562276007,False,15935,341,family_B_target:race_aggregate:race_negra,estimated,-1
group_pretrend::B::race_aggregate::race_negra::desligamentos,desligamentos,ppml,"C(event_time, contr.treatment(base=-1))[-12]:treatment",-12,0.07173115329049702,0.039724284735979457,False,15935,341,family_B_target:race_aggregate:race_negra,estimated,-1
group_pretrend::B::race_aggregate::race_negra::desligamentos,desligamentos,ppml,"C(event_time, contr.treatment(base=-1))[-11]:treatment",-11,0.20320228246108155,0.0502642416378174,False,15935,341,family_B_target:race_aggregate:race_negra,estimated,-1
group_pretrend::B::race_aggregate::race_negra::desligamentos,desligamentos,ppml,"C(event_time, contr.treatment(base=-1))[-10]:treatment",-10,0.16010079823161108,0.03570816646946402,False,15935,341,family_B_target:race_aggregate:race_negra,estimated,-1
group_pretrend::B::race_aggregate::race_negra::desligamentos,desligamentos,ppml,"C(event_time, contr.treatment(base=-1))[-9]:treatment",-9,0.078151701156617,0.04893965437347741,False,15935,341,family_B_target:race_aggregate:race_negra,estimated,-1
group_pretrend::B::race_aggregate::race_negra::desligamentos,desligamentos,ppml,"C(event_time, contr.treatment(base=-1))[-8]:treatment",-8,0.11994675936135621,0.04321550474725085,False,15935,341,family_B_target:race_aggregate:race_negra,estimated,-1
group_pretrend::B::race_aggregate::race_negra::desligamentos,desligamentos,ppml,"C(event_time, contr.treatment(base=-1))[-7]:treatment",-7,0.12697425957844335,0.03153253926563369,False,15935,341,family_B_target:race_aggregate:race_negra,estimated,-1
group_pretrend::B::race_aggregate::race_negra::desligamentos,desligamentos,ppml,"C(event_time, contr.treatment(base=-1))[-6]:treatment",-6,0.10943486095343492,0.031061771779797846,False,15935,341,family_B_target:race_aggregate:race_negra,estimated,-1
group_pretrend::B::race_aggregate::race_negra::desligamentos,desligamentos,ppml,"C(event_time, contr.treatment(base=-1))[-5]:treatment",-5,0.13439506064596507,0.03132953113118911,False,15935,341,family_B_target:race_aggregate:race_negra,estimated,-1
group_pretrend::B::race_aggregate::race_negra::desligamentos,desligamentos,ppml,"C(event_time, contr.treatment(base=-1))[-4]:treatment",-4,0.11994268828666692,0.033522680417129865,False,15935,341,family_B_target:race_aggregate:race_negra,estimated,-1
group_pretrend::B::race_aggregate::race_negra::desligamentos,desligamentos,ppml,"C(event_time, contr.treatment(base=-1))[-3]:treatment",-3,0.10030702718156634,0.02890879801280131,False,15935,341,family_B_target:race_aggregate:race_negra,estimated,-1
group_pretrend::B::race_aggregate::race_negra::desligamentos,desligamentos,ppml,"C(event_time, contr.treatment(base=-1))[-2]:treatment",-2,0.06221026530234716,0.022807027239213417,False,15935,341,family_B_target:race_aggregate:race_negra,estimated,-1
group_pretrend::B::race_aggregate::race_negra::desligamentos,desligamentos,ppml,reference_event_time,-1,0.0,0.0,True,15935,341,family_B_target:race_aggregate:race_negra,estimated,-1
group_pretrend::B::race_aggregate::race_negra::desligamentos,desligamentos,ppml,"C(event_time, contr.treatment(base=-1))[0]:treatment",0,-0.02024482376152315,0.030296790610984652,False,15935,341,family_B_target:race_aggregate:race_negra,estimated,-1
group_pretrend::B::race_aggregate::race_negra::desligamentos,desligamentos,ppml,"C(event_time, contr.treatment(base=-1))[1]:treatment",1,0.13990669443497605,0.0382602570515435,False,15935,341,family_B_target:race_aggregate:race_negra,estimated,-1
group_pretrend::B::race_aggregate::race_negra::desligamentos,desligamentos,ppml,"C(event_time, contr.treatment(base=-1))[2]:treatment",2,0.11327705245854278,0.0309289609400872,False,15935,341,family_B_target:race_aggregate:race_negra,estimated,-1
group_pretrend::B::race_aggregate::race_negra::desligamentos,desligamentos,ppml,"C(event_time, contr.treatment(base=-1))[3]:treatment",3,0.05606811631376475,0.035042964135519085,False,15935,341,family_B_target:race_aggregate:race_negra,estimated,-1
group_pretrend::B::race_aggregate::race_negra::desligamentos,desligamentos,ppml,"C(event_time, contr.treatment(base=-1))[4]:treatment",4,0.03265386590837386,0.04297744653143294,False,15935,341,family_B_target:race_aggregate:race_negra,estimated,-1
group_pretrend::B::race_aggregate::race_negra::desligamentos,desligamentos,ppml,"C(event_time, contr.treatment(base=-1))[5]:treatment",5,0.021124842372048317,0.04692102778014965,False,15935,341,family_B_target:race_aggregate:race_negra,estimated,-1
group_pretrend::B::race_aggregate::race_negra::desligamentos,desligamentos,ppml,"C(event_time, contr.treatment(base=-1))[6]:treatment",6,0.06387300805904574,0.03380235642615031,False,15935,341,family_B_target:race_aggregate:race_negra,estimated,-1
group_pretrend::B::race_aggregate::race_negra::desligamentos,desligamentos,ppml,"C(event_time, contr.treatment(base=-1))[7]:treatment",7,0.10055424515921392,0.03445685724435258,False,15935,341,family_B_target:race_aggregate:race_negra,estimated,-1
group_pretrend::B::race_aggregate::race_negra::desligamentos,desligamentos,ppml,"C(event_time, contr.treatment(base=-1))[8]:treatment",8,0.06923685782401559,0.03208031434698197,False,15935,341,family_B_target:race_aggregate:race_negra,estimated,-1
group_pretrend::B::race_aggregate::race_negra::desligamentos,desligamentos,ppml,"C(event_time, contr.treatment(base=-1))[9]:treatment",9,0.06052872628755455,0.03561720051573322,False,15935,341,family_B_target:race_aggregate:race_negra,estimated,-1
group_pretrend::B::race_aggregate::race_negra::desligamentos,desligamentos,ppml,"C(event_time, contr.treatment(base=-1))[10]:treatment",10,0.043527799098250754,0.035819404737156585,False,15935,341,family_B_target:race_aggregate:race_negra,estimated,-1
group_pretrend::B::race_aggregate::race_negra::desligamentos,desligamentos,ppml,"C(event_time, contr.treatment(base=-1))[11]:treatment",11,-0.030796488254295658,0.03694592104049407,False,15935,341,family_B_target:race_aggregate:race_negra,estimated,-1
group_pretrend::B::race_aggregate::race_negra::desligamentos,desligamentos,ppml,"C(event_time, contr.treatment(base=-1))[12]:treatment",12,-0.036560373881397164,0.04830176591498975,False,15935,341,family_B_target:race_aggregate:race_negra,estimated,-1
group_pretrend::B::race_aggregate::race_negra::desligamentos,desligamentos,ppml,"C(event_time, contr.treatment(base=-1))[13]:treatment",13,0.13634924028026066,0.05243628496147955,False,15935,341,family_B_target:race_aggregate:race_negra,estimated,-1
group_pretrend::B::race_aggregate::race_negra::desligamentos,desligamentos,ppml,"C(event_time, contr.treatment(base=-1))[14]:treatment",14,0.07125093667163071,0.04595035768720737,False,15935,341,family_B_target:race_aggregate:race_negra,estimated,-1
group_pretrend::B::race_aggregate::race_negra::desligamentos,desligamentos,ppml,"C(event_time, contr.treatment(base=-1))[15]:treatment",15,0.013840028113628935,0.04379485304715176,False,15935,341,family_B_target:race_aggregate:race_negra,estimated,-1
group_pretrend::B::race_aggregate::race_negra::desligamentos,desligamentos,ppml,"C(event_time, contr.treatment(base=-1))[16]:treatment",16,0.0074365933907918425,0.04168481696002802,False,15935,341,family_B_target:race_aggregate:race_negra,estimated,-1
group_pretrend::B::race_aggregate::race_negra::desligamentos,desligamentos,ppml,"C(event_time, contr.treatment(base=-1))[17]:treatment",17,0.013604005061429982,0.04592669209643579,False,15935,341,family_B_target:race_aggregate:race_negra,estimated,-1
group_pretrend::B::race_aggregate::race_negra::desligamentos,desligamentos,ppml,"C(event_time, contr.treatment(base=-1))[18]:treatment",18,0.03769907512474135,0.05027208967600236,False,15935,341,family_B_target:race_aggregate:race_negra,estimated,-1
group_pretrend::B::race_aggregate::race_negra::desligamentos,desligamentos,ppml,"C(event_time, contr.treatment(base=-1))[19]:treatment",19,0.04466060948547557,0.047672313708505415,False,15935,341,family_B_target:race_aggregate:race_negra,estimated,-1
group_pretrend::B::race_aggregate::race_negra::desligamentos,desligamentos,ppml,"C(event_time, contr.treatment(base=-1))[20]:treatment",20,0.02466112972256506,0.04928403435002196,False,15935,341,family_B_target:race_aggregate:race_negra,estimated,-1
group_pretrend::B::race_aggregate::race_negra::desligamentos,desligamentos,ppml,"C(event_time, contr.treatment(base=-1))[21]:treatment",21,0.034643714565845966,0.053313240147934565,False,15935,341,family_B_target:race_aggregate:race_negra,estimated,-1
group_pretrend::B::race_aggregate::race_negra::desligamentos,desligamentos,ppml,"C(event_time, contr.treatment(base=-1))[22]:treatment",22,0.04161142584612883,0.046293733140600174,False,15935,341,family_B_target:race_aggregate:race_negra,estimated,-1
group_pretrend::B::race_aggregate::race_negra::desligamentos,desligamentos,ppml,"C(event_time, contr.treatment(base=-1))[23]:treatment",23,-0.04968994467141022,0.05168037623927286,False,15935,341,family_B_target:race_aggregate:race_negra,estimated,-1
group_pretrend::B::race_aggregate::race_negra::ln_salario_real_adm,ln_salario_real_adm,ols,"C(event_time, contr.treatment(base=-1))[-23]:treatment",-23,0.007813792368113697,0.020637380987602073,False,15825,340,family_B_target:race_aggregate:race_negra,estimated,-1
group_pretrend::B::race_aggregate::race_negra::ln_salario_real_adm,ln_salario_real_adm,ols,"C(event_time, contr.treatment(base=-1))[-22]:treatment",-22,0.03416499478772474,0.03748450901628063,False,15825,340,family_B_target:race_aggregate:race_negra,estimated,-1
group_pretrend::B::race_aggregate::race_negra::ln_salario_real_adm,ln_salario_real_adm,ols,"C(event_time, contr.treatment(base=-1))[-21]:treatment",-21,0.02674558991913678,0.026108852082370633,False,15825,340,family_B_target:race_aggregate:race_negra,estimated,-1
group_pretrend::B::race_aggregate::race_negra::ln_salario_real_adm,ln_salario_real_adm,ols,"C(event_time, contr.treatment(base=-1))[-20]:treatment",-20,0.06519919168266688,0.04780313737177216,False,15825,340,family_B_target:race_aggregate:race_negra,estimated,-1
group_pretrend::B::race_aggregate::race_negra::ln_salario_real_adm,ln_salario_real_adm,ols,"C(event_time, contr.treatment(base=-1))[-19]:treatment",-19,0.04038015929286039,0.019206757986196508,False,15825,340,family_B_target:race_aggregate:race_negra,estimated,-1
group_pretrend::B::race_aggregate::race_negra::ln_salario_real_adm,ln_salario_real_adm,ols,"C(event_time, contr.treatment(base=-1))[-18]:treatment",-18,0.06295796191456933,0.027107688707847362,False,15825,340,family_B_target:race_aggregate:race_negra,estimated,-1
group_pretrend::B::race_aggregate::race_negra::ln_salario_real_adm,ln_salario_real_adm,ols,"C(event_time, contr.treatment(base=-1))[-17]:treatment",-17,0.053278486316128734,0.026662912205758147,False,15825,340,family_B_target:race_aggregate:race_negra,estimated,-1
group_pretrend::B::race_aggregate::race_negra::ln_salario_real_adm,ln_salario_real_adm,ols,"C(event_time, contr.treatment(base=-1))[-16]:treatment",-16,0.021953351966185915,0.04057579581297272,False,15825,340,family_B_target:race_aggregate:race_negra,estimated,-1
group_pretrend::B::race_aggregate::race_negra::ln_salario_real_adm,ln_salario_real_adm,ols,"C(event_time, contr.treatment(base=-1))[-15]:treatment",-15,0.0642398980920149,0.026021599242793386,False,15825,340,family_B_target:race_aggregate:race_negra,estimated,-1
group_pretrend::B::race_aggregate::race_negra::ln_salario_real_adm,ln_salario_real_adm,ols,"C(event_time, contr.treatment(base=-1))[-14]:treatment",-14,0.05303131193787682,0.023915110889030994,False,15825,340,family_B_target:race_aggregate:race_negra,estimated,-1
group_pretrend::B::race_aggregate::race_negra::ln_salario_real_adm,ln_salario_real_adm,ols,"C(event_time, contr.treatment(base=-1))[-13]:treatment",-13,0.04562004272947349,0.02006910982570273,False,15825,340,family_B_target:race_aggregate:race_negra,estimated,-1
group_pretrend::B::race_aggregate::race_negra::ln_salario_real_adm,ln_salario_real_adm,ols,"C(event_time, contr.treatment(base=-1))[-12]:treatment",-12,0.04867156287854415,0.02359458431316529,False,15825,340,family_B_target:race_aggregate:race_negra,estimated,-1
group_pretrend::B::race_aggregate::race_negra::ln_salario_real_adm,ln_salario_real_adm,ols,"C(event_time, contr.treatment(base=-1))[-11]:treatment",-11,0.039636513310261086,0.023687299010062807,False,15825,340,family_B_target:race_aggregate:race_negra,estimated,-1
group_pretrend::B::race_aggregate::race_negra::ln_salario_real_adm,ln_salario_real_adm,ols,"C(event_time, contr.treatment(base=-1))[-10]:treatment",-10,-0.00896326983003702,0.01662238581468317,False,15825,340,family_B_target:race_aggregate:race_negra,estimated,-1
group_pretrend::B::race_aggregate::race_negra::ln_salario_real_adm,ln_salario_real_adm,ols,"C(event_time, contr.treatment(base=-1))[-9]:treatment",-9,0.02746747891498166,0.028490555395337475,False,15825,340,family_B_target:race_aggregate:race_negra,estimated,-1
group_pretrend::B::race_aggregate::race_negra::ln_salario_real_adm,ln_salario_real_adm,ols,"C(event_time, contr.treatment(base=-1))[-8]:treatment",-8,0.021085521182807068,0.027835246046529764,False,15825,340,family_B_target:race_aggregate:race_negra,estimated,-1
group_pretrend::B::race_aggregate::race_negra::ln_salario_real_adm,ln_salario_real_adm,ols,"C(event_time, contr.treatment(base=-1))[-7]:treatment",-7,0.03100409804563205,0.02050272951306798,False,15825,340,family_B_target:race_aggregate:race_negra,estimated,-1
group_pretrend::B::race_aggregate::race_negra::ln_salario_real_adm,ln_salario_real_adm,ols,"C(event_time, contr.treatment(base=-1))[-6]:treatment",-6,0.020455716394175736,0.017472100026649957,False,15825,340,family_B_target:race_aggregate:race_negra,estimated,-1
group_pretrend::B::race_aggregate::race_negra::ln_salario_real_adm,ln_salario_real_adm,ols,"C(event_time, contr.treatment(base=-1))[-5]:treatment",-5,0.02839392974585472,0.026298871825062364,False,15825,340,family_B_target:race_aggregate:race_negra,estimated,-1
group_pretrend::B::race_aggregate::race_negra::ln_salario_real_adm,ln_salario_real_adm,ols,"C(event_time, contr.treatment(base=-1))[-4]:treatment",-4,0.02534947918747531,0.02648356195004333,False,15825,340,family_B_target:race_aggregate:race_negra,estimated,-1
group_pretrend::B::race_aggregate::race_negra::ln_salario_real_adm,ln_salario_real_adm,ols,"C(event_time, contr.treatment(base=-1))[-3]:treatment",-3,0.01620164240545622,0.02633542105844197,False,15825,340,family_B_target:race_aggregate:race_negra,estimated,-1
group_pretrend::B::race_aggregate::race_negra::ln_salario_real_adm,ln_salario_real_adm,ols,"C(event_time, contr.treatment(base=-1))[-2]:treatment",-2,0.01578378312561893,0.01895252603135985,False,15825,340,family_B_target:race_aggregate:race_negra,estimated,-1
group_pretrend::B::race_aggregate::race_negra::ln_salario_real_adm,ln_salario_real_adm,ols,reference_event_time,-1,0.0,0.0,True,15825,340,family_B_target:race_aggregate:race_negra,estimated,-1
group_pretrend::B::race_aggregate::race_negra::ln_salario_real_adm,ln_salario_real_adm,ols,"C(event_time, contr.treatment(base=-1))[0]:treatment",0,0.003359179679636487,0.033098673821704054,False,15825,340,family_B_target:race_aggregate:race_negra,estimated,-1
group_pretrend::B::race_aggregate::race_negra::ln_salario_real_adm,ln_salario_real_adm,ols,"C(event_time, contr.treatment(base=-1))[1]:treatment",1,-0.011383073705856958,0.018849073731135764,False,15825,340,family_B_target:race_aggregate:race_negra,estimated,-1
group_pretrend::B::race_aggregate::race_negra::ln_salario_real_adm,ln_salario_real_adm,ols,"C(event_time, contr.treatment(base=-1))[2]:treatment",2,-0.04956560792320276,0.027449400618174642,False,15825,340,family_B_target:race_aggregate:race_negra,estimated,-1
group_pretrend::B::race_aggregate::race_negra::ln_salario_real_adm,ln_salario_real_adm,ols,"C(event_time, contr.treatment(base=-1))[3]:treatment",3,-0.012328754537243853,0.02555660011199159,False,15825,340,family_B_target:race_aggregate:race_negra,estimated,-1
group_pretrend::B::race_aggregate::race_negra::ln_salario_real_adm,ln_salario_real_adm,ols,"C(event_time, contr.treatment(base=-1))[4]:treatment",4,-0.04643489264418073,0.025115169505409533,False,15825,340,family_B_target:race_aggregate:race_negra,estimated,-1
group_pretrend::B::race_aggregate::race_negra::ln_salario_real_adm,ln_salario_real_adm,ols,"C(event_time, contr.treatment(base=-1))[5]:treatment",5,-0.03193994955503598,0.02509994046008684,False,15825,340,family_B_target:race_aggregate:race_negra,estimated,-1
group_pretrend::B::race_aggregate::race_negra::ln_salario_real_adm,ln_salario_real_adm,ols,"C(event_time, contr.treatment(base=-1))[6]:treatment",6,0.01422180709357276,0.019979836243829253,False,15825,340,family_B_target:race_aggregate:race_negra,estimated,-1
group_pretrend::B::race_aggregate::race_negra::ln_salario_real_adm,ln_salario_real_adm,ols,"C(event_time, contr.treatment(base=-1))[7]:treatment",7,0.0048546649434683346,0.028760041652761536,False,15825,340,family_B_target:race_aggregate:race_negra,estimated,-1
group_pretrend::B::race_aggregate::race_negra::ln_salario_real_adm,ln_salario_real_adm,ols,"C(event_time, contr.treatment(base=-1))[8]:treatment",8,0.027699661279091774,0.023045328322150758,False,15825,340,family_B_target:race_aggregate:race_negra,estimated,-1
group_pretrend::B::race_aggregate::race_negra::ln_salario_real_adm,ln_salario_real_adm,ols,"C(event_time, contr.treatment(base=-1))[9]:treatment",9,-0.02638009606766228,0.02302250610726446,False,15825,340,family_B_target:race_aggregate:race_negra,estimated,-1
group_pretrend::B::race_aggregate::race_negra::ln_salario_real_adm,ln_salario_real_adm,ols,"C(event_time, contr.treatment(base=-1))[10]:treatment",10,-0.049594224915352154,0.027168544892283365,False,15825,340,family_B_target:race_aggregate:race_negra,estimated,-1
group_pretrend::B::race_aggregate::race_negra::ln_salario_real_adm,ln_salario_real_adm,ols,"C(event_time, contr.treatment(base=-1))[11]:treatment",11,-0.0019293432214803074,0.02304975104489903,False,15825,340,family_B_target:race_aggregate:race_negra,estimated,-1
group_pretrend::B::race_aggregate::race_negra::ln_salario_real_adm,ln_salario_real_adm,ols,"C(event_time, contr.treatment(base=-1))[12]:treatment",12,0.0112410961854784,0.024837314403144472,False,15825,340,family_B_target:race_aggregate:race_negra,estimated,-1
group_pretrend::B::race_aggregate::race_negra::ln_salario_real_adm,ln_salario_real_adm,ols,"C(event_time, contr.treatment(base=-1))[13]:treatment",13,-0.00483134416804448,0.02703307803797546,False,15825,340,family_B_target:race_aggregate:race_negra,estimated,-1
group_pretrend::B::race_aggregate::race_negra::ln_salario_real_adm,ln_salario_real_adm,ols,"C(event_time, contr.treatment(base=-1))[14]:treatment",14,-0.04938685294788877,0.02285250609937296,False,15825,340,family_B_target:race_aggregate:race_negra,estimated,-1
group_pretrend::B::race_aggregate::race_negra::ln_salario_real_adm,ln_salario_real_adm,ols,"C(event_time, contr.treatment(base=-1))[15]:treatment",15,-0.04670884978746038,0.02288324996945306,False,15825,340,family_B_target:race_aggregate:race_negra,estimated,-1
group_pretrend::B::race_aggregate::race_negra::ln_salario_real_adm,ln_salario_real_adm,ols,"C(event_time, contr.treatment(base=-1))[16]:treatment",16,-0.03883420060978983,0.022700426609917695,False,15825,340,family_B_target:race_aggregate:race_negra,estimated,-1
group_pretrend::B::race_aggregate::race_negra::ln_salario_real_adm,ln_salario_real_adm,ols,"C(event_time, contr.treatment(base=-1))[17]:treatment",17,-0.030728129198945818,0.023523753187391565,False,15825,340,family_B_target:race_aggregate:race_negra,estimated,-1
group_pretrend::B::race_aggregate::race_negra::ln_salario_real_adm,ln_salario_real_adm,ols,"C(event_time, contr.treatment(base=-1))[18]:treatment",18,-0.009829571262963372,0.02210091593664249,False,15825,340,family_B_target:race_aggregate:race_negra,estimated,-1
group_pretrend::B::race_aggregate::race_negra::ln_salario_real_adm,ln_salario_real_adm,ols,"C(event_time, contr.treatment(base=-1))[19]:treatment",19,-0.055719216624260444,0.021199395887712556,False,15825,340,family_B_target:race_aggregate:race_negra,estimated,-1
group_pretrend::B::race_aggregate::race_negra::ln_salario_real_adm,ln_salario_real_adm,ols,"C(event_time, contr.treatment(base=-1))[20]:treatment",20,-0.005896549630500915,0.021125878768726982,False,15825,340,family_B_target:race_aggregate:race_negra,estimated,-1
group_pretrend::B::race_aggregate::race_negra::ln_salario_real_adm,ln_salario_real_adm,ols,"C(event_time, contr.treatment(base=-1))[21]:treatment",21,0.0025802601380374443,0.026438016795560636,False,15825,340,family_B_target:race_aggregate:race_negra,estimated,-1
group_pretrend::B::race_aggregate::race_negra::ln_salario_real_adm,ln_salario_real_adm,ols,"C(event_time, contr.treatment(base=-1))[22]:treatment",22,-0.007939461347737873,0.020775198837606725,False,15825,340,family_B_target:race_aggregate:race_negra,estimated,-1
group_pretrend::B::race_aggregate::race_negra::ln_salario_real_adm,ln_salario_real_adm,ols,"C(event_time, contr.treatment(base=-1))[23]:treatment",23,-0.04181248155333607,0.021506281445285592,False,15825,340,family_B_target:race_aggregate:race_negra,estimated,-1
group_pretrend::B::race_aggregate::race_negra::n_movimentacoes,n_movimentacoes,ppml,"C(event_time, contr.treatment(base=-1))[-23]:treatment",-23,0.03950655101807009,0.05465122794109757,False,15935,341,family_B_target:race_aggregate:race_negra,estimated,-1
group_pretrend::B::race_aggregate::race_negra::n_movimentacoes,n_movimentacoes,ppml,"C(event_time, contr.treatment(base=-1))[-22]:treatment",-22,-0.002609449485176497,0.056482805212267,False,15935,341,family_B_target:race_aggregate:race_negra,estimated,-1
group_pretrend::B::race_aggregate::race_negra::n_movimentacoes,n_movimentacoes,ppml,"C(event_time, contr.treatment(base=-1))[-21]:treatment",-21,-0.05246275167086781,0.055148372404862964,False,15935,341,family_B_target:race_aggregate:race_negra,estimated,-1
group_pretrend::B::race_aggregate::race_negra::n_movimentacoes,n_movimentacoes,ppml,"C(event_time, contr.treatment(base=-1))[-20]:treatment",-20,-0.04181426422703612,0.06316499960962216,False,15935,341,family_B_target:race_aggregate:race_negra,estimated,-1
group_pretrend::B::race_aggregate::race_negra::n_movimentacoes,n_movimentacoes,ppml,"C(event_time, contr.treatment(base=-1))[-19]:treatment",-19,-0.0353974007435097,0.05868135156938164,False,15935,341,family_B_target:race_aggregate:race_negra,estimated,-1
group_pretrend::B::race_aggregate::race_negra::n_movimentacoes,n_movimentacoes,ppml,"C(event_time, contr.treatment(base=-1))[-18]:treatment",-18,0.0023865462943276987,0.05138419149814867,False,15935,341,family_B_target:race_aggregate:race_negra,estimated,-1
group_pretrend::B::race_aggregate::race_negra::n_movimentacoes,n_movimentacoes,ppml,"C(event_time, contr.treatment(base=-1))[-17]:treatment",-17,-0.0002480675527858948,0.04822104676832605,False,15935,341,family_B_target:race_aggregate:race_negra,estimated,-1
group_pretrend::B::race_aggregate::race_negra::n_movimentacoes,n_movimentacoes,ppml,"C(event_time, contr.treatment(base=-1))[-16]:treatment",-16,-0.01796877629282401,0.04655880723014948,False,15935,341,family_B_target:race_aggregate:race_negra,estimated,-1
group_pretrend::B::race_aggregate::race_negra::n_movimentacoes,n_movimentacoes,ppml,"C(event_time, contr.treatment(base=-1))[-15]:treatment",-15,-0.02752024078643432,0.04781339405718165,False,15935,341,family_B_target:race_aggregate:race_negra,estimated,-1
group_pretrend::B::race_aggregate::race_negra::n_movimentacoes,n_movimentacoes,ppml,"C(event_time, contr.treatment(base=-1))[-14]:treatment",-14,0.015486398181728261,0.037310489518750344,False,15935,341,family_B_target:race_aggregate:race_negra,estimated,-1
group_pretrend::B::race_aggregate::race_negra::n_movimentacoes,n_movimentacoes,ppml,"C(event_time, contr.treatment(base=-1))[-13]:treatment",-13,0.051638459632918035,0.02179340546791955,False,15935,341,family_B_target:race_aggregate:race_negra,estimated,-1
group_pretrend::B::race_aggregate::race_negra::n_movimentacoes,n_movimentacoes,ppml,"C(event_time, contr.treatment(base=-1))[-12]:treatment",-12,0.08522457806887442,0.03221152239688088,False,15935,341,family_B_target:race_aggregate:race_negra,estimated,-1
group_pretrend::B::race_aggregate::race_negra::n_movimentacoes,n_movimentacoes,ppml,"C(event_time, contr.treatment(base=-1))[-11]:treatment",-11,0.046721341203109765,0.03863802355485669,False,15935,341,family_B_target:race_aggregate:race_negra,estimated,-1
group_pretrend::B::race_aggregate::race_negra::n_movimentacoes,n_movimentacoes,ppml,"C(event_time, contr.treatment(base=-1))[-10]:treatment",-10,0.03566755039461488,0.046227611380783754,False,15935,341,family_B_target:race_aggregate:race_negra,estimated,-1
group_pretrend::B::race_aggregate::race_negra::n_movimentacoes,n_movimentacoes,ppml,"C(event_time, contr.treatment(base=-1))[-9]:treatment",-9,-0.014331706168514223,0.04726008016411096,False,15935,341,family_B_target:race_aggregate:race_negra,estimated,-1
group_pretrend::B::race_aggregate::race_negra::n_movimentacoes,n_movimentacoes,ppml,"C(event_time, contr.treatment(base=-1))[-8]:treatment",-8,0.023252848623946793,0.04503080652919823,False,15935,341,family_B_target:race_aggregate:race_negra,estimated,-1
group_pretrend::B::race_aggregate::race_negra::n_movimentacoes,n_movimentacoes,ppml,"C(event_time, contr.treatment(base=-1))[-7]:treatment",-7,-0.02092362198154926,0.036376982179538046,False,15935,341,family_B_target:race_aggregate:race_negra,estimated,-1
group_pretrend::B::race_aggregate::race_negra::n_movimentacoes,n_movimentacoes,ppml,"C(event_time, contr.treatment(base=-1))[-6]:treatment",-6,-0.028543774580354838,0.036676368321636364,False,15935,341,family_B_target:race_aggregate:race_negra,estimated,-1
group_pretrend::B::race_aggregate::race_negra::n_movimentacoes,n_movimentacoes,ppml,"C(event_time, contr.treatment(base=-1))[-5]:treatment",-5,-0.009147132279267417,0.03314449495082863,False,15935,341,family_B_target:race_aggregate:race_negra,estimated,-1
group_pretrend::B::race_aggregate::race_negra::n_movimentacoes,n_movimentacoes,ppml,"C(event_time, contr.treatment(base=-1))[-4]:treatment",-4,-0.026845279538729113,0.03381559856357137,False,15935,341,family_B_target:race_aggregate:race_negra,estimated,-1
group_pretrend::B::race_aggregate::race_negra::n_movimentacoes,n_movimentacoes,ppml,"C(event_time, contr.treatment(base=-1))[-3]:treatment",-3,-0.01937074076413654,0.03238319539172684,False,15935,341,family_B_target:race_aggregate:race_negra,estimated,-1
group_pretrend::B::race_aggregate::race_negra::n_movimentacoes,n_movimentacoes,ppml,"C(event_time, contr.treatment(base=-1))[-2]:treatment",-2,-0.019570745304682443,0.01920188882171779,False,15935,341,family_B_target:race_aggregate:race_negra,estimated,-1
group_pretrend::B::race_aggregate::race_negra::n_movimentacoes,n_movimentacoes,ppml,reference_event_time,-1,0.0,0.0,True,15935,341,family_B_target:race_aggregate:race_negra,estimated,-1
group_pretrend::B::race_aggregate::race_negra::n_movimentacoes,n_movimentacoes,ppml,"C(event_time, contr.treatment(base=-1))[0]:treatment",0,-0.01534121059294549,0.02326466078056001,False,15935,341,family_B_target:race_aggregate:race_negra,estimated,-1
group_pretrend::B::race_aggregate::race_negra::n_movimentacoes,n_movimentacoes,ppml,"C(event_time, contr.treatment(base=-1))[1]:treatment",1,-0.01818392608085002,0.030023732479062995,False,15935,341,family_B_target:race_aggregate:race_negra,estimated,-1
group_pretrend::B::race_aggregate::race_negra::n_movimentacoes,n_movimentacoes,ppml,"C(event_time, contr.treatment(base=-1))[2]:treatment",2,-0.0378243383077241,0.03653276871268606,False,15935,341,family_B_target:race_aggregate:race_negra,estimated,-1
group_pretrend::B::race_aggregate::race_negra::n_movimentacoes,n_movimentacoes,ppml,"C(event_time, contr.treatment(base=-1))[3]:treatment",3,-0.062165648575783355,0.03150289152363787,False,15935,341,family_B_target:race_aggregate:race_negra,estimated,-1
group_pretrend::B::race_aggregate::race_negra::n_movimentacoes,n_movimentacoes,ppml,"C(event_time, contr.treatment(base=-1))[4]:treatment",4,-0.06720051100913249,0.03480661653460775,False,15935,341,family_B_target:race_aggregate:race_negra,estimated,-1
group_pretrend::B::race_aggregate::race_negra::n_movimentacoes,n_movimentacoes,ppml,"C(event_time, contr.treatment(base=-1))[5]:treatment",5,-0.10094834386043916,0.03009503268461539,False,15935,341,family_B_target:race_aggregate:race_negra,estimated,-1
group_pretrend::B::race_aggregate::race_negra::n_movimentacoes,n_movimentacoes,ppml,"C(event_time, contr.treatment(base=-1))[6]:treatment",6,-0.06418633722853723,0.02875986985397276,False,15935,341,family_B_target:race_aggregate:race_negra,estimated,-1
group_pretrend::B::race_aggregate::race_negra::n_movimentacoes,n_movimentacoes,ppml,"C(event_time, contr.treatment(base=-1))[7]:treatment",7,-0.03587060569373657,0.02846990978123632,False,15935,341,family_B_target:race_aggregate:race_negra,estimated,-1
group_pretrend::B::race_aggregate::race_negra::n_movimentacoes,n_movimentacoes,ppml,"C(event_time, contr.treatment(base=-1))[8]:treatment",8,-0.06906535559455415,0.028979211303939267,False,15935,341,family_B_target:race_aggregate:race_negra,estimated,-1
group_pretrend::B::race_aggregate::race_negra::n_movimentacoes,n_movimentacoes,ppml,"C(event_time, contr.treatment(base=-1))[9]:treatment",9,-0.0731386629932722,0.024582676290127642,False,15935,341,family_B_target:race_aggregate:race_negra,estimated,-1
group_pretrend::B::race_aggregate::race_negra::n_movimentacoes,n_movimentacoes,ppml,"C(event_time, contr.treatment(base=-1))[10]:treatment",10,-0.03737412581405033,0.01805599836058235,False,15935,341,family_B_target:race_aggregate:race_negra,estimated,-1
group_pretrend::B::race_aggregate::race_negra::n_movimentacoes,n_movimentacoes,ppml,"C(event_time, contr.treatment(base=-1))[11]:treatment",11,-0.025248299056571374,0.020457053273295667,False,15935,341,family_B_target:race_aggregate:race_negra,estimated,-1
group_pretrend::B::race_aggregate::race_negra::n_movimentacoes,n_movimentacoes,ppml,"C(event_time, contr.treatment(base=-1))[12]:treatment",12,-0.0146042405274755,0.03514514301195575,False,15935,341,family_B_target:race_aggregate:race_negra,estimated,-1
group_pretrend::B::race_aggregate::race_negra::n_movimentacoes,n_movimentacoes,ppml,"C(event_time, contr.treatment(base=-1))[13]:treatment",13,-0.021360557723618483,0.033961552412246555,False,15935,341,family_B_target:race_aggregate:race_negra,estimated,-1
group_pretrend::B::race_aggregate::race_negra::n_movimentacoes,n_movimentacoes,ppml,"C(event_time, contr.treatment(base=-1))[14]:treatment",14,-0.06681769012594176,0.03582514534211354,False,15935,341,family_B_target:race_aggregate:race_negra,estimated,-1
group_pretrend::B::race_aggregate::race_negra::n_movimentacoes,n_movimentacoes,ppml,"C(event_time, contr.treatment(base=-1))[15]:treatment",15,-0.07170975834721757,0.03429630951253255,False,15935,341,family_B_target:race_aggregate:race_negra,estimated,-1
group_pretrend::B::race_aggregate::race_negra::n_movimentacoes,n_movimentacoes,ppml,"C(event_time, contr.treatment(base=-1))[16]:treatment",16,-0.08899863039683019,0.03301570190681094,False,15935,341,family_B_target:race_aggregate:race_negra,estimated,-1
group_pretrend::B::race_aggregate::race_negra::n_movimentacoes,n_movimentacoes,ppml,"C(event_time, contr.treatment(base=-1))[17]:treatment",17,-0.1001255567489242,0.031563218775148415,False,15935,341,family_B_target:race_aggregate:race_negra,estimated,-1
group_pretrend::B::race_aggregate::race_negra::n_movimentacoes,n_movimentacoes,ppml,"C(event_time, contr.treatment(base=-1))[18]:treatment",18,-0.09291598445259035,0.03595730301195191,False,15935,341,family_B_target:race_aggregate:race_negra,estimated,-1
group_pretrend::B::race_aggregate::race_negra::n_movimentacoes,n_movimentacoes,ppml,"C(event_time, contr.treatment(base=-1))[19]:treatment",19,-0.0729868456724162,0.038982414792702605,False,15935,341,family_B_target:race_aggregate:race_negra,estimated,-1
group_pretrend::B::race_aggregate::race_negra::n_movimentacoes,n_movimentacoes,ppml,"C(event_time, contr.treatment(base=-1))[20]:treatment",20,-0.08074389947276074,0.03593911917885941,False,15935,341,family_B_target:race_aggregate:race_negra,estimated,-1
group_pretrend::B::race_aggregate::race_negra::n_movimentacoes,n_movimentacoes,ppml,"C(event_time, contr.treatment(base=-1))[21]:treatment",21,-0.06058868595638083,0.04001292140721447,False,15935,341,family_B_target:race_aggregate:race_negra,estimated,-1
group_pretrend::B::race_aggregate::race_negra::n_movimentacoes,n_movimentacoes,ppml,"C(event_time, contr.treatment(base=-1))[22]:treatment",22,-0.06608991467609755,0.03759559461059842,False,15935,341,family_B_target:race_aggregate:race_negra,estimated,-1
group_pretrend::B::race_aggregate::race_negra::n_movimentacoes,n_movimentacoes,ppml,"C(event_time, contr.treatment(base=-1))[23]:treatment",23,-0.05611904038681842,0.04065047637806785,False,15935,341,family_B_target:race_aggregate:race_negra,estimated,-1
