dimension,dimension_kind,group_id,group_label,outcome,estimator,event_window,lead_window,reference_event_time,reference_period,multiplicity_adjusted,interpretation,ddd_status,ddd_error,ddd_joint_lead_p_value,ddd_joint_lead_statistic,ddd_joint_lead_count,ddd_lead_covariance_positive_semidefinite,ddd_lead_covariance_min_eigenvalue,ddd_lead_covariance_dimension,ddd_lead_covariance_rank,ddd_lead_covariance_full_rank,ddd_lead_covariance_condition_number,ddd_lead_covariance_rank_tolerance,ddd_lead_covariance_psd_tolerance,ddd_linear_pretrend_coefficient,ddd_linear_pretrend_standard_error,ddd_linear_pretrend_p_value,ddd_dynamic_pre_p_lt_005,ddd_dynamic_min_p_value,ddd_pretrend_status,ddd_n_obs,ddd_minimum_clusters,ddd_formula,group_pretrend_status,group_pretrend_error,group_pretrend_joint_lead_p_value,group_pretrend_joint_lead_statistic,group_pretrend_joint_lead_count,group_pretrend_lead_covariance_positive_semidefinite,group_pretrend_lead_covariance_min_eigenvalue,group_pretrend_lead_covariance_dimension,group_pretrend_lead_covariance_rank,group_pretrend_lead_covariance_full_rank,group_pretrend_lead_covariance_condition_number,group_pretrend_lead_covariance_rank_tolerance,group_pretrend_lead_covariance_psd_tolerance,group_pretrend_linear_pretrend_coefficient,group_pretrend_linear_pretrend_standard_error,group_pretrend_linear_pretrend_p_value,group_pretrend_dynamic_pre_p_lt_005,group_pretrend_dynamic_min_p_value,group_pretrend_pretrend_status,group_pretrend_n_obs,group_pretrend_minimum_clusters,group_pretrend_formula,group_did_status,group_did_error,group_did_coefficient,group_did_standard_error,group_did_p_value,group_did_n_obs,group_did_clusters,group_mde_80_power,ddd_coefficient,ddd_standard_error,ddd_cluster_df,ddd_nominal_p_value,ddd_bh_adjusted_p_value,support_status,ddd_mde_80_power,family_id,family_size
sex,micro,men,Men,admissoes,ppml,-23_to_23,-23_to_-2,-1,2022-11,False,diagnostic_only,estimated,,3.3532282325148854e-12,101.62279219740675,22,True,1.9627545522036825e-05,22,22,True,6382.571646969186,6.119622013730227e-16,-1e-08,-0.0014592804672794492,0.0014832797689446281,0.3259035323634234,0,0.08025344738127194,fail,31861,341,"admissoes ~ i(event_time, treat_group, ref=-1) | cbo_4d^subgroup + periodo^subgroup + periodo^treatment",estimated,,2.0306794839368447e-47,284.0848228521447,22,True,9.333833745164742e-06,22,22,True,3435.5154525377056,1.566443999810858e-16,-1e-08,-0.005581649907574139,0.0008895890221695262,1.0679024331494702e-09,5,0.0008752868791703783,fail,15935,341,"admissoes ~ i(event_time, treatment, ref=-1) | cbo_4d + periodo",estimated,,-0.07787848290177964,0.02722301903360148,0.0044876738739709765,15935,341,0.0764870308695096,0.0116328966163491,0.0465833041277691,340,0.8029528062138955,0.9067913075389056,adequate,0.1308825673018331,A,100
sex,micro,men,Men,desligamentos,ppml,-23_to_23,-23_to_-2,-1,2022-11,False,diagnostic_only,estimated,,1.5422316101220939e-10,92.0318273439706,22,True,1.19009308936159e-05,22,22,True,2906.301173588228,1.6896021632994432e-16,-1e-08,-0.0015214490779567882,0.000624200295579816,0.015303840665306767,5,0.002012921519211508,fail,31870,341,"desligamentos ~ i(event_time, treat_group, ref=-1) | cbo_4d^subgroup + periodo^subgroup + periodo^treatment",estimated,,3.086946397260491e-13,107.49109158879583,22,True,9.753931221445319e-06,22,22,True,3049.0079385505815,1.4527843416662358e-16,-1e-08,0.0015577178950281656,0.0007349971217814318,0.034785078010890924,16,8.32458898283317e-05,fail,15935,341,"desligamentos ~ i(event_time, treatment, ref=-1) | cbo_4d + periodo",estimated,,-0.06354322375711238,0.02438743043408554,0.009575251310852684,15935,341,0.06852003233504499,0.0332176158251113,0.0390106671572654,340,0.3950905223468139,0.5810154740394323,adequate,0.10960614248607013,A,100
sex,micro,men,Men,n_movimentacoes,ppml,-23_to_23,-23_to_-2,-1,2022-11,False,diagnostic_only,estimated,,1.0305807216074128e-28,189.96985030093208,22,True,6.386461159139975e-06,22,22,True,10168.78995433206,3.172432995709501e-16,-1e-08,0.002926413813160869,0.0010722279539343803,0.006677422418488677,2,0.013881528864500225,fail,31870,341,"n_movimentacoes ~ i(event_time, treat_group, ref=-1) | cbo_4d^subgroup + periodo^subgroup + periodo^treatment",estimated,,3.9925941844597785e-31,202.3227291085097,22,True,5.999933727948197e-06,22,22,True,2344.188242420709,6.870713558269394e-17,-1e-08,-0.0024304522310340175,0.0009650329474309102,0.012243455239285828,3,0.0001270256646956902,fail,15935,341,"n_movimentacoes ~ i(event_time, treatment, ref=-1) | cbo_4d + periodo",estimated,,-0.07096200019608663,0.02331530243377065,0.002519970437399932,15935,341,0.06550773280445535,0.021595896917953,0.0419746384577029,340,0.6072376367928947,0.741780137977147,adequate,0.11793385088876714,A,100
sex,micro,men,Men,ln_salario_real_adm,ols,-23_to_23,-23_to_-2,-1,2022-11,False,diagnostic_only,estimated,,0.4692613642947069,21.843519652799813,22,True,0.00010095936017375766,22,22,True,73.81539847583798,3.6404616837518616e-17,-1e-08,-0.000657927113303859,0.0006558876347159516,0.3165213963393807,3,0.013239397614704274,fail,31285,341,"ln_salario_real_adm ~ i(event_time, treat_group, ref=-1) | cbo_4d^subgroup + periodo^subgroup + periodo^treatment",estimated,,0.0003821942394796043,51.36574581978257,22,True,3.581544457814532e-05,22,22,True,174.40683190970765,3.0513831659387794e-17,-1e-08,-0.00046455786651900606,0.0005174364461636062,0.36992396712285336,11,0.00023825131003007982,fail,15867,341,"ln_salario_real_adm ~ i(event_time, treatment, ref=-1) | cbo_4d + periodo",estimated,,-0.05010696493582087,0.012178372780452478,4.8743947160367895e-05,15867,341,0.03421690936075552,0.0022265168058659,0.0099935276204218,340,0.8238281563548353,0.9067913075389056,adequate,0.028078269153580197,A,100
sex,micro,men,Men,asinh_saldo,ols,-23_to_23,-23_to_-2,-1,2022-11,False,diagnostic_only,estimated,,3.290041942600432e-09,84.17570841512591,22,True,0.06287655701682715,22,22,True,128.3408634544849,3.941999962206219e-14,-1e-08,0.014864870750456657,0.016506521471101702,0.36846753099575924,16,0.00017759746260281872,fail,31870,341,"asinh_saldo ~ i(event_time, treat_group, ref=-1) | cbo_4d^subgroup + periodo^subgroup + periodo^treatment",estimated,,2.7944909744847255e-09,84.59982794803399,22,True,0.050960533699928506,22,22,True,147.29690297066116,3.666827582240297e-14,-1e-08,0.0050676992532823,0.01751731164316331,0.7725307116387761,20,5.062685737300399e-07,fail,15935,341,"asinh_saldo ~ i(event_time, treatment, ref=-1) | cbo_4d + periodo",estimated,,-0.2451347945450011,0.3434132983404746,0.4758290797435245,15935,341,0.9648696024032803,0.7988629867980608,0.2145284954327886,340,0.0002296423388941,0.0025515815432678,adequate,0.6027490056229212,A,100
sex,micro,women,Women,admissoes,ppml,-23_to_23,-23_to_-2,-1,2022-11,False,diagnostic_only,estimated,,3.353230226360672e-12,101.62279072515483,22,True,1.9627545577163962e-05,22,22,True,6382.571696205055,6.119622078125393e-16,-1e-08,0.0014592803284789266,0.001483279776153972,0.3259035806622892,0,0.08025345002555895,fail,31861,341,"admissoes ~ i(event_time, treat_group, ref=-1) | cbo_4d^subgroup + periodo^subgroup + periodo^treatment",estimated,,9.240342987634852e-68,383.7383176241693,22,True,1.0907601865936839e-05,22,22,True,19009.00033024379,1.0128647619248845e-15,-1e-08,-0.00043098086151302853,0.001009126282985689,0.6695898646182388,1,0.03412490643646371,fail,15926,340,"admissoes ~ i(event_time, treatment, ref=-1) | cbo_4d + periodo",estimated,,-0.07238734818633345,0.046353423827200334,0.11930590095169169,15926,340,0.13023779082721162,-0.0116328966163524,0.046583303926156,340,0.8029528053786466,0.9067913075389056,adequate,0.13088256673537177,A,100
sex,micro,women,Women,desligamentos,ppml,-23_to_23,-23_to_-2,-1,2022-11,False,diagnostic_only,estimated,,1.542230994791807e-10,92.03182835619849,22,True,1.1900930910438332e-05,22,22,True,2906.301258185258,1.6896022148689266e-16,-1e-08,0.0015214490240434402,0.00062420029469771,0.015303844113607079,5,0.002012921675381918,fail,31870,341,"desligamentos ~ i(event_time, treat_group, ref=-1) | cbo_4d^subgroup + periodo^subgroup + periodo^treatment",estimated,,8.595814522615422e-29,190.37481602308495,22,True,7.810373144223348e-06,22,22,True,3210.416911006003,1.2248872771994243e-16,-1e-08,-0.0006839306321001425,0.0006865197788973304,0.3198475598922217,1,0.011372132525460321,fail,15935,341,"desligamentos ~ i(event_time, treatment, ref=-1) | cbo_4d + periodo",estimated,,-0.07764327051375594,0.037117616275491296,0.037196337111567335,15935,341,0.1042873407377009,-0.0332176158251079,0.0390106669851407,340,0.3950905202636909,0.5810154740394323,adequate,0.10960614200246074,A,100
sex,micro,women,Women,n_movimentacoes,ppml,-23_to_23,-23_to_-2,-1,2022-11,False,diagnostic_only,estimated,,1.030581978706549e-28,189.96984757795303,22,True,6.386461171378321e-06,22,22,True,10168.790113876086,3.1724330515628533e-16,-1e-08,-0.0029264139569147984,0.0010722279577353006,0.00667741995440152,2,0.013881529729613096,fail,31870,341,"n_movimentacoes ~ i(event_time, treat_group, ref=-1) | cbo_4d^subgroup + periodo^subgroup + periodo^treatment",estimated,,9.267616943927345e-49,290.7170018237227,22,True,4.451400717097696e-06,22,22,True,17746.103187392797,3.8588917883085617e-16,-1e-08,-0.0005374849624442945,0.0007156081673904479,0.45311901178079306,0,0.06976469897354143,fail,15935,341,"n_movimentacoes ~ i(event_time, treatment, ref=-1) | cbo_4d + periodo",estimated,,-0.0744482502593799,0.04066219986456877,0.0679911438180949,15935,341,0.11424636380059806,-0.0215958969179277,0.0419746382660794,340,0.6072376351533375,0.741780137977147,adequate,0.11793385035037306,A,100
sex,micro,women,Women,ln_salario_real_adm,ols,-23_to_23,-23_to_-2,-1,2022-11,False,diagnostic_only,estimated,,0.46926136429881704,21.84351965273143,22,True,0.00010095936017397819,22,22,True,73.8153984755892,3.640461683747541e-17,-1e-08,0.0006579271133082416,0.0006558876347153218,0.3165213963356974,3,0.01323939761466919,fail,31285,341,"ln_salario_real_adm ~ i(event_time, treat_group, ref=-1) | cbo_4d^subgroup + periodo^subgroup + periodo^treatment",estimated,,0.0058580940286664055,42.23235967876238,22,True,6.826221656050837e-05,22,22,True,72.54708684137564,2.4191526329175847e-17,-1e-08,-0.00014922425375904806,0.0005848350491671997,0.7987572345031402,1,0.02908079743991321,fail,15418,340,"ln_salario_real_adm ~ i(event_time, treatment, ref=-1) | cbo_4d + periodo",estimated,,-0.04906589453332442,0.01172606361810967,3.647498792158643e-05,15418,340,0.03294636069204,-0.0022265168058669,0.0099935276204238,340,0.8238281563548353,0.9067913075389056,adequate,0.028078269153585814,A,100
sex,micro,women,Women,asinh_saldo,ols,-23_to_23,-23_to_-2,-1,2022-11,False,diagnostic_only,estimated,,3.290041942600178e-09,84.17570841512611,22,True,0.06287655701682703,22,22,True,128.34086345448526,3.941999962206227e-14,-1e-08,-0.014864870750457539,0.01650652147110168,0.36846753099572593,16,0.00017759746260281872,fail,31870,341,"asinh_saldo ~ i(event_time, treat_group, ref=-1) | cbo_4d^subgroup + periodo^subgroup + periodo^treatment",estimated,,0.0009162337982782112,48.55431478024365,22,True,0.03419265476419825,22,22,True,181.61299529931821,3.033490567120416e-14,-1e-08,0.0009808091391206725,0.017875020300344976,0.95627395819605,5,0.013971572215483619,fail,15935,341,"asinh_saldo ~ i(event_time, treatment, ref=-1) | cbo_4d + periodo",estimated,,-1.0187905320358537,0.30152528665574313,0.0008125748238956287,15935,341,0.8471791420308337,-0.798862986798054,0.2145284954327888,340,0.0002296423388941,0.0025515815432678,adequate,0.6027490056229218,A,100
age_canaries,micro,age_22_25,Age 22-25,admissoes,ppml,-23_to_23,-23_to_-2,-1,2022-11,False,diagnostic_only,estimated,,6.6104485578197e-13,105.62569671504099,22,True,9.494475918995886e-06,22,22,True,1368.4886394774664,6.347096482276287e-17,-1e-08,0.001719271026777205,0.0006119408398384064,0.005248318379033723,3,0.009536353525523733,fail,31861,341,"admissoes ~ i(event_time, treat_group, ref=-1) | cbo_4d^subgroup + periodo^subgroup + periodo^treatment",estimated,,6.374834742538925e-42,256.7646459335027,22,True,1.1246605832819045e-05,22,22,True,9043.204033416947,4.968287397158261e-16,-1e-08,-0.004828085017568067,0.0008124788978288934,6.972340926836296e-09,9,0.0027658313305938265,fail,15926,340,"admissoes ~ i(event_time, treatment, ref=-1) | cbo_4d + periodo",estimated,,-0.07410527396652351,0.03221213688007674,0.02202434089989036,15926,340,0.09050545134970518,-0.0189099521984086,0.0268918862486309,340,0.4824221195946061,0.6519217832359542,adequate,0.07555666515530686,A,100
age_canaries,micro,age_22_25,Age 22-25,desligamentos,ppml,-23_to_23,-23_to_-2,-1,2022-11,False,diagnostic_only,estimated,,0.0008864700658233146,48.66216203059781,22,True,1.1240288262259688e-05,22,22,True,633.8285067369418,3.4802634716410655e-17,-1e-08,0.0015048728553452055,0.000501753699867766,0.002906261274707944,0,0.09247979283036001,fail,31861,341,"desligamentos ~ i(event_time, treat_group, ref=-1) | cbo_4d^subgroup + periodo^subgroup + periodo^treatment",estimated,,1.2826661375956139e-14,115.21097991718547,22,True,8.435876095021336e-06,22,22,True,2885.2628133400694,1.1889907527163053e-16,-1e-08,0.0028000201549470078,0.0008117927099076165,0.0006332265305526441,12,3.2119821822051975e-05,fail,15926,340,"desligamentos ~ i(event_time, treatment, ref=-1) | cbo_4d + periodo",estimated,,-0.0530134494522436,0.035936277673442436,0.1410850267868744,15926,340,0.10096905532134608,0.0002211246260507,0.036665615345341,340,0.9951916483555427,0.9951916483555427,adequate,0.10301737839242317,A,100
age_canaries,micro,age_22_25,Age 22-25,n_movimentacoes,ppml,-23_to_23,-23_to_-2,-1,2022-11,False,diagnostic_only,estimated,,1.8870568344075942e-08,79.5972213783415,22,True,6.411676385596977e-06,22,22,True,1260.9778894931646,3.949498671443021e-17,-1e-08,0.0009002087167531347,0.00044245484075091805,0.04266896443940871,0,0.07074393027093007,fail,31861,341,"n_movimentacoes ~ i(event_time, treat_group, ref=-1) | cbo_4d^subgroup + periodo^subgroup + periodo^treatment",estimated,,3.640128443025763e-46,277.87355589525635,22,True,4.696294551961793e-06,22,22,True,8032.257837821742,1.8427052593178802e-16,-1e-08,-0.002173591816547498,0.0008377202360195236,0.009879862977097087,1,0.00621783891748362,fail,15926,340,"n_movimentacoes ~ i(event_time, treatment, ref=-1) | cbo_4d + periodo",estimated,,-0.06385008207660808,0.031025329534256952,0.04035440069051366,15926,340,0.08717091521202346,-0.0107277487972349,0.0302183615192127,340,0.7228039903259496,0.8503576356775877,adequate,0.08490288117909187,A,100
age_canaries,micro,age_22_25,Age 22-25,ln_salario_real_adm,ols,-23_to_23,-23_to_-2,-1,2022-11,False,diagnostic_only,estimated,,0.07061941965834312,32.413188774456735,22,True,6.485969106360253e-05,22,22,True,108.82031340011139,3.447845164676092e-17,-1e-08,0.0005960937168213199,0.0005518680372042862,0.2808462642011209,4,0.004308028047632861,fail,31453,341,"ln_salario_real_adm ~ i(event_time, treat_group, ref=-1) | cbo_4d^subgroup + periodo^subgroup + periodo^treatment",estimated,,0.5852100812424963,19.965305070341998,22,True,6.171617161245275e-05,22,22,True,99.46375103410806,2.998656487937278e-17,-1e-08,-0.00044834869064915966,0.0005081708834769438,0.3782527624832541,0,0.14555503244710044,pass,15554,339,"ln_salario_real_adm ~ i(event_time, treatment, ref=-1) | cbo_4d + periodo",estimated,,-0.05173731808733442,0.01047447943967879,1.2346606264035387e-06,15554,339,0.029430074406943185,-0.000378478248661,0.0083281156575791,340,0.9637786199217628,0.97351375749673,adequate,0.02339905205223036,A,100
age_canaries,micro,age_22_25,Age 22-25,asinh_saldo,ols,-23_to_23,-23_to_-2,-1,2022-11,False,diagnostic_only,estimated,,1.817670002475532e-07,73.53376167998711,22,True,0.07075129641187407,22,22,True,94.86647819546361,3.278763460820519e-14,-1e-08,0.02624104410701777,0.01932760573657946,0.1754600527293726,3,0.0024900359986907983,fail,31870,341,"asinh_saldo ~ i(event_time, treat_group, ref=-1) | cbo_4d^subgroup + periodo^subgroup + periodo^treatment",estimated,,2.4169895540361104e-05,59.76985609945582,22,True,0.01686810402298686,22,22,True,194.5061282055653,1.6027377487616885e-14,-1e-08,0.025629709761460753,0.011633916937542682,0.02826393965867946,20,2.0881635998115655e-07,fail,15935,341,"asinh_saldo ~ i(event_time, treatment, ref=-1) | cbo_4d + periodo",estimated,,-0.12797247644412316,0.24815350260642438,0.6063999240408351,15935,341,0.6972233531779402,0.4144877142239798,0.4033259934330115,340,0.304833655807504,0.5069783887109974,adequate,1.1332030320409752,A,100
age_canaries,micro,age_26_30,Age 26-30,admissoes,ppml,-23_to_23,-23_to_-2,-1,2022-11,False,diagnostic_only,estimated,,0.0005821633664184234,50.0236367114846,22,True,8.696368883590623e-06,22,22,True,579.1204418002086,2.4601962640046633e-17,-1e-08,0.0004759210463448429,0.0003753875403518888,0.20573241646977758,1,0.04643717723503071,fail,31870,341,"admissoes ~ i(event_time, treat_group, ref=-1) | cbo_4d^subgroup + periodo^subgroup + periodo^treatment",estimated,,1.0705776856027584e-29,195.01740685896021,22,True,1.448258392241743e-05,22,22,True,5475.722102088982,3.873917425390668e-16,-1e-08,-0.0049085758392400074,0.0009394758159564617,3.047034855541142e-07,9,0.0004194012991356466,fail,15935,341,"admissoes ~ i(event_time, treatment, ref=-1) | cbo_4d + periodo",estimated,,-0.0753225441457009,0.031227704365617226,0.016392586857611358,15935,341,0.08773877668926917,-0.0105002992468017,0.0138727544585177,340,0.4496334626354588,0.61593625018556,adequate,0.038977521089930106,A,100
age_canaries,micro,age_26_30,Age 26-30,desligamentos,ppml,-23_to_23,-23_to_-2,-1,2022-11,False,diagnostic_only,estimated,,1.6710289877145688e-06,67.42452518939069,22,True,9.559434218501317e-06,22,22,True,234.62822204889883,1.0956588347392363e-17,-1e-08,0.0007230744341681956,0.0004013603574631393,0.0725005800413816,1,0.043109953085917585,fail,31870,341,"desligamentos ~ i(event_time, treat_group, ref=-1) | cbo_4d^subgroup + periodo^subgroup + periodo^treatment",estimated,,5.2071363078893264e-09,82.97955643896802,22,True,1.2279279913434425e-05,22,22,True,1796.9674445271762,1.0778939017506605e-16,-1e-08,0.0016172918622645038,0.000894636080543832,0.07152667547316227,14,0.00010312157392311505,fail,15935,341,"desligamentos ~ i(event_time, treatment, ref=-1) | cbo_4d + periodo",estimated,,-0.06804113817548815,0.02671585094051391,0.011310321932054945,15935,341,0.07506206835730114,-0.0125469897735908,0.0112698109800712,340,0.2663542975778852,0.4648018592551032,adequate,0.031664172855416256,A,100
age_canaries,micro,age_26_30,Age 26-30,n_movimentacoes,ppml,-23_to_23,-23_to_-2,-1,2022-11,False,diagnostic_only,estimated,,1.2477167710926841e-11,98.35695915665436,22,True,4.330556005109675e-06,22,22,True,534.9212856648464,1.1316091372777587e-17,-1e-08,0.0013026700799027425,0.00035211094555950834,0.0002517478477803703,0,0.05626653054075459,fail,31870,341,"n_movimentacoes ~ i(event_time, treat_group, ref=-1) | cbo_4d^subgroup + periodo^subgroup + periodo^treatment",estimated,,1.8119203021767453e-16,125.39165047548535,22,True,7.521618739538258e-06,22,22,True,3806.043165911378,1.3984531825985247e-16,-1e-08,-2.271948563732592e-06,0.0009185385952491194,0.9980279343423799,2,0.007643872051434686,fail,15935,341,"n_movimentacoes ~ i(event_time, treatment, ref=-1) | cbo_4d + periodo",estimated,,-0.07097938815360333,0.026316227007606587,0.007341548853519342,15935,341,0.07393926680267748,-0.011510129711736,0.01163742845408,340,0.3233365054436434,0.5215104926510379,adequate,0.03269704760924044,A,100
age_canaries,micro,age_26_30,Age 26-30,ln_salario_real_adm,ols,-23_to_23,-23_to_-2,-1,2022-11,False,diagnostic_only,estimated,,0.13391222356428592,29.395484872909158,22,True,6.37885525367745e-05,22,22,True,141.58048103019928,4.4117311349076005e-17,-1e-08,0.00015338834100803546,0.0003921816787155045,0.6959568270132337,3,0.026790066485342656,fail,31597,341,"ln_salario_real_adm ~ i(event_time, treat_group, ref=-1) | cbo_4d^subgroup + periodo^subgroup + periodo^treatment",estimated,,6.848720646747159e-05,56.6706161053258,22,True,5.5832001578762305e-05,22,22,True,110.49071642127983,3.01350484079359e-17,-1e-08,-0.00022237360256885524,0.0005158689274903562,0.6666942859683673,4,0.004404686198708152,fail,15708,340,"ln_salario_real_adm ~ i(event_time, treatment, ref=-1) | cbo_4d + periodo",estimated,,-0.040319565533128085,0.010505044882865779,0.00014789195262632227,15708,340,0.029515701864557983,0.0069762978709456,0.0080669345502987,340,0.3877574323836112,0.5810154740394323,adequate,0.022665225749187667,A,100
age_canaries,micro,age_26_30,Age 26-30,asinh_saldo,ols,-23_to_23,-23_to_-2,-1,2022-11,False,diagnostic_only,estimated,,0.836980713476848,15.562696250914474,22,True,0.053943210230209815,22,22,True,83.25669325796459,2.1939102260382657e-14,-1e-08,-0.021835885432134904,0.015320631857963953,0.15499936798490843,3,0.025622570712766857,fail,31870,341,"asinh_saldo ~ i(event_time, treat_group, ref=-1) | cbo_4d^subgroup + periodo^subgroup + periodo^treatment",estimated,,1.3833301882589132e-05,61.40099783262591,22,True,0.0345439527949537,22,22,True,167.51328121580494,2.8267290582611916e-14,-1e-08,-0.022230549184350003,0.01686941471754441,0.18845714532530167,21,0.00010999611404027831,fail,15935,341,"asinh_saldo ~ i(event_time, treatment, ref=-1) | cbo_4d + periodo",estimated,,-0.3820253680105089,0.29158643245749427,0.1910255860623873,15935,341,0.8192544858077048,0.2284478918900083,0.1839507309888507,340,0.2151304864920002,0.418206372494911,adequate,0.5168363296608144,A,100
age_canaries,micro,age_31_34,Age 31-34,admissoes,ppml,-23_to_23,-23_to_-2,-1,2022-11,False,diagnostic_only,estimated,,1.089982420789628e-06,68.61636913218697,22,True,8.793931955646997e-06,22,22,True,351.80759565124606,1.511301867385355e-17,-1e-08,0.0016667987419387777,0.000394328505814959,3.047720142923538e-05,1,0.0410120539011547,fail,31870,341,"admissoes ~ i(event_time, treat_group, ref=-1) | cbo_4d^subgroup + periodo^subgroup + periodo^treatment",estimated,,4.869828305972391e-26,176.16250920579637,22,True,2.077044732387776e-05,22,22,True,3989.484029330019,4.0478600324397477e-16,-1e-08,-0.0025663274899669596,0.0009340478787763918,0.0063246315381702,3,0.0038384960711173033,fail,15935,341,"admissoes ~ i(event_time, treatment, ref=-1) | cbo_4d + periodo",estimated,,-0.059714733662107715,0.031607787395622186,0.05971023682035992,15935,341,0.08880667523546212,0.0252793709525951,0.0121589661549775,340,0.0383599375338521,0.125243261355978,adequate,0.03416238362428428,A,100
age_canaries,micro,age_31_34,Age 31-34,desligamentos,ppml,-23_to_23,-23_to_-2,-1,2022-11,False,diagnostic_only,estimated,,0.009801222106886933,40.36354837058647,22,True,1.0651623261075395e-05,22,22,True,230.4423206331637,1.1990600783702872e-17,-1e-08,-0.0002859841487577532,0.00025219361306000874,0.25759912231940496,1,0.01561804818712309,fail,31870,341,"desligamentos ~ i(event_time, treat_group, ref=-1) | cbo_4d^subgroup + periodo^subgroup + periodo^treatment",estimated,,9.320968132652553e-16,121.49642953408419,22,True,1.5049249697938005e-05,22,22,True,1605.6936342503718,1.1804305481642258e-16,-1e-08,-0.001303905738258729,0.000999326960126347,0.19284886780150412,10,0.0005654566963897434,fail,15935,341,"desligamentos ~ i(event_time, treatment, ref=-1) | cbo_4d + periodo",estimated,,-0.05257275253081748,0.02511996782115701,0.037101853398742835,15935,341,0.0705782026529237,0.0202077066965514,0.0121406761370398,340,0.096941179774566,0.2453249653619083,adequate,0.03411099515907114,A,100
age_canaries,micro,age_31_34,Age 31-34,n_movimentacoes,ppml,-23_to_23,-23_to_-2,-1,2022-11,False,diagnostic_only,estimated,,0.00042926303916300475,50.99727722136821,22,True,4.42404896198059e-06,22,22,True,523.5447429562539,1.1314533018452093e-17,-1e-08,0.000650079777608414,0.0002835634725597179,0.022484940711365642,2,0.04287448824655282,fail,31870,341,"n_movimentacoes ~ i(event_time, treat_group, ref=-1) | cbo_4d^subgroup + periodo^subgroup + periodo^treatment",estimated,,3.205118811622413e-29,192.57508012274366,22,True,8.382405505514074e-06,22,22,True,3430.2747388844655,1.4046252713093405e-16,-1e-08,-0.002559767890068528,0.0009756316197549791,0.009089985998969707,0,0.06246028763666844,fail,15935,341,"n_movimentacoes ~ i(event_time, treatment, ref=-1) | cbo_4d + periodo",estimated,,-0.0551366511791231,0.026119438065007952,0.035506832690846535,15935,341,0.07338635965050816,0.0231427801753398,0.0115428636343556,340,0.0457615222939451,0.1386712796786216,adequate,0.03243135399618077,A,100
age_canaries,micro,age_31_34,Age 31-34,ln_salario_real_adm,ols,-23_to_23,-23_to_-2,-1,2022-11,False,diagnostic_only,estimated,,0.5036393693597878,21.277662321087092,22,True,7.248241373360028e-05,22,22,True,124.31630634841298,4.401732554287345e-17,-1e-08,0.0011538425090156601,0.0004877620377557728,0.01856223396781176,2,0.03476128512976362,fail,31460,341,"ln_salario_real_adm ~ i(event_time, treat_group, ref=-1) | cbo_4d^subgroup + periodo^subgroup + periodo^treatment",estimated,,0.005386270301033514,42.53164753130652,22,True,7.775234448353685e-05,22,22,True,87.60134210047646,3.3272632209593476e-17,-1e-08,-0.00012009052049443119,0.0006583470941183388,0.8553683110670911,1,0.036009764293035706,fail,15561,340,"ln_salario_real_adm ~ i(event_time, treatment, ref=-1) | cbo_4d + periodo",estimated,,-0.058214443608445327,0.011713615403510163,1.0656299764821853e-06,15561,340,0.03291138532592192,-0.0104507533275751,0.0069831494865167,340,0.1354335605453265,0.3246637965807058,adequate,0.019620174003564268,A,100
age_canaries,micro,age_31_34,Age 31-34,asinh_saldo,ols,-23_to_23,-23_to_-2,-1,2022-11,False,diagnostic_only,estimated,,0.006836235271156929,41.67805992692692,22,True,0.062120785113422686,22,22,True,71.24279723836344,2.161925904047686e-14,-1e-08,-0.05420277714316357,0.013756824926027759,9.888335690955152e-05,19,5.3979442703466773e-05,fail,31870,341,"asinh_saldo ~ i(event_time, treat_group, ref=-1) | cbo_4d^subgroup + periodo^subgroup + periodo^treatment",estimated,,2.0680270316362436e-08,79.3550038824924,22,True,0.04488676135412829,22,22,True,102.05229160892733,2.237710703401517e-14,-1e-08,0.006590007105971036,0.013817052287042322,0.633705985353719,13,1.0574393960460782e-07,fail,15935,341,"asinh_saldo ~ i(event_time, treatment, ref=-1) | cbo_4d + periodo",estimated,,-0.32069700149656877,0.30369974652037457,0.2917328961584298,15935,341,0.8532886032403082,0.4299023294744971,0.1942404541491497,340,0.0275441096740391,0.0949796885311696,adequate,0.5457468032577752,A,100
age_canaries,micro,age_35_40,Age 35-40,admissoes,ppml,-23_to_23,-23_to_-2,-1,2022-11,False,diagnostic_only,estimated,,2.698137461984289e-09,84.69090623491365,22,True,8.233588762701724e-06,22,22,True,397.09875304246793,1.597168003989096e-17,-1e-08,0.00031218317343164736,0.0005028527487544545,0.5351312199127845,0,0.0688922539620993,fail,31861,341,"admissoes ~ i(event_time, treat_group, ref=-1) | cbo_4d^subgroup + periodo^subgroup + periodo^treatment",estimated,,5.20283660625768e-19,139.1430411995231,22,True,2.1579070528931116e-05,22,22,True,3508.620434451967,3.698554555762929e-16,-1e-08,-0.0036770658139869323,0.0008296594948243209,1.2622438658516089e-05,6,0.0021460644283304298,fail,15926,340,"admissoes ~ i(event_time, treatment, ref=-1) | cbo_4d + periodo",estimated,,-0.0530084180624059,0.033105518374079844,0.11026496659834883,15926,340,0.09301555788635764,0.0352764757125302,0.0147591558230066,340,0.0173858228307095,0.0620922243953912,adequate,0.04146799462795887,A,100
age_canaries,micro,age_35_40,Age 35-40,desligamentos,ppml,-23_to_23,-23_to_-2,-1,2022-11,False,diagnostic_only,estimated,,1.1028780208360034e-05,62.05795997038079,22,True,9.38310721097388e-06,22,22,True,230.08775318750682,1.054637204988889e-17,-1e-08,0.0012626331539332518,0.00033960333094711835,0.0002348046611724275,0,0.056728202763996816,fail,31861,341,"desligamentos ~ i(event_time, treat_group, ref=-1) | cbo_4d^subgroup + periodo^subgroup + periodo^treatment",estimated,,2.3122840264658335e-20,146.36645669204057,22,True,1.5000949968460187e-05,22,22,True,1338.5359192112578,9.808705576911384e-17,-1e-08,-0.0006261894265602689,0.0009282523452108359,0.5003962891828722,12,9.007944955308211e-05,fail,15926,340,"desligamentos ~ i(event_time, treatment, ref=-1) | cbo_4d + periodo",estimated,,-0.047563562869618714,0.026507343950589124,0.07364754932675543,15926,340,0.07447686992208727,0.0274994109532496,0.0165804569898922,340,0.0981299861447633,0.2453249653619083,adequate,0.04658520511818065,A,100
age_canaries,micro,age_35_40,Age 35-40,n_movimentacoes,ppml,-23_to_23,-23_to_-2,-1,2022-11,False,diagnostic_only,estimated,,6.101798253247678e-14,111.43963860892384,22,True,4.794261177144038e-06,22,22,True,436.7195328147076,1.0227917409106554e-17,-1e-08,0.0007583663066559634,0.000395587778105331,0.05606788574520705,0,0.08513593120418061,fail,31861,341,"n_movimentacoes ~ i(event_time, treat_group, ref=-1) | cbo_4d^subgroup + periodo^subgroup + periodo^treatment",estimated,,1.295129519671275e-25,173.95747282242357,22,True,1.099718635016401e-05,22,22,True,2248.4714214360893,1.2079024512614704e-16,-1e-08,-0.002082910644068063,0.0007968793915677351,0.009352510044979612,0,0.054692184667890276,fail,15926,340,"n_movimentacoes ~ i(event_time, treatment, ref=-1) | cbo_4d + periodo",estimated,,-0.049133084027122034,0.028119857484889803,0.08149540366822206,15926,340,0.07900749965872099,0.0319385214713028,0.0153989869556544,340,0.0388254110203531,0.125243261355978,adequate,0.043265693242271266,A,100
age_canaries,micro,age_35_40,Age 35-40,ln_salario_real_adm,ols,-23_to_23,-23_to_-2,-1,2022-11,False,diagnostic_only,estimated,,0.11160441504758746,30.28914122309381,22,True,4.8039000862998114e-05,22,22,True,224.39357069529316,5.265835425443422e-17,-1e-08,-0.001025448291071607,0.0005289247794830623,0.05336011280607211,1,0.0030754252987559294,warning,31561,341,"ln_salario_real_adm ~ i(event_time, treat_group, ref=-1) | cbo_4d^subgroup + periodo^subgroup + periodo^treatment",estimated,,0.0005900275991103128,49.980516684479326,22,True,6.055133696609718e-05,22,22,True,181.63615238473145,5.372654789992646e-17,-1e-08,-0.00023203748716891829,0.0006584725339539451,0.7247666528796741,9,0.00016184776320593564,fail,15663,340,"ln_salario_real_adm ~ i(event_time, treatment, ref=-1) | cbo_4d + periodo",estimated,,-0.04996738560155116,0.011031391533263388,8.19926171535812e-06,15663,340,0.03099456187741558,0.0026466778578738,0.0068460373596417,340,0.6992942140758296,0.8324931119950353,adequate,0.01923493754364306,A,100
age_canaries,micro,age_35_40,Age 35-40,asinh_saldo,ols,-23_to_23,-23_to_-2,-1,2022-11,False,diagnostic_only,estimated,,0.009039363942438443,40.66151282777167,22,True,0.0576269026874942,22,22,True,79.7026461749305,2.2436800411204588e-14,-1e-08,-0.032335758646533895,0.015776697264355027,0.04117130573959993,6,0.00010169263765447134,fail,31870,341,"asinh_saldo ~ i(event_time, treat_group, ref=-1) | cbo_4d^subgroup + periodo^subgroup + periodo^treatment",estimated,,7.133060755304344e-09,82.15672352305937,22,True,0.046531394079005604,22,22,True,111.12503607542396,2.525927525026094e-14,-1e-08,-0.018770709376238558,0.014472284831107414,0.19550693160045518,17,3.4531603665399757e-07,fail,15935,341,"asinh_saldo ~ i(event_time, treatment, ref=-1) | cbo_4d + periodo",estimated,,-0.4531949816293073,0.28592265133986056,0.11388992812728405,15935,341,0.8033412691050353,0.2605167255716356,0.2005963930078457,340,0.1949232665731264,0.3978025848431151,adequate,0.5636047377906698,A,100
age_canaries,micro,age_41_49,Age 41-49,admissoes,ppml,-23_to_23,-23_to_-2,-1,2022-11,False,diagnostic_only,estimated,,2.4563556683770677e-05,59.72234268949053,22,True,1.0307132399188862e-05,22,22,True,836.8624741804003,4.213615036183426e-17,-1e-08,0.0003590983218974688,0.00058593520258155,0.5403762825700658,3,0.005987240064241117,fail,31870,341,"admissoes ~ i(event_time, treat_group, ref=-1) | cbo_4d^subgroup + periodo^subgroup + periodo^treatment",estimated,,4.793107875953617e-16,123.08089696651277,22,True,2.060693909530342e-05,22,22,True,4568.539198558117,4.598897703594427e-16,-1e-08,-0.002748821335213452,0.0008180089039055659,0.00086681715579906,6,0.03686325612207986,fail,15935,341,"admissoes ~ i(event_time, treatment, ref=-1) | cbo_4d + periodo",estimated,,-0.016067501070672764,0.04004357129297882,0.6884878003107413,15935,341,0.11250823686495008,0.0840960337151365,0.0236327412107555,340,0.0004260623688518,0.0042606236885189,adequate,0.06639962321177757,A,100
age_canaries,micro,age_41_49,Age 41-49,desligamentos,ppml,-23_to_23,-23_to_-2,-1,2022-11,False,diagnostic_only,estimated,,3.188877380952448e-08,78.20638904069153,22,True,1.069008366605715e-05,22,22,True,382.85972907082936,1.9993263887770795e-17,-1e-08,0.0017196161770609668,0.00038383112784744113,1.0203258697050188e-05,10,2.4411365738163937e-05,fail,31870,341,"desligamentos ~ i(event_time, treat_group, ref=-1) | cbo_4d^subgroup + periodo^subgroup + periodo^treatment",estimated,,5.840784708124108e-21,149.54103681117354,22,True,1.816697407868803e-05,22,22,True,1020.8089386539323,9.05920249065808e-17,-1e-08,0.000977334082940812,0.0007090060311437648,0.1689686725617876,7,0.001133205338615717,fail,15935,341,"desligamentos ~ i(event_time, treatment, ref=-1) | cbo_4d + periodo",estimated,,-0.014484864014622444,0.0295043517042707,0.6237856624417644,15935,341,0.08289676676947429,0.0698602881404631,0.0245125595905647,340,0.0046388692323102,0.0272874660724133,adequate,0.06887160089702131,A,100
age_canaries,micro,age_41_49,Age 41-49,n_movimentacoes,ppml,-23_to_23,-23_to_-2,-1,2022-11,False,diagnostic_only,estimated,,4.008978476136793e-13,106.8516485488919,22,True,6.347394147957118e-06,22,22,True,815.6663865030271,2.529128752298685e-17,-1e-08,0.0005535053967944141,0.0004275455883880599,0.1963328313384327,6,0.00029145513757100616,fail,31870,341,"n_movimentacoes ~ i(event_time, treat_group, ref=-1) | cbo_4d^subgroup + periodo^subgroup + periodo^treatment",estimated,,1.0534114422047564e-27,184.77251884030454,22,True,1.0985807834566047e-05,22,22,True,2565.174882319735,1.376613052490186e-16,-1e-08,-0.0004669367538408155,0.0006793315731107156,0.49233245343195664,0,0.08939593080276653,fail,15935,341,"n_movimentacoes ~ i(event_time, treatment, ref=-1) | cbo_4d + periodo",estimated,,-0.014085907098148089,0.03353600157423007,0.6747336258680479,15935,341,0.09422427337989159,0.0775704258993593,0.023502593999984,340,0.0010674535793997,0.0088954464949978,adequate,0.06603395569651876,A,100
age_canaries,micro,age_41_49,Age 41-49,ln_salario_real_adm,ols,-23_to_23,-23_to_-2,-1,2022-11,False,diagnostic_only,estimated,,0.06429652417428078,32.83061911785432,22,True,8.933261895903422e-05,22,22,True,98.12314768981382,4.281978123187854e-17,-1e-08,0.0005731636849427061,0.0005008947685401884,0.2533126161087027,0,0.1540241494760104,warning,31536,341,"ln_salario_real_adm ~ i(event_time, treat_group, ref=-1) | cbo_4d^subgroup + periodo^subgroup + periodo^treatment",estimated,,0.1849472538348389,27.725800689420254,22,True,0.00011509547576335102,22,22,True,79.19427154865083,4.4526127663974736e-17,-1e-08,-0.0007672067389355114,0.0005637621375865509,0.17445891281214965,1,0.011876714709751157,warning,15646,340,"ln_salario_real_adm ~ i(event_time, treatment, ref=-1) | cbo_4d + periodo",estimated,,-0.04546249432963029,0.01362076834494897,0.0009384570133919024,15646,340,0.0382698543526879,0.0010361950804198,0.0076181654666836,340,0.8918888495007153,0.9248946125721356,adequate,0.02140434374674032,A,100
age_canaries,micro,age_41_49,Age 41-49,asinh_saldo,ols,-23_to_23,-23_to_-2,-1,2022-11,False,diagnostic_only,estimated,,0.0007709057659326903,49.116802038627725,22,True,0.05592380012623665,22,22,True,89.21446349518916,2.4372206507913605e-14,-1e-08,-0.04175611740358314,0.01618974320013469,0.010323407290789843,8,0.0006997975526885636,fail,31870,341,"asinh_saldo ~ i(event_time, treat_group, ref=-1) | cbo_4d^subgroup + periodo^subgroup + periodo^treatment",estimated,,1.3104678269570178e-06,68.10346120719345,22,True,0.044687256801815116,22,22,True,140.86591134979918,3.075052333044154e-14,-1e-08,-0.0038881748030142136,0.014735398784460785,0.7920428187593502,17,5.071512481080731e-07,fail,15935,341,"asinh_saldo ~ i(event_time, treatment, ref=-1) | cbo_4d + periodo",estimated,,-0.4563481394945126,0.2541342687693238,0.07343053470149319,15935,341,0.7140271854626833,0.3007381493158996,0.2457038916278451,340,0.2218049577525671,0.4184999202878626,adequate,0.6903408149001092,A,100
age_canaries,micro,age_50_plus,Age 50+,admissoes,ppml,-23_to_23,-23_to_-2,-1,2022-11,False,diagnostic_only,estimated,,2.5378985680288283e-10,90.76585115115313,22,True,2.1091433827578403e-05,22,22,True,1349.335992886742,1.3902378752940942e-16,-1e-08,-0.0045878361124506856,0.0012272849758847783,0.00021738157415240877,4,6.811565154829502e-05,fail,31870,341,"admissoes ~ i(event_time, treat_group, ref=-1) | cbo_4d^subgroup + periodo^subgroup + periodo^treatment",estimated,,1.4725145322256522e-18,136.71617327937437,22,True,3.272646080407327e-05,22,22,True,4095.946138548954,6.548113288693617e-16,-1e-08,-0.0036036315531058263,0.0010942983706402805,0.0010950740357016375,0,0.09755935531578008,fail,15935,341,"admissoes ~ i(event_time, treatment, ref=-1) | cbo_4d + periodo",estimated,,-0.029606130189242935,0.059222085812653556,0.6174568693955707,15935,341,0.1663930624343364,0.0663304934144376,0.0532793070015347,340,0.2140046223064529,0.418206372494911,adequate,0.14969596113871345,A,100
age_canaries,micro,age_50_plus,Age 50+,desligamentos,ppml,-23_to_23,-23_to_-2,-1,2022-11,False,diagnostic_only,estimated,,1.6377699186239842e-17,131.06883373497334,22,True,2.6674354445646857e-05,22,22,True,569.3986644188716,7.419476577628397e-17,-1e-08,-0.004441846981479864,0.0007220431392462263,2.152839906344184e-09,4,0.000269848647046933,fail,31870,341,"desligamentos ~ i(event_time, treat_group, ref=-1) | cbo_4d^subgroup + periodo^subgroup + periodo^treatment",estimated,,1.4415484010031867e-25,173.7158060295588,22,True,3.5000265936723865e-05,22,22,True,627.6187388777556,1.0730751862354405e-16,-1e-08,-0.0068765415977166495,0.0008576851572788915,1.7541523789077473e-14,6,3.1767585404463006e-05,fail,15935,341,"desligamentos ~ i(event_time, treatment, ref=-1) | cbo_4d + periodo",estimated,,-0.0631095965410156,0.035370244199875826,0.07527359157970959,15935,341,0.09937784478050551,0.0068875104501657,0.0376518538984399,340,0.8549649561457047,0.919317157145919,adequate,0.10578835903062744,A,100
age_canaries,micro,age_50_plus,Age 50+,n_movimentacoes,ppml,-23_to_23,-23_to_-2,-1,2022-11,False,diagnostic_only,estimated,,2.944886732269929e-18,135.0954210178467,22,True,1.1611385125868807e-05,22,22,True,1002.5775095633098,5.686759925308088e-17,-1e-08,-0.0026894303604102976,0.0008414637343643426,0.001523427530557786,3,0.0026484730845990345,fail,31870,341,"n_movimentacoes ~ i(event_time, treat_group, ref=-1) | cbo_4d^subgroup + periodo^subgroup + periodo^treatment",estimated,,1.473775821414788e-16,125.88130338309792,22,True,1.7231359178022907e-05,22,22,True,1978.0602494070301,1.6650295940504486e-16,-1e-08,-0.0028865847656572214,0.000864943897216313,0.000939561539637257,0,0.13512744377698338,fail,15935,341,"n_movimentacoes ~ i(event_time, treatment, ref=-1) | cbo_4d + periodo",estimated,,-0.04607080613585245,0.04502310999399501,0.3069076133895683,15935,341,0.12649897499250431,0.0357035059856041,0.0430063938834516,340,0.4070135419248681,0.581447917035526,adequate,0.1208327177999506,A,100
age_canaries,micro,age_50_plus,Age 50+,ln_salario_real_adm,ols,-23_to_23,-23_to_-2,-1,2022-11,False,diagnostic_only,estimated,,0.06846158000253412,32.55189529982993,22,True,0.00015450231669028158,22,22,True,128.62070540647653,9.707531070369908e-17,-1e-08,0.0007006615469153026,0.0007556043471962918,0.35443568746900356,2,0.014485983711533201,fail,31210,341,"ln_salario_real_adm ~ i(event_time, treat_group, ref=-1) | cbo_4d^subgroup + periodo^subgroup + periodo^treatment",estimated,,0.22840631300629283,26.56024690897119,22,True,0.00015013732799218103,22,22,True,124.48924354216402,9.130265711524334e-17,-1e-08,-0.0012222957671356022,0.0007838176352600625,0.1198343478770787,3,0.004555792016075255,fail,15318,339,"ln_salario_real_adm ~ i(event_time, treatment, ref=-1) | cbo_4d + periodo",estimated,,-0.037045709469221214,0.010869915992759653,0.000733190778767101,15318,339,0.030541129829545818,0.0135892135962647,0.0103233486609443,340,0.1889409061310503,0.3936268877730214,adequate,0.029004949330996246,A,100
age_canaries,micro,age_50_plus,Age 50+,asinh_saldo,ols,-23_to_23,-23_to_-2,-1,2022-11,False,diagnostic_only,estimated,,0.0001651196956920339,53.98818436698749,22,True,0.0651148166329835,22,22,True,107.96019443077864,3.434048197103389e-14,-1e-08,0.02182218092126569,0.019140727029897008,0.2550506602094653,14,0.00018171762635499356,fail,31870,341,"asinh_saldo ~ i(event_time, treat_group, ref=-1) | cbo_4d^subgroup + periodo^subgroup + periodo^treatment",estimated,,8.145720904240468e-10,87.78332495515735,22,True,0.030476846408757887,22,22,True,114.26097425762516,1.7011039595887347e-14,-1e-08,0.04327635925316045,0.013225810351387977,0.001176966909122834,18,6.676893347101753e-07,fail,15935,341,"asinh_saldo ~ i(event_time, treatment, ref=-1) | cbo_4d + periodo",estimated,,0.3816693109790686,0.17247963126284363,0.02757272666220789,15935,341,0.4846066068013711,1.2055683761986065,0.3570903479701507,340,0.0008203327935281,0.0074575708502555,adequate,1.0032972623162981,A,100
race_color,micro,race_white,White,admissoes,ppml,-23_to_23,-23_to_-2,-1,2022-11,False,diagnostic_only,estimated,,3.2186135311994703e-13,107.38895462864335,22,True,1.6008816553471662e-05,22,22,True,724.8556285051819,5.668571773282948e-17,-1e-08,0.0011279722719225737,0.0005864637978523961,0.0552715399530872,4,0.001243627006332959,fail,31870,341,"admissoes ~ i(event_time, treat_group, ref=-1) | cbo_4d^subgroup + periodo^subgroup + periodo^treatment",estimated,,1.17375375820803e-29,194.81261018602444,22,True,1.2307195973339738e-05,22,22,True,8832.411920820032,5.310083345009775e-16,-1e-08,-0.00024961155899792527,0.0006160106773542314,0.6855805321289721,4,0.00158700295266323,fail,15935,341,"admissoes ~ i(event_time, treatment, ref=-1) | cbo_4d + periodo",estimated,,-0.024075244020011006,0.03495509636432348,0.49145172040419904,15935,341,0.0982114265638445,0.082651012275395,0.0188281343192364,340,1.5168021202160986e-05,0.0002528003533693,adequate,0.05290038144238068,A,100
race_color,micro,race_white,White,desligamentos,ppml,-23_to_23,-23_to_-2,-1,2022-11,False,diagnostic_only,estimated,,3.790839928981321e-09,83.80710765502968,22,True,8.85947815618115e-06,22,22,True,1630.434224809451,7.056256041590245e-17,-1e-08,3.326936023273502e-05,0.0006437397901162401,0.9588129242240153,0,0.12388842951453549,fail,31870,341,"desligamentos ~ i(event_time, treat_group, ref=-1) | cbo_4d^subgroup + periodo^subgroup + periodo^treatment",estimated,,3.4822721354057203e-15,118.34483181273708,22,True,1.01793924818794e-05,22,22,True,1485.950023310832,7.389056187051524e-17,-1e-08,-0.000936099870411818,0.0007995414511620599,0.2425007343273562,9,7.390577291332967e-05,fail,15935,341,"desligamentos ~ i(event_time, treatment, ref=-1) | cbo_4d + periodo",estimated,,-0.018192067570047567,0.025036707045621526,0.46796127785243646,15935,341,0.07034426939589802,0.065127592073928,0.0135888679436491,340,2.463155174270426e-06,4.926310348540852e-05,adequate,0.038179900642345256,A,100
race_color,micro,race_white,White,n_movimentacoes,ppml,-23_to_23,-23_to_-2,-1,2022-11,False,diagnostic_only,estimated,,1.807551150373675e-15,119.91474433985113,22,True,7.465601868403749e-06,22,22,True,1376.287579132875,5.019227981887818e-17,-1e-08,0.0014468909145181508,0.0008026398311615083,0.07232621060954458,2,0.015696650333644424,fail,31870,341,"n_movimentacoes ~ i(event_time, treat_group, ref=-1) | cbo_4d^subgroup + periodo^subgroup + periodo^treatment",estimated,,2.216588902449462e-30,198.51902785735487,22,True,5.528914828287768e-06,22,22,True,6496.946285156916,1.7547371964376707e-16,-1e-08,-0.0004955922386159328,0.0005679780128340369,0.38352128198277113,2,0.02945304802168125,fail,15935,341,"n_movimentacoes ~ i(event_time, treatment, ref=-1) | cbo_4d + periodo",estimated,,-0.021225395946256276,0.028264566160343087,0.45319961455008295,15935,341,0.07941340898858609,0.0743288752412338,0.0144322532160162,340,4.416046335276036e-07,1.472015445092012e-05,adequate,0.040549514213963064,A,100
race_color,micro,race_white,White,ln_salario_real_adm,ols,-23_to_23,-23_to_-2,-1,2022-11,False,diagnostic_only,estimated,,0.12502146731772829,29.73607730484897,22,True,6.319318344847515e-05,22,22,True,188.44148102225637,5.817141784934424e-17,-1e-08,-0.001060599945987406,0.0005674911715656808,0.06249249500733134,2,0.017804840850841774,fail,31687,341,"ln_salario_real_adm ~ i(event_time, treat_group, ref=-1) | cbo_4d^subgroup + periodo^subgroup + periodo^treatment",estimated,,7.004620647153819e-05,56.60278104986198,22,True,4.55949978637173e-05,22,22,True,141.1567476114599,3.1439942944070065e-17,-1e-08,-0.0004890207115159578,0.0006614360533563037,0.46021566237366063,6,0.00030158778192879154,fail,15802,341,"ln_salario_real_adm ~ i(event_time, treatment, ref=-1) | cbo_4d + periodo",estimated,,-0.054381119643126426,0.011397761486122676,2.722882582739672e-06,15802,341,0.03202366840930942,-0.0080180239772439,0.0087731824248177,340,0.3614043039472863,0.5560066214573635,adequate,0.024649531858410328,A,100
race_color,micro,race_white,White,asinh_saldo,ols,-23_to_23,-23_to_-2,-1,2022-11,False,diagnostic_only,estimated,,0.01364632239415155,39.12704618295904,22,True,0.0698333465040658,22,22,True,115.60454639269368,3.94367098100145e-14,-1e-08,-0.0066025634881167194,0.016612652797331026,0.691291052095351,1,0.0364479171900256,fail,31870,341,"asinh_saldo ~ i(event_time, treat_group, ref=-1) | cbo_4d^subgroup + periodo^subgroup + periodo^treatment",estimated,,2.7701358772569428e-05,59.36826535929052,22,True,0.05931976885001669,22,22,True,129.4853893994429,3.752175328438535e-14,-1e-08,0.011673420305430456,0.01778431218412958,0.5120180875505789,17,4.629341660433717e-05,fail,15935,341,"asinh_saldo ~ i(event_time, treatment, ref=-1) | cbo_4d + periodo",estimated,,-0.22457091238419058,0.30024511612944965,0.4550021631888612,15935,341,0.8435823167690217,0.7390038983951261,0.2544452440981349,340,0.0039206139179364,0.0255478930523966,adequate,0.7149009158724174,A,100
race_color,micro,race_black,Black,admissoes,ppml,-23_to_23,-23_to_-2,-1,2022-11,False,diagnostic_only,estimated,,2.3768967686408643e-33,213.64837692035894,22,True,3.1152155487160185e-05,22,22,True,581.6923770298604,8.852060645569187e-17,-1e-08,0.006886917052534132,0.0007214996222449514,0.0,9,2.320935964750248e-06,fail,31861,341,"admissoes ~ i(event_time, treat_group, ref=-1) | cbo_4d^subgroup + periodo^subgroup + periodo^treatment",estimated,,1.9556259417864067e-33,214.07835239801062,22,True,3.605740748369813e-05,22,22,True,2785.808773180703,4.906916931307013e-16,-1e-08,0.001567182190390503,0.0011965242051242035,0.1911575360385629,12,0.0017017103752341445,fail,15926,340,"admissoes ~ i(event_time, treatment, ref=-1) | cbo_4d + periodo",estimated,,-0.038281591779309905,0.05400564206886575,0.47890827113834433,15926,340,0.15173799332438687,-0.0088280992367837,0.0399356982749728,340,0.825180089860404,0.9067913075389056,adequate,0.11220515193347978,A,100
race_color,micro,race_black,Black,desligamentos,ppml,-23_to_23,-23_to_-2,-1,2022-11,False,diagnostic_only,estimated,,1.7313086810564796e-38,239.57717190699714,22,True,2.234466560181086e-05,22,22,True,240.12869591870754,2.6210833294338653e-17,-1e-08,0.006539839838836462,0.0005088038686970937,0.0,12,1.290146314003593e-06,fail,31861,341,"desligamentos ~ i(event_time, treat_group, ref=-1) | cbo_4d^subgroup + periodo^subgroup + periodo^treatment",estimated,,1.0387171387407806e-34,220.53759501583747,22,True,2.9058743369242466e-05,22,22,True,755.5614791671688,1.072530235072672e-16,-1e-08,0.006124672718912388,0.0007345613102902925,1.9984014443252818e-15,10,4.742284956060772e-06,fail,15926,340,"desligamentos ~ i(event_time, treatment, ref=-1) | cbo_4d + periodo",estimated,,0.009221972572151267,0.04349458588331624,0.8322143589120172,15926,340,0.12220540168736155,0.0445251390053579,0.030866783092954,340,0.1500837151296945,0.3410993525674876,adequate,0.08672471588691727,A,100
race_color,micro,race_black,Black,n_movimentacoes,ppml,-23_to_23,-23_to_-2,-1,2022-11,False,diagnostic_only,estimated,,1.6474580667011057e-29,194.05778213224102,22,True,1.637812886780368e-05,22,22,True,475.0743887128988,3.8009206964712e-17,-1e-08,0.005962771215384008,0.000558539811761552,0.0,9,5.838913796907264e-10,fail,31861,341,"n_movimentacoes ~ i(event_time, treat_group, ref=-1) | cbo_4d^subgroup + periodo^subgroup + periodo^treatment",estimated,,2.486963110539282e-37,233.76051264172133,22,True,1.752701274681344e-05,22,22,True,2294.8043243939205,1.9647914899325203e-16,-1e-08,0.003236683360859004,0.0009321518381965713,0.0005829011606757195,6,0.0005147316535891733,fail,15926,340,"n_movimentacoes ~ i(event_time, treatment, ref=-1) | cbo_4d + periodo",estimated,,-0.015987468439883305,0.04790257161057472,0.7387747997310687,15926,340,0.1345903837602316,0.0160026508765507,0.0355866370962825,340,0.6532266843208137,0.7870201015913418,adequate,0.0999858320917942,A,100
race_color,micro,race_black,Black,ln_salario_real_adm,ols,-23_to_23,-23_to_-2,-1,2022-11,False,diagnostic_only,estimated,,0.18104576294552902,27.839963657035923,22,True,0.00017057397068167548,22,22,True,59.90509247215027,4.9915957748194025e-17,-1e-08,0.0016924629868884556,0.0007361594035985329,0.02210828694067679,1,0.04767160862263653,fail,30827,341,"ln_salario_real_adm ~ i(event_time, treat_group, ref=-1) | cbo_4d^subgroup + periodo^subgroup + periodo^treatment",estimated,,0.13229804098568043,29.455947550252365,22,True,0.00016996346169232955,22,22,True,62.72279787408074,5.207675286146412e-17,-1e-08,0.0007168029956941785,0.0007934111049235605,0.3669333871166227,2,0.02289743277972356,fail,14922,339,"ln_salario_real_adm ~ i(event_time, treatment, ref=-1) | cbo_4d + periodo",estimated,,-0.04920634167710992,0.012192080503022307,6.731140638294164e-05,14922,339,0.034256006558201914,-0.0051728729456931,0.0100828767526056,340,0.6082597131412606,0.741780137977147,adequate,0.028329308534005674,A,100
race_color,micro,race_black,Black,asinh_saldo,ols,-23_to_23,-23_to_-2,-1,2022-11,False,diagnostic_only,estimated,,0.0036676504477084772,43.88329618216623,22,True,0.06010290965376436,22,22,True,99.56958865945123,2.9233789569572144e-14,-1e-08,0.010234267695211055,0.016469199672720685,0.5347406203993079,17,8.0459430872315e-05,fail,31870,341,"asinh_saldo ~ i(event_time, treat_group, ref=-1) | cbo_4d^subgroup + periodo^subgroup + periodo^treatment",estimated,,3.34652679728945e-05,58.80960692756184,22,True,0.026880654088147167,22,22,True,111.77947354397661,1.4677929532868805e-14,-1e-08,0.02430636553802449,0.010859424625135542,0.025850082727618684,15,3.357509142132287e-05,fail,15935,341,"asinh_saldo ~ i(event_time, treatment, ref=-1) | cbo_4d + periodo",estimated,,-0.20011680333742823,0.1561183333565615,0.20077649440290424,15935,341,0.4386371609996985,0.2580226209953681,0.2820799903569219,340,0.3609898414932841,0.5560066214573635,adequate,0.7925447542563218,A,100
race_color,micro,race_pardo,Pardo,admissoes,ppml,-23_to_23,-23_to_-2,-1,2022-11,False,diagnostic_only,estimated,,8.178234275076231e-33,210.9228443283596,22,True,1.7736968670419092e-05,22,22,True,505.5057990954359,4.3799428854454184e-17,-1e-08,-0.0028341404838041154,0.0005717390651468976,1.1314826389163812e-06,7,0.0004333246694001591,fail,31870,341,"admissoes ~ i(event_time, treat_group, ref=-1) | cbo_4d^subgroup + periodo^subgroup + periodo^treatment",estimated,,2.693929598360544e-38,238.61299490637873,22,True,2.401447072138348e-05,22,22,True,4613.862491397764,5.412533189790616e-16,-1e-08,-0.006135675008992166,0.0008693949211347071,9.57989243488555e-12,7,0.003206790681746785,fail,15935,341,"admissoes ~ i(event_time, treatment, ref=-1) | cbo_4d + periodo",estimated,,-0.06627873795654098,0.04389649180892362,0.13200103012390652,15935,341,0.12333357736363205,-0.0816688320456307,0.0303630977613793,340,0.0075035012461883,0.0416861180343798,adequate,0.08530953869965817,A,100
race_color,micro,race_pardo,Pardo,desligamentos,ppml,-23_to_23,-23_to_-2,-1,2022-11,False,diagnostic_only,estimated,,1.4941079195912412e-09,86.22088422685088,22,True,1.2637210756844407e-05,22,22,True,875.7506936110555,5.406231326688843e-17,-1e-08,-0.0013506532912389694,0.0006040726215026443,0.02600598690277578,18,0.00013101852929175983,fail,31870,341,"desligamentos ~ i(event_time, treat_group, ref=-1) | cbo_4d^subgroup + periodo^subgroup + periodo^treatment",estimated,,1.855234054671207e-12,103.0859632528347,22,True,1.030650547895466e-05,22,22,True,2658.8478080962745,1.3386524090124655e-16,-1e-08,0.0003851277042706976,0.0005442457309344958,0.4796562949595198,16,7.881850430102588e-06,fail,15935,341,"desligamentos ~ i(event_time, treatment, ref=-1) | cbo_4d + periodo",estimated,,-0.06996101079854068,0.03985785495053451,0.0801149387379243,15935,341,0.11198643979314193,-0.0886056999192962,0.029189455101132,340,0.0025863093008602,0.0184736378632873,adequate,0.08201201896926724,A,100
race_color,micro,race_pardo,Pardo,n_movimentacoes,ppml,-23_to_23,-23_to_-2,-1,2022-11,False,diagnostic_only,estimated,,2.7649054753781876e-16,124.38873677830745,22,True,7.679962719203165e-06,22,22,True,914.2863581820958,3.430080068896194e-17,-1e-08,-0.0032689406920419902,0.0005670093314470073,1.8312773519824077e-08,5,0.000989463403748836,fail,31870,341,"n_movimentacoes ~ i(event_time, treat_group, ref=-1) | cbo_4d^subgroup + periodo^subgroup + periodo^treatment",estimated,,3.729156633397686e-37,232.87507037623192,22,True,6.078992535450716e-06,22,22,True,6038.331704344781,1.7931287873647177e-16,-1e-08,-0.005230559742392696,0.0007013508017329562,7.391864897954292e-13,2,0.005722521579019091,fail,15935,341,"n_movimentacoes ~ i(event_time, treatment, ref=-1) | cbo_4d + periodo",estimated,,-0.06804626825629864,0.040968038390314404,0.09764331743717358,15935,341,0.1151056616151027,-0.0847809897371441,0.02932626942782,340,0.0040876628883834,0.0255478930523966,adequate,0.08239641871625562,A,100
race_color,micro,race_pardo,Pardo,ln_salario_real_adm,ols,-23_to_23,-23_to_-2,-1,2022-11,False,diagnostic_only,estimated,,0.18326724531148403,27.774736472006435,22,True,7.529356023684795e-05,22,22,True,155.449025000453,5.717533815460918e-17,-1e-08,-0.00022369364410463938,0.00047001053356424295,0.634427588095716,0,0.09646056184459706,pass,31679,341,"ln_salario_real_adm ~ i(event_time, treat_group, ref=-1) | cbo_4d^subgroup + periodo^subgroup + periodo^treatment",estimated,,0.1461452250170132,28.955168423909257,22,True,5.188116794033439e-05,22,22,True,133.31545043069724,3.378727253586769e-17,-1e-08,-0.0011755762899196252,0.0005637842991986277,0.037803202120563206,4,0.02667191060172147,fail,15804,340,"ln_salario_real_adm ~ i(event_time, treatment, ref=-1) | cbo_4d + periodo",estimated,,-0.050231812532875335,0.009819886169501824,5.252497281560409e-07,15804,340,0.027590632477511458,-0.010153195986511,0.0091815760838681,340,0.2695850783679598,0.4648018592551032,adequate,0.025796973233966226,A,100
race_color,micro,race_pardo,Pardo,asinh_saldo,ols,-23_to_23,-23_to_-2,-1,2022-11,False,diagnostic_only,estimated,,0.1745817925599965,28.033253038344775,22,True,0.06636636678273233,22,22,True,112.04383363210181,3.632443845459876e-14,-1e-08,0.011794272848834412,0.014551713719110208,0.41821550960611864,2,0.018687111640671494,fail,31870,341,"asinh_saldo ~ i(event_time, treat_group, ref=-1) | cbo_4d^subgroup + periodo^subgroup + periodo^treatment",estimated,,8.703855033483939e-12,99.25457700979575,22,True,0.0383454049020675,22,22,True,147.52531700358992,2.7633938760326897e-14,-1e-08,0.004126034908998528,0.01616773816385087,0.7987215909180774,21,1.018191531088064e-09,fail,15935,341,"asinh_saldo ~ i(event_time, treatment, ref=-1) | cbo_4d + periodo",estimated,,-0.28413136749122353,0.25895339362205444,0.2733174507596374,15935,341,0.7275672175553716,0.1655333954946068,0.2834458816828364,340,0.5596051855622566,0.7083609943826032,adequate,0.7963824245705756,A,100
race_color,micro,race_yellow,Yellow,admissoes,ppml,-23_to_23,-23_to_-2,-1,2022-11,False,diagnostic_only,estimated,,0.0006953187461065972,49.451144629416035,22,True,0.0002815647102571801,22,22,True,311.95491884706905,4.29074757823166e-16,-1e-08,0.00041959246545730897,0.0015141221776112763,0.7818569141738658,2,0.01772782803342121,fail,31767,341,"admissoes ~ i(event_time, treat_group, ref=-1) | cbo_4d^subgroup + periodo^subgroup + periodo^treatment",estimated,,4.765263456184751e-19,139.34765816652302,22,True,0.000281983715340921,22,22,True,541.1195647329347,7.453841803240326e-16,-1e-08,0.004934176151901542,0.0016430427883621112,0.0028725285464408223,3,0.001378633391051487,fail,15832,338,"admissoes ~ i(event_time, treatment, ref=-1) | cbo_4d + periodo",estimated,,-0.34791279907370326,0.08049361439547786,2.035816685785896e-05,15832,338,0.2261643096842041,-0.2769676687354398,0.0576067340997074,340,2.294302876792998e-06,4.926310348540852e-05,adequate,0.16185449688505896,A,100
race_color,micro,race_yellow,Yellow,desligamentos,ppml,-23_to_23,-23_to_-2,-1,2022-11,False,diagnostic_only,estimated,,7.402623126551202e-11,93.88912267238727,22,True,0.00022749182672628448,22,22,True,2544.323057908001,2.8274892216365526e-15,-1e-08,-0.004059528238115609,0.0014268758845295787,0.0047095933479948116,0,0.0908303497115659,fail,31767,341,"desligamentos ~ i(event_time, treat_group, ref=-1) | cbo_4d^subgroup + periodo^subgroup + periodo^treatment",estimated,,2.530483782398003e-13,107.97686544371554,22,True,0.00026889546004024814,22,22,True,2148.3771589992093,2.8219993051690476e-15,-1e-08,-0.003078047937331218,0.0013356712021632168,0.021802396928868983,0,0.1455251029884348,fail,15832,338,"desligamentos ~ i(event_time, treatment, ref=-1) | cbo_4d + periodo",estimated,,-0.27219350438386314,0.055646465554724495,1.5529454404639154e-06,15832,338,0.15635084302112226,-0.2179279103257095,0.0364821702760214,340,5.853375562026031e-09,5.853375562026031e-07,adequate,0.10250196279275774,A,100
race_color,micro,race_yellow,Yellow,n_movimentacoes,ppml,-23_to_23,-23_to_-2,-1,2022-11,False,diagnostic_only,estimated,,0.00026835686912519475,52.479014019856315,22,True,0.0001451113612355294,22,22,True,1076.9831050909697,7.634370151528462e-16,-1e-08,-0.0009884021453557116,0.0012806763666137278,0.4407800123101464,0,0.16667289861329593,fail,31814,341,"n_movimentacoes ~ i(event_time, treat_group, ref=-1) | cbo_4d^subgroup + periodo^subgroup + periodo^treatment",estimated,,9.216129271956469e-14,110.43811505778348,22,True,0.00015247589837698335,22,22,True,1182.1069784157542,8.804828238187407e-16,-1e-08,0.004040994968022096,0.00152942470629907,0.008620866071246569,0,0.10593023019273118,fail,15879,339,"n_movimentacoes ~ i(event_time, treatment, ref=-1) | cbo_4d + periodo",estimated,,-0.3119609243225744,0.06764670676686703,5.676043763003236e-06,15879,339,0.19006649686016425,-0.2487000253717612,0.0466363769537599,340,1.7680386377172397e-07,8.840193188586198e-06,adequate,0.13103168312454475,A,100
race_color,micro,race_yellow,Yellow,ln_salario_real_adm,ols,-23_to_23,-23_to_-2,-1,2022-11,False,diagnostic_only,estimated,,0.14117841604457843,29.130289254715844,22,True,0.0006565328114050772,22,22,True,41.451652726599946,1.3294168926671737e-16,-1e-08,0.0016521566313533252,0.001161786351596758,0.15591885348055357,1,0.038573152437598957,warning,27207,341,"ln_salario_real_adm ~ i(event_time, treat_group, ref=-1) | cbo_4d^subgroup + periodo^subgroup + periodo^treatment",estimated,,0.030077287374129805,36.03873358743255,22,True,0.0005939901434118325,22,22,True,44.071091771588776,1.2787803497846506e-16,-1e-08,0.00020743349044020817,0.0011611952960524495,0.8583313198162714,2,0.011327000460088055,fail,11300,332,"ln_salario_real_adm ~ i(event_time, treatment, ref=-1) | cbo_4d + periodo",estimated,,-0.07064515735130598,0.01729462376784632,5.5386157252756973e-05,11300,332,0.048595563297593986,-0.0171031602099995,0.0149717438227558,340,0.2541071480049233,0.4537627642945058,adequate,0.04206529152876309,A,100
race_color,micro,race_yellow,Yellow,asinh_saldo,ols,-23_to_23,-23_to_-2,-1,2022-11,False,diagnostic_only,estimated,,2.612301899016962e-05,59.54116733848706,22,True,0.060018561399010274,22,22,True,132.21127045126946,3.876296296631111e-14,-1e-08,0.002273686167180689,0.01900019681853958,0.9048180525053435,21,5.87959941622529e-07,fail,31870,341,"asinh_saldo ~ i(event_time, treat_group, ref=-1) | cbo_4d^subgroup + periodo^subgroup + periodo^treatment",estimated,,1.980914730105203e-06,66.94777972268764,22,True,0.01331749796699736,22,22,True,97.64239513513955,6.3521971619428e-15,-1e-08,-0.0036201710578698987,0.006405073425532104,0.5723079883100257,1,0.029038581783433104,fail,15935,341,"asinh_saldo ~ i(event_time, treatment, ref=-1) | cbo_4d + periodo",estimated,,-0.1612228455417618,0.0977403376249744,0.09996844826630902,15935,341,0.2746156923995173,0.3108358731028275,0.3304999002064608,340,0.3476277429829573,0.5517900682269163,adequate,0.9285875324209815,A,100
race_color,micro,race_indigenous,Indigenous,admissoes,ppml,-23_to_23,-23_to_-2,-1,2022-11,False,diagnostic_only,estimated,,3.651729682242015e-15,118.23091274085722,22,True,0.0005571169091998754,22,22,True,1705.8811066907242,4.64256513492324e-15,-1e-08,0.011167923614871188,0.0024110798205524706,5.16657017390898e-06,4,0.000347611418943794,fail,30975,341,"admissoes ~ i(event_time, treat_group, ref=-1) | cbo_4d^subgroup + periodo^subgroup + periodo^treatment",estimated,,3.7257916893353386e-21,150.57611528975778,22,True,0.0005271602345077817,22,22,True,1754.0107082339446,4.516872058202033e-15,-1e-08,0.00998070461010703,0.001705338235306452,1.2008089411708056e-08,3,0.00020771924644957807,fail,15040,320,"admissoes ~ i(event_time, treatment, ref=-1) | cbo_4d + periodo",estimated,,-0.11050762525355246,0.08901718882761514,0.215363069488393,15040,320,0.25015413195616437,-0.1744273367783673,0.1002729392214842,340,0.0828473351466814,0.2180193030175826,adequate,0.2817314048872952,A,100
race_color,micro,race_indigenous,Indigenous,desligamentos,ppml,-23_to_23,-23_to_-2,-1,2022-11,False,diagnostic_only,estimated,,4.699600901551711e-10,89.19337712012482,22,True,0.00047076339700307594,22,22,True,1155.1765938333897,2.6565254138537356e-15,-1e-08,0.008907968155106763,0.0027096730317735175,0.0011165028443294034,3,0.0031628020010301405,fail,31120,341,"desligamentos ~ i(event_time, treat_group, ref=-1) | cbo_4d^subgroup + periodo^subgroup + periodo^treatment",estimated,,1.5478884138198283e-09,86.12956055169452,22,True,0.00044961956829043067,22,22,True,1253.9820168751594,2.7542250186241807e-15,-1e-08,-3.409118893532753e-05,0.002494819337001236,0.9891058485274726,3,0.005413562932542915,fail,15185,324,"desligamentos ~ i(event_time, treatment, ref=-1) | cbo_4d + periodo",estimated,,-0.0387161417532768,0.06853639074036064,0.572534547840228,15185,324,0.19259212932995615,-0.1171890440780571,0.1140227851108231,340,0.3047892748653757,0.5069783887109974,adequate,0.3203635964781972,A,100
race_color,micro,race_indigenous,Indigenous,n_movimentacoes,ppml,-23_to_23,-23_to_-2,-1,2022-11,False,diagnostic_only,estimated,,4.615297850215799e-19,139.42212343797362,22,True,0.00034486706187573544,22,22,True,1715.0274203764247,2.8892537884481637e-15,-1e-08,0.012298861121067761,0.0018991963205372171,3.302091933221618e-10,4,0.0004912174484617005,fail,31355,341,"n_movimentacoes ~ i(event_time, treat_group, ref=-1) | cbo_4d^subgroup + periodo^subgroup + periodo^treatment",estimated,,6.041446691460243e-21,149.46322615007298,22,True,0.00030105467065494394,22,22,True,1941.181489350226,2.8547916446512265e-15,-1e-08,0.010430897328992779,0.001522141154957983,3.595124198341182e-11,5,0.0019338953524459246,fail,15420,329,"n_movimentacoes ~ i(event_time, treatment, ref=-1) | cbo_4d + periodo",estimated,,-0.07594985817100074,0.07750419555875966,0.32783544231450135,15420,329,0.21778223921660925,-0.1455153276419042,0.104909667028353,340,0.1663340309977377,0.3696311799949726,adequate,0.29475896595463097,A,100
race_color,micro,race_indigenous,Indigenous,ln_salario_real_adm,ols,-23_to_23,-23_to_-2,-1,2022-11,False,diagnostic_only,estimated,,0.9668285620529947,11.502008681953058,22,True,0.0011386524531038914,22,22,True,107.72400456216263,5.991927943068453e-16,-1e-08,0.0008334136010624993,0.0015265484030685507,0.5854608108864041,0,0.07396830602842996,pass,24135,341,"ln_salario_real_adm ~ i(event_time, treat_group, ref=-1) | cbo_4d^subgroup + periodo^subgroup + periodo^treatment",estimated,,0.48624504393653833,21.56252236130982,22,True,0.0010454659455995175,22,22,True,115.54283412068055,5.900866824697282e-16,-1e-08,-0.0005405315918879356,0.001526708105526379,0.7235449587973086,0,0.0971838471247164,pass,8228,307,"ln_salario_real_adm ~ i(event_time, treatment, ref=-1) | cbo_4d + periodo",estimated,,-0.054935477932046964,0.0168365834252375,0.0012276719080195342,8228,307,0.0473199617612716,-0.0036422132882021,0.0177524564216225,340,0.837564643260378,0.910396351369976,adequate,0.04987810795908734,A,100
race_color,micro,race_indigenous,Indigenous,asinh_saldo,ols,-23_to_23,-23_to_-2,-1,2022-11,False,diagnostic_only,estimated,,6.4810178859198454e-06,63.58817643413875,22,True,0.05768398526409772,22,22,True,140.53645543806465,3.960109177031873e-14,-1e-08,-0.016226552870835166,0.02060115756930528,0.43144875719100373,21,3.52214919985272e-06,fail,31870,341,"asinh_saldo ~ i(event_time, treat_group, ref=-1) | cbo_4d^subgroup + periodo^subgroup + periodo^treatment",estimated,,0.0253513678894736,36.72515612538955,22,True,0.00895584488790051,22,22,True,84.84688353357132,3.7119777516781584e-15,-1e-08,0.007161769994165502,0.004695148216750694,0.1281000940220245,3,0.00033743657884865996,fail,15935,341,"asinh_saldo ~ i(event_time, treatment, ref=-1) | cbo_4d + periodo",estimated,,-0.18294639854807118,0.06579428932885836,0.005728376440507166,15935,341,0.18485862397268696,0.3604553520860053,0.3539756338943944,340,0.3092568171137084,0.5069783887109974,adequate,0.9945460201646465,A,100
race_color,micro,race_unknown,Unidentified,admissoes,ppml,-23_to_23,-23_to_-2,-1,2022-11,False,diagnostic_only,estimated,,4.114330383747054e-06,64.884241437434,22,True,1.983888795851952e-05,22,22,True,540.4715993628258,5.2378506221076394e-17,-1e-08,0.00038686411964367713,0.0005617114977785605,0.49146672914875467,4,0.01361937203127317,fail,31866,341,"admissoes ~ i(event_time, treat_group, ref=-1) | cbo_4d^subgroup + periodo^subgroup + periodo^treatment",estimated,,7.774976035586075e-23,159.44315252156434,22,True,1.5057057686765626e-05,22,22,True,5298.070859807583,3.8969136549287736e-16,-1e-08,-0.004003181725586984,0.0008630953466354667,5.026901760185609e-06,1,0.04088936909803276,fail,15931,340,"admissoes ~ i(event_time, treatment, ref=-1) | cbo_4d + periodo",estimated,,-0.050569107719870825,0.024032451990777855,0.036096927780198795,15931,340,0.06752324201784804,0.0197495829584841,0.0299786210049171,340,0.510477216690389,0.6806362889205188,adequate,0.08422929534002802,A,100
race_color,micro,race_unknown,Unidentified,desligamentos,ppml,-23_to_23,-23_to_-2,-1,2022-11,False,diagnostic_only,estimated,,0.00014156631837089283,54.4619673616267,22,True,1.4857014769980722e-05,22,22,True,1179.3367719768437,8.559182795429306e-17,-1e-08,-0.0007007161102758387,0.0005758434842429591,0.22450464528540848,15,0.0009456332077997232,fail,31861,341,"desligamentos ~ i(event_time, treat_group, ref=-1) | cbo_4d^subgroup + periodo^subgroup + periodo^treatment",estimated,,4.779611233340794e-27,181.38187494643836,22,True,1.3660873640136565e-05,22,22,True,2406.4683566285803,1.605911233006e-16,-1e-08,0.004002974565577006,0.0008400923295126421,2.806818003353584e-06,2,0.03430191732712817,fail,15926,340,"desligamentos ~ i(event_time, treatment, ref=-1) | cbo_4d + periodo",estimated,,-0.01747475864564134,0.028111499477843506,0.534607499493843,15926,340,0.07898401642310314,0.0541120191907528,0.0262864689210607,340,0.0402988814162754,0.1259340044258608,adequate,0.07385565713097123,A,100
race_color,micro,race_unknown,Unidentified,n_movimentacoes,ppml,-23_to_23,-23_to_-2,-1,2022-11,False,diagnostic_only,estimated,,2.3469393590620014e-10,90.96497012842485,22,True,8.615038436584817e-06,22,22,True,854.2411499204698,3.595014230637315e-17,-1e-08,-0.0003766471303336018,0.00046022169814042874,0.41369993167810026,3,0.02726980651050792,fail,31870,341,"n_movimentacoes ~ i(event_time, treat_group, ref=-1) | cbo_4d^subgroup + periodo^subgroup + periodo^treatment",estimated,,2.0949533573944452e-18,135.8921434182259,22,True,9.042334445574168e-06,22,22,True,2578.586533384759,1.139003825251908e-16,-1e-08,0.0001893214223367549,0.0009041190709657578,0.834262360178289,0,0.06920012473312309,fail,15935,341,"n_movimentacoes ~ i(event_time, treatment, ref=-1) | cbo_4d + periodo",estimated,,-0.03441159512692865,0.0237135799882778,0.14766439674197773,15935,341,0.06662675151316728,0.0376294141075723,0.0277812696442166,340,0.1764799585479766,0.3754892735063332,adequate,0.07805551714336255,A,100
race_color,micro,race_unknown,Unidentified,ln_salario_real_adm,ols,-23_to_23,-23_to_-2,-1,2022-11,False,diagnostic_only,estimated,,0.20030854992829653,27.293006091701297,22,True,7.26960102542559e-05,22,22,True,144.32623725456133,5.125293871869259e-17,-1e-08,0.0007618634336581654,0.0007353752079330996,0.30092908052420286,9,0.0029703430678416076,fail,30327,341,"ln_salario_real_adm ~ i(event_time, treat_group, ref=-1) | cbo_4d^subgroup + periodo^subgroup + periodo^treatment",estimated,,0.21692284107626864,26.851453451992448,22,True,6.065684230528944e-05,22,22,True,133.41857730961127,3.9532930550974785e-17,-1e-08,0.0004922070480761136,0.0005519211928729802,0.37313094351885523,1,0.007387633187001974,warning,14437,339,"ln_salario_real_adm ~ i(event_time, treatment, ref=-1) | cbo_4d + periodo",estimated,,-0.026427952690277156,0.011394957376970313,0.02097617940591512,14437,339,0.032016335074162544,0.0415139445757328,0.010718243261092,340,0.0001288398195122,0.0018405688501754,adequate,0.030114463137470772,A,100
race_color,micro,race_unknown,Unidentified,asinh_saldo,ols,-23_to_23,-23_to_-2,-1,2022-11,False,diagnostic_only,estimated,,0.0013698051327366344,47.22948191736677,22,True,0.0586025739683772,22,22,True,157.38287328104423,4.505438520081094e-14,-1e-08,0.0023702921557258254,0.016891378343373144,0.8884858624699448,14,3.8528481580479834e-05,fail,31870,341,"asinh_saldo ~ i(event_time, treat_group, ref=-1) | cbo_4d^subgroup + periodo^subgroup + periodo^treatment",estimated,,4.533701731447122e-05,57.907217004538424,22,True,0.02138139666580534,22,22,True,199.03779903393988,2.0789044911748017e-14,-1e-08,0.01615300823901904,0.011834747997607083,0.1731933608941416,17,0.0006579041164185284,fail,15935,341,"asinh_saldo ~ i(event_time, treatment, ref=-1) | cbo_4d + periodo",estimated,,-1.1142288881672953,0.3912939899919275,0.004673589425310931,15935,341,1.099397368624867,-0.975355851127312,0.4921689087936449,340,0.0483122057579472,0.1420947228174919,adequate,1.3828201226854218,A,100
education,micro,fundamental_or_less,Primary or less,admissoes,ppml,-23_to_23,-23_to_-2,-1,2022-11,False,diagnostic_only,estimated,,3.6695231299598614e-07,71.6194737366571,22,True,2.9860927780545e-05,22,22,True,1178.1601703878434,1.7185831130663009e-16,-1e-08,-0.0016370792324066242,0.001172612025898473,0.16359638693295597,2,0.011427711373757754,fail,31814,341,"admissoes ~ i(event_time, treat_group, ref=-1) | cbo_4d^subgroup + periodo^subgroup + periodo^treatment",estimated,,6.015611122757077e-42,256.8903545232739,22,True,2.0722792529710592e-05,22,22,True,6957.811392785821,7.043424072825351e-16,-1e-08,-0.00384519340169547,0.001034527370149712,0.00023600496833342532,5,0.006826312396154277,fail,15879,339,"admissoes ~ i(event_time, treatment, ref=-1) | cbo_4d + periodo",estimated,,0.0017584034090176684,0.05308583346816286,0.9735954318454314,15879,339,0.14915490912172125,0.123102753341262,0.0502114282847511,340,0.0147213157401291,0.0552935475537437,adequate,0.14107630973910543,A,100
education,micro,fundamental_or_less,Primary or less,desligamentos,ppml,-23_to_23,-23_to_-2,-1,2022-11,False,diagnostic_only,estimated,,3.555197925740836e-19,140.02960966285553,22,True,1.4511419597892322e-05,22,22,True,2030.420550738106,1.4393247939787522e-16,-1e-08,-0.0024597549445184545,0.001072020359201563,0.022370505319704748,0,0.10818869946184129,fail,31870,341,"desligamentos ~ i(event_time, treat_group, ref=-1) | cbo_4d^subgroup + periodo^subgroup + periodo^treatment",estimated,,1.1329276525607274e-53,314.92996468343665,22,True,1.1140038207508302e-05,22,22,True,2621.747224058244,1.4267254342872818e-16,-1e-08,-0.003961571289099254,0.0008090028830489471,1.508184674259283e-06,6,5.5065326698411354e-06,fail,15935,341,"desligamentos ~ i(event_time, treatment, ref=-1) | cbo_4d + periodo",estimated,,0.014130820782817312,0.046854232352839614,0.763148148198324,15935,341,0.1316437795497771,0.132103389970424,0.0531448035174583,340,0.0134086955588503,0.0552935475537437,adequate,0.14931805404009554,A,100
education,micro,fundamental_or_less,Primary or less,n_movimentacoes,ppml,-23_to_23,-23_to_-2,-1,2022-11,False,diagnostic_only,estimated,,1.921586624622269e-17,130.69272402534995,22,True,1.2044604107691441e-05,22,22,True,1653.8830654665437,9.731061929743169e-17,-1e-08,-0.0052540499679725895,0.0011675808809790277,9.345906010427285e-06,2,0.019651726408282943,fail,31870,341,"n_movimentacoes ~ i(event_time, treat_group, ref=-1) | cbo_4d^subgroup + periodo^subgroup + periodo^treatment",estimated,,6.886250051343562e-50,296.29343497664996,22,True,8.436833142924776e-06,22,22,True,6244.879836821003,2.5737505504148807e-16,-1e-08,-0.006417349310259533,0.0008650516732033817,9.550138457825597e-13,2,6.948884276880563e-07,fail,15935,341,"n_movimentacoes ~ i(event_time, treatment, ref=-1) | cbo_4d + periodo",estimated,,0.008926567912085057,0.04876123270376615,0.8548546388862905,15935,341,0.137001774360325,0.128429922319156,0.0503815864245754,340,0.0112374552145182,0.0510793418841738,adequate,0.1415543937781084,A,100
education,micro,fundamental_or_less,Primary or less,ln_salario_real_adm,ols,-23_to_23,-23_to_-2,-1,2022-11,False,diagnostic_only,estimated,,0.14142136130765542,29.1216112455052,22,True,0.0002530285121719792,22,22,True,178.71981707680996,2.209047627117618e-16,-1e-08,0.0036003172277190377,0.0011280858997709759,0.0015471998578964197,0,0.20072461715205714,fail,30543,341,"ln_salario_real_adm ~ i(event_time, treat_group, ref=-1) | cbo_4d^subgroup + periodo^subgroup + periodo^treatment",estimated,,0.027048489151625756,36.46627013080377,22,True,0.00018528035585120453,22,22,True,227.68923613674386,2.0607949553228706e-16,-1e-08,0.0014833714562574373,0.0009674372687281331,0.1261429939052745,0,0.07832202837236468,fail,14641,337,"ln_salario_real_adm ~ i(event_time, treatment, ref=-1) | cbo_4d + periodo",estimated,,-0.007989544279522465,0.014424277878074314,0.5800187081607504,14641,337,0.04052849490892073,0.034889441375125,0.0141548331660885,340,0.0142010891087607,0.0552935475537437,adequate,0.03977006224001226,A,100
education,micro,fundamental_or_less,Primary or less,asinh_saldo,ols,-23_to_23,-23_to_-2,-1,2022-11,False,diagnostic_only,estimated,,0.04692017456362386,34.19555897745119,22,True,0.06162859911338691,22,22,True,124.10532607602067,3.736247368128055e-14,-1e-08,0.03153823761436741,0.019272671054805735,0.10267640869078765,2,0.0073950815624650446,fail,31870,341,"asinh_saldo ~ i(event_time, treat_group, ref=-1) | cbo_4d^subgroup + periodo^subgroup + periodo^treatment",estimated,,5.6266927806454646e-08,76.69215317179234,22,True,0.03736045892937382,22,22,True,89.36590291163725,1.6309736938594722e-14,-1e-08,0.043252036296148356,0.012017283258120494,0.00036671308152147475,20,1.7858981116170014e-07,fail,15935,341,"asinh_saldo ~ i(event_time, treatment, ref=-1) | cbo_4d + periodo",estimated,,0.3330434789553376,0.1668097339009646,0.046671392065463335,15935,341,0.4686762056210425,0.9559720882146484,0.3618868823388562,340,0.008631918435159,0.0431595921757954,adequate,1.0167738231589074,A,100
education,micro,high_school,Secondary,admissoes,ppml,-23_to_23,-23_to_-2,-1,2022-11,False,diagnostic_only,estimated,,1.1753392463154624e-07,74.71328088930622,22,True,1.8425333172221658e-05,22,22,True,4967.95644262492,4.471528831850736e-16,-1e-08,-0.0014281165316937432,0.0008397118056964343,0.08990952633906346,0,0.08126535277597835,fail,31861,341,"admissoes ~ i(event_time, treat_group, ref=-1) | cbo_4d^subgroup + periodo^subgroup + periodo^treatment",estimated,,1.115376776998376e-63,363.8847028228165,22,True,6.768322462207802e-06,22,22,True,20473.381086155947,6.769140341191323e-16,-1e-08,-0.005284296119605942,0.0008500172417862711,1.4873036136009432e-09,1,0.010430639896426674,fail,15935,341,"admissoes ~ i(event_time, treatment, ref=-1) | cbo_4d + periodo",estimated,,-0.04380702255070052,0.03137635092154033,0.16357129341271026,15935,341,0.08815642080498988,-0.0057352491205285,0.0344052271238259,340,0.8677075350554064,0.9230931223993684,adequate,0.09666648896819355,A,100
education,micro,high_school,Secondary,desligamentos,ppml,-23_to_23,-23_to_-2,-1,2022-11,False,diagnostic_only,estimated,,3.98382886659637e-32,207.42516012345953,22,True,1.2608282885788057e-05,22,22,True,1067.5638446519852,6.575256626823155e-17,-1e-08,0.001692510730666176,0.0009226319339170555,0.06746273637617284,13,2.1305338251398354e-05,fail,31870,341,"desligamentos ~ i(event_time, treat_group, ref=-1) | cbo_4d^subgroup + periodo^subgroup + periodo^treatment",estimated,,1.6592269297166906e-34,219.5082090406113,22,True,7.538794143726876e-06,22,22,True,2366.052714728774,8.713431214114004e-17,-1e-08,0.0035880929187926394,0.0008633703597162074,4.104184774145203e-05,11,0.0001907933007794238,fail,15935,341,"desligamentos ~ i(event_time, treatment, ref=-1) | cbo_4d + periodo",estimated,,-0.045481549421128836,0.03068237572455346,0.13917751086354668,15935,341,0.08620659656804204,-0.0333316212033084,0.0288093876076484,340,0.2480964790889899,0.4510845074345271,adequate,0.08094416407519044,A,100
education,micro,high_school,Secondary,n_movimentacoes,ppml,-23_to_23,-23_to_-2,-1,2022-11,False,diagnostic_only,estimated,,7.234405988241342e-23,159.60760859614578,22,True,1.001784022395742e-05,22,22,True,3679.7830835985856,1.8007740582843728e-16,-1e-08,7.235809990405644e-06,0.0007887723556170654,0.9926860819261014,6,0.005872688007845017,fail,31870,341,"n_movimentacoes ~ i(event_time, treat_group, ref=-1) | cbo_4d^subgroup + periodo^subgroup + periodo^treatment",estimated,,1.1925520524761517e-44,270.35036361646434,22,True,3.2736260209866547e-06,22,22,True,12569.93089545192,2.0101333108029238e-16,-1e-08,-0.00389691573390812,0.0009123270240689723,2.524227016054148e-05,1,0.006191593600579859,fail,15935,341,"n_movimentacoes ~ i(event_time, treatment, ref=-1) | cbo_4d + periodo",estimated,,-0.04442411096862115,0.029435574057274195,0.13217687451313953,15935,341,0.08270352596828098,-0.0187138294582179,0.0294064951943127,340,0.5249542023419653,0.6907292136078491,adequate,0.08262182467401083,A,100
education,micro,high_school,Secondary,ln_salario_real_adm,ols,-23_to_23,-23_to_-2,-1,2022-11,False,diagnostic_only,estimated,,0.02053738503683348,37.55598173617099,22,True,7.892835647259004e-05,22,22,True,186.87722984393963,7.205304741788966e-17,-1e-08,-0.00014363550437722459,0.0005910649419737209,0.8081431250760764,1,0.02534406440250825,fail,31595,341,"ln_salario_real_adm ~ i(event_time, treat_group, ref=-1) | cbo_4d^subgroup + periodo^subgroup + periodo^treatment",estimated,,0.045009370152151985,34.3717647668578,22,True,4.3468973751930405e-05,22,22,True,209.88284664879592,4.456759915406675e-17,-1e-08,-0.00048753838555517636,0.0005554613088630236,0.3807165707110043,5,0.011836100191009225,fail,15801,341,"ln_salario_real_adm ~ i(event_time, treatment, ref=-1) | cbo_4d + periodo",estimated,,-0.04270463871609079,0.012183158947907348,0.0005173452925082422,15801,341,0.0342303567942461,-0.001378842971892,0.0112361194996726,340,0.9024051079079768,0.9248946125721356,adequate,0.03156951174166887,A,100
education,micro,high_school,Secondary,asinh_saldo,ols,-23_to_23,-23_to_-2,-1,2022-11,False,diagnostic_only,estimated,,0.0353038439909669,35.38471639298043,22,True,0.07336487553564564,22,22,True,95.9119941219851,3.4373520306767496e-14,-1e-08,0.007135633472178413,0.017786062428363846,0.6885304795946308,8,0.0036082353056188232,fail,31870,341,"asinh_saldo ~ i(event_time, treat_group, ref=-1) | cbo_4d^subgroup + periodo^subgroup + periodo^treatment",estimated,,8.12002424384915e-08,75.70886994186355,22,True,0.03919651494145489,22,22,True,199.17673949579049,3.813721538659411e-14,-1e-08,-0.00017659611741557965,0.016034948232322925,0.9912193733455354,20,2.508654555199996e-07,fail,15935,341,"asinh_saldo ~ i(event_time, treatment, ref=-1) | cbo_4d + periodo",estimated,,-0.2972629744448511,0.3250989190344663,0.3611667696529661,15935,341,0.9134126903831425,0.1938079269830971,0.2481091291556235,340,0.4352638009672933,0.6045330568990185,adequate,0.6970986795149271,A,100
education,micro,higher_education,Higher education,admissoes,ppml,-23_to_23,-23_to_-2,-1,2022-11,False,diagnostic_only,estimated,,2.5626737827335418e-11,96.55708796835832,22,True,4.574204158399745e-05,22,22,True,5068.458118098874,1.1325419899912855e-15,-1e-08,-0.004213068166777654,0.0013395758822657717,0.0018068815982312803,4,0.04392873392437324,fail,31861,341,"admissoes ~ i(event_time, treat_group, ref=-1) | cbo_4d^subgroup + periodo^subgroup + periodo^treatment",estimated,,3.765768598811912e-12,101.33540944354391,22,True,3.405516679025334e-05,22,22,True,4759.130235705563,7.917234483515438e-16,-1e-08,-0.0027663022017737206,0.001156222287459062,0.01727637847314778,7,0.0016854528867185081,fail,15926,340,"admissoes ~ i(event_time, treatment, ref=-1) | cbo_4d + periodo",estimated,,-0.10745631337817882,0.03706341796539785,0.003984316639570773,15926,340,0.10413594677091514,-0.1107991714359958,0.045097398096601,340,0.0145137668955905,0.0552935475537437,adequate,0.12670769822008787,A,100
education,micro,higher_education,Higher education,desligamentos,ppml,-23_to_23,-23_to_-2,-1,2022-11,False,diagnostic_only,estimated,,3.28416988169848e-10,90.10886052927684,22,True,3.0749250749655685e-05,22,22,True,2548.6071549251355,3.8282504506914613e-16,-1e-08,-2.779780655095331e-05,0.0011987329632904557,0.9815128582235351,6,0.0014810329724033178,fail,31870,341,"desligamentos ~ i(event_time, treat_group, ref=-1) | cbo_4d^subgroup + periodo^subgroup + periodo^treatment",estimated,,1.878100030153096e-25,173.11873301629885,22,True,2.148776957676892e-05,22,22,True,3757.5398789135784,3.9441901390702743e-16,-1e-08,-0.0014323223809859173,0.0008861244189583273,0.10693751916148297,0,0.0981519698701403,fail,15935,341,"desligamentos ~ i(event_time, treatment, ref=-1) | cbo_4d + periodo",estimated,,-0.09388894435547847,0.03634626995550878,0.010206550849731766,15935,341,0.10212013107903799,-0.1064060824586741,0.0434923946964035,340,0.0149292578395108,0.0552935475537437,adequate,0.12219820776037624,A,100
education,micro,higher_education,Higher education,n_movimentacoes,ppml,-23_to_23,-23_to_-2,-1,2022-11,False,diagnostic_only,estimated,,3.2911353162456845e-14,112.93551401618056,22,True,2.0231241420304554e-05,22,22,True,6072.2220078100345,6.001130629649734e-16,-1e-08,-0.002978217608218022,0.0010889771313073678,0.006567461518293793,1,0.03697112000900371,fail,31870,341,"n_movimentacoes ~ i(event_time, treat_group, ref=-1) | cbo_4d^subgroup + periodo^subgroup + periodo^treatment",estimated,,1.3227156231299256e-11,98.2112860122312,22,True,1.1893794401974232e-05,22,22,True,8795.02350160933,5.109993380327097e-16,-1e-08,-0.0006840659491531859,0.0009702756823850783,0.4812790719394402,3,0.026504504425634012,fail,15935,341,"n_movimentacoes ~ i(event_time, treatment, ref=-1) | cbo_4d + periodo",estimated,,-0.10075883852961975,0.03307285782177381,0.0024956976507790607,15935,341,0.09292300365490562,-0.1083260518841716,0.0418226981862567,340,0.0100068544433171,0.0476516878253198,adequate,0.11750695260029727,A,100
education,micro,higher_education,Higher education,ln_salario_real_adm,ols,-23_to_23,-23_to_-2,-1,2022-11,False,diagnostic_only,estimated,,0.11590142981545652,30.106389037285133,22,True,0.00010626485718946121,22,22,True,137.86411578953866,7.156551632867237e-17,-1e-08,0.0007757299085739077,0.0007788065997732993,0.319934446139126,1,0.03563644520850695,warning,30703,341,"ln_salario_real_adm ~ i(event_time, treat_group, ref=-1) | cbo_4d^subgroup + periodo^subgroup + periodo^treatment",estimated,,0.00011261872499743113,55.16243105644641,22,True,8.424985814040127e-05,22,22,True,67.30810541705918,2.7701255362422518e-17,-1e-08,-0.0007044399059946163,0.0005257780104500978,0.18120622305259637,4,0.005883207441878424,fail,14892,340,"ln_salario_real_adm ~ i(event_time, treatment, ref=-1) | cbo_4d + periodo",estimated,,-0.03515683047599377,0.009320151583765604,0.00019096291214593109,14892,340,0.026186543565139782,0.0076245250837482,0.0127852870581247,340,0.5513372641855896,0.7071146719110742,adequate,0.035922123284096046,A,100
education,micro,higher_education,Higher education,asinh_saldo,ols,-23_to_23,-23_to_-2,-1,2022-11,False,diagnostic_only,estimated,,3.2198710359333924e-13,107.38799933416728,22,True,0.06985299114707266,22,22,True,100.37561097952239,3.425122555199804e-14,-1e-08,-0.05268199898629129,0.019624986805704264,0.007621060503625765,21,6.585376688406086e-10,fail,31870,341,"asinh_saldo ~ i(event_time, treat_group, ref=-1) | cbo_4d^subgroup + periodo^subgroup + periodo^treatment",estimated,,2.1106457130198793e-06,66.76967532673676,22,True,0.028814486781522423,22,22,True,174.43829215038105,2.4553625131737285e-14,-1e-08,-0.020927201616116265,0.01630274067714379,0.2001345439475346,2,0.0020499573747640998,fail,15935,341,"asinh_saldo ~ i(event_time, treatment, ref=-1) | cbo_4d + periodo",estimated,,-1.1561961198789497,0.31728866664701544,0.00031035684211278003,15935,341,0.8914686504983574,-0.8421017501254596,0.2688963780284245,340,0.0018888246955222,0.0145294207347862,adequate,0.7555034781988504,A,100
income,cbo_predetermined,low_income,Up to 2 minimum wages,admissoes,ppml,-23_to_23,-23_to_-2,-1,2022-11,False,diagnostic_only,estimated,,3.1475180775977474e-10,90.21726576131343,22,True,5.6277974170301295e-05,22,22,True,3146.095607218942,8.649147000934171e-16,-1e-08,0.0026988974928524295,0.001926716559513335,0.1621931895517128,9,0.000837967984158805,fail,15935,341,"admissoes ~ i(event_time, treat_group, ref=-1) | cbo_4d^subgroup + periodo^subgroup + periodo^treatment",estimated,,3.1200085888688834e-53,312.7669922327842,22,True,1.0640550057602592e-05,22,22,True,11880.448404932946,6.175324987162829e-16,-1e-08,-0.004390970655601193,0.0007924245483606167,7.093517817580164e-08,3,0.008066738522649608,fail,12782,273,"admissoes ~ i(event_time, treatment, ref=-1) | cbo_4d + periodo",estimated,,-0.03035144002407698,0.03208681372114185,0.34503081614223885,12782,273,0.09021748505620256,0.118326521883155,0.0792530356674231,340,0.1363587945638964,0.3246637965807058,adequate,0.2226729290426751,A,100
income,cbo_predetermined,low_income,Up to 2 minimum wages,desligamentos,ppml,-23_to_23,-23_to_-2,-1,2022-11,False,diagnostic_only,estimated,,0.0008965563151803447,48.625230322640235,22,True,2.8684067841716333e-05,22,22,True,2750.3221181565987,3.8537825751097397e-16,-1e-08,7.603041840396351e-05,0.0017699750907736104,0.9657621079293748,0,0.08796396586084665,fail,15935,341,"desligamentos ~ i(event_time, treat_group, ref=-1) | cbo_4d^subgroup + periodo^subgroup + periodo^treatment",estimated,,1.6376116382640123e-27,183.78410660435657,22,True,5.333758446579968e-06,22,22,True,3285.282757143553,8.559906170924023e-17,-1e-08,0.004829508712870616,0.0006458035293473596,1.0398348848639216e-12,9,0.00017434119166503947,fail,12782,273,"desligamentos ~ i(event_time, treatment, ref=-1) | cbo_4d + periodo",estimated,,-0.040913914368353906,0.02994164424719079,0.17292465963716364,12782,273,0.08418597950874819,0.0112036265149804,0.0952103178396421,340,0.9063967203206929,0.9248946125721356,adequate,0.26750723388570113,A,100
income,cbo_predetermined,low_income,Up to 2 minimum wages,n_movimentacoes,ppml,-23_to_23,-23_to_-2,-1,2022-11,False,diagnostic_only,estimated,,2.1301096536660747e-05,60.140865117026564,22,True,1.871512933291207e-05,22,22,True,4734.688065118305,4.328596567344863e-16,-1e-08,-0.0033545215629334157,0.001754333668515922,0.056699144377985844,7,0.006302630919437169,fail,15935,341,"n_movimentacoes ~ i(event_time, treat_group, ref=-1) | cbo_4d^subgroup + periodo^subgroup + periodo^treatment",estimated,,4.152837170332984e-40,247.69857257669958,22,True,4.420614571156387e-06,22,22,True,8468.890284470986,1.8288246371673556e-16,-1e-08,-0.002678107291606174,0.0007753872454186239,0.0006407010318720818,1,0.0426496971025061,fail,12782,273,"n_movimentacoes ~ i(event_time, treatment, ref=-1) | cbo_4d + periodo",estimated,,-0.03532922348521073,0.029832694475521063,0.2373498453299252,12782,273,0.08387964886205597,0.0676242180274448,0.0862610705105486,340,0.4336162515889379,0.6045330568990185,adequate,0.24236302207457294,A,100
income,cbo_predetermined,low_income,Up to 2 minimum wages,ln_salario_real_adm,ols,-23_to_23,-23_to_-2,-1,2022-11,False,diagnostic_only,estimated,,0.28687061355351434,25.21571426947166,22,True,0.00014162689240712923,22,22,True,176.67225762568432,1.2222976899194439e-16,-1e-08,0.0015540015033272808,0.0011083271360006345,0.16179337995161713,1,0.03679382847525425,warning,15907,341,"ln_salario_real_adm ~ i(event_time, treat_group, ref=-1) | cbo_4d^subgroup + periodo^subgroup + periodo^treatment",estimated,,0.015629703466775776,38.611197124229314,22,True,1.9919490001834793e-05,22,22,True,499.0619618942505,4.856189111401171e-17,-1e-08,-0.0001598104627712698,0.0005008394669763751,0.7499068110305176,2,0.03129496286722211,fail,12755,273,"ln_salario_real_adm ~ i(event_time, treatment, ref=-1) | cbo_4d + periodo",estimated,,-0.04929781222535034,0.013974649370130432,0.0004919740457520749,12755,273,0.03929208215163805,-0.0062477453065894,0.0236189175115124,340,0.7915372748653415,0.9067913075389056,adequate,0.06636078351844919,A,100
income,cbo_predetermined,low_income,Up to 2 minimum wages,asinh_saldo,ols,-23_to_23,-23_to_-2,-1,2022-11,False,diagnostic_only,estimated,,0.15132250722502227,28.777537757973846,22,True,0.1998058398856536,22,22,True,163.5626957723257,1.5964500824872686e-13,-2.8839755980071158e-08,0.07834582888448986,0.04014262458370592,0.05179614079688144,14,0.003302508781616087,fail,15935,341,"asinh_saldo ~ i(event_time, treat_group, ref=-1) | cbo_4d^subgroup + periodo^subgroup + periodo^treatment",estimated,,1.2025970071789015e-05,61.807320459316614,22,True,0.05458735660099275,22,22,True,304.01816501367983,8.106894171726312e-14,-1.6153632983058152e-08,0.028381654270463595,0.028033497208923286,0.3122373448975737,21,2.802248656519346e-05,fail,12782,273,"asinh_saldo ~ i(event_time, treatment, ref=-1) | cbo_4d + periodo",estimated,,0.21441502284574696,0.3568869662083842,0.5484784752195817,12782,273,1.0034478593131118,1.6638351159664728,0.8626709182273307,340,0.0546000819216168,0.1560002340617623,adequate,2.4237993982680166,A,100
income,cbo_predetermined,middle_income,Over 2 through 5 minimum wages,admissoes,ppml,-23_to_23,-23_to_-2,-1,2022-11,False,diagnostic_only,estimated,,3.7728576085448257e-14,112.60487795674858,22,True,3.615135531067508e-05,22,22,True,5228.324396562573,9.233152652824004e-16,-1e-08,-0.0018525204021057095,0.0018935442783361133,0.3286043206125888,9,0.001058747761210732,fail,15935,341,"admissoes ~ i(event_time, treat_group, ref=-1) | cbo_4d^subgroup + periodo^subgroup + periodo^treatment",estimated,,3.06114630039841e-103,554.4561335385017,22,True,8.76078210257989e-06,22,22,True,8913.260595712021,3.814541895366383e-16,-1e-08,-0.008423448675240898,0.0010592912498782832,8.258638217739644e-11,7,0.001295271831005751,fail,2726,58,"admissoes ~ i(event_time, treatment, ref=-1) | cbo_4d + periodo",estimated,,-0.19135873561268557,0.0663962691545913,0.005561376242502858,2726,58,0.1892584624863225,-0.1474369988672824,0.0778887153867443,340,0.0592177545747114,0.1644937627075318,limited,0.21883967280847955,A,100
income,cbo_predetermined,middle_income,Over 2 through 5 minimum wages,desligamentos,ppml,-23_to_23,-23_to_-2,-1,2022-11,False,diagnostic_only,estimated,,0.0007093965470998316,49.38630422353004,22,True,2.8228970956313674e-05,22,22,True,2944.7157621982005,4.060704008524406e-16,-1e-08,0.0005379817631742245,0.001761784531441891,0.7602774420243068,0,0.0728096906480431,fail,15935,341,"desligamentos ~ i(event_time, treat_group, ref=-1) | cbo_4d^subgroup + periodo^subgroup + periodo^treatment",estimated,,1.353190601531013e-43,265.10360405987103,22,True,8.557025595739357e-06,22,22,True,8081.644390736487,3.3782009055869754e-16,-1e-08,-0.0035333497492531225,0.0006936729517059107,4.133893958480073e-06,10,0.003960846663282558,fail,2726,58,"desligamentos ~ i(event_time, treatment, ref=-1) | cbo_4d + periodo",estimated,,-0.10276019009805644,0.07997353352905728,0.20401466363679432,2726,58,0.22795961562338943,-0.0543201540314143,0.0911360788535813,340,0.5515494440906379,0.7071146719110742,limited,0.2560600669600949,A,100
income,cbo_predetermined,middle_income,Over 2 through 5 minimum wages,n_movimentacoes,ppml,-23_to_23,-23_to_-2,-1,2022-11,False,diagnostic_only,estimated,,8.908247364667337e-06,62.67443842530024,22,True,1.607289897485481e-05,22,22,True,6023.448021366833,4.729359067944885e-16,-1e-08,0.002760581519925024,0.0017439189036650025,0.11435667484082224,7,0.009319311994254731,fail,15935,341,"n_movimentacoes ~ i(event_time, treat_group, ref=-1) | cbo_4d^subgroup + periodo^subgroup + periodo^treatment",estimated,,1.309689886863697e-38,240.18562313680877,22,True,4.621126611981193e-06,22,22,True,14172.383730421207,3.1992905024334444e-16,-1e-08,0.0009917254348423387,0.0007723094250307453,0.20430069482761093,7,0.010468541111995355,fail,2726,58,"n_movimentacoes ~ i(event_time, treatment, ref=-1) | cbo_4d + periodo",estimated,,-0.14941171472707795,0.07257778430128727,0.04410933291232566,2726,58,0.20687848944560372,-0.1033124631259151,0.0836144673819413,340,0.2174673136973537,0.418206372494911,limited,0.23492700570374844,A,100
income,cbo_predetermined,middle_income,Over 2 through 5 minimum wages,ln_salario_real_adm,ols,-23_to_23,-23_to_-2,-1,2022-11,False,diagnostic_only,estimated,,0.3236162470673902,24.459426338193218,22,True,0.00013760650766604402,22,22,True,213.56068449638084,1.4355660644737453e-16,-1e-08,-0.001786947446220653,0.0011726634429131597,0.12847910285145625,2,0.029422856059227787,fail,15907,341,"ln_salario_real_adm ~ i(event_time, treat_group, ref=-1) | cbo_4d^subgroup + periodo^subgroup + periodo^treatment",estimated,,0.00016934299690254904,53.910236222165985,22,True,3.416055236051093e-05,22,22,True,740.8082038340947,1.2362137615701548e-16,-1e-08,-0.0027066543609904725,0.0008598796114024237,0.0026174710691606595,5,0.010204993499542292,fail,2725,58,"ln_salario_real_adm ~ i(event_time, treatment, ref=-1) | cbo_4d + periodo",estimated,,-0.04342908246413522,0.025764706413199008,0.097339707614027,2725,58,0.0734407035856223,-0.0030897794639137,0.0255628607301918,340,0.9038655109214816,0.9248946125721356,limited,0.07182257468834775,A,100
income,cbo_predetermined,middle_income,Over 2 through 5 minimum wages,asinh_saldo,ols,-23_to_23,-23_to_-2,-1,2022-11,False,diagnostic_only,estimated,,0.12105602748041479,29.894306914811565,22,True,0.18335974801020125,22,22,True,182.7630309478032,1.6370248103830537e-13,-2.9616163363011356e-08,-0.07668704258691356,0.03983742720399538,0.05506338793588861,11,0.0045511938265421215,fail,15935,341,"asinh_saldo ~ i(event_time, treat_group, ref=-1) | cbo_4d^subgroup + periodo^subgroup + periodo^treatment",estimated,,0.1975958622354138,27.367607662205643,22,True,0.031164382443587935,22,22,True,617.3747501224472,9.398754266515698e-14,-1.9718704265034714e-08,-0.010915180469551474,0.017029208087686314,0.524112180000966,1,0.014961344630514573,warning,2726,58,"asinh_saldo ~ i(event_time, treatment, ref=-1) | cbo_4d + periodo",estimated,,-1.2484026036606353,0.8350347576278796,0.14042256261426633,2726,58,2.380214978394809,-1.269229122243316,0.9243573560314152,340,0.1706281257888768,0.3709307082366888,limited,2.597116415999496,A,100
income,cbo_predetermined,high_income,Over 5 minimum wages,admissoes,ppml,-23_to_23,-23_to_-2,-1,2022-11,False,diagnostic_only,estimated,,4.7867764269882294e-201,1016.9669669048936,22,True,1.3937170017875515e-05,22,22,True,15750.464595925372,1.0723359676996186e-15,-1e-08,-0.003987884695635139,0.0011311904323026967,0.0004807965463786701,6,0.004958284767749621,fail,15935,341,"admissoes ~ i(event_time, treat_group, ref=-1) | cbo_4d^subgroup + periodo^subgroup + periodo^treatment",estimated,,,,22,True,-2.1439370703969418e-16,22,7,False,inf,8.933663826150337e-16,-1e-08,,,,0,0.06804009361983732,not_interpretable_rank_deficient,423,9,"admissoes ~ i(event_time, treatment, ref=-1) | cbo_4d + periodo",estimated,,-0.0068307289461444305,0.09540081036488883,0.9446776223982476,423,9,0.3047954435230909,0.0947395269036263,0.1133059041459628,340,0.4036637411587263,0.581447917035526,thin,0.31834941515534854,A,100
income,cbo_predetermined,high_income,Over 5 minimum wages,desligamentos,ppml,-23_to_23,-23_to_-2,-1,2022-11,False,diagnostic_only,estimated,,2.0082480142756737e-125,660.0888076424808,22,True,1.0904225599892674e-05,22,22,True,10604.448986013838,5.648665291808872e-16,-1e-08,0.009131568047347884,0.0010281304157934844,0.0,1,0.04761454002497345,fail,15935,341,"desligamentos ~ i(event_time, treat_group, ref=-1) | cbo_4d^subgroup + periodo^subgroup + periodo^treatment",estimated,,,,22,True,-4.0732052470048685e-16,22,7,False,inf,7.072779597102644e-16,-1e-08,,,,1,0.02884357197133669,not_interpretable_rank_deficient,423,9,"desligamentos ~ i(event_time, treatment, ref=-1) | cbo_4d + periodo",estimated,,0.15636904232317936,0.10530472335010276,0.17586497732607764,423,9,0.3364373922591298,0.2485725705696119,0.1374547481103134,340,0.0714283214598214,0.1930495174589769,thin,0.38619910410734926,A,100
income,cbo_predetermined,high_income,Over 5 minimum wages,n_movimentacoes,ppml,-23_to_23,-23_to_-2,-1,2022-11,False,diagnostic_only,estimated,,7.0008195763966e-177,903.3174574473135,22,True,9.39245668129413e-06,22,22,True,11586.379355089652,5.31605971706606e-16,-1e-08,-0.005383299762715592,0.0011469578307715027,3.898919641143195e-06,4,0.001224567703977053,fail,15935,341,"n_movimentacoes ~ i(event_time, treat_group, ref=-1) | cbo_4d^subgroup + periodo^subgroup + periodo^treatment",estimated,,,,22,True,-1.6089545041802244e-16,22,7,False,inf,5.723341672083239e-16,-1e-08,,,,3,0.01834792280223896,not_interpretable_rank_deficient,423,9,"n_movimentacoes ~ i(event_time, treatment, ref=-1) | cbo_4d + periodo",estimated,,0.07229305974225217,0.08456213695982938,0.417466362294622,423,9,0.27016703465463887,0.1698528698587366,0.1153093888567436,340,0.1416711651115787,0.3294678258408808,thin,0.3239784968060992,A,100
income,cbo_predetermined,high_income,Over 5 minimum wages,ln_salario_real_adm,ols,-23_to_23,-23_to_-2,-1,2022-11,False,diagnostic_only,estimated,,1.512741042238083e-11,97.87608574559167,22,True,4.629669056043994e-05,22,22,True,1289.3765830261655,2.9160343272611245e-16,-1e-08,0.00038316452875820754,0.0006825143128800418,0.5748937273027459,1,0.019853763080357245,fail,15907,341,"ln_salario_real_adm ~ i(event_time, treat_group, ref=-1) | cbo_4d^subgroup + periodo^subgroup + periodo^treatment",estimated,,,,22,True,-3.3394021002157926e-17,22,7,False,inf,3.8799104623977925e-16,-1e-08,,,,0,0.27661604659929795,not_interpretable_rank_deficient,423,9,"ln_salario_real_adm ~ i(event_time, treatment, ref=-1) | cbo_4d + periodo",estimated,,0.011735014876134393,0.03450196131822682,0.7425199371643361,423,9,0.11023009723066017,0.0643376408548928,0.0241985182658895,340,0.008214198729338,0.0431595921757954,thin,0.06798925612603593,A,100
income,cbo_predetermined,high_income,Over 5 minimum wages,asinh_saldo,ols,-23_to_23,-23_to_-2,-1,2022-11,False,diagnostic_only,estimated,,3.018677570263119e-47,283.2322630630605,22,True,0.0580754100524148,22,22,True,1846.930725990291,5.239692465478179e-13,-1.6254349359363266e-07,0.10288408481161176,0.026130623472361492,9.99788235787058e-05,6,0.017865435165306254,fail,15935,341,"asinh_saldo ~ i(event_time, treat_group, ref=-1) | cbo_4d^subgroup + periodo^subgroup + periodo^treatment",estimated,,,,22,True,-1.0860090757388921e-13,22,7,False,inf,6.820698315988492e-13,-2.1913470862035897e-07,,,,0,0.11330517769896353,not_interpretable_rank_deficient,423,9,"asinh_saldo ~ i(event_time, treatment, ref=-1) | cbo_4d + periodo",estimated,,-3.4227139758165976,2.117129435425658,0.14461020039721606,423,9,6.764003395759901,-2.4186088121159295,2.010350402511079,340,0.2297831086065993,0.4255242751974062,thin,5.648371810106818,A,100
